"weapon_type","weapon_name","is_trade_kill","tick","start_tick","killer_side","winner_side","round_number","match_checksum"
pistol,Glock-18,false,12552,7777,2,3,1,"10a3d1f30f1855c9"
rifle,M4A1,false,51396,45424,3,2,6,"10a3d1f30f1855c9"
smg,MP9,false,58973,56161,3,2,7,"10a3d1f30f1855c9"
rifle,AK-47,false,76673,72944,2,2,9,"10a3d1f30f1855c9"
rifle,AK-47,false,93046,89426,2,2,11,"10a3d1f30f1855c9"
rifle,M4A1,false,99322,96894,3,2,12,"10a3d1f30f1855c9"
pistol,Glock-18,false,106309,102584,2,3,13,"10a3d1f30f1855c9"
rifle,AK-47,false,116948,114114,2,3,15,"10a3d1f30f1855c9"
rifle,M4A1,false,132015,128727,3,3,17,"10a3d1f30f1855c9"
rifle,M4A1,false,140198,137815,3,3,18,"10a3d1f30f1855c9"
pistol,Dual Berettas,false,9393,5975,3,2,1,"115deb593c2d248e"
rifle,M4A1,false,31067,28675,3,3,5,"115deb593c2d248e"
sniper,AWP,false,39069,33757,2,2,6,"115deb593c2d248e"
rifle,M4A1,false,47050,44966,3,3,7,"115deb593c2d248e"
rifle,AK-47,false,59465,57159,2,3,10,"115deb593c2d248e"
sniper,AWP,false,74181,71873,2,2,12,"115deb593c2d248e"
pistol,P250,false,85027,81568,2,3,13,"115deb593c2d248e"
rifle,AK-47,false,117561,112312,3,3,18,"115deb593c2d248e"
grenade,HE Grenade,false,136404,131756,3,3,20,"115deb593c2d248e"
pistol,USP-S,false,9610,4438,3,3,1,"11a93513ed49b67e"
rifle,M4A1,false,18596,16760,3,2,3,"11a93513ed49b67e"
rifle,M4A1,false,28482,25596,3,3,4,"11a93513ed49b67e"
rifle,AK-47,false,43489,41377,3,2,6,"11a93513ed49b67e"
rifle,M4A1,false,69750,67314,3,2,10,"11a93513ed49b67e"
rifle,AK-47,false,79322,76329,3,3,11,"11a93513ed49b67e"
sniper,AWP,false,87939,85971,3,2,12,"11a93513ed49b67e"
pistol,USP-S,false,97849,94827,3,3,13,"11a93513ed49b67e"
rifle,M4A1,false,109478,107180,3,2,15,"11a93513ed49b67e"
rifle,AK-47,false,132851,127186,3,3,18,"11a93513ed49b67e"
rifle,AK-47,false,145248,135345,2,3,19,"11a93513ed49b67e"
pistol,Glock-18,false,3792,106,2,2,1,"1200c1009d4cc65f"
rifle,AK-47,false,12735,8249,2,2,3,"1200c1009d4cc65f"
rifle,M4A1,false,27729,25629,3,3,5,"1200c1009d4cc65f"
sniper,AWP,false,34537,33014,2,2,6,"1200c1009d4cc65f"
rifle,AK-47,false,43995,41682,2,2,7,"1200c1009d4cc65f"
sniper,AWP,false,48739,47228,2,2,8,"1200c1009d4cc65f"
rifle,AK-47,false,63924,59856,2,2,9,"1200c1009d4cc65f"
sniper,AWP,false,69443,67852,2,2,10,"1200c1009d4cc65f"
pistol,Glock-18,false,87052,84491,2,2,13,"1200c1009d4cc65f"
rifle,AK-47,false,110500,107356,2,2,16,"1200c1009d4cc65f"
rifle,AK-47,false,117206,115328,3,3,17,"1200c1009d4cc65f"
pistol,P2000,false,6442,4062,3,3,1,"126487747bcfd5c"
rifle,M4A1,false,27158,21120,3,3,4,"126487747bcfd5c"
sniper,AWP,false,39809,37720,2,2,6,"126487747bcfd5c"
grenade,HE Grenade,false,54773,50540,2,2,7,"126487747bcfd5c"
rifle,M4A1,false,69467,63257,3,3,9,"126487747bcfd5c"
world,World,false,73292,71166,3,3,10,"126487747bcfd5c"
rifle,AK-47,false,88080,80254,2,2,11,"126487747bcfd5c"
rifle,M4A1,false,102653,96615,3,3,12,"126487747bcfd5c"
rifle,M4A1,false,107205,104579,3,3,13,"126487747bcfd5c"
pistol,USP-S,false,116227,113873,3,3,14,"126487747bcfd5c"
rifle,FAMAS,false,133968,129226,3,2,16,"126487747bcfd5c"
rifle,AK-47,false,155406,153090,3,3,19,"126487747bcfd5c"
rifle,AK-47,false,172893,170735,2,2,21,"126487747bcfd5c"
rifle,AK-47,false,181856,177102,2,2,22,"126487747bcfd5c"
sniper,AWP,false,201334,199127,2,3,24,"126487747bcfd5c"
rifle,M4A4,false,220287,214810,3,3,26,"126487747bcfd5c"
rifle,M4A1,false,226218,223297,3,3,27,"126487747bcfd5c"
rifle,AK-47,false,234288,231253,2,2,28,"126487747bcfd5c"
rifle,M4A1,false,245598,242274,3,3,29,"126487747bcfd5c"
rifle,AK-47,false,251652,249161,3,3,30,"126487747bcfd5c"
sniper,AWP,false,261922,257195,2,2,31,"126487747bcfd5c"
rifle,AK-47,false,269998,267360,2,2,32,"126487747bcfd5c"
rifle,M4A1,false,278968,275387,3,3,33,"126487747bcfd5c"
rifle,M4A1,false,285055,281579,3,3,34,"126487747bcfd5c"
rifle,AK-47,false,291855,287116,2,2,35,"126487747bcfd5c"
rifle,M4A1,false,303237,297626,3,3,36,"126487747bcfd5c"
rifle,AK-47,false,311468,307138,2,2,37,"126487747bcfd5c"
pistol,Glock-18,false,15628,1018,2,2,1,"13d728b6b0876092"
rifle,M4A1,false,28150,25766,3,3,3,"13d728b6b0876092"
rifle,AK-47,false,36566,34370,2,3,5,"13d728b6b0876092"
rifle,M4A4,false,80308,77987,3,3,11,"13d728b6b0876092"
rifle,AK-47,false,90263,85576,2,3,12,"13d728b6b0876092"
pistol,Glock-18,false,111324,99053,2,3,13,"13d728b6b0876092"
sniper,AWP,false,122039,119742,3,3,15,"13d728b6b0876092"
sniper,AWP,false,140797,134489,3,2,17,"13d728b6b0876092"
rifle,Galil AR,false,156404,151916,2,3,19,"13d728b6b0876092"
pistol,USP-S,false,12079,6032,3,2,1,"13e5f07b85555ae5"
pistol,USP-S,false,95608,92881,3,2,13,"13e5f07b85555ae5"
rifle,AK-47,false,164961,159162,2,2,20,"13e5f07b85555ae5"
rifle,M4A1,false,176113,170632,3,3,21,"13e5f07b85555ae5"
sniper,AWP,false,182672,179947,3,3,22,"13e5f07b85555ae5"
rifle,AK-47,false,193292,190206,2,3,23,"13e5f07b85555ae5"
pistol,USP-S,false,2138,1,3,3,1,"1405df56c7951e00"
rifle,M4A1,false,25736,22690,3,3,4,"1405df56c7951e00"
rifle,AK-47,false,39268,32872,3,3,6,"1405df56c7951e00"
rifle,AK-47,false,48041,44226,3,2,7,"1405df56c7951e00"
sniper,AWP,false,52947,50195,2,2,8,"1405df56c7951e00"
rifle,M4A1,false,62562,57907,3,2,9,"1405df56c7951e00"
sniper,AWP,false,71333,67741,3,3,10,"1405df56c7951e00"
rifle,Galil AR,false,82315,75982,2,2,11,"1405df56c7951e00"
sniper,AWP,false,91666,85968,3,3,12,"1405df56c7951e00"
pistol,Dual Berettas,false,99400,95105,3,3,13,"1405df56c7951e00"
rifle,M4A4,false,109970,106042,3,2,15,"1405df56c7951e00"
rifle,AK-47,false,129290,126587,2,2,17,"1405df56c7951e00"
rifle,M4A1,false,146538,143098,3,3,19,"1405df56c7951e00"
rifle,AK-47,false,152767,148600,3,3,20,"1405df56c7951e00"
sniper,AWP,false,161361,158384,3,3,21,"1405df56c7951e00"
melee,Knife,false,3998,999,2,2,1,"140a5692e02b6d2d"
pistol,USP-S,false,9036,6395,3,2,4,"140a5692e02b6d2d"
rifle,M4A1,false,23378,20538,3,3,6,"140a5692e02b6d2d"
rifle,M4A1,false,51871,48691,3,2,10,"140a5692e02b6d2d"
rifle,M4A1,false,59700,57654,3,2,11,"140a5692e02b6d2d"
rifle,AK-47,false,77391,75308,2,2,14,"140a5692e02b6d2d"
rifle,AK-47,false,81423,79388,2,3,15,"140a5692e02b6d2d"
pistol,USP-S,false,90329,87851,3,3,16,"140a5692e02b6d2d"
smg,MP9,false,103078,99296,3,3,18,"140a5692e02b6d2d"
rifle,AK-47,false,116595,113503,2,3,20,"140a5692e02b6d2d"
rifle,AK-47,false,129611,127521,2,2,22,"140a5692e02b6d2d"
sniper,AWP,false,138948,136751,3,3,23,"140a5692e02b6d2d"
pistol,P250,false,13000,5981,2,2,1,"1428a19a8f814719"
rifle,AK-47,false,44163,41354,3,2,5,"1428a19a8f814719"
rifle,M4A1,false,53552,48245,3,3,6,"1428a19a8f814719"
rifle,M4A1,false,96028,91879,3,3,11,"1428a19a8f814719"
pistol,Dual Berettas,false,108387,104728,3,2,13,"1428a19a8f814719"
rifle,M4A1,false,124249,121139,3,3,15,"1428a19a8f814719"
rifle,AK-47,false,150901,144408,3,2,18,"1428a19a8f814719"
rifle,M4A1,false,159419,154765,3,3,19,"1428a19a8f814719"
rifle,AK-47,false,167812,165271,2,3,20,"1428a19a8f814719"
pistol,USP-S,false,8852,5993,3,3,1,"143534acb45ed245"
rifle,AK-47,false,28114,22831,2,2,4,"143534acb45ed245"
rifle,M4A1,false,35395,32438,3,3,5,"143534acb45ed245"
sniper,AWP,false,56263,54222,3,3,8,"143534acb45ed245"
rifle,AK-47,false,79379,73012,2,2,10,"143534acb45ed245"
rifle,M4A1,false,85870,83088,3,2,11,"143534acb45ed245"
rifle,AK-47,false,93619,91500,2,2,12,"143534acb45ed245"
pistol,Glock-18,false,106591,101430,2,2,13,"143534acb45ed245"
pistol,USP-S,false,7934,327,3,3,1,"14b70b5c45febf48"
rifle,AK-47,false,16353,14474,2,2,3,"14b70b5c45febf48"
rifle,Galil AR,false,24658,22264,2,2,4,"14b70b5c45febf48"
sniper,AWP,false,42192,40352,3,2,6,"14b70b5c45febf48"
sniper,AWP,false,56129,53813,3,2,8,"14b70b5c45febf48"
rifle,AK-47,false,69730,64205,2,3,9,"14b70b5c45febf48"
sniper,AWP,false,78979,76823,2,2,10,"14b70b5c45febf48"
rifle,AK-47,false,102376,95681,2,2,12,"14b70b5c45febf48"
pistol,USP-S,false,118395,104079,3,2,13,"14b70b5c45febf48"
rifle,AK-47,false,138016,135265,2,2,16,"14b70b5c45febf48"
rifle,M4A1,false,148691,146521,3,2,17,"14b70b5c45febf48"
sniper,AWP,false,164028,160918,3,3,19,"14b70b5c45febf48"
rifle,AK-47,false,181449,175987,2,3,21,"14b70b5c45febf48"
pistol,P250,false,6265,4060,2,2,1,"15d519902ba3589b"
rifle,M4A1,false,33408,27833,3,3,4,"15d519902ba3589b"
rifle,AK-47,false,65537,63411,2,2,8,"15d519902ba3589b"
rifle,AK-47,false,89310,82052,3,2,10,"15d519902ba3589b"
rifle,M4A1,false,103969,101528,3,3,12,"15d519902ba3589b"
pistol,USP-S,false,109464,106636,3,3,13,"15d519902ba3589b"
rifle,AK-47,false,122571,120340,2,2,15,"15d519902ba3589b"
rifle,AK-47,false,130349,126250,2,2,16,"15d519902ba3589b"
rifle,AK-47,false,143287,141156,2,2,18,"15d519902ba3589b"
sniper,AWP,false,162885,159363,3,2,20,"15d519902ba3589b"
smg,MP9,false,169609,165189,3,2,21,"15d519902ba3589b"
rifle,M4A1,false,178689,174995,3,2,22,"15d519902ba3589b"
rifle,M4A4,false,9372,11,3,2,1,"16abf70c8fc8f663"
sniper,AWP,false,40612,38599,2,2,5,"16abf70c8fc8f663"
sniper,AWP,false,47742,44353,2,2,6,"16abf70c8fc8f663"
rifle,AK-47,false,57723,54273,2,3,7,"16abf70c8fc8f663"
rifle,AK-47,false,67357,61518,2,2,8,"16abf70c8fc8f663"
sniper,AWP,false,77600,71489,2,2,9,"16abf70c8fc8f663"
rifle,M4A4,false,86019,78721,3,3,10,"16abf70c8fc8f663"
sniper,AWP,false,90799,87864,2,2,11,"16abf70c8fc8f663"
rifle,M4A1,false,97924,94744,3,3,12,"16abf70c8fc8f663"
sniper,AWP,false,103563,101541,3,3,13,"16abf70c8fc8f663"
rifle,M4A4,false,112357,109179,3,3,14,"16abf70c8fc8f663"
rifle,AK-47,false,121695,115288,2,2,15,"16abf70c8fc8f663"
sniper,AWP,false,129395,125787,3,3,16,"16abf70c8fc8f663"
sniper,AWP,false,137305,131935,3,3,17,"16abf70c8fc8f663"
rifle,AK-47,false,143552,140574,3,3,18,"16abf70c8fc8f663"
rifle,M4A4,false,149296,145169,3,3,19,"16abf70c8fc8f663"
rifle,AK-47,false,157512,154067,2,2,20,"16abf70c8fc8f663"
pistol,USP-S,false,4143,102,3,2,1,"17050cb8651b49f1"
grenade,Molotov,false,12968,10165,2,2,3,"17050cb8651b49f1"
smg,MAC-10,false,25659,22717,2,2,5,"17050cb8651b49f1"
sniper,AWP,false,32258,29579,3,3,6,"17050cb8651b49f1"
rifle,AK-47,false,52631,49716,3,3,9,"17050cb8651b49f1"
rifle,AK-47,false,65576,59713,2,3,11,"17050cb8651b49f1"
rifle,M4A1,false,70707,68203,3,2,12,"17050cb8651b49f1"
pistol,Glock-18,false,79562,76939,2,2,13,"17050cb8651b49f1"
smg,MP9,false,87739,84544,3,3,15,"17050cb8651b49f1"
rifle,AK-47,false,95080,91460,2,2,16,"17050cb8651b49f1"
rifle,AK-47,false,103660,101005,2,3,18,"17050cb8651b49f1"
rifle,AK-47,false,113799,109965,3,3,19,"17050cb8651b49f1"
rifle,AK-47,false,127569,124581,2,2,21,"17050cb8651b49f1"
pistol,USP-S,false,4134,981,3,3,1,"170b0765d43fb325"
rifle,M4A1,false,17180,13246,3,3,3,"170b0765d43fb325"
rifle,AK-47,false,29536,24824,2,2,5,"170b0765d43fb325"
sniper,AWP,false,36063,34207,3,2,6,"170b0765d43fb325"
pistol,Five-SeveN,false,43024,39663,3,3,7,"170b0765d43fb325"
rifle,M4A1,false,50732,48512,3,3,8,"170b0765d43fb325"
sniper,AWP,false,65687,61060,2,2,10,"170b0765d43fb325"
rifle,AK-47,false,73534,71207,2,3,11,"170b0765d43fb325"
rifle,M4A1,false,81281,78910,3,3,12,"170b0765d43fb325"
pistol,P250,false,88794,85939,2,2,13,"170b0765d43fb325"
sniper,AWP,false,108777,105570,3,2,16,"170b0765d43fb325"
pistol,USP-S,false,9800,6431,3,2,1,"1787ce744c361d96"
melee,Zeus x27,false,25893,22264,3,2,3,"1787ce744c361d96"
sniper,AWP,false,34136,26962,3,3,4,"1787ce744c361d96"
sniper,AWP,false,40247,38215,3,2,5,"1787ce744c361d96"
grenade,HE Grenade,false,46998,44322,2,2,6,"1787ce744c361d96"
rifle,M4A4,true,57688,55073,3,3,7,"1787ce744c361d96"
rifle,AK-47,false,61239,59285,3,3,8,"1787ce744c361d96"
rifle,AK-47,false,73819,71375,2,2,10,"1787ce744c361d96"
rifle,M4A1,false,83207,78338,3,3,11,"1787ce744c361d96"
pistol,USP-S,false,97623,93281,3,3,13,"1787ce744c361d96"
rifle,M4A1,false,116285,113007,3,2,16,"1787ce744c361d96"
sniper,AWP,false,125281,123097,2,2,17,"1787ce744c361d96"
rifle,M4A1,false,142448,139664,3,3,19,"1787ce744c361d96"
rifle,M4A1,false,152735,150084,3,3,20,"1787ce744c361d96"
rifle,AK-47,false,171500,168516,2,3,22,"1787ce744c361d96"
pistol,Glock-18,false,8964,3279,2,3,1,"17f903159982eda1"
rifle,AK-47,false,16968,14125,2,2,3,"17f903159982eda1"
rifle,AK-47,false,42233,40047,3,3,6,"17f903159982eda1"
rifle,AK-47,false,51712,48402,2,2,8,"17f903159982eda1"
sniper,AWP,false,59428,57061,3,2,9,"17f903159982eda1"
rifle,M4A1,false,81593,79438,3,2,12,"17f903159982eda1"
pistol,Glock-18,false,90269,86052,2,2,13,"17f903159982eda1"
rifle,Galil AR,false,103830,101122,2,2,15,"17f903159982eda1"
rifle,M4A1,false,109193,107270,3,2,16,"17f903159982eda1"
rifle,AK-47,false,134359,132152,2,2,19,"17f903159982eda1"
pistol,P250,false,2133,1,2,2,1,"181bed020ff0545"
rifle,AK-47,false,32929,30324,2,2,5,"181bed020ff0545"
rifle,AK-47,false,42216,37869,2,3,6,"181bed020ff0545"
rifle,AK-47,false,51039,45961,2,2,7,"181bed020ff0545"
rifle,M4A1,false,64767,62322,3,3,9,"181bed020ff0545"
sniper,AWP,false,91259,88347,3,3,12,"181bed020ff0545"
pistol,P250,false,105350,96255,2,3,13,"181bed020ff0545"
pistol,Desert Eagle,false,120496,118216,2,3,15,"181bed020ff0545"
rifle,AK-47,false,128225,123979,2,2,16,"181bed020ff0545"
rifle,M4A1,false,160032,157156,3,3,21,"181bed020ff0545"
pistol,Dual Berettas,false,11326,8985,3,3,1,"1831d36c7513cba7"
rifle,M4A4,false,24694,22734,3,2,3,"1831d36c7513cba7"
rifle,AK-47,false,48338,45881,2,2,7,"1831d36c7513cba7"
rifle,M4A4,false,60629,58168,3,3,9,"1831d36c7513cba7"
grenade,HE Grenade,false,68984,66189,2,2,10,"1831d36c7513cba7"
rifle,AK-47,false,80394,77347,2,2,12,"1831d36c7513cba7"
pistol,Glock-18,false,88671,86772,2,2,13,"1831d36c7513cba7"
rifle,AK-47,false,105791,100258,2,2,16,"1831d36c7513cba7"
rifle,M4A1,false,116651,114438,3,3,18,"1831d36c7513cba7"
rifle,AK-47,false,122742,119761,3,3,19,"1831d36c7513cba7"
rifle,AK-47,false,133067,131261,3,3,21,"1831d36c7513cba7"
rifle,AK-47,false,5984,1,3,3,1,"19200d3ab2e99adc"
rifle,M4A1,false,12464,9633,3,3,2,"19200d3ab2e99adc"
sniper,AWP,false,22218,20164,3,3,3,"19200d3ab2e99adc"
rifle,M4A1,false,34852,30740,3,3,4,"19200d3ab2e99adc"
rifle,M4A1,false,39331,36502,3,3,5,"19200d3ab2e99adc"
sniper,AWP,false,48933,42477,3,2,6,"19200d3ab2e99adc"
pistol,Dual Berettas,false,3223,1,3,3,1,"1aaf42cdb6da602c"
rifle,Galil AR,false,24308,21427,2,2,4,"1aaf42cdb6da602c"
rifle,AK-47,false,74201,71264,2,3,11,"1aaf42cdb6da602c"
pistol,USP-S,false,91605,85239,3,3,13,"1aaf42cdb6da602c"
sniper,AWP,false,111516,109367,3,2,16,"1aaf42cdb6da602c"
sniper,AWP,false,139791,134602,3,3,19,"1aaf42cdb6da602c"
pistol,USP-S,false,9594,5481,3,3,1,"1ba8baaf92fca4f"
rifle,FAMAS,false,24286,17681,3,2,4,"1ba8baaf92fca4f"
sniper,AWP,false,28528,26930,2,2,5,"1ba8baaf92fca4f"
rifle,AK-47,false,72601,70513,3,2,10,"1ba8baaf92fca4f"
rifle,AK-47,false,86036,79289,2,2,11,"1ba8baaf92fca4f"
pistol,Dual Berettas,false,113283,99380,3,2,13,"1ba8baaf92fca4f"
rifle,M4A1,false,133229,127566,3,3,15,"1ba8baaf92fca4f"
rifle,FAMAS,false,139628,137570,3,3,16,"1ba8baaf92fca4f"
sniper,AWP,false,155933,153242,3,3,18,"1ba8baaf92fca4f"
rifle,M4A1,false,169014,166015,3,3,20,"1ba8baaf92fca4f"
rifle,AK-47,false,180586,172936,2,2,21,"1ba8baaf92fca4f"
sniper,AWP,false,190288,184230,3,3,22,"1ba8baaf92fca4f"
rifle,AK-47,false,199736,193318,2,2,23,"1ba8baaf92fca4f"
sniper,AWP,false,207378,203516,3,3,24,"1ba8baaf92fca4f"
pistol,USP-S,false,4329,117,3,2,1,"1c05d3f571a5ee83"
rifle,M4A1,false,22511,20177,3,2,4,"1c05d3f571a5ee83"
rifle,AK-47,false,32937,30574,2,2,6,"1c05d3f571a5ee83"
smg,MP9,false,42627,37772,3,2,7,"1c05d3f571a5ee83"
rifle,AK-47,false,54808,50362,2,3,9,"1c05d3f571a5ee83"
rifle,AK-47,false,60877,57600,2,2,10,"1c05d3f571a5ee83"
sniper,AWP,false,68045,66049,2,3,11,"1c05d3f571a5ee83"
pistol,USP-S,false,79836,76833,3,3,12,"1c05d3f571a5ee83"
pistol,Glock-18,false,87571,85182,2,2,13,"1c05d3f571a5ee83"
sniper,AWP,false,101351,99082,3,2,16,"1c05d3f571a5ee83"
rifle,AK-47,false,119472,117390,2,2,18,"1c05d3f571a5ee83"
rifle,AK-47,false,126889,124597,3,3,19,"1c05d3f571a5ee83"
sniper,AWP,false,153592,151128,3,2,22,"1c05d3f571a5ee83"
rifle,AK-47,false,168290,164875,2,3,24,"1c05d3f571a5ee83"
pistol,USP-S,false,3544,104,3,3,1,"1cc1b0adc17d5a2b"
rifle,Galil AR,false,15371,12560,2,2,3,"1cc1b0adc17d5a2b"
rifle,Galil AR,false,24435,20061,2,2,4,"1cc1b0adc17d5a2b"
rifle,Galil AR,false,121418,119147,3,2,10,"1cc1b0adc17d5a2b"
rifle,AK-47,false,132464,126106,2,3,11,"1cc1b0adc17d5a2b"
pistol,Dual Berettas,false,149104,144896,3,3,13,"1cc1b0adc17d5a2b"
rifle,AK-47,false,161719,155387,2,2,15,"1cc1b0adc17d5a2b"
rifle,AK-47,false,170589,165549,2,3,16,"1cc1b0adc17d5a2b"
sniper,AWP,false,204305,200766,2,2,20,"1cc1b0adc17d5a2b"
sniper,AWP,false,214443,208840,3,3,21,"1cc1b0adc17d5a2b"
rifle,AK-47,false,220818,216317,2,2,22,"1cc1b0adc17d5a2b"
rifle,AK-47,false,231021,227682,2,3,23,"1cc1b0adc17d5a2b"
sniper,AWP,false,245002,235010,3,2,24,"1cc1b0adc17d5a2b"
rifle,M4A1,false,251531,248314,3,2,25,"1cc1b0adc17d5a2b"
rifle,M4A1,false,261572,258974,3,3,26,"1cc1b0adc17d5a2b"
rifle,AK-47,false,274149,268732,2,2,27,"1cc1b0adc17d5a2b"
rifle,M4A1,false,284131,277903,3,3,28,"1cc1b0adc17d5a2b"
rifle,AK-47,false,289598,286693,3,3,29,"1cc1b0adc17d5a2b"
pistol,USP-S,false,6678,337,3,2,1,"1d2f17af80a4b42d"
rifle,AK-47,false,31058,29190,2,2,4,"1d2f17af80a4b42d"
rifle,M4A1,false,48305,44435,3,3,6,"1d2f17af80a4b42d"
rifle,AK-47,false,55479,53523,3,3,7,"1d2f17af80a4b42d"
sniper,AWP,false,84450,82807,2,2,11,"1d2f17af80a4b42d"
pistol,USP-S,false,116436,99135,3,2,13,"1d2f17af80a4b42d"
rifle,M4A1,false,136192,134252,3,3,16,"1d2f17af80a4b42d"
sniper,AWP,false,158799,153907,3,3,18,"1d2f17af80a4b42d"
rifle,M4A1,false,168223,162939,3,3,19,"1d2f17af80a4b42d"
rifle,AK-47,false,181674,178709,2,2,21,"1d2f17af80a4b42d"
sniper,AWP,false,201497,199106,3,3,23,"1d2f17af80a4b42d"
pistol,Dual Berettas,false,2338,1,3,3,1,"1d5f18612c41478e"
smg,MP9,false,9253,6197,3,3,2,"1d5f18612c41478e"
rifle,AK-47,false,16115,12016,2,3,3,"1d5f18612c41478e"
rifle,M4A1,false,58826,56298,3,3,9,"1d5f18612c41478e"
sniper,AWP,false,64969,60709,2,3,10,"1d5f18612c41478e"
pistol,USP-S,false,86450,81866,3,2,13,"1d5f18612c41478e"
rifle,AK-47,false,109077,104639,2,3,16,"1d5f18612c41478e"
rifle,M4A4,false,132491,130101,3,3,19,"1d5f18612c41478e"
rifle,AK-47,false,155002,152118,2,2,22,"1d5f18612c41478e"
rifle,AK-47,false,171916,167944,3,2,24,"1d5f18612c41478e"
rifle,M4A1,false,188892,178444,3,2,25,"1d5f18612c41478e"
rifle,M4A1,false,197696,195679,3,3,26,"1d5f18612c41478e"
pistol,USP-S,false,1888,1,3,3,1,"1ebc3efcb2fd27b8"
pistol,USP-S,false,1681,1,3,3,1,"1ecc6fdb1ad6756c"
rifle,AK-47,false,24670,22670,2,2,5,"1ecc6fdb1ad6756c"
rifle,AK-47,false,34263,31616,2,2,7,"1ecc6fdb1ad6756c"
rifle,AK-47,false,44993,42848,2,2,9,"1ecc6fdb1ad6756c"
pistol,USP-S,false,67220,64994,3,3,13,"1ecc6fdb1ad6756c"
pistol,USP-S,false,9056,5979,3,2,1,"1fe4a7ae89f9e505"
rifle,M4A1,false,20689,18412,3,3,3,"1fe4a7ae89f9e505"
rifle,AK-47,false,28020,25119,2,3,4,"1fe4a7ae89f9e505"
rifle,M4A4,false,79665,76982,3,3,11,"1fe4a7ae89f9e505"
sniper,AWP,false,82602,80564,2,2,12,"1fe4a7ae89f9e505"
pistol,Glock-18,false,92673,88303,2,3,13,"1fe4a7ae89f9e505"
rifle,M4A1,false,103002,100790,3,3,15,"1fe4a7ae89f9e505"
rifle,AK-47,false,117430,115406,2,3,17,"1fe4a7ae89f9e505"
grenade,HE Grenade,false,4607,94,2,2,1,"20fe6144a031b919"
rifle,Galil AR,false,28643,26114,3,2,4,"20fe6144a031b919"
rifle,AK-47,false,37783,34933,2,2,5,"20fe6144a031b919"
sniper,AWP,false,57539,51871,3,3,7,"20fe6144a031b919"
rifle,AK-47,false,70429,67172,2,2,9,"20fe6144a031b919"
grenade,HE Grenade,false,87528,85505,3,3,11,"20fe6144a031b919"
pistol,Glock-18,false,102895,98245,2,2,13,"20fe6144a031b919"
sniper,AWP,false,144309,140054,3,2,17,"20fe6144a031b919"
pistol,Glock-18,false,1372,1,2,3,1,"21dcf45a9eed6d84"
rifle,AK-47,false,36121,32291,2,2,5,"21dcf45a9eed6d84"
sniper,AWP,false,49271,46951,3,2,7,"21dcf45a9eed6d84"
rifle,M4A1,false,56324,53978,3,3,8,"21dcf45a9eed6d84"
rifle,M4A1,false,64490,60382,3,3,9,"21dcf45a9eed6d84"
rifle,M4A1,false,72110,67730,3,3,10,"21dcf45a9eed6d84"
rifle,AK-47,false,79325,74827,3,3,11,"21dcf45a9eed6d84"
rifle,AK-47,false,82220,80183,3,2,12,"21dcf45a9eed6d84"
pistol,Glock-18,false,92291,89006,2,2,13,"21dcf45a9eed6d84"
rifle,AK-47,false,104079,101452,2,2,15,"21dcf45a9eed6d84"
sniper,AWP,false,117000,115033,3,3,17,"21dcf45a9eed6d84"
sniper,AWP,false,131901,129124,3,3,19,"21dcf45a9eed6d84"
rifle,AK-47,false,151534,149110,2,3,22,"21dcf45a9eed6d84"
pistol,Dual Berettas,false,3491,114,3,3,1,"2349ddf563beffcc"
rifle,M4A1,false,52767,47057,3,3,7,"2349ddf563beffcc"
rifle,AK-47,false,90730,85195,3,3,11,"2349ddf563beffcc"
pistol,USP-S,false,104383,101491,3,3,13,"2349ddf563beffcc"
rifle,AK-47,false,135097,127803,2,2,16,"2349ddf563beffcc"
sniper,AWP,false,139697,138067,2,3,17,"2349ddf563beffcc"
sniper,AWP,false,149182,147631,2,2,18,"2349ddf563beffcc"
rifle,AK-47,false,162457,156631,3,2,19,"2349ddf563beffcc"
rifle,AK-47,false,171019,167136,2,3,20,"2349ddf563beffcc"
sniper,AWP,false,185919,183221,2,3,22,"2349ddf563beffcc"
rifle,M4A1,false,205027,198097,3,2,24,"2349ddf563beffcc"
pistol,Glock-18,false,9383,5976,2,2,1,"234c16eeca6ac847"
rifle,AK-47,false,49370,45376,2,2,6,"234c16eeca6ac847"
rifle,M4A1,false,58960,56825,3,3,7,"234c16eeca6ac847"
grenade,HE Grenade,false,67920,65913,3,3,8,"234c16eeca6ac847"
rifle,M4A1,false,91576,84853,3,3,10,"234c16eeca6ac847"
rifle,M4A4,false,97245,95073,3,3,11,"234c16eeca6ac847"
pistol,Dual Berettas,false,115982,113013,3,2,13,"234c16eeca6ac847"
sniper,AWP,false,141801,138563,3,3,16,"234c16eeca6ac847"
sniper,AWP,false,149838,146858,3,2,17,"234c16eeca6ac847"
grenade,HE Grenade,false,170507,166621,3,3,19,"234c16eeca6ac847"
rifle,AK-47,false,179518,175709,2,2,20,"234c16eeca6ac847"
pistol,USP-S,false,8112,5171,3,2,1,"23c081609773aaf2"
rifle,M4A1,false,18077,15711,3,2,3,"23c081609773aaf2"
rifle,M4A1,false,35998,33919,3,2,5,"23c081609773aaf2"
rifle,AK-47,false,62045,59796,2,2,8,"23c081609773aaf2"
rifle,M4A1,false,68226,66063,3,3,9,"23c081609773aaf2"
rifle,Galil AR,false,72519,69407,2,2,10,"23c081609773aaf2"
rifle,M4A1,false,80585,76894,3,2,11,"23c081609773aaf2"
rifle,AK-47,false,86944,84624,2,3,12,"23c081609773aaf2"
pistol,USP-S,false,94710,91987,3,3,13,"23c081609773aaf2"
pistol,Dual Berettas,false,8118,4984,3,3,1,"23fd82dad5a197ba"
grenade,Molotov,false,19035,16508,2,2,3,"23fd82dad5a197ba"
rifle,AK-47,false,27622,24485,2,2,4,"23fd82dad5a197ba"
rifle,AK-47,false,43183,40654,2,2,6,"23fd82dad5a197ba"
grenade,HE Grenade,false,50022,47894,2,2,7,"23fd82dad5a197ba"
grenade,HE Grenade,false,56379,54290,3,3,8,"23fd82dad5a197ba"
rifle,AK-47,false,63686,60438,3,3,9,"23fd82dad5a197ba"
rifle,AK-47,false,75075,68251,2,2,10,"23fd82dad5a197ba"
rifle,M4A1,false,81882,78687,3,3,11,"23fd82dad5a197ba"
rifle,AK-47,false,92661,87647,3,2,12,"23fd82dad5a197ba"
pistol,Dual Berettas,false,101893,96278,3,3,13,"23fd82dad5a197ba"
rifle,AK-47,false,115383,111895,2,2,15,"23fd82dad5a197ba"
rifle,AK-47,false,143367,140875,3,2,17,"23fd82dad5a197ba"
rifle,AK-47,false,151581,148858,3,3,18,"23fd82dad5a197ba"
rifle,AK-47,false,166600,163827,3,3,20,"23fd82dad5a197ba"
rifle,AK-47,false,207532,200402,2,2,24,"23fd82dad5a197ba"
rifle,AK-47,false,216782,214050,2,2,25,"23fd82dad5a197ba"
sniper,AWP,false,221942,219808,3,3,26,"23fd82dad5a197ba"
rifle,AK-47,false,231888,227913,2,2,27,"23fd82dad5a197ba"
rifle,M4A4,false,241206,234424,3,2,28,"23fd82dad5a197ba"
rifle,AK-47,false,247716,245156,2,2,29,"23fd82dad5a197ba"
rifle,M4A1,false,258908,256072,3,3,30,"23fd82dad5a197ba"
rifle,M4A4,false,266667,262517,3,2,31,"23fd82dad5a197ba"
sniper,AWP,false,271051,268947,3,2,32,"23fd82dad5a197ba"
rifle,AK-47,false,294236,277687,2,3,33,"23fd82dad5a197ba"
rifle,M4A4,false,301738,295500,3,3,34,"23fd82dad5a197ba"
sniper,AWP,false,306674,303807,3,3,35,"23fd82dad5a197ba"
pistol,Desert Eagle,false,15257,9,3,2,1,"2462adad3972e960"
rifle,M4A1,false,27398,24470,3,3,3,"2462adad3972e960"
rifle,AK-47,false,35959,30971,3,3,4,"2462adad3972e960"
rifle,AK-47,false,52341,49867,2,2,6,"2462adad3972e960"
rifle,M4A1,false,68347,64137,3,2,8,"2462adad3972e960"
rifle,M4A1,false,75793,72033,3,3,9,"2462adad3972e960"
rifle,AK-47,false,83441,80502,2,3,10,"2462adad3972e960"
sniper,AWP,false,92165,90142,2,3,11,"2462adad3972e960"
rifle,AK-47,false,101787,99102,2,2,12,"2462adad3972e960"
pistol,USP-S,false,8699,5954,3,3,1,"24868ed375d388a8"
rifle,AK-47,false,24672,22465,2,2,4,"24868ed375d388a8"
world,World,false,33980,32091,3,3,5,"24868ed375d388a8"
sniper,AWP,false,49263,46413,3,3,6,"24868ed375d388a8"
rifle,AK-47,false,63614,58092,3,2,8,"24868ed375d388a8"
sniper,AWP,false,66484,64350,3,3,9,"24868ed375d388a8"
rifle,AK-47,false,76956,72455,3,3,10,"24868ed375d388a8"
rifle,AK-47,false,89168,84488,2,2,12,"24868ed375d388a8"
pistol,USP-S,false,103338,98045,3,3,13,"24868ed375d388a8"
rifle,AK-47,false,161926,157614,2,2,19,"24868ed375d388a8"
pistol,USP-S,false,25937,1022,3,2,1,"25c412f5d33e483"
rifle,M4A4,false,39890,35072,3,3,3,"25c412f5d33e483"
rifle,AK-47,false,56738,51680,2,3,5,"25c412f5d33e483"
rifle,AK-47,false,70373,64194,2,2,7,"25c412f5d33e483"
sniper,AWP,false,80470,75947,3,2,8,"25c412f5d33e483"
sniper,AWP,false,90859,88289,3,3,9,"25c412f5d33e483"
rifle,M4A4,false,98978,95553,3,2,11,"25c412f5d33e483"
rifle,M4A4,false,105779,103063,3,2,12,"25c412f5d33e483"
pistol,USP-S,false,124118,112869,3,3,13,"25c412f5d33e483"
rifle,AK-47,false,135173,132097,2,2,15,"25c412f5d33e483"
rifle,AK-47,false,157467,154852,2,2,18,"25c412f5d33e483"
sniper,AWP,false,170441,167314,3,3,20,"25c412f5d33e483"
grenade,HE Grenade,false,178927,176283,3,3,21,"25c412f5d33e483"
rifle,AK-47,false,189091,186650,2,3,22,"25c412f5d33e483"
sniper,AWP,false,205903,199149,3,3,24,"25c412f5d33e483"
pistol,USP-S,false,12607,6922,3,3,1,"26b13a9c6ac37a35"
smg,MP9,false,20623,18291,3,2,3,"26b13a9c6ac37a35"
smg,MP9,false,27030,23540,3,3,4,"26b13a9c6ac37a35"
rifle,AK-47,false,44517,40709,2,2,6,"26b13a9c6ac37a35"
rifle,AK-47,false,63559,60689,2,2,8,"26b13a9c6ac37a35"
rifle,AK-47,false,85195,80793,2,2,11,"26b13a9c6ac37a35"
pistol,Glock-18,false,100636,98082,2,2,13,"26b13a9c6ac37a35"
rifle,M4A1,false,141019,137496,3,2,18,"26b13a9c6ac37a35"
sniper,AWP,false,148470,146207,3,2,19,"26b13a9c6ac37a35"
rifle,AK-47,false,159649,156604,2,2,20,"26b13a9c6ac37a35"
rifle,M4A1,false,180165,175950,3,2,22,"26b13a9c6ac37a35"
sniper,AWP,false,186286,183791,2,3,23,"26b13a9c6ac37a35"
sniper,AWP,false,202505,196411,3,3,24,"26b13a9c6ac37a35"
sniper,AWP,false,211157,207111,2,2,25,"26b13a9c6ac37a35"
sniper,AWP,false,216122,214239,3,3,26,"26b13a9c6ac37a35"
rifle,AK-47,false,221848,217847,2,2,27,"26b13a9c6ac37a35"
rifle,M4A1,false,230946,225419,3,2,28,"26b13a9c6ac37a35"
rifle,AK-47,false,238853,235435,2,2,29,"26b13a9c6ac37a35"
rifle,AK-47,false,250203,246226,2,2,30,"26b13a9c6ac37a35"
pistol,Glock-18,false,4210,83,2,2,1,"28a0374c055ef765"
rifle,AK-47,false,26996,22833,3,2,4,"28a0374c055ef765"
rifle,M4A1,false,35184,32244,3,3,5,"28a0374c055ef765"
sniper,AWP,false,45530,43791,3,3,7,"28a0374c055ef765"
rifle,AK-47,false,56660,54019,2,2,9,"28a0374c055ef765"
rifle,AK-47,false,80748,77426,2,3,12,"28a0374c055ef765"
pistol,USP-S,false,88541,84986,3,3,13,"28a0374c055ef765"
sniper,AWP,false,93540,91791,3,3,15,"28a0374c055ef765"
rifle,AK-47,false,105422,102977,2,2,17,"28a0374c055ef765"
sniper,AWP,false,115570,111858,2,2,18,"28a0374c055ef765"
rifle,AK-47,false,133327,130926,2,2,20,"28a0374c055ef765"
rifle,M4A1,false,150104,146586,3,2,22,"28a0374c055ef765"
pistol,Glock-18,false,2214,86,2,3,1,"28d151d5f23d4b84"
rifle,M4A1,false,43350,36213,3,3,6,"28d151d5f23d4b84"
sniper,AWP,false,51865,49587,3,3,8,"28d151d5f23d4b84"
sniper,AWP,false,66903,64075,3,2,10,"28d151d5f23d4b84"
rifle,AK-47,false,92612,87041,2,3,12,"28d151d5f23d4b84"
pistol,USP-S,false,98799,95342,3,3,13,"28d151d5f23d4b84"
rifle,AK-47,false,135012,133028,2,3,18,"28d151d5f23d4b84"
sniper,SSG 08,false,148785,147250,2,3,20,"28d151d5f23d4b84"
sniper,AWP,false,168693,166422,3,3,22,"28d151d5f23d4b84"
sniper,AWP,false,181823,180009,2,2,24,"28d151d5f23d4b84"
pistol,USP-S,false,8381,5925,3,3,1,"28de2bc4cbc7bba3"
rifle,AK-47,false,22191,17890,2,2,3,"28de2bc4cbc7bba3"
rifle,M4A1,false,48333,41798,3,2,6,"28de2bc4cbc7bba3"
rifle,M4A1,false,54924,51338,3,3,7,"28de2bc4cbc7bba3"
world,World,false,73876,66530,2,2,9,"28de2bc4cbc7bba3"
rifle,Galil AR,false,88602,84807,2,3,10,"28de2bc4cbc7bba3"
pistol,USP-S,false,117257,114936,3,2,13,"28de2bc4cbc7bba3"
rifle,M4A1,false,132396,129722,3,2,15,"28de2bc4cbc7bba3"
pistol,Glock-18,false,5311,117,2,3,1,"28f3eb233c069079"
rifle,M4A1,false,19685,16814,3,3,3,"28f3eb233c069079"
sniper,AWP,false,35996,33227,3,3,5,"28f3eb233c069079"
rifle,AK-47,false,41188,38815,2,3,6,"28f3eb233c069079"
rifle,M4A1,false,49385,46044,3,2,7,"28f3eb233c069079"
rifle,AK-47,false,60541,56676,2,2,8,"28f3eb233c069079"
sniper,AWP,false,75412,72770,3,3,10,"28f3eb233c069079"
rifle,AK-47,false,94788,89500,3,3,12,"28f3eb233c069079"
pistol,Glock-18,false,100087,96025,2,2,13,"28f3eb233c069079"
rifle,AK-47,false,118143,115357,3,2,17,"28f3eb233c069079"
sniper,AWP,false,126198,124293,2,3,18,"28f3eb233c069079"
sniper,AWP,false,24949,22647,3,3,3,"293073b8cc6cd179"
rifle,AK-47,false,36604,31057,2,2,4,"293073b8cc6cd179"
rifle,AK-47,false,45428,40479,2,2,5,"293073b8cc6cd179"
rifle,M4A1,false,68451,66615,3,3,8,"293073b8cc6cd179"
sniper,AWP,false,75376,72443,3,2,9,"293073b8cc6cd179"
sniper,AWP,false,98127,88414,3,3,11,"293073b8cc6cd179"
rifle,AK-47,false,105742,101887,2,2,12,"293073b8cc6cd179"
pistol,Glock-18,false,113997,110193,2,3,13,"293073b8cc6cd179"
sniper,AWP,false,142225,140342,2,2,17,"293073b8cc6cd179"
pistol,Desert Eagle,false,164463,161818,3,2,19,"293073b8cc6cd179"
sniper,AWP,false,175453,171688,2,2,21,"293073b8cc6cd179"
sniper,AWP,false,199134,182809,2,2,22,"293073b8cc6cd179"
smg,MP9,false,28392,25518,3,3,3,"298a9abbb10da3da"
rifle,AK-47,false,40915,36509,2,3,5,"298a9abbb10da3da"
rifle,M4A4,false,47752,45349,3,3,6,"298a9abbb10da3da"
rifle,AK-47,false,59557,57549,2,2,8,"298a9abbb10da3da"
pistol,Glock-18,false,86076,83582,2,2,13,"298a9abbb10da3da"
pistol,USP-S,false,2523,106,3,3,1,"2a4000e42a26bb5c"
rifle,AK-47,false,17877,15782,2,2,4,"2a4000e42a26bb5c"
rifle,M4A1,false,30427,27988,3,2,5,"2a4000e42a26bb5c"
smg,MP9,false,43972,37335,3,2,6,"2a4000e42a26bb5c"
rifle,AK-47,false,62750,56910,2,3,8,"2a4000e42a26bb5c"
sniper,AWP,false,75542,73475,3,2,10,"2a4000e42a26bb5c"
pistol,USP-S,false,100795,98333,3,3,13,"2a4000e42a26bb5c"
smg,MP9,false,116678,113165,3,3,16,"2a4000e42a26bb5c"
rifle,AK-47,false,127755,125253,2,2,18,"2a4000e42a26bb5c"
rifle,AK-47,false,132383,130293,2,2,19,"2a4000e42a26bb5c"
rifle,AK-47,false,146274,143179,2,2,21,"2a4000e42a26bb5c"
rifle,AK-47,false,171177,168529,2,2,24,"2a4000e42a26bb5c"
rifle,M4A1,false,180650,176603,3,2,25,"2a4000e42a26bb5c"
rifle,AK-47,false,185831,182509,2,3,26,"2a4000e42a26bb5c"
rifle,M4A1,false,191351,188917,3,3,27,"2a4000e42a26bb5c"
rifle,M4A1,false,199088,196049,3,3,28,"2a4000e42a26bb5c"
rifle,AK-47,false,209751,206182,2,2,29,"2a4000e42a26bb5c"
sniper,AWP,false,215101,212684,3,3,30,"2a4000e42a26bb5c"
rifle,M4A1,false,226827,222579,3,2,31,"2a4000e42a26bb5c"
rifle,M4A1,false,233658,231397,3,2,32,"2a4000e42a26bb5c"
rifle,AK-47,false,242269,239470,2,3,33,"2a4000e42a26bb5c"
rifle,AK-47,false,248996,243904,2,3,34,"2a4000e42a26bb5c"
sniper,AWP,false,256401,254230,3,3,35,"2a4000e42a26bb5c"
pistol,USP-S,false,14890,11848,3,3,1,"2aa325b12c081d6b"
sniper,AWP,false,24257,20657,3,2,3,"2aa325b12c081d6b"
rifle,AK-47,false,47481,44138,3,2,6,"2aa325b12c081d6b"
rifle,AK-47,false,55794,53627,3,3,7,"2aa325b12c081d6b"
grenade,HE Grenade,false,70928,68036,3,3,9,"2aa325b12c081d6b"
sniper,AWP,false,93340,82718,3,3,11,"2aa325b12c081d6b"
pistol,USP-S,false,108564,105900,3,3,13,"2aa325b12c081d6b"
rifle,M4A4,false,138866,131195,3,2,17,"2aa325b12c081d6b"
pistol,Glock-18,false,7033,4059,2,2,1,"2ab0bdf48a15b7f8"
rifle,M4A1,false,16651,14217,3,2,3,"2ab0bdf48a15b7f8"
rifle,AK-47,false,26248,22343,3,2,4,"2ab0bdf48a15b7f8"
rifle,M4A1,false,45512,39549,3,2,6,"2ab0bdf48a15b7f8"
rifle,AK-47,false,57448,51023,2,3,7,"2ab0bdf48a15b7f8"
rifle,AK-47,false,60821,58567,2,2,8,"2ab0bdf48a15b7f8"
rifle,M4A1,false,72228,68923,3,3,10,"2ab0bdf48a15b7f8"
rifle,AK-47,false,80817,77441,3,2,11,"2ab0bdf48a15b7f8"
rifle,M4A1,false,87674,85432,3,3,12,"2ab0bdf48a15b7f8"
pistol,Dual Berettas,false,100314,97069,3,3,13,"2ab0bdf48a15b7f8"
smg,MP9,false,110364,106667,3,2,15,"2ab0bdf48a15b7f8"
rifle,AK-47,false,115747,113710,2,2,16,"2ab0bdf48a15b7f8"
rifle,AK-47,false,127044,123794,2,2,17,"2ab0bdf48a15b7f8"
rifle,AK-47,false,140808,138851,3,3,19,"2ab0bdf48a15b7f8"
pistol,USP-S,false,5906,1020,3,3,1,"2ad829638666b8d4"
rifle,AK-47,false,20945,18726,2,3,4,"2ad829638666b8d4"
grenade,HE Grenade,false,32056,29670,3,2,5,"2ad829638666b8d4"
sniper,AWP,false,44184,40232,3,3,6,"2ad829638666b8d4"
sniper,AWP,false,55741,49192,2,3,7,"2ad829638666b8d4"
rifle,M4A1,false,67593,62324,3,3,8,"2ad829638666b8d4"
rifle,AK-47,false,80217,72170,2,2,9,"2ad829638666b8d4"
pistol,USP-S,false,128888,112400,3,2,13,"2ad829638666b8d4"
rifle,M4A1,false,150134,147476,3,3,16,"2ad829638666b8d4"
rifle,AK-47,false,156927,152263,2,2,17,"2ad829638666b8d4"
rifle,M4A4,false,166066,162323,3,3,18,"2ad829638666b8d4"
rifle,M4A1,false,177917,171716,3,3,19,"2ad829638666b8d4"
sniper,AWP,false,190371,187293,3,2,21,"2ad829638666b8d4"
pistol,USP-S,false,2921,105,3,3,1,"2ae1cc0d2cda666c"
smg,MP9,false,9597,7029,3,3,3,"2ae1cc0d2cda666c"
rifle,AK-47,false,24504,20955,3,3,5,"2ae1cc0d2cda666c"
rifle,M4A4,false,30781,28342,3,3,6,"2ae1cc0d2cda666c"
rifle,AK-47,false,42413,38454,3,2,7,"2ae1cc0d2cda666c"
rifle,AK-47,false,49942,47182,2,3,8,"2ae1cc0d2cda666c"
rifle,AK-47,false,58279,55968,3,2,9,"2ae1cc0d2cda666c"
rifle,AK-47,false,67141,64963,2,3,10,"2ae1cc0d2cda666c"
pistol,Glock-18,false,88077,85737,2,2,13,"2ae1cc0d2cda666c"
rifle,AK-47,false,113633,111153,2,2,17,"2ae1cc0d2cda666c"
rifle,M4A1,false,126027,119012,3,3,18,"2ae1cc0d2cda666c"
rifle,AK-47,false,135085,131245,3,2,19,"2ae1cc0d2cda666c"
pistol,USP-S,false,3483,1,3,3,1,"2b156f6b9eaefa9f"
sniper,AWP,false,67677,65713,2,2,8,"2b156f6b9eaefa9f"
sniper,AWP,false,97403,93315,2,2,11,"2b156f6b9eaefa9f"
pistol,P250,false,127621,114533,2,2,13,"2b156f6b9eaefa9f"
rifle,AK-47,false,172870,170409,2,2,19,"2b156f6b9eaefa9f"
pistol,Dual Berettas,false,4253,371,3,2,1,"2b692f403d8a2537"
rifle,M4A4,false,18540,16263,3,3,3,"2b692f403d8a2537"
rifle,AK-47,false,44126,36805,2,2,5,"2b692f403d8a2537"
rifle,AK-47,false,60087,57076,2,2,7,"2b692f403d8a2537"
sniper,AWP,false,82088,78205,2,2,9,"2b692f403d8a2537"
smg,MAC-10,false,90356,88085,2,2,10,"2b692f403d8a2537"
smg,MP9,false,96988,94496,3,3,11,"2b692f403d8a2537"
sniper,AWP,false,106922,103394,3,3,12,"2b692f403d8a2537"
pistol,USP-S,false,129767,113848,3,2,13,"2b692f403d8a2537"
rifle,M4A4,false,166626,163704,3,2,18,"2b692f403d8a2537"
rifle,AK-47,false,181514,176655,2,2,19,"2b692f403d8a2537"
sniper,AWP,false,191436,185476,3,3,20,"2b692f403d8a2537"
pistol,USP-S,false,2100,1,3,3,1,"2b695c1803b50d24"
rifle,AK-47,false,26371,23387,2,3,4,"2b695c1803b50d24"
rifle,M4A1,false,43470,40943,3,2,6,"2b695c1803b50d24"
rifle,AK-47,false,52816,50147,2,2,7,"2b695c1803b50d24"
sniper,AWP,false,79186,74020,3,3,10,"2b695c1803b50d24"
sniper,AWP,false,98959,96444,3,3,12,"2b695c1803b50d24"
pistol,Dual Berettas,false,120933,104729,3,3,13,"2b695c1803b50d24"
rifle,M4A1,false,154832,152420,3,3,18,"2b695c1803b50d24"
rifle,AK-47,false,167651,161380,2,2,19,"2b695c1803b50d24"
rifle,M4A1,false,196411,192434,3,2,22,"2b695c1803b50d24"
pistol,Dual Berettas,false,2926,1,3,3,1,"2c371ad452ad8bd6"
rifle,AK-47,false,11530,9004,2,3,3,"2c371ad452ad8bd6"
rifle,AK-47,false,21868,17083,2,2,5,"2c371ad452ad8bd6"
rifle,AK-47,false,29950,25988,2,3,6,"2c371ad452ad8bd6"
sniper,AWP,false,35048,32868,2,2,7,"2c371ad452ad8bd6"
rifle,M4A1,false,43994,41696,3,3,8,"2c371ad452ad8bd6"
rifle,M4A1,false,57960,55765,3,2,10,"2c371ad452ad8bd6"
sniper,AWP,false,70350,68166,2,2,11,"2c371ad452ad8bd6"
rifle,M4A1,false,77483,75214,3,3,12,"2c371ad452ad8bd6"
pistol,Glock-18,false,83318,80131,2,2,13,"2c371ad452ad8bd6"
rifle,M4A1,false,92458,90262,3,3,15,"2c371ad452ad8bd6"
grenade,HE Grenade,false,99954,97724,3,3,16,"2c371ad452ad8bd6"
sniper,AWP,false,112345,110014,3,2,18,"2c371ad452ad8bd6"
rifle,AK-47,false,121411,118742,2,2,19,"2c371ad452ad8bd6"
rifle,M4A4,false,129955,127382,3,3,20,"2c371ad452ad8bd6"
rifle,AK-47,false,156540,153632,3,3,23,"2c371ad452ad8bd6"
pistol,Glock-18,false,2982,1,2,2,1,"2c4b7b99bdc9aa34"
smg,MAC-10,false,40594,38485,2,2,6,"2c4b7b99bdc9aa34"
rifle,M4A1,false,47332,44435,3,2,7,"2c4b7b99bdc9aa34"
rifle,AK-47,false,64475,61271,2,3,9,"2c4b7b99bdc9aa34"
sniper,AWP,false,75330,72414,3,2,10,"2c4b7b99bdc9aa34"
pistol,Glock-18,false,94406,91465,2,2,13,"2c4b7b99bdc9aa34"
rifle,Galil AR,false,109244,106992,2,3,15,"2c4b7b99bdc9aa34"
sniper,AWP,false,155788,152948,3,3,22,"2c4b7b99bdc9aa34"
pistol,Glock-18,false,18615,5467,2,3,1,"2c50b73b764f1dfe"
rifle,M4A1,false,36366,34151,3,2,4,"2c50b73b764f1dfe"
rifle,AK-47,false,66429,62198,2,2,7,"2c50b73b764f1dfe"
rifle,AK-47,false,73908,71334,2,2,8,"2c50b73b764f1dfe"
rifle,M4A1,false,88940,86845,3,3,10,"2c50b73b764f1dfe"
sniper,AWP,false,99878,96693,3,3,11,"2c50b73b764f1dfe"
rifle,AK-47,false,110644,106041,2,2,12,"2c50b73b764f1dfe"
pistol,USP-S,false,127206,112616,3,3,13,"2c50b73b764f1dfe"
rifle,M4A1,false,137712,135216,3,3,15,"2c50b73b764f1dfe"
rifle,M4A1,false,154624,151192,3,2,17,"2c50b73b764f1dfe"
rifle,AK-47,false,181452,177752,2,2,20,"2c50b73b764f1dfe"
rifle,M4A1,false,199444,194096,3,3,22,"2c50b73b764f1dfe"
pistol,USP-S,false,1164,1,3,3,1,"2c61e42af43466e6"
rifle,M4A1,false,23558,21569,3,3,4,"2c61e42af43466e6"
sniper,AWP,false,38141,32669,2,3,5,"2c61e42af43466e6"
grenade,HE Grenade,false,50410,46193,3,3,7,"2c61e42af43466e6"
rifle,AK-47,false,55325,52521,2,3,8,"2c61e42af43466e6"
melee,Knife,false,67369,62050,3,3,10,"2c61e42af43466e6"
rifle,M4A1,false,78864,76337,3,3,12,"2c61e42af43466e6"
pistol,Glock-18,false,99311,87817,2,2,13,"2c61e42af43466e6"
pistol,USP-S,false,3814,112,3,2,1,"2c8de8ed23e2a41"
sniper,AWP,false,31769,27732,3,2,4,"2c8de8ed23e2a41"
sniper,AWP,false,45902,44045,3,2,6,"2c8de8ed23e2a41"
rifle,AK-47,false,60783,58257,2,2,8,"2c8de8ed23e2a41"
rifle,M4A4,false,70719,67103,3,2,9,"2c8de8ed23e2a41"
rifle,M4A4,false,80710,78432,3,3,10,"2c8de8ed23e2a41"
rifle,M4A4,false,90508,88032,3,3,11,"2c8de8ed23e2a41"
sniper,AWP,false,100215,98356,3,2,12,"2c8de8ed23e2a41"
pistol,USP-S,false,109728,106003,3,3,13,"2c8de8ed23e2a41"
pistol,USP-S,false,2524,1,3,3,1,"2cb0358094e6e7d"
rifle,M4A1,false,14116,9794,3,3,3,"2cb0358094e6e7d"
sniper,AWP,false,31573,28371,2,2,5,"2cb0358094e6e7d"
rifle,Galil AR,false,41331,37814,2,3,6,"2cb0358094e6e7d"
rifle,AK-47,false,76746,74522,2,2,10,"2cb0358094e6e7d"
rifle,AK-47,false,99259,96607,2,2,12,"2cb0358094e6e7d"
pistol,Dual Berettas,false,119011,105114,3,3,13,"2cb0358094e6e7d"
smg,MAC-10,false,159269,156489,2,3,18,"2cb0358094e6e7d"
sniper,AWP,false,170683,167407,3,2,20,"2cb0358094e6e7d"
rifle,M4A4,false,182215,176059,3,3,21,"2cb0358094e6e7d"
pistol,USP-S,false,12874,352,3,3,1,"2dcf733686e46889"
rifle,M4A1,false,33013,30019,3,3,4,"2dcf733686e46889"
rifle,AK-47,false,44907,41296,3,3,5,"2dcf733686e46889"
rifle,AK-47,false,51637,49773,2,2,6,"2dcf733686e46889"
sniper,AWP,false,61155,58546,3,3,7,"2dcf733686e46889"
sniper,AWP,false,73074,69646,2,2,8,"2dcf733686e46889"
rifle,AK-47,false,84715,82420,2,2,9,"2dcf733686e46889"
rifle,AK-47,false,93364,87184,2,2,10,"2dcf733686e46889"
rifle,AK-47,false,106313,104223,2,2,12,"2dcf733686e46889"
pistol,USP-S,false,126198,110567,3,3,13,"2dcf733686e46889"
rifle,M4A4,false,140478,137465,3,3,16,"2dcf733686e46889"
rifle,AK-47,false,154701,150723,2,2,18,"2dcf733686e46889"
rifle,M4A1,false,166109,162728,3,2,19,"2dcf733686e46889"
rifle,AK-47,false,185728,179750,2,3,21,"2dcf733686e46889"
pistol,USP-S,false,1248,1,3,2,1,"2e0ccb276a0f195d"
rifle,AK-47,false,22639,20412,3,3,5,"2e0ccb276a0f195d"
rifle,M4A4,false,59770,57822,3,2,12,"2e0ccb276a0f195d"
pistol,Dual Berettas,false,68398,65832,3,3,13,"2e0ccb276a0f195d"
rifle,AK-47,false,82741,80726,2,2,16,"2e0ccb276a0f195d"
pistol,Glock-18,false,4786,1,2,2,1,"2ec3d9f47144d6b0"
rifle,M4A1,false,83456,79787,3,3,7,"2ec3d9f47144d6b0"
pistol,Glock-18,false,9598,5977,2,2,1,"2f0c34cd76cb0d68"
rifle,M4A1,false,22016,18699,3,2,3,"2f0c34cd76cb0d68"
rifle,AK-47,false,43758,40748,3,3,5,"2f0c34cd76cb0d68"
sniper,AWP,false,52624,50586,3,3,7,"2f0c34cd76cb0d68"
rifle,AK-47,false,64572,61471,2,3,9,"2f0c34cd76cb0d68"
sniper,AWP,false,89238,81845,2,2,12,"2f0c34cd76cb0d68"
pistol,Glock-18,false,97252,94400,2,2,13,"2f0c34cd76cb0d68"
rifle,M4A1,false,122349,120075,3,3,16,"2f0c34cd76cb0d68"
rifle,AK-47,false,127441,124395,2,3,17,"2f0c34cd76cb0d68"
rifle,AK-47,false,146071,140171,2,2,19,"2f0c34cd76cb0d68"
rifle,M4A1,false,151804,148655,3,3,20,"2f0c34cd76cb0d68"
rifle,AK-47,false,161970,157810,2,2,21,"2f0c34cd76cb0d68"
pistol,USP-S,false,2671,1,3,2,1,"2f0d782c4c89b6aa"
pistol,Desert Eagle,false,10066,5965,3,3,2,"2f0d782c4c89b6aa"
rifle,AK-47,false,59106,56752,2,3,8,"2f0d782c4c89b6aa"
rifle,AK-47,false,64024,62125,2,3,9,"2f0d782c4c89b6aa"
rifle,AK-47,false,91965,85953,2,3,12,"2f0d782c4c89b6aa"
pistol,Glock-18,false,9513,5980,2,2,1,"3020d65d37204122"
rifle,AK-47,false,40124,36606,3,3,5,"3020d65d37204122"
sniper,AWP,false,47766,45521,2,2,6,"3020d65d37204122"
rifle,AK-47,false,60050,57024,2,3,7,"3020d65d37204122"
sniper,AWP,false,78476,76500,3,3,10,"3020d65d37204122"
rifle,AK-47,false,91452,88504,2,2,12,"3020d65d37204122"
pistol,Glock-18,false,103210,99829,2,2,13,"3020d65d37204122"
rifle,AK-47,false,122364,120197,2,3,16,"3020d65d37204122"
rifle,AK-47,false,139190,136916,2,2,19,"3020d65d37204122"
pistol,Dual Berettas,false,2432,61,3,2,1,"305ce9e799abb7e2"
rifle,AK-47,false,18233,13726,2,3,3,"305ce9e799abb7e2"
rifle,AK-47,false,41756,34596,2,2,6,"305ce9e799abb7e2"
rifle,AK-47,false,51745,46306,2,2,7,"305ce9e799abb7e2"
smg,MAC-10,false,85144,78186,2,2,10,"305ce9e799abb7e2"
rifle,M4A1,false,90933,88698,3,3,11,"305ce9e799abb7e2"
pistol,Glock-18,true,102052,99000,2,3,13,"305ce9e799abb7e2"
rifle,AK-47,false,114124,111566,2,3,15,"305ce9e799abb7e2"
rifle,M4A1,false,133498,130333,3,3,17,"305ce9e799abb7e2"
rifle,M4A1,false,155970,153072,3,3,20,"305ce9e799abb7e2"
sniper,AWP,false,165444,163266,3,3,21,"305ce9e799abb7e2"
pistol,Dual Berettas,false,4040,53,3,2,1,"30a44e42b240657d"
grenade,Molotov,false,18179,14339,2,2,3,"30a44e42b240657d"
rifle,Galil AR,false,24250,21739,2,3,4,"30a44e42b240657d"
sniper,AWP,false,28745,26920,2,2,5,"30a44e42b240657d"
rifle,M4A1,false,39450,35484,3,3,6,"30a44e42b240657d"
sniper,AWP,false,55021,51445,3,2,8,"30a44e42b240657d"
rifle,AUG,false,73180,65544,3,3,10,"30a44e42b240657d"
rifle,AK-47,false,78220,76174,2,2,11,"30a44e42b240657d"
pistol,USP-S,false,111805,86099,3,3,13,"30a44e42b240657d"
rifle,AK-47,false,124740,122378,2,2,15,"30a44e42b240657d"
rifle,AK-47,false,135697,132696,2,2,16,"30a44e42b240657d"
rifle,AK-47,false,146775,142520,3,3,17,"30a44e42b240657d"
sniper,AWP,false,151106,149296,2,2,18,"30a44e42b240657d"
sniper,AWP,false,161823,158538,2,3,19,"30a44e42b240657d"
pistol,USP-S,false,58686,1018,3,3,1,"30bc27daf13b2993"
rifle,AK-47,false,79364,76689,2,2,4,"30bc27daf13b2993"
rifle,M4A1,false,85105,82852,3,3,5,"30bc27daf13b2993"
rifle,M4A1,false,88460,85949,3,3,6,"30bc27daf13b2993"
rifle,AK-47,false,103813,97345,2,3,8,"30bc27daf13b2993"
rifle,AK-47,false,109686,107788,2,3,9,"30bc27daf13b2993"
rifle,M4A4,false,122560,119843,3,3,11,"30bc27daf13b2993"
pistol,Glock-18,false,147876,131802,2,2,13,"30bc27daf13b2993"
pistol,USP-S,false,4702,970,3,3,1,"30e4688a7c450b3c"
rifle,M4A1,false,17481,12971,3,3,3,"30e4688a7c450b3c"
grenade,HE Grenade,false,28090,25331,3,3,5,"30e4688a7c450b3c"
rifle,AK-47,false,52086,45257,3,3,7,"30e4688a7c450b3c"
rifle,AK-47,false,60277,55751,2,2,8,"30e4688a7c450b3c"
sniper,AWP,false,67017,64780,3,2,9,"30e4688a7c450b3c"
rifle,M4A1,false,78144,75443,3,3,10,"30e4688a7c450b3c"
sniper,AWP,false,84259,82103,2,2,11,"30e4688a7c450b3c"
pistol,Glock-18,false,104405,101528,2,2,13,"30e4688a7c450b3c"
rifle,AK-47,false,134892,132439,2,2,16,"30e4688a7c450b3c"
pistol,USP-S,false,5075,112,3,2,1,"313f9694f6044536"
rifle,M4A1,false,13883,10103,3,3,3,"313f9694f6044536"
rifle,AK-47,false,31939,26184,2,3,5,"313f9694f6044536"
rifle,AK-47,false,48384,46038,3,2,7,"313f9694f6044536"
rifle,M4A1,false,59036,52316,3,2,8,"313f9694f6044536"
rifle,AK-47,false,64378,61598,2,3,9,"313f9694f6044536"
rifle,AK-47,false,79136,76862,2,2,11,"313f9694f6044536"
pistol,Glock-18,false,100037,94869,2,2,13,"313f9694f6044536"
rifle,AK-47,false,113669,107119,2,2,15,"313f9694f6044536"
sniper,AWP,false,127270,124906,3,2,17,"313f9694f6044536"
rifle,AK-47,false,147656,141332,3,2,19,"313f9694f6044536"
rifle,M4A1,false,158545,156391,3,3,20,"313f9694f6044536"
rifle,Galil AR,false,173974,169547,2,3,22,"313f9694f6044536"
rifle,AK-47,false,192332,188902,2,3,24,"313f9694f6044536"
rifle,M4A1,false,199727,196871,3,3,25,"313f9694f6044536"
rifle,AK-47,false,208532,204972,2,3,26,"313f9694f6044536"
rifle,AK-47,false,218244,216196,3,2,27,"313f9694f6044536"
rifle,AK-47,false,225001,222583,2,3,28,"313f9694f6044536"
rifle,M4A1,false,235772,233531,3,2,29,"313f9694f6044536"
rifle,AK-47,false,243569,241368,2,3,30,"313f9694f6044536"
rifle,M4A1,false,250579,246773,3,3,31,"313f9694f6044536"
rifle,M4A4,false,257607,255653,3,2,32,"313f9694f6044536"
rifle,M4A1,false,267164,263183,3,3,33,"313f9694f6044536"
rifle,M4A1,false,275236,272368,3,3,34,"313f9694f6044536"
sniper,AWP,false,282459,280352,2,2,35,"313f9694f6044536"
sniper,AWP,false,290742,288113,2,3,36,"313f9694f6044536"
sniper,AWP,false,295990,293283,3,3,37,"313f9694f6044536"
sniper,AWP,false,302591,299994,2,2,38,"313f9694f6044536"
sniper,AWP,false,309323,307190,2,3,39,"313f9694f6044536"
rifle,M4A1,false,315473,312929,3,3,40,"313f9694f6044536"
rifle,AK-47,false,321159,318668,3,2,41,"313f9694f6044536"
rifle,M4A4,false,327198,324303,3,3,42,"313f9694f6044536"
rifle,M4A4,false,336928,333765,3,3,43,"313f9694f6044536"
rifle,AK-47,false,342059,339987,2,2,44,"313f9694f6044536"
sniper,AWP,false,351250,347989,2,2,45,"313f9694f6044536"
rifle,AK-47,false,359943,357121,2,2,46,"313f9694f6044536"
rifle,M4A1,false,366293,363806,3,2,47,"313f9694f6044536"
rifle,M4A4,false,371340,369116,3,3,48,"313f9694f6044536"
rifle,M4A1,false,378160,375394,3,3,49,"313f9694f6044536"
sniper,AWP,false,390846,386802,3,2,50,"313f9694f6044536"
rifle,AK-47,false,397728,393668,2,3,51,"313f9694f6044536"
rifle,M4A1,false,404037,401093,3,3,52,"313f9694f6044536"
rifle,AK-47,false,409810,407146,2,2,53,"313f9694f6044536"
rifle,AK-47,false,413051,411074,2,2,54,"313f9694f6044536"
pistol,Glock-18,false,2935,104,2,2,1,"315c2968095fe213"
rifle,Galil AR,false,17506,12847,2,2,3,"315c2968095fe213"
rifle,M4A1,false,23789,20955,3,3,4,"315c2968095fe213"
sniper,AWP,false,31746,27586,2,2,5,"315c2968095fe213"
rifle,AK-47,false,47307,40949,2,2,7,"315c2968095fe213"
rifle,AK-47,false,63343,60927,2,2,9,"315c2968095fe213"
rifle,M4A1,false,69374,66256,3,2,10,"315c2968095fe213"
rifle,M4A1,false,77175,74159,3,2,11,"315c2968095fe213"
pistol,Glock-18,false,94894,90936,2,2,13,"315c2968095fe213"
rifle,M4A1,false,125623,119379,3,3,17,"315c2968095fe213"
rifle,AK-47,false,133270,126992,2,2,18,"315c2968095fe213"
rifle,AK-47,false,154220,149400,3,3,21,"315c2968095fe213"
pistol,Glock-18,false,17036,348,2,2,1,"319b8a24f3d5e3bc"
rifle,AK-47,false,39357,35235,2,3,4,"319b8a24f3d5e3bc"
rifle,M4A1,false,49903,45813,3,3,5,"319b8a24f3d5e3bc"
rifle,AK-47,false,63159,59297,3,3,7,"319b8a24f3d5e3bc"
sniper,AWP,false,72694,68978,3,3,9,"319b8a24f3d5e3bc"
rifle,AK-47,false,79180,76731,3,3,10,"319b8a24f3d5e3bc"
rifle,M4A1,false,95055,88718,3,3,12,"319b8a24f3d5e3bc"
pistol,USP-S,false,110790,96264,3,3,13,"319b8a24f3d5e3bc"
rifle,M4A1,false,134386,130464,3,3,16,"319b8a24f3d5e3bc"
rifle,AK-47,false,159059,152838,2,3,18,"319b8a24f3d5e3bc"
rifle,M4A1,false,164271,161926,3,2,19,"319b8a24f3d5e3bc"
pistol,Glock-18,false,3909,994,2,3,1,"31d6d8bb325cf9f8"
rifle,AK-47,false,27380,21693,2,2,4,"31d6d8bb325cf9f8"
rifle,AK-47,false,52707,48208,2,2,7,"31d6d8bb325cf9f8"
sniper,AWP,false,57798,55497,3,3,8,"31d6d8bb325cf9f8"
rifle,AK-47,false,71147,66311,2,3,10,"31d6d8bb325cf9f8"
rifle,AK-47,false,80667,75470,2,3,11,"31d6d8bb325cf9f8"
pistol,USP-S,false,94141,90925,3,3,13,"31d6d8bb325cf9f8"
rifle,AK-47,false,106765,102227,2,3,15,"31d6d8bb325cf9f8"
sniper,AWP,false,120994,118537,3,3,17,"31d6d8bb325cf9f8"
rifle,AK-47,false,128641,126471,2,2,18,"31d6d8bb325cf9f8"
sniper,AWP,false,149094,146865,2,2,21,"31d6d8bb325cf9f8"
rifle,Galil AR,false,160952,157882,2,3,22,"31d6d8bb325cf9f8"
rifle,AK-47,false,169186,166970,2,3,23,"31d6d8bb325cf9f8"
rifle,M4A1,false,192595,184922,3,3,25,"31d6d8bb325cf9f8"
rifle,M4A1,false,196051,193965,3,2,26,"31d6d8bb325cf9f8"
rifle,AK-47,false,203509,201321,2,2,27,"31d6d8bb325cf9f8"
rifle,AK-47,false,209302,205387,2,2,28,"31d6d8bb325cf9f8"
rifle,AK-47,false,219881,217314,2,2,29,"31d6d8bb325cf9f8"
rifle,AK-47,false,236067,228517,2,2,30,"31d6d8bb325cf9f8"
melee,Knife,false,3629,736,3,2,1,"32379617abb31e8"
smg,MAC-10,false,30672,24600,2,2,7,"32379617abb31e8"
rifle,AK-47,false,37528,34406,2,3,8,"32379617abb31e8"
rifle,M4A1,false,54729,49686,3,3,10,"32379617abb31e8"
rifle,AK-47,false,76473,72011,2,2,12,"32379617abb31e8"
rifle,AK-47,false,91600,87685,2,2,14,"32379617abb31e8"
pistol,USP-S,false,106837,103412,3,2,16,"32379617abb31e8"
sniper,AWP,false,117578,115001,3,3,18,"32379617abb31e8"
rifle,AK-47,false,134400,131859,2,2,21,"32379617abb31e8"
sniper,AWP,false,142878,140500,3,3,22,"32379617abb31e8"
pistol,Glock-18,false,7673,1018,2,2,1,"32ee618f640f3c34"
rifle,Galil AR,false,15288,11427,2,2,3,"32ee618f640f3c34"
sniper,AWP,false,30377,24118,3,3,5,"32ee618f640f3c34"
rifle,AK-47,false,39372,34442,2,3,6,"32ee618f640f3c34"
sniper,AWP,false,48657,43689,3,2,7,"32ee618f640f3c34"
rifle,M4A1,false,73110,70838,3,3,10,"32ee618f640f3c34"
pistol,Glock-18,false,110015,99536,2,3,13,"32ee618f640f3c34"
rifle,AK-47,false,118951,115768,2,2,15,"32ee618f640f3c34"
rifle,AK-47,false,142877,138962,2,2,18,"32ee618f640f3c34"
sniper,SSG 08,false,155479,153918,3,2,20,"32ee618f640f3c34"
sniper,AWP,false,172791,168155,2,2,22,"32ee618f640f3c34"
rifle,FAMAS,false,184136,177176,3,2,23,"32ee618f640f3c34"
pistol,Glock-18,false,2839,1,2,2,1,"333d7f4325d9145f"
smg,MAC-10,false,22067,12788,2,2,3,"333d7f4325d9145f"
rifle,M4A1,false,53776,50467,3,2,6,"333d7f4325d9145f"
pistol,P250,false,110704,107272,2,2,13,"333d7f4325d9145f"
rifle,AK-47,false,120130,117899,2,2,15,"333d7f4325d9145f"
shotgun,MAG-7,false,160809,158767,3,3,19,"333d7f4325d9145f"
sniper,AWP,false,172646,169388,3,3,21,"333d7f4325d9145f"
sniper,AWP,false,197461,189884,3,3,24,"333d7f4325d9145f"
pistol,Dual Berettas,false,2295,1,3,3,1,"33de35c026ecd383"
sniper,AWP,false,54863,52726,3,3,7,"33de35c026ecd383"
rifle,AK-47,false,69111,66989,2,2,9,"33de35c026ecd383"
rifle,M4A1,false,76740,72723,3,3,10,"33de35c026ecd383"
rifle,M4A1,false,80890,78872,3,3,11,"33de35c026ecd383"
pistol,Glock-18,false,96029,91651,2,3,13,"33de35c026ecd383"
rifle,M4A1,false,153382,147092,3,2,20,"33de35c026ecd383"
rifle,M4A1,false,159127,156979,3,2,21,"33de35c026ecd383"
grenade,Incendiary Grenade,false,166676,164651,3,3,22,"33de35c026ecd383"
rifle,AK-47,false,177964,175894,2,3,24,"33de35c026ecd383"
sniper,AWP,false,186216,183921,3,3,25,"33de35c026ecd383"
rifle,M4A1,false,191165,187594,3,3,26,"33de35c026ecd383"
rifle,AK-47,false,200709,198010,2,2,27,"33de35c026ecd383"
rifle,M4A1,false,209077,206238,3,3,28,"33de35c026ecd383"
rifle,M4A1,false,215638,212447,3,3,29,"33de35c026ecd383"
sniper,AWP,false,221368,219182,2,2,30,"33de35c026ecd383"
rifle,M4A4,false,227112,224993,3,3,31,"33de35c026ecd383"
rifle,AK-47,false,234503,232331,3,2,32,"33de35c026ecd383"
rifle,M4A1,false,248975,242944,3,3,33,"33de35c026ecd383"
rifle,AK-47,false,271379,251747,2,2,34,"33de35c026ecd383"
sniper,AWP,false,278792,275087,3,3,35,"33de35c026ecd383"
pistol,P250,false,5386,1,2,3,1,"355557a65edecf7f"
grenade,HE Grenade,false,18711,16337,3,3,3,"355557a65edecf7f"
sniper,AWP,false,29345,23163,3,3,4,"355557a65edecf7f"
sniper,AWP,false,48555,46768,3,3,6,"355557a65edecf7f"
sniper,AWP,false,56566,54483,3,2,7,"355557a65edecf7f"
rifle,AK-47,false,64959,62687,2,2,8,"355557a65edecf7f"
pistol,Glock-18,false,106599,101716,2,2,13,"355557a65edecf7f"
rifle,M4A4,false,117856,111825,3,3,15,"355557a65edecf7f"
rifle,AK-47,false,148574,141447,2,2,18,"355557a65edecf7f"
rifle,M4A1,false,157335,154241,3,3,19,"355557a65edecf7f"
rifle,Galil AR,false,171329,167749,2,2,21,"355557a65edecf7f"
sniper,AWP,false,179341,177014,3,2,22,"355557a65edecf7f"
pistol,P250,false,8728,4060,2,2,1,"35943b9b1fa54851"
rifle,M4A1,false,20045,16691,3,2,3,"35943b9b1fa54851"
sniper,AWP,false,31639,28822,3,2,5,"35943b9b1fa54851"
rifle,AK-47,false,44102,40542,2,2,6,"35943b9b1fa54851"
sniper,AWP,false,61299,54042,2,2,8,"35943b9b1fa54851"
rifle,M4A4,false,71386,67654,3,3,9,"35943b9b1fa54851"
rifle,AK-47,false,83199,76742,3,2,10,"35943b9b1fa54851"
rifle,AK-47,false,88110,85941,2,3,11,"35943b9b1fa54851"
rifle,AK-47,false,93481,91024,3,2,12,"35943b9b1fa54851"
pistol,P250,false,103223,100220,2,3,13,"35943b9b1fa54851"
rifle,M4A1,false,117442,114280,3,3,15,"35943b9b1fa54851"
pistol,Glock-18,false,18935,1018,2,2,1,"363044199d8a3bcd"
rifle,Galil AR,false,34070,27861,2,2,3,"363044199d8a3bcd"
rifle,AK-47,false,43027,40260,2,2,5,"363044199d8a3bcd"
rifle,M4A1,false,52779,50202,3,2,7,"363044199d8a3bcd"
rifle,M4A1,false,72541,67572,3,3,9,"363044199d8a3bcd"
rifle,AK-47,false,79559,76236,2,2,10,"363044199d8a3bcd"
rifle,FAMAS,false,85540,82612,3,2,11,"363044199d8a3bcd"
pistol,Glock-18,false,108429,96889,2,3,13,"363044199d8a3bcd"
pistol,USP-S,false,11724,8966,3,3,1,"36a673862bdb4b0a"
rifle,AK-47,false,24768,22005,2,2,3,"36a673862bdb4b0a"
rifle,M4A1,false,47416,44687,3,3,6,"36a673862bdb4b0a"
rifle,M4A1,false,58757,53449,3,3,7,"36a673862bdb4b0a"
rifle,M4A1,false,64856,62974,3,2,8,"36a673862bdb4b0a"
rifle,M4A1,false,91917,89783,3,3,11,"36a673862bdb4b0a"
sniper,AWP,false,96374,94500,2,2,12,"36a673862bdb4b0a"
pistol,USP-S,false,104550,101381,3,3,13,"36a673862bdb4b0a"
rifle,AK-47,false,116988,113208,2,3,15,"36a673862bdb4b0a"
rifle,M4A1,false,130235,127783,3,3,17,"36a673862bdb4b0a"
rifle,M4A1,false,147110,144570,3,3,19,"36a673862bdb4b0a"
pistol,USP-S,false,9794,7378,3,3,1,"36bf508e95dc5e64"
sniper,AWP,false,25535,23437,3,2,4,"36bf508e95dc5e64"
rifle,M4A1,false,30990,28609,3,3,5,"36bf508e95dc5e64"
grenade,HE Grenade,false,46407,44270,2,2,7,"36bf508e95dc5e64"
rifle,M4A1,false,64282,57974,2,2,9,"36bf508e95dc5e64"
sniper,AWP,false,83365,80254,3,3,11,"36bf508e95dc5e64"
sniper,AWP,false,93413,89593,3,3,12,"36bf508e95dc5e64"
pistol,Glock-18,false,102755,97657,2,3,13,"36bf508e95dc5e64"
sniper,AWP,false,150261,147266,3,2,19,"36bf508e95dc5e64"
pistol,Glock-18,false,4179,1,2,3,1,"37a84f08a2399ebc"
rifle,M4A1,false,20667,17408,3,3,4,"37a84f08a2399ebc"
rifle,AK-47,false,32466,29612,2,2,6,"37a84f08a2399ebc"
rifle,M4A1,false,47468,40760,3,3,7,"37a84f08a2399ebc"
rifle,M4A1,false,56797,54310,3,3,8,"37a84f08a2399ebc"
rifle,M4A1,false,79220,71391,3,2,10,"37a84f08a2399ebc"
rifle,AK-47,false,88573,84906,2,3,11,"37a84f08a2399ebc"
sniper,AWP,false,96754,94660,3,2,12,"37a84f08a2399ebc"
pistol,USP-S,false,121777,104303,3,3,13,"37a84f08a2399ebc"
pistol,USP-S,false,7516,1018,3,3,1,"37faea3092e1fd7c"
rifle,AK-47,false,15450,12566,2,3,3,"37faea3092e1fd7c"
rifle,M4A1,false,26216,24287,3,3,5,"37faea3092e1fd7c"
sniper,AWP,false,41606,39755,2,3,7,"37faea3092e1fd7c"
rifle,AK-47,false,62931,60475,3,3,10,"37faea3092e1fd7c"
pistol,USP-S,false,90001,78410,3,2,13,"37faea3092e1fd7c"
pistol,USP-S,false,7960,5745,3,3,1,"387230dbe6161224"
rifle,M4A4,false,17310,15155,3,3,3,"387230dbe6161224"
rifle,AK-47,false,29156,23757,2,2,5,"387230dbe6161224"
sniper,AWP,false,33249,31062,3,3,6,"387230dbe6161224"
rifle,AK-47,false,41042,37601,2,2,7,"387230dbe6161224"
sniper,AWP,false,50075,48009,2,2,8,"387230dbe6161224"
sniper,AWP,false,60268,57040,3,3,9,"387230dbe6161224"
sniper,AWP,false,70082,65533,3,2,10,"387230dbe6161224"
smg,MAC-10,false,88020,85406,2,3,12,"387230dbe6161224"
pistol,Glock-18,false,97958,94184,2,2,13,"387230dbe6161224"
rifle,M4A1,false,107955,104020,3,2,15,"387230dbe6161224"
rifle,AK-47,false,116176,113635,2,3,17,"387230dbe6161224"
rifle,AK-47,false,125570,122930,2,2,18,"387230dbe6161224"
pistol,USP-S,false,2492,1,3,2,1,"387f04e3e824906a"
rifle,M4A1,false,27874,22575,3,2,4,"387f04e3e824906a"
pistol,Five-SeveN,false,36792,31743,3,2,5,"387f04e3e824906a"
rifle,M4A1,false,53602,47915,3,2,7,"387f04e3e824906a"
rifle,M4A1,false,60574,56866,3,3,8,"387f04e3e824906a"
rifle,AK-47,false,72980,71109,2,2,10,"387f04e3e824906a"
sniper,AWP,false,79074,77096,2,3,11,"387f04e3e824906a"
pistol,USP-S,false,103865,94429,3,3,13,"387f04e3e824906a"
rifle,AK-47,false,142296,138954,2,2,18,"387f04e3e824906a"
world,World,false,169610,153097,2,2,20,"387f04e3e824906a"
rifle,M4A4,false,184843,182396,3,3,22,"387f04e3e824906a"
sniper,AWP,false,193255,188827,3,3,23,"387f04e3e824906a"
sniper,AWP,false,201682,199751,2,3,24,"387f04e3e824906a"
rifle,AK-47,false,221019,214958,2,2,25,"387f04e3e824906a"
rifle,M4A1,false,285465,227187,3,3,26,"387f04e3e824906a"
sniper,AWP,false,290271,288232,2,3,27,"387f04e3e824906a"
sniper,AWP,false,304753,299565,3,3,28,"387f04e3e824906a"
sniper,AWP,false,308653,306082,3,3,29,"387f04e3e824906a"
rifle,AK-47,false,317033,313348,2,3,30,"387f04e3e824906a"
pistol,USP-S,false,3044,1,3,3,1,"38ca2c43af583894"
rifle,AK-47,false,56745,52906,2,2,9,"38ca2c43af583894"
grenade,Incendiary Grenade,false,65370,61174,3,2,10,"38ca2c43af583894"
rifle,AK-47,false,84094,81667,2,3,12,"38ca2c43af583894"
pistol,USP-S,false,109552,90607,3,2,13,"38ca2c43af583894"
pistol,Glock-18,false,5825,3375,2,2,1,"3a4c3f4cdd7388ce"
rifle,M4A1,false,25343,23468,3,2,4,"3a4c3f4cdd7388ce"
sniper,AWP,false,94245,92051,3,2,11,"3a4c3f4cdd7388ce"
pistol,USP-S,false,111058,107582,3,3,13,"3a4c3f4cdd7388ce"
pistol,USP-S,false,8516,4062,3,3,1,"3a526c675e3b6b13"
rifle,AK-47,false,39005,34170,2,3,5,"3a526c675e3b6b13"
rifle,AK-47,false,46339,43231,2,3,6,"3a526c675e3b6b13"
rifle,M4A1,false,61435,56315,3,3,8,"3a526c675e3b6b13"
rifle,AK-47,false,73067,70895,2,2,10,"3a526c675e3b6b13"
rifle,AK-47,false,80692,78018,2,2,11,"3a526c675e3b6b13"
pistol,Glock-18,false,98556,94700,2,3,13,"3a526c675e3b6b13"
rifle,AK-47,false,112041,109285,2,2,16,"3a526c675e3b6b13"
rifle,M4A1,false,121484,115308,3,2,17,"3a526c675e3b6b13"
rifle,AK-47,false,137232,135096,3,3,19,"3a526c675e3b6b13"
rifle,M4A1,false,144673,142854,3,3,20,"3a526c675e3b6b13"
sniper,AWP,false,160532,157146,3,3,22,"3a526c675e3b6b13"
pistol,USP-S,false,25771,4820,3,3,1,"3a8118441a31dfb4"
smg,MP9,false,53334,50745,3,3,5,"3a8118441a31dfb4"
sniper,AWP,false,67909,65967,3,3,7,"3a8118441a31dfb4"
sniper,AWP,false,83616,77570,3,3,8,"3a8118441a31dfb4"
rifle,AK-47,false,100170,94642,2,2,10,"3a8118441a31dfb4"
rifle,M4A1,false,107445,104079,3,3,11,"3a8118441a31dfb4"
rifle,AK-47,false,112398,110110,2,2,12,"3a8118441a31dfb4"
pistol,Glock-18,false,119365,116538,2,3,13,"3a8118441a31dfb4"
rifle,AK-47,false,129809,127183,2,2,15,"3a8118441a31dfb4"
rifle,AK-47,false,142835,140659,2,3,16,"3a8118441a31dfb4"
rifle,AK-47,false,149489,146682,2,3,17,"3a8118441a31dfb4"
sniper,AWP,false,170639,164542,3,3,19,"3a8118441a31dfb4"
rifle,AK-47,false,177104,175006,2,2,20,"3a8118441a31dfb4"
rifle,M4A1,false,189292,187031,3,2,21,"3a8118441a31dfb4"
sniper,AWP,false,199319,195529,3,3,22,"3a8118441a31dfb4"
pistol,USP-S,false,9219,5978,3,2,1,"3aef82602b64df49"
rifle,AK-47,false,17154,14519,2,2,3,"3aef82602b64df49"
rifle,M4A1,false,36732,30587,3,3,5,"3aef82602b64df49"
rifle,AK-47,false,43826,39675,3,3,6,"3aef82602b64df49"
rifle,AK-47,false,57843,54234,2,3,9,"3aef82602b64df49"
rifle,AK-47,false,68180,65043,3,3,11,"3aef82602b64df49"
pistol,Glock-18,false,80929,78240,2,3,13,"3aef82602b64df49"
rifle,M4A1,false,114659,110954,3,3,18,"3aef82602b64df49"
rifle,AK-47,false,121838,116680,2,3,19,"3aef82602b64df49"
rifle,M4A1,false,137503,135130,3,3,21,"3aef82602b64df49"
pistol,Dual Berettas,false,8932,5588,3,3,1,"3bcc579735571249"
rifle,M4A4,false,28208,20189,3,3,3,"3bcc579735571249"
pistol,Tec-9,false,31470,29277,2,3,4,"3bcc579735571249"
sniper,AWP,false,51559,46128,3,3,6,"3bcc579735571249"
rifle,AK-47,false,61337,59195,2,2,8,"3bcc579735571249"
rifle,AK-47,false,71702,68465,2,2,9,"3bcc579735571249"
rifle,AK-47,false,79511,77354,2,3,10,"3bcc579735571249"
sniper,AWP,false,93916,83991,3,2,11,"3bcc579735571249"
pistol,USP-S,false,142486,139116,3,2,13,"3bcc579735571249"
sniper,AWP,false,152973,150687,3,3,15,"3bcc579735571249"
rifle,AK-47,false,172473,169551,2,3,18,"3bcc579735571249"
rifle,AK-47,false,197055,192156,2,2,20,"3bcc579735571249"
grenade,HE Grenade,false,204491,201826,2,3,21,"3bcc579735571249"
pistol,USP-S,false,4011,87,3,3,1,"3c86ebc2f0e6509b"
rifle,M4A1,false,25825,18320,3,3,3,"3c86ebc2f0e6509b"
rifle,M4A1,false,39576,35274,3,3,5,"3c86ebc2f0e6509b"
sniper,AWP,false,48993,46322,3,3,6,"3c86ebc2f0e6509b"
rifle,AK-47,false,62177,55881,2,2,7,"3c86ebc2f0e6509b"
sniper,AWP,false,71256,67246,3,3,8,"3c86ebc2f0e6509b"
rifle,M4A1,false,84357,77632,3,3,9,"3c86ebc2f0e6509b"
rifle,AK-47,false,92044,86592,2,2,10,"3c86ebc2f0e6509b"
pistol,USP-S,false,118513,113545,3,3,13,"3c86ebc2f0e6509b"
sniper,AWP,false,132399,126547,2,2,15,"3c86ebc2f0e6509b"
rifle,M4A4,false,139573,136580,3,3,16,"3c86ebc2f0e6509b"
rifle,M4A1,false,148428,143069,3,3,17,"3c86ebc2f0e6509b"
rifle,AK-47,false,161742,157978,2,2,19,"3c86ebc2f0e6509b"
rifle,M4A1,false,173553,167281,3,2,20,"3c86ebc2f0e6509b"
sniper,AWP,false,181747,176374,2,2,21,"3c86ebc2f0e6509b"
pistol,USP-S,false,5828,332,3,3,1,"3cae720b95a885a8"
rifle,AK-47,false,16680,12440,2,2,3,"3cae720b95a885a8"
rifle,M4A1,false,22984,20888,3,3,4,"3cae720b95a885a8"
rifle,AK-47,false,34089,30875,3,2,5,"3cae720b95a885a8"
rifle,AK-47,false,44694,42021,3,3,6,"3cae720b95a885a8"
rifle,AK-47,false,65293,63224,2,2,9,"3cae720b95a885a8"
rifle,AK-47,false,75120,73112,2,2,10,"3cae720b95a885a8"
rifle,AK-47,false,93736,86389,2,2,11,"3cae720b95a885a8"
rifle,AK-47,false,102652,97416,2,3,12,"3cae720b95a885a8"
pistol,Glock-18,false,121585,106515,2,2,13,"3cae720b95a885a8"
rifle,M4A1,false,149567,145710,3,2,16,"3cae720b95a885a8"
melee,Knife,false,4735,2236,2,3,1,"3d04a3a6026a8e00"
pistol,Glock-18,false,9186,6396,2,3,3,"3d04a3a6026a8e00"
grenade,HE Grenade,false,23584,21629,2,3,6,"3d04a3a6026a8e00"
rifle,M4A1,false,44639,42243,3,3,8,"3d04a3a6026a8e00"
rifle,M4A1,false,54639,50416,3,2,9,"3d04a3a6026a8e00"
rifle,AK-47,false,66903,64786,2,2,11,"3d04a3a6026a8e00"
sniper,AWP,false,89235,86934,3,3,14,"3d04a3a6026a8e00"
pistol,USP-S,false,98959,96273,3,2,15,"3d04a3a6026a8e00"
rifle,M4A1,false,149237,146320,3,3,20,"3d04a3a6026a8e00"
rifle,M4A1,false,162719,157521,3,3,22,"3d04a3a6026a8e00"
rifle,Galil AR,false,180424,176171,2,2,24,"3d04a3a6026a8e00"
rifle,M4A1,false,190195,187547,3,3,25,"3d04a3a6026a8e00"
pistol,Glock-18,false,9380,7001,2,2,1,"3d509c234096d43a"
rifle,M4A1,false,41642,39253,3,3,6,"3d509c234096d43a"
rifle,AK-47,false,49108,46571,3,3,8,"3d509c234096d43a"
sniper,AWP,false,57178,54866,3,3,10,"3d509c234096d43a"
sniper,AWP,false,62265,60176,3,3,11,"3d509c234096d43a"
rifle,M4A1,false,69026,65518,3,3,12,"3d509c234096d43a"
pistol,Glock-18,false,73743,70918,2,2,13,"3d509c234096d43a"
pistol,Dual Berettas,false,10221,5979,3,2,1,"3da5477c4831a35"
rifle,AK-47,false,21668,18340,2,3,3,"3da5477c4831a35"
rifle,AK-47,false,29882,27674,2,2,4,"3da5477c4831a35"
rifle,M4A1,false,43112,39557,3,2,6,"3da5477c4831a35"
rifle,AK-47,false,56241,54229,2,2,8,"3da5477c4831a35"
rifle,AK-47,false,72359,69312,2,2,10,"3da5477c4831a35"
pistol,Glock-18,false,99550,95748,2,2,13,"3da5477c4831a35"
world,World,false,116034,113729,2,3,16,"3da5477c4831a35"
rifle,M4A4,false,129579,124443,3,3,17,"3da5477c4831a35"
rifle,AK-47,false,136831,134523,2,2,18,"3da5477c4831a35"
pistol,Dual Berettas,false,3282,1,3,3,1,"3e4cf0c48bb4395b"
rifle,AK-47,false,23510,17064,3,3,4,"3e4cf0c48bb4395b"
rifle,M4A1,false,34127,31578,3,3,5,"3e4cf0c48bb4395b"
sniper,AWP,false,44447,39520,3,3,6,"3e4cf0c48bb4395b"
rifle,M4A1,false,58061,54000,3,3,8,"3e4cf0c48bb4395b"
sniper,AWP,false,75936,70791,2,3,10,"3e4cf0c48bb4395b"
rifle,AK-47,false,85911,82710,3,3,11,"3e4cf0c48bb4395b"
rifle,AK-47,false,95987,93134,2,3,12,"3e4cf0c48bb4395b"
pistol,Glock-18,false,106404,100466,2,2,13,"3e4cf0c48bb4395b"
pistol,USP-S,false,2842,1,3,3,1,"3e85bd95d3274620"
rifle,M4A1,false,23275,16398,3,2,4,"3e85bd95d3274620"
rifle,AK-47,false,28992,26740,2,2,5,"3e85bd95d3274620"
rifle,AK-47,false,49140,46317,2,3,7,"3e85bd95d3274620"
sniper,AWP,false,55850,53350,3,3,8,"3e85bd95d3274620"
rifle,AK-47,false,70969,68458,2,2,10,"3e85bd95d3274620"
pistol,Dual Berettas,false,102915,95695,3,2,13,"3e85bd95d3274620"
rifle,Galil AR,false,124502,122162,2,2,17,"3e85bd95d3274620"
rifle,AK-47,false,133610,128898,3,2,18,"3e85bd95d3274620"
rifle,AK-47,false,146585,140181,2,2,19,"3e85bd95d3274620"
rifle,AK-47,false,161276,153249,2,2,20,"3e85bd95d3274620"
sniper,AWP,false,180092,178163,3,3,22,"3e85bd95d3274620"
pistol,USP-S,false,3402,974,3,3,1,"3edb2a00618fb7f2"
rifle,AK-47,false,29552,27428,2,2,4,"3edb2a00618fb7f2"
rifle,M4A1,false,35723,33735,3,3,5,"3edb2a00618fb7f2"
grenade,HE Grenade,false,44178,42129,3,3,6,"3edb2a00618fb7f2"
grenade,HE Grenade,false,57210,55398,2,2,8,"3edb2a00618fb7f2"
rifle,M4A1,false,72017,68300,3,3,9,"3edb2a00618fb7f2"
rifle,Galil AR,false,80056,75527,2,2,10,"3edb2a00618fb7f2"
pistol,Glock-18,false,115298,111769,2,2,13,"3edb2a00618fb7f2"
rifle,AK-47,false,140730,138280,3,3,17,"3edb2a00618fb7f2"
rifle,M4A1,false,149007,144580,3,3,18,"3edb2a00618fb7f2"
rifle,AK-47,false,155460,153460,2,2,19,"3edb2a00618fb7f2"
rifle,M4A1,false,162943,160638,3,3,20,"3edb2a00618fb7f2"
sniper,AWP,false,170159,166777,3,2,21,"3edb2a00618fb7f2"
pistol,P250,false,2640,1,2,2,1,"3ee56e08db4c3cb8"
pistol,USP-S,false,2503,103,3,2,1,"3f5c961aa2f2c03"
sniper,AWP,false,31134,24243,3,3,4,"3f5c961aa2f2c03"
rifle,M4A1,false,40350,34560,3,3,5,"3f5c961aa2f2c03"
rifle,AK-47,false,58514,51494,2,2,7,"3f5c961aa2f2c03"
sniper,AWP,false,64114,62019,2,2,8,"3f5c961aa2f2c03"
rifle,AK-47,false,79431,77173,2,2,10,"3f5c961aa2f2c03"
rifle,M4A1,false,101135,98895,3,3,12,"3f5c961aa2f2c03"
pistol,Glock-18,false,113359,109014,2,2,13,"3f5c961aa2f2c03"
rifle,AK-47,false,128618,124263,3,2,15,"3f5c961aa2f2c03"
rifle,Galil AR,false,141376,134352,3,3,16,"3f5c961aa2f2c03"
rifle,AK-47,false,145981,143717,2,2,17,"3f5c961aa2f2c03"
rifle,M4A1,false,156059,152587,3,2,18,"3f5c961aa2f2c03"
rifle,M4A1,false,173421,170355,3,2,20,"3f5c961aa2f2c03"
rifle,AK-47,false,185097,178847,2,2,21,"3f5c961aa2f2c03"
pistol,USP-S,false,6643,1,3,3,1,"3fc881868233db88"
rifle,M4A1,false,28745,26407,3,3,4,"3fc881868233db88"
sniper,AWP,false,70481,68149,2,3,10,"3fc881868233db88"
pistol,P250,false,95254,90361,2,2,13,"3fc881868233db88"
pistol,USP-S,false,2776,113,3,3,1,"41cf74bf5a9da5f3"
rifle,AK-47,false,12350,6975,2,2,3,"41cf74bf5a9da5f3"
rifle,AK-47,false,38090,34670,2,2,7,"41cf74bf5a9da5f3"
rifle,M4A1,false,49371,46589,3,2,8,"41cf74bf5a9da5f3"
rifle,AK-47,false,76801,72814,2,2,11,"41cf74bf5a9da5f3"
rifle,AK-47,false,83012,80738,2,2,12,"41cf74bf5a9da5f3"
pistol,USP-S,false,89224,86428,3,3,13,"41cf74bf5a9da5f3"
rifle,AK-47,false,113955,111556,2,3,17,"41cf74bf5a9da5f3"
rifle,M4A4,false,117947,115924,3,2,18,"41cf74bf5a9da5f3"
rifle,AK-47,false,127437,125044,2,2,19,"41cf74bf5a9da5f3"
rifle,AK-47,false,141907,139391,2,3,21,"41cf74bf5a9da5f3"
pistol,USP-S,false,2996,101,3,3,1,"41fe1816bc30c669"
rifle,AK-47,false,14550,7811,2,2,3,"41fe1816bc30c669"
rifle,AK-47,false,26578,23291,2,2,5,"41fe1816bc30c669"
rifle,M4A4,false,33548,29717,3,2,6,"41fe1816bc30c669"
rifle,M4A1,false,54536,50650,3,2,8,"41fe1816bc30c669"
rifle,AK-47,false,71450,68563,2,3,10,"41fe1816bc30c669"
rifle,M4A1,false,82953,79191,3,3,11,"41fe1816bc30c669"
pistol,Glock-18,false,91785,88961,2,2,13,"41fe1816bc30c669"
rifle,AK-47,false,114050,107678,2,3,16,"41fe1816bc30c669"
sniper,AWP,false,119935,117698,3,2,17,"41fe1816bc30c669"
rifle,M4A1,false,140639,137633,3,3,19,"41fe1816bc30c669"
rifle,AK-47,false,158886,151644,2,3,21,"41fe1816bc30c669"
rifle,AK-47,false,170939,166161,3,3,23,"41fe1816bc30c669"
pistol,USP-S,false,2625,1,3,3,1,"429989c4d318ba58"
sniper,AWP,false,27086,24136,3,3,4,"429989c4d318ba58"
rifle,AK-47,false,45059,41974,2,2,6,"429989c4d318ba58"
rifle,M4A1,false,53045,48841,3,2,7,"429989c4d318ba58"
rifle,M4A1,false,72337,68224,3,3,10,"429989c4d318ba58"
rifle,M4A1,false,78076,76225,3,3,11,"429989c4d318ba58"
pistol,USP-S,false,101208,89605,3,3,13,"429989c4d318ba58"
rifle,AK-47,false,111223,109253,2,2,15,"429989c4d318ba58"
rifle,AK-47,false,143595,136764,2,3,19,"429989c4d318ba58"
sniper,AWP,false,155690,153876,3,2,21,"429989c4d318ba58"
rifle,M4A1,false,183160,176198,3,2,22,"429989c4d318ba58"
rifle,AK-47,false,196862,189844,2,2,23,"429989c4d318ba58"
rifle,AK-47,false,208116,201254,2,3,24,"429989c4d318ba58"
rifle,M4A1,false,216346,209080,3,3,25,"429989c4d318ba58"
rifle,AK-47,false,220750,218040,2,2,26,"429989c4d318ba58"
sniper,AWP,false,234021,230542,2,2,27,"429989c4d318ba58"
grenade,Molotov,false,245409,237993,2,2,28,"429989c4d318ba58"
rifle,M4A1,false,254016,248121,3,3,29,"429989c4d318ba58"
rifle,AK-47,false,264838,257813,2,2,30,"429989c4d318ba58"
rifle,M4A1,false,284760,267399,3,3,31,"429989c4d318ba58"
rifle,AK-47,false,295246,289946,2,2,32,"429989c4d318ba58"
rifle,M4A1,false,303782,298556,3,2,33,"429989c4d318ba58"
rifle,M4A1,false,309458,306829,3,3,34,"429989c4d318ba58"
grenade,HE Grenade,false,318844,313547,3,3,35,"429989c4d318ba58"
pistol,USP-S,false,2338,1,3,3,1,"42c95ab5bb33fbc9"
rifle,M4A1,false,13742,11086,3,3,3,"42c95ab5bb33fbc9"
rifle,AK-47,false,19963,15154,2,2,4,"42c95ab5bb33fbc9"
rifle,M4A1,false,27657,23869,2,2,5,"42c95ab5bb33fbc9"
rifle,M4A1,false,34842,32546,3,3,6,"42c95ab5bb33fbc9"
rifle,AK-47,false,38274,35773,3,3,7,"42c95ab5bb33fbc9"
pistol,USP-S,false,83433,79555,3,2,13,"42c95ab5bb33fbc9"
pistol,USP-S,false,3091,83,3,2,1,"42d8bad9b90e9c7"
rifle,M4A1,false,14128,12167,3,2,3,"42d8bad9b90e9c7"
rifle,AK-47,false,36491,34354,3,3,7,"42d8bad9b90e9c7"
rifle,AK-47,false,46073,41234,3,3,9,"42d8bad9b90e9c7"
sniper,AWP,false,56620,54193,3,3,11,"42d8bad9b90e9c7"
rifle,AK-47,false,64431,62264,2,3,12,"42d8bad9b90e9c7"
pistol,Glock-18,false,70126,66551,2,2,13,"42d8bad9b90e9c7"
rifle,Galil AR,false,80668,77764,2,3,15,"42d8bad9b90e9c7"
rifle,FAMAS,false,91484,85654,3,2,16,"42d8bad9b90e9c7"
rifle,AK-47,false,117376,114291,2,2,20,"42d8bad9b90e9c7"
pistol,USP-S,false,12240,8326,3,3,1,"436390bf0f4b8576"
rifle,M4A4,false,27119,21811,3,3,4,"436390bf0f4b8576"
sniper,AWP,false,33559,31586,3,2,5,"436390bf0f4b8576"
rifle,AK-47,false,44556,41009,2,3,6,"436390bf0f4b8576"
rifle,AK-47,false,52620,50589,2,2,7,"436390bf0f4b8576"
rifle,AK-47,false,63283,57607,2,2,8,"436390bf0f4b8576"
rifle,AK-47,false,74265,71522,2,3,10,"436390bf0f4b8576"
rifle,AK-47,false,81218,78549,2,2,11,"436390bf0f4b8576"
pistol,Dual Berettas,false,94947,90585,3,3,13,"436390bf0f4b8576"
smg,MP9,false,108752,106081,3,3,15,"436390bf0f4b8576"
rifle,M4A1,false,124112,119205,3,2,17,"436390bf0f4b8576"
rifle,AK-47,false,130523,128221,2,2,18,"436390bf0f4b8576"
sniper,AWP,false,143900,136782,3,3,19,"436390bf0f4b8576"
rifle,AK-47,false,154011,151151,2,3,21,"436390bf0f4b8576"
sniper,AWP,false,159311,157064,3,3,22,"436390bf0f4b8576"
smg,MAC-10,false,166152,163267,2,2,23,"436390bf0f4b8576"
rifle,M4A1,false,173534,170161,3,2,24,"436390bf0f4b8576"
rifle,AK-47,false,180621,178203,2,2,25,"436390bf0f4b8576"
rifle,AK-47,false,191290,185035,2,2,26,"436390bf0f4b8576"
sniper,AWP,false,200013,197212,3,3,27,"436390bf0f4b8576"
sniper,AWP,false,204586,201982,3,3,28,"436390bf0f4b8576"
rifle,AK-47,false,214929,210430,3,3,29,"436390bf0f4b8576"
pistol,Dual Berettas,false,2321,1,3,3,1,"43f512ea70b4ce7a"
sniper,AWP,false,53253,51647,3,3,5,"43f512ea70b4ce7a"
rifle,AK-47,false,99079,93214,2,2,10,"43f512ea70b4ce7a"
pistol,Glock-18,false,153504,141634,2,2,13,"43f512ea70b4ce7a"
sniper,AWP,false,189038,184783,3,3,16,"43f512ea70b4ce7a"
smg,MP9,false,201244,198211,3,2,17,"43f512ea70b4ce7a"
sniper,AWP,false,258792,256420,3,2,24,"43f512ea70b4ce7a"
pistol,USP-S,false,2086,1,3,3,1,"441c7360bd50c76c"
rifle,AK-47,false,18752,14329,3,3,4,"441c7360bd50c76c"
rifle,AK-47,false,31634,28961,3,3,6,"441c7360bd50c76c"
rifle,M4A1,false,49570,47049,3,2,8,"441c7360bd50c76c"
rifle,AK-47,false,60364,55638,2,2,9,"441c7360bd50c76c"
rifle,AK-47,false,70259,68020,2,2,10,"441c7360bd50c76c"
rifle,M4A4,false,81534,75994,3,2,11,"441c7360bd50c76c"
rifle,AK-47,false,88700,85975,2,3,12,"441c7360bd50c76c"
pistol,USP-S,false,99657,96185,3,3,13,"441c7360bd50c76c"
rifle,AK-47,false,130125,127331,2,3,17,"441c7360bd50c76c"
sniper,AWP,false,141005,135620,2,2,18,"441c7360bd50c76c"
sniper,AWP,false,164746,162340,2,3,21,"441c7360bd50c76c"
sniper,AWP,false,179684,174128,2,3,22,"441c7360bd50c76c"
pistol,Glock-18,false,7234,4199,2,3,1,"447c6ebd65d6fd79"
grenade,Molotov,false,25810,22291,2,2,4,"447c6ebd65d6fd79"
rifle,AK-47,false,68256,62179,2,3,9,"447c6ebd65d6fd79"
rifle,AK-47,false,74139,71418,2,2,10,"447c6ebd65d6fd79"
pistol,Dual Berettas,false,93939,91041,3,3,13,"447c6ebd65d6fd79"
pistol,USP-S,false,3888,1,3,2,1,"44bbd5e76428761"
rifle,AK-47,false,37446,35321,2,2,6,"44bbd5e76428761"
sniper,AWP,false,53701,48698,3,3,7,"44bbd5e76428761"
rifle,M4A1,false,64969,57658,3,3,8,"44bbd5e76428761"
rifle,AK-47,false,71629,69481,3,2,10,"44bbd5e76428761"
rifle,AK-47,false,78328,75774,2,2,11,"44bbd5e76428761"
pistol,Glock-18,false,95868,92156,2,3,13,"44bbd5e76428761"
rifle,AK-47,false,113564,109492,2,2,16,"44bbd5e76428761"
rifle,M4A1,false,125946,123981,3,2,18,"44bbd5e76428761"
sniper,AWP,false,143682,141111,3,3,20,"44bbd5e76428761"
smg,MAC-10,false,153688,151516,2,2,21,"44bbd5e76428761"
sniper,AWP,false,164223,161132,3,2,22,"44bbd5e76428761"
sniper,AWP,false,174069,171814,3,3,23,"44bbd5e76428761"
rifle,AK-47,false,183159,180660,2,3,24,"44bbd5e76428761"
rifle,M4A1,false,193942,190574,3,3,25,"44bbd5e76428761"
rifle,AK-47,false,198575,196247,2,2,26,"44bbd5e76428761"
rifle,AK-47,false,204209,200785,2,2,27,"44bbd5e76428761"
rifle,M4A1,false,209325,207100,3,3,28,"44bbd5e76428761"
sniper,AWP,false,214581,211885,3,3,29,"44bbd5e76428761"
pistol,USP-S,false,1404,1,3,3,1,"44c8225491de0038"
rifle,M4A1,false,13188,10097,3,3,3,"44c8225491de0038"
sniper,AWP,false,27977,25503,2,2,5,"44c8225491de0038"
sniper,AWP,false,45189,42355,2,2,7,"44c8225491de0038"
rifle,AK-47,false,60758,58296,2,2,9,"44c8225491de0038"
rifle,M4A1,false,70122,65379,3,3,10,"44c8225491de0038"
rifle,AK-47,false,76282,73643,2,2,11,"44c8225491de0038"
sniper,AWP,false,80898,78385,2,2,12,"44c8225491de0038"
pistol,P250,false,89200,87003,2,3,13,"44c8225491de0038"
rifle,AK-47,false,155140,151211,2,3,20,"44c8225491de0038"
sniper,AWP,false,163953,160299,2,2,21,"44c8225491de0038"
rifle,M4A1,false,186070,181415,3,3,24,"44c8225491de0038"
pistol,Glock-18,false,7748,4818,2,2,1,"45959b056841cf0b"
rifle,AK-47,false,33418,31245,2,3,5,"45959b056841cf0b"
rifle,M4A1,false,46735,44021,3,3,7,"45959b056841cf0b"
rifle,AK-47,false,54956,53010,2,3,8,"45959b056841cf0b"
rifle,AK-47,false,73740,66571,2,2,10,"45959b056841cf0b"
rifle,AK-47,false,79660,75950,2,2,11,"45959b056841cf0b"
rifle,AK-47,false,89689,86320,2,3,12,"45959b056841cf0b"
pistol,USP-S,false,95711,91692,3,3,13,"45959b056841cf0b"
rifle,M4A1,false,107632,105016,3,2,15,"45959b056841cf0b"
rifle,M4A1,false,115566,113445,3,3,16,"45959b056841cf0b"
sniper,AWP,false,131402,125308,3,3,18,"45959b056841cf0b"
rifle,AK-47,false,142788,140566,2,2,20,"45959b056841cf0b"
rifle,AK-47,false,151952,149209,2,2,21,"45959b056841cf0b"
sniper,AWP,false,170585,164226,2,2,23,"45959b056841cf0b"
rifle,AK-47,false,5495,12,3,2,1,"4644991b2742d7b6"
sniper,AWP,false,13958,11795,2,2,2,"4644991b2742d7b6"
rifle,AK-47,false,42519,40236,2,3,5,"4644991b2742d7b6"
rifle,AK-47,false,53104,50455,2,2,6,"4644991b2742d7b6"
pistol,Glock-18,false,10575,6692,2,3,1,"471eef0dc1f5e829"
rifle,AK-47,false,20532,17280,2,2,3,"471eef0dc1f5e829"
rifle,AK-47,false,27859,25112,2,2,4,"471eef0dc1f5e829"
sniper,AWP,false,44456,37928,3,2,6,"471eef0dc1f5e829"
rifle,AK-47,false,62445,58495,2,2,8,"471eef0dc1f5e829"
rifle,AK-47,false,69064,66970,2,2,9,"471eef0dc1f5e829"
sniper,AWP,false,78949,76439,2,2,10,"471eef0dc1f5e829"
pistol,Dual Berettas,false,104606,101218,3,2,13,"471eef0dc1f5e829"
rifle,AK-47,false,114602,112720,2,2,15,"471eef0dc1f5e829"
rifle,AK-47,false,131420,128635,2,2,17,"471eef0dc1f5e829"
sniper,AWP,false,153947,148823,3,3,19,"471eef0dc1f5e829"
sniper,AWP,false,166223,163897,3,3,21,"471eef0dc1f5e829"
pistol,Dual Berettas,false,3813,77,3,3,1,"4727868233e005e"
rifle,M4A1,false,14826,12434,3,3,3,"4727868233e005e"
rifle,AK-47,false,38801,31656,3,2,5,"4727868233e005e"
sniper,AWP,false,47658,42293,3,3,6,"4727868233e005e"
rifle,AK-47,false,66513,61623,2,2,9,"4727868233e005e"
rifle,M4A1,false,75496,71783,3,3,10,"4727868233e005e"
rifle,AK-47,false,82544,77401,2,2,11,"4727868233e005e"
rifle,M4A1,false,91433,88590,3,3,12,"4727868233e005e"
pistol,USP-S,false,102262,96256,3,3,13,"4727868233e005e"
rifle,M4A1,false,113014,108885,3,3,15,"4727868233e005e"
rifle,AK-47,false,133402,122164,2,2,17,"4727868233e005e"
sniper,AWP,false,155683,153648,3,3,20,"4727868233e005e"
pistol,USP-S,false,3126,1025,3,3,1,"472ac3e23ebc878b"
rifle,AK-47,false,19537,14910,2,2,3,"472ac3e23ebc878b"
rifle,AK-47,false,28887,23874,2,2,4,"472ac3e23ebc878b"
sniper,AWP,false,43828,41307,3,3,6,"472ac3e23ebc878b"
rifle,M4A4,false,49588,47561,3,3,7,"472ac3e23ebc878b"
sniper,AWP,false,67211,64354,3,2,10,"472ac3e23ebc878b"
rifle,M4A4,false,74375,71519,3,2,11,"472ac3e23ebc878b"
rifle,AK-47,false,83661,80471,2,2,12,"472ac3e23ebc878b"
pistol,USP-S,false,91064,88225,3,3,13,"472ac3e23ebc878b"
rifle,AK-47,false,101767,99743,2,3,15,"472ac3e23ebc878b"
rifle,AK-47,false,135795,131968,2,2,19,"472ac3e23ebc878b"
rifle,M4A4,false,158179,153941,3,3,22,"472ac3e23ebc878b"
rifle,AK-47,false,163016,160454,2,2,23,"472ac3e23ebc878b"
sniper,AWP,false,176526,173332,3,2,25,"472ac3e23ebc878b"
sniper,AWP,false,185518,183772,2,2,26,"472ac3e23ebc878b"
rifle,M4A4,false,204518,199317,3,3,28,"472ac3e23ebc878b"
rifle,AK-47,false,210602,207962,3,3,29,"472ac3e23ebc878b"
pistol,Dual Berettas,false,9337,5978,3,2,1,"479f0234f1757692"
rifle,M4A1,false,32361,29581,3,2,4,"479f0234f1757692"
sniper,AWP,false,43099,36248,3,3,5,"479f0234f1757692"
rifle,AK-47,false,57365,54824,2,3,8,"479f0234f1757692"
sniper,AWP,false,71296,68273,3,2,10,"479f0234f1757692"
rifle,M4A1,false,80174,74572,3,3,11,"479f0234f1757692"
rifle,AK-47,false,86503,83087,3,3,12,"479f0234f1757692"
pistol,Glock-18,false,93019,89614,2,2,13,"479f0234f1757692"
sniper,AWP,false,118006,111291,3,3,16,"479f0234f1757692"
rifle,AK-47,false,123176,120379,3,2,17,"479f0234f1757692"
sniper,AWP,false,130500,128410,3,3,18,"479f0234f1757692"
rifle,M4A1,false,145127,141702,3,2,20,"479f0234f1757692"
pistol,Dual Berettas,false,7901,4920,3,2,1,"4939860d31f7f1d"
rifle,M4A1,false,61971,59600,3,2,8,"4939860d31f7f1d"
rifle,M4A1,false,77529,74092,3,3,10,"4939860d31f7f1d"
pistol,Glock-18,false,100942,98396,2,3,13,"4939860d31f7f1d"
sniper,AWP,false,144615,134427,2,2,17,"4939860d31f7f1d"
sniper,AWP,false,157681,153690,3,2,18,"4939860d31f7f1d"
rifle,AK-47,false,177320,174142,2,2,20,"4939860d31f7f1d"
pistol,Glock-18,false,3209,122,2,3,1,"49a58b27d3c7c7fc"
rifle,M4A1,false,29094,26448,3,3,6,"49a58b27d3c7c7fc"
rifle,M4A1,false,43058,40907,3,3,8,"49a58b27d3c7c7fc"
rifle,M4A1,false,52171,49601,3,3,9,"49a58b27d3c7c7fc"
rifle,AK-47,false,56314,54143,2,3,10,"49a58b27d3c7c7fc"
rifle,M4A1,false,65680,63740,3,3,12,"49a58b27d3c7c7fc"
pistol,Glock-18,false,73509,70196,2,2,13,"49a58b27d3c7c7fc"
pistol,USP-S,false,6180,373,3,3,1,"49dd6581ae61cb27"
rifle,M4A1,false,34680,30154,2,2,5,"49dd6581ae61cb27"
sniper,AWP,false,52963,51163,2,2,7,"49dd6581ae61cb27"
sniper,AWP,false,66795,64617,3,3,9,"49dd6581ae61cb27"
rifle,M4A1,false,76761,74619,3,3,10,"49dd6581ae61cb27"
rifle,M4A1,false,85270,83199,3,2,11,"49dd6581ae61cb27"
pistol,USP-S,false,114916,99066,3,2,13,"49dd6581ae61cb27"
pistol,Glock-18,false,20484,1,2,2,1,"4b9f468f018eb6d7"
rifle,AK-47,false,40489,37603,2,3,4,"4b9f468f018eb6d7"
rifle,AK-47,false,47751,41959,2,3,5,"4b9f468f018eb6d7"
rifle,AK-47,false,66238,59970,2,2,7,"4b9f468f018eb6d7"
rifle,AK-47,false,77077,74155,2,2,9,"4b9f468f018eb6d7"
rifle,M4A1,false,87971,82824,3,3,10,"4b9f468f018eb6d7"
rifle,AK-47,false,97803,92933,2,2,11,"4b9f468f018eb6d7"
rifle,M4A1,false,106333,103055,3,3,12,"4b9f468f018eb6d7"
pistol,USP-S,false,126131,112109,3,3,13,"4b9f468f018eb6d7"
rifle,M4A1,false,133669,131177,3,3,15,"4b9f468f018eb6d7"
rifle,M4A1,false,142548,140503,3,3,17,"4b9f468f018eb6d7"
pistol,USP-S,false,7167,4060,3,3,1,"4c0fb74ff1d37488"
rifle,M4A1,false,16635,14252,3,3,3,"4c0fb74ff1d37488"
rifle,M4A1,false,27641,23823,3,3,4,"4c0fb74ff1d37488"
rifle,AK-47,false,38626,34353,3,3,5,"4c0fb74ff1d37488"
sniper,AWP,false,58185,53522,3,2,7,"4c0fb74ff1d37488"
sniper,AWP,false,68139,65689,3,3,8,"4c0fb74ff1d37488"
rifle,AK-47,false,80573,74777,2,2,9,"4c0fb74ff1d37488"
smg,MP9,false,107261,104219,3,2,12,"4c0fb74ff1d37488"
pistol,USP-S,false,115650,112749,3,3,13,"4c0fb74ff1d37488"
rifle,M4A1,false,127039,124965,3,3,15,"4c0fb74ff1d37488"
rifle,AK-47,false,142037,140006,3,3,17,"4c0fb74ff1d37488"
rifle,M4A4,false,161483,153255,3,2,19,"4c0fb74ff1d37488"
rifle,M4A4,false,166526,163671,3,3,20,"4c0fb74ff1d37488"
pistol,USP-S,false,1530,1,3,2,1,"4c63296d87f275d6"
rifle,AK-47,false,53122,49896,3,3,6,"4c63296d87f275d6"
rifle,AK-47,false,72273,69643,3,3,8,"4c63296d87f275d6"
sniper,AWP,false,90793,85970,2,2,10,"4c63296d87f275d6"
rifle,M4A1,false,97561,94798,3,3,11,"4c63296d87f275d6"
rifle,AK-47,false,106985,102451,2,3,12,"4c63296d87f275d6"
pistol,USP-S,false,115422,110820,3,2,13,"4c63296d87f275d6"
rifle,AK-47,false,146359,141996,2,3,17,"4c63296d87f275d6"
rifle,AK-47,false,160379,157814,2,2,19,"4c63296d87f275d6"
rifle,M4A1,false,3100,1,3,3,1,"4cd346a29dd96222"
sniper,AWP,false,14342,6623,3,3,2,"4cd346a29dd96222"
pistol,Glock-18,false,29015,24266,2,2,4,"4cd346a29dd96222"
rifle,AK-47,false,48199,45601,2,2,7,"4cd346a29dd96222"
pistol,P250,false,2322,1,2,2,1,"4cd3de9691838b8b"
rifle,AK-47,false,18596,13144,2,2,3,"4cd3de9691838b8b"
rifle,M4A1,false,39104,36126,3,3,6,"4cd3de9691838b8b"
rifle,M4A1,false,47370,44655,3,3,7,"4cd3de9691838b8b"
rifle,AK-47,false,54553,48878,2,2,8,"4cd3de9691838b8b"
sniper,AWP,false,71434,69662,3,2,11,"4cd3de9691838b8b"
pistol,USP-S,false,91687,87942,3,3,13,"4cd3de9691838b8b"
pistol,USP-S,false,3273,66,3,2,1,"4ceefac6670032b6"
rifle,Galil AR,false,27718,24773,3,2,4,"4ceefac6670032b6"
rifle,M4A1,false,35624,32539,3,3,5,"4ceefac6670032b6"
rifle,AK-47,false,45615,43298,2,3,7,"4ceefac6670032b6"
rifle,AK-47,false,72787,70513,2,2,10,"4ceefac6670032b6"
rifle,M4A1,false,88517,84346,3,2,12,"4ceefac6670032b6"
pistol,USP-S,false,93640,90378,3,3,13,"4ceefac6670032b6"
rifle,M4A1,false,101896,98947,3,3,15,"4ceefac6670032b6"
rifle,M4A1,false,118285,116183,3,3,17,"4ceefac6670032b6"
pistol,USP-S,false,7192,3795,3,2,1,"4cf0f3e9bd06aa50"
rifle,M4A1,false,27808,24458,3,2,5,"4cf0f3e9bd06aa50"
sniper,AWP,false,33793,31393,3,3,6,"4cf0f3e9bd06aa50"
pistol,Glock-18,false,91515,88699,2,2,13,"4cf0f3e9bd06aa50"
pistol,Desert Eagle,false,110656,108437,3,3,15,"4cf0f3e9bd06aa50"
rifle,AK-47,false,155428,149444,3,3,20,"4cf0f3e9bd06aa50"
pistol,Dual Berettas,false,2358,1,3,2,1,"4e26230aa2be6919"
rifle,M4A1,false,27857,25428,3,3,4,"4e26230aa2be6919"
rifle,AK-47,false,32405,29873,2,2,5,"4e26230aa2be6919"
rifle,AK-47,false,41671,37359,2,2,6,"4e26230aa2be6919"
rifle,M4A1,false,48662,46062,3,3,7,"4e26230aa2be6919"
grenade,Incendiary Grenade,false,55726,53007,3,3,8,"4e26230aa2be6919"
rifle,AK-47,false,66231,63027,3,3,9,"4e26230aa2be6919"
rifle,M4A1,false,78712,75759,3,2,11,"4e26230aa2be6919"
rifle,Galil AR,false,84847,81694,2,3,12,"4e26230aa2be6919"
pistol,USP-S,false,91853,88783,3,3,13,"4e26230aa2be6919"
rifle,AK-47,false,101958,99619,2,2,15,"4e26230aa2be6919"
rifle,AK-47,false,128474,124137,2,3,18,"4e26230aa2be6919"
grenade,HE Grenade,false,137320,135197,3,3,19,"4e26230aa2be6919"
rifle,AK-47,false,160473,153137,2,2,21,"4e26230aa2be6919"
grenade,HE Grenade,false,165305,163263,3,3,22,"4e26230aa2be6919"
pistol,Glock-18,false,6487,4062,2,3,1,"4f113284d3a60660"
rifle,AK-47,false,22178,15123,2,2,3,"4f113284d3a60660"
rifle,AK-47,false,41560,36791,2,2,6,"4f113284d3a60660"
sniper,AWP,false,48407,45353,3,2,7,"4f113284d3a60660"
rifle,AK-47,false,59425,57331,2,2,9,"4f113284d3a60660"
rifle,AK-47,false,73813,71457,2,2,11,"4f113284d3a60660"
rifle,AK-47,false,81056,78773,2,2,12,"4f113284d3a60660"
pistol,Dual Berettas,false,93285,90400,3,2,13,"4f113284d3a60660"
rifle,M4A4,false,117931,115645,3,3,17,"4f113284d3a60660"
rifle,Galil AR,false,133693,129088,2,2,19,"4f113284d3a60660"
rifle,AK-47,false,149498,147384,2,2,21,"4f113284d3a60660"
sniper,AWP,false,162582,159414,3,3,23,"4f113284d3a60660"
pistol,USP-S,false,3308,110,3,2,1,"4f13ea376fe8fa9e"
grenade,Molotov,false,27178,24327,2,3,4,"4f13ea376fe8fa9e"
rifle,AK-47,false,36369,32392,2,2,5,"4f13ea376fe8fa9e"
rifle,M4A1,false,48403,42893,3,3,6,"4f13ea376fe8fa9e"
pistol,USP-S,false,7444,5501,3,3,1,"4f3a1b10411d51f4"
rifle,AK-47,false,20450,14745,2,3,3,"4f3a1b10411d51f4"
sniper,AWP,false,32444,29024,3,3,5,"4f3a1b10411d51f4"
rifle,M4A1,false,48790,45972,3,2,7,"4f3a1b10411d51f4"
sniper,AWP,false,61809,57347,3,3,8,"4f3a1b10411d51f4"
rifle,M4A1,false,72311,69119,3,2,10,"4f3a1b10411d51f4"
grenade,HE Grenade,false,79082,77052,3,3,11,"4f3a1b10411d51f4"
sniper,AWP,false,87467,85560,2,2,12,"4f3a1b10411d51f4"
pistol,Glock-18,false,101547,98452,2,2,13,"4f3a1b10411d51f4"
rifle,M4A1,false,133496,129834,3,2,18,"4f3a1b10411d51f4"
sniper,AWP,false,140747,138636,2,3,19,"4f3a1b10411d51f4"
sniper,AWP,false,159886,156695,2,2,21,"4f3a1b10411d51f4"
pistol,USP-S,false,3378,1,3,2,1,"4f6c9d02c7bc274"
rifle,M4A1,false,25295,23164,3,3,4,"4f6c9d02c7bc274"
rifle,M4A1,false,41031,32199,3,3,5,"4f6c9d02c7bc274"
rifle,AK-47,false,48562,45599,3,3,6,"4f6c9d02c7bc274"
sniper,AWP,false,132803,80264,2,2,10,"4f6c9d02c7bc274"
rifle,M4A1,false,144553,141714,3,3,11,"4f6c9d02c7bc274"
rifle,AK-47,false,149003,147014,2,2,12,"4f6c9d02c7bc274"
pistol,Glock-18,false,160029,156841,2,2,13,"4f6c9d02c7bc274"
sniper,AWP,false,198963,196441,3,3,19,"4f6c9d02c7bc274"
pistol,Glock-18,false,3837,69,2,2,1,"5016c13e6eb6a5cb"
rifle,AK-47,false,15921,12550,2,2,3,"5016c13e6eb6a5cb"
sniper,AWP,false,34927,32046,2,3,5,"5016c13e6eb6a5cb"
sniper,AWP,false,43641,40362,3,3,6,"5016c13e6eb6a5cb"
rifle,AK-47,false,59647,57336,2,2,8,"5016c13e6eb6a5cb"
sniper,AWP,false,64970,62921,3,2,9,"5016c13e6eb6a5cb"
rifle,M4A1,false,74998,71575,3,2,10,"5016c13e6eb6a5cb"
rifle,AK-47,false,89605,86841,2,2,12,"5016c13e6eb6a5cb"
pistol,Glock-18,false,99055,94635,2,2,13,"5016c13e6eb6a5cb"
rifle,Galil AR,false,136209,133461,3,2,18,"5016c13e6eb6a5cb"
sniper,AWP,false,148412,144921,3,3,19,"5016c13e6eb6a5cb"
pistol,USP-S,false,4343,1009,3,3,1,"508a34a389bb6d9b"
rifle,Galil AR,false,13867,10727,2,3,3,"508a34a389bb6d9b"
rifle,AK-47,false,25563,22923,2,2,5,"508a34a389bb6d9b"
rifle,AK-47,false,31052,28364,2,2,6,"508a34a389bb6d9b"
rifle,M4A4,false,47363,44329,3,3,8,"508a34a389bb6d9b"
sniper,AWP,false,54267,52311,2,2,9,"508a34a389bb6d9b"
pistol,USP-S,false,91327,88211,3,3,13,"508a34a389bb6d9b"
rifle,AK-47,false,103641,99663,2,3,16,"508a34a389bb6d9b"
rifle,M4A4,false,122503,120200,3,3,18,"508a34a389bb6d9b"
pistol,USP-S,false,7910,4062,3,2,1,"50a409cd3e4048ee"
rifle,AK-47,false,37068,33632,2,2,5,"50a409cd3e4048ee"
rifle,M4A1,false,47670,43908,3,3,6,"50a409cd3e4048ee"
sniper,AWP,false,55013,51217,2,2,7,"50a409cd3e4048ee"
rifle,M4A1,false,70358,68126,3,2,9,"50a409cd3e4048ee"
rifle,AK-47,false,91676,89002,2,2,11,"50a409cd3e4048ee"
pistol,USP-S,false,105849,102368,3,2,13,"50a409cd3e4048ee"
rifle,M4A1,false,119765,113576,3,3,15,"50a409cd3e4048ee"
sniper,AWP,false,145153,142750,3,3,19,"50a409cd3e4048ee"
rifle,AK-47,false,156480,150456,3,2,20,"50a409cd3e4048ee"
rifle,AK-47,false,168652,162003,2,3,21,"50a409cd3e4048ee"
rifle,AK-47,false,184838,179113,2,2,23,"50a409cd3e4048ee"
pistol,Dual Berettas,false,4987,80,3,3,1,"512f65d79752db5b"
rifle,AK-47,false,12056,9934,2,2,3,"512f65d79752db5b"
rifle,M4A1,false,23338,19855,3,3,5,"512f65d79752db5b"
sniper,AWP,false,36225,33733,2,3,7,"512f65d79752db5b"
rifle,M4A4,false,48525,46254,3,3,9,"512f65d79752db5b"
rifle,M4A1,false,58785,56023,3,3,10,"512f65d79752db5b"
rifle,AK-47,false,75931,71501,2,2,12,"512f65d79752db5b"
pistol,USP-S,false,81116,79324,3,3,13,"512f65d79752db5b"
rifle,AK-47,false,91245,88812,2,3,15,"512f65d79752db5b"
sniper,AWP,false,110303,108362,3,3,18,"512f65d79752db5b"
rifle,AK-47,false,122168,120018,2,2,20,"512f65d79752db5b"
rifle,M4A1,false,129642,126206,3,3,21,"512f65d79752db5b"
sniper,AWP,false,138491,136461,3,3,22,"512f65d79752db5b"
pistol,Dual Berettas,false,14266,11546,3,3,1,"5197543f76489ac6"
rifle,AK-47,false,28510,25968,2,2,4,"5197543f76489ac6"
rifle,M4A1,false,38665,35359,3,2,5,"5197543f76489ac6"
rifle,M4A1,false,53346,51156,3,3,7,"5197543f76489ac6"
rifle,AK-47,false,60618,57699,2,2,8,"5197543f76489ac6"
rifle,AK-47,false,74881,71501,3,3,10,"5197543f76489ac6"
rifle,AK-47,false,88771,86632,2,2,12,"5197543f76489ac6"
pistol,Glock-18,false,94679,92585,2,3,13,"5197543f76489ac6"
rifle,AK-47,false,127388,125064,2,2,17,"5197543f76489ac6"
rifle,M4A1,false,143330,139393,3,3,19,"5197543f76489ac6"
grenade,HE Grenade,false,149476,146590,2,2,20,"5197543f76489ac6"
rifle,AK-47,false,176946,174198,2,2,23,"5197543f76489ac6"
pistol,USP-S,false,8267,5578,3,3,1,"52104352bb98d527"
rifle,AK-47,false,75851,73825,2,2,10,"52104352bb98d527"
rifle,M4A1,false,93497,91206,3,2,12,"52104352bb98d527"
pistol,USP-S,false,103040,100246,3,3,13,"52104352bb98d527"
rifle,AK-47,false,138218,135942,3,3,18,"52104352bb98d527"
pistol,USP-S,false,3819,85,3,2,1,"527e8f5956881611"
rifle,M4A1,false,30070,25920,3,3,4,"527e8f5956881611"
sniper,AWP,false,37663,31272,3,3,5,"527e8f5956881611"
rifle,AK-47,false,52634,50505,2,2,8,"527e8f5956881611"
rifle,AK-47,false,62394,60471,2,2,9,"527e8f5956881611"
rifle,M4A1,false,72967,70098,3,3,10,"527e8f5956881611"
rifle,AK-47,false,85784,82086,3,2,11,"527e8f5956881611"
rifle,M4A1,false,93569,89493,3,3,12,"527e8f5956881611"
pistol,Glock-18,false,100545,97948,2,2,13,"527e8f5956881611"
rifle,M4A1,false,120433,118096,3,3,16,"527e8f5956881611"
rifle,M4A4,false,132241,128461,3,3,17,"527e8f5956881611"
rifle,AK-47,false,159913,155341,2,2,20,"527e8f5956881611"
rifle,M4A1,false,167517,162641,3,2,21,"527e8f5956881611"
rifle,M4A1,false,175464,172997,2,2,22,"527e8f5956881611"
pistol,Glock-18,false,3784,1,2,2,1,"528422fb7b9b9ea1"
rifle,M4A1,false,61493,58058,3,2,7,"528422fb7b9b9ea1"
rifle,AK-47,false,85253,79661,2,2,9,"528422fb7b9b9ea1"
pistol,Glock-18,false,131891,116102,2,2,13,"528422fb7b9b9ea1"
sniper,AWP,false,159957,153524,3,2,17,"528422fb7b9b9ea1"
rifle,AK-47,false,180211,177501,3,3,19,"528422fb7b9b9ea1"
rifle,AK-47,false,193736,190067,2,2,21,"528422fb7b9b9ea1"
sniper,AWP,false,200897,198436,3,2,22,"528422fb7b9b9ea1"
pistol,Glock-18,false,2673,1,2,3,1,"52adbfbb4ba3aaef"
rifle,AK-47,false,34040,31579,2,3,6,"52adbfbb4ba3aaef"
rifle,AK-47,false,39991,37686,2,2,7,"52adbfbb4ba3aaef"
rifle,AK-47,false,52600,50445,2,2,9,"52adbfbb4ba3aaef"
rifle,AK-47,false,69247,65124,3,3,11,"52adbfbb4ba3aaef"
sniper,AWP,false,77185,74212,3,2,12,"52adbfbb4ba3aaef"
pistol,Dual Berettas,false,85389,82708,3,3,13,"52adbfbb4ba3aaef"
rifle,M4A1,false,98851,96824,3,3,16,"52adbfbb4ba3aaef"
sniper,AWP,false,113883,111327,3,3,18,"52adbfbb4ba3aaef"
rifle,M4A1,false,125947,122722,3,3,19,"52adbfbb4ba3aaef"
pistol,USP-S,false,3024,103,3,3,1,"531cd3c2af13b679"
sniper,AWP,false,17380,15325,2,2,4,"531cd3c2af13b679"
sniper,AWP,false,41204,39287,3,3,7,"531cd3c2af13b679"
rifle,AK-47,false,52381,50294,2,2,9,"531cd3c2af13b679"
rifle,M4A4,false,67209,60455,3,3,10,"531cd3c2af13b679"
rifle,M4A4,false,75524,68355,3,3,11,"531cd3c2af13b679"
rifle,AK-47,false,79626,77553,2,2,12,"531cd3c2af13b679"
pistol,Glock-18,false,86040,83610,2,3,13,"531cd3c2af13b679"
rifle,M4A1,false,98206,96010,3,3,15,"531cd3c2af13b679"
rifle,AK-47,false,110473,106341,2,2,17,"531cd3c2af13b679"
sniper,AWP,false,121463,117481,2,3,18,"531cd3c2af13b679"
sniper,AWP,false,149876,128317,3,2,19,"531cd3c2af13b679"
pistol,Glock-18,false,5585,3615,2,2,1,"533b48fe92702f05"
rifle,AK-47,false,53064,47124,2,2,6,"533b48fe92702f05"
rifle,M4A1,false,64574,61848,3,2,8,"533b48fe92702f05"
sniper,AWP,false,79332,76651,3,2,10,"533b48fe92702f05"
sniper,AWP,false,91426,89791,2,2,12,"533b48fe92702f05"
pistol,P2000,false,96812,94229,3,3,13,"533b48fe92702f05"
pistol,USP-S,false,8726,5982,3,3,1,"53f3e34648df5eda"
rifle,AK-47,false,15746,13200,2,3,3,"53f3e34648df5eda"
sniper,AWP,false,29948,27662,3,3,5,"53f3e34648df5eda"
rifle,AK-47,false,37091,34351,2,2,6,"53f3e34648df5eda"
grenade,HE Grenade,false,42564,40683,3,2,7,"53f3e34648df5eda"
rifle,AK-47,false,59049,56554,2,2,9,"53f3e34648df5eda"
sniper,AWP,false,65611,63256,3,2,10,"53f3e34648df5eda"
world,World,false,82052,78992,3,3,12,"53f3e34648df5eda"
pistol,USP-S,false,95026,90875,3,2,13,"53f3e34648df5eda"
rifle,AK-47,false,117889,113771,2,3,16,"53f3e34648df5eda"
sniper,AWP,false,127970,124601,2,3,17,"53f3e34648df5eda"
rifle,FAMAS,false,155284,149002,3,3,20,"53f3e34648df5eda"
rifle,AK-47,false,171169,166594,2,2,22,"53f3e34648df5eda"
rifle,M4A1,false,176678,174304,3,3,23,"53f3e34648df5eda"
rifle,AK-47,false,186476,183392,2,2,24,"53f3e34648df5eda"
sniper,AWP,false,191094,188997,2,2,25,"53f3e34648df5eda"
pistol,P250,false,21395,335,2,2,1,"5472be9ae4601bd9"
rifle,M4A4,false,38165,34497,3,2,4,"5472be9ae4601bd9"
sniper,AWP,false,53958,52157,3,3,6,"5472be9ae4601bd9"
sniper,AWP,false,63171,61245,2,2,7,"5472be9ae4601bd9"
rifle,M4A4,false,75861,71573,3,3,8,"5472be9ae4601bd9"
rifle,AK-47,false,85342,80452,2,3,9,"5472be9ae4601bd9"
pistol,Glock-18,false,129578,112178,2,2,13,"5472be9ae4601bd9"
rifle,AK-47,false,155513,152484,2,2,17,"5472be9ae4601bd9"
rifle,M4A1,false,164452,160045,3,2,18,"5472be9ae4601bd9"
grenade,HE Grenade,false,177350,173363,3,3,20,"5472be9ae4601bd9"
sniper,AWP,false,185656,180676,3,3,21,"5472be9ae4601bd9"
rifle,AK-47,false,203169,199006,3,3,23,"5472be9ae4601bd9"
pistol,Glock-18,false,5462,112,2,2,1,"54b35618beb58bdb"
rifle,M4A1,false,17999,14816,3,2,3,"54b35618beb58bdb"
rifle,AK-47,false,40569,33425,2,2,5,"54b35618beb58bdb"
rifle,AK-47,false,60062,56390,2,2,7,"54b35618beb58bdb"
rifle,AK-47,false,67198,63845,2,2,8,"54b35618beb58bdb"
rifle,AK-47,false,73832,71692,2,2,9,"54b35618beb58bdb"
rifle,AK-47,false,85085,82692,2,2,10,"54b35618beb58bdb"
rifle,M4A1,false,94034,90890,3,3,11,"54b35618beb58bdb"
rifle,M4A4,false,103332,99334,3,3,12,"54b35618beb58bdb"
pistol,USP-S,false,113240,108050,3,2,13,"54b35618beb58bdb"
rifle,M4A1,false,123693,120155,3,3,15,"54b35618beb58bdb"
rifle,AK-47,false,142573,139829,2,3,18,"54b35618beb58bdb"
world,World,false,2724,99,2,2,1,"54b45a1874b21831"
rifle,M4A1,false,20332,17822,3,3,3,"54b45a1874b21831"
rifle,AK-47,false,37365,35099,2,2,6,"54b45a1874b21831"
rifle,M4A4,false,44661,41235,3,2,7,"54b45a1874b21831"
rifle,M4A1,false,57912,54982,3,3,8,"54b45a1874b21831"
rifle,AK-47,false,88104,84851,2,2,12,"54b45a1874b21831"
pistol,Dual Berettas,false,93951,91175,3,2,13,"54b45a1874b21831"
rifle,M4A4,false,103499,99542,3,3,15,"54b45a1874b21831"
rifle,M4A1,false,114297,108502,3,3,16,"54b45a1874b21831"
rifle,AK-47,false,124459,122304,3,2,18,"54b45a1874b21831"
rifle,AK-47,false,131985,128834,2,2,19,"54b45a1874b21831"
rifle,M4A4,false,142120,138458,3,3,20,"54b45a1874b21831"
rifle,M4A1,false,147094,144899,3,3,21,"54b45a1874b21831"
pistol,Glock-18,false,932,1,2,3,1,"54fd1f5e1a2b5bed"
rifle,M4A4,false,9873,7058,3,3,3,"54fd1f5e1a2b5bed"
sniper,AWP,false,19314,17210,3,3,5,"54fd1f5e1a2b5bed"
rifle,AK-47,false,31077,28377,3,3,6,"54fd1f5e1a2b5bed"
sniper,AWP,false,39967,37900,3,3,8,"54fd1f5e1a2b5bed"
sniper,AWP,false,51173,49029,2,3,10,"54fd1f5e1a2b5bed"
rifle,AK-47,false,58074,55965,2,3,11,"54fd1f5e1a2b5bed"
sniper,AWP,false,66116,63448,3,3,12,"54fd1f5e1a2b5bed"
pistol,Glock-18,false,74258,70528,2,2,13,"54fd1f5e1a2b5bed"
pistol,USP-S,false,10201,5978,3,3,1,"554ec4ef442f415e"
rifle,AK-47,false,28162,25678,2,2,4,"554ec4ef442f415e"
rifle,AK-47,false,32302,29563,2,2,5,"554ec4ef442f415e"
rifle,M4A1,false,48633,45981,3,2,7,"554ec4ef442f415e"
rifle,M4A1,false,62343,58809,3,2,9,"554ec4ef442f415e"
sniper,AWP,false,72359,66252,3,2,10,"554ec4ef442f415e"
rifle,AK-47,false,81457,76255,2,2,11,"554ec4ef442f415e"
rifle,AK-47,false,92412,88377,2,2,12,"554ec4ef442f415e"
pistol,P250,false,101096,97540,2,2,13,"554ec4ef442f415e"
rifle,AK-47,false,113243,110404,2,3,15,"554ec4ef442f415e"
rifle,M4A1,false,143532,139185,3,2,20,"554ec4ef442f415e"
rifle,M4A1,false,159241,156775,3,2,22,"554ec4ef442f415e"
rifle,AK-47,false,164905,162600,2,2,23,"554ec4ef442f415e"
pistol,P250,false,2500,104,2,2,1,"55bb74eeb004bfcd"
smg,MP9,false,23037,19418,3,2,4,"55bb74eeb004bfcd"
sniper,AWP,false,31097,27151,3,3,5,"55bb74eeb004bfcd"
sniper,AWP,false,38254,35572,2,3,6,"55bb74eeb004bfcd"
rifle,M4A1,false,46476,43221,3,3,7,"55bb74eeb004bfcd"
rifle,M4A1,false,57238,54453,3,2,9,"55bb74eeb004bfcd"
sniper,AWP,false,64642,62212,2,2,10,"55bb74eeb004bfcd"
rifle,AK-47,false,75733,72407,2,2,11,"55bb74eeb004bfcd"
rifle,M4A1,false,81855,79509,3,3,12,"55bb74eeb004bfcd"
pistol,Glock-18,false,91688,88563,2,2,13,"55bb74eeb004bfcd"
rifle,AK-47,false,101740,99088,2,2,15,"55bb74eeb004bfcd"
rifle,AK-47,false,121159,115894,3,3,17,"55bb74eeb004bfcd"
rifle,AK-47,false,131500,127910,2,2,18,"55bb74eeb004bfcd"
grenade,HE Grenade,false,139891,137811,3,3,19,"55bb74eeb004bfcd"
sniper,AWP,false,149024,146771,2,2,20,"55bb74eeb004bfcd"
sniper,AWP,false,156829,154489,3,2,21,"55bb74eeb004bfcd"
sniper,AWP,false,160081,158575,2,2,22,"55bb74eeb004bfcd"
pistol,USP-S,false,8869,6344,3,3,1,"5628916f864f3096"
grenade,Incendiary Grenade,false,18871,16213,3,2,3,"5628916f864f3096"
sniper,AWP,false,26966,23733,3,3,4,"5628916f864f3096"
rifle,AK-47,false,45744,43416,2,3,6,"5628916f864f3096"
sniper,AWP,false,62046,60146,3,2,8,"5628916f864f3096"
sniper,AWP,false,69013,66754,2,2,9,"5628916f864f3096"
rifle,AK-47,false,84926,82794,2,3,11,"5628916f864f3096"
rifle,AK-47,false,94015,90057,2,2,12,"5628916f864f3096"
pistol,Dual Berettas,false,102974,98565,3,3,13,"5628916f864f3096"
rifle,AK-47,false,124941,122692,2,2,17,"5628916f864f3096"
sniper,AWP,false,139798,136862,3,3,19,"5628916f864f3096"
rifle,AK-47,false,144780,142450,2,3,20,"5628916f864f3096"
rifle,M4A1,false,157269,153556,3,3,21,"5628916f864f3096"
rifle,M4A1,false,178765,172101,3,3,23,"5628916f864f3096"
rifle,M4A1,false,186549,183663,3,3,25,"5628916f864f3096"
sniper,AWP,false,193130,190485,3,2,26,"5628916f864f3096"
rifle,AK-47,false,201284,198500,2,2,27,"5628916f864f3096"
rifle,AK-47,false,213294,206315,2,2,28,"5628916f864f3096"
rifle,AK-47,false,224454,217494,2,2,29,"5628916f864f3096"
rifle,AK-47,false,229591,227680,2,2,30,"5628916f864f3096"
pistol,USP-S,false,6372,1008,3,3,1,"5661c2da5c759ce5"
rifle,M4A1,false,58204,53013,3,3,7,"5661c2da5c759ce5"
sniper,AWP,false,63930,61473,2,2,8,"5661c2da5c759ce5"
rifle,M4A1,false,90950,84880,3,2,11,"5661c2da5c759ce5"
pistol,Dual Berettas,false,106426,103176,3,2,13,"5661c2da5c759ce5"
rifle,M4A1,false,116198,112950,3,3,15,"5661c2da5c759ce5"
sniper,AWP,false,126439,122721,2,2,16,"5661c2da5c759ce5"
rifle,Galil AR,false,147802,144272,2,3,19,"5661c2da5c759ce5"
pistol,Glock-18,false,9734,5979,2,3,1,"567d936e05038078"
rifle,M4A1,false,48895,42778,3,2,5,"567d936e05038078"
rifle,M4A1,false,61368,57162,3,2,7,"567d936e05038078"
rifle,AK-47,false,96409,94009,3,2,11,"567d936e05038078"
pistol,USP-S,false,113443,110083,3,2,13,"567d936e05038078"
rifle,M4A1,false,133338,131042,3,3,17,"567d936e05038078"
pistol,Glock-18,false,9286,7064,2,2,1,"568fec5b6649fa4"
rifle,AK-47,false,20844,18374,2,2,3,"568fec5b6649fa4"
rifle,M4A1,false,43956,39749,3,3,5,"568fec5b6649fa4"
sniper,AWP,false,52439,46742,2,2,6,"568fec5b6649fa4"
rifle,AK-47,false,60461,55903,2,2,7,"568fec5b6649fa4"
sniper,AWP,false,70410,67099,3,3,8,"568fec5b6649fa4"
smg,MAC-10,false,82400,76319,2,2,9,"568fec5b6649fa4"
grenade,HE Grenade,false,91121,88529,3,3,10,"568fec5b6649fa4"
rifle,AK-47,false,102185,97617,3,3,11,"568fec5b6649fa4"
pistol,USP-S,false,119151,116270,3,3,13,"568fec5b6649fa4"
rifle,M4A4,false,127877,125224,3,3,15,"568fec5b6649fa4"
rifle,AK-47,false,6677,1,3,2,1,"56f0db56dffd44dd"
sniper,AWP,false,14574,10614,2,2,2,"56f0db56dffd44dd"
sniper,AWP,false,25279,20069,3,3,3,"56f0db56dffd44dd"
rifle,M4A1,false,30937,28513,3,3,4,"56f0db56dffd44dd"
pistol,USP-S,false,8102,4062,3,3,1,"57a72b6045a04f6f"
rifle,AK-47,false,20562,12553,2,3,3,"57a72b6045a04f6f"
sniper,AWP,false,44470,39807,3,3,6,"57a72b6045a04f6f"
rifle,AK-47,false,56887,53783,2,2,8,"57a72b6045a04f6f"
rifle,M4A1,false,64905,62774,3,2,9,"57a72b6045a04f6f"
rifle,AK-47,false,78505,71812,2,2,10,"57a72b6045a04f6f"
rifle,AK-47,false,91782,88850,2,2,12,"57a72b6045a04f6f"
pistol,USP-S,false,105930,101339,3,3,13,"57a72b6045a04f6f"
smg,MP9,false,118372,116131,3,3,15,"57a72b6045a04f6f"
sniper,AWP,false,135872,132087,2,2,17,"57a72b6045a04f6f"
rifle,AK-47,false,143740,141710,2,2,18,"57a72b6045a04f6f"
rifle,M4A1,false,158901,156682,3,2,20,"57a72b6045a04f6f"
rifle,M4A1,false,177554,173553,3,2,22,"57a72b6045a04f6f"
pistol,Glock-18,false,2519,126,2,2,1,"57fc4ddfd0f33850"
rifle,AK-47,false,36680,31082,2,2,6,"57fc4ddfd0f33850"
rifle,M4A4,false,45848,43487,3,3,8,"57fc4ddfd0f33850"
sniper,AWP,false,52228,47900,3,3,9,"57fc4ddfd0f33850"
sniper,AWP,false,58335,55580,3,3,10,"57fc4ddfd0f33850"
rifle,AK-47,false,72569,68673,2,2,12,"57fc4ddfd0f33850"
pistol,Glock-18,false,82244,79477,2,3,13,"57fc4ddfd0f33850"
rifle,AK-47,false,90858,88650,2,2,15,"57fc4ddfd0f33850"
rifle,AK-47,false,104024,97312,3,3,16,"57fc4ddfd0f33850"
rifle,M4A1,false,113928,111505,3,3,18,"57fc4ddfd0f33850"
pistol,USP-S,false,7194,4063,3,3,1,"58127e8e0c40ad30"
grenade,HE Grenade,false,18992,14154,3,2,3,"58127e8e0c40ad30"
rifle,M4A1,false,28126,24120,3,3,4,"58127e8e0c40ad30"
rifle,AK-47,false,40052,37868,2,2,6,"58127e8e0c40ad30"
rifle,AK-47,false,47049,44633,2,3,7,"58127e8e0c40ad30"
rifle,Galil AR,false,57017,54397,2,2,8,"58127e8e0c40ad30"
rifle,AK-47,false,65083,62032,2,3,9,"58127e8e0c40ad30"
rifle,M4A1,false,91296,85258,3,3,12,"58127e8e0c40ad30"
pistol,P250,false,97072,94848,2,2,13,"58127e8e0c40ad30"
rifle,AK-47,false,123758,118317,2,2,16,"58127e8e0c40ad30"
pistol,P250,false,9287,1005,2,2,1,"585ac15106cf7435"
smg,MAC-10,false,29287,26166,2,3,4,"585ac15106cf7435"
rifle,AK-47,false,42918,35127,2,2,5,"585ac15106cf7435"
rifle,AK-47,false,63497,60083,2,3,7,"585ac15106cf7435"
rifle,M4A1,false,72314,67592,3,3,8,"585ac15106cf7435"
rifle,M4A1,false,86304,79107,3,2,9,"585ac15106cf7435"
sniper,AWP,false,90259,88312,2,2,10,"585ac15106cf7435"
rifle,M4A1,false,101260,98523,3,3,11,"585ac15106cf7435"
rifle,AK-47,false,112194,106569,2,2,12,"585ac15106cf7435"
pistol,USP-S,false,121798,117755,3,3,13,"585ac15106cf7435"
rifle,Galil AR,false,157032,153945,2,3,17,"585ac15106cf7435"
pistol,Dual Berettas,false,7108,111,3,3,1,"59ee3086e946cf74"
rifle,AK-47,false,38706,34952,3,3,5,"59ee3086e946cf74"
sniper,AWP,false,63579,53699,3,3,7,"59ee3086e946cf74"
rifle,AK-47,false,77663,69714,3,3,8,"59ee3086e946cf74"
rifle,AK-47,false,95935,90694,3,3,10,"59ee3086e946cf74"
rifle,AK-47,false,108757,105980,2,2,12,"59ee3086e946cf74"
pistol,Glock-18,false,116156,111568,2,2,13,"59ee3086e946cf74"
grenade,Molotov,false,159075,151267,2,2,18,"59ee3086e946cf74"
sniper,AWP,false,165801,162546,3,3,19,"59ee3086e946cf74"
rifle,Galil AR,false,172595,169511,2,3,20,"59ee3086e946cf74"
grenade,Incendiary Grenade,false,190811,184592,3,3,22,"59ee3086e946cf74"
sniper,AWP,false,199897,195464,3,3,23,"59ee3086e946cf74"
rifle,AK-47,false,218253,212877,2,2,25,"59ee3086e946cf74"
sniper,AWP,false,229200,221688,3,2,26,"59ee3086e946cf74"
rifle,AK-47,false,238881,234150,2,2,27,"59ee3086e946cf74"
rifle,AK-47,false,248305,244615,2,2,28,"59ee3086e946cf74"
rifle,M4A4,false,256214,252659,3,3,29,"59ee3086e946cf74"
pistol,USP-S,false,2894,1,3,2,1,"5a8350ea0e7528ce"
pistol,USP-S,false,10963,5479,3,2,2,"5a8350ea0e7528ce"
grenade,Molotov,false,18562,14470,2,2,3,"5a8350ea0e7528ce"
rifle,M4A1,false,32269,29899,3,3,5,"5a8350ea0e7528ce"
sniper,AWP,false,41123,37675,3,3,6,"5a8350ea0e7528ce"
rifle,AK-47,false,50283,47493,2,2,7,"5a8350ea0e7528ce"
rifle,AK-47,false,58025,55932,2,2,8,"5a8350ea0e7528ce"
rifle,M4A1,false,75457,72763,3,2,10,"5a8350ea0e7528ce"
rifle,FAMAS,false,94674,90211,3,2,12,"5a8350ea0e7528ce"
pistol,P2000,false,115208,99180,3,3,13,"5a8350ea0e7528ce"
pistol,Dual Berettas,false,3453,53,3,2,1,"5b1fae1843426fce"
rifle,AK-47,false,12774,9749,2,2,3,"5b1fae1843426fce"
rifle,AK-47,false,24322,21863,2,2,5,"5b1fae1843426fce"
rifle,AK-47,false,32676,29669,2,2,6,"5b1fae1843426fce"
rifle,M4A1,false,39509,36721,3,3,7,"5b1fae1843426fce"
rifle,M4A1,false,45294,42885,3,3,8,"5b1fae1843426fce"
rifle,AK-47,false,59075,57005,2,2,10,"5b1fae1843426fce"
rifle,M4A1,false,76743,73128,3,2,12,"5b1fae1843426fce"
pistol,P250,false,82496,79120,2,2,13,"5b1fae1843426fce"
rifle,M4A1,false,93591,90027,3,2,15,"5b1fae1843426fce"
rifle,AK-47,false,105827,102291,2,2,17,"5b1fae1843426fce"
sniper,AWP,false,117877,114384,2,3,18,"5b1fae1843426fce"
rifle,AK-47,false,137264,134887,2,2,21,"5b1fae1843426fce"
sniper,AWP,false,143148,140873,3,3,22,"5b1fae1843426fce"
melee,Knife,false,6,1,3,3,1,"5b499e0f4fbdc664"
pistol,Glock-18,false,7341,4476,2,2,3,"5b499e0f4fbdc664"
rifle,M4A1,false,37083,33102,3,3,7,"5b499e0f4fbdc664"
sniper,AWP,false,48363,46562,2,2,9,"5b499e0f4fbdc664"
rifle,M4A1,false,63695,57068,3,2,10,"5b499e0f4fbdc664"
rifle,AK-47,false,72751,66940,2,2,11,"5b499e0f4fbdc664"
rifle,AK-47,false,81508,79377,2,2,12,"5b499e0f4fbdc664"
sniper,AWP,false,93524,85775,3,3,13,"5b499e0f4fbdc664"
rifle,AK-47,false,100350,96192,2,2,14,"5b499e0f4fbdc664"
pistol,Glock-18,false,109967,106711,2,2,15,"5b499e0f4fbdc664"
rifle,Galil AR,false,134170,131777,2,2,18,"5b499e0f4fbdc664"
sniper,AWP,false,140835,138042,3,2,19,"5b499e0f4fbdc664"
rifle,AK-47,false,150571,147168,2,2,20,"5b499e0f4fbdc664"
rifle,AK-47,false,161871,156222,2,2,21,"5b499e0f4fbdc664"
pistol,Dual Berettas,false,9111,5981,3,3,1,"5b5534fa0e89a1cc"
sniper,AWP,false,28301,26551,2,2,4,"5b5534fa0e89a1cc"
sniper,AWP,false,43959,37516,2,2,5,"5b5534fa0e89a1cc"
rifle,AK-47,false,54265,47593,2,2,6,"5b5534fa0e89a1cc"
rifle,AK-47,false,74247,67907,3,3,8,"5b5534fa0e89a1cc"
rifle,AK-47,false,91705,89015,2,2,10,"5b5534fa0e89a1cc"
rifle,AK-47,false,110347,107545,2,2,12,"5b5534fa0e89a1cc"
pistol,Glock-18,false,119421,116492,2,3,13,"5b5534fa0e89a1cc"
rifle,AK-47,false,144087,139540,3,3,16,"5b5534fa0e89a1cc"
rifle,AK-47,false,153597,151024,3,3,18,"5b5534fa0e89a1cc"
rifle,AK-47,false,169976,166778,2,2,20,"5b5534fa0e89a1cc"
pistol,USP-S,false,3736,1,3,3,1,"5c149df14353820b"
rifle,AK-47,false,61464,57358,3,3,7,"5c149df14353820b"
sniper,AWP,false,67093,65071,2,2,8,"5c149df14353820b"
rifle,Galil AR,false,78696,75259,2,2,9,"5c149df14353820b"
rifle,AK-47,false,86522,83201,2,2,10,"5c149df14353820b"
sniper,AWP,false,97440,93124,2,2,11,"5c149df14353820b"
pistol,Glock-18,false,105823,103594,2,2,12,"5c149df14353820b"
pistol,Glock-18,false,120978,114020,2,3,13,"5c149df14353820b"
pistol,USP-S,false,2640,1,3,3,1,"5c202255dcaea603"
rifle,FAMAS,false,9828,6761,3,3,3,"5c202255dcaea603"
rifle,AK-47,false,22365,19519,3,3,5,"5c202255dcaea603"
sniper,AWP,false,31534,29266,2,2,7,"5c202255dcaea603"
rifle,AK-47,false,39398,37448,2,3,8,"5c202255dcaea603"
rifle,AK-47,false,51785,46536,2,2,9,"5c202255dcaea603"
rifle,AK-47,false,58346,53339,2,3,10,"5c202255dcaea603"
pistol,USP-S,false,83414,79241,3,3,13,"5c202255dcaea603"
sniper,AWP,false,105756,103405,3,3,17,"5c202255dcaea603"
sniper,AWP,false,114924,110334,3,3,18,"5c202255dcaea603"
rifle,AK-47,false,131475,126916,2,2,20,"5c202255dcaea603"
pistol,USP-S,false,2611,1,3,3,1,"5c24f4bc1eb6dbef"
rifle,AK-47,false,44387,40738,2,2,6,"5c24f4bc1eb6dbef"
rifle,M4A1,false,56855,51612,3,3,8,"5c24f4bc1eb6dbef"
rifle,AK-47,false,64871,59119,2,3,9,"5c24f4bc1eb6dbef"
rifle,AK-47,false,73979,70420,3,3,10,"5c24f4bc1eb6dbef"
rifle,M4A4,false,82318,80013,3,2,11,"5c24f4bc1eb6dbef"
rifle,M4A4,false,90228,87922,3,3,12,"5c24f4bc1eb6dbef"
pistol,P2000,false,118420,95832,3,3,13,"5c24f4bc1eb6dbef"
rifle,AK-47,false,146652,141953,2,2,18,"5c24f4bc1eb6dbef"
rifle,AK-47,false,153263,149447,2,3,19,"5c24f4bc1eb6dbef"
rifle,AK-47,false,163581,159470,2,2,20,"5c24f4bc1eb6dbef"
rifle,M4A1,false,6549,10,3,3,1,"5c3bb5c9692c9cc8"
rifle,M4A1,false,52955,20942,3,3,4,"5c3bb5c9692c9cc8"
rifle,AK-47,false,85173,81236,2,2,8,"5c3bb5c9692c9cc8"
pistol,USP-S,false,848,1,3,3,1,"5c82212d3accfe0d"
sniper,AWP,false,18677,13183,3,2,3,"5c82212d3accfe0d"
rifle,AK-47,false,56725,43790,2,3,6,"5c82212d3accfe0d"
rifle,AK-47,false,70177,67451,2,2,8,"5c82212d3accfe0d"
sniper,AWP,false,89015,86534,3,3,10,"5c82212d3accfe0d"
pistol,P250,false,110812,108329,2,2,13,"5c82212d3accfe0d"
rifle,Galil AR,false,128825,125382,2,3,16,"5c82212d3accfe0d"
rifle,M4A1,false,134082,131375,3,3,17,"5c82212d3accfe0d"
rifle,Galil AR,false,182231,177125,2,2,22,"5c82212d3accfe0d"
melee,Knife,false,1569,1,3,3,1,"5cb8c0ec2d76bf"
pistol,USP-S,false,6788,4478,3,2,3,"5cb8c0ec2d76bf"
rifle,M4A1,false,28748,24716,3,2,7,"5cb8c0ec2d76bf"
rifle,M4A1,false,36046,33754,3,3,8,"5cb8c0ec2d76bf"
sniper,AWP,false,52055,47869,3,2,10,"5cb8c0ec2d76bf"
rifle,M4A1,false,57799,55249,3,3,11,"5cb8c0ec2d76bf"
rifle,AK-47,false,68371,64438,2,3,13,"5cb8c0ec2d76bf"
pistol,USP-S,false,88032,84122,3,2,15,"5cb8c0ec2d76bf"
pistol,Glock-18,false,11108,6508,2,3,1,"5cd3dc87042dc5fa"
smg,MP9,false,24757,19158,3,3,3,"5cd3dc87042dc5fa"
sniper,AWP,false,34829,32789,2,2,5,"5cd3dc87042dc5fa"
rifle,AK-47,false,47150,39073,2,2,6,"5cd3dc87042dc5fa"
rifle,AK-47,false,55060,52725,2,2,7,"5cd3dc87042dc5fa"
sniper,AWP,false,60869,58868,2,2,8,"5cd3dc87042dc5fa"
rifle,AK-47,false,78145,73744,2,2,9,"5cd3dc87042dc5fa"
rifle,AK-47,false,97590,95301,2,3,11,"5cd3dc87042dc5fa"
rifle,M4A1,false,107616,104257,3,3,12,"5cd3dc87042dc5fa"
pistol,USP-S,false,127377,113205,3,2,13,"5cd3dc87042dc5fa"
sniper,AWP,false,147977,145786,3,2,16,"5cd3dc87042dc5fa"
sniper,AWP,false,166517,162358,3,3,17,"5cd3dc87042dc5fa"
sniper,AWP,false,176147,169939,3,3,18,"5cd3dc87042dc5fa"
rifle,M4A1,false,192174,189608,3,3,20,"5cd3dc87042dc5fa"
rifle,M4A1,false,208980,204136,3,2,22,"5cd3dc87042dc5fa"
pistol,USP-S,false,1819,1,3,3,1,"5d10f4fbd00192bb"
rifle,AK-47,false,22345,19460,2,3,4,"5d10f4fbd00192bb"
rifle,M4A4,false,35401,33077,3,2,6,"5d10f4fbd00192bb"
rifle,AK-47,false,43394,41025,2,2,7,"5d10f4fbd00192bb"
rifle,AK-47,false,51766,49563,2,2,8,"5d10f4fbd00192bb"
sniper,AWP,false,68633,65521,3,3,10,"5d10f4fbd00192bb"
rifle,M4A1,false,75680,73212,3,3,11,"5d10f4fbd00192bb"
pistol,Dual Berettas,false,89853,86987,3,2,13,"5d10f4fbd00192bb"
rifle,M4A1,false,104063,98929,3,3,15,"5d10f4fbd00192bb"
rifle,AK-47,false,117949,115058,3,3,17,"5d10f4fbd00192bb"
rifle,AK-47,false,132615,130252,2,3,19,"5d10f4fbd00192bb"
rifle,M4A1,false,143212,139644,3,3,20,"5d10f4fbd00192bb"
rifle,AK-47,false,148563,146161,3,3,21,"5d10f4fbd00192bb"
rifle,M4A1,false,166790,164318,3,3,23,"5d10f4fbd00192bb"
rifle,M4A1,false,177481,175326,3,3,24,"5d10f4fbd00192bb"
pistol,P250,false,22081,369,2,2,1,"5db37f2170255bf8"
rifle,M4A1,false,36620,34451,3,2,4,"5db37f2170255bf8"
rifle,AK-47,false,59234,55563,2,2,6,"5db37f2170255bf8"
rifle,M4A1,false,68057,65003,3,3,7,"5db37f2170255bf8"
sniper,AWP,false,80578,76903,3,3,8,"5db37f2170255bf8"
rifle,AK-47,false,92386,85991,2,2,9,"5db37f2170255bf8"
rifle,AK-47,false,102658,97488,2,2,10,"5db37f2170255bf8"
rifle,M4A1,false,107516,104695,3,3,11,"5db37f2170255bf8"
rifle,M4A4,false,112801,110384,3,3,12,"5db37f2170255bf8"
pistol,Dual Berettas,false,132278,118293,3,3,13,"5db37f2170255bf8"
sniper,AWP,false,163251,158811,3,3,17,"5db37f2170255bf8"
sniper,AWP,false,171369,167899,3,3,18,"5db37f2170255bf8"
sniper,AWP,false,178146,175576,3,3,19,"5db37f2170255bf8"
sniper,AWP,false,200562,194327,3,3,21,"5db37f2170255bf8"
pistol,USP-S,false,3763,79,3,3,1,"5deff1165e818acf"
rifle,M4A1,false,47096,42605,3,2,6,"5deff1165e818acf"
rifle,AK-47,false,61622,58828,2,2,8,"5deff1165e818acf"
sniper,AWP,false,79664,77039,3,2,10,"5deff1165e818acf"
pistol,USP-S,false,105552,101074,3,3,13,"5deff1165e818acf"
rifle,AK-47,false,3767,1,2,2,1,"5e04d12b8d884d33"
pistol,Glock-18,false,25343,9955,2,2,2,"5e04d12b8d884d33"
pistol,Dual Berettas,false,22447,18932,3,3,1,"5eb526ce6c2105f1"
rifle,M4A1,false,30542,28174,3,3,3,"5eb526ce6c2105f1"
sniper,AWP,false,46293,44293,3,2,5,"5eb526ce6c2105f1"
sniper,AWP,false,57450,55383,3,2,7,"5eb526ce6c2105f1"
rifle,AK-47,false,66812,63840,2,2,8,"5eb526ce6c2105f1"
rifle,AK-47,false,71471,69341,2,2,9,"5eb526ce6c2105f1"
rifle,AK-47,false,85600,82970,3,3,11,"5eb526ce6c2105f1"
pistol,Glock-18,false,96590,93065,2,2,13,"5eb526ce6c2105f1"
rifle,AK-47,false,115251,112722,2,3,16,"5eb526ce6c2105f1"
rifle,AK-47,false,127556,123929,2,2,18,"5eb526ce6c2105f1"
rifle,AK-47,false,135289,131658,2,2,19,"5eb526ce6c2105f1"
rifle,AK-47,false,151764,149406,2,2,21,"5eb526ce6c2105f1"
rifle,M4A1,false,171143,168055,3,2,24,"5eb526ce6c2105f1"
melee,Knife,false,1192,1,3,2,1,"5ef2d1b23ef60496"
pistol,Glock-18,false,5096,2357,2,2,4,"5ef2d1b23ef60496"
rifle,M4A1,false,15931,12760,3,3,6,"5ef2d1b23ef60496"
rifle,M4A1,false,41343,36162,3,3,9,"5ef2d1b23ef60496"
sniper,AWP,false,48361,46152,3,2,10,"5ef2d1b23ef60496"
rifle,M4A1,false,73127,66412,3,2,12,"5ef2d1b23ef60496"
rifle,AK-47,false,87410,81270,2,2,14,"5ef2d1b23ef60496"
pistol,Dual Berettas,false,103336,100737,3,2,16,"5ef2d1b23ef60496"
rifle,AK-47,false,128389,122553,2,2,19,"5ef2d1b23ef60496"
sniper,AWP,false,134700,132652,3,3,20,"5ef2d1b23ef60496"
sniper,AWP,false,143740,140918,3,3,21,"5ef2d1b23ef60496"
rifle,M4A1,false,154377,151289,3,3,23,"5ef2d1b23ef60496"
pistol,Glock-18,false,7888,5814,2,2,1,"5ef7cf95e5d4a0b7"
rifle,AK-47,false,17100,14559,2,2,3,"5ef7cf95e5d4a0b7"
sniper,AWP,false,28024,26215,3,2,5,"5ef7cf95e5d4a0b7"
rifle,AK-47,false,47583,44559,2,2,8,"5ef7cf95e5d4a0b7"
rifle,AK-47,false,52784,49572,2,2,9,"5ef7cf95e5d4a0b7"
rifle,AK-47,false,62256,60116,2,2,11,"5ef7cf95e5d4a0b7"
pistol,Glock-18,false,77460,74195,2,2,13,"5ef7cf95e5d4a0b7"
pistol,USP-S,false,9174,5978,3,2,1,"5fcf39d9e0b4c677"
rifle,M4A1,false,26948,23448,3,3,4,"5fcf39d9e0b4c677"
sniper,AWP,false,33259,30809,2,3,5,"5fcf39d9e0b4c677"
rifle,M4A1,false,53026,45937,3,2,7,"5fcf39d9e0b4c677"
rifle,Galil AR,false,61514,56806,2,3,8,"5fcf39d9e0b4c677"
sniper,AWP,false,75410,73309,3,3,10,"5fcf39d9e0b4c677"
sniper,AWP,false,86884,84522,2,3,12,"5fcf39d9e0b4c677"
pistol,USP-S,false,98554,95495,3,2,13,"5fcf39d9e0b4c677"
rifle,M4A1,false,136702,131890,3,3,18,"5fcf39d9e0b4c677"
sniper,AWP,false,147777,144897,3,3,20,"5fcf39d9e0b4c677"
rifle,AK-47,false,166439,161024,2,2,22,"5fcf39d9e0b4c677"
rifle,AK-47,false,174089,170144,2,2,23,"5fcf39d9e0b4c677"
pistol,USP-S,false,2425,1,3,3,1,"6001a40aad334cc"
rifle,AK-47,false,44448,41679,2,2,8,"6001a40aad334cc"
sniper,AWP,false,63375,61302,3,3,12,"6001a40aad334cc"
pistol,P250,false,70049,67305,2,3,13,"6001a40aad334cc"
rifle,AK-47,false,113086,110146,2,3,19,"6001a40aad334cc"
pistol,USP-S,false,4042,96,3,3,1,"609799b658f786f7"
sniper,AWP,false,27386,20712,2,2,4,"609799b658f786f7"
rifle,M4A4,false,33504,31596,3,3,5,"609799b658f786f7"
rifle,AK-47,false,41015,38210,2,2,6,"609799b658f786f7"
rifle,M4A4,false,55579,53555,3,3,9,"609799b658f786f7"
rifle,AK-47,false,64688,62531,2,2,10,"609799b658f786f7"
pistol,Dual Berettas,false,88143,85491,3,2,13,"609799b658f786f7"
sniper,AWP,false,115438,111213,3,3,16,"609799b658f786f7"
rifle,M4A1,false,136850,134479,3,2,19,"609799b658f786f7"
rifle,M4A1,false,143388,140776,3,2,20,"609799b658f786f7"
rifle,M4A1,false,155116,152829,3,3,22,"609799b658f786f7"
rifle,AK-47,false,161273,158242,3,3,23,"609799b658f786f7"
rifle,M4A1,false,166772,163141,3,2,24,"609799b658f786f7"
pistol,USP-S,false,8224,1018,3,3,1,"60ccb24c67247cda"
rifle,AK-47,false,75235,72599,2,2,10,"60ccb24c67247cda"
rifle,AK-47,false,92851,90484,2,3,12,"60ccb24c67247cda"
pistol,USP-S,false,114036,102232,3,3,13,"60ccb24c67247cda"
rifle,M4A4,false,146443,143539,3,2,18,"60ccb24c67247cda"
sniper,AWP,false,170746,164636,3,3,20,"60ccb24c67247cda"
smg,MP9,false,176970,174620,3,2,21,"60ccb24c67247cda"
rifle,M4A1,false,196792,193295,3,3,23,"60ccb24c67247cda"
rifle,AK-47,false,205058,199349,2,2,24,"60ccb24c67247cda"
rifle,AK-47,false,219439,211070,2,2,25,"60ccb24c67247cda"
rifle,M4A4,false,223389,221170,3,3,26,"60ccb24c67247cda"
rifle,AK-47,false,230951,226541,3,2,27,"60ccb24c67247cda"
rifle,AK-47,false,243526,240521,2,2,28,"60ccb24c67247cda"
sniper,AWP,false,249194,246151,3,3,29,"60ccb24c67247cda"
rifle,AK-47,false,260098,257310,2,2,30,"60ccb24c67247cda"
rifle,M4A1,false,271131,267918,3,2,31,"60ccb24c67247cda"
rifle,M4A1,false,286684,279476,3,3,32,"60ccb24c67247cda"
sniper,AWP,false,291186,288262,3,3,33,"60ccb24c67247cda"
rifle,AK-47,false,304395,297324,2,2,34,"60ccb24c67247cda"
rifle,M4A4,false,310342,308067,3,3,35,"60ccb24c67247cda"
rifle,Galil AR,false,319051,312681,2,2,36,"60ccb24c67247cda"
pistol,Glock-18,false,1873,1,2,3,1,"616a486dd559b3ab"
rifle,AK-47,false,45527,42866,2,2,7,"616a486dd559b3ab"
rifle,AK-47,false,55984,51636,2,2,8,"616a486dd559b3ab"
pistol,Dual Berettas,false,3607,1,3,3,1,"61c59eecc0f9f095"
rifle,M4A4,false,66800,63988,3,2,10,"61c59eecc0f9f095"
pistol,USP-S,false,2839,95,3,3,1,"62445b77e1210be9"
rifle,FAMAS,false,17152,12200,3,3,3,"62445b77e1210be9"
rifle,AK-47,false,29873,28073,2,2,5,"62445b77e1210be9"
rifle,AK-47,false,37291,33735,2,2,6,"62445b77e1210be9"
rifle,AK-47,false,57973,45020,2,2,7,"62445b77e1210be9"
rifle,M4A1,false,95284,91263,3,3,9,"62445b77e1210be9"
rifle,M4A1,false,112223,105949,3,3,11,"62445b77e1210be9"
pistol,USP-S,false,135539,132446,3,2,13,"62445b77e1210be9"
rifle,M4A1,false,180292,175210,3,2,20,"62445b77e1210be9"
pistol,Dual Berettas,false,9098,5979,3,3,1,"62f47ac112ded76c"
rifle,M4A4,false,41845,36431,3,3,5,"62f47ac112ded76c"
rifle,Galil AR,false,51231,47570,2,3,6,"62f47ac112ded76c"
rifle,AK-47,false,63144,60029,3,3,8,"62f47ac112ded76c"
sniper,AWP,false,76255,74056,3,3,10,"62f47ac112ded76c"
rifle,AK-47,false,87939,85524,3,3,12,"62f47ac112ded76c"
pistol,USP-S,false,97584,94842,3,2,13,"62f47ac112ded76c"
rifle,M4A1,false,112300,110091,3,3,15,"62f47ac112ded76c"
rifle,M4A1,false,130434,127550,3,2,18,"62f47ac112ded76c"
grenade,HE Grenade,false,141484,138876,2,2,19,"62f47ac112ded76c"
pistol,USP-S,false,9977,5979,3,3,1,"62fb056c88c365e6"
rifle,M4A1,false,21345,18614,3,3,3,"62fb056c88c365e6"
rifle,M4A1,false,35626,30949,3,3,5,"62fb056c88c365e6"
rifle,AK-47,false,43768,41065,2,2,7,"62fb056c88c365e6"
rifle,M4A1,false,52456,47948,3,3,8,"62fb056c88c365e6"
rifle,AK-47,false,62810,59014,3,3,9,"62fb056c88c365e6"
rifle,AK-47,false,68019,64313,3,3,10,"62fb056c88c365e6"
pistol,USP-S,false,91762,88717,3,2,13,"62fb056c88c365e6"
pistol,P250,false,4347,1,2,2,1,"630088bb1b27ebff"
rifle,M4A1,false,24860,22722,3,3,4,"631872f398737859"
rifle,M4A4,false,34342,32171,3,2,6,"631872f398737859"
rifle,M4A1,false,43977,41775,3,3,7,"631872f398737859"
world,World,false,220559,218082,3,3,14,"631872f398737859"
pistol,USP-S,false,229456,227267,3,3,15,"631872f398737859"
pistol,Glock-18,false,248023,245443,2,3,16,"631872f398737859"
world,World,false,293301,290945,3,3,23,"631872f398737859"
rifle,AK-47,false,297729,296316,2,2,24,"631872f398737859"
pistol,USP-S,false,3425,1,3,3,1,"63489421a548b044"
rifle,AK-47,false,13574,9483,2,3,3,"63489421a548b044"
rifle,AK-47,false,26138,23926,3,3,5,"63489421a548b044"
sniper,AWP,false,36105,32725,3,3,7,"63489421a548b044"
rifle,AK-47,false,44455,41847,3,3,8,"63489421a548b044"
sniper,AWP,false,55904,52579,2,3,10,"63489421a548b044"
rifle,AK-47,false,66594,64262,3,2,12,"63489421a548b044"
pistol,Glock-18,false,78617,71920,2,2,13,"63489421a548b044"
pistol,USP-S,false,9219,5980,3,3,1,"6394adb370a024c4"
rifle,M4A1,false,20969,17605,3,3,3,"6394adb370a024c4"
sniper,AWP,false,39229,36629,2,2,5,"6394adb370a024c4"
rifle,M4A1,false,53222,50593,3,3,7,"6394adb370a024c4"
rifle,AK-47,false,61580,56971,2,2,8,"6394adb370a024c4"
rifle,AK-47,false,68424,65697,2,2,9,"6394adb370a024c4"
sniper,AWP,false,83926,81044,3,3,11,"6394adb370a024c4"
sniper,AWP,false,88864,85676,3,3,12,"6394adb370a024c4"
pistol,Glock-18,false,99530,96105,2,2,13,"6394adb370a024c4"
rifle,AK-47,false,124920,120472,2,2,17,"6394adb370a024c4"
rifle,AK-47,false,131662,129146,2,2,18,"6394adb370a024c4"
pistol,Dual Berettas,false,3945,124,3,3,1,"64219c2ff487875e"
sniper,AWP,false,13408,10555,3,3,3,"64219c2ff487875e"
sniper,AWP,false,31562,25034,3,3,5,"64219c2ff487875e"
rifle,AK-47,false,39238,34611,3,3,6,"64219c2ff487875e"
rifle,AK-47,false,54068,46860,3,2,8,"64219c2ff487875e"
rifle,AK-47,false,62820,55997,2,2,9,"64219c2ff487875e"
sniper,AWP,false,69981,66934,3,3,10,"64219c2ff487875e"
sniper,AWP,false,83406,78111,2,3,11,"64219c2ff487875e"
pistol,Glock-18,false,95130,92286,2,3,13,"64219c2ff487875e"
rifle,M4A1,false,115813,111186,3,3,16,"64219c2ff487875e"
rifle,AK-47,false,130181,126434,2,2,18,"64219c2ff487875e"
pistol,Glock-18,false,10157,5979,2,2,1,"6453198612798e06"
rifle,M4A1,false,20703,18623,3,3,3,"6453198612798e06"
rifle,Galil AR,false,50327,45619,2,3,7,"6453198612798e06"
rifle,M4A1,false,64632,62260,3,2,9,"6453198612798e06"
rifle,M4A1,false,74390,69485,3,3,10,"6453198612798e06"
pistol,USP-S,false,101750,99439,3,2,13,"6453198612798e06"
sniper,AWP,false,117862,115794,3,3,15,"6453198612798e06"
rifle,M4A1,false,132704,130346,3,3,17,"6453198612798e06"
rifle,AK-47,false,139496,137328,2,3,18,"6453198612798e06"
sniper,AWP,false,152848,150387,3,3,20,"6453198612798e06"
sniper,AWP,false,170442,162568,3,2,22,"6453198612798e06"
rifle,M4A1,false,177864,172714,3,3,23,"6453198612798e06"
pistol,USP-S,false,3391,1,3,2,1,"64924f6ac87b489b"
rifle,AK-47,false,84238,81586,2,3,11,"64924f6ac87b489b"
rifle,M4A1,false,88766,86279,3,3,12,"64924f6ac87b489b"
pistol,USP-S,false,98243,94671,3,3,13,"64924f6ac87b489b"
rifle,M4A1,false,126967,122402,3,3,16,"64924f6ac87b489b"
pistol,Dual Berettas,false,8445,5980,3,3,1,"653656c267079f32"
rifle,AK-47,false,32577,28540,2,2,5,"653656c267079f32"
rifle,AK-47,false,42449,39912,2,2,6,"653656c267079f32"
sniper,AWP,false,48133,46029,3,2,7,"653656c267079f32"
rifle,AK-47,false,66084,64192,3,2,9,"653656c267079f32"
sniper,AWP,false,71215,69330,3,3,10,"653656c267079f32"
rifle,AK-47,false,75889,73839,2,3,11,"653656c267079f32"
rifle,AK-47,false,84045,82019,2,2,12,"653656c267079f32"
pistol,Glock-18,false,91886,89120,2,2,13,"653656c267079f32"
rifle,Galil AR,false,121534,115915,3,3,17,"653656c267079f32"
pistol,Glock-18,false,3136,1,2,2,1,"654d40ac61c0eaed"
sniper,AWP,false,30959,23809,2,3,4,"654d40ac61c0eaed"
rifle,M4A1,false,60450,53432,3,3,7,"654d40ac61c0eaed"
sniper,AWP,false,64240,62392,2,2,8,"654d40ac61c0eaed"
rifle,M4A1,false,80039,71645,2,2,9,"654d40ac61c0eaed"
pistol,USP-S,false,118060,113676,3,3,13,"654d40ac61c0eaed"
rifle,AK-47,false,151887,149889,2,2,18,"654d40ac61c0eaed"
rifle,M4A1,false,221229,215283,3,3,25,"654d40ac61c0eaed"
rifle,AK-47,false,230206,224118,3,2,26,"654d40ac61c0eaed"
sniper,AWP,false,236584,234438,3,3,27,"654d40ac61c0eaed"
rifle,M4A1,false,248404,241188,3,3,28,"654d40ac61c0eaed"
sniper,AWP,false,254340,252736,2,2,29,"654d40ac61c0eaed"
sniper,AWP,false,267021,259657,2,2,30,"654d40ac61c0eaed"
pistol,Glock-18,false,2335,1,2,2,1,"65500a61e0c496f2"
rifle,M4A1,false,36751,33096,3,3,6,"65500a61e0c496f2"
pistol,Glock-18,false,100513,84897,2,2,13,"65500a61e0c496f2"
rifle,Galil AR,false,116248,114190,2,2,15,"65500a61e0c496f2"
rifle,M4A1,false,129443,127187,3,3,17,"65500a61e0c496f2"
rifle,AK-47,false,139962,136169,2,2,19,"65500a61e0c496f2"
pistol,USP-S,false,8450,4062,3,2,1,"668c692473314dc9"
rifle,M4A1,false,18550,16391,3,2,3,"668c692473314dc9"
rifle,AK-47,false,34643,32086,2,2,5,"668c692473314dc9"
rifle,M4A1,false,42055,39344,3,2,6,"668c692473314dc9"
rifle,AK-47,false,60867,58755,2,2,8,"668c692473314dc9"
rifle,M4A4,false,77745,74876,3,3,10,"668c692473314dc9"
pistol,USP-S,false,104376,101222,3,3,13,"668c692473314dc9"
pistol,USP-S,false,1781,1,3,3,1,"66c413347ad94050"
sniper,AWP,false,14467,7770,3,2,3,"66c413347ad94050"
pistol,Dual Berettas,false,3632,100,3,3,1,"6716f721d3b95b26"
sniper,AWP,false,35467,31339,2,3,5,"6716f721d3b95b26"
rifle,M4A1,false,43540,40299,3,2,6,"6716f721d3b95b26"
rifle,M4A1,false,59788,56186,3,2,8,"6716f721d3b95b26"
rifle,AK-47,false,81843,72424,2,2,10,"6716f721d3b95b26"
rifle,AK-47,false,96801,94964,3,3,12,"6716f721d3b95b26"
pistol,USP-S,false,103952,100775,3,2,13,"6716f721d3b95b26"
sniper,AWP,false,116895,113334,2,2,15,"6716f721d3b95b26"
rifle,M4A1,false,135207,129317,3,2,17,"6716f721d3b95b26"
grenade,Molotov,false,153745,150824,2,2,19,"6716f721d3b95b26"
sniper,AWP,false,161754,157811,3,3,20,"6716f721d3b95b26"
sniper,AWP,false,170665,165588,2,2,21,"6716f721d3b95b26"
rifle,M4A1,false,176925,174095,3,2,22,"6716f721d3b95b26"
pistol,Glock-18,false,6949,3502,2,2,1,"67cf0c69da510ff"
grenade,HE Grenade,false,30876,28729,3,3,4,"67cf0c69da510ff"
rifle,AK-47,false,42203,36509,3,3,5,"67cf0c69da510ff"
rifle,M4A1,false,65622,63085,3,2,8,"67cf0c69da510ff"
sniper,AWP,false,86152,81688,3,3,10,"67cf0c69da510ff"
pistol,Glock-18,false,124019,115553,2,2,13,"67cf0c69da510ff"
sniper,AWP,false,164872,159680,3,3,17,"67cf0c69da510ff"
rifle,AK-47,false,184201,180513,2,2,19,"67cf0c69da510ff"
sniper,AWP,false,194409,187911,2,2,20,"67cf0c69da510ff"
pistol,Glock-18,false,4116,1009,2,2,1,"68706dd3b8edc89f"
smg,MAC-10,false,9467,7360,2,2,2,"68706dd3b8edc89f"
smg,MAC-10,false,16923,14262,2,2,3,"68706dd3b8edc89f"
rifle,M4A4,false,22999,19952,3,3,4,"68706dd3b8edc89f"
sniper,AWP,false,26497,24252,2,3,5,"68706dd3b8edc89f"
rifle,AK-47,false,44704,42681,2,2,7,"68706dd3b8edc89f"
rifle,M4A1,false,64965,59911,3,3,9,"68706dd3b8edc89f"
sniper,AWP,false,70282,67769,2,2,10,"68706dd3b8edc89f"
pistol,USP-S,false,89720,86544,3,3,13,"68706dd3b8edc89f"
sniper,AWP,false,105602,103210,3,3,16,"68706dd3b8edc89f"
pistol,Glock-18,false,4304,966,2,2,1,"693fd86c1955754e"
rifle,M4A1,false,14524,12355,3,2,3,"693fd86c1955754e"
sniper,AWP,false,34678,31357,3,3,5,"693fd86c1955754e"
rifle,AK-47,false,38232,35605,2,2,6,"693fd86c1955754e"
rifle,M4A1,false,47277,45200,3,2,7,"693fd86c1955754e"
rifle,Galil AR,false,63249,56723,2,3,8,"693fd86c1955754e"
rifle,M4A1,false,74900,71647,3,3,10,"693fd86c1955754e"
rifle,M4A1,false,83204,80893,3,2,12,"693fd86c1955754e"
pistol,Glock-18,false,90055,86739,2,2,13,"693fd86c1955754e"
rifle,AK-47,false,110891,107581,2,2,16,"693fd86c1955754e"
rifle,M4A1,false,121694,115769,3,3,17,"693fd86c1955754e"
sniper,AWP,false,127644,124645,3,2,18,"693fd86c1955754e"
rifle,AK-47,false,134589,131547,3,3,19,"693fd86c1955754e"
smg,MAC-10,false,142803,140609,2,2,20,"693fd86c1955754e"
rifle,M4A1,false,152589,146486,3,3,21,"693fd86c1955754e"
rifle,AK-47,false,160099,157029,2,3,22,"693fd86c1955754e"
rifle,AK-47,false,176012,169158,2,2,24,"693fd86c1955754e"
rifle,M4A1,false,183450,178827,3,3,25,"693fd86c1955754e"
sniper,AWP,false,192081,187663,3,3,26,"693fd86c1955754e"
rifle,AK-47,false,201292,197476,2,2,27,"693fd86c1955754e"
rifle,AK-47,false,207252,204724,2,2,28,"693fd86c1955754e"
rifle,AK-47,false,216976,211681,2,2,29,"693fd86c1955754e"
pistol,P2000,false,3453,86,3,3,1,"698ae7f08e02241e"
rifle,AK-47,false,9090,7237,2,2,3,"698ae7f08e02241e"
sniper,AWP,false,30584,28077,3,3,6,"698ae7f08e02241e"
sniper,AWP,false,40044,37758,3,3,8,"698ae7f08e02241e"
rifle,AK-47,false,46601,44397,2,3,9,"698ae7f08e02241e"
sniper,AWP,false,57027,55276,3,3,11,"698ae7f08e02241e"
pistol,USP-S,false,67448,64909,3,3,13,"698ae7f08e02241e"
rifle,AK-47,false,75074,72912,2,2,15,"698ae7f08e02241e"
pistol,Dual Berettas,false,4917,92,3,3,1,"69cae9aa07ad85b0"
rifle,M4A1,false,24111,17754,3,3,3,"69cae9aa07ad85b0"
rifle,AK-47,false,32673,29418,2,2,5,"69cae9aa07ad85b0"
rifle,AK-47,false,39183,36179,2,2,6,"69cae9aa07ad85b0"
rifle,AK-47,false,48138,46088,2,2,7,"69cae9aa07ad85b0"
rifle,AK-47,false,58012,55209,2,2,8,"69cae9aa07ad85b0"
rifle,M4A1,false,66912,64335,3,3,9,"69cae9aa07ad85b0"
rifle,M4A4,false,71201,68838,3,2,10,"69cae9aa07ad85b0"
rifle,AK-47,false,79182,76162,2,2,11,"69cae9aa07ad85b0"
rifle,M4A4,false,87708,85180,3,3,12,"69cae9aa07ad85b0"
pistol,USP-S,false,93543,90687,3,2,13,"69cae9aa07ad85b0"
rifle,M4A1,false,121637,118384,3,3,16,"69cae9aa07ad85b0"
rifle,Galil AR,false,131188,124943,2,2,17,"69cae9aa07ad85b0"
sniper,AWP,false,140663,135436,2,3,18,"69cae9aa07ad85b0"
rifle,AK-47,false,147539,144396,2,2,19,"69cae9aa07ad85b0"
smg,MP9,false,153931,151696,3,2,20,"69cae9aa07ad85b0"
sniper,AWP,false,166556,162119,3,3,21,"69cae9aa07ad85b0"
rifle,AK-47,false,178399,171079,3,3,22,"69cae9aa07ad85b0"
rifle,M4A1,false,196176,193570,3,2,24,"69cae9aa07ad85b0"
pistol,Glock-18,false,2035,1,2,2,1,"6aca9ea7f4956b5c"
rifle,M4A1,false,12930,10465,3,2,3,"6aca9ea7f4956b5c"
rifle,M4A1,false,20205,16640,3,3,4,"6aca9ea7f4956b5c"
rifle,AK-47,false,51205,46608,3,2,8,"6aca9ea7f4956b5c"
rifle,M4A4,false,81126,79128,3,3,12,"6aca9ea7f4956b5c"
pistol,USP-S,false,92074,82952,3,3,13,"6aca9ea7f4956b5c"
rifle,M4A1,false,107727,101855,3,3,15,"6aca9ea7f4956b5c"
sniper,AWP,false,119464,117266,2,2,17,"6aca9ea7f4956b5c"
rifle,AK-47,false,133465,129930,2,2,18,"6aca9ea7f4956b5c"
rifle,M4A4,false,156307,150701,3,2,20,"6aca9ea7f4956b5c"
rifle,AK-47,false,173518,168035,2,2,22,"6aca9ea7f4956b5c"
pistol,USP-S,false,15695,1017,3,2,1,"6b0b30d74fce30dc"
rifle,AK-47,false,23882,21840,2,2,3,"6b0b30d74fce30dc"
grenade,Molotov,false,65546,63514,2,3,5,"6b0b30d74fce30dc"
rifle,AK-47,false,72225,70158,2,2,6,"6b0b30d74fce30dc"
rifle,AK-47,false,98281,80189,2,2,7,"6b0b30d74fce30dc"
rifle,AK-47,false,109380,104401,2,2,8,"6b0b30d74fce30dc"
rifle,AK-47,false,116356,113803,2,3,9,"6b0b30d74fce30dc"
rifle,AK-47,false,120754,118399,2,2,10,"6b0b30d74fce30dc"
rifle,M4A4,false,126147,124116,3,2,11,"6b0b30d74fce30dc"
pistol,USP-S,false,151588,139574,3,2,13,"6b0b30d74fce30dc"
rifle,Galil AR,false,162479,159510,2,2,15,"6b0b30d74fce30dc"
rifle,M4A4,false,176286,172214,3,3,17,"6b0b30d74fce30dc"
sniper,AWP,false,193111,189610,3,3,19,"6b0b30d74fce30dc"
rifle,AK-47,false,214532,212069,2,2,22,"6b0b30d74fce30dc"
pistol,USP-S,false,14038,2,3,3,1,"6c39cfc7f9d8bab6"
rifle,M4A1,false,28961,24843,3,3,4,"6c39cfc7f9d8bab6"
rifle,AK-47,false,47891,41147,2,2,6,"6c39cfc7f9d8bab6"
rifle,M4A1,false,63576,58968,3,2,8,"6c39cfc7f9d8bab6"
pistol,Glock-18,false,5116,2822,2,3,1,"6c843bb3d7193e3c"
smg,MP9,false,20774,16935,3,2,4,"6c843bb3d7193e3c"
rifle,AK-47,false,29633,26639,2,2,5,"6c843bb3d7193e3c"
rifle,AK-47,false,40085,36392,2,3,6,"6c843bb3d7193e3c"
sniper,AWP,false,50139,47199,2,2,7,"6c843bb3d7193e3c"
grenade,HE Grenade,false,70750,66233,3,2,9,"6c843bb3d7193e3c"
pistol,Glock-18,false,100562,98053,2,2,13,"6c843bb3d7193e3c"
rifle,AK-47,false,123823,117078,2,2,16,"6c843bb3d7193e3c"
rifle,AK-47,false,138747,135318,2,2,18,"6c843bb3d7193e3c"
rifle,AK-47,false,146923,143017,2,2,19,"6c843bb3d7193e3c"
rifle,M4A1,false,154517,150900,3,3,20,"6c843bb3d7193e3c"
rifle,AK-47,false,162193,159988,2,3,21,"6c843bb3d7193e3c"
pistol,P250,false,2007,1,2,2,1,"6d4048adecfe5ab1"
sniper,SSG 08,false,14936,13037,3,2,3,"6d4048adecfe5ab1"
rifle,M4A4,false,21865,19155,3,3,4,"6d4048adecfe5ab1"
rifle,M4A1,false,46808,43359,3,2,7,"6d4048adecfe5ab1"
rifle,M4A1,false,53273,50228,3,2,8,"6d4048adecfe5ab1"
rifle,M4A1,false,81673,74310,3,3,10,"6d4048adecfe5ab1"
grenade,HE Grenade,false,84936,82814,3,2,11,"6d4048adecfe5ab1"
pistol,Glock-18,false,107018,102035,2,2,13,"6d4048adecfe5ab1"
rifle,AK-47,false,142161,139436,2,2,17,"6d4048adecfe5ab1"
rifle,AK-47,false,153591,150800,2,3,18,"6d4048adecfe5ab1"
rifle,AK-47,false,162403,157597,2,3,19,"6d4048adecfe5ab1"
rifle,M4A4,false,175283,169530,3,2,20,"6d4048adecfe5ab1"
rifle,AK-47,false,194308,191721,2,2,22,"6d4048adecfe5ab1"
rifle,AK-47,false,209067,204542,2,2,23,"6d4048adecfe5ab1"
pistol,P2000,false,4621,56,3,3,1,"6d7e93763553c4ad"
rifle,M4A4,false,26080,21346,3,3,4,"6d7e93763553c4ad"
rifle,M4A1,false,40897,35007,3,2,6,"6d7e93763553c4ad"
sniper,AWP,false,51526,49336,2,2,7,"6d7e93763553c4ad"
rifle,Galil AR,false,61560,57718,2,2,8,"6d7e93763553c4ad"
rifle,AK-47,false,73710,70128,2,3,10,"6d7e93763553c4ad"
rifle,M4A1,false,78492,76081,3,3,11,"6d7e93763553c4ad"
pistol,USP-S,false,94932,91085,3,2,13,"6d7e93763553c4ad"
smg,MAC-10,false,120519,118064,2,2,16,"6d7e93763553c4ad"
rifle,M4A1,false,141403,138546,3,3,18,"6d7e93763553c4ad"
rifle,M4A1,false,159707,157520,3,2,21,"6d7e93763553c4ad"
pistol,Glock-18,false,3680,1,2,3,1,"6ddd1f7ec36ec711"
sniper,AWP,false,87232,80900,2,2,11,"6ddd1f7ec36ec711"
pistol,USP-S,false,138532,130075,3,3,13,"6ddd1f7ec36ec711"
rifle,M4A1,false,149864,147859,3,2,16,"6ddd1f7ec36ec711"
rifle,M4A1,false,173264,168104,3,3,19,"6ddd1f7ec36ec711"
pistol,USP-S,false,8055,5776,3,2,1,"6df18263276a9b40"
rifle,M4A1,false,40200,37892,3,2,5,"6df18263276a9b40"
rifle,AK-47,false,49041,46015,2,3,6,"6df18263276a9b40"
rifle,AK-47,false,77311,70345,2,2,9,"6df18263276a9b40"
sniper,AWP,false,86162,81672,3,3,10,"6df18263276a9b40"
sniper,AWP,false,96493,92165,3,2,11,"6df18263276a9b40"
smg,MP9,false,106591,102838,3,3,12,"6df18263276a9b40"
pistol,P250,false,116677,112678,2,2,13,"6df18263276a9b40"
rifle,M4A4,false,126287,123042,3,3,15,"6df18263276a9b40"
rifle,AK-47,false,140102,134233,2,2,17,"6df18263276a9b40"
rifle,AK-47,false,148751,143936,2,2,18,"6df18263276a9b40"
rifle,AK-47,false,4490,10,2,3,1,"6e0e8a618cacdda5"
rifle,AK-47,false,22740,19964,2,3,4,"6e0e8a618cacdda5"
sniper,AWP,false,38198,36131,3,3,6,"6e0e8a618cacdda5"
rifle,AK-47,false,57227,51212,2,2,8,"6e0e8a618cacdda5"
rifle,M4A4,false,32766,6,3,2,1,"6e376ce7ab748c62"
rifle,M4A1,false,47417,45339,3,3,3,"6e376ce7ab748c62"
rifle,Galil AR,false,56931,54299,2,2,4,"6e376ce7ab748c62"
rifle,AK-47,false,65632,62758,2,3,5,"6e376ce7ab748c62"
sniper,AWP,false,71576,69488,2,2,6,"6e376ce7ab748c62"
pistol,USP-S,false,123602,103292,3,2,10,"6e376ce7ab748c62"
rifle,M4A1,false,147550,145520,3,3,14,"6e376ce7ab748c62"
pistol,Glock-18,false,8324,3126,2,2,1,"6edb9243025aa23a"
rifle,AK-47,false,22227,20199,2,2,3,"6edb9243025aa23a"
rifle,AK-47,false,26825,24875,2,2,4,"6edb9243025aa23a"
rifle,M4A1,false,38409,36093,3,2,6,"6edb9243025aa23a"
rifle,AK-47,false,49535,47552,3,3,8,"6edb9243025aa23a"
sniper,AWP,false,57882,54704,2,2,9,"6edb9243025aa23a"
sniper,AWP,false,63356,60445,3,2,10,"6edb9243025aa23a"
sniper,AWP,false,73246,71096,2,2,11,"6edb9243025aa23a"
pistol,Glock-18,false,89685,87248,2,3,13,"6edb9243025aa23a"
pistol,Glock-18,false,8700,5189,2,2,1,"6ee1894cb4d6bdee"
sniper,AWP,false,44461,42399,3,3,7,"6ee1894cb4d6bdee"
rifle,AK-47,false,62310,53110,2,3,9,"6ee1894cb4d6bdee"
sniper,AWP,false,80648,78456,3,3,11,"6ee1894cb4d6bdee"
rifle,AK-47,false,87776,84827,3,3,12,"6ee1894cb4d6bdee"
pistol,Glock-18,false,94041,90192,2,2,13,"6ee1894cb4d6bdee"
rifle,Galil AR,false,110496,107847,2,2,16,"6ee1894cb4d6bdee"
pistol,Glock-18,false,8041,5161,2,3,1,"6eefe38f5c129a16"
rifle,M4A1,false,33821,31435,3,2,5,"6eefe38f5c129a16"
rifle,M4A1,false,51193,49012,3,2,7,"6eefe38f5c129a16"
rifle,AK-47,false,63345,60348,2,2,9,"6eefe38f5c129a16"
rifle,M4A1,false,75299,71891,3,2,10,"6eefe38f5c129a16"
rifle,M4A1,false,94338,90226,3,3,12,"6eefe38f5c129a16"
pistol,USP-S,false,101204,98409,3,2,13,"6eefe38f5c129a16"
rifle,M4A1,false,110672,108053,3,3,15,"6eefe38f5c129a16"
pistol,Glock-18,false,5331,87,2,3,1,"6f0ae805faa2da5d"
sniper,AWP,false,23223,19932,3,3,4,"6f0ae805faa2da5d"
rifle,AK-47,false,42930,37709,2,2,6,"6f0ae805faa2da5d"
rifle,M4A1,false,47806,45347,3,3,7,"6f0ae805faa2da5d"
sniper,AWP,false,63268,60656,3,3,9,"6f0ae805faa2da5d"
rifle,M4A1,false,72943,69695,3,2,11,"6f0ae805faa2da5d"
sniper,AWP,false,79502,77530,3,3,12,"6f0ae805faa2da5d"
pistol,P250,false,89200,86242,2,2,13,"6f0ae805faa2da5d"
pistol,Glock-18,false,11486,5976,2,2,1,"6f7c12bb089730f"
rifle,M4A4,false,40509,38433,3,3,5,"6f7c12bb089730f"
rifle,Galil AR,false,47454,41345,3,3,6,"6f7c12bb089730f"
sniper,AWP,false,63077,60159,3,3,8,"6f7c12bb089730f"
rifle,M4A1,false,76844,74428,3,3,10,"6f7c12bb089730f"
rifle,AK-47,false,96324,91918,2,3,12,"6f7c12bb089730f"
pistol,Glock-18,false,106561,103977,2,2,13,"6f7c12bb089730f"
sniper,AWP,false,118817,115512,3,3,15,"6f7c12bb089730f"
grenade,HE Grenade,false,128619,126748,3,3,17,"6f7c12bb089730f"
rifle,AK-47,false,148521,144123,2,2,19,"6f7c12bb089730f"
sniper,AWP,false,154302,152512,2,2,20,"6f7c12bb089730f"
rifle,M4A1,false,166492,164429,3,3,22,"6f7c12bb089730f"
rifle,AK-47,false,171524,169402,3,3,23,"6f7c12bb089730f"
sniper,AWP,false,179097,176914,3,3,24,"6f7c12bb089730f"
rifle,AK-47,false,188028,185188,2,2,25,"6f7c12bb089730f"
rifle,AK-47,false,196943,192698,2,2,26,"6f7c12bb089730f"
sniper,AWP,false,203129,200707,3,3,27,"6f7c12bb089730f"
rifle,AK-47,false,216271,212263,2,2,28,"6f7c12bb089730f"
rifle,AK-47,false,226263,223921,2,2,29,"6f7c12bb089730f"
sniper,AWP,false,234551,232261,3,2,30,"6f7c12bb089730f"
pistol,USP-S,false,954,1,3,3,1,"6faa8241f0e5a560"
rifle,M4A4,false,17793,15694,3,3,4,"6faa8241f0e5a560"
rifle,M4A1,false,32796,30496,3,3,6,"6faa8241f0e5a560"
rifle,AK-47,false,48310,44842,2,2,8,"6faa8241f0e5a560"
rifle,M4A1,false,55928,53514,3,3,9,"6faa8241f0e5a560"
rifle,AK-47,false,64270,62051,3,3,11,"6faa8241f0e5a560"
rifle,AK-47,false,74088,70150,3,2,12,"6faa8241f0e5a560"
pistol,USP-S,false,85243,80654,3,3,13,"6faa8241f0e5a560"
rifle,AK-47,false,101928,98848,2,2,16,"6faa8241f0e5a560"
sniper,AWP,false,109652,107385,3,3,17,"6faa8241f0e5a560"
rifle,M4A1,false,126671,123496,3,2,19,"6faa8241f0e5a560"
pistol,Glock-18,false,2764,1,2,3,1,"70116a9d8708bbd2"
rifle,AK-47,false,13967,8605,2,3,3,"70116a9d8708bbd2"
sniper,AWP,false,31074,28583,3,2,5,"70116a9d8708bbd2"
rifle,AK-47,false,56098,53494,2,2,8,"70116a9d8708bbd2"
rifle,M4A1,false,73977,68071,3,3,10,"70116a9d8708bbd2"
rifle,AK-47,false,80463,77469,2,3,11,"70116a9d8708bbd2"
pistol,Glock-18,false,109967,93144,2,2,13,"70116a9d8708bbd2"
rifle,AK-47,false,143667,139751,3,3,18,"70116a9d8708bbd2"
rifle,M4A4,false,157872,151961,3,3,20,"70116a9d8708bbd2"
pistol,USP-S,false,4866,959,3,3,1,"703e116a4b633ac1"
rifle,AK-47,false,18484,16374,2,2,4,"703e116a4b633ac1"
rifle,M4A1,false,28088,25981,3,3,5,"703e116a4b633ac1"
smg,MP9,false,37428,34315,3,3,6,"703e116a4b633ac1"
rifle,M4A1,false,70911,67462,3,3,10,"703e116a4b633ac1"
rifle,AK-47,false,78627,75081,3,3,11,"703e116a4b633ac1"
pistol,Dual Berettas,false,89754,87466,3,2,13,"703e116a4b633ac1"
rifle,M4A1,false,100133,97687,3,2,15,"703e116a4b633ac1"
rifle,M4A1,false,114890,112649,2,2,17,"703e116a4b633ac1"
pistol,Glock-18,false,4019,105,2,3,1,"7074e878a9d9d9d2"
smg,MP7,false,50402,19844,2,3,4,"7074e878a9d9d9d2"
rifle,M4A1,false,69860,53409,3,3,5,"7074e878a9d9d9d2"
sniper,AWP,false,81122,75964,3,3,7,"7074e878a9d9d9d2"
rifle,M4A1,false,96359,93574,3,3,9,"7074e878a9d9d9d2"
rifle,M4A1,false,110326,106473,3,3,11,"7074e878a9d9d9d2"
pistol,USP-S,false,123761,119076,3,3,13,"7074e878a9d9d9d2"
sniper,AWP,false,156019,153316,3,3,18,"7074e878a9d9d9d2"
rifle,AK-47,false,170102,167641,2,2,20,"7074e878a9d9d9d2"
pistol,USP-S,false,7991,4060,3,2,1,"711bcb01189ff22f"
rifle,Galil AR,false,15314,13066,2,3,3,"711bcb01189ff22f"
rifle,AK-47,false,26728,22154,2,3,4,"711bcb01189ff22f"
rifle,AK-47,false,39176,36873,2,3,6,"711bcb01189ff22f"
sniper,AWP,false,50889,48681,2,2,8,"711bcb01189ff22f"
sniper,AWP,false,77748,75563,3,3,11,"711bcb01189ff22f"
rifle,M4A1,false,83853,81632,3,2,12,"711bcb01189ff22f"
pistol,USP-S,false,91361,88959,3,3,13,"711bcb01189ff22f"
rifle,AK-47,false,108635,106340,2,2,16,"711bcb01189ff22f"
rifle,AK-47,false,115155,113107,2,2,17,"711bcb01189ff22f"
sniper,AWP,false,133678,128602,2,3,19,"711bcb01189ff22f"
rifle,M4A1,false,159764,157510,3,3,22,"711bcb01189ff22f"
pistol,USP-S,false,9332,5982,3,2,1,"713fb2e544c4220"
rifle,Galil AR,false,21800,17762,2,2,3,"713fb2e544c4220"
rifle,AK-47,false,33886,31126,2,2,5,"713fb2e544c4220"
rifle,AK-47,false,56867,54803,2,3,7,"713fb2e544c4220"
grenade,Molotov,false,83338,61601,2,3,8,"713fb2e544c4220"
rifle,Galil AR,false,91282,89065,2,2,9,"713fb2e544c4220"
rifle,AK-47,false,105292,100301,2,2,11,"713fb2e544c4220"
pistol,P250,false,118845,116035,2,2,13,"713fb2e544c4220"
rifle,AK-47,false,141953,138219,2,2,16,"713fb2e544c4220"
rifle,AK-47,false,150471,145569,2,2,17,"713fb2e544c4220"
rifle,M4A1,false,158941,155302,2,2,18,"713fb2e544c4220"
rifle,M4A4,false,171323,166779,3,2,19,"713fb2e544c4220"
rifle,AK-47,false,177228,175110,3,3,20,"713fb2e544c4220"
rifle,AK-47,false,190023,186598,2,3,21,"713fb2e544c4220"
sniper,AWP,false,197685,195553,2,3,22,"713fb2e544c4220"
pistol,USP-S,false,9488,7011,3,3,1,"71ecb1e5aada9a15"
sniper,AWP,false,31661,26638,2,2,4,"71ecb1e5aada9a15"
rifle,AK-47,false,56464,53164,2,2,7,"71ecb1e5aada9a15"
sniper,AWP,false,78959,75170,3,3,10,"71ecb1e5aada9a15"
pistol,Glock-18,false,103304,97911,2,2,13,"71ecb1e5aada9a15"
rifle,AK-47,false,161528,159433,2,2,20,"71ecb1e5aada9a15"
rifle,M4A4,false,172439,166871,3,3,21,"71ecb1e5aada9a15"
pistol,Glock-18,false,6549,4060,2,3,1,"72700f2c46888739"
rifle,M4A1,false,38178,36184,3,2,6,"72700f2c46888739"
rifle,M4A1,false,56890,54769,3,2,8,"72700f2c46888739"
sniper,AWP,false,63461,61301,3,3,9,"72700f2c46888739"
rifle,AK-47,false,72867,70715,3,2,10,"72700f2c46888739"
rifle,AK-47,false,80688,76951,2,2,11,"72700f2c46888739"
rifle,AK-47,false,87171,84790,2,3,12,"72700f2c46888739"
pistol,USP-S,false,97971,93279,3,3,13,"72700f2c46888739"
sniper,AWP,false,118501,113055,3,3,16,"72700f2c46888739"
rifle,AK-47,false,124302,122287,3,3,17,"72700f2c46888739"
pistol,Glock-18,false,2330,1,2,2,1,"741062afc2a69cbc"
rifle,Galil AR,false,27642,24538,2,2,4,"741062afc2a69cbc"
rifle,AK-47,false,45065,41514,2,3,6,"741062afc2a69cbc"
sniper,AWP,false,55482,50114,2,2,7,"741062afc2a69cbc"
rifle,M4A1,false,62817,60928,3,2,8,"741062afc2a69cbc"
sniper,AWP,false,77564,75448,2,2,10,"741062afc2a69cbc"
rifle,AK-47,false,87232,84208,2,2,11,"741062afc2a69cbc"
sniper,AWP,false,93601,91291,2,2,12,"741062afc2a69cbc"
pistol,Glock-18,false,103578,99918,2,3,13,"741062afc2a69cbc"
pistol,USP-S,false,3778,74,3,3,1,"749feb2ea0b7dadc"
rifle,M4A1,false,54575,49939,2,2,7,"749feb2ea0b7dadc"
rifle,M4A1,false,61960,59699,3,3,8,"749feb2ea0b7dadc"
rifle,M4A1,false,69600,67573,3,3,9,"749feb2ea0b7dadc"
rifle,AK-47,false,78254,76179,2,3,10,"749feb2ea0b7dadc"
rifle,AK-47,false,93709,91627,2,2,12,"749feb2ea0b7dadc"
pistol,USP-S,false,103203,99937,3,3,13,"749feb2ea0b7dadc"
rifle,AK-47,false,122925,120475,3,2,16,"749feb2ea0b7dadc"
sniper,AWP,false,135151,131035,3,3,17,"749feb2ea0b7dadc"
rifle,AK-47,false,143552,141094,2,2,18,"749feb2ea0b7dadc"
smg,MAC-10,false,165923,163991,2,2,21,"749feb2ea0b7dadc"
smg,MAC-10,false,180405,178314,2,2,23,"749feb2ea0b7dadc"
pistol,USP-S,false,1508,1,3,3,1,"74aacd91b425e2c5"
rifle,M4A1,false,15403,10759,3,3,3,"74aacd91b425e2c5"
sniper,AWP,false,25123,20779,2,2,5,"74aacd91b425e2c5"
rifle,M4A1,false,47683,44758,3,2,8,"74aacd91b425e2c5"
sniper,AWP,false,61496,59190,2,3,10,"74aacd91b425e2c5"
rifle,M4A1,false,70067,67972,3,3,11,"74aacd91b425e2c5"
rifle,M4A1,false,76121,74080,3,3,12,"74aacd91b425e2c5"
pistol,USP-S,false,86061,80774,3,2,13,"74aacd91b425e2c5"
sniper,AWP,false,103225,101088,3,2,16,"74aacd91b425e2c5"
pistol,Glock-18,false,7254,1018,2,2,1,"755ebe8645dc1b2d"
rifle,AK-47,false,17167,11251,2,2,3,"755ebe8645dc1b2d"
sniper,AWP,false,28575,26581,3,3,5,"755ebe8645dc1b2d"
rifle,AK-47,false,35017,32117,2,3,6,"755ebe8645dc1b2d"
sniper,AWP,false,46814,44520,3,2,8,"755ebe8645dc1b2d"
sniper,AWP,false,55476,50734,2,2,9,"755ebe8645dc1b2d"
sniper,AWP,false,75563,72610,2,2,11,"755ebe8645dc1b2d"
rifle,M4A1,false,82969,80298,3,3,12,"755ebe8645dc1b2d"
pistol,USP-S,false,102560,91353,3,2,13,"755ebe8645dc1b2d"
rifle,AK-47,false,129380,125232,2,3,17,"755ebe8645dc1b2d"
pistol,USP-S,false,7558,5150,3,3,1,"755f8554d53a9fbb"
rifle,M4A1,false,20568,17575,3,3,3,"755f8554d53a9fbb"
sniper,AWP,false,41234,39128,3,3,5,"755f8554d53a9fbb"
rifle,AK-47,false,54830,50757,2,2,6,"755f8554d53a9fbb"
sniper,AWP,false,61997,58932,3,3,7,"755f8554d53a9fbb"
sniper,AWP,false,73625,70356,3,3,8,"755f8554d53a9fbb"
rifle,AK-47,false,90812,88072,2,2,10,"755f8554d53a9fbb"
rifle,M4A1,false,102357,99577,3,3,11,"755f8554d53a9fbb"
sniper,AWP,false,115927,110620,3,3,12,"755f8554d53a9fbb"
pistol,USP-S,false,123400,118380,3,3,13,"755f8554d53a9fbb"
smg,MAC-10,false,146050,143746,2,2,16,"755f8554d53a9fbb"
sniper,AWP,false,156554,153235,3,3,17,"755f8554d53a9fbb"
rifle,AK-47,false,163867,157595,3,2,18,"755f8554d53a9fbb"
sniper,AWP,false,172223,169804,3,3,19,"755f8554d53a9fbb"
sniper,AWP,false,185775,182696,3,3,21,"755f8554d53a9fbb"
rifle,M4A1,false,208459,204211,3,3,23,"755f8554d53a9fbb"
sniper,AWP,false,217080,215108,2,2,24,"755f8554d53a9fbb"
pistol,Dual Berettas,false,1813,1,3,3,1,"7608fcdf4c7642d4"
rifle,M4A1,false,27661,25779,3,3,5,"7608fcdf4c7642d4"
sniper,AWP,false,33990,32464,3,3,6,"7608fcdf4c7642d4"
rifle,M4A1,false,47421,41163,3,3,7,"7608fcdf4c7642d4"
sniper,AWP,false,59653,56027,3,2,9,"7608fcdf4c7642d4"
rifle,AK-47,false,83635,81026,2,2,12,"7608fcdf4c7642d4"
pistol,Glock-18,false,93066,90527,2,2,13,"7608fcdf4c7642d4"
sniper,SSG 08,false,120382,114606,3,3,16,"7608fcdf4c7642d4"
sniper,AWP,false,125501,121764,3,3,17,"7608fcdf4c7642d4"
sniper,AWP,false,140679,137384,3,3,19,"7608fcdf4c7642d4"
rifle,M4A1,false,155707,152817,3,3,21,"7608fcdf4c7642d4"
pistol,Dual Berettas,false,3209,1,3,2,1,"76609dbef55c685a"
sniper,AWP,false,48148,46187,3,3,6,"76609dbef55c685a"
sniper,AWP,false,59210,55147,2,3,7,"76609dbef55c685a"
rifle,AK-47,false,77995,75281,2,3,9,"76609dbef55c685a"
rifle,M4A1,false,85124,83167,3,3,10,"76609dbef55c685a"
rifle,AK-47,false,99185,95710,2,2,12,"76609dbef55c685a"
pistol,USP-S,false,119123,104904,3,3,13,"76609dbef55c685a"
sniper,AWP,false,138949,134400,3,3,16,"76609dbef55c685a"
rifle,M4A1,false,159965,153028,3,3,18,"76609dbef55c685a"
rifle,AK-47,false,169870,167676,2,3,20,"76609dbef55c685a"
pistol,Glock-18,false,5861,127,2,2,1,"76823ff6d3e71036"
rifle,M4A1,false,20442,18142,3,3,4,"76823ff6d3e71036"
rifle,AK-47,false,41497,38576,2,3,7,"76823ff6d3e71036"
rifle,M4A1,false,51505,48708,3,3,8,"76823ff6d3e71036"
sniper,AWP,false,65969,63733,2,2,9,"76823ff6d3e71036"
world,World,false,76108,72546,3,2,10,"76823ff6d3e71036"
rifle,M4A1,false,85993,83447,3,3,11,"76823ff6d3e71036"
rifle,AK-47,false,96250,90001,2,2,12,"76823ff6d3e71036"
pistol,USP-S,false,104571,98350,3,3,13,"76823ff6d3e71036"
rifle,M4A1,false,119143,113032,3,2,15,"76823ff6d3e71036"
rifle,Galil AR,false,140246,137185,2,2,18,"76823ff6d3e71036"
sniper,AWP,false,169021,166671,3,3,22,"76823ff6d3e71036"
rifle,M4A1,false,4202,2055,3,2,1,"7840dabee8ab3148"
rifle,AK-47,false,12716,7983,2,2,2,"7840dabee8ab3148"
rifle,M4A1,false,19542,17058,3,2,3,"7840dabee8ab3148"
sniper,AWP,false,31658,28337,2,2,4,"7840dabee8ab3148"
rifle,M4A1,false,44569,42569,3,3,5,"7840dabee8ab3148"
pistol,USP-S,false,64124,49824,3,3,6,"7840dabee8ab3148"
rifle,AK-47,false,82126,78372,2,2,9,"7840dabee8ab3148"
rifle,AK-47,false,90776,87811,2,2,10,"7840dabee8ab3148"
rifle,AK-47,false,98886,95828,2,2,11,"7840dabee8ab3148"
rifle,M4A1,false,121500,115921,3,2,13,"7840dabee8ab3148"
rifle,AK-47,false,137359,135316,2,2,15,"7840dabee8ab3148"
rifle,M4A1,false,165734,158379,3,2,17,"7840dabee8ab3148"
rifle,AK-47,false,171715,169236,2,2,18,"7840dabee8ab3148"
rifle,AK-47,false,183318,179930,2,3,19,"7840dabee8ab3148"
rifle,M4A1,false,192239,190089,3,3,20,"7840dabee8ab3148"
rifle,AK-47,false,205785,201146,2,3,21,"7840dabee8ab3148"
rifle,AK-47,false,210920,208334,3,3,22,"7840dabee8ab3148"
rifle,AK-47,false,217357,215062,2,2,23,"7840dabee8ab3148"
sniper,AWP,false,225237,221353,3,3,24,"7840dabee8ab3148"
rifle,AK-47,false,231025,226609,2,2,25,"7840dabee8ab3148"
rifle,M4A1,false,238461,236219,3,2,26,"7840dabee8ab3148"
rifle,AK-47,false,246112,243085,2,2,27,"7840dabee8ab3148"
rifle,AK-47,false,254827,251236,2,2,28,"7840dabee8ab3148"
rifle,AK-47,false,263399,260880,2,2,29,"7840dabee8ab3148"
pistol,Glock-18,false,2239,1,2,2,1,"78bd79f95393a72b"
rifle,M4A4,false,41781,38986,3,2,7,"78bd79f95393a72b"
rifle,M4A1,false,65976,63545,3,3,10,"78bd79f95393a72b"
rifle,AK-47,false,77067,73032,2,2,11,"78bd79f95393a72b"
pistol,Glock-18,false,96359,89209,2,2,13,"78bd79f95393a72b"
rifle,M4A1,false,110413,107010,3,3,15,"78bd79f95393a72b"
pistol,Glock-18,false,3110,66,2,2,1,"796014bfc18f028d"
rifle,FAMAS,false,19266,17136,3,3,4,"796014bfc18f028d"
sniper,AWP,false,25158,21776,2,2,5,"796014bfc18f028d"
sniper,AWP,false,39632,32840,3,3,7,"796014bfc18f028d"
rifle,AK-47,false,50079,46784,2,3,9,"796014bfc18f028d"
rifle,AK-47,false,58978,56689,2,2,11,"796014bfc18f028d"
sniper,AWP,false,66249,63969,3,3,12,"796014bfc18f028d"
pistol,Glock-18,false,73348,71299,2,2,13,"796014bfc18f028d"
rifle,AK-47,false,96133,92618,2,2,17,"796014bfc18f028d"
rifle,M4A1,false,103867,98850,3,3,18,"796014bfc18f028d"
rifle,AK-47,false,113407,111014,2,3,20,"796014bfc18f028d"
rifle,AK-47,false,124487,119447,3,3,21,"796014bfc18f028d"
rifle,AK-47,false,134833,129663,2,2,23,"796014bfc18f028d"
rifle,M4A1,false,144003,138955,3,3,24,"796014bfc18f028d"
pistol,Glock-18,false,3168,117,2,2,1,"797cb090bf9f0b"
rifle,M4A1,false,27855,25655,3,2,4,"797cb090bf9f0b"
sniper,AWP,false,48739,46846,3,3,6,"797cb090bf9f0b"
rifle,M4A1,false,55484,52405,3,3,7,"797cb090bf9f0b"
rifle,M4A1,false,70558,62837,3,3,8,"797cb090bf9f0b"
sniper,AWP,false,95911,79088,3,3,10,"797cb090bf9f0b"
sniper,AWP,false,105195,102814,3,3,11,"797cb090bf9f0b"
rifle,AK-47,false,113225,110161,2,2,12,"797cb090bf9f0b"
pistol,Dual Berettas,false,119066,116772,3,3,13,"797cb090bf9f0b"
rifle,M4A4,false,146513,143308,3,2,17,"797cb090bf9f0b"
rifle,AK-47,false,162758,159898,2,3,19,"797cb090bf9f0b"
rifle,M4A1,false,170172,166841,3,3,20,"797cb090bf9f0b"
rifle,M4A4,false,174175,171735,3,3,21,"797cb090bf9f0b"
rifle,AK-47,false,187215,185119,2,3,23,"797cb090bf9f0b"
pistol,Dual Berettas,false,3277,125,3,2,1,"79e72cc113e197a3"
sniper,AWP,false,28810,25771,2,2,4,"79e72cc113e197a3"
rifle,AK-47,false,32616,30568,2,3,5,"79e72cc113e197a3"
sniper,AWP,false,53012,50975,3,2,7,"79e72cc113e197a3"
sniper,AWP,false,75220,71995,3,3,10,"79e72cc113e197a3"
pistol,USP-S,false,95514,92009,3,2,13,"79e72cc113e197a3"
rifle,AK-47,false,134014,131760,2,2,19,"79e72cc113e197a3"
pistol,USP-S,false,9628,5979,3,2,1,"7a552a402f3cd259"
smg,MAC-10,false,30407,28175,2,2,4,"7a552a402f3cd259"
rifle,AK-47,false,45612,41203,2,2,6,"7a552a402f3cd259"
sniper,AWP,false,53297,51313,3,3,7,"7a552a402f3cd259"
rifle,AK-47,false,62138,60401,2,2,8,"7a552a402f3cd259"
rifle,AK-47,false,88183,85568,2,2,11,"7a552a402f3cd259"
pistol,USP-S,false,99968,96603,3,2,13,"7a552a402f3cd259"
rifle,AK-47,false,123492,118689,2,3,16,"7a552a402f3cd259"
sniper,AWP,false,133240,129044,2,3,17,"7a552a402f3cd259"
pistol,USP-S,false,6784,4341,3,3,1,"7a90d0854306e8b9"
grenade,HE Grenade,false,35746,33673,3,3,6,"7a90d0854306e8b9"
rifle,AK-47,false,51412,47954,2,2,8,"7a90d0854306e8b9"
rifle,M4A1,false,56346,54376,3,3,9,"7a90d0854306e8b9"
rifle,AK-47,false,65961,62074,3,2,10,"7a90d0854306e8b9"
rifle,M4A1,false,73426,71509,3,2,11,"7a90d0854306e8b9"
rifle,M4A1,false,82880,80127,3,3,12,"7a90d0854306e8b9"
pistol,USP-S,false,89430,86209,3,3,13,"7a90d0854306e8b9"
rifle,AK-47,false,114466,106216,2,2,16,"7a90d0854306e8b9"
rifle,M4A1,false,137478,135126,3,3,19,"7a90d0854306e8b9"
rifle,M4A1,false,152137,149748,3,2,22,"7a90d0854306e8b9"
rifle,AK-47,false,161103,157795,2,2,23,"7a90d0854306e8b9"
pistol,Dual Berettas,false,3922,99,3,2,1,"7aa99739d81badc1"
rifle,Galil AR,false,19399,14688,2,2,3,"7aa99739d81badc1"
sniper,AWP,false,36986,33897,2,2,5,"7aa99739d81badc1"
rifle,M4A1,false,59382,53117,3,3,7,"7aa99739d81badc1"
rifle,AK-47,false,65681,62110,3,2,8,"7aa99739d81badc1"
rifle,AK-47,false,73586,67859,2,2,9,"7aa99739d81badc1"
sniper,AWP,false,84017,81273,3,3,11,"7aa99739d81badc1"
pistol,Dual Berettas,false,98688,94988,3,3,13,"7aa99739d81badc1"
rifle,M4A1,false,111333,108757,3,3,15,"7aa99739d81badc1"
pistol,USP-S,false,6837,4060,3,2,1,"7ad1a0392a592f00"
grenade,HE Grenade,false,26055,23862,3,3,4,"7ad1a0392a592f00"
sniper,AWP,false,38195,31265,2,2,5,"7ad1a0392a592f00"
sniper,AWP,false,52627,42110,2,2,6,"7ad1a0392a592f00"
sniper,AWP,false,86747,83015,2,2,8,"7ad1a0392a592f00"
world,World,false,91263,88754,2,2,9,"7ad1a0392a592f00"
rifle,AK-47,false,102696,100757,2,2,10,"7ad1a0392a592f00"
rifle,AK-47,false,112271,110320,2,2,11,"7ad1a0392a592f00"
rifle,M4A1,false,122480,119486,3,3,12,"7ad1a0392a592f00"
pistol,Glock-18,false,130918,127116,2,2,13,"7ad1a0392a592f00"
rifle,AK-47,false,152792,150698,3,3,16,"7ad1a0392a592f00"
rifle,AK-47,false,160516,158185,3,3,17,"7ad1a0392a592f00"
pistol,USP-S,false,4415,94,3,3,1,"7add16800eed57cf"
sniper,AWP,false,14631,10971,3,3,3,"7add16800eed57cf"
rifle,M4A1,false,24688,22171,3,2,5,"7add16800eed57cf"
rifle,AK-47,false,44500,42396,2,3,8,"7add16800eed57cf"
rifle,M4A1,false,51896,46662,3,3,9,"7add16800eed57cf"
pistol,Glock-18,false,82171,79168,2,2,13,"7add16800eed57cf"
sniper,AWP,false,97454,94890,3,2,16,"7add16800eed57cf"
rifle,AK-47,false,119378,112672,2,3,18,"7add16800eed57cf"
rifle,AK-47,false,126823,124510,2,2,19,"7add16800eed57cf"
rifle,AK-47,false,135672,131982,2,2,20,"7add16800eed57cf"
pistol,Glock-18,false,3525,76,2,3,1,"7b0c9960c780b1d3"
rifle,AK-47,false,39563,36820,3,3,5,"7b0c9960c780b1d3"
sniper,AWP,false,81991,53548,3,3,7,"7b0c9960c780b1d3"
rifle,AK-47,false,134328,88027,2,3,9,"7b0c9960c780b1d3"
rifle,M4A1,false,142672,140684,3,3,10,"7b0c9960c780b1d3"
sniper,AWP,false,157019,154984,3,3,12,"7b0c9960c780b1d3"
pistol,USP-S,false,162097,158568,3,3,13,"7b0c9960c780b1d3"
rifle,AK-47,false,176961,174280,2,2,16,"7b0c9960c780b1d3"
pistol,Glock-18,false,2843,89,2,2,1,"7b64d87d2f5d907b"
rifle,M4A1,false,12120,9581,3,2,3,"7b64d87d2f5d907b"
rifle,AK-47,false,23140,21155,2,2,5,"7b64d87d2f5d907b"
sniper,AWP,false,38758,36600,2,3,7,"7b64d87d2f5d907b"
sniper,AWP,false,45520,43968,2,2,8,"7b64d87d2f5d907b"
rifle,M4A4,false,69755,67358,3,3,11,"7b64d87d2f5d907b"
sniper,AWP,false,80177,78381,2,3,12,"7b64d87d2f5d907b"
pistol,USP-S,false,87907,84263,3,3,13,"7b64d87d2f5d907b"
rifle,AK-47,false,104404,100863,2,2,15,"7b64d87d2f5d907b"
sniper,AWP,false,114826,112473,2,2,17,"7b64d87d2f5d907b"
world,World,false,131138,128685,3,3,19,"7b64d87d2f5d907b"
pistol,Glock-18,false,9024,5978,2,2,1,"7b69d8ea98ec60b4"
sniper,AWP,false,29942,27505,3,3,4,"7b69d8ea98ec60b4"
rifle,AK-47,false,38818,36684,3,2,5,"7b69d8ea98ec60b4"
sniper,AWP,false,60468,58675,3,3,8,"7b69d8ea98ec60b4"
pistol,Glock-18,false,96815,93690,2,2,13,"7b69d8ea98ec60b4"
rifle,AK-47,false,160615,121825,2,2,17,"7b69d8ea98ec60b4"
rifle,M4A1,false,169567,163218,3,2,18,"7b69d8ea98ec60b4"
grenade,HE Grenade,false,196732,192554,2,2,22,"7b69d8ea98ec60b4"
rifle,M4A1,false,216331,201043,3,2,23,"7b69d8ea98ec60b4"
rifle,AK-47,false,223239,220466,2,3,24,"7b69d8ea98ec60b4"
pistol,USP-S,false,3451,996,3,3,1,"7b8f423709bdb2a6"
rifle,M4A1,false,15917,11681,3,3,3,"7b8f423709bdb2a6"
rifle,M4A1,false,26333,24280,3,2,5,"7b8f423709bdb2a6"
rifle,M4A1,false,48889,42889,3,3,7,"7b8f423709bdb2a6"
rifle,AK-47,false,55274,50891,3,3,8,"7b8f423709bdb2a6"
rifle,M4A1,false,66967,62861,3,3,10,"7b8f423709bdb2a6"
pistol,Glock-18,false,86011,82578,2,2,13,"7b8f423709bdb2a6"
pistol,USP-S,false,7225,4061,3,2,1,"7c4fd7f0f8f6aae5"
rifle,AK-47,false,34643,31345,2,2,3,"7c4fd7f0f8f6aae5"
rifle,AK-47,false,52274,47022,2,2,5,"7c4fd7f0f8f6aae5"
rifle,M4A1,false,67759,63305,3,2,7,"7c4fd7f0f8f6aae5"
rifle,AK-47,false,84654,82288,3,3,9,"7c4fd7f0f8f6aae5"
rifle,AK-47,false,94290,91014,2,2,10,"7c4fd7f0f8f6aae5"
sniper,AWP,false,102634,100462,3,3,11,"7c4fd7f0f8f6aae5"
rifle,AK-47,false,115098,113013,2,3,12,"7c4fd7f0f8f6aae5"
pistol,Glock-18,false,124663,121264,2,2,13,"7c4fd7f0f8f6aae5"
world,World,false,160380,156206,2,3,17,"7c4fd7f0f8f6aae5"
rifle,AK-47,false,183820,181757,2,2,20,"7c4fd7f0f8f6aae5"
rifle,AK-47,false,200419,197064,2,3,22,"7c4fd7f0f8f6aae5"
rifle,AK-47,false,6322,1,2,2,1,"7c61fd2f62b59a72"
pistol,USP-S,false,4875,358,3,3,1,"7d8dd11b1c0c3898"
rifle,M4A1,false,15759,12259,3,2,3,"7d8dd11b1c0c3898"
rifle,FAMAS,false,22748,18374,3,2,4,"7d8dd11b1c0c3898"
rifle,Galil AR,false,38533,36483,2,3,6,"7d8dd11b1c0c3898"
rifle,AK-47,false,49025,45571,3,3,7,"7d8dd11b1c0c3898"
rifle,AK-47,false,63029,57638,3,2,9,"7d8dd11b1c0c3898"
rifle,M4A1,false,68081,65751,3,2,10,"7d8dd11b1c0c3898"
rifle,M4A1,false,82572,80491,3,3,12,"7d8dd11b1c0c3898"
pistol,USP-S,false,104695,88794,3,3,13,"7d8dd11b1c0c3898"
rifle,AK-47,false,115355,112212,2,2,15,"7d8dd11b1c0c3898"
rifle,M4A1,false,139855,135066,3,2,18,"7d8dd11b1c0c3898"
sniper,AWP,false,153217,150976,3,3,20,"7d8dd11b1c0c3898"
rifle,AK-47,false,162292,157708,2,3,21,"7d8dd11b1c0c3898"
rifle,AK-47,false,169665,167784,2,2,22,"7d8dd11b1c0c3898"
sniper,AWP,false,173614,171593,2,3,23,"7d8dd11b1c0c3898"
rifle,M4A1,false,186424,182884,3,3,24,"7d8dd11b1c0c3898"
rifle,M4A1,false,196555,192069,3,3,25,"7d8dd11b1c0c3898"
rifle,AK-47,false,209148,203296,2,3,26,"7d8dd11b1c0c3898"
rifle,AK-47,false,214617,212488,3,3,27,"7d8dd11b1c0c3898"
rifle,AK-47,false,220498,215985,2,3,28,"7d8dd11b1c0c3898"
sniper,AWP,false,230714,224527,3,3,29,"7d8dd11b1c0c3898"
rifle,AK-47,false,237615,235100,2,2,30,"7d8dd11b1c0c3898"
pistol,Glock-18,false,4800,111,2,2,1,"7d91f03e93747585"
rifle,M4A1,false,15680,12840,3,2,3,"7d91f03e93747585"
rifle,AK-47,false,30457,27751,2,2,5,"7d91f03e93747585"
rifle,AK-47,false,49131,47094,2,2,7,"7d91f03e93747585"
rifle,AK-47,false,58279,55842,2,2,8,"7d91f03e93747585"
rifle,AK-47,false,77759,75440,2,2,10,"7d91f03e93747585"
sniper,AWP,false,92970,90944,2,3,12,"7d91f03e93747585"
pistol,Glock-18,false,97883,95413,2,3,13,"7d91f03e93747585"
pistol,USP-S,false,9618,5980,3,2,1,"7dd33b8d61df65e"
rifle,AK-47,false,34416,30609,3,3,5,"7dd33b8d61df65e"
sniper,AWP,false,42307,40233,2,3,7,"7dd33b8d61df65e"
sniper,AWP,false,58672,54878,3,2,9,"7dd33b8d61df65e"
rifle,AK-47,false,68578,66073,2,2,10,"7dd33b8d61df65e"
sniper,AWP,false,79104,76570,3,2,11,"7dd33b8d61df65e"
sniper,AWP,false,91205,84338,3,3,12,"7dd33b8d61df65e"
pistol,USP-S,false,98679,95438,3,3,13,"7dd33b8d61df65e"
rifle,AK-47,false,109762,104961,2,2,15,"7dd33b8d61df65e"
sniper,AWP,false,134613,132417,3,3,18,"7dd33b8d61df65e"
rifle,AK-47,false,143506,140793,2,3,20,"7dd33b8d61df65e"
rifle,AK-47,false,154190,150907,2,2,22,"7dd33b8d61df65e"
rifle,M4A1,false,160752,158517,3,3,23,"7dd33b8d61df65e"
pistol,USP-S,false,10145,5979,3,3,1,"7f45669c9c0ddf0b"
sniper,AWP,false,37267,35286,3,2,5,"7f45669c9c0ddf0b"
rifle,AK-47,false,52649,50539,2,2,7,"7f45669c9c0ddf0b"
rifle,M4A1,false,72337,69240,3,2,9,"7f45669c9c0ddf0b"
rifle,M4A1,false,87224,81958,3,2,11,"7f45669c9c0ddf0b"
pistol,Glock-18,false,101542,98068,2,3,13,"7f45669c9c0ddf0b"
rifle,AK-47,false,124692,118268,2,2,16,"7f45669c9c0ddf0b"
rifle,M4A1,false,146743,143525,3,3,19,"7f45669c9c0ddf0b"
pistol,Dual Berettas,false,6135,333,3,3,1,"7f742621512ab5d3"
grenade,Molotov,false,19276,14704,2,2,3,"7f742621512ab5d3"
sniper,AWP,false,40682,34965,3,3,6,"7f742621512ab5d3"
rifle,AK-47,false,46899,42694,2,2,7,"7f742621512ab5d3"
rifle,AK-47,false,67595,65577,2,2,10,"7f742621512ab5d3"
rifle,AK-47,false,75005,72296,2,2,11,"7f742621512ab5d3"
sniper,AWP,false,82702,80965,3,3,12,"7f742621512ab5d3"
pistol,USP-S,false,104844,90242,3,3,13,"7f742621512ab5d3"
rifle,M4A1,false,117328,111262,3,3,15,"7f742621512ab5d3"
rifle,AK-47,false,135266,132584,2,3,17,"7f742621512ab5d3"
rifle,AK-47,false,143431,139879,2,2,18,"7f742621512ab5d3"
rifle,AK-47,false,151114,147501,3,3,19,"7f742621512ab5d3"
rifle,AK-47,false,172978,170702,3,3,22,"7f742621512ab5d3"
pistol,Glock-18,false,2152,1,2,2,1,"810ebc215df37e73"
rifle,Galil AR,false,9859,5279,2,2,2,"810ebc215df37e73"
pistol,Five-SeveN,false,22407,13717,3,2,3,"810ebc215df37e73"
rifle,AK-47,false,32123,29382,2,2,4,"810ebc215df37e73"
rifle,AK-47,false,54968,48764,2,2,6,"810ebc215df37e73"
rifle,M4A1,false,63964,59361,3,3,7,"810ebc215df37e73"
pistol,USP-S,false,109195,105935,3,2,13,"810ebc215df37e73"
smg,MAC-10,false,122849,118840,2,3,15,"810ebc215df37e73"
pistol,P250,false,1763,1,2,2,1,"8138dcf4c13fa8f0"
rifle,M4A1,false,25604,21737,3,3,4,"8138dcf4c13fa8f0"
rifle,AK-47,false,31776,29686,2,2,5,"8138dcf4c13fa8f0"
rifle,M4A1,false,40685,38603,3,2,7,"8138dcf4c13fa8f0"
melee,Zeus x27,false,54976,52522,2,3,9,"8138dcf4c13fa8f0"
smg,P90,false,74705,72626,2,3,12,"8138dcf4c13fa8f0"
pistol,USP-S,false,90301,79606,3,2,13,"8138dcf4c13fa8f0"
rifle,AK-47,false,123922,121798,2,3,17,"8138dcf4c13fa8f0"
pistol,USP-S,false,19899,6849,3,3,1,"8194164e37a349ae"
sniper,AWP,false,72510,61653,3,3,6,"8194164e37a349ae"
rifle,M4A1,false,78942,75584,3,2,7,"8194164e37a349ae"
rifle,M4A1,false,101548,98440,3,3,9,"8194164e37a349ae"
sniper,AWP,false,118404,106702,3,3,10,"8194164e37a349ae"
pistol,Dual Berettas,false,141141,138369,3,3,13,"8194164e37a349ae"
sniper,AWP,false,189031,183816,2,2,19,"8194164e37a349ae"
rifle,AK-47,false,232713,226323,2,3,24,"8194164e37a349ae"
pistol,Glock-18,false,5085,74,2,2,1,"81c42a2ea887ddf8"
sniper,SSG 08,false,45420,43863,2,2,5,"81c42a2ea887ddf8"
rifle,M4A1,false,59405,53938,3,2,6,"81c42a2ea887ddf8"
rifle,AK-47,false,76636,70519,2,2,8,"81c42a2ea887ddf8"
rifle,AK-47,false,87839,85786,2,2,10,"81c42a2ea887ddf8"
rifle,M4A1,false,96336,94478,3,3,11,"81c42a2ea887ddf8"
sniper,AWP,false,108956,105087,3,2,12,"81c42a2ea887ddf8"
pistol,USP-S,false,115967,112753,3,3,13,"81c42a2ea887ddf8"
pistol,Dual Berettas,false,1418,1,3,3,1,"826ad4f39da55f0"
rifle,AK-47,false,12745,10465,2,2,4,"826ad4f39da55f0"
rifle,M4A1,false,20572,17959,3,3,5,"826ad4f39da55f0"
rifle,AK-47,false,36253,32037,3,3,7,"826ad4f39da55f0"
rifle,M4A1,false,49543,46438,3,3,9,"826ad4f39da55f0"
pistol,USP-S,false,69295,66790,3,2,13,"826ad4f39da55f0"
pistol,Dual Berettas,false,3567,90,3,2,1,"82827454c17fd39a"
rifle,M4A1,false,17710,15304,3,3,4,"82827454c17fd39a"
sniper,AWP,false,21186,18818,3,2,5,"82827454c17fd39a"
rifle,M4A4,false,31340,27557,3,3,6,"82827454c17fd39a"
rifle,M4A4,false,46064,42443,3,3,8,"82827454c17fd39a"
sniper,AWP,false,71009,68304,3,3,11,"82827454c17fd39a"
pistol,USP-S,false,84247,81635,3,3,13,"82827454c17fd39a"
rifle,AK-47,false,127695,123439,2,2,17,"82827454c17fd39a"
pistol,USP-S,false,3629,62,3,2,1,"830ef660344b7bbe"
rifle,Galil AR,false,23853,21486,2,3,3,"830ef660344b7bbe"
rifle,M4A4,false,36207,30446,3,3,4,"830ef660344b7bbe"
sniper,AWP,false,55836,53680,3,2,6,"830ef660344b7bbe"
sniper,AWP,false,96070,91667,2,2,11,"830ef660344b7bbe"
rifle,AK-47,false,103478,101487,3,3,12,"830ef660344b7bbe"
pistol,USP-S,false,116040,110125,3,2,13,"830ef660344b7bbe"
rifle,Galil AR,false,127670,124936,3,2,15,"830ef660344b7bbe"
sniper,AWP,false,137595,134801,3,3,16,"830ef660344b7bbe"
rifle,M4A4,false,168416,160919,3,3,19,"830ef660344b7bbe"
rifle,M4A1,false,172662,169879,3,3,20,"830ef660344b7bbe"
sniper,AWP,false,185322,181774,3,3,22,"830ef660344b7bbe"
pistol,USP-S,false,4041,106,3,3,1,"8329f6b8ad1a48a0"
sniper,AWP,false,22445,19633,3,2,4,"8329f6b8ad1a48a0"
rifle,M4A1,false,49353,44349,2,2,7,"8329f6b8ad1a48a0"
rifle,M4A4,false,66044,63333,3,3,9,"8329f6b8ad1a48a0"
grenade,HE Grenade,false,71012,69150,3,3,10,"8329f6b8ad1a48a0"
rifle,Galil AR,false,83644,77232,2,2,11,"8329f6b8ad1a48a0"
sniper,AWP,false,92242,88227,3,3,12,"8329f6b8ad1a48a0"
pistol,USP-S,false,98228,95645,3,3,13,"8329f6b8ad1a48a0"
rifle,M4A1,false,113296,110263,3,2,15,"8329f6b8ad1a48a0"
smg,MP9,false,122108,119365,3,2,16,"8329f6b8ad1a48a0"
rifle,AK-47,false,128190,126082,2,3,17,"8329f6b8ad1a48a0"
grenade,HE Grenade,false,174880,171165,3,3,23,"8329f6b8ad1a48a0"
rifle,AK-47,false,183475,180125,2,3,24,"8329f6b8ad1a48a0"
sniper,AWP,false,193601,190549,3,2,25,"8329f6b8ad1a48a0"
sniper,AWP,false,198600,196558,2,3,26,"8329f6b8ad1a48a0"
rifle,AK-47,false,205213,202242,2,3,27,"8329f6b8ad1a48a0"
sniper,AWP,false,211202,208684,3,3,28,"8329f6b8ad1a48a0"
sniper,AWP,false,219129,217319,2,3,29,"8329f6b8ad1a48a0"
sniper,AWP,false,226792,224391,2,3,30,"8329f6b8ad1a48a0"
pistol,P250,false,1905,1,2,2,1,"845921b1f3d24654"
pistol,Five-SeveN,false,11565,9341,3,3,2,"845921b1f3d24654"
rifle,M4A1,false,98492,96277,3,2,12,"845921b1f3d24654"
pistol,USP-S,false,139482,104688,3,3,13,"845921b1f3d24654"
pistol,Glock-18,false,9893,6705,2,2,1,"84946250d1f4aafd"
rifle,AK-47,false,54215,48841,2,2,7,"84946250d1f4aafd"
rifle,M4A1,false,67202,62923,3,2,9,"84946250d1f4aafd"
pistol,Dual Berettas,false,95177,92526,3,3,13,"84946250d1f4aafd"
rifle,M4A1,false,122201,119983,3,3,17,"84946250d1f4aafd"
rifle,Galil AR,false,5908,6,2,2,1,"84acd108bd0b97e3"
rifle,M4A1,false,46851,44434,3,3,6,"84acd108bd0b97e3"
pistol,USP-S,false,66621,59276,3,3,8,"84acd108bd0b97e3"
rifle,AK-47,false,84302,81748,2,2,12,"84acd108bd0b97e3"
rifle,AK-47,false,113039,110717,2,2,15,"84acd108bd0b97e3"
pistol,Desert Eagle,false,3249,8,2,3,1,"84f556a3d0bb96d2"
pistol,Dual Berettas,false,2837,79,3,2,1,"85289b1557309e5"
rifle,M4A1,false,26438,23016,3,3,4,"85289b1557309e5"
rifle,M4A1,false,39426,35171,3,3,5,"85289b1557309e5"
rifle,AK-47,false,49783,47556,2,2,7,"85289b1557309e5"
rifle,M4A1,false,55555,53270,3,3,8,"85289b1557309e5"
rifle,AK-47,false,65708,60971,3,3,9,"85289b1557309e5"
rifle,AK-47,false,79193,76968,2,2,11,"85289b1557309e5"
rifle,AK-47,false,86552,83374,2,2,12,"85289b1557309e5"
pistol,USP-S,false,93324,90986,3,3,13,"85289b1557309e5"
rifle,M4A1,false,119609,116999,3,3,17,"85289b1557309e5"
rifle,AK-47,false,129387,126672,3,2,18,"85289b1557309e5"
rifle,M4A1,false,151638,149497,3,3,21,"85289b1557309e5"
pistol,Glock-18,false,10712,4257,2,2,1,"86a83a8d5955abb8"
smg,MAC-10,false,24717,19649,2,2,3,"86a83a8d5955abb8"
rifle,M4A4,false,61150,55731,3,3,7,"86a83a8d5955abb8"
rifle,AK-47,false,67989,65719,2,2,8,"86a83a8d5955abb8"
rifle,AK-47,false,74357,71628,2,2,9,"86a83a8d5955abb8"
rifle,AK-47,false,92811,89387,2,2,11,"86a83a8d5955abb8"
rifle,AK-47,false,104595,99956,2,2,12,"86a83a8d5955abb8"
pistol,P250,false,110401,107553,2,2,13,"86a83a8d5955abb8"
rifle,AK-47,false,137117,131639,2,2,16,"86a83a8d5955abb8"
rifle,AK-47,false,155759,150383,2,2,18,"86a83a8d5955abb8"
smg,MP9,false,165902,159049,3,3,19,"86a83a8d5955abb8"
pistol,Glock-18,false,7544,5106,2,3,1,"8797b74c6a944569"
rifle,AK-47,false,20115,18019,2,2,3,"8797b74c6a944569"
rifle,AK-47,false,28519,26636,2,2,5,"8797b74c6a944569"
rifle,M4A1,false,46377,44228,3,2,7,"8797b74c6a944569"
rifle,M4A4,false,56113,52287,3,2,8,"8797b74c6a944569"
world,World,false,67392,64029,3,2,10,"8797b74c6a944569"
rifle,AK-47,false,79260,72084,2,2,11,"8797b74c6a944569"
sniper,AWP,false,87056,85371,3,3,12,"8797b74c6a944569"
pistol,USP-S,false,96376,92558,3,3,13,"8797b74c6a944569"
rifle,M4A4,false,109354,103903,3,2,15,"8797b74c6a944569"
rifle,AK-47,false,135652,133471,2,3,18,"8797b74c6a944569"
sniper,AWP,false,2762,1,2,2,1,"87ce682ad0c8870c"
rifle,AK-47,false,74078,69015,2,2,9,"87ce682ad0c8870c"
sniper,AWP,false,37000,34212,3,3,6,"88d974c6d6b8fac3"
rifle,M4A4,false,56080,51141,3,3,8,"88d974c6d6b8fac3"
sniper,AWP,false,62445,58550,3,2,9,"88d974c6d6b8fac3"
rifle,AK-47,false,69895,66617,2,2,10,"88d974c6d6b8fac3"
rifle,M4A4,false,83567,72073,3,3,11,"88d974c6d6b8fac3"
rifle,AK-47,false,92719,86292,2,3,12,"88d974c6d6b8fac3"
pistol,USP-S,false,98315,94860,3,2,13,"88d974c6d6b8fac3"
rifle,Galil AR,false,109645,105298,2,2,15,"88d974c6d6b8fac3"
pistol,P250,false,5890,3842,2,3,1,"8a745daf1bcbcb10"
rifle,M4A1,false,19577,17550,3,3,3,"8a745daf1bcbcb10"
rifle,M4A1,false,37188,33920,3,3,5,"8a745daf1bcbcb10"
rifle,M4A1,false,50506,46184,2,3,7,"8a745daf1bcbcb10"
rifle,AK-47,false,59586,55944,2,2,8,"8a745daf1bcbcb10"
sniper,AWP,false,72979,70810,3,2,10,"8a745daf1bcbcb10"
sniper,AWP,false,89307,87439,2,3,12,"8a745daf1bcbcb10"
pistol,USP-S,false,111314,100090,3,2,13,"8a745daf1bcbcb10"
rifle,AK-47,false,129151,123435,2,2,15,"8a745daf1bcbcb10"
rifle,M4A4,false,147486,142369,3,3,17,"8a745daf1bcbcb10"
rifle,AK-47,false,155622,153388,2,2,18,"8a745daf1bcbcb10"
rifle,AK-47,false,161389,159402,2,3,19,"8a745daf1bcbcb10"
rifle,AK-47,false,185824,178621,2,2,22,"8a745daf1bcbcb10"
pistol,USP-S,false,6428,4060,3,3,1,"8b28d6f61a6f4e65"
rifle,AK-47,false,20186,15968,2,2,3,"8b28d6f61a6f4e65"
rifle,AK-47,false,27809,24859,2,2,4,"8b28d6f61a6f4e65"
rifle,Galil AR,false,39262,34802,2,2,6,"8b28d6f61a6f4e65"
sniper,AWP,false,54447,52299,3,3,8,"8b28d6f61a6f4e65"
rifle,AK-47,false,62035,59688,2,2,9,"8b28d6f61a6f4e65"
sniper,AWP,false,67585,65513,2,2,10,"8b28d6f61a6f4e65"
sniper,AWP,false,79115,76956,2,3,12,"8b28d6f61a6f4e65"
pistol,USP-S,false,92431,90543,3,3,13,"8b28d6f61a6f4e65"
rifle,M4A1,false,109901,105511,3,2,16,"8b28d6f61a6f4e65"
sniper,AWP,false,123622,116058,2,3,17,"8b28d6f61a6f4e65"
rifle,AK-47,false,129717,126312,2,2,18,"8b28d6f61a6f4e65"
sniper,AWP,false,159398,157413,3,3,22,"8b28d6f61a6f4e65"
pistol,USP-S,false,6556,3188,3,3,1,"8b5a1e7040012f52"
rifle,AK-47,false,34801,28519,2,2,5,"8b5a1e7040012f52"
rifle,M4A1,false,48553,45484,3,3,7,"8b5a1e7040012f52"
sniper,AWP,false,53376,50161,3,3,8,"8b5a1e7040012f52"
rifle,AK-47,false,63078,55257,3,3,9,"8b5a1e7040012f52"
pistol,P250,false,80834,78503,2,2,13,"8b5a1e7040012f52"
pistol,USP-S,false,7138,4531,3,3,1,"8b9d8c6cd7136fe"
rifle,AK-47,false,17828,15790,2,2,3,"8b9d8c6cd7136fe"
rifle,AK-47,false,33832,31332,3,2,6,"8b9d8c6cd7136fe"
rifle,M4A4,false,41698,39491,3,3,7,"8b9d8c6cd7136fe"
rifle,M4A4,false,49845,47341,2,3,9,"8b9d8c6cd7136fe"
grenade,HE Grenade,false,58394,56397,3,3,10,"8b9d8c6cd7136fe"
pistol,Glock-18,false,75172,72222,2,2,13,"8b9d8c6cd7136fe"
rifle,M4A1,false,92082,85947,3,3,16,"8b9d8c6cd7136fe"
pistol,Five-SeveN,false,6041,7,3,2,1,"8ba463dcb9448fb7"
smg,MP7,false,16577,14472,2,2,3,"8ba463dcb9448fb7"
sniper,AWP,false,31532,29569,3,2,5,"8ba463dcb9448fb7"
rifle,M4A4,false,53744,44452,3,2,7,"8ba463dcb9448fb7"
rifle,AK-47,false,64813,62134,2,2,9,"8ba463dcb9448fb7"
rifle,M4A1,false,69776,67386,3,2,10,"8ba463dcb9448fb7"
pistol,Glock-18,false,3438,122,2,3,1,"8bc4eee4c905c740"
sniper,AWP,false,13271,11535,3,3,3,"8bc4eee4c905c740"
rifle,M4A1,false,27284,24219,3,3,5,"8bc4eee4c905c740"
rifle,M4A1,false,41301,39009,3,3,7,"8bc4eee4c905c740"
rifle,M4A1,false,55641,52055,3,3,9,"8bc4eee4c905c740"
rifle,AK-47,false,63172,60216,2,3,10,"8bc4eee4c905c740"
rifle,AK-47,false,69836,66463,2,2,11,"8bc4eee4c905c740"
pistol,USP-S,false,85691,82624,3,3,13,"8bc4eee4c905c740"
rifle,M4A1,false,101844,98985,3,3,16,"8bc4eee4c905c740"
sniper,AWP,false,108336,106183,3,3,17,"8bc4eee4c905c740"
rifle,AK-47,false,125577,122251,2,2,19,"8bc4eee4c905c740"
rifle,M4A1,false,135558,130619,3,3,20,"8bc4eee4c905c740"
rifle,AK-47,false,150413,147458,2,3,22,"8bc4eee4c905c740"
rifle,M4A1,false,154657,152239,3,2,23,"8bc4eee4c905c740"
rifle,AK-47,false,172402,168852,2,3,25,"8bc4eee4c905c740"
rifle,AK-47,false,185565,177749,2,2,26,"8bc4eee4c905c740"
rifle,AK-47,false,192351,188561,2,2,27,"8bc4eee4c905c740"
rifle,M4A1,false,200425,196562,3,2,28,"8bc4eee4c905c740"
rifle,M4A1,false,206502,202790,3,2,29,"8bc4eee4c905c740"
rifle,M4A1,false,211876,209710,3,3,30,"8bc4eee4c905c740"
sniper,AWP,false,219128,213429,3,3,31,"8bc4eee4c905c740"
rifle,M4A1,false,223749,221297,3,3,32,"8bc4eee4c905c740"
rifle,AK-47,false,232858,229713,3,3,33,"8bc4eee4c905c740"
rifle,M4A1,false,239215,236239,3,3,34,"8bc4eee4c905c740"
sniper,AWP,false,246543,241341,3,2,35,"8bc4eee4c905c740"
pistol,Glock-18,false,3171,60,2,3,1,"8c6cdb2c2b4b5282"
rifle,AK-47,false,43910,40620,2,2,7,"8c6cdb2c2b4b5282"
sniper,AWP,false,62864,56113,3,3,9,"8c6cdb2c2b4b5282"
rifle,AK-47,false,72352,67161,2,2,10,"8c6cdb2c2b4b5282"
rifle,M4A1,false,80594,76594,3,3,11,"8c6cdb2c2b4b5282"
pistol,USP-S,false,93376,89944,3,2,13,"8c6cdb2c2b4b5282"
rifle,AK-47,false,111762,109607,2,2,17,"8c6cdb2c2b4b5282"
rifle,Galil AR,false,122558,118337,2,2,18,"8c6cdb2c2b4b5282"
rifle,AK-47,false,132897,127897,2,2,19,"8c6cdb2c2b4b5282"
rifle,AK-47,false,148559,145081,2,3,21,"8c6cdb2c2b4b5282"
rifle,M4A1,false,159537,153042,3,3,22,"8c6cdb2c2b4b5282"
sniper,AWP,false,175705,173108,3,3,24,"8c6cdb2c2b4b5282"
pistol,USP-S,false,3596,997,3,3,1,"8cf67a76a7e8baf5"
rifle,M4A1,false,18606,16785,3,2,4,"8cf67a76a7e8baf5"
grenade,HE Grenade,false,28715,25124,3,3,5,"8cf67a76a7e8baf5"
rifle,M4A1,false,59133,56824,3,3,9,"8cf67a76a7e8baf5"
sniper,AWP,false,70651,68642,2,3,10,"8cf67a76a7e8baf5"
rifle,M4A1,false,83623,78202,3,3,11,"8cf67a76a7e8baf5"
pistol,USP-S,false,101313,98317,3,3,13,"8cf67a76a7e8baf5"
rifle,M4A1,false,111506,106690,3,3,15,"8cf67a76a7e8baf5"
sniper,AWP,false,120167,118087,3,2,17,"8cf67a76a7e8baf5"
rifle,M4A1,false,131960,127034,3,3,18,"8cf67a76a7e8baf5"
sniper,AWP,false,137614,135874,3,3,19,"8cf67a76a7e8baf5"
sniper,AWP,false,145606,142020,2,2,20,"8cf67a76a7e8baf5"
rifle,M4A1,false,156248,151791,3,2,21,"8cf67a76a7e8baf5"
rifle,AK-47,false,167833,162343,3,3,22,"8cf67a76a7e8baf5"
rifle,AK-47,false,173252,169844,3,3,23,"8cf67a76a7e8baf5"
rifle,Galil AR,false,181340,178932,2,3,24,"8cf67a76a7e8baf5"
pistol,Glock-18,false,4751,110,2,3,1,"8d39e4c8efcaae52"
rifle,M4A1,false,17791,14022,3,3,3,"8d39e4c8efcaae52"
rifle,M4A1,false,28757,25430,3,3,5,"8d39e4c8efcaae52"
sniper,AWP,false,41866,40018,2,3,7,"8d39e4c8efcaae52"
sniper,AWP,false,59670,55428,3,3,9,"8d39e4c8efcaae52"
rifle,AK-47,false,66140,62991,2,3,10,"8d39e4c8efcaae52"
sniper,AWP,false,85903,83458,2,3,12,"8d39e4c8efcaae52"
pistol,Glock-18,false,93892,90806,2,3,13,"8d39e4c8efcaae52"
sniper,AWP,false,114462,112116,3,3,16,"8d39e4c8efcaae52"
rifle,M4A1,false,127320,124159,3,2,18,"8d39e4c8efcaae52"
rifle,M4A1,false,138423,134073,3,3,19,"8d39e4c8efcaae52"
pistol,Dual Berettas,false,30517,1,3,3,1,"8dc0a562688b2e7a"
rifle,M4A1,false,70225,63079,3,3,6,"8dc0a562688b2e7a"
rifle,M4A1,false,75461,71787,3,2,7,"8dc0a562688b2e7a"
pistol,P250,false,135487,125734,2,2,13,"8dc0a562688b2e7a"
rifle,M4A1,false,159516,157491,3,2,16,"8dc0a562688b2e7a"
sniper,AWP,false,192439,189434,3,3,20,"8dc0a562688b2e7a"
rifle,AK-47,false,205268,203160,2,2,22,"8dc0a562688b2e7a"
sniper,AWP,false,214980,211966,3,3,23,"8dc0a562688b2e7a"
pistol,Glock-18,false,4261,385,2,2,1,"8e7a743264da3ff5"
rifle,AK-47,false,12356,5645,2,2,2,"8e7a743264da3ff5"
rifle,M4A4,false,27242,23919,3,3,4,"8e7a743264da3ff5"
rifle,M4A1,false,43448,35936,3,3,6,"8e7a743264da3ff5"
rifle,AK-47,false,61358,55520,2,2,8,"8e7a743264da3ff5"
rifle,M4A4,false,76620,72267,3,3,10,"8e7a743264da3ff5"
sniper,AWP,false,84780,79616,3,3,11,"8e7a743264da3ff5"
pistol,USP-S,false,110451,95604,3,2,13,"8e7a743264da3ff5"
rifle,M4A4,false,146306,143376,3,3,18,"8e7a743264da3ff5"
rifle,AK-47,false,155536,151115,2,3,19,"8e7a743264da3ff5"
rifle,AK-47,false,176011,173923,2,2,21,"8e7a743264da3ff5"
rifle,M4A1,false,191530,187857,3,3,23,"8e7a743264da3ff5"
rifle,AK-47,false,203615,198756,2,3,24,"8e7a743264da3ff5"
rifle,AK-47,false,210626,206473,2,2,25,"8e7a743264da3ff5"
sniper,AWP,false,216564,214132,3,3,26,"8e7a743264da3ff5"
rifle,M4A4,false,225817,223220,3,3,27,"8e7a743264da3ff5"
rifle,M4A4,false,233411,229259,3,3,28,"8e7a743264da3ff5"
rifle,M4A1,false,239089,236200,3,3,29,"8e7a743264da3ff5"
rifle,AK-47,false,251104,243876,3,2,30,"8e7a743264da3ff5"
rifle,M4A1,false,258413,254996,3,2,31,"8e7a743264da3ff5"
sniper,AWP,false,274402,262827,2,2,32,"8e7a743264da3ff5"
rifle,AK-47,false,281551,279412,2,3,33,"8e7a743264da3ff5"
rifle,M4A4,false,288301,285610,3,3,34,"8e7a743264da3ff5"
rifle,M4A4,false,298023,295815,3,3,35,"8e7a743264da3ff5"
pistol,Glock-18,false,54328,6105,2,2,1,"8ebe7370583beaf7"
rifle,M4A1,false,68322,65503,3,3,3,"8ebe7370583beaf7"
rifle,AK-47,false,122638,99795,3,3,8,"8ebe7370583beaf7"
rifle,AK-47,false,134909,131870,3,2,10,"8ebe7370583beaf7"
rifle,M4A1,false,141469,139387,3,2,11,"8ebe7370583beaf7"
rifle,M4A1,false,147800,145597,3,2,12,"8ebe7370583beaf7"
pistol,Glock-18,false,155550,152644,2,2,13,"8ebe7370583beaf7"
rifle,M4A1,false,179873,177342,3,3,16,"8ebe7370583beaf7"
sniper,AWP,false,238135,236095,2,3,23,"8ebe7370583beaf7"
sniper,AWP,false,250163,247752,3,3,25,"8ebe7370583beaf7"
sniper,AWP,false,255749,253196,3,3,26,"8ebe7370583beaf7"
sniper,AWP,false,261402,257950,3,2,27,"8ebe7370583beaf7"
rifle,M4A1,false,270093,266059,3,2,28,"8ebe7370583beaf7"
rifle,M4A1,false,279419,274032,3,2,29,"8ebe7370583beaf7"
pistol,Glock-18,false,7388,3642,2,2,1,"8ec72538e5116546"
rifle,M4A1,false,53540,47692,3,3,7,"8ec72538e5116546"
rifle,AK-47,false,70622,64844,2,2,9,"8ec72538e5116546"
sniper,AWP,false,77546,74950,3,2,10,"8ec72538e5116546"
rifle,M4A1,false,88472,86109,3,3,11,"8ec72538e5116546"
rifle,AK-47,false,93006,90302,2,2,12,"8ec72538e5116546"
pistol,USP-S,false,106638,100904,3,2,13,"8ec72538e5116546"
pistol,Glock-18,false,5544,90,2,2,1,"8f3c21b20f84062a"
rifle,AK-47,false,31309,26495,2,2,5,"8f3c21b20f84062a"
sniper,AWP,false,50707,48859,2,2,7,"8f3c21b20f84062a"
rifle,M4A1,false,67281,64904,3,2,9,"8f3c21b20f84062a"
rifle,AK-47,false,78800,76575,2,2,11,"8f3c21b20f84062a"
sniper,AWP,false,88441,85896,2,2,12,"8f3c21b20f84062a"
pistol,Glock-18,false,94833,91886,2,2,13,"8f3c21b20f84062a"
smg,MP9,false,108391,104489,3,3,15,"8f3c21b20f84062a"
pistol,Dual Berettas,false,9773,344,3,2,1,"8f8c9d172e900f90"
smg,MAC-10,false,33315,28582,2,2,4,"8f8c9d172e900f90"
sniper,AWP,false,48833,46172,2,3,6,"8f8c9d172e900f90"
rifle,AK-47,false,60039,57496,2,3,7,"8f8c9d172e900f90"
rifle,M4A1,false,69281,63742,3,3,8,"8f8c9d172e900f90"
rifle,AK-47,false,75096,70337,3,3,9,"8f8c9d172e900f90"
rifle,AK-47,false,82335,79425,2,3,10,"8f8c9d172e900f90"
grenade,HE Grenade,false,105914,101461,3,3,12,"8f8c9d172e900f90"
pistol,USP-S,false,130512,112556,3,2,13,"8f8c9d172e900f90"
rifle,M4A1,false,154789,148275,3,3,16,"8f8c9d172e900f90"
sniper,AWP,false,174724,171424,3,3,19,"8f8c9d172e900f90"
sniper,AWP,false,189384,186295,2,3,21,"8f8c9d172e900f90"
grenade,Incendiary Grenade,false,196175,194030,3,3,22,"8f8c9d172e900f90"
pistol,Glock-18,false,2290,1,2,2,1,"8f9d7916bf0b1742"
rifle,AK-47,false,44345,37817,3,3,7,"8f9d7916bf0b1742"
sniper,AWP,false,52742,48827,3,2,8,"8f9d7916bf0b1742"
rifle,AK-47,false,58749,54495,2,2,9,"8f9d7916bf0b1742"
sniper,AWP,false,73980,72052,3,3,11,"8f9d7916bf0b1742"
pistol,USP-S,false,99508,91019,3,2,13,"8f9d7916bf0b1742"
rifle,AK-47,false,142839,135928,3,2,18,"8f9d7916bf0b1742"
rifle,AK-47,false,173978,171222,2,2,22,"8f9d7916bf0b1742"
pistol,USP-S,false,8576,6017,3,3,1,"90c3cf594f42489b"
sniper,AWP,false,29449,24244,3,2,5,"90c3cf594f42489b"
rifle,AK-47,false,33565,31160,2,3,6,"90c3cf594f42489b"
rifle,M4A1,false,43442,41068,3,3,8,"90c3cf594f42489b"
rifle,AK-47,false,61622,59004,3,2,12,"90c3cf594f42489b"
pistol,Glock-18,false,70382,66689,2,2,13,"90c3cf594f42489b"
pistol,Glock-18,false,3164,79,2,2,1,"91043e961834be5c"
rifle,AK-47,false,27794,24086,2,2,4,"91043e961834be5c"
sniper,AWP,false,43784,40083,3,2,6,"91043e961834be5c"
rifle,AK-47,false,60930,56718,3,2,8,"91043e961834be5c"
rifle,AK-47,false,73572,69997,2,3,10,"91043e961834be5c"
rifle,M4A1,false,79215,76065,3,2,11,"91043e961834be5c"
rifle,AK-47,false,85258,81897,2,3,12,"91043e961834be5c"
pistol,Glock-18,false,94460,91777,2,3,13,"91043e961834be5c"
rifle,M4A1,false,122843,115485,3,2,17,"91043e961834be5c"
sniper,AWP,false,135260,131386,3,3,19,"91043e961834be5c"
rifle,AK-47,false,147302,141599,2,3,20,"91043e961834be5c"
pistol,Glock-18,false,2290,1,2,2,1,"91609a6608f8a293"
rifle,M4A1,false,24071,21349,3,3,4,"91609a6608f8a293"
sniper,AWP,false,36201,31691,3,3,5,"91609a6608f8a293"
rifle,M4A4,false,43961,41059,3,3,6,"91609a6608f8a293"
rifle,M4A4,false,54920,52458,3,3,8,"91609a6608f8a293"
rifle,M4A4,false,64221,61622,3,3,10,"91609a6608f8a293"
rifle,AK-47,false,79836,76576,2,2,12,"91609a6608f8a293"
pistol,Dual Berettas,false,87517,84154,3,3,13,"91609a6608f8a293"
rifle,AK-47,false,123267,117989,2,2,17,"91609a6608f8a293"
smg,MP9,false,128864,126784,3,3,18,"91609a6608f8a293"
rifle,AK-47,false,139854,137778,2,3,19,"91609a6608f8a293"
smg,MP9,false,159238,151931,3,3,21,"91609a6608f8a293"
rifle,M4A1,false,168691,163286,3,2,22,"91609a6608f8a293"
grenade,Molotov,false,173337,170769,2,2,23,"91609a6608f8a293"
rifle,AK-47,false,183644,181016,2,2,24,"91609a6608f8a293"
rifle,AK-47,false,191242,186194,2,2,25,"91609a6608f8a293"
sniper,AWP,false,198802,195180,3,3,26,"91609a6608f8a293"
rifle,AK-47,false,206019,202479,3,3,27,"91609a6608f8a293"
rifle,M4A4,false,212077,209943,3,3,28,"91609a6608f8a293"
rifle,M4A4,false,221440,219256,3,3,29,"91609a6608f8a293"
rifle,AK-47,false,227041,223709,2,2,30,"91609a6608f8a293"
rifle,M4A1,false,249960,230257,3,3,31,"91609a6608f8a293"
rifle,M4A1,false,255266,251642,3,3,32,"91609a6608f8a293"
rifle,AK-47,false,259478,257095,3,3,33,"91609a6608f8a293"
rifle,AK-47,false,265665,263346,2,2,34,"91609a6608f8a293"
pistol,Glock-18,false,2822,1,2,2,1,"91b389a446a4dbd"
rifle,AK-47,false,33628,28353,2,2,5,"91b389a446a4dbd"
rifle,AK-47,false,47808,45194,3,2,7,"91b389a446a4dbd"
sniper,AWP,false,71865,69181,2,2,10,"91b389a446a4dbd"
sniper,AWP,false,85520,80546,3,3,11,"91b389a446a4dbd"
sniper,AWP,false,92758,88786,3,2,12,"91b389a446a4dbd"
pistol,USP-S,false,114156,97469,3,3,13,"91b389a446a4dbd"
pistol,Glock-18,false,5267,74,2,2,1,"91b632446276457a"
rifle,AK-47,false,23057,17894,2,3,3,"91b632446276457a"
rifle,M4A4,false,40474,37064,3,3,6,"91b632446276457a"
rifle,M4A4,false,55183,47860,3,3,8,"91b632446276457a"
rifle,M4A1,false,67100,63476,3,3,10,"91b632446276457a"
sniper,AWP,false,72044,67898,3,3,11,"91b632446276457a"
rifle,AK-47,false,78013,74829,3,3,12,"91b632446276457a"
pistol,USP-S,false,84955,80817,3,3,13,"91b632446276457a"
rifle,M4A1,false,96872,93908,3,3,15,"91b632446276457a"
rifle,M4A1,false,112353,107458,3,3,17,"91b632446276457a"
rifle,M4A1,false,123946,121318,2,2,19,"91b632446276457a"
pistol,USP-S,false,5557,3203,3,3,1,"92c4f18e5b1a21fc"
rifle,M4A1,false,75355,72722,3,2,10,"92c4f18e5b1a21fc"
pistol,Glock-18,false,99433,97452,2,3,13,"92c4f18e5b1a21fc"
rifle,AK-47,false,107930,105631,2,2,15,"92c4f18e5b1a21fc"
sniper,AWP,false,112460,109999,3,3,16,"92c4f18e5b1a21fc"
smg,MP9,false,132667,128105,3,3,19,"92c4f18e5b1a21fc"
pistol,USP-S,false,3087,97,3,3,1,"92de1b53f67fffcd"
world,World,false,14873,13296,2,2,3,"92de1b53f67fffcd"
rifle,M4A1,false,72704,67288,3,3,9,"92de1b53f67fffcd"
rifle,M4A1,false,94030,90496,3,3,11,"92de1b53f67fffcd"
sniper,AWP,false,107873,104245,3,3,13,"92de1b53f67fffcd"
rifle,M4A1,false,114291,111555,3,3,14,"92de1b53f67fffcd"
pistol,Glock-18,false,123940,120634,2,3,16,"92de1b53f67fffcd"
rifle,AK-47,false,146916,140502,2,3,19,"92de1b53f67fffcd"
rifle,AK-47,false,159663,155970,2,2,21,"92de1b53f67fffcd"
pistol,USP-S,false,2624,100,3,3,1,"93f6caa90cb3f862"
grenade,HE Grenade,false,11059,8971,3,3,3,"93f6caa90cb3f862"
rifle,AK-47,false,27190,24990,2,2,5,"93f6caa90cb3f862"
rifle,AK-47,false,37649,32790,2,3,6,"93f6caa90cb3f862"
sniper,AWP,false,73531,68619,2,2,10,"93f6caa90cb3f862"
rifle,M4A1,false,91450,86212,3,3,12,"93f6caa90cb3f862"
pistol,Dual Berettas,false,100521,97147,3,3,13,"93f6caa90cb3f862"
rifle,M4A4,false,112678,107614,3,3,15,"93f6caa90cb3f862"
sniper,AWP,false,144951,140283,2,3,19,"93f6caa90cb3f862"
rifle,M4A4,false,167480,151373,3,3,20,"93f6caa90cb3f862"
rifle,AK-47,false,174770,170719,2,2,21,"93f6caa90cb3f862"
sniper,AWP,false,182079,179141,3,3,22,"93f6caa90cb3f862"
pistol,Glock-18,false,7128,4536,2,2,1,"942f3a5ec52656ce"
rifle,AK-47,false,34297,32075,2,3,6,"942f3a5ec52656ce"
rifle,AK-47,false,49111,46980,2,2,8,"942f3a5ec52656ce"
sniper,AWP,false,55941,53402,2,2,9,"942f3a5ec52656ce"
rifle,AK-47,false,68854,64294,2,2,10,"942f3a5ec52656ce"
rifle,AK-47,false,89695,84820,3,3,12,"942f3a5ec52656ce"
pistol,Glock-18,false,96049,92683,2,2,13,"942f3a5ec52656ce"
rifle,AK-47,false,106443,101206,2,2,15,"942f3a5ec52656ce"
sniper,AWP,false,121559,118959,2,2,17,"942f3a5ec52656ce"
rifle,AK-47,false,128542,126270,3,3,18,"942f3a5ec52656ce"
sniper,AWP,false,149183,144779,3,3,20,"942f3a5ec52656ce"
smg,MP9,false,165346,160440,3,3,22,"942f3a5ec52656ce"
rifle,M4A1,false,183420,180934,3,3,24,"942f3a5ec52656ce"
rifle,M4A1,false,187280,184690,3,3,25,"942f3a5ec52656ce"
sniper,AWP,false,193404,188776,3,3,26,"942f3a5ec52656ce"
sniper,AWP,false,198743,194324,3,3,27,"942f3a5ec52656ce"
rifle,M4A1,false,207182,202272,3,3,28,"942f3a5ec52656ce"
grenade,Molotov,false,213092,208895,2,3,29,"942f3a5ec52656ce"
rifle,AK-47,false,222882,215192,2,3,30,"942f3a5ec52656ce"
sniper,AWP,false,230115,225300,3,3,31,"942f3a5ec52656ce"
rifle,AK-47,false,235769,232002,3,3,32,"942f3a5ec52656ce"
rifle,M4A1,false,245649,241089,3,3,33,"942f3a5ec52656ce"
rifle,M4A1,false,252248,248985,3,3,34,"942f3a5ec52656ce"
rifle,AK-47,false,267940,257574,2,3,35,"942f3a5ec52656ce"
rifle,AK-47,false,275706,268765,3,2,36,"942f3a5ec52656ce"
rifle,M4A1,false,19297,15777,3,2,3,"94d81caf12815656"
rifle,Galil AR,false,32889,23220,2,2,4,"94d81caf12815656"
smg,MP9,false,39547,36345,3,3,5,"94d81caf12815656"
rifle,M4A1,false,69223,65527,3,3,9,"94d81caf12815656"
smg,MP9,false,74991,71928,3,2,10,"94d81caf12815656"
rifle,AK-47,false,88396,83018,2,2,12,"94d81caf12815656"
pistol,Glock-18,false,93585,91050,2,3,13,"94d81caf12815656"
rifle,AK-47,false,114682,110563,3,3,17,"94d81caf12815656"
melee,Knife,false,1742,1,2,3,1,"958fa9238efe1849"
pistol,Dual Berettas,false,6922,4477,3,2,3,"958fa9238efe1849"
rifle,M4A1,false,16825,14535,3,3,5,"958fa9238efe1849"
rifle,AK-47,false,23952,20953,2,2,6,"958fa9238efe1849"
rifle,M4A1,false,32816,27966,3,3,7,"958fa9238efe1849"
sniper,AWP,false,49880,47483,3,3,10,"958fa9238efe1849"
rifle,M4A4,false,66729,63306,3,3,12,"958fa9238efe1849"
sniper,AWP,false,71466,68775,2,2,13,"958fa9238efe1849"
pistol,USP-S,false,90740,88175,3,3,15,"958fa9238efe1849"
rifle,AK-47,false,97385,95531,2,3,17,"958fa9238efe1849"
rifle,AK-47,false,112270,105661,2,3,19,"958fa9238efe1849"
rifle,AK-47,false,119947,114750,2,2,20,"958fa9238efe1849"
rifle,M4A1,false,128551,123841,3,3,21,"958fa9238efe1849"
rifle,AK-47,false,135013,129975,2,3,22,"958fa9238efe1849"
pistol,Glock-18,false,2815,1,2,2,1,"9633b2940e86c1a8"
sniper,AWP,false,23415,21393,2,2,5,"9633b2940e86c1a8"
sniper,AWP,false,35934,33830,2,2,7,"9633b2940e86c1a8"
sniper,AWP,false,44119,41202,2,2,8,"9633b2940e86c1a8"
sniper,AWP,false,70342,68354,2,2,12,"9633b2940e86c1a8"
pistol,USP-S,false,87438,79440,3,3,13,"9633b2940e86c1a8"
pistol,USP-S,false,2584,82,3,3,1,"963672906ef564fe"
rifle,AK-47,false,18672,11947,2,3,3,"963672906ef564fe"
rifle,AK-47,false,44880,42477,2,2,7,"963672906ef564fe"
sniper,AWP,false,65849,64095,3,2,9,"963672906ef564fe"
rifle,M4A1,false,76641,73893,3,3,10,"963672906ef564fe"
rifle,AK-47,false,83705,77910,2,2,11,"963672906ef564fe"
sniper,AWP,false,91028,88649,2,2,12,"963672906ef564fe"
pistol,Glock-18,false,100862,97669,2,2,13,"963672906ef564fe"
rifle,Galil AR,false,114266,110733,2,3,15,"963672906ef564fe"
sniper,AWP,false,129685,127314,3,3,18,"963672906ef564fe"
pistol,USP-S,false,9320,6661,3,3,1,"966daa4193f074e0"
smg,MP9,false,20713,16661,3,3,4,"966daa4193f074e0"
sniper,AWP,false,34676,32277,2,2,6,"966daa4193f074e0"
rifle,AK-47,false,46728,41847,2,2,7,"966daa4193f074e0"
sniper,AWP,false,66048,63524,2,2,9,"966daa4193f074e0"
rifle,AK-47,false,85674,82400,2,3,11,"966daa4193f074e0"
sniper,AWP,false,95008,92621,2,2,12,"966daa4193f074e0"
pistol,Dual Berettas,false,102893,99643,3,3,13,"966daa4193f074e0"
rifle,Galil AR,false,114004,108761,2,2,15,"966daa4193f074e0"
rifle,M4A1,false,124372,118187,3,3,16,"966daa4193f074e0"
rifle,AK-47,false,165226,163146,3,2,21,"966daa4193f074e0"
rifle,AK-47,false,177472,173908,2,2,22,"966daa4193f074e0"
sniper,AWP,false,188681,183511,3,3,23,"966daa4193f074e0"
rifle,AK-47,false,195332,192471,2,2,24,"966daa4193f074e0"
pistol,Dual Berettas,false,2988,61,3,3,1,"96d88a7d1329b7"
pistol,Dual Berettas,false,14249,9071,3,2,3,"96d88a7d1329b7"
rifle,AK-47,false,31315,26915,2,3,6,"96d88a7d1329b7"
rifle,AK-47,false,37999,32906,2,3,7,"96d88a7d1329b7"
sniper,AWP,false,46132,41403,3,3,8,"96d88a7d1329b7"
rifle,AK-47,false,58655,53326,3,3,10,"96d88a7d1329b7"
sniper,AWP,false,67514,64693,3,3,12,"96d88a7d1329b7"
pistol,Glock-18,false,73802,70796,2,2,13,"96d88a7d1329b7"
rifle,AK-47,false,102650,98828,2,2,18,"96d88a7d1329b7"
pistol,P250,false,7304,2955,2,3,1,"97533032f79a57fa"
rifle,M4A1,false,23059,17608,3,2,3,"97533032f79a57fa"
rifle,M4A1,false,51812,48859,3,3,6,"97533032f79a57fa"
rifle,AK-47,false,64758,57298,3,3,7,"97533032f79a57fa"
sniper,AWP,false,97490,92557,3,3,12,"97533032f79a57fa"
pistol,USP-S,false,104380,101332,3,3,13,"97533032f79a57fa"
rifle,M4A1,false,136574,133022,3,3,17,"97533032f79a57fa"
rifle,AK-47,false,154735,149622,3,3,19,"97533032f79a57fa"
rifle,M4A1,false,169020,166239,3,2,21,"97533032f79a57fa"
rifle,AK-47,false,180083,172531,2,3,22,"97533032f79a57fa"
pistol,USP-S,false,4586,125,3,2,1,"97e55146f7da19fc"
sniper,AWP,false,19100,16944,3,2,4,"97e55146f7da19fc"
smg,MAC-10,false,33840,31230,2,3,6,"97e55146f7da19fc"
sniper,AWP,false,41508,39562,2,2,7,"97e55146f7da19fc"
rifle,M4A1,false,60202,57376,3,3,9,"97e55146f7da19fc"
rifle,FAMAS,false,67267,64476,3,3,10,"97e55146f7da19fc"
rifle,Galil AR,false,77350,68705,2,2,11,"97e55146f7da19fc"
pistol,USP-S,false,118638,115090,3,3,13,"97e55146f7da19fc"
pistol,Dual Berettas,false,2890,76,3,2,1,"98e03c6f9337ec9b"
rifle,FAMAS,false,38200,33784,3,3,5,"98e03c6f9337ec9b"
rifle,AK-47,false,52509,48997,2,2,7,"98e03c6f9337ec9b"
rifle,AK-47,false,61009,58510,2,2,8,"98e03c6f9337ec9b"
sniper,AWP,false,70064,67325,2,3,9,"98e03c6f9337ec9b"
sniper,AWP,false,91628,77184,2,2,10,"98e03c6f9337ec9b"
rifle,M4A1,false,103791,98557,3,3,11,"98e03c6f9337ec9b"
rifle,Galil AR,false,109039,106986,2,3,12,"98e03c6f9337ec9b"
pistol,Dual Berettas,false,126438,110400,3,3,13,"98e03c6f9337ec9b"
rifle,M4A1,false,134966,131656,3,3,15,"98e03c6f9337ec9b"
rifle,M4A1,false,178279,175084,3,2,19,"98e03c6f9337ec9b"
smg,MP9,false,195404,190815,3,3,21,"98e03c6f9337ec9b"
sniper,AWP,false,204769,199438,2,2,22,"98e03c6f9337ec9b"
pistol,P250,false,6453,4060,2,3,1,"98eafdda0b5a3641"
rifle,Galil AR,false,21909,16245,2,2,3,"98eafdda0b5a3641"
grenade,HE Grenade,false,29197,25242,3,3,4,"98eafdda0b5a3641"
rifle,M4A4,false,72478,70475,3,3,9,"98eafdda0b5a3641"
rifle,AK-47,false,88067,85760,2,3,11,"98eafdda0b5a3641"
pistol,Glock-18,false,110394,108361,2,2,13,"98eafdda0b5a3641"
rifle,M4A1,false,127773,125049,3,3,15,"98eafdda0b5a3641"
rifle,Galil AR,false,140180,133285,2,2,16,"98eafdda0b5a3641"
rifle,AK-47,false,167291,164031,3,3,20,"98eafdda0b5a3641"
rifle,AK-47,false,185610,179529,2,3,22,"98eafdda0b5a3641"
pistol,Glock-18,false,2248,1,2,2,1,"99cad6579edc5878"
rifle,AK-47,false,27446,23235,2,2,4,"99cad6579edc5878"
sniper,AWP,false,44683,41088,3,2,6,"99cad6579edc5878"
rifle,AK-47,false,66001,61504,2,3,9,"99cad6579edc5878"
pistol,Glock-18,false,114528,97654,2,2,13,"99cad6579edc5878"
smg,MAC-10,false,119938,117503,2,2,14,"99cad6579edc5878"
pistol,Five-SeveN,false,128238,124214,3,2,15,"99cad6579edc5878"
sniper,AWP,false,135713,133646,3,2,16,"99cad6579edc5878"
rifle,AK-47,false,154861,151651,2,3,18,"99cad6579edc5878"
rifle,M4A1,false,171674,168118,3,2,20,"99cad6579edc5878"
pistol,USP-S,false,2404,113,3,3,1,"9b8261c9e55ad80f"
rifle,AK-47,false,12185,7870,2,2,3,"9b8261c9e55ad80f"
rifle,AK-47,false,39797,37828,2,2,8,"9b8261c9e55ad80f"
rifle,AK-47,false,60487,58592,2,2,11,"9b8261c9e55ad80f"
pistol,USP-S,false,75051,72580,3,2,13,"9b8261c9e55ad80f"
pistol,Glock-18,false,8349,340,2,2,1,"9b97719b66595b86"
sniper,AWP,false,32709,28722,3,2,4,"9b97719b66595b86"
rifle,AK-47,false,45387,38204,2,2,5,"9b97719b66595b86"
rifle,M4A1,false,65050,58597,3,3,7,"9b97719b66595b86"
rifle,AK-47,false,69352,67468,3,2,8,"9b97719b66595b86"
rifle,AK-47,false,90704,84617,2,2,10,"9b97719b66595b86"
sniper,AWP,false,108104,104404,2,2,12,"9b97719b66595b86"
pistol,USP-S,false,128346,113235,3,3,13,"9b97719b66595b86"
pistol,Glock-18,false,1633,1,2,3,1,"9b9be817a88c1584"
rifle,M4A1,false,15203,11240,3,2,3,"9b9be817a88c1584"
rifle,AK-47,false,45222,42703,2,2,7,"9b9be817a88c1584"
rifle,AK-47,false,61737,58112,3,3,9,"9b9be817a88c1584"
rifle,M4A1,false,84215,79144,3,2,12,"9b9be817a88c1584"
pistol,Dual Berettas,false,91644,88578,3,3,13,"9b9be817a88c1584"
rifle,M4A1,false,109435,103986,3,3,16,"9b9be817a88c1584"
rifle,AK-47,false,116824,113825,2,3,17,"9b9be817a88c1584"
rifle,AK-47,false,125543,121251,3,2,18,"9b9be817a88c1584"
rifle,M4A1,false,159740,155180,3,3,23,"9b9be817a88c1584"
pistol,Glock-18,false,3285,1,2,2,1,"9bf0eddddeed8ff7"
rifle,M4A1,false,35690,33258,3,3,6,"9bf0eddddeed8ff7"
rifle,M4A1,false,46183,44089,3,3,8,"9bf0eddddeed8ff7"
sniper,AWP,false,68921,66701,3,3,11,"9bf0eddddeed8ff7"
smg,MAC-10,false,72717,70633,2,3,12,"9bf0eddddeed8ff7"
pistol,Glock-18,false,79082,75945,2,2,13,"9bf0eddddeed8ff7"
rifle,AK-47,false,104896,102071,2,2,18,"9bf0eddddeed8ff7"
pistol,Glock-18,false,2636,99,2,2,1,"9c8d21e21c3390e1"
rifle,M4A1,false,14289,10710,3,3,3,"9c8d21e21c3390e1"
rifle,Galil AR,false,27898,25267,2,2,6,"9c8d21e21c3390e1"
sniper,AWP,false,33905,31405,3,3,7,"9c8d21e21c3390e1"
rifle,Galil AR,false,54854,51574,2,2,10,"9c8d21e21c3390e1"
rifle,M4A1,false,66017,63696,3,3,12,"9c8d21e21c3390e1"
pistol,USP-S,false,73964,71457,3,2,13,"9c8d21e21c3390e1"
rifle,AK-47,false,91108,83741,2,2,15,"9c8d21e21c3390e1"
rifle,AK-47,false,96753,94653,2,2,16,"9c8d21e21c3390e1"
sniper,AWP,false,105752,100791,3,3,17,"9c8d21e21c3390e1"
sniper,AWP,false,109020,107114,3,3,18,"9c8d21e21c3390e1"
rifle,M4A1,false,118837,116740,3,3,20,"9c8d21e21c3390e1"
sniper,AWP,false,137961,128520,3,2,22,"9c8d21e21c3390e1"
sniper,AWP,false,163550,160911,3,3,25,"9c8d21e21c3390e1"
sniper,AWP,false,167728,164452,2,3,26,"9c8d21e21c3390e1"
rifle,AK-47,false,171300,169439,2,2,27,"9c8d21e21c3390e1"
sniper,AWP,false,180447,175166,2,2,28,"9c8d21e21c3390e1"
rifle,M4A1,false,186753,184422,3,3,29,"9c8d21e21c3390e1"
rifle,AK-47,false,194880,192913,2,2,30,"9c8d21e21c3390e1"
pistol,USP-S,false,2988,82,3,3,1,"9cf2b1cce364afa9"
rifle,AK-47,false,11126,8953,2,2,3,"9cf2b1cce364afa9"
rifle,M4A1,false,35938,33767,3,3,6,"9cf2b1cce364afa9"
sniper,AWP,false,42580,38645,2,2,7,"9cf2b1cce364afa9"
rifle,AK-47,false,74728,68277,2,2,10,"9cf2b1cce364afa9"
rifle,M4A1,false,92095,87495,3,3,12,"9cf2b1cce364afa9"
pistol,USP-S,false,101485,96680,3,3,13,"9cf2b1cce364afa9"
rifle,AK-47,false,122912,117396,2,3,16,"9cf2b1cce364afa9"
sniper,AWP,false,128127,126356,3,3,17,"9cf2b1cce364afa9"
pistol,Glock-18,false,2512,105,2,2,1,"9d312f7c14641658"
rifle,AK-47,false,38014,31854,2,3,5,"9d312f7c14641658"
sniper,AWP,false,50613,45032,3,3,7,"9d312f7c14641658"
rifle,AK-47,false,57631,55045,2,2,8,"9d312f7c14641658"
rifle,Galil AR,false,70690,64521,2,2,9,"9d312f7c14641658"
sniper,AWP,false,78620,74084,3,3,10,"9d312f7c14641658"
rifle,M4A1,false,89478,81802,3,2,11,"9d312f7c14641658"
pistol,USP-S,false,100854,97742,3,3,13,"9d312f7c14641658"
sniper,AWP,false,111809,109723,3,2,16,"9d312f7c14641658"
grenade,HE Grenade,false,120800,117365,3,3,17,"9d312f7c14641658"
sniper,AWP,false,133077,129807,3,3,19,"9d312f7c14641658"
sniper,AWP,false,154311,150890,3,2,22,"9d312f7c14641658"
pistol,Glock-18,false,3802,971,2,2,1,"9e447475d6583bc"
rifle,Galil AR,false,14650,11207,2,2,3,"9e447475d6583bc"
rifle,M4A1,false,26398,24272,3,3,5,"9e447475d6583bc"
rifle,M4A1,false,75189,73108,2,3,12,"9e447475d6583bc"
pistol,Glock-18,false,81836,78074,2,2,13,"9e447475d6583bc"
rifle,M4A1,false,95839,92530,3,3,15,"9e447475d6583bc"
rifle,M4A1,false,108731,105748,3,3,17,"9e447475d6583bc"
rifle,M4A1,false,125183,121767,3,2,19,"9e447475d6583bc"
rifle,AK-47,false,139654,137329,2,3,21,"9e447475d6583bc"
rifle,AK-47,false,145464,143336,2,3,22,"9e447475d6583bc"
rifle,AK-47,false,158929,156596,3,3,24,"9e447475d6583bc"
rifle,AK-47,false,20927,12,3,2,1,"9e69fe42c6a759fb"
rifle,AK-47,false,29769,24749,2,2,2,"9e69fe42c6a759fb"
rifle,M4A1,false,37009,34295,3,2,3,"9e69fe42c6a759fb"
rifle,AK-47,false,48490,44796,2,3,5,"9e69fe42c6a759fb"
rifle,AK-47,false,56064,53629,2,2,6,"9e69fe42c6a759fb"
pistol,Dual Berettas,false,72300,63021,3,3,7,"9e69fe42c6a759fb"
rifle,M4A4,false,119784,117582,3,3,13,"9e69fe42c6a759fb"
rifle,AK-47,false,127375,124947,2,2,14,"9e69fe42c6a759fb"
pistol,P250,false,1944,1,2,2,1,"9ec6d7983bdd57bc"
rifle,AK-47,false,47157,38917,2,2,5,"9ec6d7983bdd57bc"
rifle,M4A1,false,53651,50853,3,3,6,"9ec6d7983bdd57bc"
rifle,AK-47,false,60953,57270,2,2,7,"9ec6d7983bdd57bc"
rifle,M4A1,false,76081,70792,3,2,8,"9ec6d7983bdd57bc"
sniper,AWP,false,81822,79678,3,2,9,"9ec6d7983bdd57bc"
sniper,AWP,false,93789,91798,2,2,10,"9ec6d7983bdd57bc"
rifle,AK-47,false,105057,98390,2,2,11,"9ec6d7983bdd57bc"
pistol,Dual Berettas,false,128858,117291,3,2,13,"9ec6d7983bdd57bc"
rifle,AK-47,false,180211,176757,2,2,16,"9ec6d7983bdd57bc"
rifle,M4A4,false,199193,193952,3,3,18,"9ec6d7983bdd57bc"
sniper,AWP,false,203200,200235,3,3,19,"9ec6d7983bdd57bc"
rifle,AK-47,false,208707,204563,2,2,20,"9ec6d7983bdd57bc"
rifle,AK-47,false,215233,211670,2,2,21,"9ec6d7983bdd57bc"
rifle,M4A1,false,249108,227822,3,3,23,"9ec6d7983bdd57bc"
pistol,Glock-18,false,2934,66,2,2,1,"9f578dadfd1bf32c"
rifle,AK-47,false,14087,9400,2,2,3,"9f578dadfd1bf32c"
rifle,M4A1,false,22763,19519,3,3,5,"9f578dadfd1bf32c"
rifle,M4A1,false,32927,28479,3,3,6,"9f578dadfd1bf32c"
rifle,AK-47,false,49662,47218,2,2,9,"9f578dadfd1bf32c"
rifle,AK-47,false,59016,55327,2,3,10,"9f578dadfd1bf32c"
rifle,AK-47,false,65619,61784,2,3,11,"9f578dadfd1bf32c"
rifle,AK-47,false,71968,68858,2,2,12,"9f578dadfd1bf32c"
pistol,USP-S,false,82370,77837,3,3,13,"9f578dadfd1bf32c"
sniper,AWP,false,91546,89424,3,3,15,"9f578dadfd1bf32c"
sniper,AWP,false,117789,115547,3,3,18,"9f578dadfd1bf32c"
pistol,Glock-18,false,4748,347,2,2,1,"9fedeb7256b9e6ea"
rifle,M4A1,false,30168,28067,3,3,4,"9fedeb7256b9e6ea"
rifle,M4A1,false,55099,50049,3,2,7,"9fedeb7256b9e6ea"
rifle,M4A1,false,61011,58871,3,2,8,"9fedeb7256b9e6ea"
rifle,M4A1,false,72672,70735,3,3,9,"9fedeb7256b9e6ea"
sniper,AWP,false,106012,102370,2,2,12,"9fedeb7256b9e6ea"
pistol,Glock-18,false,126683,110536,2,2,13,"9fedeb7256b9e6ea"
smg,MAC-10,false,134018,132095,2,2,15,"9fedeb7256b9e6ea"
sniper,AWP,false,154030,151146,3,3,17,"9fedeb7256b9e6ea"
rifle,AK-47,false,158750,156620,2,3,18,"9fedeb7256b9e6ea"
rifle,AK-47,false,170661,168379,2,3,19,"9fedeb7256b9e6ea"
rifle,AK-47,false,178173,175813,3,3,20,"9fedeb7256b9e6ea"
pistol,Glock-18,false,15395,8696,2,2,1,"9ff3df6794bf9a01"
rifle,AK-47,false,39992,37648,2,2,4,"9ff3df6794bf9a01"
rifle,AK-47,false,58485,53173,2,2,6,"9ff3df6794bf9a01"
sniper,AWP,false,64745,62194,2,2,7,"9ff3df6794bf9a01"
sniper,AWP,false,78383,74374,2,2,8,"9ff3df6794bf9a01"
rifle,AK-47,false,89030,83818,2,2,9,"9ff3df6794bf9a01"
rifle,AK-47,false,97871,95328,2,3,10,"9ff3df6794bf9a01"
sniper,AWP,false,109078,105840,3,2,11,"9ff3df6794bf9a01"
rifle,AK-47,false,112897,110753,2,3,12,"9ff3df6794bf9a01"
pistol,P250,false,136738,120517,2,2,13,"9ff3df6794bf9a01"
rifle,M4A1,false,160175,155013,3,3,16,"9ff3df6794bf9a01"
sniper,AWP,false,168988,163455,3,3,17,"9ff3df6794bf9a01"
melee,Zeus x27,false,9683,329,3,2,1,a07bef37cb31a694
rifle,AK-47,false,31907,29533,2,2,4,a07bef37cb31a694
sniper,AWP,false,48129,46152,3,3,6,a07bef37cb31a694
sniper,AWP,false,55245,53074,3,2,7,a07bef37cb31a694
rifle,M4A1,false,66872,60660,3,2,8,a07bef37cb31a694
rifle,AK-47,false,81532,79512,2,2,10,a07bef37cb31a694
rifle,M4A1,false,97204,92408,3,3,12,a07bef37cb31a694
pistol,USP-S,false,115389,99475,3,3,13,a07bef37cb31a694
rifle,AK-47,false,125893,120019,2,2,15,a07bef37cb31a694
rifle,M4A4,false,134202,131188,3,3,16,a07bef37cb31a694
pistol,USP-S,false,4237,1,3,3,1,a0db0b97f8770cad
rifle,AK-47,false,12128,9875,2,3,3,a0db0b97f8770cad
rifle,AK-47,false,40574,37278,2,3,6,a0db0b97f8770cad
sniper,AWP,false,57538,49908,3,2,8,a0db0b97f8770cad
rifle,AK-47,false,64223,61109,2,2,9,a0db0b97f8770cad
pistol,Five-SeveN,false,74058,71725,3,2,11,a0db0b97f8770cad
rifle,AK-47,false,81105,78811,2,2,12,a0db0b97f8770cad
pistol,Glock-18,false,87064,82916,2,2,13,a0db0b97f8770cad
rifle,M4A1,false,106310,103602,3,2,16,a0db0b97f8770cad
sniper,AWP,false,113041,110299,3,2,17,a0db0b97f8770cad
pistol,USP-S,false,3036,103,3,3,1,a1d78f7cde4e833b
rifle,M4A1,false,22901,20652,3,2,4,a1d78f7cde4e833b
rifle,M4A1,false,29944,26639,3,2,5,a1d78f7cde4e833b
rifle,M4A1,false,54334,51516,2,2,8,a1d78f7cde4e833b
smg,MAC-10,false,71084,67917,2,2,10,a1d78f7cde4e833b
sniper,AWP,false,76596,74647,3,3,11,a1d78f7cde4e833b
rifle,AK-47,false,82906,79596,2,2,12,a1d78f7cde4e833b
pistol,Glock-18,false,89539,85818,2,2,13,a1d78f7cde4e833b
sniper,AWP,false,100357,98226,3,3,15,a1d78f7cde4e833b
sniper,AWP,false,109815,106166,3,3,16,a1d78f7cde4e833b
rifle,AK-47,false,127696,124813,2,2,18,a1d78f7cde4e833b
rifle,FAMAS,false,146367,141682,3,3,20,a1d78f7cde4e833b
pistol,USP-S,false,4146,975,3,2,1,a1de9787d1adc24
smg,MAC-10,false,26121,23331,2,3,4,a1de9787d1adc24
sniper,AWP,false,33458,31343,2,2,5,a1de9787d1adc24
grenade,HE Grenade,false,53286,51291,3,2,7,a1de9787d1adc24
rifle,M4A1,false,92747,85199,3,3,11,a1de9787d1adc24
pistol,USP-S,false,103398,100902,3,2,13,a1de9787d1adc24
rifle,AK-47,false,126256,124139,2,2,17,a1de9787d1adc24
sniper,AWP,false,137040,135102,3,3,18,a1de9787d1adc24
rifle,AK-47,false,148412,146170,2,2,19,a1de9787d1adc24
sniper,AWP,false,159790,152606,3,3,20,a1de9787d1adc24
pistol,Glock-18,false,3824,70,2,3,1,a24d129cf77fb424
rifle,AK-47,false,12467,10239,2,3,3,a24d129cf77fb424
sniper,AWP,false,29769,27579,2,2,5,a24d129cf77fb424
sniper,AWP,false,37282,34600,3,2,6,a24d129cf77fb424
sniper,AWP,false,56493,53178,3,3,8,a24d129cf77fb424
rifle,M4A1,false,65451,61044,3,2,9,a24d129cf77fb424
sniper,AWP,false,71940,67200,3,3,10,a24d129cf77fb424
pistol,USP-S,false,97147,93833,3,3,13,a24d129cf77fb424
rifle,M4A1,false,109264,104984,3,3,15,a24d129cf77fb424
rifle,M4A1,false,133940,131440,3,3,17,a24d129cf77fb424
rifle,M4A1,false,145025,139597,3,3,19,a24d129cf77fb424
rifle,AK-47,false,153758,151428,2,3,21,a24d129cf77fb424
rifle,AK-47,false,161583,159154,2,2,22,a24d129cf77fb424
sniper,AWP,false,168252,165376,3,3,23,a24d129cf77fb424
pistol,Glock-18,false,3085,102,2,2,1,a2ca8bb245b5a03f
rifle,M4A1,false,21211,17415,3,2,4,a2ca8bb245b5a03f
rifle,AK-47,false,28013,25880,2,2,5,a2ca8bb245b5a03f
rifle,AK-47,false,40264,37957,2,2,7,a2ca8bb245b5a03f
rifle,AK-47,false,47805,44990,2,3,8,a2ca8bb245b5a03f
rifle,M4A1,false,60254,58187,3,3,10,a2ca8bb245b5a03f
rifle,AK-47,false,73148,70491,3,2,12,a2ca8bb245b5a03f
pistol,USP-S,false,80630,78678,3,3,13,a2ca8bb245b5a03f
smg,MP9,false,91425,85811,3,3,15,a2ca8bb245b5a03f
rifle,AK-47,false,97961,95260,3,3,16,a2ca8bb245b5a03f
rifle,M4A1,false,108276,106289,3,3,18,a2ca8bb245b5a03f
rifle,AK-47,false,3504,7,2,3,1,a3e6eabee0c9ab0d
smg,MP9,false,15078,12495,3,3,3,a3e6eabee0c9ab0d
rifle,AK-47,false,28716,26266,2,2,5,a3e6eabee0c9ab0d
sniper,AWP,false,35070,30335,2,2,6,a3e6eabee0c9ab0d
rifle,M4A1,false,45797,43750,3,3,7,a3e6eabee0c9ab0d
rifle,M4A4,false,56692,53982,3,3,8,a3e6eabee0c9ab0d
pistol,USP-S,false,8244,5416,3,2,1,a4a0808a07a6cad8
sniper,AWP,false,44074,42097,2,2,6,a4a0808a07a6cad8
rifle,AK-47,false,66230,61049,2,2,8,a4a0808a07a6cad8
rifle,AK-47,false,74441,70738,3,3,9,a4a0808a07a6cad8
sniper,AWP,false,82600,79826,3,2,10,a4a0808a07a6cad8
rifle,AK-47,false,91940,89120,2,3,11,a4a0808a07a6cad8
pistol,Glock-18,false,106763,103139,2,2,13,a4a0808a07a6cad8
rifle,AK-47,false,143824,141273,2,3,17,a4a0808a07a6cad8
sniper,AWP,false,171453,169504,3,3,21,a4a0808a07a6cad8
pistol,Glock-18,false,2771,81,2,2,1,a5c320ca83b08d5
rifle,AK-47,false,15498,12112,2,3,3,a5c320ca83b08d5
rifle,AK-47,false,22880,16899,3,2,4,a5c320ca83b08d5
rifle,M4A1,false,32191,27003,3,3,5,a5c320ca83b08d5
rifle,AK-47,false,50577,48624,3,3,8,a5c320ca83b08d5
sniper,AWP,false,60659,58584,3,3,10,a5c320ca83b08d5
sniper,AWP,false,77722,75874,2,2,12,a5c320ca83b08d5
pistol,USP-S,false,86633,84161,3,3,13,a5c320ca83b08d5
rifle,M4A1,false,102594,99886,3,3,16,a5c320ca83b08d5
rifle,M4A1,false,111277,108144,3,2,17,a5c320ca83b08d5
rifle,M4A1,false,122655,116751,3,3,18,a5c320ca83b08d5
rifle,M4A4,false,128928,125711,3,2,19,a5c320ca83b08d5
rifle,M4A1,false,157128,154849,3,3,22,a5c320ca83b08d5
rifle,M4A1,false,176301,170937,3,3,24,a5c320ca83b08d5
pistol,Dual Berettas,false,12094,8342,3,3,1,a5cfc99d457e271
rifle,AK-47,false,27462,23748,2,2,3,a5cfc99d457e271
grenade,HE Grenade,false,46463,44056,3,2,5,a5cfc99d457e271
rifle,M4A1,false,67335,64916,3,3,7,a5cfc99d457e271
rifle,M4A1,false,77376,74004,3,3,8,a5cfc99d457e271
rifle,AK-47,false,108652,103403,2,3,11,a5cfc99d457e271
rifle,M4A1,false,115084,112890,3,3,12,a5cfc99d457e271
pistol,Glock-18,false,136316,119536,2,3,13,a5cfc99d457e271
smg,MP9,false,155257,151601,3,2,16,a5cfc99d457e271
rifle,M4A1,false,167824,164391,3,3,17,a5cfc99d457e271
rifle,AK-47,false,183888,178152,2,3,19,a5cfc99d457e271
rifle,M4A1,false,195491,189294,3,3,20,a5cfc99d457e271
sniper,AWP,false,208120,205589,3,2,22,a5cfc99d457e271
sniper,AWP,false,220606,215909,2,2,23,a5cfc99d457e271
rifle,AK-47,false,243204,237163,2,2,25,a5cfc99d457e271
rifle,M4A1,false,254645,247191,3,3,26,a5cfc99d457e271
sniper,AWP,false,258335,255981,2,3,27,a5cfc99d457e271
rifle,AK-47,false,273010,267227,2,2,28,a5cfc99d457e271
rifle,AK-47,false,283415,280137,2,2,29,a5cfc99d457e271
pistol,Glock-18,false,9006,4805,2,2,1,a5f32090846c4a01
rifle,M4A1,false,16426,14200,3,3,3,a5f32090846c4a01
rifle,AK-47,false,26188,23288,2,2,4,a5f32090846c4a01
rifle,AK-47,false,48460,46111,2,2,7,a5f32090846c4a01
rifle,M4A4,false,62473,53276,3,2,8,a5f32090846c4a01
sniper,AWP,false,79276,76917,3,3,10,a5f32090846c4a01
sniper,AWP,false,90425,86005,2,2,11,a5f32090846c4a01
pistol,Dual Berettas,false,103264,100167,3,3,13,a5f32090846c4a01
rifle,AK-47,false,117514,115472,2,3,16,a5f32090846c4a01
pistol,Glock-18,false,3169,100,2,2,1,a62fe0afd3034f42
rifle,M4A1,false,30397,27321,3,3,4,a62fe0afd3034f42
sniper,AWP,false,36763,34593,2,2,5,a62fe0afd3034f42
rifle,M4A1,false,50546,48018,3,2,7,a62fe0afd3034f42
rifle,M4A1,false,69580,66374,3,2,9,a62fe0afd3034f42
sniper,AWP,false,79588,77386,3,3,10,a62fe0afd3034f42
rifle,AK-47,false,89522,86851,2,2,11,a62fe0afd3034f42
sniper,AWP,false,100121,97993,3,3,12,a62fe0afd3034f42
pistol,Glock-18,false,109786,106415,2,2,13,a62fe0afd3034f42
rifle,M4A1,false,126282,120361,3,3,15,a62fe0afd3034f42
pistol,USP-S,false,10897,7549,3,2,1,a66237217d716c23
sniper,AWP,false,37943,36373,2,3,5,a66237217d716c23
rifle,AK-47,false,54835,51474,3,3,7,a66237217d716c23
sniper,AWP,false,70310,68509,2,2,9,a66237217d716c23
sniper,AWP,false,75754,73224,3,3,10,a66237217d716c23
rifle,AK-47,false,84946,82450,2,2,11,a66237217d716c23
pistol,P250,false,115528,99610,2,3,13,a66237217d716c23
rifle,AK-47,false,129907,123686,2,3,15,a66237217d716c23
rifle,M4A1,false,137419,134501,3,2,17,a66237217d716c23
sniper,AWP,false,142924,141120,2,2,18,a66237217d716c23
smg,MP9,false,152861,150341,3,2,19,a66237217d716c23
rifle,AK-47,false,168517,166037,2,2,21,a66237217d716c23
pistol,Glock-18,false,3265,1,2,2,1,a68ee15d9071726e
rifle,M4A1,false,11570,7814,3,3,3,a68ee15d9071726e
smg,MAC-10,false,15486,13230,2,2,4,a68ee15d9071726e
rifle,M4A1,false,24067,21674,3,2,5,a68ee15d9071726e
rifle,AK-47,false,41862,39875,2,2,7,a68ee15d9071726e
rifle,AK-47,false,54782,49534,2,2,9,a68ee15d9071726e
rifle,M4A1,false,67419,64910,3,3,11,a68ee15d9071726e
rifle,AK-47,false,72704,70507,2,3,12,a68ee15d9071726e
pistol,Dual Berettas,false,81619,78502,3,3,13,a68ee15d9071726e
smg,MP9,false,119842,114935,3,2,18,a68ee15d9071726e
pistol,P2000,false,8973,5132,3,3,1,a7d25e8345edc7df
rifle,AK-47,false,30649,25180,2,2,4,a7d25e8345edc7df
sniper,AWP,false,58192,55733,3,2,8,a7d25e8345edc7df
pistol,USP-S,false,88598,84928,3,3,13,a7d25e8345edc7df
rifle,AK-47,false,110286,105243,2,3,16,a7d25e8345edc7df
rifle,M4A1,false,126583,119091,3,3,18,a7d25e8345edc7df
sniper,AWP,false,131640,129867,3,3,19,a7d25e8345edc7df
pistol,USP-S,false,5880,2763,3,3,1,a88599dd16e02133
rifle,M4A1,false,46658,43945,3,3,7,a88599dd16e02133
rifle,AK-47,false,83313,79587,2,2,11,a88599dd16e02133
pistol,USP-S,false,100912,97457,3,3,13,a88599dd16e02133
rifle,M4A1,false,138789,132928,3,3,18,a88599dd16e02133
rifle,AK-47,false,162203,156537,3,3,21,a88599dd16e02133
pistol,Glock-18,false,7341,4815,2,2,1,a89c662e78f8fec7
rifle,AK-47,false,16978,14057,2,2,3,a89c662e78f8fec7
rifle,M4A1,false,24948,20885,3,3,4,a89c662e78f8fec7
rifle,AK-47,false,29828,27034,2,3,5,a89c662e78f8fec7
rifle,AK-47,false,52931,47070,2,2,8,a89c662e78f8fec7
rifle,M4A1,false,63806,57465,3,3,9,a89c662e78f8fec7
grenade,HE Grenade,false,70750,67570,2,3,10,a89c662e78f8fec7
smg,MAC-10,false,90886,84867,2,2,12,a89c662e78f8fec7
pistol,Dual Berettas,false,96525,93719,3,3,13,a89c662e78f8fec7
rifle,M4A1,false,102964,100256,3,3,15,a89c662e78f8fec7
rifle,M4A1,false,118089,114578,3,3,17,a89c662e78f8fec7
rifle,AK-47,false,131099,128006,3,3,19,a89c662e78f8fec7
pistol,USP-S,false,2173,1,3,3,1,a8c57cc52209161f
sniper,AWP,false,24821,22015,3,3,4,a8c57cc52209161f
rifle,M4A1,false,42784,38454,3,3,6,a8c57cc52209161f
rifle,M4A1,false,46863,43605,3,2,7,a8c57cc52209161f
pistol,Glock-18,false,108314,89472,2,3,13,a8c57cc52209161f
rifle,AK-47,false,130313,126208,2,3,16,a8c57cc52209161f
rifle,M4A1,false,155628,148799,3,2,19,a8c57cc52209161f
rifle,M4A1,false,164701,161193,3,2,20,a8c57cc52209161f
pistol,Glock-18,false,8158,1018,2,2,1,a9234141511a1532
rifle,M4A1,false,18672,13864,3,2,3,a9234141511a1532
rifle,M4A1,false,28761,26311,3,3,4,a9234141511a1532
rifle,AK-47,false,41084,35271,2,2,5,a9234141511a1532
sniper,AWP,false,49621,47604,3,3,6,a9234141511a1532
sniper,AWP,false,57586,55630,3,3,7,a9234141511a1532
rifle,AK-47,false,66776,64590,3,3,8,a9234141511a1532
rifle,AK-47,false,85249,76376,3,3,10,a9234141511a1532
sniper,AWP,false,95102,93078,3,3,12,a9234141511a1532
pistol,Glock-18,false,115529,102910,2,2,13,a9234141511a1532
rifle,AK-47,false,128046,124474,2,2,15,a9234141511a1532
rifle,AK-47,false,141075,139082,2,2,17,a9234141511a1532
pistol,USP-S,false,6259,4193,3,2,1,a983677928260a67
rifle,M4A1,false,24154,15287,3,2,3,a983677928260a67
rifle,AK-47,false,32846,28583,2,2,4,a983677928260a67
rifle,M4A1,false,41206,39220,3,3,5,a983677928260a67
rifle,AK-47,false,57431,53444,2,2,8,a983677928260a67
sniper,AWP,false,65729,62777,3,3,9,a983677928260a67
rifle,M4A1,false,82161,79471,3,3,11,a983677928260a67
pistol,Glock-18,false,94584,90825,2,3,13,a983677928260a67
rifle,M4A1,false,111896,109966,3,3,16,a983677928260a67
rifle,AK-47,false,119085,115651,2,2,17,a983677928260a67
rifle,AK-47,false,124931,120854,2,2,18,a983677928260a67
rifle,M4A1,false,134638,130569,2,2,19,a983677928260a67
sniper,AWP,false,147265,141090,3,3,20,a983677928260a67
rifle,AK-47,false,154012,151963,2,2,21,a983677928260a67
rifle,AK-47,false,179066,174207,2,3,24,a983677928260a67
pistol,USP-S,false,9846,6791,3,2,1,a9cecce61970ac6f
rifle,Galil AR,false,51372,47990,2,2,6,a9cecce61970ac6f
rifle,M4A1,false,70004,67965,3,3,9,a9cecce61970ac6f
sniper,AWP,false,79924,76530,2,2,10,a9cecce61970ac6f
sniper,AWP,false,93869,91820,3,3,12,a9cecce61970ac6f
pistol,USP-S,false,101006,98543,3,3,13,a9cecce61970ac6f
sniper,AWP,false,151973,139653,3,2,18,a9cecce61970ac6f
pistol,Glock-18,false,4468,84,2,2,1,aa599af01adace51
rifle,M4A1,false,30787,28797,3,3,4,aa599af01adace51
rifle,Galil AR,false,44260,37757,2,2,5,aa599af01adace51
rifle,M4A1,false,50801,48252,3,3,6,aa599af01adace51
rifle,M4A1,false,58224,56185,3,3,7,aa599af01adace51
sniper,AWP,false,79235,76949,2,2,9,aa599af01adace51
rifle,AK-47,false,95741,93631,2,2,11,aa599af01adace51
pistol,Glock-18,false,114255,109841,2,2,13,aa599af01adace51
sniper,AWP,false,140007,137340,3,2,17,aa599af01adace51
rifle,M4A1,false,148463,146445,3,3,18,aa599af01adace51
pistol,Dual Berettas,false,12386,9342,3,3,1,aa887fec86d43964
rifle,AK-47,false,25685,23263,2,2,3,aa887fec86d43964
rifle,M4A1,false,107623,87677,3,2,11,aa887fec86d43964
pistol,Dual Berettas,false,127887,123214,3,2,13,aa887fec86d43964
rifle,Galil AR,false,142329,138641,2,2,15,aa887fec86d43964
rifle,M4A1,false,156746,154127,3,3,17,aa887fec86d43964
sniper,AWP,false,178616,175878,3,3,20,aa887fec86d43964
pistol,Glock-18,false,11005,364,2,2,1,aae5c8235df84555
rifle,M4A1,false,31054,28538,3,2,4,aae5c8235df84555
rifle,M4A1,false,55230,50325,3,3,6,aae5c8235df84555
rifle,M4A1,false,66027,59413,3,2,7,aae5c8235df84555
rifle,M4A1,false,81965,77603,3,3,9,aae5c8235df84555
rifle,AK-47,false,88032,85597,2,2,10,aae5c8235df84555
rifle,M4A1,false,103162,97796,3,2,11,aae5c8235df84555
rifle,AK-47,false,112909,107195,2,3,12,aae5c8235df84555
pistol,USP-S,false,129608,115100,3,3,13,aae5c8235df84555
rifle,Galil AR,false,144220,138640,2,3,15,aae5c8235df84555
pistol,Glock-18,false,2256,1,2,3,1,ab52e6a5dfd130ec
grenade,HE Grenade,false,18736,15124,3,3,3,ab52e6a5dfd130ec
sniper,AWP,false,38841,36136,3,3,6,ab52e6a5dfd130ec
rifle,AK-47,false,56391,52648,3,3,8,ab52e6a5dfd130ec
rifle,M4A1,false,75436,69347,3,3,10,ab52e6a5dfd130ec
sniper,AWP,false,83101,80945,3,3,12,ab52e6a5dfd130ec
pistol,Glock-18,false,96429,89519,2,2,13,ab52e6a5dfd130ec
pistol,Dual Berettas,false,2416,1,3,3,1,ac043a7b8a12fa2c
rifle,AK-47,false,51034,47831,3,2,7,ac043a7b8a12fa2c
sniper,AWP,false,59173,56847,2,3,8,ac043a7b8a12fa2c
pistol,USP-S,false,120769,100154,3,3,13,ac043a7b8a12fa2c
pistol,Glock-18,false,1466,1,2,3,1,ac6924b5f306b714
rifle,AK-47,false,10864,8969,2,2,3,ac6924b5f306b714
rifle,AK-47,false,19095,15973,3,3,4,ac6924b5f306b714
rifle,AK-47,false,35529,30752,2,2,6,ac6924b5f306b714
sniper,AWP,false,55686,51177,2,2,8,ac6924b5f306b714
rifle,M4A1,false,74293,68645,3,3,10,ac6924b5f306b714
sniper,AWP,false,78045,76097,3,2,11,ac6924b5f306b714
pistol,USP-S,false,97166,94456,3,3,13,ac6924b5f306b714
rifle,M4A1,false,110617,108117,3,2,16,ac6924b5f306b714
rifle,M4A1,false,116561,113116,3,2,17,ac6924b5f306b714
rifle,AK-47,false,150151,147078,2,3,21,ac6924b5f306b714
pistol,Dual Berettas,false,2650,82,3,3,1,acba6c83282fbc01
rifle,M4A1,false,12234,9546,3,2,3,acba6c83282fbc01
grenade,Incendiary Grenade,false,26929,20862,3,3,4,acba6c83282fbc01
rifle,AK-47,false,42006,35883,2,3,6,acba6c83282fbc01
rifle,AK-47,false,49973,47259,2,2,8,acba6c83282fbc01
rifle,M4A4,false,65490,60183,3,3,9,acba6c83282fbc01
sniper,AWP,false,75649,69143,2,2,10,acba6c83282fbc01
rifle,AK-47,false,81785,78759,2,3,11,acba6c83282fbc01
pistol,USP-S,false,98493,95373,3,2,13,acba6c83282fbc01
pistol,Dual Berettas,false,9751,1018,3,3,1,acdd50f6a2aae573
rifle,AK-47,false,18499,16318,2,2,3,acdd50f6a2aae573
rifle,M4A1,false,27729,24479,3,3,4,acdd50f6a2aae573
rifle,AK-47,false,38519,36201,2,2,6,acdd50f6a2aae573
rifle,AK-47,false,49608,46380,2,3,7,acdd50f6a2aae573
rifle,M4A4,false,72304,69739,3,3,10,acdd50f6a2aae573
rifle,AK-47,false,78970,76792,2,2,11,acdd50f6a2aae573
rifle,M4A1,false,84023,80973,3,3,12,acdd50f6a2aae573
pistol,USP-S,false,105631,90094,3,3,13,acdd50f6a2aae573
pistol,USP-S,false,7482,5208,3,3,1,ad357f012bd8bbdf
rifle,M4A1,false,29607,20617,3,2,4,ad357f012bd8bbdf
rifle,AK-47,false,38238,35429,2,2,5,ad357f012bd8bbdf
sniper,AWP,false,69251,63297,3,3,8,ad357f012bd8bbdf
rifle,AK-47,false,75538,72257,3,3,9,ad357f012bd8bbdf
rifle,AK-47,false,83750,81217,3,3,10,ad357f012bd8bbdf
pistol,USP-S,false,164087,160128,3,3,13,ad357f012bd8bbdf
sniper,AWP,false,187346,183594,3,3,16,ad357f012bd8bbdf
rifle,AK-47,false,215389,208471,2,2,19,ad357f012bd8bbdf
rifle,M4A1,false,223589,220170,3,3,20,ad357f012bd8bbdf
sniper,AWP,false,231408,227649,3,3,21,ad357f012bd8bbdf
melee,Knife,false,1498,1,2,2,1,ad8782671307c111
pistol,Dual Berettas,false,8779,6395,3,2,4,ad8782671307c111
smg,MAC-10,false,18435,15400,2,2,6,ad8782671307c111
rifle,AK-47,false,27918,25723,2,2,7,ad8782671307c111
rifle,M4A4,false,42384,38649,3,2,9,ad8782671307c111
rifle,M4A4,false,55637,53466,3,3,11,ad8782671307c111
rifle,AK-47,false,63368,60196,3,2,12,ad8782671307c111
smg,MP9,false,69082,66113,3,2,13,ad8782671307c111
rifle,M4A1,false,78236,76284,3,2,14,ad8782671307c111
rifle,M4A1,false,86823,84351,3,2,15,ad8782671307c111
pistol,Dual Berettas,false,98106,95223,3,3,16,ad8782671307c111
pistol,USP-S,false,4226,73,3,3,1,ada217437d56b8a2
rifle,M4A1,false,14349,12300,3,3,3,ada217437d56b8a2
sniper,AWP,false,26301,22428,3,3,5,ada217437d56b8a2
rifle,AK-47,false,40260,35804,2,2,7,ada217437d56b8a2
sniper,AWP,false,45478,43817,2,2,8,ada217437d56b8a2
sniper,AWP,false,56618,54115,3,3,9,ada217437d56b8a2
sniper,AWP,false,65957,64449,2,2,10,ada217437d56b8a2
rifle,M4A1,false,73890,71370,3,3,11,ada217437d56b8a2
sniper,AWP,false,79958,78385,3,3,12,ada217437d56b8a2
pistol,USP-S,false,91653,86766,3,2,13,ada217437d56b8a2
rifle,Galil AR,false,107347,100299,2,2,15,ada217437d56b8a2
pistol,USP-S,false,4426,215,3,3,1,adc3c3f727baba0d
sniper,AWP,false,67930,65382,3,3,5,adc3c3f727baba0d
rifle,AK-47,false,73795,69569,2,2,6,adc3c3f727baba0d
rifle,M4A1,false,89326,86945,3,2,8,adc3c3f727baba0d
sniper,AWP,false,107554,105357,3,3,10,adc3c3f727baba0d
rifle,AK-47,false,118347,116262,3,3,12,adc3c3f727baba0d
pistol,Glock-18,false,125974,123108,2,2,13,adc3c3f727baba0d
rifle,FAMAS,false,137958,135646,3,3,15,adc3c3f727baba0d
rifle,M4A1,false,149265,144159,3,3,16,adc3c3f727baba0d
rifle,AK-47,false,158648,155646,2,2,18,adc3c3f727baba0d
rifle,AK-47,false,168306,165832,2,2,19,adc3c3f727baba0d
rifle,M4A1,false,205356,202556,3,2,23,adc3c3f727baba0d
sniper,AWP,false,210814,208877,2,3,24,adc3c3f727baba0d
pistol,USP-S,false,3533,1,3,2,1,addeab3e73dfac5
rifle,M4A4,false,28506,22933,3,2,4,addeab3e73dfac5
rifle,Galil AR,false,43981,40866,2,3,6,addeab3e73dfac5
rifle,AK-47,false,59471,55791,2,2,8,addeab3e73dfac5
rifle,AK-47,false,64429,61831,2,2,9,addeab3e73dfac5
sniper,AWP,false,89302,87234,2,2,12,addeab3e73dfac5
pistol,P250,false,126272,96687,2,2,13,addeab3e73dfac5
rifle,AK-47,false,143897,138650,2,2,15,addeab3e73dfac5
rifle,Galil AR,false,159270,152211,2,2,17,addeab3e73dfac5
sniper,AWP,false,182050,176740,3,3,20,addeab3e73dfac5
pistol,Glock-18,false,2738,1,2,3,1,aefbb00921cba058
rifle,AK-47,false,30794,28174,2,2,5,aefbb00921cba058
rifle,AK-47,false,50813,45874,3,3,7,aefbb00921cba058
rifle,AK-47,false,62822,58156,2,3,8,aefbb00921cba058
pistol,USP-S,false,96615,93318,3,2,13,aefbb00921cba058
rifle,M4A1,false,119282,116541,3,3,16,aefbb00921cba058
rifle,M4A1,false,129447,125637,3,2,17,aefbb00921cba058
rifle,AK-47,false,156844,152444,2,2,20,aefbb00921cba058
pistol,USP-S,false,12049,7101,3,2,1,af3138c4f9478cad
rifle,M4A1,false,34541,32403,3,2,4,af3138c4f9478cad
rifle,AK-47,false,45768,41697,2,3,5,af3138c4f9478cad
sniper,AWP,false,51935,49950,3,2,6,af3138c4f9478cad
rifle,AK-47,false,60516,57925,3,3,7,af3138c4f9478cad
sniper,AWP,false,71692,67248,3,3,8,af3138c4f9478cad
rifle,M4A1,false,86773,84482,3,2,10,af3138c4f9478cad
pistol,Glock-18,false,106898,102742,2,3,13,af3138c4f9478cad
rifle,M4A1,false,124021,120407,3,3,16,af3138c4f9478cad
rifle,AK-47,false,131091,128644,2,2,17,af3138c4f9478cad
rifle,M4A1,false,151202,145970,3,3,20,af3138c4f9478cad
rifle,AK-47,false,163524,157871,2,3,21,af3138c4f9478cad
sniper,AWP,false,171778,167081,3,3,22,af3138c4f9478cad
pistol,Glock-18,false,3218,1,2,2,1,af3251a6ae94e0c
rifle,Galil AR,false,22030,19732,2,2,4,af3251a6ae94e0c
rifle,M4A1,false,43818,39429,3,3,6,af3251a6ae94e0c
rifle,M4A1,false,51363,48451,3,3,7,af3251a6ae94e0c
sniper,AWP,false,56364,53771,3,2,8,af3251a6ae94e0c
rifle,M4A1,false,63239,61243,3,3,9,af3251a6ae94e0c
rifle,AK-47,false,72193,69185,3,3,10,af3251a6ae94e0c
pistol,USP-S,false,91609,87685,3,3,13,af3251a6ae94e0c
rifle,AK-47,false,100752,98477,2,2,15,af3251a6ae94e0c
sniper,AWP,false,114607,111956,2,2,17,af3251a6ae94e0c
sniper,AWP,false,130562,127823,3,3,19,af3251a6ae94e0c
rifle,AK-47,false,142255,139495,2,2,20,af3251a6ae94e0c
rifle,M4A1,false,165083,159024,3,3,23,af3251a6ae94e0c
rifle,AK-47,false,184485,179617,2,2,25,af3251a6ae94e0c
rifle,M4A1,false,192011,189890,3,3,26,af3251a6ae94e0c
rifle,AK-47,false,196298,193874,2,2,27,af3251a6ae94e0c
rifle,M4A1,false,202954,200188,3,3,28,af3251a6ae94e0c
rifle,AK-47,false,213721,210157,2,2,29,af3251a6ae94e0c
rifle,M4A1,false,223880,217730,3,2,30,af3251a6ae94e0c
sniper,AWP,false,235768,228135,3,2,31,af3251a6ae94e0c
rifle,AK-47,false,240569,238316,2,2,32,af3251a6ae94e0c
sniper,AWP,false,250690,247890,3,2,33,af3251a6ae94e0c
rifle,M4A1,false,260349,255736,3,2,34,af3251a6ae94e0c
rifle,AK-47,false,266045,263691,2,2,35,af3251a6ae94e0c
rifle,M4A1,false,272658,269915,3,2,36,af3251a6ae94e0c
rifle,AK-47,false,281595,279192,2,2,37,af3251a6ae94e0c
rifle,AK-47,false,291610,289707,2,2,38,af3251a6ae94e0c
rifle,AK-47,false,296365,293381,2,3,39,af3251a6ae94e0c
rifle,AK-47,false,304986,302541,2,2,40,af3251a6ae94e0c
sniper,AWP,false,316768,312892,3,2,41,af3251a6ae94e0c
rifle,AK-47,false,323191,321227,2,2,42,af3251a6ae94e0c
pistol,USP-S,false,8779,4190,3,3,1,af5c94a9b9b4b6ef
smg,MP9,false,19953,17865,3,3,3,af5c94a9b9b4b6ef
rifle,AK-47,false,32057,29562,3,3,5,af5c94a9b9b4b6ef
rifle,AK-47,false,47761,45340,2,2,7,af5c94a9b9b4b6ef
sniper,AWP,false,54099,51919,3,3,8,af5c94a9b9b4b6ef
rifle,M4A1,false,62508,58624,3,3,9,af5c94a9b9b4b6ef
rifle,AK-47,false,70195,67543,2,3,10,af5c94a9b9b4b6ef
rifle,M4A1,false,78366,76009,3,3,11,af5c94a9b9b4b6ef
pistol,Dual Berettas,false,95305,92194,3,3,13,af5c94a9b9b4b6ef
rifle,M4A1,false,109233,105379,3,3,15,af5c94a9b9b4b6ef
rifle,M4A1,false,128217,121434,2,2,17,af5c94a9b9b4b6ef
pistol,Glock-18,false,1235,1,2,2,1,afc98ee350d6d138
sniper,AWP,false,24025,19893,3,3,4,afc98ee350d6d138
sniper,AWP,false,30060,26958,3,3,5,afc98ee350d6d138
rifle,M4A1,false,50756,46015,3,3,8,afc98ee350d6d138
rifle,M4A1,false,73703,67573,3,3,10,afc98ee350d6d138
rifle,AK-47,false,85657,83665,2,3,12,afc98ee350d6d138
pistol,USP-S,false,100165,95580,3,3,13,afc98ee350d6d138
rifle,AUG,false,111738,108656,3,3,15,afc98ee350d6d138
rifle,AK-47,false,133955,126832,2,2,17,afc98ee350d6d138
rifle,AK-47,false,139795,137645,2,3,18,afc98ee350d6d138
rifle,AK-47,false,152588,148509,2,2,19,afc98ee350d6d138
rifle,AK-47,false,174091,168786,2,2,21,afc98ee350d6d138
rifle,AK-47,false,192162,187640,2,2,23,afc98ee350d6d138
pistol,Dual Berettas,false,2893,113,3,3,1,b0c63ae71f799073
rifle,AK-47,false,27057,23141,2,3,4,b0c63ae71f799073
grenade,HE Grenade,false,41010,38911,3,3,6,b0c63ae71f799073
rifle,AK-47,false,56998,54935,2,3,8,b0c63ae71f799073
rifle,AK-47,false,72609,68749,3,3,10,b0c63ae71f799073
pistol,USP-S,false,97169,94593,3,3,13,b0c63ae71f799073
rifle,AK-47,false,125990,121020,2,2,17,b0c63ae71f799073
pistol,Dual Berettas,false,2772,110,3,3,1,b15a8fb7d3089279
sniper,AWP,false,39022,36254,3,3,5,b15a8fb7d3089279
rifle,AK-47,false,50110,44803,2,3,6,b15a8fb7d3089279
rifle,Galil AR,false,63736,59004,2,2,8,b15a8fb7d3089279
sniper,AWP,false,72938,68899,3,3,9,b15a8fb7d3089279
rifle,M4A1,false,83807,81356,3,2,11,b15a8fb7d3089279
rifle,AK-47,false,90578,88351,2,3,12,b15a8fb7d3089279
pistol,Glock-18,false,102421,99486,2,2,13,b15a8fb7d3089279
rifle,AK-47,false,124545,122203,2,2,16,b15a8fb7d3089279
pistol,Glock-18,false,960,1,2,2,1,b1885df0ee45aa54
rifle,M4A1,false,27478,21950,3,3,4,b1885df0ee45aa54
sniper,AWP,false,32906,31315,2,2,5,b1885df0ee45aa54
smg,MAC-10,false,47573,44040,2,2,7,b1885df0ee45aa54
sniper,AWP,false,54628,51379,2,3,8,b1885df0ee45aa54
sniper,AWP,false,62396,60467,2,2,9,b1885df0ee45aa54
rifle,M4A1,false,78646,76390,3,2,11,b1885df0ee45aa54
rifle,AK-47,false,91640,86760,2,2,12,b1885df0ee45aa54
pistol,Dual Berettas,false,98562,95944,3,3,13,b1885df0ee45aa54
rifle,M4A1,false,108400,106555,3,3,15,b1885df0ee45aa54
rifle,M4A1,false,122738,118929,3,3,17,b1885df0ee45aa54
pistol,USP-S,false,2028,1,3,3,1,b1b5c3d3ff0eebcf
rifle,M4A4,false,19344,17164,3,3,4,b1b5c3d3ff0eebcf
rifle,AK-47,false,35604,31999,3,3,6,b1b5c3d3ff0eebcf
sniper,AWP,false,48862,45846,2,2,8,b1b5c3d3ff0eebcf
sniper,AWP,false,55986,53172,3,2,9,b1b5c3d3ff0eebcf
rifle,M4A4,false,64044,60548,3,3,10,b1b5c3d3ff0eebcf
rifle,M4A1,false,84015,78835,3,2,12,b1b5c3d3ff0eebcf
pistol,USP-S,false,92173,89077,3,2,13,b1b5c3d3ff0eebcf
rifle,M4A1,false,116557,114257,3,3,16,b1b5c3d3ff0eebcf
rifle,M4A1,false,123046,120744,3,3,17,b1b5c3d3ff0eebcf
rifle,AK-47,false,142502,137366,2,2,19,b1b5c3d3ff0eebcf
pistol,USP-S,false,6514,4061,3,2,1,b2e61c050ce18062
rifle,AK-47,false,42426,39035,2,2,6,b2e61c050ce18062
rifle,M4A1,false,50002,46201,3,3,7,b2e61c050ce18062
rifle,AK-47,false,54159,51862,3,2,8,b2e61c050ce18062
pistol,USP-S,false,94094,90877,3,2,13,b2e61c050ce18062
rifle,M4A1,false,105067,103005,3,2,15,b2e61c050ce18062
rifle,FAMAS,false,129096,126610,3,2,17,b2e61c050ce18062
pistol,P2000,false,3021,110,3,2,1,b3764366fb185cc0
rifle,M4A1,false,13854,10453,3,2,3,b3764366fb185cc0
rifle,M4A1,false,30703,24548,3,3,5,b3764366fb185cc0
sniper,AWP,false,34761,32800,2,2,6,b3764366fb185cc0
rifle,AK-47,false,41396,38896,2,2,7,b3764366fb185cc0
sniper,AWP,false,46903,44299,2,3,8,b3764366fb185cc0
rifle,AK-47,false,55761,53020,2,2,9,b3764366fb185cc0
rifle,AK-47,false,64107,61978,2,2,10,b3764366fb185cc0
pistol,Dual Berettas,false,83409,81038,3,3,13,b3764366fb185cc0
rifle,AK-47,false,101311,98348,2,3,16,b3764366fb185cc0
pistol,Dual Berettas,false,4983,1688,3,2,1,b44ef1aa8056e245
rifle,AK-47,false,36940,29721,2,2,5,b44ef1aa8056e245
rifle,AK-47,false,43287,41047,2,2,6,b44ef1aa8056e245
sniper,AWP,false,52900,48771,3,3,7,b44ef1aa8056e245
sniper,AWP,false,61544,56956,3,3,8,b44ef1aa8056e245
rifle,AK-47,false,74061,70974,2,2,10,b44ef1aa8056e245
rifle,M4A1,false,80018,78015,3,3,11,b44ef1aa8056e245
pistol,Glock-18,false,98055,94735,2,2,13,b44ef1aa8056e245
pistol,Five-SeveN,false,116941,111046,3,2,15,b44ef1aa8056e245
sniper,AWP,false,120725,118313,3,3,16,b44ef1aa8056e245
rifle,AK-47,false,134423,127401,2,2,17,b44ef1aa8056e245
rifle,M4A1,false,140219,138136,3,3,18,b44ef1aa8056e245
sniper,AWP,false,150607,148797,3,3,20,b44ef1aa8056e245
rifle,M4A4,false,172139,167633,3,2,22,b44ef1aa8056e245
pistol,USP-S,false,8519,6411,3,3,1,b4afa53cf1a69b90
smg,MP9,false,20534,18107,3,2,3,b4afa53cf1a69b90
smg,MAC-10,false,31597,29013,2,2,4,b4afa53cf1a69b90
rifle,M4A1,false,47399,44361,3,3,6,b4afa53cf1a69b90
rifle,AK-47,false,58020,53449,2,2,7,b4afa53cf1a69b90
rifle,M4A1,false,64683,61792,3,3,8,b4afa53cf1a69b90
grenade,Incendiary Grenade,false,72055,69816,3,3,9,b4afa53cf1a69b90
pistol,USP-S,false,106128,101979,3,3,13,b4afa53cf1a69b90
rifle,M4A1,false,130350,126151,3,2,16,b4afa53cf1a69b90
rifle,M4A4,false,136881,134469,3,3,17,b4afa53cf1a69b90
rifle,Galil AR,false,142581,139748,2,2,18,b4afa53cf1a69b90
rifle,M4A4,false,176600,173461,3,2,22,b4afa53cf1a69b90
pistol,Glock-18,false,4546,90,2,3,1,b5301a91dbc59f81
rifle,AK-47,false,21474,19510,2,2,5,b5301a91dbc59f81
rifle,AK-47,false,42675,40126,2,2,8,b5301a91dbc59f81
rifle,M4A1,false,58347,56005,3,3,10,b5301a91dbc59f81
sniper,AWP,false,65079,59901,2,2,11,b5301a91dbc59f81
pistol,USP-S,false,83566,81082,3,3,13,b5301a91dbc59f81
rifle,M4A1,false,94294,92274,3,3,15,b5301a91dbc59f81
sniper,AWP,false,107046,105198,3,2,17,b5301a91dbc59f81
rifle,M4A1,false,137061,132691,3,2,20,b5301a91dbc59f81
sniper,AWP,false,146160,140950,3,3,21,b5301a91dbc59f81
pistol,USP-S,false,5854,1018,3,3,1,b58fc86e8bbedede
rifle,M4A1,false,19153,15312,3,3,3,b58fc86e8bbedede
rifle,M4A1,false,32589,30156,3,3,5,b58fc86e8bbedede
sniper,AWP,false,53535,49930,3,2,8,b58fc86e8bbedede
rifle,M4A1,false,62267,57147,3,3,9,b58fc86e8bbedede
rifle,AK-47,false,65592,62907,2,3,10,b58fc86e8bbedede
rifle,M4A4,false,81591,79156,3,3,12,b58fc86e8bbedede
pistol,Glock-18,false,101537,89523,2,2,13,b58fc86e8bbedede
melee,Knife,false,389,1,2,3,1,b59f58438a50d50a
pistol,Glock-18,false,7720,4476,2,2,3,b59f58438a50d50a
sniper,AWP,false,28382,20421,3,2,6,b59f58438a50d50a
rifle,AK-47,false,46913,41740,2,2,8,b59f58438a50d50a
rifle,AK-47,false,63677,57283,2,2,10,b59f58438a50d50a
rifle,AK-47,false,76974,73587,2,2,11,b59f58438a50d50a
rifle,AK-47,false,93080,91144,2,2,14,b59f58438a50d50a
pistol,USP-S,false,100639,97729,3,3,15,b59f58438a50d50a
pistol,Glock-18,false,6528,3072,2,2,1,b61c9a50a50ac1af
rifle,M4A1,false,15048,11939,3,3,3,b61c9a50a50ac1af
rifle,AK-47,false,24165,18726,2,2,4,b61c9a50a50ac1af
rifle,M4A1,false,41503,37654,3,3,6,b61c9a50a50ac1af
sniper,AWP,false,49445,45818,2,2,7,b61c9a50a50ac1af
rifle,AK-47,false,75682,73152,2,2,10,b61c9a50a50ac1af
rifle,AK-47,false,92558,89860,2,2,12,b61c9a50a50ac1af
pistol,USP-S,false,111351,98584,3,3,13,b61c9a50a50ac1af
grenade,Molotov,false,141715,139341,2,2,17,b61c9a50a50ac1af
pistol,Glock-18,false,20675,14337,2,2,1,b63b5a56035dc118
world,World,false,30788,29096,3,2,3,b63b5a56035dc118
rifle,M4A1,false,84598,82145,3,3,9,b63b5a56035dc118
world,World,false,89995,88315,3,2,10,b63b5a56035dc118
grenade,Molotov,false,112693,110605,2,2,11,b63b5a56035dc118
pistol,USP-S,false,142071,123869,3,3,13,b63b5a56035dc118
rifle,M4A1,false,192210,190039,3,2,18,b63b5a56035dc118
rifle,M4A1,false,207770,204184,3,3,20,b63b5a56035dc118
rifle,AK-47,false,215308,209716,3,3,21,b63b5a56035dc118
pistol,Glock-18,false,6853,4544,2,3,1,b68f1042be97f620
rifle,FAMAS,false,18639,16109,3,3,3,b68f1042be97f620
grenade,Molotov,false,34764,32569,2,2,5,b68f1042be97f620
rifle,M4A1,false,51816,49822,3,3,8,b68f1042be97f620
rifle,M4A1,false,60918,55110,3,3,9,b68f1042be97f620
rifle,AK-47,false,75079,73109,2,3,11,b68f1042be97f620
rifle,M4A1,false,83316,79538,3,2,12,b68f1042be97f620
pistol,Glock-18,false,89418,86805,2,2,13,b68f1042be97f620
rifle,M4A1,false,101346,99096,3,3,15,b68f1042be97f620
sniper,AWP,false,117609,115283,3,2,18,b68f1042be97f620
rifle,M4A1,false,125689,123392,3,3,19,b68f1042be97f620
pistol,USP-S,false,18497,112,3,2,1,b696a1dd1e3c0251
rifle,AK-47,false,32657,29283,2,2,3,b696a1dd1e3c0251
sniper,AWP,false,59970,56872,3,2,6,b696a1dd1e3c0251
rifle,AK-47,false,66898,63551,2,2,7,b696a1dd1e3c0251
rifle,M4A1,false,85961,83640,3,2,9,b696a1dd1e3c0251
rifle,M4A1,false,93696,91176,3,3,10,b696a1dd1e3c0251
rifle,AK-47,false,100604,97756,2,2,11,b696a1dd1e3c0251
rifle,AK-47,false,108424,105236,2,3,12,b696a1dd1e3c0251
pistol,USP-S,false,115012,112217,3,3,13,b696a1dd1e3c0251
rifle,M4A1,false,136812,133053,3,3,16,b696a1dd1e3c0251
pistol,P2000,false,1468,1,3,3,1,b74cf1a70c12878a
rifle,M4A1,false,24900,21498,3,3,5,b74cf1a70c12878a
rifle,M4A1,false,40194,32538,3,3,6,b74cf1a70c12878a
rifle,AK-47,false,44269,41942,2,2,7,b74cf1a70c12878a
rifle,M4A1,false,55422,52907,3,2,9,b74cf1a70c12878a
rifle,AK-47,false,85534,81316,2,3,12,b74cf1a70c12878a
pistol,USP-S,false,96223,91064,3,2,13,b74cf1a70c12878a
rifle,M4A1,false,117549,115140,3,3,17,b74cf1a70c12878a
rifle,AK-47,false,137119,134180,3,2,19,b74cf1a70c12878a
sniper,AWP,false,145523,143229,2,3,20,b74cf1a70c12878a
pistol,USP-S,false,3825,1008,3,3,1,b7cfe32011fa0354
rifle,M4A4,false,18717,16119,3,3,3,b7cfe32011fa0354
rifle,AK-47,false,31019,28408,3,3,5,b7cfe32011fa0354
sniper,AWP,false,39743,36495,3,3,6,b7cfe32011fa0354
rifle,AK-47,false,50216,47973,2,3,8,b7cfe32011fa0354
sniper,AWP,false,68554,63210,3,3,10,b7cfe32011fa0354
pistol,USP-S,false,81555,78553,3,3,13,b7cfe32011fa0354
rifle,M4A1,false,90669,87591,3,3,15,b7cfe32011fa0354
sniper,AWP,false,106885,104791,3,3,17,b7cfe32011fa0354
rifle,AK-47,false,117033,113695,2,3,19,b7cfe32011fa0354
rifle,M4A1,false,129632,123349,3,3,20,b7cfe32011fa0354
rifle,AK-47,false,141728,138906,2,2,22,b7cfe32011fa0354
rifle,M4A1,false,150615,148421,3,3,23,b7cfe32011fa0354
rifle,M4A1,false,158574,155268,3,3,24,b7cfe32011fa0354
sniper,AWP,false,165887,161202,3,2,25,b7cfe32011fa0354
rifle,M4A4,false,173729,171356,3,3,26,b7cfe32011fa0354
sniper,AWP,false,185445,182349,2,2,27,b7cfe32011fa0354
sniper,AWP,false,197693,191221,3,3,28,b7cfe32011fa0354
rifle,AK-47,false,201769,199579,3,3,29,b7cfe32011fa0354
pistol,USP-S,false,5934,2710,3,3,1,b833a145b9354816
rifle,AK-47,false,39926,37907,2,2,5,b833a145b9354816
rifle,AK-47,false,75151,69046,2,3,9,b833a145b9354816
sniper,AWP,false,82516,80182,3,3,10,b833a145b9354816
grenade,HE Grenade,false,96758,94050,3,3,12,b833a145b9354816
pistol,USP-S,false,102796,99813,3,3,13,b833a145b9354816
pistol,P250,false,110579,107794,2,2,14,b833a145b9354816
pistol,Glock-18,false,6573,3826,2,2,1,b88d5d10f2013266
smg,MAC-10,false,19358,17312,2,2,3,b88d5d10f2013266
rifle,M4A1,false,43091,38878,3,3,6,b88d5d10f2013266
rifle,AK-47,false,49815,44674,3,3,7,b88d5d10f2013266
rifle,M4A1,false,56630,53762,3,2,8,b88d5d10f2013266
pistol,USP-S,false,110729,106572,3,2,14,b88d5d10f2013266
sniper,AWP,false,141226,136524,3,3,18,b88d5d10f2013266
sniper,AWP,false,158904,156805,3,3,21,b88d5d10f2013266
rifle,M4A1,false,182569,177911,3,3,23,b88d5d10f2013266
rifle,M4A1,false,205236,202086,3,2,26,b88d5d10f2013266
sniper,AWP,false,214303,211670,3,3,27,b88d5d10f2013266
rifle,AK-47,false,219707,215619,3,3,28,b88d5d10f2013266
sniper,AWP,false,224677,222148,3,3,29,b88d5d10f2013266
rifle,AK-47,false,234009,231652,3,3,30,b88d5d10f2013266
rifle,AK-47,false,241759,238376,3,3,31,b88d5d10f2013266
pistol,USP-S,false,7378,3482,3,2,1,b8d45e4d313edb06
smg,MAC-10,false,20599,17800,2,2,3,b8d45e4d313edb06
rifle,AK-47,false,35107,31933,2,2,5,b8d45e4d313edb06
sniper,AWP,false,46629,41634,3,3,6,b8d45e4d313edb06
smg,MP9,false,79824,74213,3,3,11,b8d45e4d313edb06
pistol,Dual Berettas,false,97103,93724,3,2,13,b8d45e4d313edb06
rifle,AK-47,false,136382,133681,2,3,18,b8d45e4d313edb06
rifle,AK-47,false,148408,145340,2,2,20,b8d45e4d313edb06
rifle,M4A1,false,159008,156070,3,3,21,b8d45e4d313edb06
pistol,Dual Berettas,false,10507,5977,3,3,1,b9472c5fd681ff1f
smg,MP9,false,29470,26165,3,3,4,b9472c5fd681ff1f
rifle,M4A1,false,36237,33991,3,2,5,b9472c5fd681ff1f
rifle,AK-47,false,45981,40770,2,2,6,b9472c5fd681ff1f
rifle,M4A1,false,61220,59299,3,3,8,b9472c5fd681ff1f
sniper,AWP,false,69093,65278,2,2,9,b9472c5fd681ff1f
rifle,M4A1,false,90880,88932,3,2,12,b9472c5fd681ff1f
pistol,Glock-18,false,102405,100109,2,2,13,b9472c5fd681ff1f
rifle,AK-47,false,113262,111314,2,3,15,b9472c5fd681ff1f
rifle,AK-47,false,133890,131721,2,2,18,b9472c5fd681ff1f
rifle,AK-47,false,151150,147152,2,2,20,b9472c5fd681ff1f
pistol,P2000,false,7019,64,3,3,1,b9749b08d65b8d27
rifle,AK-47,false,14608,11448,2,3,3,b9749b08d65b8d27
rifle,M4A1,false,29229,27018,3,2,5,b9749b08d65b8d27
sniper,AWP,false,45676,35713,3,2,6,b9749b08d65b8d27
rifle,M4A1,false,63542,60180,3,3,8,b9749b08d65b8d27
rifle,AK-47,false,70584,66978,2,2,9,b9749b08d65b8d27
sniper,AWP,false,82675,80421,2,3,11,b9749b08d65b8d27
rifle,M4A1,false,88486,86080,3,2,12,b9749b08d65b8d27
pistol,Dual Berettas,false,95326,92930,3,3,13,b9749b08d65b8d27
rifle,AK-47,false,108393,105763,2,2,15,b9749b08d65b8d27
rifle,M4A4,false,117140,112485,3,2,16,b9749b08d65b8d27
rifle,AK-47,false,144546,142407,3,3,20,b9749b08d65b8d27
pistol,P2000,false,2953,83,3,3,1,b9b3561d5f423246
rifle,M4A1,false,14131,7580,3,2,3,b9b3561d5f423246
sniper,AWP,false,50430,37815,3,2,7,b9b3561d5f423246
rifle,AK-47,false,62455,55868,2,2,8,b9b3561d5f423246
rifle,M4A1,false,76063,71189,3,3,10,b9b3561d5f423246
rifle,AK-47,false,85413,79434,3,3,11,b9b3561d5f423246
pistol,Glock-18,false,96716,93756,2,2,13,b9b3561d5f423246
rifle,AK-47,false,121838,119503,2,3,17,b9b3561d5f423246
rifle,AK-47,false,136246,132461,3,3,19,b9b3561d5f423246
rifle,AK-47,false,143548,140892,2,2,20,b9b3561d5f423246
rifle,M4A1,false,153099,148849,3,2,21,b9b3561d5f423246
sniper,AWP,false,158501,156280,3,3,22,b9b3561d5f423246
rifle,M4A1,false,168033,164260,3,3,23,b9b3561d5f423246
rifle,AK-47,false,175829,173220,2,2,24,b9b3561d5f423246
rifle,M4A1,false,183814,180862,3,3,25,b9b3561d5f423246
rifle,AK-47,false,194939,189866,2,3,26,b9b3561d5f423246
rifle,AK-47,false,201576,198496,2,2,27,b9b3561d5f423246
sniper,AWP,false,212181,208355,3,3,28,b9b3561d5f423246
rifle,M4A1,false,220303,215039,3,3,29,b9b3561d5f423246
sniper,AWP,false,224757,221726,3,3,30,b9b3561d5f423246
pistol,USP-S,false,10624,5980,3,2,1,ba78f6ee72c75fa7
grenade,Molotov,false,47061,40940,2,3,4,ba78f6ee72c75fa7
rifle,AK-47,false,82087,78418,3,3,8,ba78f6ee72c75fa7
rifle,AK-47,false,102634,99123,2,2,11,ba78f6ee72c75fa7
sniper,AWP,false,112286,110139,3,2,12,ba78f6ee72c75fa7
pistol,Dual Berettas,false,124581,121282,3,3,13,ba78f6ee72c75fa7
rifle,AK-47,false,138291,134516,2,2,15,ba78f6ee72c75fa7
rifle,M4A1,false,147971,144985,3,3,16,ba78f6ee72c75fa7
rifle,AK-47,false,192180,187664,2,2,20,ba78f6ee72c75fa7
rifle,M4A4,false,211175,205046,3,2,22,ba78f6ee72c75fa7
rifle,AK-47,false,229883,226630,3,3,24,ba78f6ee72c75fa7
rifle,M4A4,false,240503,237859,3,2,25,ba78f6ee72c75fa7
rifle,M4A1,false,245127,242972,3,3,26,ba78f6ee72c75fa7
rifle,AK-47,false,250732,247666,3,2,27,ba78f6ee72c75fa7
rifle,M4A1,false,264769,257508,3,3,28,ba78f6ee72c75fa7
rifle,AK-47,false,274239,266999,2,2,29,ba78f6ee72c75fa7
sniper,AWP,false,288704,281516,3,3,30,ba78f6ee72c75fa7
pistol,Glock-18,false,3003,1,2,2,1,baa6bbea8b2ffb45
rifle,M4A1,false,28973,26511,3,3,5,baa6bbea8b2ffb45
rifle,AK-47,false,44830,37991,2,3,7,baa6bbea8b2ffb45
rifle,Galil AR,false,49991,47697,2,2,8,baa6bbea8b2ffb45
rifle,Galil AR,false,56010,53668,2,2,9,baa6bbea8b2ffb45
rifle,AK-47,false,77284,70838,2,3,11,baa6bbea8b2ffb45
pistol,Glock-18,false,132057,84375,2,2,13,baa6bbea8b2ffb45
rifle,FAMAS,false,147273,144898,3,2,16,baa6bbea8b2ffb45
grenade,HE Grenade,false,194804,190943,3,2,22,baa6bbea8b2ffb45
sniper,AWP,false,203319,199556,3,3,23,baa6bbea8b2ffb45
pistol,Dual Berettas,false,4742,1017,3,3,1,bb33593cba9764fb
rifle,AK-47,false,12784,10618,2,2,3,bb33593cba9764fb
rifle,AK-47,false,37383,34012,2,2,6,bb33593cba9764fb
rifle,M4A4,false,48482,45393,3,3,7,bb33593cba9764fb
rifle,AK-47,false,58347,55858,2,3,9,bb33593cba9764fb
rifle,M4A4,false,70966,68761,3,3,11,bb33593cba9764fb
rifle,AK-47,false,77785,75611,3,3,12,bb33593cba9764fb
pistol,USP-S,false,91614,83055,3,2,13,bb33593cba9764fb
pistol,USP-S,false,15156,357,3,2,1,bc0f0a87e47cba11
rifle,AK-47,false,25859,23533,2,3,3,bc0f0a87e47cba11
rifle,M4A1,false,34252,31630,3,2,4,bc0f0a87e47cba11
rifle,M4A1,false,54713,51352,3,2,6,bc0f0a87e47cba11
rifle,AK-47,false,75046,72401,2,3,8,bc0f0a87e47cba11
rifle,AK-47,false,79683,77531,3,3,9,bc0f0a87e47cba11
sniper,AWP,false,102995,95022,3,3,11,bc0f0a87e47cba11
pistol,Dual Berettas,false,125747,109895,3,3,13,bc0f0a87e47cba11
rifle,M4A1,false,137196,135044,3,3,15,bc0f0a87e47cba11
rifle,AK-47,false,148478,145988,2,2,17,bc0f0a87e47cba11
rifle,M4A1,false,158822,155021,3,3,18,bc0f0a87e47cba11
sniper,AWP,false,169080,166431,3,3,19,bc0f0a87e47cba11
rifle,AK-47,false,183950,178988,3,3,21,bc0f0a87e47cba11
pistol,Glock-18,false,5139,995,2,2,1,bc264f76fff3cf86
rifle,M4A1,false,30773,25684,3,2,4,bc264f76fff3cf86
grenade,HE Grenade,false,45143,42706,2,2,6,bc264f76fff3cf86
rifle,AK-47,false,64840,62047,2,2,8,bc264f76fff3cf86
sniper,AWP,false,74729,71690,3,3,9,bc264f76fff3cf86
pistol,Tec-9,false,83414,80778,2,2,10,bc264f76fff3cf86
pistol,USP-S,false,109982,99903,3,3,13,bc264f76fff3cf86
rifle,AK-47,false,135620,132990,2,2,16,bc264f76fff3cf86
rifle,AK-47,false,153641,151369,2,2,18,bc264f76fff3cf86
rifle,AK-47,false,168610,163771,2,2,19,bc264f76fff3cf86
rifle,AK-47,false,174547,172664,2,3,20,bc264f76fff3cf86
pistol,Dual Berettas,false,3457,96,3,3,1,bc8da1d6025b2271
rifle,AK-47,false,13676,11571,2,3,3,bc8da1d6025b2271
sniper,AWP,false,26424,24232,2,2,5,bc8da1d6025b2271
rifle,M4A1,false,42501,35442,3,2,6,bc8da1d6025b2271
rifle,AK-47,false,52983,50196,2,3,8,bc8da1d6025b2271
rifle,AK-47,false,61305,56563,2,3,9,bc8da1d6025b2271
rifle,M4A1,false,74727,68551,3,3,10,bc8da1d6025b2271
rifle,AK-47,false,86313,84071,2,3,12,bc8da1d6025b2271
pistol,USP-S,false,90482,87509,3,3,13,bc8da1d6025b2271
rifle,AK-47,false,110365,106212,2,3,16,bc8da1d6025b2271
rifle,AK-47,false,123202,117166,2,2,17,bc8da1d6025b2271
rifle,M4A1,false,133776,131650,3,2,19,bc8da1d6025b2271
rifle,AK-47,false,147781,145263,2,2,21,bc8da1d6025b2271
pistol,Glock-18,false,9513,7084,2,2,1,be18716bf830f080
smg,MP9,false,40488,35684,3,3,5,be18716bf830f080
sniper,AWP,false,52524,48886,2,3,7,be18716bf830f080
rifle,M4A1,false,61286,57767,3,3,8,be18716bf830f080
rifle,AK-47,false,76353,73265,2,2,10,be18716bf830f080
sniper,AWP,false,82246,79708,3,2,11,be18716bf830f080
rifle,AK-47,false,89069,86903,2,3,12,be18716bf830f080
pistol,Glock-18,false,99965,97345,2,2,13,be18716bf830f080
smg,MAC-10,false,114969,112849,2,2,16,be18716bf830f080
pistol,P250,false,1321,1,2,3,1,be41d72a8cdd50e8
rifle,M4A1,false,60280,54049,2,2,5,be41d72a8cdd50e8
rifle,M4A1,false,81355,79095,3,3,8,be41d72a8cdd50e8
rifle,FAMAS,false,111835,109620,3,3,11,be41d72a8cdd50e8
pistol,USP-S,false,130899,126536,3,3,13,be41d72a8cdd50e8
rifle,AK-47,false,142610,137097,2,2,15,be41d72a8cdd50e8
rifle,AK-47,false,158508,156178,2,3,17,be41d72a8cdd50e8
rifle,AK-47,false,172892,165266,2,2,18,be41d72a8cdd50e8
rifle,M4A1,false,208090,205309,2,2,21,be41d72a8cdd50e8
pistol,USP-S,false,7250,4015,3,3,1,bf84777dac6ba833
rifle,AK-47,false,23105,20755,2,2,4,bf84777dac6ba833
sniper,AWP,false,60698,57234,3,3,8,bf84777dac6ba833
rifle,M4A1,false,93598,91471,3,3,12,bf84777dac6ba833
pistol,P250,false,101260,99042,2,2,13,bf84777dac6ba833
rifle,AK-47,false,125045,117313,2,3,15,bf84777dac6ba833
pistol,Glock-18,false,4086,1018,2,2,1,c0165a1c61954a4d
rifle,M4A1,false,13800,11589,3,3,3,c0165a1c61954a4d
sniper,AWP,false,54787,52644,2,2,8,c0165a1c61954a4d
sniper,AWP,false,67191,65286,2,2,10,c0165a1c61954a4d
rifle,AK-47,false,86353,81035,2,3,12,c0165a1c61954a4d
pistol,P250,false,106612,93060,2,3,13,c0165a1c61954a4d
rifle,AK-47,false,142832,140777,2,2,18,c0165a1c61954a4d
rifle,AK-47,false,163045,161120,2,2,20,c0165a1c61954a4d
sniper,AWP,false,193496,180532,3,2,22,c0165a1c61954a4d
smg,MP9,false,220170,200602,3,2,23,c0165a1c61954a4d
pistol,Dual Berettas,false,3516,112,3,2,1,c0a9626907f6487d
rifle,M4A1,false,20299,15453,3,3,3,c0a9626907f6487d
rifle,M4A1,false,41121,38376,3,3,6,c0a9626907f6487d
rifle,M4A1,false,53377,47828,3,3,8,c0a9626907f6487d
sniper,AWP,false,69225,64173,2,2,10,c0a9626907f6487d
rifle,M4A1,false,79163,73164,3,3,11,c0a9626907f6487d
sniper,AWP,false,84257,82124,3,3,12,c0a9626907f6487d
pistol,Glock-18,false,94073,87628,2,3,13,c0a9626907f6487d
rifle,M4A1,false,107295,104687,3,2,15,c0a9626907f6487d
rifle,AK-47,false,129468,126642,2,2,18,c0a9626907f6487d
pistol,Glock-18,false,6730,331,2,2,1,c213688551f2be48
sniper,AWP,false,54479,51934,3,3,7,c213688551f2be48
sniper,AWP,false,76238,70882,2,2,9,c213688551f2be48
rifle,M4A1,false,91083,88764,3,2,11,c213688551f2be48
pistol,USP-S,false,119540,104469,3,3,13,c213688551f2be48
rifle,AK-47,false,128105,125124,2,2,15,c213688551f2be48
rifle,AK-47,false,156051,149935,2,3,18,c213688551f2be48
sniper,AWP,false,172371,168842,3,3,20,c213688551f2be48
pistol,Glock-18,false,12906,1021,2,2,1,c2328076a7334a84
sniper,AWP,false,36624,34099,3,3,5,c2328076a7334a84
rifle,AK-47,false,53846,49940,2,2,7,c2328076a7334a84
sniper,AWP,false,73899,70209,3,3,10,c2328076a7334a84
sniper,AWP,false,79787,76861,3,3,11,c2328076a7334a84
pistol,USP-S,false,107713,95780,3,3,13,c2328076a7334a84
smg,MP9,false,118479,116124,3,3,15,c2328076a7334a84
rifle,AK-47,false,129173,127148,3,3,17,c2328076a7334a84
pistol,USP-S,false,8881,5978,3,3,1,c31def158f1ff22a
rifle,AK-47,false,18860,13540,2,2,3,c31def158f1ff22a
rifle,M4A1,false,29743,23798,3,3,4,c31def158f1ff22a
rifle,M4A1,false,41555,38566,3,3,6,c31def158f1ff22a
sniper,AWP,false,63745,61750,2,2,9,c31def158f1ff22a
rifle,M4A1,false,74303,70551,3,2,10,c31def158f1ff22a
pistol,P250,false,99349,95974,2,2,13,c31def158f1ff22a
rifle,M4A1,false,110868,107309,3,3,15,c31def158f1ff22a
rifle,AK-47,false,127911,125846,3,3,18,c31def158f1ff22a
sniper,AWP,false,149459,143669,3,3,20,c31def158f1ff22a
rifle,M4A4,false,155208,152890,3,2,21,c31def158f1ff22a
rifle,M4A4,false,172722,169273,3,3,23,c31def158f1ff22a
rifle,AK-47,false,196584,192839,2,2,25,c31def158f1ff22a
rifle,AK-47,false,203392,201116,2,2,26,c31def158f1ff22a
sniper,AWP,false,213819,211735,3,3,27,c31def158f1ff22a
sniper,AWP,false,231679,226009,2,2,28,c31def158f1ff22a
rifle,M4A1,false,244907,238098,3,3,29,c31def158f1ff22a
sniper,AWP,false,247994,246233,2,3,30,c31def158f1ff22a
rifle,M4A1,false,2462,1,3,3,1,c3f44fe1eab22c53
pistol,Glock-18,false,4693,1018,2,2,1,c4f4da42623b2204
sniper,AWP,false,19970,18029,2,2,3,c4f4da42623b2204
grenade,HE Grenade,false,41239,37014,3,3,5,c4f4da42623b2204
sniper,AWP,false,58582,56298,3,3,8,c4f4da42623b2204
sniper,AWP,false,65004,62047,2,2,9,c4f4da42623b2204
sniper,AWP,false,69885,67341,3,2,10,c4f4da42623b2204
pistol,USP-S,false,104577,92246,3,3,13,c4f4da42623b2204
rifle,AK-47,false,116560,111322,2,2,15,c4f4da42623b2204
rifle,AK-47,false,126302,120518,2,2,16,c4f4da42623b2204
sniper,AWP,false,145707,142130,3,3,19,c4f4da42623b2204
sniper,AWP,false,153180,149783,3,3,20,c4f4da42623b2204
sniper,AWP,false,161932,159721,3,3,21,c4f4da42623b2204
pistol,USP-S,false,9847,5977,3,3,1,c55d1b52275a924
rifle,M4A1,false,16364,14421,3,2,3,c55d1b52275a924
rifle,M4A1,false,25233,23232,3,3,4,c55d1b52275a924
rifle,AK-47,false,74185,70772,2,3,9,c55d1b52275a924
rifle,M4A1,false,85008,83084,3,3,11,c55d1b52275a924
pistol,USP-S,false,102174,99689,3,2,13,c55d1b52275a924
rifle,M4A1,false,120036,116421,3,2,15,c55d1b52275a924
rifle,AK-47,false,135772,132899,2,2,17,c55d1b52275a924
pistol,Dual Berettas,false,9103,5977,3,3,1,c683af478c06491
rifle,AK-47,false,34267,27776,2,3,4,c683af478c06491
rifle,AK-47,false,38652,36251,2,2,5,c683af478c06491
rifle,AK-47,false,52091,45013,3,3,6,c683af478c06491
rifle,AK-47,false,56367,54101,2,2,7,c683af478c06491
rifle,AK-47,false,74972,70390,2,2,9,c683af478c06491
rifle,M4A4,false,96645,92570,3,2,12,c683af478c06491
pistol,USP-S,false,105648,102546,3,2,13,c683af478c06491
rifle,M4A1,false,132646,130133,3,2,17,c683af478c06491
sniper,AWP,false,138675,136708,3,3,18,c683af478c06491
rifle,M4A4,false,148112,145796,3,3,19,c683af478c06491
rifle,AK-47,false,158841,155876,3,3,21,c683af478c06491
rifle,M4A1,false,6311,31,3,3,1,c7345237a5dfa992
rifle,AK-47,false,12453,10014,2,2,2,c7345237a5dfa992
pistol,USP-S,false,23027,16474,3,2,3,c7345237a5dfa992
rifle,Galil AR,false,37248,34508,2,2,5,c7345237a5dfa992
rifle,AK-47,false,80053,74088,2,3,11,c7345237a5dfa992
pistol,Dual Berettas,false,2574,109,3,3,1,c7b076d797b3dbe6
rifle,M4A1,false,15267,11832,3,3,3,c7b076d797b3dbe6
rifle,AK-47,false,28051,25700,2,2,5,c7b076d797b3dbe6
rifle,M4A1,false,35248,32161,3,2,6,c7b076d797b3dbe6
rifle,FAMAS,false,49406,42421,3,3,7,c7b076d797b3dbe6
rifle,AK-47,false,56546,50795,2,2,8,c7b076d797b3dbe6
rifle,AK-47,false,63142,60600,2,2,9,c7b076d797b3dbe6
rifle,AK-47,false,83828,76281,2,2,11,c7b076d797b3dbe6
pistol,USP-S,false,101698,98097,3,2,13,c7b076d797b3dbe6
rifle,M4A1,false,115222,112794,3,3,15,c7b076d797b3dbe6
rifle,M4A1,false,125626,122272,3,3,16,c7b076d797b3dbe6
rifle,AK-47,false,137184,134649,2,2,18,c7b076d797b3dbe6
rifle,M4A1,false,160664,157904,3,3,21,c7b076d797b3dbe6
rifle,FAMAS,false,179693,167785,3,3,22,c7b076d797b3dbe6
rifle,M4A1,false,193765,187808,3,2,24,c7b076d797b3dbe6
rifle,AK-47,false,203184,200457,2,2,25,c7b076d797b3dbe6
rifle,AK-47,false,212591,207626,2,3,26,c7b076d797b3dbe6
rifle,AK-47,false,218562,215220,2,3,27,c7b076d797b3dbe6
rifle,AK-47,false,229343,224667,2,2,28,c7b076d797b3dbe6
sniper,AWP,false,237838,233859,3,3,29,c7b076d797b3dbe6
sniper,AWP,false,245571,241932,3,2,30,c7b076d797b3dbe6
pistol,USP-S,false,1981,1,3,2,1,c86922d0f8fea8c6
rifle,Galil AR,false,7884,5366,2,2,2,c86922d0f8fea8c6
sniper,AWP,false,22911,19964,2,3,5,c86922d0f8fea8c6
rifle,M4A1,false,35716,29819,3,3,6,c86922d0f8fea8c6
rifle,AK-47,false,44000,38779,2,3,7,c86922d0f8fea8c6
rifle,AK-47,false,56499,51003,2,2,9,c86922d0f8fea8c6
rifle,AK-47,false,71840,68181,2,2,11,c86922d0f8fea8c6
smg,MP9,false,77126,74389,3,3,12,c86922d0f8fea8c6
pistol,USP-S,false,9476,5978,3,3,1,c880448b9d9939bc
rifle,M4A1,false,41122,37569,3,3,5,c880448b9d9939bc
rifle,Galil AR,false,48537,45284,2,3,6,c880448b9d9939bc
rifle,AK-47,false,63048,60119,3,3,8,c880448b9d9939bc
rifle,AK-47,false,73582,70265,2,2,10,c880448b9d9939bc
rifle,M4A1,false,79873,77407,3,3,11,c880448b9d9939bc
pistol,Glock-18,false,97352,92617,2,2,13,c880448b9d9939bc
rifle,AK-47,false,114149,109666,2,3,15,c880448b9d9939bc
rifle,M4A1,false,125555,122162,3,3,17,c880448b9d9939bc
rifle,M4A4,false,145621,138724,3,3,19,c880448b9d9939bc
rifle,AK-47,false,159532,156900,3,2,21,c880448b9d9939bc
rifle,M4A1,false,182720,178174,3,3,23,c880448b9d9939bc
rifle,M4A1,false,191488,186412,3,3,24,c880448b9d9939bc
pistol,USP-S,false,4832,1,3,3,1,c9b9157b5c59f89a
rifle,M4A1,false,17475,12165,3,3,3,c9b9157b5c59f89a
pistol,USP-S,false,4134,69,3,2,1,c9bc0679f483e0c9
rifle,Galil AR,false,14947,8550,2,2,3,c9bc0679f483e0c9
sniper,AWP,false,26332,24127,3,3,5,c9bc0679f483e0c9
rifle,AK-47,false,37173,34410,2,2,6,c9bc0679f483e0c9
sniper,AWP,false,47617,45660,3,3,7,c9bc0679f483e0c9
rifle,M4A4,false,64596,61505,3,3,10,c9bc0679f483e0c9
rifle,AK-47,false,85142,82680,2,2,12,c9bc0679f483e0c9
pistol,USP-S,false,92386,89614,3,3,13,c9bc0679f483e0c9
rifle,M4A1,false,115793,113461,3,2,17,c9bc0679f483e0c9
rifle,M4A1,false,132463,129994,3,2,19,c9bc0679f483e0c9
pistol,USP-S,false,2725,66,3,3,1,ca48736f113f2ac
rifle,AK-47,false,15475,12641,2,3,3,ca48736f113f2ac
sniper,AWP,false,29927,25897,3,3,5,ca48736f113f2ac
rifle,AK-47,false,34609,32540,2,2,6,ca48736f113f2ac
grenade,Molotov,false,45359,42442,2,3,7,ca48736f113f2ac
rifle,M4A4,false,55207,52889,3,2,9,ca48736f113f2ac
rifle,FAMAS,false,62252,59683,3,3,10,ca48736f113f2ac
rifle,M4A4,false,68462,66510,3,2,11,ca48736f113f2ac
pistol,USP-S,false,88148,85720,3,3,13,ca48736f113f2ac
rifle,M4A1,false,103924,99982,3,2,16,ca48736f113f2ac
rifle,AK-47,false,114329,112051,2,2,17,ca48736f113f2ac
sniper,AWP,false,133658,131639,2,2,19,ca48736f113f2ac
sniper,AWP,false,147128,144885,3,3,21,ca48736f113f2ac
sniper,AWP,false,157617,153845,3,3,22,ca48736f113f2ac
grenade,HE Grenade,false,168649,164320,3,3,24,ca48736f113f2ac
sniper,AWP,false,175642,173167,3,3,25,ca48736f113f2ac
sniper,AWP,false,180261,178147,3,3,26,ca48736f113f2ac
sniper,AWP,false,187067,184680,3,3,27,ca48736f113f2ac
rifle,M4A1,false,196569,192866,3,2,28,ca48736f113f2ac
pistol,USP-S,false,6472,3495,3,3,1,cacc8f06374f42f2
sniper,AWP,false,35423,33856,2,2,6,cacc8f06374f42f2
rifle,M4A4,false,52859,50293,3,2,8,cacc8f06374f42f2
sniper,AWP,false,71161,68625,3,2,10,cacc8f06374f42f2
rifle,AK-47,false,87208,81893,2,2,12,cacc8f06374f42f2
pistol,USP-S,false,92972,90356,3,2,13,cacc8f06374f42f2
pistol,Dual Berettas,false,3029,1,3,3,1,cb0cc59f3947d2f8
rifle,AK-47,false,24326,22000,2,2,4,cb0cc59f3947d2f8
rifle,AK-47,false,46955,43044,2,3,7,cb0cc59f3947d2f8
rifle,AK-47,false,64525,58014,2,3,9,cb0cc59f3947d2f8
sniper,AWP,false,76825,74768,3,3,11,cb0cc59f3947d2f8
pistol,USP-S,false,95427,89117,3,2,13,cb0cc59f3947d2f8
rifle,AK-47,false,131273,129100,2,2,19,cb0cc59f3947d2f8
pistol,Glock-18,false,3328,1,2,2,1,cc49035552e3cce9
rifle,Galil AR,false,30873,24713,2,2,4,cc49035552e3cce9
rifle,AK-47,false,61658,53462,2,2,6,cc49035552e3cce9
sniper,AWP,false,80938,64556,3,2,7,cc49035552e3cce9
sniper,AWP,false,89613,87384,3,2,8,cc49035552e3cce9
rifle,M4A1,false,101852,96447,3,3,9,cc49035552e3cce9
rifle,AK-47,false,106576,104056,2,2,10,cc49035552e3cce9
sniper,AWP,false,131813,110033,3,3,11,cc49035552e3cce9
grenade,HE Grenade,false,138130,135017,3,2,12,cc49035552e3cce9
pistol,Glock-18,false,148273,142226,2,3,13,cc49035552e3cce9
rifle,AK-47,false,209148,206843,2,2,21,cc49035552e3cce9
rifle,AK-47,false,223920,218852,2,2,22,cc49035552e3cce9
sniper,AWP,false,238039,227625,3,3,23,cc49035552e3cce9
pistol,Glock-18,false,3370,97,2,2,1,cc96bd94935ccadc
grenade,HE Grenade,false,29205,26744,3,2,5,cc96bd94935ccadc
rifle,M4A1,false,35869,33333,3,2,6,cc96bd94935ccadc
rifle,AK-47,false,50753,44497,2,3,7,cc96bd94935ccadc
sniper,AWP,false,56169,52976,3,3,8,cc96bd94935ccadc
rifle,M4A1,false,73679,71236,3,2,10,cc96bd94935ccadc
grenade,HE Grenade,false,82168,79939,2,2,11,cc96bd94935ccadc
pistol,USP-S,false,96999,93420,3,3,13,cc96bd94935ccadc
rifle,M4A1,false,106562,103739,3,3,15,cc96bd94935ccadc
rifle,AK-47,false,122736,118607,3,2,17,cc96bd94935ccadc
rifle,AK-47,false,142153,135892,2,2,19,cc96bd94935ccadc
sniper,AWP,false,148875,145953,3,3,20,cc96bd94935ccadc
rifle,AK-47,false,172888,154913,3,3,21,cc96bd94935ccadc
pistol,Glock-18,false,6390,2929,2,3,1,ccaad0683502a557
rifle,AK-47,false,15337,12650,2,2,3,ccaad0683502a557
rifle,M4A1,false,23568,20967,3,3,4,ccaad0683502a557
sniper,AWP,false,34022,31917,2,2,6,ccaad0683502a557
rifle,AK-47,false,44819,42497,3,3,7,ccaad0683502a557
rifle,M4A1,false,54449,51585,3,3,8,ccaad0683502a557
rifle,AK-47,false,66005,61902,2,3,10,ccaad0683502a557
pistol,Glock-18,false,88892,84932,2,2,13,ccaad0683502a557
pistol,USP-S,false,1226,1,3,3,1,cce09abab8ab8363
rifle,M4A1,false,15219,13090,3,3,4,cce09abab8ab8363
sniper,AWP,false,22072,20338,2,3,6,cce09abab8ab8363
pistol,Glock-18,false,75312,70992,2,2,13,cce09abab8ab8363
pistol,Glock-18,false,3403,127,2,2,1,cd9797b5df00787c
smg,MAC-10,false,15894,13612,2,3,3,cd9797b5df00787c
rifle,M4A1,false,39008,19347,3,3,4,cd9797b5df00787c
rifle,M4A1,false,80006,77870,3,3,10,cd9797b5df00787c
sniper,AWP,false,87257,85344,2,2,11,cd9797b5df00787c
smg,MP9,false,99239,96580,3,3,12,cd9797b5df00787c
pistol,Dual Berettas,false,105760,102875,3,2,13,cd9797b5df00787c
rifle,AK-47,false,128816,126643,2,2,16,cd9797b5df00787c
rifle,AK-47,false,159180,156903,2,3,18,cd9797b5df00787c
rifle,AK-47,false,167944,165130,3,3,20,cd9797b5df00787c
rifle,M4A4,false,182798,179944,3,2,22,cd9797b5df00787c
rifle,AK-47,false,187735,185270,2,2,23,cd9797b5df00787c
pistol,P2000,false,8614,6093,3,3,1,ce4178421b6000ff
rifle,M4A1,false,20635,14529,3,2,3,ce4178421b6000ff
rifle,AK-47,false,48095,44547,2,2,6,ce4178421b6000ff
sniper,AWP,false,54109,51961,2,2,7,ce4178421b6000ff
rifle,M4A1,false,68186,65688,3,2,9,ce4178421b6000ff
rifle,M4A1,false,75486,73227,3,2,10,ce4178421b6000ff
rifle,FAMAS,false,80420,78000,3,3,11,ce4178421b6000ff
rifle,M4A4,false,84507,81863,3,3,12,ce4178421b6000ff
pistol,USP-S,false,93235,89000,3,3,13,ce4178421b6000ff
sniper,AWP,false,107870,103846,3,3,15,ce4178421b6000ff
rifle,M4A1,false,129309,126746,3,2,18,ce4178421b6000ff
rifle,M4A1,false,156511,154312,3,2,21,ce4178421b6000ff
sniper,AWP,false,178918,172704,2,3,23,ce4178421b6000ff
sniper,AWP,false,186310,181043,2,2,24,ce4178421b6000ff
rifle,AK-47,false,194546,191603,2,2,25,ce4178421b6000ff
rifle,AK-47,false,205190,203056,2,2,26,ce4178421b6000ff
rifle,M4A1,false,214080,211771,3,3,27,ce4178421b6000ff
rifle,AK-47,false,223363,219114,2,2,28,ce4178421b6000ff
rifle,AK-47,false,235009,227780,2,2,29,ce4178421b6000ff
sniper,AWP,false,249846,247121,3,2,31,ce4178421b6000ff
rifle,AK-47,false,260318,254980,2,3,32,ce4178421b6000ff
sniper,AWP,false,264286,262094,3,3,33,ce4178421b6000ff
sniper,AWP,false,273840,268617,3,3,34,ce4178421b6000ff
rifle,AK-47,false,278548,275736,2,2,35,ce4178421b6000ff
rifle,AK-47,false,286602,283469,2,2,36,ce4178421b6000ff
pistol,Dual Berettas,false,6521,4061,3,3,1,ce921e308da85cc9
rifle,M4A1,false,39339,36295,3,3,5,ce921e308da85cc9
rifle,AK-47,false,44427,42170,3,2,6,ce921e308da85cc9
rifle,AK-47,false,54569,51967,2,2,7,ce921e308da85cc9
rifle,M4A1,false,69193,66622,3,3,9,ce921e308da85cc9
smg,MP9,false,80119,77252,3,3,10,ce921e308da85cc9
rifle,Galil AR,false,89289,83905,2,2,11,ce921e308da85cc9
pistol,USP-S,false,102020,98936,3,3,13,ce921e308da85cc9
rifle,M4A1,false,139572,134284,3,3,19,ce921e308da85cc9
pistol,Dual Berettas,false,7181,4062,3,3,1,d002075c02d4a7e1
rifle,M4A1,false,27514,20319,3,3,3,d002075c02d4a7e1
rifle,AK-47,false,37612,34912,3,3,5,d002075c02d4a7e1
rifle,AK-47,false,52699,50052,2,3,7,d002075c02d4a7e1
rifle,AK-47,false,66534,63954,2,3,9,d002075c02d4a7e1
rifle,AK-47,false,71697,69656,3,3,10,d002075c02d4a7e1
rifle,M4A1,false,78098,75635,3,2,11,d002075c02d4a7e1
rifle,M4A1,false,83218,80887,3,3,12,d002075c02d4a7e1
pistol,Dual Berettas,false,91257,88869,3,3,13,d002075c02d4a7e1
pistol,Glock-18,false,2842,71,2,2,1,d00a2e6a0b521107
rifle,AK-47,false,17101,13006,2,2,3,d00a2e6a0b521107
smg,MAC-10,false,27175,25167,2,2,5,d00a2e6a0b521107
rifle,M4A1,false,50159,47720,3,3,7,d00a2e6a0b521107
rifle,AK-47,false,61427,56680,3,3,8,d00a2e6a0b521107
sniper,AWP,false,66092,63493,3,3,9,d00a2e6a0b521107
rifle,M4A1,false,76819,74532,3,3,11,d00a2e6a0b521107
sniper,AWP,false,85266,82903,3,2,12,d00a2e6a0b521107
pistol,P250,false,91485,88700,2,3,13,d00a2e6a0b521107
rifle,M4A1,false,109456,105682,3,2,16,d00a2e6a0b521107
rifle,AK-47,false,131271,128621,2,2,19,d00a2e6a0b521107
rifle,M4A1,false,139991,134594,3,2,20,d00a2e6a0b521107
rifle,M4A1,false,154431,151416,3,3,22,d00a2e6a0b521107
sniper,AWP,false,160781,157960,3,3,23,d00a2e6a0b521107
rifle,M4A1,false,171515,169001,3,3,25,d00a2e6a0b521107
rifle,AK-47,false,176054,172892,2,2,26,d00a2e6a0b521107
rifle,AK-47,false,183004,180592,2,3,27,d00a2e6a0b521107
rifle,AK-47,false,191591,188301,2,3,28,d00a2e6a0b521107
sniper,AWP,false,199853,197643,3,3,29,d00a2e6a0b521107
rifle,M4A1,false,205163,203228,3,3,30,d00a2e6a0b521107
world,World,false,4928,73,3,3,1,d013a285af3cd019
sniper,AWP,false,45304,40283,2,2,5,d013a285af3cd019
rifle,M4A1,false,65518,60174,3,3,7,d013a285af3cd019
rifle,AK-47,false,87567,85058,2,2,10,d013a285af3cd019
sniper,AWP,false,95101,92656,3,3,11,d013a285af3cd019
rifle,AK-47,false,101731,97556,2,2,12,d013a285af3cd019
pistol,USP-S,false,106817,104528,3,3,13,d013a285af3cd019
rifle,M4A1,false,115517,112549,3,3,15,d013a285af3cd019
rifle,AK-47,false,130903,127115,2,3,17,d013a285af3cd019
pistol,Dual Berettas,false,3306,69,3,3,1,d023384934f11de9
rifle,M4A1,false,38290,33502,3,3,5,d023384934f11de9
rifle,M4A1,false,45009,42462,3,3,6,d023384934f11de9
rifle,AK-47,false,56500,51422,3,2,7,d023384934f11de9
sniper,AWP,false,70334,62698,3,2,8,d023384934f11de9
rifle,AK-47,false,84310,81808,2,3,10,d023384934f11de9
rifle,AK-47,false,89125,86709,3,3,11,d023384934f11de9
rifle,Galil AR,false,100593,97905,2,2,12,d023384934f11de9
pistol,Dual Berettas,false,110104,105310,3,2,13,d023384934f11de9
rifle,AK-47,false,144681,142549,2,2,18,d023384934f11de9
pistol,USP-S,false,1792,1,3,3,1,d10ce9b4b35db17b
rifle,AK-47,false,17286,10583,2,2,3,d10ce9b4b35db17b
rifle,Galil AR,false,22472,18778,2,2,4,d10ce9b4b35db17b
sniper,AWP,false,41106,38071,3,2,6,d10ce9b4b35db17b
rifle,AK-47,false,54256,51820,2,2,8,d10ce9b4b35db17b
rifle,AK-47,false,67871,65207,2,2,10,d10ce9b4b35db17b
sniper,AWP,false,82278,80422,2,2,12,d10ce9b4b35db17b
pistol,USP-S,false,90189,87133,3,2,13,d10ce9b4b35db17b
rifle,M4A1,false,103288,100336,3,2,15,d10ce9b4b35db17b
rifle,AK-47,false,125583,123359,2,3,17,d10ce9b4b35db17b
rifle,M4A1,false,157088,154820,3,3,21,d10ce9b4b35db17b
pistol,Glock-18,false,1092,1,2,2,1,d17b8c7eeb394f7e
smg,MP9,false,9863,5459,3,2,2,d17b8c7eeb394f7e
rifle,AK-47,false,26103,22861,2,3,4,d17b8c7eeb394f7e
rifle,Galil AR,false,36316,33857,2,2,5,d17b8c7eeb394f7e
sniper,AWP,false,42096,40102,3,3,6,d17b8c7eeb394f7e
rifle,M4A4,false,63183,59471,3,3,8,d17b8c7eeb394f7e
rifle,M4A4,false,96520,88673,3,3,12,d17b8c7eeb394f7e
pistol,USP-S,false,104633,99885,3,3,13,d17b8c7eeb394f7e
rifle,AK-47,false,113604,109168,2,2,15,d17b8c7eeb394f7e
rifle,M4A1,false,122569,117378,3,3,16,d17b8c7eeb394f7e
pistol,USP-S,false,2803,1,3,3,1,d1f2b40914788553
rifle,M4A1,false,34216,31723,3,3,6,d1f2b40914788553
rifle,Galil AR,false,39979,37412,2,2,7,d1f2b40914788553
rifle,AK-47,false,46685,44430,2,2,8,d1f2b40914788553
rifle,M4A1,false,69841,67150,3,3,11,d1f2b40914788553
pistol,Dual Berettas,false,81958,78151,3,3,13,d1f2b40914788553
rifle,M4A1,false,144232,141714,3,3,21,d1f2b40914788553
pistol,Glock-18,false,10974,5978,2,2,1,d34890392be91652
sniper,AWP,false,17452,15614,3,2,3,d34890392be91652
rifle,AK-47,false,39748,33199,2,2,5,d34890392be91652
rifle,AK-47,false,57892,54578,2,3,7,d34890392be91652
rifle,AK-47,false,76380,62037,2,2,8,d34890392be91652
rifle,AK-47,false,85890,83067,2,2,9,d34890392be91652
sniper,AWP,false,97569,94915,3,2,11,d34890392be91652
rifle,AK-47,false,108848,105985,2,2,12,d34890392be91652
pistol,USP-S,false,114240,111041,3,2,13,d34890392be91652
rifle,M4A1,false,135973,133411,3,3,16,d34890392be91652
rifle,AK-47,false,141240,138765,2,3,17,d34890392be91652
pistol,USP-S,false,2970,1,3,2,1,d48a853d9c1e877e
sniper,AWP,false,43825,41104,3,3,7,d48a853d9c1e877e
sniper,AWP,false,62591,60453,3,2,9,d48a853d9c1e877e
pistol,USP-S,false,105480,90225,3,2,13,d48a853d9c1e877e
rifle,M4A1,false,126282,122471,3,2,16,d48a853d9c1e877e
pistol,Dual Berettas,false,5713,92,3,3,1,d56cfd1ffa790539
rifle,AK-47,false,20474,12537,2,3,3,d56cfd1ffa790539
rifle,AK-47,false,44559,33132,2,3,6,d56cfd1ffa790539
rifle,AK-47,false,58851,56629,2,3,8,d56cfd1ffa790539
sniper,AWP,false,74984,68524,2,2,9,d56cfd1ffa790539
rifle,M4A1,false,89326,86750,3,2,11,d56cfd1ffa790539
pistol,Glock-18,false,107617,102336,2,2,13,d56cfd1ffa790539
sniper,AWP,false,125950,118948,3,2,15,d56cfd1ffa790539
rifle,M4A1,false,134362,129898,3,3,16,d56cfd1ffa790539
rifle,AK-47,false,144874,138858,2,2,17,d56cfd1ffa790539
rifle,AK-47,false,156497,152361,2,3,18,d56cfd1ffa790539
pistol,Glock-18,false,34124,66,2,2,1,d580b4141bd005e6
sniper,AWP,false,53760,48857,3,3,4,d580b4141bd005e6
sniper,AWP,false,59017,55978,3,3,5,d580b4141bd005e6
rifle,AK-47,false,69930,67729,2,3,7,d580b4141bd005e6
sniper,AWP,false,86718,80679,2,2,9,d580b4141bd005e6
rifle,AK-47,false,91515,89571,2,2,10,d580b4141bd005e6
rifle,M4A1,false,103178,99662,3,3,12,d580b4141bd005e6
pistol,USP-S,false,108775,104449,3,3,13,d580b4141bd005e6
rifle,AK-47,false,117835,113870,2,3,15,d580b4141bd005e6
rifle,AK-47,false,128343,125473,3,3,17,d580b4141bd005e6
rifle,M4A1,false,137437,135197,3,2,18,d580b4141bd005e6
smg,MAC-10,false,152345,146157,2,2,19,d580b4141bd005e6
rifle,M4A1,false,162352,158478,3,3,20,d580b4141bd005e6
rifle,AK-47,false,172762,167438,3,2,21,d580b4141bd005e6
pistol,USP-S,false,15265,107,3,3,1,d58e215792dc7839
sniper,AWP,false,47218,45180,3,3,6,d58e215792dc7839
rifle,AK-47,false,64443,58271,2,2,8,d58e215792dc7839
rifle,AK-47,false,70986,68340,2,2,9,d58e215792dc7839
sniper,AWP,false,79240,76188,2,2,10,d58e215792dc7839
rifle,M4A4,false,95261,92957,3,2,12,d58e215792dc7839
pistol,USP-S,false,101598,98930,3,3,13,d58e215792dc7839
rifle,Galil AR,true,110287,107180,2,2,15,d58e215792dc7839
rifle,AK-47,false,166713,164041,3,3,21,d58e215792dc7839
rifle,AK-47,false,186702,182013,2,2,23,d58e215792dc7839
rifle,M4A1,false,195903,193364,3,2,24,d58e215792dc7839
rifle,M4A1,false,205734,202174,3,3,25,d58e215792dc7839
sniper,AWP,false,208589,206456,3,2,26,d58e215792dc7839
rifle,AK-47,false,220332,217317,2,3,27,d58e215792dc7839
rifle,AK-47,false,227414,223840,2,2,28,d58e215792dc7839
rifle,M4A4,false,237540,234125,3,3,29,d58e215792dc7839
rifle,AK-47,false,242968,240927,2,3,30,d58e215792dc7839
sniper,AWP,false,246821,244314,2,2,31,d58e215792dc7839
rifle,AK-47,false,255684,253222,2,2,32,d58e215792dc7839
rifle,AK-47,false,262400,260044,2,3,33,d58e215792dc7839
rifle,AK-47,false,266526,264116,2,3,34,d58e215792dc7839
rifle,M4A1,false,271873,268537,3,2,35,d58e215792dc7839
sniper,AWP,false,281383,277804,3,3,36,d58e215792dc7839
rifle,M4A1,false,32155,28776,3,3,4,d5d56fbf8156af98
rifle,AK-47,false,45284,42284,2,2,6,d5d56fbf8156af98
rifle,M4A1,false,55695,51833,3,3,7,d5d56fbf8156af98
rifle,AK-47,false,63114,60921,2,2,8,d5d56fbf8156af98
rifle,M4A1,false,73219,69903,3,3,9,d5d56fbf8156af98
rifle,AK-47,false,78682,76581,2,2,10,d5d56fbf8156af98
rifle,AK-47,false,88976,86250,2,2,11,d5d56fbf8156af98
rifle,AK-47,false,97700,93150,2,3,12,d5d56fbf8156af98
pistol,USP-S,false,107028,101427,3,3,13,d5d56fbf8156af98
rifle,AK-47,false,166485,162337,3,3,18,d5d56fbf8156af98
smg,MP9,false,176246,171510,3,2,19,d5d56fbf8156af98
pistol,USP-S,false,10425,6947,3,3,1,d6906a29083bb4b1
rifle,M4A1,false,87899,85705,3,3,10,d6906a29083bb4b1
pistol,Glock-18,false,115338,111621,2,2,13,d6906a29083bb4b1
rifle,M4A1,false,154993,149692,3,2,17,d6906a29083bb4b1
pistol,Glock-18,false,8683,1,2,2,1,d77c622e68fdc2ca
rifle,AK-47,false,37457,34329,2,2,5,d77c622e68fdc2ca
rifle,M4A1,false,46886,44149,3,3,6,d77c622e68fdc2ca
sniper,AWP,false,56088,53921,2,3,8,d77c622e68fdc2ca
sniper,AWP,false,69798,63789,2,2,10,d77c622e68fdc2ca
rifle,AK-47,false,76077,73231,2,2,11,d77c622e68fdc2ca
sniper,AWP,false,84663,82622,3,2,12,d77c622e68fdc2ca
pistol,Glock-18,false,91724,88931,2,3,13,d77c622e68fdc2ca
sniper,AWP,false,109990,104384,3,3,15,d77c622e68fdc2ca
sniper,AWP,false,119513,117049,3,2,17,d77c622e68fdc2ca
sniper,AWP,false,131677,126838,2,2,18,d77c622e68fdc2ca
rifle,AK-47,false,137185,135209,2,2,19,d77c622e68fdc2ca
rifle,AK-47,false,151568,145127,2,2,21,d77c622e68fdc2ca
rifle,AK-47,false,168535,163556,2,3,23,d77c622e68fdc2ca
sniper,AWP,false,176017,170351,2,3,24,d77c622e68fdc2ca
sniper,AWP,false,191039,188237,3,3,25,d77c622e68fdc2ca
rifle,M4A1,false,199657,196184,3,2,26,d77c622e68fdc2ca
sniper,AWP,false,210535,202919,3,3,27,d77c622e68fdc2ca
rifle,AK-47,false,222376,214422,2,2,28,d77c622e68fdc2ca
rifle,AK-47,false,228068,225614,2,2,29,d77c622e68fdc2ca
pistol,USP-S,false,3941,86,3,2,1,d78e33ef6effe70c
rifle,M4A4,false,25387,20158,3,3,4,d78e33ef6effe70c
sniper,AWP,false,29457,26352,3,3,5,d78e33ef6effe70c
rifle,M4A1,false,38758,36097,3,3,7,d78e33ef6effe70c
rifle,AK-47,false,60090,52474,2,3,9,d78e33ef6effe70c
rifle,AK-47,false,65676,63498,2,2,10,d78e33ef6effe70c
rifle,Galil AR,false,74755,72199,2,3,11,d78e33ef6effe70c
pistol,USP-S,false,84674,81410,3,3,13,d78e33ef6effe70c
rifle,M4A1,false,92616,89745,3,3,15,d78e33ef6effe70c
rifle,AK-47,false,114250,106878,2,3,17,d78e33ef6effe70c
rifle,M4A1,false,127673,124469,3,3,19,d78e33ef6effe70c
rifle,AK-47,false,145764,143660,2,2,21,d78e33ef6effe70c
rifle,AK-47,false,158967,152797,2,2,22,d78e33ef6effe70c
rifle,AK-47,false,165032,162701,2,2,23,d78e33ef6effe70c
rifle,AK-47,false,175998,172750,2,3,24,d78e33ef6effe70c
pistol,Dual Berettas,false,7925,356,3,2,1,d7fdcb079df7beb6
rifle,M4A4,false,40087,34190,3,3,6,d7fdcb079df7beb6
sniper,AWP,false,45766,43279,2,2,7,d7fdcb079df7beb6
rifle,M4A1,false,68072,61346,3,2,9,d7fdcb079df7beb6
rifle,M4A4,false,90321,83123,3,2,11,d7fdcb079df7beb6
rifle,M4A4,false,96490,94267,3,2,12,d7fdcb079df7beb6
pistol,USP-S,false,115953,101952,3,3,13,d7fdcb079df7beb6
pistol,Glock-18,false,4263,90,2,3,1,d80c62ce8d30388d
rifle,M4A4,false,27605,24272,3,3,4,d80c62ce8d30388d
pistol,Tec-9,false,34782,32189,2,2,5,d80c62ce8d30388d
sniper,AWP,false,57919,55864,2,2,8,d80c62ce8d30388d
rifle,AK-47,false,80690,77857,2,2,11,d80c62ce8d30388d
pistol,Glock-18,false,99299,95643,2,2,13,d80c62ce8d30388d
rifle,FAMAS,false,122749,120494,3,3,17,d80c62ce8d30388d
rifle,AK-47,false,146102,138767,3,2,19,d80c62ce8d30388d
rifle,AK-47,false,154431,151808,2,3,20,d80c62ce8d30388d
pistol,Glock-18,false,3919,1002,2,2,1,daf3cadd0361be34
rifle,M4A1,false,13370,10666,3,3,3,daf3cadd0361be34
sniper,AWP,false,21295,18785,2,2,4,daf3cadd0361be34
rifle,AK-47,false,31850,29314,2,3,6,daf3cadd0361be34
rifle,AK-47,false,39461,35691,2,3,7,daf3cadd0361be34
rifle,AK-47,false,53350,49056,3,2,9,daf3cadd0361be34
rifle,AK-47,false,59404,56319,2,2,10,daf3cadd0361be34
sniper,AWP,false,72227,66377,2,2,12,daf3cadd0361be34
pistol,Glock-18,false,77416,74547,2,2,13,daf3cadd0361be34
grenade,Molotov,false,93354,87531,2,3,15,daf3cadd0361be34
rifle,M4A1,false,111852,109963,3,2,18,daf3cadd0361be34
grenade,Molotov,false,117432,115259,2,2,19,daf3cadd0361be34
rifle,M4A1,false,129528,127029,3,3,21,daf3cadd0361be34
rifle,AK-47,false,138168,133731,2,3,22,daf3cadd0361be34
sniper,AWP,false,163617,160537,3,3,25,daf3cadd0361be34
rifle,AK-47,false,172957,167041,3,3,26,daf3cadd0361be34
sniper,AWP,false,177992,176018,3,2,27,daf3cadd0361be34
sniper,AWP,false,184701,180986,2,2,28,daf3cadd0361be34
sniper,AWP,false,193833,188675,3,3,29,daf3cadd0361be34
rifle,M4A4,false,200177,196413,3,3,30,daf3cadd0361be34
rifle,AK-47,false,209085,206523,2,2,31,daf3cadd0361be34
rifle,M4A1,false,216193,212839,3,3,32,daf3cadd0361be34
rifle,M4A1,false,226035,220494,3,3,33,daf3cadd0361be34
rifle,M4A1,false,233697,227001,3,2,34,daf3cadd0361be34
rifle,AK-47,false,241152,236916,2,3,35,daf3cadd0361be34
rifle,AK-47,false,249378,246480,2,2,36,daf3cadd0361be34
smg,MP9,false,6189,1,3,3,1,db75c50cfcf84926
rifle,M4A1,false,34403,9659,3,3,2,db75c50cfcf84926
sniper,AWP,false,39697,36082,3,3,3,db75c50cfcf84926
rifle,AK-47,false,49834,43831,3,3,4,db75c50cfcf84926
sniper,AWP,false,57326,52750,2,2,5,db75c50cfcf84926
pistol,USP-S,false,4473,121,3,2,1,dc1a3ea81c1f9b20
sniper,AWP,false,15912,13708,3,3,3,dc1a3ea81c1f9b20
rifle,AK-47,false,34129,30696,2,2,6,dc1a3ea81c1f9b20
sniper,AWP,false,44214,38089,3,2,7,dc1a3ea81c1f9b20
rifle,AK-47,false,51372,48773,2,3,8,dc1a3ea81c1f9b20
sniper,AWP,false,59941,57383,3,3,9,dc1a3ea81c1f9b20
rifle,AK-47,false,73487,70919,2,2,11,dc1a3ea81c1f9b20
pistol,Dual Berettas,false,89475,85971,3,3,13,dc1a3ea81c1f9b20
smg,MP9,false,98201,96013,3,3,15,dc1a3ea81c1f9b20
rifle,FAMAS,false,111632,107885,3,2,17,dc1a3ea81c1f9b20
rifle,AK-47,false,119172,116649,3,3,18,dc1a3ea81c1f9b20
sniper,AWP,false,135528,131709,2,2,20,dc1a3ea81c1f9b20
rifle,M4A1,false,141280,139119,3,2,21,dc1a3ea81c1f9b20
rifle,FAMAS,false,156444,153656,3,2,23,dc1a3ea81c1f9b20
pistol,USP-S,false,5853,10,3,3,1,dc37112aceedfa21
rifle,M4A1,false,37507,35367,3,3,5,dc37112aceedfa21
pistol,Glock-18,false,3833,1,2,2,1,dc92a0e1d230258
rifle,AK-47,false,22082,18527,2,3,5,dc92a0e1d230258
rifle,M4A1,false,38354,34883,3,2,7,dc92a0e1d230258
rifle,AK-47,false,70421,67494,2,2,11,dc92a0e1d230258
rifle,M4A4,false,75191,72917,3,3,12,dc92a0e1d230258
pistol,Glock-18,false,4507,72,2,2,1,dcc113f1689d80de
sniper,AWP,false,63523,58975,3,2,4,dcc113f1689d80de
rifle,AK-47,false,83796,69228,2,3,5,dcc113f1689d80de
sniper,AWP,false,125087,120682,2,3,10,dcc113f1689d80de
grenade,HE Grenade,false,153993,150182,3,3,13,dcc113f1689d80de
sniper,AWP,false,163261,160862,3,3,15,dcc113f1689d80de
rifle,M4A1,false,175652,172577,3,3,17,dcc113f1689d80de
smg,MP9,false,184941,181537,3,3,18,dcc113f1689d80de
sniper,AWP,false,208211,202036,3,3,20,dcc113f1689d80de
pistol,USP-S,false,4975,1,3,3,1,dd1e9d956253db5e
rifle,AK-47,false,83317,78315,3,3,9,dd1e9d956253db5e
rifle,M4A1,false,90446,88252,3,2,10,dd1e9d956253db5e
rifle,AK-47,false,101236,98393,2,3,11,dd1e9d956253db5e
smg,MAC-10,false,109549,107353,2,2,12,dd1e9d956253db5e
pistol,Dual Berettas,false,126383,112300,3,3,13,dd1e9d956253db5e
rifle,M4A1,false,147579,142376,3,3,16,dd1e9d956253db5e
pistol,Glock-18,false,3858,86,2,2,1,de841a4031883d6d
rifle,M4A1,false,24134,13475,3,2,3,de841a4031883d6d
rifle,M4A1,false,42280,37468,3,2,5,de841a4031883d6d
rifle,M4A1,false,50658,48113,3,2,6,de841a4031883d6d
sniper,AWP,false,57705,55649,3,3,7,de841a4031883d6d
sniper,AWP,false,71044,67170,3,3,8,de841a4031883d6d
rifle,M4A1,false,90273,86291,2,2,10,de841a4031883d6d
rifle,M4A1,false,101364,95243,2,2,11,de841a4031883d6d
pistol,Glock-18,false,121414,115523,2,2,13,de841a4031883d6d
rifle,AK-47,false,140426,135547,2,2,16,de841a4031883d6d
sniper,AWP,false,158193,155553,3,3,18,de841a4031883d6d
melee,Knife,false,1626,1,3,3,1,df0b525227844b7c
pistol,Glock-18,false,8269,4477,2,2,3,df0b525227844b7c
rifle,M4A1,false,20450,17277,3,3,5,df0b525227844b7c
sniper,AWP,false,27998,26236,2,3,6,df0b525227844b7c
sniper,AWP,false,41574,39503,3,2,8,df0b525227844b7c
rifle,AK-47,false,48203,45773,2,2,9,df0b525227844b7c
sniper,AWP,false,75367,73378,3,2,12,df0b525227844b7c
sniper,AWP,false,85197,80190,2,3,13,df0b525227844b7c
pistol,Dual Berettas,false,104526,100978,3,3,15,df0b525227844b7c
smg,MP9,false,116026,111431,3,2,17,df0b525227844b7c
rifle,AK-47,false,124749,122191,2,2,18,df0b525227844b7c
rifle,AK-47,false,135480,133695,3,3,20,df0b525227844b7c
rifle,M4A1,false,150374,147774,3,2,22,df0b525227844b7c
rifle,M4A1,false,165711,161903,3,2,24,df0b525227844b7c
rifle,M4A1,false,177248,173791,3,2,26,df0b525227844b7c
rifle,AK-47,false,187708,185646,2,3,27,df0b525227844b7c
sniper,AWP,false,194890,190786,3,3,28,df0b525227844b7c
rifle,AK-47,false,205979,201359,3,3,29,df0b525227844b7c
sniper,AWP,false,212197,209824,2,3,30,df0b525227844b7c
rifle,AK-47,false,220454,217839,3,2,31,df0b525227844b7c
pistol,P250,false,4553,1,2,2,1,df630d5eeb08a6d
rifle,AK-47,false,47479,45166,2,3,6,df630d5eeb08a6d
sniper,AWP,false,58457,51210,3,3,7,df630d5eeb08a6d
rifle,AK-47,false,80646,77998,2,3,10,df630d5eeb08a6d
rifle,AK-47,false,90977,88393,2,2,12,df630d5eeb08a6d
pistol,Dual Berettas,false,117445,97602,3,3,13,df630d5eeb08a6d
rifle,AK-47,false,185819,178325,2,2,22,df630d5eeb08a6d
rifle,AK-47,false,202310,195807,2,3,24,df630d5eeb08a6d
sniper,AWP,false,206541,204426,3,2,25,df630d5eeb08a6d
rifle,AK-47,false,220538,216777,3,2,26,df630d5eeb08a6d
rifle,AK-47,false,227371,224651,2,2,27,df630d5eeb08a6d
rifle,M4A1,false,235024,232726,3,2,28,df630d5eeb08a6d
rifle,AK-47,false,245551,241111,2,2,29,df630d5eeb08a6d
rifle,M4A1,false,254788,251186,3,3,30,df630d5eeb08a6d
pistol,USP-S,false,9037,5980,3,3,1,e097ff1c532969b1
grenade,HE Grenade,false,31066,25836,3,3,4,e097ff1c532969b1
sniper,AWP,false,49982,45932,2,3,6,e097ff1c532969b1
rifle,AK-47,false,74049,71242,3,3,8,e097ff1c532969b1
rifle,M4A1,false,123997,120880,3,3,10,e097ff1c532969b1
rifle,M4A1,false,130156,126719,3,3,11,e097ff1c532969b1
pistol,USP-S,false,145845,141316,3,3,13,e097ff1c532969b1
rifle,AK-47,false,178061,155864,2,2,15,e097ff1c532969b1
pistol,P250,false,3376,1,2,2,1,e0d75302c1915558
sniper,AWP,false,29623,27709,2,2,5,e0d75302c1915558
rifle,AK-47,false,38353,35384,2,2,6,e0d75302c1915558
rifle,M4A4,false,62892,60110,3,3,9,e0d75302c1915558
rifle,Galil AR,false,68824,64766,2,3,10,e0d75302c1915558
rifle,M4A1,false,83701,80578,3,2,12,e0d75302c1915558
pistol,Glock-18,false,91695,88112,2,2,13,e0d75302c1915558
rifle,AK-47,false,138626,135748,2,2,18,e0d75302c1915558
sniper,AWP,false,152610,146127,3,2,20,e0d75302c1915558
rifle,M4A1,false,161949,157051,3,2,21,e0d75302c1915558
sniper,AWP,false,171470,166221,3,3,22,e0d75302c1915558
sniper,AWP,false,200734,198508,2,2,25,e0d75302c1915558
rifle,AK-47,false,214111,208923,2,2,26,e0d75302c1915558
sniper,AWP,false,224658,217169,3,2,27,e0d75302c1915558
rifle,M4A4,false,234274,227413,3,3,28,e0d75302c1915558
pistol,USP-S,false,7212,4061,3,3,1,e13101daf8f9056b
sniper,AWP,false,21715,19569,2,2,4,e13101daf8f9056b
rifle,M4A1,false,29557,26624,3,2,5,e13101daf8f9056b
rifle,M4A1,false,40671,37494,3,2,7,e13101daf8f9056b
rifle,M4A4,false,55526,53193,3,2,9,e13101daf8f9056b
grenade,HE Grenade,false,66508,62976,2,2,10,e13101daf8f9056b
rifle,AK-47,false,80237,75647,2,3,12,e13101daf8f9056b
pistol,Glock-18,false,91201,86513,2,2,13,e13101daf8f9056b
rifle,Galil AR,false,108169,105321,2,2,16,e13101daf8f9056b
rifle,Galil AR,false,114108,111855,2,3,17,e13101daf8f9056b
rifle,AK-47,false,122269,118990,2,2,18,e13101daf8f9056b
sniper,AWP,false,129535,126503,3,2,19,e13101daf8f9056b
rifle,AK-47,false,145950,141183,2,2,21,e13101daf8f9056b
rifle,M4A1,false,151998,149639,3,3,22,e13101daf8f9056b
rifle,AK-47,false,3359,1,2,3,1,e2171f5401c3287e
rifle,AK-47,false,10723,6984,3,3,2,e2171f5401c3287e
sniper,AWP,false,18763,15944,3,2,3,e2171f5401c3287e
sniper,AWP,false,25803,23421,3,3,4,e2171f5401c3287e
sniper,AWP,false,35592,32757,3,3,5,e2171f5401c3287e
rifle,AK-47,false,42616,36946,2,3,6,e2171f5401c3287e
rifle,AK-47,false,49599,45927,2,3,7,e2171f5401c3287e
rifle,AK-47,false,57786,54785,2,2,8,e2171f5401c3287e
pistol,Glock-18,false,9532,5208,2,2,1,e2299fe3e7eab280
rifle,Galil AR,false,25291,20865,2,2,3,e2299fe3e7eab280
rifle,AK-47,false,43739,37057,2,3,5,e2299fe3e7eab280
rifle,AK-47,false,47852,45907,2,3,6,e2299fe3e7eab280
rifle,AK-47,false,69800,62882,2,2,8,e2299fe3e7eab280
rifle,M4A1,false,81100,78432,3,2,10,e2299fe3e7eab280
rifle,AK-47,false,97788,93605,2,3,12,e2299fe3e7eab280
pistol,Dual Berettas,false,107262,104952,3,2,13,e2299fe3e7eab280
rifle,M4A1,false,140183,134656,3,3,17,e2299fe3e7eab280
rifle,M4A1,false,166565,162831,3,3,20,e2299fe3e7eab280
pistol,USP-S,false,3182,1,3,3,1,e2bf3b12c9a923b7
sniper,AWP,false,25709,24081,2,2,4,e2bf3b12c9a923b7
rifle,AK-47,false,65905,63849,2,2,9,e2bf3b12c9a923b7
rifle,AK-47,false,75233,70821,2,2,10,e2bf3b12c9a923b7
rifle,M4A1,false,92296,90340,3,3,12,e2bf3b12c9a923b7
pistol,Glock-18,false,104881,100149,2,2,13,e2bf3b12c9a923b7
sniper,AWP,false,130453,128490,2,3,17,e2bf3b12c9a923b7
smg,MP9,false,141902,136663,3,3,18,e2bf3b12c9a923b7
rifle,AK-47,false,153743,151553,2,2,20,e2bf3b12c9a923b7
rifle,M4A1,false,162792,160041,3,3,22,e2bf3b12c9a923b7
rifle,AK-47,false,172823,170822,2,2,23,e2bf3b12c9a923b7
pistol,Glock-18,false,8549,357,2,3,1,e2e1f4eaf176d94f
rifle,Galil AR,false,19704,17629,2,3,3,e2e1f4eaf176d94f
rifle,M4A4,false,34341,30685,3,3,5,e2e1f4eaf176d94f
rifle,M4A1,false,44661,41074,3,2,6,e2e1f4eaf176d94f
rifle,M4A1,false,57241,52077,3,3,7,e2e1f4eaf176d94f
rifle,AK-47,false,66013,63408,2,3,8,e2e1f4eaf176d94f
sniper,AWP,false,75911,73937,3,3,9,e2e1f4eaf176d94f
rifle,AK-47,false,86711,82751,2,2,10,e2e1f4eaf176d94f
rifle,AK-47,false,94938,90920,2,2,11,e2e1f4eaf176d94f
pistol,Glock-18,false,124004,109440,2,2,13,e2e1f4eaf176d94f
rifle,M4A1,false,151412,146236,3,3,16,e2e1f4eaf176d94f
rifle,M4A1,false,170446,167729,3,2,19,e2e1f4eaf176d94f
pistol,Dual Berettas,false,2905,67,3,3,1,e330e456b4db80a4
rifle,AK-47,false,35426,32753,2,2,5,e330e456b4db80a4
rifle,M4A1,false,54657,51243,3,3,7,e330e456b4db80a4
rifle,AK-47,false,60361,58256,3,3,8,e330e456b4db80a4
sniper,AWP,false,71688,69179,2,3,10,e330e456b4db80a4
rifle,AK-47,false,85658,83057,2,2,12,e330e456b4db80a4
pistol,Dual Berettas,false,95450,89155,3,3,13,e330e456b4db80a4
rifle,AK-47,false,105444,103169,2,2,15,e330e456b4db80a4
rifle,AK-47,false,125177,120894,2,3,17,e330e456b4db80a4
rifle,AK-47,false,135426,132184,3,2,19,e330e456b4db80a4
rifle,AK-47,false,145599,142685,2,3,20,e330e456b4db80a4
rifle,Galil AR,false,152392,150155,2,2,21,e330e456b4db80a4
rifle,AK-47,false,163803,156550,2,3,22,e330e456b4db80a4
pistol,Glock-18,false,3193,1,2,2,1,e35174bc8b5c3b9
rifle,AK-47,false,26717,23070,2,3,4,e35174bc8b5c3b9
rifle,AK-47,false,34112,31608,2,2,5,e35174bc8b5c3b9
sniper,AWP,false,42406,40223,3,3,6,e35174bc8b5c3b9
pistol,Tec-9,false,51253,47650,2,2,7,e35174bc8b5c3b9
sniper,AWP,false,58510,56537,3,3,8,e35174bc8b5c3b9
sniper,AWP,false,67634,65625,3,3,9,e35174bc8b5c3b9
rifle,AK-47,false,110616,87430,3,3,11,e35174bc8b5c3b9
pistol,USP-S,false,123731,120218,3,3,13,e35174bc8b5c3b9
rifle,AK-47,false,146037,143754,2,3,16,e35174bc8b5c3b9
rifle,M4A1,false,155535,152726,3,3,17,e35174bc8b5c3b9
rifle,M4A1,false,165239,161424,3,3,19,e35174bc8b5c3b9
pistol,P250,false,6842,4061,2,3,1,e3542081c758cc39
rifle,AK-47,false,19009,14957,2,2,3,e3542081c758cc39
rifle,AK-47,false,30525,24732,2,2,4,e3542081c758cc39
rifle,AK-47,false,55139,50368,2,2,7,e3542081c758cc39
rifle,AK-47,false,61330,59066,3,3,8,e3542081c758cc39
sniper,AWP,false,70226,67988,3,3,9,e3542081c758cc39
rifle,AK-47,false,78189,76097,3,3,10,e3542081c758cc39
rifle,AK-47,false,92049,87017,2,2,12,e3542081c758cc39
pistol,Glock-18,false,100267,97045,2,3,13,e3542081c758cc39
smg,MP9,false,112611,109636,3,3,15,e3542081c758cc39
sniper,AWP,false,126214,124407,2,3,17,e3542081c758cc39
rifle,AK-47,false,144440,142408,2,2,19,e3542081c758cc39
rifle,AK-47,false,167550,162192,2,2,21,e3542081c758cc39
sniper,AWP,false,176158,173725,2,2,22,e3542081c758cc39
rifle,M4A1,false,202352,194730,3,3,24,e3542081c758cc39
pistol,USP-S,false,3274,85,3,3,1,e46a1f71da43fd96
smg,MP9,false,12252,8457,3,2,3,e46a1f71da43fd96
smg,MP9,false,18699,16607,3,2,4,e46a1f71da43fd96
rifle,M4A1,false,30042,22340,3,2,5,e46a1f71da43fd96
rifle,AK-47,false,48595,46553,2,2,8,e46a1f71da43fd96
rifle,M4A1,false,68304,62053,3,3,10,e46a1f71da43fd96
sniper,AWP,false,81595,73495,3,3,12,e46a1f71da43fd96
pistol,USP-S,false,90570,83791,3,3,13,e46a1f71da43fd96
rifle,M4A4,false,109114,105259,3,2,16,e46a1f71da43fd96
rifle,AK-47,false,115639,111425,2,2,17,e46a1f71da43fd96
rifle,M4A1,false,129116,126665,3,2,19,e46a1f71da43fd96
sniper,AWP,false,146480,144226,2,2,21,e46a1f71da43fd96
sniper,AWP,false,158282,156438,2,3,22,e46a1f71da43fd96
rifle,AK-47,false,170862,165070,2,2,23,e46a1f71da43fd96
melee,Knife,false,1819,1,3,3,1,e5ace43e2b81803c
pistol,USP-S,false,6719,4475,3,3,3,e5ace43e2b81803c
rifle,AK-47,false,23943,21536,2,2,6,e5ace43e2b81803c
sniper,AWP,false,31472,28477,3,3,7,e5ace43e2b81803c
rifle,M4A1,false,45848,43598,3,3,9,e5ace43e2b81803c
rifle,AK-47,false,61051,58449,3,3,11,e5ace43e2b81803c
rifle,AK-47,false,71814,67010,3,3,12,e5ace43e2b81803c
sniper,AWP,false,85319,80984,3,3,14,e5ace43e2b81803c
pistol,USP-S,false,92818,89145,3,3,15,e5ace43e2b81803c
rifle,AK-47,false,107025,101976,2,2,17,e5ace43e2b81803c
pistol,USP-S,false,6382,117,3,3,1,e64b250d5f25d9ed
rifle,AK-47,false,29425,25315,2,3,4,e64b250d5f25d9ed
rifle,Galil AR,false,40512,38454,2,2,6,e64b250d5f25d9ed
rifle,AK-47,false,98164,45924,2,2,7,e64b250d5f25d9ed
sniper,AWP,false,120470,118927,2,2,10,e64b250d5f25d9ed
rifle,AK-47,false,139249,136917,2,2,12,e64b250d5f25d9ed
pistol,P250,false,146974,143735,2,2,13,e64b250d5f25d9ed
sniper,AWP,false,163443,160377,3,3,16,e64b250d5f25d9ed
rifle,M4A1,false,173537,165476,3,3,17,e64b250d5f25d9ed
sniper,SSG 08,false,195854,191884,2,2,20,e64b250d5f25d9ed
sniper,AWP,false,200392,198821,3,3,21,e64b250d5f25d9ed
sniper,AWP,false,229921,224417,3,3,24,e64b250d5f25d9ed
sniper,AWP,false,234438,231600,3,3,25,e64b250d5f25d9ed
rifle,AK-47,false,242693,239350,3,3,26,e64b250d5f25d9ed
rifle,AK-47,false,252843,246298,2,2,27,e64b250d5f25d9ed
rifle,AK-47,false,288409,255130,2,2,28,e64b250d5f25d9ed
sniper,AWP,false,292398,289942,2,2,29,e64b250d5f25d9ed
pistol,Dual Berettas,false,3040,1,3,3,1,e7a1c6d322024c54
rifle,Galil AR,false,21524,18623,2,3,4,e7a1c6d322024c54
rifle,AK-47,false,35660,31852,2,3,6,e7a1c6d322024c54
rifle,AK-47,false,49491,46905,2,3,8,e7a1c6d322024c54
pistol,Dual Berettas,false,90918,85507,3,3,13,e7a1c6d322024c54
rifle,AK-47,false,121298,116383,2,2,17,e7a1c6d322024c54
rifle,M4A1,false,146163,142077,3,3,20,e7a1c6d322024c54
rifle,AK-47,false,161309,156601,2,2,22,e7a1c6d322024c54
rifle,AK-47,false,169351,165347,2,2,23,e7a1c6d322024c54
rifle,AK-47,false,190822,184288,2,2,25,e7a1c6d322024c54
sniper,AWP,false,198137,194709,3,2,26,e7a1c6d322024c54
rifle,M4A4,false,207722,204426,3,3,27,e7a1c6d322024c54
rifle,AK-47,false,215671,213265,2,3,28,e7a1c6d322024c54
rifle,AK-47,false,226039,221265,2,2,29,e7a1c6d322024c54
rifle,AK-47,false,234454,231308,2,2,30,e7a1c6d322024c54
rifle,M4A1,false,243959,241346,3,3,31,e7a1c6d322024c54
rifle,M4A1,false,252970,249253,3,3,32,e7a1c6d322024c54
rifle,AK-47,false,264722,258460,3,2,33,e7a1c6d322024c54
rifle,AK-47,false,270265,267455,2,2,34,e7a1c6d322024c54
rifle,M4A1,false,277709,274729,3,3,35,e7a1c6d322024c54
rifle,AK-47,false,291095,283648,2,2,36,e7a1c6d322024c54
pistol,Tec-9,false,7373,5345,2,3,1,e7a2e289382096bd
rifle,AK-47,false,43885,39170,3,3,6,e7a2e289382096bd
smg,MP9,false,72695,70632,3,3,10,e7a2e289382096bd
rifle,AK-47,false,88465,83904,2,2,12,e7a2e289382096bd
pistol,Glock-18,false,95287,92631,2,2,13,e7a2e289382096bd
rifle,M4A1,false,120647,116755,3,2,16,e7a2e289382096bd
pistol,USP-S,false,846,1,3,3,1,e83d3bbfedc9df7a
sniper,AWP,false,36961,30733,3,2,5,e83d3bbfedc9df7a
rifle,AK-47,false,61904,52875,2,2,7,e83d3bbfedc9df7a
sniper,AWP,false,77876,75866,3,2,9,e83d3bbfedc9df7a
rifle,AK-47,false,94700,92698,2,2,11,e83d3bbfedc9df7a
pistol,Glock-18,false,113970,109649,2,3,13,e83d3bbfedc9df7a
pistol,P250,false,2596,96,2,2,1,e84bb6eb99f991ea
rifle,AK-47,false,21104,18353,2,3,5,e84bb6eb99f991ea
rifle,AK-47,false,37639,32927,2,3,7,e84bb6eb99f991ea
sniper,AWP,false,51605,46934,3,3,9,e84bb6eb99f991ea
grenade,HE Grenade,false,63211,59608,3,3,10,e84bb6eb99f991ea
rifle,AK-47,false,72302,69710,3,3,12,e84bb6eb99f991ea
pistol,USP-S,false,76500,73261,3,2,13,e84bb6eb99f991ea
pistol,USP-S,false,2845,61,3,3,1,e89633500c24ccd
rifle,AK-47,false,10493,8536,2,2,3,e89633500c24ccd
rifle,AK-47,false,22278,18149,3,3,4,e89633500c24ccd
rifle,AK-47,false,31216,27012,2,2,5,e89633500c24ccd
sniper,AWP,false,59498,57002,2,2,8,e89633500c24ccd
smg,MP9,false,81884,67671,3,3,10,e89633500c24ccd
rifle,AK-47,false,89027,86506,2,3,11,e89633500c24ccd
pistol,Glock-18,false,105036,102586,2,2,13,e89633500c24ccd
rifle,M4A1,false,117966,115811,3,3,15,e89633500c24ccd
rifle,AK-47,false,123409,120474,2,3,16,e89633500c24ccd
rifle,AK-47,false,136647,134319,2,2,18,e89633500c24ccd
rifle,AK-47,false,155327,151829,2,2,21,e89633500c24ccd
rifle,AK-47,false,160863,157549,2,2,22,e89633500c24ccd
rifle,M4A1,false,170413,164572,3,2,23,e89633500c24ccd
pistol,P250,false,10397,375,2,2,1,e8f474c3c333dd85
rifle,M4A1,false,49651,44503,3,3,4,e8f474c3c333dd85
smg,MAC-10,false,55966,52386,2,3,5,e8f474c3c333dd85
rifle,AK-47,false,67474,64642,3,3,7,e8f474c3c333dd85
sniper,AWP,false,84340,82064,3,2,9,e8f474c3c333dd85
rifle,AK-47,false,98240,93000,2,2,10,e8f474c3c333dd85
rifle,M4A1,false,105072,101625,3,2,11,e8f474c3c333dd85
shotgun,XM1014,false,113563,109897,3,3,12,e8f474c3c333dd85
pistol,Dual Berettas,false,131345,117894,3,3,13,e8f474c3c333dd85
rifle,AK-47,false,165325,162896,2,2,18,e8f474c3c333dd85
rifle,Galil AR,false,177170,173351,2,2,19,e8f474c3c333dd85
rifle,M4A1,false,197725,193942,3,3,21,e8f474c3c333dd85
rifle,AK-47,false,205046,200918,2,2,22,e8f474c3c333dd85
rifle,M4A1,false,226171,222506,3,3,24,e8f474c3c333dd85
rifle,AK-47,false,233532,230431,2,2,25,e8f474c3c333dd85
rifle,M4A1,false,244441,237335,3,2,26,e8f474c3c333dd85
rifle,M4A1,false,253306,248826,3,3,27,e8f474c3c333dd85
sniper,AWP,false,265562,258014,3,3,28,e8f474c3c333dd85
sniper,AWP,false,274362,271507,2,2,29,e8f474c3c333dd85
sniper,AWP,false,284255,282206,3,3,30,e8f474c3c333dd85
pistol,USP-S,false,7643,52,3,3,1,e998a7363f8a47c5
rifle,M4A1,false,40013,37433,3,3,5,e998a7363f8a47c5
rifle,M4A1,false,49815,43762,3,3,6,e998a7363f8a47c5
rifle,AK-47,false,63507,61465,2,2,8,e998a7363f8a47c5
rifle,M4A1,false,81706,77963,3,3,10,e998a7363f8a47c5
rifle,AK-47,false,98234,96177,2,2,12,e998a7363f8a47c5
pistol,P250,false,107503,103853,2,2,13,e998a7363f8a47c5
sniper,AWP,false,136704,134950,3,3,17,e998a7363f8a47c5
rifle,AK-47,false,159809,155233,2,3,20,e998a7363f8a47c5
rifle,M4A4,false,177921,171243,3,3,22,e998a7363f8a47c5
pistol,Glock-18,false,5517,10,2,2,1,e9bbf2ce87ebb9e5
pistol,USP-S,false,1985,1,3,3,1,eae6dc83883100f7
sniper,AWP,false,45554,43610,3,3,8,eae6dc83883100f7
rifle,AK-47,false,55155,50689,2,3,9,eae6dc83883100f7
rifle,AK-47,false,68291,65533,3,2,11,eae6dc83883100f7
rifle,AK-47,false,73501,71411,2,3,12,eae6dc83883100f7
pistol,USP-S,false,84458,81417,3,3,13,eae6dc83883100f7
pistol,Glock-18,false,9162,6311,2,2,1,eb5a051f41238642
rifle,M4A1,false,76057,68835,3,3,8,eb5a051f41238642
sniper,AWP,false,93360,89776,3,3,10,eb5a051f41238642
pistol,USP-S,false,123012,117339,3,3,13,eb5a051f41238642
smg,MP9,false,159315,152682,3,2,17,eb5a051f41238642
melee,Knife,false,3577,805,2,3,1,ece49016c38ed070
pistol,Dual Berettas,false,9602,6394,3,3,3,ece49016c38ed070
sniper,AWP,false,18386,16409,3,3,5,ece49016c38ed070
sniper,AWP,false,34587,32688,2,2,7,ece49016c38ed070
rifle,AK-47,false,48082,43684,2,2,8,ece49016c38ed070
rifle,M4A1,false,60015,53327,3,3,9,ece49016c38ed070
rifle,M4A4,false,65965,62415,3,3,10,ece49016c38ed070
sniper,AWP,false,76972,71854,3,3,11,ece49016c38ed070
rifle,AK-47,false,89123,86933,2,2,13,ece49016c38ed070
rifle,AK-47,false,94212,91894,2,3,14,ece49016c38ed070
pistol,Glock-18,false,104403,100444,2,2,15,ece49016c38ed070
pistol,Glock-18,false,20916,1018,2,3,1,ecf6cb964847c53f
sniper,AWP,false,48969,46381,3,2,5,ecf6cb964847c53f
rifle,M4A1,false,65324,61557,3,2,7,ecf6cb964847c53f
rifle,AK-47,false,79597,72861,2,2,8,ecf6cb964847c53f
sniper,AWP,false,87181,85096,2,3,9,ecf6cb964847c53f
rifle,AK-47,false,109699,107475,2,2,12,ecf6cb964847c53f
pistol,Dual Berettas,false,129627,116895,3,3,13,ecf6cb964847c53f
rifle,M4A4,false,154944,152167,2,2,17,ecf6cb964847c53f
rifle,AK-47,false,172505,169464,2,2,19,ecf6cb964847c53f
rifle,M4A1,false,184508,181722,3,2,21,ecf6cb964847c53f
pistol,USP-S,false,8137,5183,3,3,1,edbafc84cda128bd
rifle,Galil AR,false,42576,37177,3,3,5,edbafc84cda128bd
rifle,AK-47,false,59028,54893,3,3,7,edbafc84cda128bd
rifle,M4A1,false,78525,75172,3,3,9,edbafc84cda128bd
rifle,Galil AR,false,93256,86012,2,2,10,edbafc84cda128bd
sniper,AWP,false,99508,97075,3,3,11,edbafc84cda128bd
sniper,AWP,false,109960,105744,2,2,12,edbafc84cda128bd
pistol,Glock-18,false,118762,116107,2,3,13,edbafc84cda128bd
smg,MAC-10,false,139333,135591,2,2,16,edbafc84cda128bd
sniper,AWP,false,147894,144869,3,3,17,edbafc84cda128bd
sniper,AWP,false,167165,163045,3,2,19,edbafc84cda128bd
rifle,M4A1,false,173917,171696,3,2,20,edbafc84cda128bd
rifle,AK-47,false,184365,181909,2,3,21,edbafc84cda128bd
pistol,USP-S,false,8630,3661,3,3,1,edcd62cbccc337c2
rifle,AK-47,false,35744,32342,2,3,4,edcd62cbccc337c2
rifle,M4A1,false,62582,60423,3,3,8,edcd62cbccc337c2
rifle,AK-47,false,70897,65988,2,2,9,edcd62cbccc337c2
rifle,AK-47,false,86417,83928,2,2,11,edcd62cbccc337c2
rifle,AK-47,false,92558,90266,2,2,12,edcd62cbccc337c2
pistol,Glock-18,false,97791,95333,2,2,13,edcd62cbccc337c2
rifle,M4A1,false,111084,108304,3,3,15,edcd62cbccc337c2
rifle,M4A4,false,119341,113850,3,2,16,edcd62cbccc337c2
rifle,AK-47,false,128680,125262,2,3,18,edcd62cbccc337c2
sniper,AWP,false,133819,129983,3,3,19,edcd62cbccc337c2
rifle,AK-47,false,150265,147713,2,2,21,edcd62cbccc337c2
rifle,M4A1,false,166899,164140,3,3,23,edcd62cbccc337c2
smg,MP9,false,176169,171467,3,2,24,edcd62cbccc337c2
rifle,AK-47,false,182249,179491,2,2,25,edcd62cbccc337c2
sniper,AWP,false,192105,186888,2,2,26,edcd62cbccc337c2
world,World,false,208183,196353,3,3,27,edcd62cbccc337c2
rifle,AK-47,false,230912,225473,2,2,28,edcd62cbccc337c2
sniper,AWP,false,236468,233945,3,2,29,edcd62cbccc337c2
sniper,AWP,false,243586,239643,2,3,30,edcd62cbccc337c2
sniper,AWP,false,258062,247676,2,2,31,edcd62cbccc337c2
rifle,AK-47,false,263061,260998,2,2,32,edcd62cbccc337c2
rifle,AK-47,false,270368,268256,2,3,33,edcd62cbccc337c2
rifle,M4A1,false,278340,275530,3,2,34,edcd62cbccc337c2
rifle,AK-47,false,285986,283717,2,3,35,edcd62cbccc337c2
grenade,HE Grenade,false,293597,291325,3,3,36,edcd62cbccc337c2
pistol,P250,false,8593,5981,2,2,1,ede1b15d4aacbfeb
sniper,AWP,false,21142,18367,3,3,3,ede1b15d4aacbfeb
rifle,M4A1,false,26305,22397,3,3,4,ede1b15d4aacbfeb
rifle,AK-47,false,36939,34257,2,2,6,ede1b15d4aacbfeb
rifle,AK-47,false,44479,42484,2,2,7,ede1b15d4aacbfeb
rifle,M4A1,false,55201,52746,3,3,9,ede1b15d4aacbfeb
rifle,AK-47,false,63915,61834,3,3,10,ede1b15d4aacbfeb
sniper,AWP,false,76739,71120,2,3,11,ede1b15d4aacbfeb
pistol,Glock-18,false,88551,86255,2,3,13,ede1b15d4aacbfeb
rifle,AK-47,false,131849,130041,2,2,19,ede1b15d4aacbfeb
pistol,Dual Berettas,false,3182,121,3,3,1,ee2cfa583112bbed
rifle,AK-47,false,29816,25965,2,2,5,ee2cfa583112bbed
sniper,AWP,false,42105,38699,3,2,7,ee2cfa583112bbed
sniper,AWP,false,51168,49595,2,2,8,ee2cfa583112bbed
rifle,AK-47,false,61991,59412,2,2,9,ee2cfa583112bbed
rifle,FAMAS,false,73626,69871,3,3,10,ee2cfa583112bbed
sniper,AWP,false,83468,78831,3,3,11,ee2cfa583112bbed
rifle,AK-47,false,93524,87243,2,2,12,ee2cfa583112bbed
pistol,USP-S,false,100430,96191,3,2,13,ee2cfa583112bbed
rifle,Galil AR,false,113093,109532,2,2,15,ee2cfa583112bbed
rifle,M4A1,false,133970,123900,3,3,17,ee2cfa583112bbed
sniper,AWP,false,147403,139037,3,2,18,ee2cfa583112bbed
rifle,M4A1,false,165188,161783,3,3,20,ee2cfa583112bbed
sniper,AWP,false,168676,167052,2,2,21,ee2cfa583112bbed
sniper,AWP,false,185126,179397,3,3,22,ee2cfa583112bbed
grenade,HE Grenade,false,200358,195183,3,3,24,ee2cfa583112bbed
pistol,Glock-18,false,9407,356,2,3,1,ee5f8be378a7deef
rifle,M4A1,false,25357,20209,3,3,3,ee5f8be378a7deef
rifle,AK-47,false,36461,34339,3,2,5,ee5f8be378a7deef
rifle,M4A4,false,50595,45324,3,2,6,ee5f8be378a7deef
sniper,AWP,false,74820,69010,3,3,8,ee5f8be378a7deef
rifle,M4A4,false,99315,94292,2,2,11,ee5f8be378a7deef
pistol,USP-S,false,130363,111803,3,2,13,ee5f8be378a7deef
rifle,M4A4,false,153653,151167,3,3,16,ee5f8be378a7deef
rifle,AK-47,false,159528,157575,2,2,17,ee5f8be378a7deef
rifle,M4A1,false,185868,179353,3,3,19,ee5f8be378a7deef
rifle,AK-47,false,189800,187288,3,2,20,ee5f8be378a7deef
rifle,M4A1,false,202712,199771,3,2,21,ee5f8be378a7deef
pistol,USP-S,false,3608,12,3,3,1,ee9898773ef07a6a
pistol,Glock-18,false,1809,1,2,2,1,ef0a2055d4debc35
rifle,M4A4,false,10317,8278,3,2,3,ef0a2055d4debc35
sniper,AWP,false,49526,46722,3,3,5,ef0a2055d4debc35
rifle,M4A1,false,56531,53878,3,2,6,ef0a2055d4debc35
sniper,AWP,false,63993,60832,3,2,7,ef0a2055d4debc35
rifle,AK-47,false,72104,70031,2,2,8,ef0a2055d4debc35
rifle,AK-47,false,82156,79307,2,2,9,ef0a2055d4debc35
rifle,AK-47,false,90420,87441,2,2,10,ef0a2055d4debc35
rifle,AK-47,false,105056,102814,2,2,12,ef0a2055d4debc35
pistol,USP-S,false,114454,111499,3,3,13,ef0a2055d4debc35
pistol,Glock-18,false,12656,9224,2,2,1,ef76fcf08c9c41d4
rifle,Galil AR,false,21743,19479,2,3,3,ef76fcf08c9c41d4
rifle,M4A1,false,42613,38143,3,3,6,ef76fcf08c9c41d4
sniper,AWP,false,46478,44524,3,3,7,ef76fcf08c9c41d4
rifle,M4A1,false,80396,75743,2,2,11,ef76fcf08c9c41d4
pistol,USP-S,false,93417,89324,3,2,13,ef76fcf08c9c41d4
rifle,AK-47,false,102940,100606,2,2,15,ef76fcf08c9c41d4
sniper,AWP,false,121437,115945,3,3,17,ef76fcf08c9c41d4
rifle,M4A1,false,131842,127273,3,3,18,ef76fcf08c9c41d4
rifle,AK-47,false,144493,139416,3,3,20,ef76fcf08c9c41d4
melee,Knife,false,12685,367,3,3,1,efd578ffadcb2e1a
rifle,M4A1,false,27674,23146,3,3,3,efd578ffadcb2e1a
rifle,AK-47,false,42731,40114,2,2,5,efd578ffadcb2e1a
grenade,Molotov,false,53182,49429,2,2,6,efd578ffadcb2e1a
rifle,AK-47,false,66452,61740,2,2,8,efd578ffadcb2e1a
sniper,AWP,false,88072,84482,3,3,10,efd578ffadcb2e1a
rifle,AK-47,false,95576,91285,3,3,11,efd578ffadcb2e1a
pistol,USP-S,false,119169,105108,3,3,13,efd578ffadcb2e1a
rifle,M4A1,false,139474,132714,3,2,16,efd578ffadcb2e1a
rifle,AK-47,false,149395,145725,2,2,17,efd578ffadcb2e1a
rifle,M4A1,false,167244,162875,3,3,19,efd578ffadcb2e1a
rifle,AK-47,false,178744,173991,2,2,20,efd578ffadcb2e1a
sniper,AWP,false,190619,185427,2,2,22,efd578ffadcb2e1a
pistol,USP-S,false,6979,1018,3,2,1,efdf4f2365128a77
rifle,AK-47,false,17225,15334,2,2,3,efdf4f2365128a77
sniper,AWP,false,34514,31990,3,3,5,efdf4f2365128a77
rifle,AK-47,false,41758,38686,2,3,6,efdf4f2365128a77
rifle,M4A4,false,51446,47646,3,2,7,efdf4f2365128a77
rifle,M4A1,false,61425,58690,3,3,8,efdf4f2365128a77
sniper,AWP,false,70481,65447,3,3,9,efdf4f2365128a77
rifle,AK-47,false,78347,76088,2,2,11,efdf4f2365128a77
rifle,AK-47,false,85627,81253,2,2,12,efdf4f2365128a77
pistol,Glock-18,false,100851,89799,2,2,13,efdf4f2365128a77
smg,MP9,false,113171,110694,3,3,15,efdf4f2365128a77
rifle,AK-47,false,126673,121733,2,2,17,efdf4f2365128a77
smg,MP9,false,171828,162981,3,2,21,efdf4f2365128a77
rifle,AK-47,false,180209,177043,2,3,22,efdf4f2365128a77
pistol,USP-S,false,12768,352,3,3,1,efef0fbfef41a301
rifle,M4A1,false,41996,37798,3,3,4,efef0fbfef41a301
rifle,AK-47,false,49878,46886,3,2,5,efef0fbfef41a301
rifle,Galil AR,false,60333,56844,2,2,6,efef0fbfef41a301
sniper,AWP,false,74229,69458,3,3,7,efef0fbfef41a301
rifle,AK-47,false,80957,78546,2,3,8,efef0fbfef41a301
rifle,M4A1,false,94165,91502,3,3,10,efef0fbfef41a301
rifle,AK-47,false,106948,103546,3,3,12,efef0fbfef41a301
pistol,Glock-18,false,127491,112851,2,2,13,efef0fbfef41a301
rifle,AK-47,false,173345,169297,3,2,18,efef0fbfef41a301
pistol,Glock-18,false,3665,76,2,2,1,f0706bd9d0abc1fe
sniper,AWP,false,14052,9134,2,2,3,f0706bd9d0abc1fe
sniper,AWP,false,26693,23901,2,2,5,f0706bd9d0abc1fe
sniper,AWP,false,44915,42400,3,3,7,f0706bd9d0abc1fe
rifle,M4A4,false,54171,51360,3,3,8,f0706bd9d0abc1fe
rifle,AK-47,false,64862,60957,2,3,9,f0706bd9d0abc1fe
sniper,AWP,false,77152,75219,2,2,11,f0706bd9d0abc1fe
sniper,AWP,false,82990,79635,2,2,12,f0706bd9d0abc1fe
pistol,USP-S,false,87829,84974,3,3,13,f0706bd9d0abc1fe
rifle,AK-47,false,99673,96099,2,3,15,f0706bd9d0abc1fe
rifle,M4A1,false,113538,109184,3,2,17,f0706bd9d0abc1fe
rifle,M4A1,false,120330,117317,3,3,18,f0706bd9d0abc1fe
rifle,M4A1,false,125941,123604,3,3,19,f0706bd9d0abc1fe
pistol,USP-S,false,2713,81,3,2,1,f105089e01a366e2
rifle,AK-47,false,57820,51965,2,2,7,f105089e01a366e2
rifle,AK-47,false,67996,61530,2,2,8,f105089e01a366e2
sniper,AWP,false,78814,77030,3,3,10,f105089e01a366e2
rifle,AK-47,false,91517,88095,2,2,11,f105089e01a366e2
rifle,M4A1,false,101551,98187,3,2,12,f105089e01a366e2
pistol,Dual Berettas,false,108028,104455,3,3,13,f105089e01a366e2
rifle,AK-47,false,120594,118320,2,2,15,f105089e01a366e2
rifle,M4A1,false,133233,126904,3,3,16,f105089e01a366e2
rifle,AK-47,false,148784,143242,3,3,18,f105089e01a366e2
sniper,AWP,false,159288,157257,2,2,20,f105089e01a366e2
pistol,Glock-18,false,5451,111,2,2,1,f1155c4667055301
rifle,M4A1,false,27589,25179,3,3,5,f1155c4667055301
rifle,M4A4,false,40102,36785,3,2,7,f1155c4667055301
rifle,AK-47,false,49948,43615,2,2,8,f1155c4667055301
rifle,AK-47,false,55936,53846,2,3,9,f1155c4667055301
rifle,M4A1,false,81648,77948,3,3,12,f1155c4667055301
pistol,USP-S,false,89951,85900,3,3,13,f1155c4667055301
rifle,AK-47,false,143662,138091,2,2,20,f1155c4667055301
rifle,AK-47,false,152059,149472,2,3,21,f1155c4667055301
rifle,M4A1,false,159800,157243,3,2,22,f1155c4667055301
pistol,USP-S,false,6414,3899,3,3,1,f24a8a0c8d3af7fd
smg,MAC-10,false,31303,29122,2,2,5,f24a8a0c8d3af7fd
rifle,AK-47,false,54677,50704,2,2,7,f24a8a0c8d3af7fd
rifle,AK-47,false,73098,67723,2,3,9,f24a8a0c8d3af7fd
sniper,AWP,false,76800,74734,2,2,10,f24a8a0c8d3af7fd
rifle,AK-47,false,85064,82014,2,2,11,f24a8a0c8d3af7fd
pistol,USP-S,false,100413,96910,3,3,13,f24a8a0c8d3af7fd
sniper,AWP,false,150021,148205,3,3,19,f24a8a0c8d3af7fd
pistol,Glock-18,false,6505,3472,2,2,1,f273210b73cb7256
rifle,AK-47,false,23512,19909,2,2,3,f273210b73cb7256
sniper,AWP,false,47850,43142,3,3,6,f273210b73cb7256
rifle,M4A1,false,54873,51933,3,3,7,f273210b73cb7256
rifle,M4A1,false,75870,71809,3,3,9,f273210b73cb7256
rifle,M4A1,false,95633,89218,3,3,11,f273210b73cb7256
pistol,Glock-18,false,110012,107203,2,2,13,f273210b73cb7256
pistol,P250,false,4147,111,2,2,1,f280a7aeb507148e
rifle,M4A1,false,22950,18945,3,3,4,f280a7aeb507148e
rifle,AK-47,false,52053,29543,2,2,5,f280a7aeb507148e
rifle,AK-47,false,66482,64063,2,2,7,f280a7aeb507148e
sniper,AWP,false,77641,73075,3,2,8,f280a7aeb507148e
rifle,AK-47,false,87020,83818,2,3,9,f280a7aeb507148e
rifle,M4A1,false,96156,92778,3,2,10,f280a7aeb507148e
rifle,AK-47,false,111371,109008,2,2,12,f280a7aeb507148e
pistol,Dual Berettas,false,117202,114182,3,2,13,f280a7aeb507148e
rifle,AK-47,false,130950,126262,2,3,15,f280a7aeb507148e
rifle,M4A4,false,141780,138036,3,3,16,f280a7aeb507148e
rifle,AK-47,false,182409,179819,2,2,18,f280a7aeb507148e
rifle,M4A4,false,198987,193754,3,2,20,f280a7aeb507148e
rifle,M4A4,false,213777,211257,3,3,22,f280a7aeb507148e
world,World,false,223282,220202,2,3,23,f280a7aeb507148e
pistol,USP-S,false,3065,1,3,3,1,f32782b18168feb2
rifle,M4A1,false,61983,58157,3,3,9,f32782b18168feb2
rifle,AK-47,false,78167,75415,2,3,11,f32782b18168feb2
pistol,Glock-18,false,104886,91537,2,3,13,f32782b18168feb2
rifle,M4A4,false,180487,175503,3,3,24,f32782b18168feb2
rifle,AK-47,false,187408,184981,2,3,25,f32782b18168feb2
rifle,AK-47,false,194625,191958,2,3,26,f32782b18168feb2
sniper,AWP,false,202325,200126,3,2,27,f32782b18168feb2
rifle,AK-47,false,209548,205720,2,2,28,f32782b18168feb2
rifle,AK-47,false,216471,212031,2,3,29,f32782b18168feb2
rifle,AK-47,false,225598,219740,3,3,30,f32782b18168feb2
rifle,AK-47,false,230834,228486,2,3,31,f32782b18168feb2
rifle,AK-47,false,242157,236837,3,3,32,f32782b18168feb2
rifle,AK-47,false,248867,246007,3,3,33,f32782b18168feb2
rifle,M4A1,false,255866,250569,3,3,34,f32782b18168feb2
rifle,AK-47,false,260173,258056,3,3,35,f32782b18168feb2
rifle,AK-47,false,266752,264663,2,2,36,f32782b18168feb2
pistol,USP-S,false,10691,5420,3,3,1,f32f48049ea13968
pistol,Tec-9,false,21716,19598,2,3,3,f32f48049ea13968
pistol,Glock-18,false,86180,83552,2,3,13,f32f48049ea13968
rifle,M4A4,false,128060,125685,3,3,18,f32f48049ea13968
rifle,AK-47,false,149548,143873,2,2,21,f32f48049ea13968
pistol,Glock-18,false,12066,5978,2,2,1,f3818ed6890c4ee3
rifle,M4A1,false,25718,20961,3,3,3,f3818ed6890c4ee3
rifle,AK-47,false,31781,29582,2,2,4,f3818ed6890c4ee3
rifle,M4A1,false,42589,37046,3,3,5,f3818ed6890c4ee3
rifle,M4A1,false,52228,47438,3,2,6,f3818ed6890c4ee3
sniper,AWP,false,70090,66631,3,2,8,f3818ed6890c4ee3
rifle,AK-47,false,90471,86580,2,2,10,f3818ed6890c4ee3
pistol,Dual Berettas,false,117777,113170,3,3,13,f3818ed6890c4ee3
rifle,AK-47,false,129630,126750,2,2,15,f3818ed6890c4ee3
rifle,M4A1,false,142135,136582,3,3,16,f3818ed6890c4ee3
pistol,Dual Berettas,false,6901,1,3,2,1,f3a209789b9e1563
smg,MAC-10,false,21109,18849,2,2,3,f3a209789b9e1563
sniper,AWP,false,36984,33859,3,3,5,f3a209789b9e1563
rifle,M4A1,false,53965,48332,3,3,7,f3a209789b9e1563
pistol,Dual Berettas,false,103614,89978,3,3,13,f3a209789b9e1563
pistol,USP-S,false,1519,1,3,3,1,f3f7d892f3ff218
rifle,AK-47,false,15274,11802,2,2,3,f3f7d892f3ff218
rifle,M4A1,false,32991,29545,3,3,5,f3f7d892f3ff218
sniper,AWP,false,41428,39587,2,3,7,f3f7d892f3ff218
sniper,AWP,false,52474,50088,3,3,9,f3f7d892f3ff218
rifle,AK-47,false,63363,60538,2,3,11,f3f7d892f3ff218
rifle,AK-47,false,70605,67179,2,2,12,f3f7d892f3ff218
pistol,CZ75 Auto,false,81604,75040,2,2,13,f3f7d892f3ff218
world,World,false,4387,75,2,2,1,f402302ddb781ab3
rifle,AK-47,false,42373,37716,3,3,6,f402302ddb781ab3
rifle,AK-47,false,57474,55014,2,2,8,f402302ddb781ab3
rifle,M4A4,false,67728,64443,3,3,9,f402302ddb781ab3
grenade,HE Grenade,false,72036,68657,2,2,10,f402302ddb781ab3
sniper,AWP,false,82092,79836,3,2,11,f402302ddb781ab3
rifle,AK-47,false,90024,87052,2,2,12,f402302ddb781ab3
pistol,USP-S,false,98925,95811,3,3,13,f402302ddb781ab3
rifle,AK-47,false,142015,137407,2,2,18,f402302ddb781ab3
rifle,M4A1,false,151353,148032,3,3,19,f402302ddb781ab3
rifle,M4A1,false,164367,158095,3,3,20,f402302ddb781ab3
pistol,Dual Berettas,false,3004,115,3,3,1,f419c1b7c8dcac90
rifle,AK-47,false,34455,31142,3,3,5,f419c1b7c8dcac90
rifle,AK-47,false,42469,37241,3,3,6,f419c1b7c8dcac90
rifle,M4A4,false,53123,49988,3,2,8,f419c1b7c8dcac90
sniper,AWP,false,68028,65775,2,2,10,f419c1b7c8dcac90
grenade,HE Grenade,false,75530,73171,3,2,11,f419c1b7c8dcac90
rifle,M4A4,false,83155,80185,3,3,12,f419c1b7c8dcac90
pistol,USP-S,false,90552,87446,3,3,13,f419c1b7c8dcac90
smg,MP9,false,104805,102562,3,3,15,f419c1b7c8dcac90
rifle,Galil AR,false,119566,117188,2,2,17,f419c1b7c8dcac90
rifle,AK-47,false,137032,133022,2,2,19,f419c1b7c8dcac90
sniper,AWP,false,155871,153783,3,3,21,f419c1b7c8dcac90
rifle,M4A1,false,165171,162743,3,2,22,f419c1b7c8dcac90
rifle,M4A1,false,182303,175467,3,3,23,f419c1b7c8dcac90
rifle,AK-47,false,189805,185466,2,2,24,f419c1b7c8dcac90
rifle,M4A1,false,197303,192110,3,3,25,f419c1b7c8dcac90
rifle,AK-47,false,204447,202304,3,3,26,f419c1b7c8dcac90
rifle,AK-47,false,212780,210254,2,3,27,f419c1b7c8dcac90
sniper,AWP,false,220719,215430,3,3,28,f419c1b7c8dcac90
rifle,AK-47,false,230795,225243,2,2,29,f419c1b7c8dcac90
pistol,Glock-18,false,3262,1,2,2,1,f42b390caf907f03
rifle,AK-47,false,51988,49928,3,3,8,f42b390caf907f03
rifle,M4A1,false,61554,59829,3,3,10,f42b390caf907f03
pistol,Glock-18,false,2497,1,2,3,1,f438fc58aa486c5
pistol,Glock-18,false,3050,1,2,3,1,f4717d3bec87a9f5
rifle,M4A1,false,36892,29593,3,3,6,f4717d3bec87a9f5
rifle,AK-47,true,53140,50357,2,3,8,f4717d3bec87a9f5
rifle,AK-47,false,61810,59434,2,2,9,f4717d3bec87a9f5
pistol,P2000,false,93428,90692,3,3,13,f4717d3bec87a9f5
rifle,M4A1,false,115109,112909,3,2,17,f4717d3bec87a9f5
sniper,AWP,false,127296,121388,3,3,18,f4717d3bec87a9f5
rifle,AK-47,false,132743,130619,3,3,19,f4717d3bec87a9f5
rifle,M4A4,false,163338,158901,3,3,23,f4717d3bec87a9f5
pistol,Glock-18,false,3793,1010,2,2,1,f56f6d6959f09572
smg,MAC-10,false,33586,31299,2,2,4,f56f6d6959f09572
rifle,AK-47,false,52036,49693,2,3,6,f56f6d6959f09572
grenade,HE Grenade,false,58698,55973,3,3,7,f56f6d6959f09572
rifle,AK-47,false,75118,67534,3,3,8,f56f6d6959f09572
rifle,AK-47,false,89010,86730,2,2,10,f56f6d6959f09572
rifle,M4A1,false,99139,96765,3,3,11,f56f6d6959f09572
rifle,AK-47,false,111289,104607,2,2,12,f56f6d6959f09572
pistol,USP-S,false,120246,114092,3,2,13,f56f6d6959f09572
rifle,AK-47,false,128125,125701,2,3,15,f56f6d6959f09572
rifle,AK-47,false,142707,139965,2,2,17,f56f6d6959f09572
sniper,AWP,false,182481,176393,3,3,21,f56f6d6959f09572
pistol,Glock-18,false,14412,7075,2,3,1,f68d4aa10d3c15fc
smg,MP9,false,25251,21797,3,3,3,f68d4aa10d3c15fc
rifle,AK-47,false,41117,39052,2,3,5,f68d4aa10d3c15fc
rifle,AK-47,false,53082,50435,2,3,7,f68d4aa10d3c15fc
rifle,AK-47,false,72555,69606,2,3,9,f68d4aa10d3c15fc
rifle,M4A1,false,80640,74839,3,3,10,f68d4aa10d3c15fc
grenade,Molotov,false,94953,91238,2,2,12,f68d4aa10d3c15fc
pistol,P250,false,113651,98260,2,3,13,f68d4aa10d3c15fc
pistol,Glock-18,false,2923,105,2,2,1,f703badc67aea0fe
rifle,Galil AR,false,25211,22500,2,2,5,f703badc67aea0fe
rifle,AK-47,false,34690,31317,2,2,6,f703badc67aea0fe
rifle,AK-47,false,56331,53922,2,2,9,f703badc67aea0fe
rifle,M4A1,false,82271,79267,3,3,12,f703badc67aea0fe
pistol,Glock-18,false,86247,83568,2,3,13,f703badc67aea0fe
rifle,M4A1,false,102732,99909,3,2,16,f703badc67aea0fe
rifle,AK-47,false,117683,115337,2,2,18,f703badc67aea0fe
pistol,Glock-18,false,3212,67,2,3,1,f7c9277945f487de
smg,MP9,false,13623,11404,3,3,3,f7c9277945f487de
rifle,M4A1,false,29664,27351,3,3,5,f7c9277945f487de
rifle,M4A1,false,46375,42973,3,3,7,f7c9277945f487de
sniper,AWP,false,60637,58497,2,3,9,f7c9277945f487de
rifle,AK-47,false,73899,70424,3,2,11,f7c9277945f487de
rifle,AK-47,false,82182,80262,2,3,12,f7c9277945f487de
pistol,USP-S,false,92946,90107,3,2,13,f7c9277945f487de
rifle,AK-47,false,111846,108967,2,2,17,f7c9277945f487de
sniper,AWP,false,117538,115484,3,3,18,f7c9277945f487de
rifle,AK-47,false,132623,130515,3,3,20,f7c9277945f487de
rifle,AK-47,false,146736,144473,2,2,22,f7c9277945f487de
pistol,USP-S,false,1095,1,3,3,1,f84a029cd835cc79
rifle,AK-47,false,55981,52403,3,2,5,f84a029cd835cc79
rifle,AK-47,false,60970,58933,2,2,6,f84a029cd835cc79
rifle,AK-47,false,73009,70697,2,2,7,f84a029cd835cc79
rifle,M4A1,false,81615,78847,3,3,8,f84a029cd835cc79
rifle,AK-47,false,92333,89797,2,2,9,f84a029cd835cc79
rifle,M4A1,false,100930,98785,3,3,10,f84a029cd835cc79
rifle,M4A1,false,106617,104580,3,3,11,f84a029cd835cc79
rifle,AK-47,false,112092,109760,2,2,12,f84a029cd835cc79
pistol,Dual Berettas,false,127409,120130,3,2,13,f84a029cd835cc79
rifle,AK-47,false,145866,143825,2,3,16,f84a029cd835cc79
rifle,M4A1,false,174262,172035,3,3,20,f84a029cd835cc79
pistol,USP-S,false,3057,105,3,2,1,f8eb96495879106
rifle,M4A1,false,34241,29205,3,3,5,f8eb96495879106
rifle,AK-47,false,62672,60471,2,3,9,f8eb96495879106
rifle,AK-47,false,71785,69431,2,3,10,f8eb96495879106
rifle,AK-47,false,83473,80459,2,2,12,f8eb96495879106
pistol,Dual Berettas,false,92922,89922,3,2,13,f8eb96495879106
rifle,AK-47,false,139481,135857,2,2,18,f8eb96495879106
sniper,AWP,false,161785,159858,2,2,21,f8eb96495879106
pistol,USP-S,false,3740,70,3,3,1,f930cbc2345c0f13
rifle,AK-47,false,29463,27110,2,2,5,f930cbc2345c0f13
rifle,AK-47,false,53223,48092,2,3,8,f930cbc2345c0f13
sniper,AWP,false,59082,57052,3,3,9,f930cbc2345c0f13
rifle,AK-47,false,68140,66012,2,2,10,f930cbc2345c0f13
rifle,Galil AR,false,74078,70939,2,2,11,f930cbc2345c0f13
pistol,Glock-18,false,91203,86511,2,2,13,f930cbc2345c0f13
sniper,AWP,false,106984,102324,3,3,15,f930cbc2345c0f13
rifle,Galil AR,false,115872,109539,2,2,16,f930cbc2345c0f13
rifle,AK-47,false,122626,119880,2,2,17,f930cbc2345c0f13
sniper,AWP,false,150882,148925,3,3,20,f930cbc2345c0f13
rifle,M4A1,false,165031,162701,3,3,22,f930cbc2345c0f13
rifle,Galil AR,false,176194,172415,2,3,23,f930cbc2345c0f13
pistol,USP-S,false,3489,1010,3,3,1,fad922bd36c191fc
rifle,AK-47,false,17979,14073,2,2,3,fad922bd36c191fc
rifle,M4A1,false,25686,22715,3,3,4,fad922bd36c191fc
sniper,AWP,false,32526,29717,2,2,5,fad922bd36c191fc
rifle,AK-47,false,61766,57870,2,2,8,fad922bd36c191fc
rifle,AK-47,false,83070,79809,3,3,10,fad922bd36c191fc
rifle,AK-47,false,86871,83776,2,3,11,fad922bd36c191fc
rifle,AK-47,false,92641,90415,3,3,12,fad922bd36c191fc
pistol,Dual Berettas,false,103565,96476,3,3,13,fad922bd36c191fc
rifle,AK-47,false,133194,130020,2,2,17,fad922bd36c191fc
sniper,AWP,false,151830,149708,2,2,19,fad922bd36c191fc
rifle,AK-47,false,164396,158000,2,2,20,fad922bd36c191fc
rifle,AK-47,false,176236,170281,2,2,21,fad922bd36c191fc
rifle,M4A1,false,6939,1,3,3,1,fb12fe4a302e57d9
smg,MP9,false,9953,7778,3,3,2,fb12fe4a302e57d9
rifle,Galil AR,false,67277,62969,2,3,10,fb12fe4a302e57d9
pistol,Dual Berettas,false,93208,79712,3,2,12,fb12fe4a302e57d9
rifle,AK-47,false,126603,124374,2,3,16,fb12fe4a302e57d9
rifle,AK-47,false,154682,148974,2,2,18,fb12fe4a302e57d9
rifle,AK-47,false,166551,159745,2,3,19,fb12fe4a302e57d9
pistol,USP-S,false,4194,1,3,2,1,fbcda64af4f459e9
sniper,AWP,false,25899,22585,3,3,4,fbcda64af4f459e9
rifle,M4A1,false,31474,28667,3,2,5,fbcda64af4f459e9
rifle,M4A4,false,37756,34083,3,3,6,fbcda64af4f459e9
rifle,M4A1,false,63194,59709,3,3,9,fbcda64af4f459e9
rifle,M4A1,false,81388,77490,3,2,11,fbcda64af4f459e9
grenade,Incendiary Grenade,false,90797,86170,3,2,12,fbcda64af4f459e9
pistol,USP-S,false,98509,95736,3,3,13,fbcda64af4f459e9
rifle,M4A1,false,115952,111020,3,2,16,fbcda64af4f459e9
rifle,AK-47,false,125667,122658,2,2,17,fbcda64af4f459e9
rifle,M4A1,false,144659,138844,3,2,19,fbcda64af4f459e9
rifle,M4A4,false,158764,156344,3,2,21,fbcda64af4f459e9
sniper,AWP,false,3399,11,3,3,1,fbfd61a8bfb2556
rifle,M4A1,false,14078,7547,3,2,2,fbfd61a8bfb2556
rifle,AK-47,false,20964,18524,2,2,3,fbfd61a8bfb2556
sniper,AWP,false,41752,40066,2,2,5,fbfd61a8bfb2556
sniper,AWP,false,51890,49753,3,3,6,fbfd61a8bfb2556
rifle,AK-47,false,61267,59270,2,2,7,fbfd61a8bfb2556
rifle,M4A1,false,71938,67394,3,3,8,fbfd61a8bfb2556
rifle,AK-47,false,79510,76354,2,2,9,fbfd61a8bfb2556
pistol,P2000,false,90896,85170,3,3,10,fbfd61a8bfb2556
rifle,AK-47,false,133842,131776,2,2,15,fbfd61a8bfb2556
rifle,AK-47,false,168735,162358,3,2,19,fbfd61a8bfb2556
pistol,P250,false,2416,90,2,3,1,fc815fdab850eb8a
rifle,M4A1,false,32093,25673,3,2,5,fc815fdab850eb8a
rifle,AK-47,false,41089,38759,2,2,6,fc815fdab850eb8a
rifle,M4A1,false,58768,56265,3,2,8,fc815fdab850eb8a
rifle,AK-47,false,70651,68042,2,2,10,fc815fdab850eb8a
pistol,Glock-18,false,93526,90080,2,2,13,fc815fdab850eb8a
pistol,Glock-18,false,8628,5980,2,3,1,fd4642781bb75169
rifle,AK-47,false,31203,25831,2,3,4,fd4642781bb75169
rifle,AK-47,false,38213,35732,2,3,5,fd4642781bb75169
rifle,AK-47,false,52869,50020,2,2,7,fd4642781bb75169
pistol,Glock-18,false,107115,102883,2,3,13,fd4642781bb75169
pistol,P250,false,4142,89,2,2,1,fdee9a7771d80500
rifle,M4A1,false,15172,9443,3,3,3,fdee9a7771d80500
rifle,M4A1,false,28528,25514,3,3,5,fdee9a7771d80500
rifle,M4A1,false,37171,32086,3,3,6,fdee9a7771d80500
rifle,AK-47,false,50846,47171,3,2,8,fdee9a7771d80500
rifle,M4A1,false,80893,78345,3,2,12,fdee9a7771d80500
pistol,USP-S,false,87937,84864,3,3,13,fdee9a7771d80500
rifle,M4A1,false,97143,94161,3,3,15,fdee9a7771d80500
sniper,AWP,false,115992,110598,3,3,17,fdee9a7771d80500
rifle,AK-47,false,125579,123212,2,2,19,fdee9a7771d80500
rifle,M4A1,false,137570,129938,3,3,20,fdee9a7771d80500
pistol,Glock-18,false,3000,112,2,2,1,fee7f538eadc8986
rifle,M4A1,false,24023,16598,3,3,3,fee7f538eadc8986
rifle,M4A1,false,44832,42216,3,3,6,fee7f538eadc8986
rifle,AK-47,false,83650,76070,2,2,10,fee7f538eadc8986
rifle,AK-47,false,99206,95814,2,3,12,fee7f538eadc8986
pistol,Dual Berettas,false,105653,103105,3,2,13,fee7f538eadc8986
rifle,M4A1,false,132011,126197,3,3,16,fee7f538eadc8986
rifle,AUG,false,144323,138240,3,2,17,fee7f538eadc8986
pistol,Glock-18,false,9922,5982,2,2,1,ff000c6bcda4e4d7
smg,MAC-10,false,22261,18790,2,2,3,ff000c6bcda4e4d7
rifle,AK-47,false,36608,33251,2,2,5,ff000c6bcda4e4d7
rifle,AK-47,false,45841,42589,2,2,6,ff000c6bcda4e4d7
rifle,M4A1,false,62121,50095,3,2,7,ff000c6bcda4e4d7
rifle,M4A1,false,70513,68333,3,2,8,ff000c6bcda4e4d7
sniper,AWP,false,91346,89081,2,2,10,ff000c6bcda4e4d7
pistol,USP-S,false,122341,119417,3,2,13,ff000c6bcda4e4d7
rifle,M4A1,false,143065,140126,3,3,16,ff000c6bcda4e4d7
pistol,USP-S,false,13132,10924,3,3,1,ff002e9b4ba80ab6
rifle,AK-47,false,42468,34564,2,2,4,ff002e9b4ba80ab6
sniper,AWP,false,56533,54468,3,2,7,ff002e9b4ba80ab6
sniper,AWP,false,73391,71184,2,2,9,ff002e9b4ba80ab6
sniper,AWP,false,89429,85531,2,3,11,ff002e9b4ba80ab6
rifle,M4A1,false,95556,92800,3,2,12,ff002e9b4ba80ab6
pistol,Glock-18,false,102558,99182,2,2,13,ff002e9b4ba80ab6
rifle,M4A1,false,124647,117236,3,3,16,ff002e9b4ba80ab6
rifle,M4A1,false,136083,133283,3,3,18,ff002e9b4ba80ab6
sniper,AWP,false,150142,148587,2,2,20,ff002e9b4ba80ab6
sniper,AWP,false,164895,160824,3,2,22,ff002e9b4ba80ab6
rifle,AK-47,false,189700,182492,2,2,24,ff002e9b4ba80ab6
pistol,USP-S,false,9244,4786,3,2,1,ff9ad644f07ebe1a
rifle,AK-47,false,28728,26354,2,2,5,ff9ad644f07ebe1a
rifle,AK-47,false,39739,33901,2,3,6,ff9ad644f07ebe1a
rifle,AK-47,false,53299,51179,2,2,8,ff9ad644f07ebe1a
rifle,AK-47,false,82838,80365,2,2,11,ff9ad644f07ebe1a
pistol,Dual Berettas,false,93997,91512,3,2,13,ff9ad644f07ebe1a
rifle,M4A1,false,114011,109545,3,3,16,ff9ad644f07ebe1a
sniper,AWP,false,121633,118997,3,2,17,ff9ad644f07ebe1a
sniper,AWP,false,132053,129199,2,3,18,ff9ad644f07ebe1a
rifle,M4A4,false,153227,151212,3,3,21,ff9ad644f07ebe1a
