"tick","start_tick","killer_side","winner_side","round_number","match_checksum"
12552,7777,2,3,1,"10a3d1f30f1855c9"
18910,13833,3,3,2,"10a3d1f30f1855c9"
28279,22732,3,2,3,"10a3d1f30f1855c9"
36233,33229,3,3,4,"10a3d1f30f1855c9"
44254,40591,3,3,5,"10a3d1f30f1855c9"
51396,45424,3,2,6,"10a3d1f30f1855c9"
58973,56161,3,2,7,"10a3d1f30f1855c9"
69945,66701,2,2,8,"10a3d1f30f1855c9"
76673,72944,2,2,9,"10a3d1f30f1855c9"
85111,80911,3,2,10,"10a3d1f30f1855c9"
93046,89426,2,2,11,"10a3d1f30f1855c9"
99322,96894,3,2,12,"10a3d1f30f1855c9"
106309,102584,2,3,13,"10a3d1f30f1855c9"
111848,108712,3,3,14,"10a3d1f30f1855c9"
116948,114114,2,3,15,"10a3d1f30f1855c9"
125255,122472,2,2,16,"10a3d1f30f1855c9"
132015,128727,3,3,17,"10a3d1f30f1855c9"
140198,137815,3,3,18,"10a3d1f30f1855c9"
9393,5975,3,2,1,"115deb593c2d248e"
16620,13411,2,2,2,"115deb593c2d248e"
20157,18080,2,2,3,"115deb593c2d248e"
25033,22492,3,2,4,"115deb593c2d248e"
31067,28675,3,3,5,"115deb593c2d248e"
39069,33757,2,2,6,"115deb593c2d248e"
47050,44966,3,3,7,"115deb593c2d248e"
52440,50297,3,3,8,"115deb593c2d248e"
56117,53987,3,3,9,"115deb593c2d248e"
59465,57159,2,3,10,"115deb593c2d248e"
68353,66085,3,3,11,"115deb593c2d248e"
74181,71873,2,2,12,"115deb593c2d248e"
85027,81568,2,3,13,"115deb593c2d248e"
94633,91115,2,2,14,"115deb593c2d248e"
103337,98018,2,3,15,"115deb593c2d248e"
107817,105542,3,3,16,"115deb593c2d248e"
111055,108742,3,3,17,"115deb593c2d248e"
117561,112312,3,3,18,"115deb593c2d248e"
123710,121190,3,3,19,"115deb593c2d248e"
136404,131756,3,3,20,"115deb593c2d248e"
9610,4438,3,3,1,"11a93513ed49b67e"
15984,13667,3,3,2,"11a93513ed49b67e"
18596,16760,3,2,3,"11a93513ed49b67e"
28482,25596,3,3,4,"11a93513ed49b67e"
38970,34684,2,3,5,"11a93513ed49b67e"
43489,41377,3,2,6,"11a93513ed49b67e"
50812,48324,2,2,7,"11a93513ed49b67e"
54333,52543,2,2,8,"11a93513ed49b67e"
62576,59234,3,2,9,"11a93513ed49b67e"
69750,67314,3,2,10,"11a93513ed49b67e"
79322,76329,3,3,11,"11a93513ed49b67e"
87939,85971,3,2,12,"11a93513ed49b67e"
97849,94827,3,3,13,"11a93513ed49b67e"
103805,101489,3,3,14,"11a93513ed49b67e"
109478,107180,3,2,15,"11a93513ed49b67e"
120419,116669,3,3,16,"11a93513ed49b67e"
124965,122721,3,3,17,"11a93513ed49b67e"
132851,127186,3,3,18,"11a93513ed49b67e"
145248,135345,2,3,19,"11a93513ed49b67e"
3792,106,2,2,1,"1200c1009d4cc65f"
7609,5046,2,2,2,"1200c1009d4cc65f"
12735,8249,2,2,3,"1200c1009d4cc65f"
19869,17613,3,2,4,"1200c1009d4cc65f"
27729,25629,3,3,5,"1200c1009d4cc65f"
34537,33014,2,2,6,"1200c1009d4cc65f"
43995,41682,2,2,7,"1200c1009d4cc65f"
48739,47228,2,2,8,"1200c1009d4cc65f"
63924,59856,2,2,9,"1200c1009d4cc65f"
69443,67852,2,2,10,"1200c1009d4cc65f"
74809,73008,2,2,11,"1200c1009d4cc65f"
81857,78174,2,2,12,"1200c1009d4cc65f"
87052,84491,2,2,13,"1200c1009d4cc65f"
93809,92012,2,2,14,"1200c1009d4cc65f"
103466,100254,3,3,15,"1200c1009d4cc65f"
110500,107356,2,2,16,"1200c1009d4cc65f"
117206,115328,3,3,17,"1200c1009d4cc65f"
6442,4062,3,3,1,"126487747bcfd5c"
13449,9908,2,3,2,"126487747bcfd5c"
17257,14743,3,3,3,"126487747bcfd5c"
27158,21120,3,3,4,"126487747bcfd5c"
34313,29847,2,3,5,"126487747bcfd5c"
39809,37720,2,2,6,"126487747bcfd5c"
54773,50540,2,2,7,"126487747bcfd5c"
60974,57902,2,2,8,"126487747bcfd5c"
69467,63257,3,3,9,"126487747bcfd5c"
73292,71166,3,3,10,"126487747bcfd5c"
88080,80254,2,2,11,"126487747bcfd5c"
102653,96615,3,3,12,"126487747bcfd5c"
107205,104579,3,3,13,"126487747bcfd5c"
116227,113873,3,3,14,"126487747bcfd5c"
126676,122902,3,3,15,"126487747bcfd5c"
133968,129226,3,2,16,"126487747bcfd5c"
143984,139348,3,3,17,"126487747bcfd5c"
151398,147933,3,3,18,"126487747bcfd5c"
155406,153090,3,3,19,"126487747bcfd5c"
167573,164088,3,3,20,"126487747bcfd5c"
172893,170735,2,2,21,"126487747bcfd5c"
181856,177102,2,2,22,"126487747bcfd5c"
192887,189565,2,3,23,"126487747bcfd5c"
201334,199127,2,3,24,"126487747bcfd5c"
210109,205497,3,2,25,"126487747bcfd5c"
220287,214810,3,3,26,"126487747bcfd5c"
226218,223297,3,3,27,"126487747bcfd5c"
234288,231253,2,2,28,"126487747bcfd5c"
245598,242274,3,3,29,"126487747bcfd5c"
251652,249161,3,3,30,"126487747bcfd5c"
261922,257195,2,2,31,"126487747bcfd5c"
269998,267360,2,2,32,"126487747bcfd5c"
278968,275387,3,3,33,"126487747bcfd5c"
285055,281579,3,3,34,"126487747bcfd5c"
291855,287116,2,2,35,"126487747bcfd5c"
303237,297626,3,3,36,"126487747bcfd5c"
311468,307138,2,2,37,"126487747bcfd5c"
15628,1018,2,2,1,"13d728b6b0876092"
22270,19423,2,2,2,"13d728b6b0876092"
28150,25766,3,3,3,"13d728b6b0876092"
31904,29682,2,2,4,"13d728b6b0876092"
36566,34370,2,3,5,"13d728b6b0876092"
44987,40897,2,2,6,"13d728b6b0876092"
52905,49705,3,3,7,"13d728b6b0876092"
61187,58506,2,2,8,"13d728b6b0876092"
66309,64527,2,2,9,"13d728b6b0876092"
74772,70546,2,2,10,"13d728b6b0876092"
80308,77987,3,3,11,"13d728b6b0876092"
90263,85576,2,3,12,"13d728b6b0876092"
111324,99053,2,3,13,"13d728b6b0876092"
116906,112629,3,3,14,"13d728b6b0876092"
122039,119742,3,3,15,"13d728b6b0876092"
127685,123904,3,2,16,"13d728b6b0876092"
140797,134489,3,2,17,"13d728b6b0876092"
147421,144797,3,3,18,"13d728b6b0876092"
156404,151916,2,3,19,"13d728b6b0876092"
164966,160952,3,3,20,"13d728b6b0876092"
12079,6032,3,2,1,"13e5f07b85555ae5"
19968,15273,3,3,2,"13e5f07b85555ae5"
24327,20711,2,2,3,"13e5f07b85555ae5"
33309,28609,3,3,4,"13e5f07b85555ae5"
38999,36424,3,3,5,"13e5f07b85555ae5"
44462,41116,3,3,6,"13e5f07b85555ae5"
52569,49938,2,3,7,"13e5f07b85555ae5"
61969,57481,3,2,8,"13e5f07b85555ae5"
67780,65664,3,2,9,"13e5f07b85555ae5"
75204,72316,3,3,10,"13e5f07b85555ae5"
78657,76155,2,3,11,"13e5f07b85555ae5"
87107,84505,2,2,12,"13e5f07b85555ae5"
95608,92881,3,2,13,"13e5f07b85555ae5"
111236,102552,2,2,14,"13e5f07b85555ae5"
117889,113838,3,3,15,"13e5f07b85555ae5"
131931,125724,3,3,16,"13e5f07b85555ae5"
140054,133612,3,3,17,"13e5f07b85555ae5"
148241,142505,3,3,18,"13e5f07b85555ae5"
157096,153221,3,3,19,"13e5f07b85555ae5"
164961,159162,2,2,20,"13e5f07b85555ae5"
176113,170632,3,3,21,"13e5f07b85555ae5"
182672,179947,3,3,22,"13e5f07b85555ae5"
193292,190206,2,3,23,"13e5f07b85555ae5"
2138,1,3,3,1,"1405df56c7951e00"
9887,6036,3,3,2,"1405df56c7951e00"
16730,14538,3,3,3,"1405df56c7951e00"
25736,22690,3,3,4,"1405df56c7951e00"
29620,26634,3,3,5,"1405df56c7951e00"
39268,32872,3,3,6,"1405df56c7951e00"
48041,44226,3,2,7,"1405df56c7951e00"
52947,50195,2,2,8,"1405df56c7951e00"
62562,57907,3,2,9,"1405df56c7951e00"
71333,67741,3,3,10,"1405df56c7951e00"
82315,75982,2,2,11,"1405df56c7951e00"
91666,85968,3,3,12,"1405df56c7951e00"
99400,95105,3,3,13,"1405df56c7951e00"
104698,100727,3,3,14,"1405df56c7951e00"
109970,106042,3,2,15,"1405df56c7951e00"
123387,115966,2,2,16,"1405df56c7951e00"
129290,126587,2,2,17,"1405df56c7951e00"
137878,135182,2,2,18,"1405df56c7951e00"
146538,143098,3,3,19,"1405df56c7951e00"
152767,148600,3,3,20,"1405df56c7951e00"
161361,158384,3,3,21,"1405df56c7951e00"
169602,165660,2,2,22,"1405df56c7951e00"
3998,999,2,2,1,"140a5692e02b6d2d"
9036,6395,3,2,4,"140a5692e02b6d2d"
17916,13066,3,2,5,"140a5692e02b6d2d"
23378,20538,3,3,6,"140a5692e02b6d2d"
30298,24757,3,3,7,"140a5692e02b6d2d"
40148,36439,3,3,8,"140a5692e02b6d2d"
46391,43917,3,3,9,"140a5692e02b6d2d"
51871,48691,3,2,10,"140a5692e02b6d2d"
59700,57654,3,2,11,"140a5692e02b6d2d"
64447,61340,3,3,12,"140a5692e02b6d2d"
74676,69940,3,3,13,"140a5692e02b6d2d"
77391,75308,2,2,14,"140a5692e02b6d2d"
81423,79388,2,3,15,"140a5692e02b6d2d"
90329,87851,3,3,16,"140a5692e02b6d2d"
95327,92908,3,3,17,"140a5692e02b6d2d"
103078,99296,3,3,18,"140a5692e02b6d2d"
111395,108384,3,3,19,"140a5692e02b6d2d"
116595,113503,2,3,20,"140a5692e02b6d2d"
124469,120381,2,3,21,"140a5692e02b6d2d"
129611,127521,2,2,22,"140a5692e02b6d2d"
138948,136751,3,3,23,"140a5692e02b6d2d"
145275,143088,2,3,24,"140a5692e02b6d2d"
13000,5981,2,2,1,"1428a19a8f814719"
26555,16996,3,3,2,"1428a19a8f814719"
32070,30036,3,3,3,"1428a19a8f814719"
40581,36508,3,3,4,"1428a19a8f814719"
44163,41354,3,2,5,"1428a19a8f814719"
53552,48245,3,3,6,"1428a19a8f814719"
63792,59467,2,2,7,"1428a19a8f814719"
73995,70119,3,2,8,"1428a19a8f814719"
82088,79940,2,2,9,"1428a19a8f814719"
88592,86259,2,2,10,"1428a19a8f814719"
96028,91879,3,3,11,"1428a19a8f814719"
99929,97610,3,2,12,"1428a19a8f814719"
108387,104728,3,2,13,"1428a19a8f814719"
117300,113169,2,2,14,"1428a19a8f814719"
124249,121139,3,3,15,"1428a19a8f814719"
132798,129489,2,3,16,"1428a19a8f814719"
143567,136182,3,3,17,"1428a19a8f814719"
150901,144408,3,2,18,"1428a19a8f814719"
159419,154765,3,3,19,"1428a19a8f814719"
167812,165271,2,3,20,"1428a19a8f814719"
174422,172494,3,3,21,"1428a19a8f814719"
8852,5993,3,3,1,"143534acb45ed245"
13112,10208,3,3,2,"143534acb45ed245"
18616,14885,3,3,3,"143534acb45ed245"
28114,22831,2,2,4,"143534acb45ed245"
35395,32438,3,3,5,"143534acb45ed245"
44741,40512,3,3,6,"143534acb45ed245"
50437,47322,3,3,7,"143534acb45ed245"
56263,54222,3,3,8,"143534acb45ed245"
67660,61751,3,2,9,"143534acb45ed245"
79379,73012,2,2,10,"143534acb45ed245"
85870,83088,3,2,11,"143534acb45ed245"
93619,91500,2,2,12,"143534acb45ed245"
106591,101430,2,2,13,"143534acb45ed245"
112717,109936,3,3,14,"143534acb45ed245"
124621,117348,3,2,15,"143534acb45ed245"
130316,128250,3,2,16,"143534acb45ed245"
140303,134085,2,2,17,"143534acb45ed245"
146436,142810,3,2,18,"143534acb45ed245"
153936,148688,3,2,19,"143534acb45ed245"
7934,327,3,3,1,"14b70b5c45febf48"
12829,10740,3,3,2,"14b70b5c45febf48"
16353,14474,2,2,3,"14b70b5c45febf48"
24658,22264,2,2,4,"14b70b5c45febf48"
38611,32545,2,2,5,"14b70b5c45febf48"
42192,40352,3,2,6,"14b70b5c45febf48"
51621,49716,3,2,7,"14b70b5c45febf48"
56129,53813,3,2,8,"14b70b5c45febf48"
69730,64205,2,3,9,"14b70b5c45febf48"
78979,76823,2,2,10,"14b70b5c45febf48"
87462,85503,3,2,11,"14b70b5c45febf48"
102376,95681,2,2,12,"14b70b5c45febf48"
118395,104079,3,2,13,"14b70b5c45febf48"
126923,122280,2,2,14,"14b70b5c45febf48"
131157,129289,3,2,15,"14b70b5c45febf48"
138016,135265,2,2,16,"14b70b5c45febf48"
148691,146521,3,2,17,"14b70b5c45febf48"
160020,153393,3,3,18,"14b70b5c45febf48"
164028,160918,3,3,19,"14b70b5c45febf48"
172413,168630,3,3,20,"14b70b5c45febf48"
181449,175987,2,3,21,"14b70b5c45febf48"
6265,4060,2,2,1,"15d519902ba3589b"
17012,13126,3,2,2,"15d519902ba3589b"
23601,20547,3,2,3,"15d519902ba3589b"
33408,27833,3,3,4,"15d519902ba3589b"
42373,35933,2,2,5,"15d519902ba3589b"
51768,44500,3,3,6,"15d519902ba3589b"
57219,54031,3,3,7,"15d519902ba3589b"
65537,63411,2,2,8,"15d519902ba3589b"
75902,73139,3,3,9,"15d519902ba3589b"
89310,82052,3,2,10,"15d519902ba3589b"
97627,92929,2,2,11,"15d519902ba3589b"
103969,101528,3,3,12,"15d519902ba3589b"
109464,106636,3,3,13,"15d519902ba3589b"
119445,115416,3,3,14,"15d519902ba3589b"
122571,120340,2,2,15,"15d519902ba3589b"
130349,126250,2,2,16,"15d519902ba3589b"
137782,136160,3,2,17,"15d519902ba3589b"
143287,141156,2,2,18,"15d519902ba3589b"
153145,151508,3,3,19,"15d519902ba3589b"
162885,159363,3,2,20,"15d519902ba3589b"
169609,165189,3,2,21,"15d519902ba3589b"
178689,174995,3,2,22,"15d519902ba3589b"
187011,183701,3,2,23,"15d519902ba3589b"
9372,11,3,2,1,"16abf70c8fc8f663"
16142,14008,3,3,2,"16abf70c8fc8f663"
27802,23461,2,3,3,"16abf70c8fc8f663"
36489,31028,2,2,4,"16abf70c8fc8f663"
40612,38599,2,2,5,"16abf70c8fc8f663"
47742,44353,2,2,6,"16abf70c8fc8f663"
57723,54273,2,3,7,"16abf70c8fc8f663"
67357,61518,2,2,8,"16abf70c8fc8f663"
77600,71489,2,2,9,"16abf70c8fc8f663"
86019,78721,3,3,10,"16abf70c8fc8f663"
90799,87864,2,2,11,"16abf70c8fc8f663"
97924,94744,3,3,12,"16abf70c8fc8f663"
103563,101541,3,3,13,"16abf70c8fc8f663"
112357,109179,3,3,14,"16abf70c8fc8f663"
121695,115288,2,2,15,"16abf70c8fc8f663"
129395,125787,3,3,16,"16abf70c8fc8f663"
137305,131935,3,3,17,"16abf70c8fc8f663"
143552,140574,3,3,18,"16abf70c8fc8f663"
149296,145169,3,3,19,"16abf70c8fc8f663"
157512,154067,2,2,20,"16abf70c8fc8f663"
4143,102,3,2,1,"17050cb8651b49f1"
9381,6836,3,2,2,"17050cb8651b49f1"
12968,10165,2,2,3,"17050cb8651b49f1"
20966,15323,3,3,4,"17050cb8651b49f1"
25659,22717,2,2,5,"17050cb8651b49f1"
32258,29579,3,3,6,"17050cb8651b49f1"
40814,38539,3,3,7,"17050cb8651b49f1"
48897,45763,3,3,8,"17050cb8651b49f1"
52631,49716,3,3,9,"17050cb8651b49f1"
57250,54443,3,3,10,"17050cb8651b49f1"
65576,59713,2,3,11,"17050cb8651b49f1"
70707,68203,3,2,12,"17050cb8651b49f1"
79562,76939,2,2,13,"17050cb8651b49f1"
83276,80654,2,2,14,"17050cb8651b49f1"
87739,84544,3,3,15,"17050cb8651b49f1"
95080,91460,2,2,16,"17050cb8651b49f1"
100231,97839,2,2,17,"17050cb8651b49f1"
103660,101005,2,3,18,"17050cb8651b49f1"
113799,109965,3,3,19,"17050cb8651b49f1"
123309,117975,3,3,20,"17050cb8651b49f1"
127569,124581,2,2,21,"17050cb8651b49f1"
134169,132021,3,3,22,"17050cb8651b49f1"
144788,141997,3,2,23,"17050cb8651b49f1"
4134,981,3,3,1,"170b0765d43fb325"
7318,5559,2,3,2,"170b0765d43fb325"
17180,13246,3,3,3,"170b0765d43fb325"
22920,20710,3,3,4,"170b0765d43fb325"
29536,24824,2,2,5,"170b0765d43fb325"
36063,34207,3,2,6,"170b0765d43fb325"
43024,39663,3,3,7,"170b0765d43fb325"
50732,48512,3,3,8,"170b0765d43fb325"
59562,55694,3,3,9,"170b0765d43fb325"
65687,61060,2,2,10,"170b0765d43fb325"
73534,71207,2,3,11,"170b0765d43fb325"
81281,78910,3,3,12,"170b0765d43fb325"
88794,85939,2,2,13,"170b0765d43fb325"
95019,92847,2,2,14,"170b0765d43fb325"
101535,98027,2,2,15,"170b0765d43fb325"
108777,105570,3,2,16,"170b0765d43fb325"
9800,6431,3,2,1,"1787ce744c361d96"
18546,14229,2,2,2,"1787ce744c361d96"
25893,22264,3,2,3,"1787ce744c361d96"
34136,26962,3,3,4,"1787ce744c361d96"
40247,38215,3,2,5,"1787ce744c361d96"
46998,44322,2,2,6,"1787ce744c361d96"
57688,55073,2,3,7,"1787ce744c361d96"
61239,59285,3,3,8,"1787ce744c361d96"
66854,62721,3,3,9,"1787ce744c361d96"
73819,71375,2,2,10,"1787ce744c361d96"
83207,78338,3,3,11,"1787ce744c361d96"
88621,86293,3,3,12,"1787ce744c361d96"
97623,93281,3,3,13,"1787ce744c361d96"
101636,98888,3,3,14,"1787ce744c361d96"
111588,104455,3,3,15,"1787ce744c361d96"
116285,113007,3,2,16,"1787ce744c361d96"
125281,123097,2,2,17,"1787ce744c361d96"
136743,131177,3,2,18,"1787ce744c361d96"
142448,139664,3,3,19,"1787ce744c361d96"
152735,150084,3,3,20,"1787ce744c361d96"
160686,158276,3,3,21,"1787ce744c361d96"
171500,168516,2,3,22,"1787ce744c361d96"
8964,3279,2,3,1,"17f903159982eda1"
13279,10246,3,3,2,"17f903159982eda1"
16968,14125,2,2,3,"17f903159982eda1"
30291,24005,2,3,4,"17f903159982eda1"
37514,33578,3,3,5,"17f903159982eda1"
42233,40047,3,3,6,"17f903159982eda1"
47050,44966,3,3,7,"17f903159982eda1"
51712,48402,2,2,8,"17f903159982eda1"
59428,57061,3,2,9,"17f903159982eda1"
68146,65644,2,2,10,"17f903159982eda1"
75387,72033,2,2,11,"17f903159982eda1"
81593,79438,3,2,12,"17f903159982eda1"
90269,86052,2,2,13,"17f903159982eda1"
98705,94041,2,2,14,"17f903159982eda1"
103830,101122,2,2,15,"17f903159982eda1"
109193,107270,3,2,16,"17f903159982eda1"
117914,115649,3,2,17,"17f903159982eda1"
125695,121806,2,2,18,"17f903159982eda1"
134359,132152,2,2,19,"17f903159982eda1"
2133,1,2,2,1,"181bed020ff0545"
9934,4053,2,2,2,"181bed020ff0545"
16993,13791,3,3,3,"181bed020ff0545"
25904,23445,2,2,4,"181bed020ff0545"
32929,30324,2,2,5,"181bed020ff0545"
42216,37869,2,3,6,"181bed020ff0545"
51039,45961,2,2,7,"181bed020ff0545"
59417,57332,2,2,8,"181bed020ff0545"
64767,62322,3,3,9,"181bed020ff0545"
74935,71071,2,3,10,"181bed020ff0545"
84782,81414,3,3,11,"181bed020ff0545"
91259,88347,3,3,12,"181bed020ff0545"
105350,96255,2,3,13,"181bed020ff0545"
114631,110892,2,3,14,"181bed020ff0545"
120496,118216,2,3,15,"181bed020ff0545"
128225,123979,2,2,16,"181bed020ff0545"
132944,130627,2,2,17,"181bed020ff0545"
138165,136214,2,2,18,"181bed020ff0545"
141634,139415,2,2,19,"181bed020ff0545"
148875,146874,3,2,20,"181bed020ff0545"
160032,157156,3,3,21,"181bed020ff0545"
11326,8985,3,3,1,"1831d36c7513cba7"
18065,12469,2,3,2,"1831d36c7513cba7"
24694,22734,3,2,3,"1831d36c7513cba7"
31006,27867,2,2,4,"1831d36c7513cba7"
36199,32167,2,2,5,"1831d36c7513cba7"
41493,38322,3,3,6,"1831d36c7513cba7"
48338,45881,2,2,7,"1831d36c7513cba7"
55444,51973,3,2,8,"1831d36c7513cba7"
60629,58168,3,3,9,"1831d36c7513cba7"
68984,66189,2,2,10,"1831d36c7513cba7"
75820,71853,2,3,11,"1831d36c7513cba7"
80394,77347,2,2,12,"1831d36c7513cba7"
88671,86772,2,2,13,"1831d36c7513cba7"
93290,91293,2,2,14,"1831d36c7513cba7"
96650,94014,2,3,15,"1831d36c7513cba7"
105791,100258,2,2,16,"1831d36c7513cba7"
110637,107929,2,2,17,"1831d36c7513cba7"
116651,114438,3,3,18,"1831d36c7513cba7"
122742,119761,3,3,19,"1831d36c7513cba7"
130761,127580,2,3,20,"1831d36c7513cba7"
133067,131261,3,3,21,"1831d36c7513cba7"
139381,136669,3,3,22,"1831d36c7513cba7"
5984,1,3,3,1,"19200d3ab2e99adc"
12464,9633,3,3,2,"19200d3ab2e99adc"
22218,20164,3,3,3,"19200d3ab2e99adc"
34852,30740,3,3,4,"19200d3ab2e99adc"
39331,36502,3,3,5,"19200d3ab2e99adc"
48933,42477,3,2,6,"19200d3ab2e99adc"
3223,1,3,3,1,"1aaf42cdb6da602c"
6763,4569,3,2,2,"1aaf42cdb6da602c"
17711,13772,3,2,3,"1aaf42cdb6da602c"
24308,21427,2,2,4,"1aaf42cdb6da602c"
30290,27308,2,3,5,"1aaf42cdb6da602c"
35406,32942,3,3,6,"1aaf42cdb6da602c"
47158,45038,3,2,7,"1aaf42cdb6da602c"
52378,50241,3,2,8,"1aaf42cdb6da602c"
62333,58374,2,2,9,"1aaf42cdb6da602c"
66235,64358,3,3,10,"1aaf42cdb6da602c"
74201,71264,2,3,11,"1aaf42cdb6da602c"
80843,78886,3,3,12,"1aaf42cdb6da602c"
91605,85239,3,3,13,"1aaf42cdb6da602c"
98667,94098,3,3,14,"1aaf42cdb6da602c"
105539,102903,3,3,15,"1aaf42cdb6da602c"
111516,109367,3,2,16,"1aaf42cdb6da602c"
124182,120990,3,3,17,"1aaf42cdb6da602c"
130300,128413,2,3,18,"1aaf42cdb6da602c"
139791,134602,3,3,19,"1aaf42cdb6da602c"
144998,142687,2,3,20,"1aaf42cdb6da602c"
9594,5481,3,3,1,"1ba8baaf92fca4f"
13452,10685,3,3,2,"1ba8baaf92fca4f"
17073,14352,3,3,3,"1ba8baaf92fca4f"
24286,17681,3,2,4,"1ba8baaf92fca4f"
28528,26930,2,2,5,"1ba8baaf92fca4f"
42185,37219,3,2,6,"1ba8baaf92fca4f"
51755,47834,3,3,7,"1ba8baaf92fca4f"
57268,54410,3,3,8,"1ba8baaf92fca4f"
67983,62457,3,3,9,"1ba8baaf92fca4f"
72601,70513,3,2,10,"1ba8baaf92fca4f"
86036,79289,2,2,11,"1ba8baaf92fca4f"
91668,89126,2,3,12,"1ba8baaf92fca4f"
113283,99380,3,2,13,"1ba8baaf92fca4f"
126604,121307,2,2,14,"1ba8baaf92fca4f"
133229,127566,3,3,15,"1ba8baaf92fca4f"
139628,137570,3,3,16,"1ba8baaf92fca4f"
147616,144865,3,3,17,"1ba8baaf92fca4f"
155933,153242,3,3,18,"1ba8baaf92fca4f"
164607,160238,3,3,19,"1ba8baaf92fca4f"
169014,166015,3,3,20,"1ba8baaf92fca4f"
180586,172936,2,2,21,"1ba8baaf92fca4f"
190288,184230,3,3,22,"1ba8baaf92fca4f"
199736,193318,2,2,23,"1ba8baaf92fca4f"
207378,203516,3,3,24,"1ba8baaf92fca4f"
4329,117,3,2,1,"1c05d3f571a5ee83"
8899,6159,2,2,2,"1c05d3f571a5ee83"
16310,12542,2,2,3,"1c05d3f571a5ee83"
22511,20177,3,2,4,"1c05d3f571a5ee83"
28184,25611,3,2,5,"1c05d3f571a5ee83"
32937,30574,2,2,6,"1c05d3f571a5ee83"
42627,37772,3,2,7,"1c05d3f571a5ee83"
47531,44151,2,2,8,"1c05d3f571a5ee83"
54808,50362,2,3,9,"1c05d3f571a5ee83"
60877,57600,2,2,10,"1c05d3f571a5ee83"
68045,66049,2,3,11,"1c05d3f571a5ee83"
79836,76833,3,3,12,"1c05d3f571a5ee83"
87571,85182,2,2,13,"1c05d3f571a5ee83"
91331,89444,3,2,14,"1c05d3f571a5ee83"
95776,93960,3,2,15,"1c05d3f571a5ee83"
101351,99082,3,2,16,"1c05d3f571a5ee83"
115262,105668,2,3,17,"1c05d3f571a5ee83"
119472,117390,2,2,18,"1c05d3f571a5ee83"
126889,124597,3,3,19,"1c05d3f571a5ee83"
139374,133557,2,2,20,"1c05d3f571a5ee83"
146218,144020,2,3,21,"1c05d3f571a5ee83"
153592,151128,3,2,22,"1c05d3f571a5ee83"
164095,161856,3,2,23,"1c05d3f571a5ee83"
168290,164875,2,3,24,"1c05d3f571a5ee83"
3544,104,3,3,1,"1cc1b0adc17d5a2b"
10854,8244,3,3,2,"1cc1b0adc17d5a2b"
15371,12560,2,2,3,"1cc1b0adc17d5a2b"
24435,20061,2,2,4,"1cc1b0adc17d5a2b"
33329,30470,2,3,5,"1cc1b0adc17d5a2b"
95657,89946,3,2,6,"1cc1b0adc17d5a2b"
103553,96812,3,3,7,"1cc1b0adc17d5a2b"
110801,107399,3,3,8,"1cc1b0adc17d5a2b"
118314,113551,3,3,9,"1cc1b0adc17d5a2b"
121418,119147,3,2,10,"1cc1b0adc17d5a2b"
132464,126106,2,3,11,"1cc1b0adc17d5a2b"
139659,135592,2,2,12,"1cc1b0adc17d5a2b"
149104,144896,3,3,13,"1cc1b0adc17d5a2b"
154813,152146,3,3,14,"1cc1b0adc17d5a2b"
161719,155387,2,2,15,"1cc1b0adc17d5a2b"
170589,165549,2,3,16,"1cc1b0adc17d5a2b"
178572,174244,3,3,17,"1cc1b0adc17d5a2b"
188305,183736,2,3,18,"1cc1b0adc17d5a2b"
194938,189844,2,2,19,"1cc1b0adc17d5a2b"
204305,200766,2,2,20,"1cc1b0adc17d5a2b"
214443,208840,3,3,21,"1cc1b0adc17d5a2b"
220818,216317,2,2,22,"1cc1b0adc17d5a2b"
231021,227682,2,3,23,"1cc1b0adc17d5a2b"
245002,235010,3,2,24,"1cc1b0adc17d5a2b"
251531,248314,3,2,25,"1cc1b0adc17d5a2b"
261572,258974,3,3,26,"1cc1b0adc17d5a2b"
274149,268732,2,2,27,"1cc1b0adc17d5a2b"
284131,277903,3,3,28,"1cc1b0adc17d5a2b"
289598,286693,3,3,29,"1cc1b0adc17d5a2b"
6678,337,3,2,1,"1d2f17af80a4b42d"
16395,13215,2,2,2,"1d2f17af80a4b42d"
23984,20571,2,2,3,"1d2f17af80a4b42d"
31058,29190,2,2,4,"1d2f17af80a4b42d"
39518,36305,2,2,5,"1d2f17af80a4b42d"
48305,44435,3,3,6,"1d2f17af80a4b42d"
55479,53523,3,3,7,"1d2f17af80a4b42d"
65987,58785,3,3,8,"1d2f17af80a4b42d"
68523,66999,2,3,9,"1d2f17af80a4b42d"
81203,78248,2,2,10,"1d2f17af80a4b42d"
84450,82807,2,2,11,"1d2f17af80a4b42d"
95050,90264,2,2,12,"1d2f17af80a4b42d"
116436,99135,3,2,13,"1d2f17af80a4b42d"
123854,119511,2,2,14,"1d2f17af80a4b42d"
127810,125704,2,2,15,"1d2f17af80a4b42d"
136192,134252,3,3,16,"1d2f17af80a4b42d"
147363,143340,2,2,17,"1d2f17af80a4b42d"
158799,153907,3,3,18,"1d2f17af80a4b42d"
168223,162939,3,3,19,"1d2f17af80a4b42d"
176381,169286,3,3,20,"1d2f17af80a4b42d"
181674,178709,2,2,21,"1d2f17af80a4b42d"
190809,188372,2,2,22,"1d2f17af80a4b42d"
201497,199106,3,3,23,"1d2f17af80a4b42d"
2338,1,3,3,1,"1d5f18612c41478e"
9253,6197,3,3,2,"1d5f18612c41478e"
16115,12016,2,3,3,"1d5f18612c41478e"
25022,21482,3,2,4,"1d5f18612c41478e"
34301,28267,3,2,5,"1d5f18612c41478e"
40039,36116,3,2,6,"1d5f18612c41478e"
42910,40742,3,2,7,"1d5f18612c41478e"
54506,47198,2,2,8,"1d5f18612c41478e"
58826,56298,3,3,9,"1d5f18612c41478e"
64969,60709,2,3,10,"1d5f18612c41478e"
76945,69854,3,3,11,"1d5f18612c41478e"
80472,78447,3,3,12,"1d5f18612c41478e"
86450,81866,3,2,13,"1d5f18612c41478e"
94122,91726,2,2,14,"1d5f18612c41478e"
97499,94840,3,3,15,"1d5f18612c41478e"
109077,104639,2,3,16,"1d5f18612c41478e"
117525,113599,2,3,17,"1d5f18612c41478e"
125916,123176,3,3,18,"1d5f18612c41478e"
132491,130101,3,3,19,"1d5f18612c41478e"
140763,138050,3,3,20,"1d5f18612c41478e"
148530,145200,2,3,21,"1d5f18612c41478e"
155002,152118,2,2,22,"1d5f18612c41478e"
164086,159592,3,2,23,"1d5f18612c41478e"
171916,167944,3,2,24,"1d5f18612c41478e"
188892,178444,3,2,25,"1d5f18612c41478e"
197696,195679,3,3,26,"1d5f18612c41478e"
1888,1,3,3,1,"1ebc3efcb2fd27b8"
6329,2720,3,2,2,"1ebc3efcb2fd27b8"
13830,10090,3,3,3,"1ebc3efcb2fd27b8"
24051,21418,3,3,4,"1ebc3efcb2fd27b8"
1681,1,3,3,1,"1ecc6fdb1ad6756c"
10580,3252,3,2,2,"1ecc6fdb1ad6756c"
15808,12897,2,2,3,"1ecc6fdb1ad6756c"
21547,17915,2,2,4,"1ecc6fdb1ad6756c"
24670,22670,2,2,5,"1ecc6fdb1ad6756c"
30363,27239,2,2,6,"1ecc6fdb1ad6756c"
34263,31616,2,2,7,"1ecc6fdb1ad6756c"
41507,37300,2,2,8,"1ecc6fdb1ad6756c"
44993,42848,2,2,9,"1ecc6fdb1ad6756c"
51683,49629,2,2,10,"1ecc6fdb1ad6756c"
57201,55037,2,2,11,"1ecc6fdb1ad6756c"
61153,58854,2,2,12,"1ecc6fdb1ad6756c"
67220,64994,3,3,13,"1ecc6fdb1ad6756c"
71903,68328,3,3,14,"1ecc6fdb1ad6756c"
9056,5979,3,2,1,"1fe4a7ae89f9e505"
15852,13248,2,2,2,"1fe4a7ae89f9e505"
20689,18412,3,3,3,"1fe4a7ae89f9e505"
28020,25119,2,3,4,"1fe4a7ae89f9e505"
39315,35688,3,3,5,"1fe4a7ae89f9e505"
45746,43390,3,2,6,"1fe4a7ae89f9e505"
51820,48985,2,2,7,"1fe4a7ae89f9e505"
57476,54780,2,2,8,"1fe4a7ae89f9e505"
63791,61508,3,2,9,"1fe4a7ae89f9e505"
74542,71170,2,2,10,"1fe4a7ae89f9e505"
79665,76982,3,3,11,"1fe4a7ae89f9e505"
82602,80564,2,2,12,"1fe4a7ae89f9e505"
92673,88303,2,3,13,"1fe4a7ae89f9e505"
98909,96446,3,3,14,"1fe4a7ae89f9e505"
103002,100790,3,3,15,"1fe4a7ae89f9e505"
112138,109878,2,2,16,"1fe4a7ae89f9e505"
117430,115406,2,3,17,"1fe4a7ae89f9e505"
124032,120622,3,3,18,"1fe4a7ae89f9e505"
4607,94,2,2,1,"20fe6144a031b919"
13381,8191,2,2,2,"20fe6144a031b919"
21876,18762,3,3,3,"20fe6144a031b919"
28643,26114,3,2,4,"20fe6144a031b919"
37783,34933,2,2,5,"20fe6144a031b919"
44740,42217,3,3,6,"20fe6144a031b919"
57539,51871,3,3,7,"20fe6144a031b919"
61444,59278,3,2,8,"20fe6144a031b919"
70429,67172,2,2,9,"20fe6144a031b919"
81358,78223,3,3,10,"20fe6144a031b919"
87528,85505,3,3,11,"20fe6144a031b919"
95207,92009,3,3,12,"20fe6144a031b919"
102895,98245,2,2,13,"20fe6144a031b919"
109288,106271,2,2,14,"20fe6144a031b919"
120529,112484,3,2,15,"20fe6144a031b919"
133173,127825,3,2,16,"20fe6144a031b919"
144309,140054,3,2,17,"20fe6144a031b919"
155828,151352,2,2,18,"20fe6144a031b919"
166637,162700,2,2,19,"20fe6144a031b919"
1372,1,2,3,1,"21dcf45a9eed6d84"
14719,8242,3,2,2,"21dcf45a9eed6d84"
20702,18490,3,2,3,"21dcf45a9eed6d84"
28411,26221,2,2,4,"21dcf45a9eed6d84"
36121,32291,2,2,5,"21dcf45a9eed6d84"
41123,38320,2,2,6,"21dcf45a9eed6d84"
49271,46951,3,2,7,"21dcf45a9eed6d84"
56324,53978,3,3,8,"21dcf45a9eed6d84"
64490,60382,3,3,9,"21dcf45a9eed6d84"
72110,67730,3,3,10,"21dcf45a9eed6d84"
79325,74827,3,3,11,"21dcf45a9eed6d84"
82220,80183,3,2,12,"21dcf45a9eed6d84"
92291,89006,2,2,13,"21dcf45a9eed6d84"
98224,94764,3,2,14,"21dcf45a9eed6d84"
104079,101452,2,2,15,"21dcf45a9eed6d84"
113039,110960,3,2,16,"21dcf45a9eed6d84"
117000,115033,3,3,17,"21dcf45a9eed6d84"
124139,120635,3,2,18,"21dcf45a9eed6d84"
131901,129124,3,3,19,"21dcf45a9eed6d84"
141265,138791,3,3,20,"21dcf45a9eed6d84"
147918,145477,3,3,21,"21dcf45a9eed6d84"
151534,149110,2,3,22,"21dcf45a9eed6d84"
160982,157471,3,3,23,"21dcf45a9eed6d84"
3491,114,3,3,1,"2349ddf563beffcc"
11282,4968,2,2,2,"2349ddf563beffcc"
17006,14835,2,3,3,"2349ddf563beffcc"
27685,19780,3,3,4,"2349ddf563beffcc"
35728,31696,2,2,5,"2349ddf563beffcc"
40577,38386,3,3,6,"2349ddf563beffcc"
52767,47057,3,3,7,"2349ddf563beffcc"
58283,56709,2,2,8,"2349ddf563beffcc"
67072,65497,2,2,9,"2349ddf563beffcc"
79102,76235,3,3,10,"2349ddf563beffcc"
90730,85195,3,3,11,"2349ddf563beffcc"
96289,94155,3,3,12,"2349ddf563beffcc"
104383,101491,3,3,13,"2349ddf563beffcc"
115833,111924,3,3,14,"2349ddf563beffcc"
123573,120884,2,3,15,"2349ddf563beffcc"
135097,127803,2,2,16,"2349ddf563beffcc"
139697,138067,2,3,17,"2349ddf563beffcc"
149182,147631,2,2,18,"2349ddf563beffcc"
162457,156631,3,2,19,"2349ddf563beffcc"
171019,167136,2,3,20,"2349ddf563beffcc"
179324,176494,2,2,21,"2349ddf563beffcc"
185919,183221,2,3,22,"2349ddf563beffcc"
191046,189137,3,3,23,"2349ddf563beffcc"
205027,198097,3,2,24,"2349ddf563beffcc"
9383,5976,2,2,1,"234c16eeca6ac847"
20424,14598,2,2,2,"234c16eeca6ac847"
25797,22026,3,3,3,"234c16eeca6ac847"
36120,33859,3,3,4,"234c16eeca6ac847"
44697,42595,3,3,5,"234c16eeca6ac847"
49370,45376,2,2,6,"234c16eeca6ac847"
58960,56825,3,3,7,"234c16eeca6ac847"
67920,65913,3,3,8,"234c16eeca6ac847"
76623,74640,2,2,9,"234c16eeca6ac847"
91576,84853,3,3,10,"234c16eeca6ac847"
97245,95073,3,3,11,"234c16eeca6ac847"
108549,105157,2,2,12,"234c16eeca6ac847"
115982,113013,3,2,13,"234c16eeca6ac847"
126251,121878,3,2,14,"234c16eeca6ac847"
131268,128939,3,2,15,"234c16eeca6ac847"
141801,138563,3,3,16,"234c16eeca6ac847"
149838,146858,3,2,17,"234c16eeca6ac847"
161497,156695,2,2,18,"234c16eeca6ac847"
170507,166621,3,3,19,"234c16eeca6ac847"
179518,175709,2,2,20,"234c16eeca6ac847"
8112,5171,3,2,1,"23c081609773aaf2"
12945,11082,2,2,2,"23c081609773aaf2"
18077,15711,3,2,3,"23c081609773aaf2"
29984,22174,3,2,4,"23c081609773aaf2"
35998,33919,3,2,5,"23c081609773aaf2"
46257,42984,2,2,6,"23c081609773aaf2"
55471,52110,2,2,7,"23c081609773aaf2"
62045,59796,2,2,8,"23c081609773aaf2"
68226,66063,3,3,9,"23c081609773aaf2"
72519,69407,2,2,10,"23c081609773aaf2"
80585,76894,3,2,11,"23c081609773aaf2"
86944,84624,2,3,12,"23c081609773aaf2"
94710,91987,3,3,13,"23c081609773aaf2"
98893,96995,3,3,14,"23c081609773aaf2"
104803,101395,3,3,15,"23c081609773aaf2"
8118,4984,3,3,1,"23fd82dad5a197ba"
15983,9723,3,3,2,"23fd82dad5a197ba"
19035,16508,2,2,3,"23fd82dad5a197ba"
27622,24485,2,2,4,"23fd82dad5a197ba"
36790,34484,2,2,5,"23fd82dad5a197ba"
43183,40654,2,2,6,"23fd82dad5a197ba"
50022,47894,2,2,7,"23fd82dad5a197ba"
56379,54290,3,3,8,"23fd82dad5a197ba"
63686,60438,3,3,9,"23fd82dad5a197ba"
75075,68251,2,2,10,"23fd82dad5a197ba"
81882,78687,3,3,11,"23fd82dad5a197ba"
92661,87647,3,2,12,"23fd82dad5a197ba"
101893,96278,3,3,13,"23fd82dad5a197ba"
107203,103357,2,3,14,"23fd82dad5a197ba"
115383,111895,2,2,15,"23fd82dad5a197ba"
128232,125834,2,3,16,"23fd82dad5a197ba"
143367,140875,3,2,17,"23fd82dad5a197ba"
151581,148858,3,3,18,"23fd82dad5a197ba"
159690,157007,3,2,19,"23fd82dad5a197ba"
166600,163827,3,3,20,"23fd82dad5a197ba"
176022,172224,2,2,21,"23fd82dad5a197ba"
189988,185040,2,2,22,"23fd82dad5a197ba"
194749,192828,2,2,23,"23fd82dad5a197ba"
207532,200402,2,2,24,"23fd82dad5a197ba"
216782,214050,2,2,25,"23fd82dad5a197ba"
221942,219808,3,3,26,"23fd82dad5a197ba"
231888,227913,2,2,27,"23fd82dad5a197ba"
241206,234424,3,2,28,"23fd82dad5a197ba"
247716,245156,2,2,29,"23fd82dad5a197ba"
258908,256072,3,3,30,"23fd82dad5a197ba"
266667,262517,3,2,31,"23fd82dad5a197ba"
271051,268947,3,2,32,"23fd82dad5a197ba"
294236,277687,2,3,33,"23fd82dad5a197ba"
301738,295500,3,3,34,"23fd82dad5a197ba"
306674,303807,3,3,35,"23fd82dad5a197ba"
15257,9,3,2,1,"2462adad3972e960"
22295,18282,2,2,2,"2462adad3972e960"
27398,24470,3,3,3,"2462adad3972e960"
35959,30971,3,3,4,"2462adad3972e960"
41961,38853,2,2,5,"2462adad3972e960"
52341,49867,2,2,6,"2462adad3972e960"
58599,53933,3,2,7,"2462adad3972e960"
68347,64137,3,2,8,"2462adad3972e960"
75793,72033,3,3,9,"2462adad3972e960"
83441,80502,2,3,10,"2462adad3972e960"
92165,90142,2,3,11,"2462adad3972e960"
101787,99102,2,2,12,"2462adad3972e960"
8699,5954,3,3,1,"24868ed375d388a8"
15710,11967,3,3,2,"24868ed375d388a8"
19022,16975,3,3,3,"24868ed375d388a8"
24672,22465,2,2,4,"24868ed375d388a8"
33980,32091,3,3,5,"24868ed375d388a8"
49263,46413,3,3,6,"24868ed375d388a8"
54635,50571,3,3,7,"24868ed375d388a8"
63614,58092,3,2,8,"24868ed375d388a8"
66484,64350,3,3,9,"24868ed375d388a8"
76956,72455,3,3,10,"24868ed375d388a8"
81942,78012,3,3,11,"24868ed375d388a8"
89168,84488,2,2,12,"24868ed375d388a8"
103338,98045,3,3,13,"24868ed375d388a8"
113532,108071,2,3,14,"24868ed375d388a8"
120623,116129,3,2,15,"24868ed375d388a8"
133761,126394,2,2,16,"24868ed375d388a8"
141768,136918,2,2,17,"24868ed375d388a8"
149715,146695,2,3,18,"24868ed375d388a8"
161926,157614,2,2,19,"24868ed375d388a8"
25937,1022,3,2,1,"25c412f5d33e483"
32691,28250,2,2,2,"25c412f5d33e483"
39890,35072,3,3,3,"25c412f5d33e483"
50726,45568,3,3,4,"25c412f5d33e483"
56738,51680,2,3,5,"25c412f5d33e483"
62958,59732,3,3,6,"25c412f5d33e483"
70373,64194,2,2,7,"25c412f5d33e483"
80470,75947,3,2,8,"25c412f5d33e483"
90859,88289,3,3,9,"25c412f5d33e483"
94098,91905,3,3,10,"25c412f5d33e483"
98978,95553,3,2,11,"25c412f5d33e483"
105779,103063,3,2,12,"25c412f5d33e483"
124118,112869,3,3,13,"25c412f5d33e483"
128140,126056,3,3,14,"25c412f5d33e483"
135173,132097,2,2,15,"25c412f5d33e483"
142746,140124,2,2,16,"25c412f5d33e483"
154245,151790,2,2,17,"25c412f5d33e483"
157467,154852,2,2,18,"25c412f5d33e483"
163781,160803,2,2,19,"25c412f5d33e483"
170441,167314,3,3,20,"25c412f5d33e483"
178927,176283,3,3,21,"25c412f5d33e483"
189091,186650,2,3,22,"25c412f5d33e483"
195540,192168,3,3,23,"25c412f5d33e483"
205903,199149,3,3,24,"25c412f5d33e483"
12607,6922,3,3,1,"26b13a9c6ac37a35"
16880,14930,3,3,2,"26b13a9c6ac37a35"
20623,18291,3,2,3,"26b13a9c6ac37a35"
27030,23540,3,3,4,"26b13a9c6ac37a35"
37048,32628,2,2,5,"26b13a9c6ac37a35"
44517,40709,2,2,6,"26b13a9c6ac37a35"
53686,49955,3,3,7,"26b13a9c6ac37a35"
63559,60689,2,2,8,"26b13a9c6ac37a35"
73674,71676,2,2,9,"26b13a9c6ac37a35"
78186,75290,2,2,10,"26b13a9c6ac37a35"
85195,80793,2,2,11,"26b13a9c6ac37a35"
93459,90872,3,3,12,"26b13a9c6ac37a35"
100636,98082,2,2,13,"26b13a9c6ac37a35"
107643,104156,2,2,14,"26b13a9c6ac37a35"
113581,111423,3,3,15,"26b13a9c6ac37a35"
125809,122431,3,3,16,"26b13a9c6ac37a35"
134062,131519,3,3,17,"26b13a9c6ac37a35"
141019,137496,3,2,18,"26b13a9c6ac37a35"
148470,146207,3,2,19,"26b13a9c6ac37a35"
159649,156604,2,2,20,"26b13a9c6ac37a35"
170803,165923,2,2,21,"26b13a9c6ac37a35"
180165,175950,3,2,22,"26b13a9c6ac37a35"
186286,183791,2,3,23,"26b13a9c6ac37a35"
202505,196411,3,3,24,"26b13a9c6ac37a35"
211157,207111,2,2,25,"26b13a9c6ac37a35"
216122,214239,3,3,26,"26b13a9c6ac37a35"
221848,217847,2,2,27,"26b13a9c6ac37a35"
230946,225419,3,2,28,"26b13a9c6ac37a35"
238853,235435,2,2,29,"26b13a9c6ac37a35"
250203,246226,2,2,30,"26b13a9c6ac37a35"
4210,83,2,2,1,"28a0374c055ef765"
9957,6495,2,2,2,"28a0374c055ef765"
21109,19302,2,3,3,"28a0374c055ef765"
26996,22833,3,2,4,"28a0374c055ef765"
35184,32244,3,3,5,"28a0374c055ef765"
40888,37397,2,3,6,"28a0374c055ef765"
45530,43791,3,3,7,"28a0374c055ef765"
52155,49406,3,3,8,"28a0374c055ef765"
56660,54019,2,2,9,"28a0374c055ef765"
64805,61969,3,2,10,"28a0374c055ef765"
74174,71579,3,2,11,"28a0374c055ef765"
80748,77426,2,3,12,"28a0374c055ef765"
88541,84986,3,3,13,"28a0374c055ef765"
91051,89235,3,3,14,"28a0374c055ef765"
93540,91791,3,3,15,"28a0374c055ef765"
99121,96454,3,3,16,"28a0374c055ef765"
105422,102977,2,2,17,"28a0374c055ef765"
115570,111858,2,2,18,"28a0374c055ef765"
127410,123044,2,2,19,"28a0374c055ef765"
133327,130926,2,2,20,"28a0374c055ef765"
140373,137966,3,2,21,"28a0374c055ef765"
150104,146586,3,2,22,"28a0374c055ef765"
155471,153731,3,2,23,"28a0374c055ef765"
2214,86,2,3,1,"28d151d5f23d4b84"
14326,7010,3,2,2,"28d151d5f23d4b84"
18695,15519,3,3,3,"28d151d5f23d4b84"
26787,24479,2,3,4,"28d151d5f23d4b84"
34787,32480,3,3,5,"28d151d5f23d4b84"
43350,36213,3,3,6,"28d151d5f23d4b84"
48590,44747,3,3,7,"28d151d5f23d4b84"
51865,49587,3,3,8,"28d151d5f23d4b84"
58930,56910,3,2,9,"28d151d5f23d4b84"
66903,64075,3,2,10,"28d151d5f23d4b84"
78860,73085,3,3,11,"28d151d5f23d4b84"
92612,87041,2,3,12,"28d151d5f23d4b84"
98799,95342,3,3,13,"28d151d5f23d4b84"
105666,102392,2,2,14,"28d151d5f23d4b84"
113987,109682,3,2,15,"28d151d5f23d4b84"
120127,115512,2,2,16,"28d151d5f23d4b84"
130223,124487,3,3,17,"28d151d5f23d4b84"
135012,133028,2,3,18,"28d151d5f23d4b84"
142726,141092,3,3,19,"28d151d5f23d4b84"
148785,147250,2,3,20,"28d151d5f23d4b84"
162553,158723,3,3,21,"28d151d5f23d4b84"
168693,166422,3,3,22,"28d151d5f23d4b84"
175599,171643,2,3,23,"28d151d5f23d4b84"
181823,180009,2,2,24,"28d151d5f23d4b84"
8381,5925,3,3,1,"28de2bc4cbc7bba3"
14979,13011,3,3,2,"28de2bc4cbc7bba3"
22191,17890,2,2,3,"28de2bc4cbc7bba3"
33605,28021,3,3,4,"28de2bc4cbc7bba3"
39546,36418,3,3,5,"28de2bc4cbc7bba3"
48333,41798,3,2,6,"28de2bc4cbc7bba3"
54924,51338,3,3,7,"28de2bc4cbc7bba3"
65013,59460,3,3,8,"28de2bc4cbc7bba3"
73876,66530,2,2,9,"28de2bc4cbc7bba3"
88602,84807,2,3,10,"28de2bc4cbc7bba3"
96835,93895,3,3,11,"28de2bc4cbc7bba3"
104886,102983,3,3,12,"28de2bc4cbc7bba3"
117257,114936,3,2,13,"28de2bc4cbc7bba3"
129041,121995,2,2,14,"28de2bc4cbc7bba3"
132396,129722,3,2,15,"28de2bc4cbc7bba3"
137419,135039,2,2,16,"28de2bc4cbc7bba3"
5311,117,2,3,1,"28f3eb233c069079"
9706,6916,2,3,2,"28f3eb233c069079"
19685,16814,3,3,3,"28f3eb233c069079"
30856,23832,3,3,4,"28f3eb233c069079"
35996,33227,3,3,5,"28f3eb233c069079"
41188,38815,2,3,6,"28f3eb233c069079"
49385,46044,3,2,7,"28f3eb233c069079"
60541,56676,2,2,8,"28f3eb233c069079"
66179,64136,2,3,9,"28f3eb233c069079"
75412,72770,3,3,10,"28f3eb233c069079"
83603,81730,3,3,11,"28f3eb233c069079"
94788,89500,3,3,12,"28f3eb233c069079"
100087,96025,2,2,13,"28f3eb233c069079"
104693,101770,3,3,14,"28f3eb233c069079"
108826,106630,3,3,15,"28f3eb233c069079"
113630,111261,3,3,16,"28f3eb233c069079"
118143,115357,3,2,17,"28f3eb233c069079"
126198,124293,2,3,18,"28f3eb233c069079"
135879,132594,2,2,19,"28f3eb233c069079"
11548,8630,3,3,1,"293073b8cc6cd179"
21562,14974,3,3,2,"293073b8cc6cd179"
24949,22647,3,3,3,"293073b8cc6cd179"
36604,31057,2,2,4,"293073b8cc6cd179"
45428,40479,2,2,5,"293073b8cc6cd179"
54422,51423,2,2,6,"293073b8cc6cd179"
60808,58017,2,2,7,"293073b8cc6cd179"
68451,66615,3,3,8,"293073b8cc6cd179"
75376,72443,3,2,9,"293073b8cc6cd179"
82964,81042,3,2,10,"293073b8cc6cd179"
98127,88414,3,3,11,"293073b8cc6cd179"
105742,101887,2,2,12,"293073b8cc6cd179"
113997,110193,2,3,13,"293073b8cc6cd179"
122140,118669,2,2,14,"293073b8cc6cd179"
132727,126759,3,2,15,"293073b8cc6cd179"
139330,135376,2,2,16,"293073b8cc6cd179"
142225,140342,2,2,17,"293073b8cc6cd179"
155444,151603,3,3,18,"293073b8cc6cd179"
164463,161818,3,2,19,"293073b8cc6cd179"
169603,167306,3,2,20,"293073b8cc6cd179"
175453,171688,2,2,21,"293073b8cc6cd179"
199134,182809,2,2,22,"293073b8cc6cd179"
15168,12967,3,3,1,"298a9abbb10da3da"
19786,17019,3,3,2,"298a9abbb10da3da"
28392,25518,3,3,3,"298a9abbb10da3da"
33888,31108,3,3,4,"298a9abbb10da3da"
40915,36509,2,3,5,"298a9abbb10da3da"
47752,45349,3,3,6,"298a9abbb10da3da"
55283,52555,2,2,7,"298a9abbb10da3da"
59557,57549,2,2,8,"298a9abbb10da3da"
65580,63552,2,3,9,"298a9abbb10da3da"
74677,68480,3,3,10,"298a9abbb10da3da"
77618,75190,3,3,11,"298a9abbb10da3da"
81489,79165,3,3,12,"298a9abbb10da3da"
86076,83582,2,2,13,"298a9abbb10da3da"
92060,89188,2,2,14,"298a9abbb10da3da"
98517,95924,2,2,15,"298a9abbb10da3da"
2523,106,3,3,1,"2a4000e42a26bb5c"
9262,6400,3,3,2,"2a4000e42a26bb5c"
15181,12537,3,3,3,"2a4000e42a26bb5c"
17877,15782,2,2,4,"2a4000e42a26bb5c"
30427,27988,3,2,5,"2a4000e42a26bb5c"
43972,37335,3,2,6,"2a4000e42a26bb5c"
49110,46755,2,2,7,"2a4000e42a26bb5c"
62750,56910,2,3,8,"2a4000e42a26bb5c"
68570,65146,2,2,9,"2a4000e42a26bb5c"
75542,73475,3,2,10,"2a4000e42a26bb5c"
85210,82034,3,3,11,"2a4000e42a26bb5c"
93759,90994,2,2,12,"2a4000e42a26bb5c"
100795,98333,3,3,13,"2a4000e42a26bb5c"
105595,103306,3,3,14,"2a4000e42a26bb5c"
111572,108718,3,3,15,"2a4000e42a26bb5c"
116678,113165,3,3,16,"2a4000e42a26bb5c"
122913,119664,3,3,17,"2a4000e42a26bb5c"
127755,125253,2,2,18,"2a4000e42a26bb5c"
132383,130293,2,2,19,"2a4000e42a26bb5c"
139724,137146,2,2,20,"2a4000e42a26bb5c"
146274,143179,2,2,21,"2a4000e42a26bb5c"
156436,153022,2,2,22,"2a4000e42a26bb5c"
163448,160620,2,2,23,"2a4000e42a26bb5c"
171177,168529,2,2,24,"2a4000e42a26bb5c"
180650,176603,3,2,25,"2a4000e42a26bb5c"
185831,182509,2,3,26,"2a4000e42a26bb5c"
191351,188917,3,3,27,"2a4000e42a26bb5c"
199088,196049,3,3,28,"2a4000e42a26bb5c"
209751,206182,2,2,29,"2a4000e42a26bb5c"
215101,212684,3,3,30,"2a4000e42a26bb5c"
226827,222579,3,2,31,"2a4000e42a26bb5c"
233658,231397,3,2,32,"2a4000e42a26bb5c"
242269,239470,2,3,33,"2a4000e42a26bb5c"
248996,243904,2,3,34,"2a4000e42a26bb5c"
256401,254230,3,3,35,"2a4000e42a26bb5c"
14890,11848,3,3,1,"2aa325b12c081d6b"
19173,16795,3,3,2,"2aa325b12c081d6b"
24257,20657,3,2,3,"2aa325b12c081d6b"
30044,28218,3,3,4,"2aa325b12c081d6b"
42837,37646,3,3,5,"2aa325b12c081d6b"
47481,44138,3,2,6,"2aa325b12c081d6b"
55794,53627,3,3,7,"2aa325b12c081d6b"
64970,59569,3,3,8,"2aa325b12c081d6b"
70928,68036,3,3,9,"2aa325b12c081d6b"
79705,77075,3,3,10,"2aa325b12c081d6b"
93340,82718,3,3,11,"2aa325b12c081d6b"
103450,99531,3,3,12,"2aa325b12c081d6b"
108564,105900,3,3,13,"2aa325b12c081d6b"
117124,112060,2,3,14,"2aa325b12c081d6b"
124807,119704,3,3,15,"2aa325b12c081d6b"
129463,125593,2,2,16,"2aa325b12c081d6b"
138866,131195,3,2,17,"2aa325b12c081d6b"
150366,142082,2,2,18,"2aa325b12c081d6b"
7033,4059,2,2,1,"2ab0bdf48a15b7f8"
12199,9144,2,2,2,"2ab0bdf48a15b7f8"
16651,14217,3,2,3,"2ab0bdf48a15b7f8"
26248,22343,3,2,4,"2ab0bdf48a15b7f8"
33170,28099,2,2,5,"2ab0bdf48a15b7f8"
45512,39549,3,2,6,"2ab0bdf48a15b7f8"
57448,51023,2,3,7,"2ab0bdf48a15b7f8"
60821,58567,2,2,8,"2ab0bdf48a15b7f8"
67672,65625,2,2,9,"2ab0bdf48a15b7f8"
72228,68923,3,3,10,"2ab0bdf48a15b7f8"
80817,77441,3,2,11,"2ab0bdf48a15b7f8"
87674,85432,3,3,12,"2ab0bdf48a15b7f8"
100314,97069,3,3,13,"2ab0bdf48a15b7f8"
105245,103191,3,3,14,"2ab0bdf48a15b7f8"
110364,106667,3,2,15,"2ab0bdf48a15b7f8"
115747,113710,2,2,16,"2ab0bdf48a15b7f8"
127044,123794,2,2,17,"2ab0bdf48a15b7f8"
137782,131527,2,3,18,"2ab0bdf48a15b7f8"
140808,138851,3,3,19,"2ab0bdf48a15b7f8"
5906,1020,3,3,1,"2ad829638666b8d4"
12912,9742,3,3,2,"2ad829638666b8d4"
15765,13590,3,3,3,"2ad829638666b8d4"
20945,18726,2,3,4,"2ad829638666b8d4"
32056,29670,3,2,5,"2ad829638666b8d4"
44184,40232,3,3,6,"2ad829638666b8d4"
55741,49192,2,3,7,"2ad829638666b8d4"
67593,62324,3,3,8,"2ad829638666b8d4"
80217,72170,2,2,9,"2ad829638666b8d4"
85016,82526,2,3,10,"2ad829638666b8d4"
97127,90087,2,2,11,"2ad829638666b8d4"
104291,99817,3,2,12,"2ad829638666b8d4"
128888,112400,3,2,13,"2ad829638666b8d4"
134277,131097,3,2,14,"2ad829638666b8d4"
143476,139922,2,2,15,"2ad829638666b8d4"
150134,147476,3,3,16,"2ad829638666b8d4"
156927,152263,2,2,17,"2ad829638666b8d4"
166066,162323,3,3,18,"2ad829638666b8d4"
177917,171716,3,3,19,"2ad829638666b8d4"
183911,180583,3,3,20,"2ad829638666b8d4"
190371,187293,3,2,21,"2ad829638666b8d4"
2921,105,3,3,1,"2ae1cc0d2cda666c"
6249,3537,3,3,2,"2ae1cc0d2cda666c"
9597,7029,3,3,3,"2ae1cc0d2cda666c"
14711,12689,2,3,4,"2ae1cc0d2cda666c"
24504,20955,3,3,5,"2ae1cc0d2cda666c"
30781,28342,3,3,6,"2ae1cc0d2cda666c"
42413,38454,3,2,7,"2ae1cc0d2cda666c"
49942,47182,2,3,8,"2ae1cc0d2cda666c"
58279,55968,3,2,9,"2ae1cc0d2cda666c"
67141,64963,2,3,10,"2ae1cc0d2cda666c"
75310,72833,2,2,11,"2ae1cc0d2cda666c"
81880,79590,2,2,12,"2ae1cc0d2cda666c"
88077,85737,2,2,13,"2ae1cc0d2cda666c"
91514,89202,2,3,14,"2ae1cc0d2cda666c"
98501,95987,3,3,15,"2ae1cc0d2cda666c"
107193,104947,3,3,16,"2ae1cc0d2cda666c"
113633,111153,2,2,17,"2ae1cc0d2cda666c"
126027,119012,3,3,18,"2ae1cc0d2cda666c"
135085,131245,3,2,19,"2ae1cc0d2cda666c"
141918,139713,2,3,20,"2ae1cc0d2cda666c"
155163,150749,2,2,21,"2ae1cc0d2cda666c"
161672,159028,3,3,22,"2ae1cc0d2cda666c"
167131,164752,2,2,23,"2ae1cc0d2cda666c"
3483,1,3,3,1,"2b156f6b9eaefa9f"
9277,5643,2,3,2,"2b156f6b9eaefa9f"
39291,13814,2,2,3,"2b156f6b9eaefa9f"
48686,42263,2,2,4,"2b156f6b9eaefa9f"
54600,52644,2,2,5,"2b156f6b9eaefa9f"
58283,55421,2,2,6,"2b156f6b9eaefa9f"
63587,61686,3,3,7,"2b156f6b9eaefa9f"
67677,65713,2,2,8,"2b156f6b9eaefa9f"
77943,75744,2,2,9,"2b156f6b9eaefa9f"
90340,84109,2,2,10,"2b156f6b9eaefa9f"
97403,93315,2,2,11,"2b156f6b9eaefa9f"
107585,105348,3,3,12,"2b156f6b9eaefa9f"
127621,114533,2,2,13,"2b156f6b9eaefa9f"
135957,133727,2,2,14,"2b156f6b9eaefa9f"
142110,136960,3,2,15,"2b156f6b9eaefa9f"
149386,144902,2,3,16,"2b156f6b9eaefa9f"
157003,153619,2,3,17,"2b156f6b9eaefa9f"
166484,163254,3,3,18,"2b156f6b9eaefa9f"
172870,170409,2,2,19,"2b156f6b9eaefa9f"
176370,174015,2,3,20,"2b156f6b9eaefa9f"
186299,184372,2,2,21,"2b156f6b9eaefa9f"
198681,196844,2,3,22,"2b156f6b9eaefa9f"
4253,371,3,2,1,"2b692f403d8a2537"
13042,7805,3,2,2,"2b692f403d8a2537"
18540,16263,3,3,3,"2b692f403d8a2537"
25655,23550,3,2,4,"2b692f403d8a2537"
44126,36805,2,2,5,"2b692f403d8a2537"
53000,48080,2,2,6,"2b692f403d8a2537"
60087,57076,2,2,7,"2b692f403d8a2537"
71856,69168,2,2,8,"2b692f403d8a2537"
82088,78205,2,2,9,"2b692f403d8a2537"
90356,88085,2,2,10,"2b692f403d8a2537"
96988,94496,3,3,11,"2b692f403d8a2537"
106922,103394,3,3,12,"2b692f403d8a2537"
129767,113848,3,2,13,"2b692f403d8a2537"
135060,132586,3,2,14,"2b692f403d8a2537"
144114,142233,3,3,15,"2b692f403d8a2537"
155777,149695,3,3,16,"2b692f403d8a2537"
160057,158165,3,3,17,"2b692f403d8a2537"
166626,163704,3,2,18,"2b692f403d8a2537"
181514,176655,2,2,19,"2b692f403d8a2537"
191436,185476,3,3,20,"2b692f403d8a2537"
2100,1,3,3,1,"2b695c1803b50d24"
8273,5794,3,3,2,"2b695c1803b50d24"
22772,13180,3,3,3,"2b695c1803b50d24"
26371,23387,2,3,4,"2b695c1803b50d24"
36962,30428,2,2,5,"2b695c1803b50d24"
43470,40943,3,2,6,"2b695c1803b50d24"
52816,50147,2,2,7,"2b695c1803b50d24"
64597,58432,2,2,8,"2b695c1803b50d24"
72756,65710,3,3,9,"2b695c1803b50d24"
79186,74020,3,3,10,"2b695c1803b50d24"
92885,85490,2,2,11,"2b695c1803b50d24"
98959,96444,3,3,12,"2b695c1803b50d24"
120933,104729,3,3,13,"2b695c1803b50d24"
126829,124655,3,3,14,"2b695c1803b50d24"
130856,127621,3,2,15,"2b695c1803b50d24"
137963,132842,3,2,16,"2b695c1803b50d24"
143109,140859,2,2,17,"2b695c1803b50d24"
154832,152420,3,3,18,"2b695c1803b50d24"
167651,161380,2,2,19,"2b695c1803b50d24"
176171,172192,2,2,20,"2b695c1803b50d24"
187610,183474,3,3,21,"2b695c1803b50d24"
196411,192434,3,2,22,"2b695c1803b50d24"
2926,1,3,3,1,"2c371ad452ad8bd6"
7113,4545,3,3,2,"2c371ad452ad8bd6"
11530,9004,2,3,3,"2c371ad452ad8bd6"
16155,13980,3,3,4,"2c371ad452ad8bd6"
21868,17083,2,2,5,"2c371ad452ad8bd6"
29950,25988,2,3,6,"2c371ad452ad8bd6"
35048,32868,2,2,7,"2c371ad452ad8bd6"
43994,41696,3,3,8,"2c371ad452ad8bd6"
52083,46163,2,2,9,"2c371ad452ad8bd6"
57960,55765,3,2,10,"2c371ad452ad8bd6"
70350,68166,2,2,11,"2c371ad452ad8bd6"
77483,75214,3,3,12,"2c371ad452ad8bd6"
83318,80131,2,2,13,"2c371ad452ad8bd6"
89177,87319,2,2,14,"2c371ad452ad8bd6"
92458,90262,3,3,15,"2c371ad452ad8bd6"
99954,97724,3,3,16,"2c371ad452ad8bd6"
106141,103994,3,3,17,"2c371ad452ad8bd6"
112345,110014,3,2,18,"2c371ad452ad8bd6"
121411,118742,2,2,19,"2c371ad452ad8bd6"
129955,127382,3,3,20,"2c371ad452ad8bd6"
139858,135542,3,3,21,"2c371ad452ad8bd6"
149716,142216,3,3,22,"2c371ad452ad8bd6"
156540,153632,3,3,23,"2c371ad452ad8bd6"
165120,160164,3,3,24,"2c371ad452ad8bd6"
2982,1,2,2,1,"2c4b7b99bdc9aa34"
10978,6551,2,2,2,"2c4b7b99bdc9aa34"
15401,11644,3,3,3,"2c4b7b99bdc9aa34"
23817,21875,3,3,4,"2c4b7b99bdc9aa34"
37396,30675,3,3,5,"2c4b7b99bdc9aa34"
40594,38485,2,2,6,"2c4b7b99bdc9aa34"
47332,44435,3,2,7,"2c4b7b99bdc9aa34"
55980,52760,3,2,8,"2c4b7b99bdc9aa34"
64475,61271,2,3,9,"2c4b7b99bdc9aa34"
75330,72414,3,2,10,"2c4b7b99bdc9aa34"
83473,80279,3,3,11,"2c4b7b99bdc9aa34"
88473,85198,3,3,12,"2c4b7b99bdc9aa34"
94406,91465,2,2,13,"2c4b7b99bdc9aa34"
100687,97807,2,2,14,"2c4b7b99bdc9aa34"
109244,106992,2,3,15,"2c4b7b99bdc9aa34"
114994,112075,2,3,16,"2c4b7b99bdc9aa34"
122736,116771,3,3,17,"2c4b7b99bdc9aa34"
129369,125990,2,2,18,"2c4b7b99bdc9aa34"
135551,133194,3,3,19,"2c4b7b99bdc9aa34"
144367,140503,3,3,20,"2c4b7b99bdc9aa34"
149900,146575,3,3,21,"2c4b7b99bdc9aa34"
155788,152948,3,3,22,"2c4b7b99bdc9aa34"
18615,5467,2,3,1,"2c50b73b764f1dfe"
22680,20329,3,3,2,"2c50b73b764f1dfe"
29740,27000,3,2,3,"2c50b73b764f1dfe"
36366,34151,3,2,4,"2c50b73b764f1dfe"
46617,44606,2,2,5,"2c50b73b764f1dfe"
57377,52944,3,2,6,"2c50b73b764f1dfe"
66429,62198,2,2,7,"2c50b73b764f1dfe"
73908,71334,2,2,8,"2c50b73b764f1dfe"
82352,78641,3,2,9,"2c50b73b764f1dfe"
88940,86845,3,3,10,"2c50b73b764f1dfe"
99878,96693,3,3,11,"2c50b73b764f1dfe"
110644,106041,2,2,12,"2c50b73b764f1dfe"
127206,112616,3,3,13,"2c50b73b764f1dfe"
130907,128078,2,3,14,"2c50b73b764f1dfe"
137712,135216,3,3,15,"2c50b73b764f1dfe"
143087,140980,3,3,16,"2c50b73b764f1dfe"
154624,151192,3,2,17,"2c50b73b764f1dfe"
160928,157842,2,2,18,"2c50b73b764f1dfe"
170465,166952,3,2,19,"2c50b73b764f1dfe"
181452,177752,2,2,20,"2c50b73b764f1dfe"
188202,185482,3,2,21,"2c50b73b764f1dfe"
199444,194096,3,3,22,"2c50b73b764f1dfe"
1164,1,3,3,1,"2c61e42af43466e6"
8042,3421,2,3,2,"2c61e42af43466e6"
19574,11590,3,3,3,"2c61e42af43466e6"
23558,21569,3,3,4,"2c61e42af43466e6"
38141,32669,2,3,5,"2c61e42af43466e6"
43049,40327,3,3,6,"2c61e42af43466e6"
50410,46193,3,3,7,"2c61e42af43466e6"
55325,52521,2,3,8,"2c61e42af43466e6"
60654,58621,3,3,9,"2c61e42af43466e6"
67369,62050,3,3,10,"2c61e42af43466e6"
73623,68792,2,3,11,"2c61e42af43466e6"
78864,76337,3,3,12,"2c61e42af43466e6"
99311,87817,2,2,13,"2c61e42af43466e6"
3814,112,3,2,1,"2c8de8ed23e2a41"
12341,9610,3,2,2,"2c8de8ed23e2a41"
22650,19563,3,2,3,"2c8de8ed23e2a41"
31769,27732,3,2,4,"2c8de8ed23e2a41"
41376,37688,2,2,5,"2c8de8ed23e2a41"
45902,44045,3,2,6,"2c8de8ed23e2a41"
53935,52104,2,2,7,"2c8de8ed23e2a41"
60783,58257,2,2,8,"2c8de8ed23e2a41"
70719,67103,3,2,9,"2c8de8ed23e2a41"
80710,78432,3,3,10,"2c8de8ed23e2a41"
90508,88032,3,3,11,"2c8de8ed23e2a41"
100215,98356,3,2,12,"2c8de8ed23e2a41"
109728,106003,3,3,13,"2c8de8ed23e2a41"
112656,110789,2,2,14,"2c8de8ed23e2a41"
122382,120147,3,3,15,"2c8de8ed23e2a41"
128374,126770,2,3,16,"2c8de8ed23e2a41"
2524,1,3,3,1,"2cb0358094e6e7d"
8973,6205,3,3,2,"2cb0358094e6e7d"
14116,9794,3,3,3,"2cb0358094e6e7d"
22888,20338,3,3,4,"2cb0358094e6e7d"
31573,28371,2,2,5,"2cb0358094e6e7d"
41331,37814,2,3,6,"2cb0358094e6e7d"
51643,46943,3,2,7,"2cb0358094e6e7d"
58639,55400,2,2,8,"2cb0358094e6e7d"
73650,67955,2,2,9,"2cb0358094e6e7d"
76746,74522,2,2,10,"2cb0358094e6e7d"
91734,86979,3,2,11,"2cb0358094e6e7d"
99259,96607,2,2,12,"2cb0358094e6e7d"
119011,105114,3,3,13,"2cb0358094e6e7d"
128455,124152,3,2,14,"2cb0358094e6e7d"
135086,132707,3,2,15,"2cb0358094e6e7d"
145877,139998,2,2,16,"2cb0358094e6e7d"
154287,146823,2,3,17,"2cb0358094e6e7d"
159269,156489,2,3,18,"2cb0358094e6e7d"
166185,163913,3,3,19,"2cb0358094e6e7d"
170683,167407,3,2,20,"2cb0358094e6e7d"
182215,176059,3,3,21,"2cb0358094e6e7d"
191034,184486,3,2,22,"2cb0358094e6e7d"
200463,197375,3,3,23,"2cb0358094e6e7d"
12874,352,3,3,1,"2dcf733686e46889"
19479,14358,2,3,2,"2dcf733686e46889"
27759,21701,2,3,3,"2dcf733686e46889"
33013,30019,3,3,4,"2dcf733686e46889"
44907,41296,3,3,5,"2dcf733686e46889"
51637,49773,2,2,6,"2dcf733686e46889"
61155,58546,3,3,7,"2dcf733686e46889"
73074,69646,2,2,8,"2dcf733686e46889"
84715,82420,2,2,9,"2dcf733686e46889"
93364,87184,2,2,10,"2dcf733686e46889"
102795,97420,2,2,11,"2dcf733686e46889"
106313,104223,2,2,12,"2dcf733686e46889"
126198,110567,3,3,13,"2dcf733686e46889"
129800,127715,3,3,14,"2dcf733686e46889"
136435,131393,3,3,15,"2dcf733686e46889"
140478,137465,3,3,16,"2dcf733686e46889"
146767,143657,2,2,17,"2dcf733686e46889"
154701,150723,2,2,18,"2dcf733686e46889"
166109,162728,3,2,19,"2dcf733686e46889"
172530,169998,2,3,20,"2dcf733686e46889"
185728,179750,2,3,21,"2dcf733686e46889"
189346,187026,3,2,22,"2dcf733686e46889"
197260,193147,2,2,23,"2dcf733686e46889"
204350,202022,3,3,24,"2dcf733686e46889"
1248,1,3,2,1,"2e0ccb276a0f195d"
5358,3304,2,2,2,"2e0ccb276a0f195d"
9798,7602,2,2,3,"2e0ccb276a0f195d"
15853,13650,3,3,4,"2e0ccb276a0f195d"
22639,20412,3,3,5,"2e0ccb276a0f195d"
30643,25103,3,2,6,"2e0ccb276a0f195d"
37262,34890,3,3,7,"2e0ccb276a0f195d"
41137,38996,2,2,8,"2e0ccb276a0f195d"
47698,45467,3,2,9,"2e0ccb276a0f195d"
52442,50087,2,2,10,"2e0ccb276a0f195d"
56492,54232,2,2,11,"2e0ccb276a0f195d"
59770,57822,3,2,12,"2e0ccb276a0f195d"
68398,65832,3,3,13,"2e0ccb276a0f195d"
72746,70566,3,3,14,"2e0ccb276a0f195d"
79532,77274,2,3,15,"2e0ccb276a0f195d"
82741,80726,2,2,16,"2e0ccb276a0f195d"
88278,85863,3,3,17,"2e0ccb276a0f195d"
4786,1,2,2,1,"2ec3d9f47144d6b0"
11923,7464,2,2,2,"2ec3d9f47144d6b0"
19044,15690,3,3,3,"2ec3d9f47144d6b0"
58633,25885,2,2,4,"2ec3d9f47144d6b0"
68568,63706,3,2,5,"2ec3d9f47144d6b0"
75815,73611,3,2,6,"2ec3d9f47144d6b0"
83456,79787,3,3,7,"2ec3d9f47144d6b0"
9598,5977,2,2,1,"2f0c34cd76cb0d68"
17537,12442,3,2,2,"2f0c34cd76cb0d68"
22016,18699,3,2,3,"2f0c34cd76cb0d68"
36607,33730,3,3,4,"2f0c34cd76cb0d68"
43758,40748,3,3,5,"2f0c34cd76cb0d68"
49520,45651,3,3,6,"2f0c34cd76cb0d68"
52624,50586,3,3,7,"2f0c34cd76cb0d68"
59207,55488,3,3,8,"2f0c34cd76cb0d68"
64572,61471,2,3,9,"2f0c34cd76cb0d68"
72334,69175,3,3,10,"2f0c34cd76cb0d68"
77785,74372,3,2,11,"2f0c34cd76cb0d68"
89238,81845,2,2,12,"2f0c34cd76cb0d68"
97252,94400,2,2,13,"2f0c34cd76cb0d68"
104079,100058,2,2,14,"2f0c34cd76cb0d68"
117104,112944,3,2,15,"2f0c34cd76cb0d68"
122349,120075,3,3,16,"2f0c34cd76cb0d68"
127441,124395,2,3,17,"2f0c34cd76cb0d68"
138312,133483,3,3,18,"2f0c34cd76cb0d68"
146071,140171,2,2,19,"2f0c34cd76cb0d68"
151804,148655,3,3,20,"2f0c34cd76cb0d68"
161970,157810,2,2,21,"2f0c34cd76cb0d68"
171294,167061,2,2,22,"2f0c34cd76cb0d68"
2671,1,3,2,1,"2f0d782c4c89b6aa"
10066,5965,3,3,2,"2f0d782c4c89b6aa"
21068,15588,3,3,3,"2f0d782c4c89b6aa"
26947,22695,3,3,4,"2f0d782c4c89b6aa"
32350,28602,3,3,5,"2f0d782c4c89b6aa"
43409,39675,3,3,6,"2f0d782c4c89b6aa"
51791,47658,2,2,7,"2f0d782c4c89b6aa"
59106,56752,2,3,8,"2f0d782c4c89b6aa"
64024,62125,2,3,9,"2f0d782c4c89b6aa"
72637,68472,3,2,10,"2f0d782c4c89b6aa"
78505,76392,2,2,11,"2f0d782c4c89b6aa"
91965,85953,2,3,12,"2f0d782c4c89b6aa"
9513,5980,2,2,1,"3020d65d37204122"
18382,15443,3,3,2,"3020d65d37204122"
29437,26531,3,3,3,"3020d65d37204122"
33737,31472,3,3,4,"3020d65d37204122"
40124,36606,3,3,5,"3020d65d37204122"
47766,45521,2,2,6,"3020d65d37204122"
60050,57024,2,3,7,"3020d65d37204122"
68840,66272,3,3,8,"3020d65d37204122"
75396,72376,3,3,9,"3020d65d37204122"
78476,76500,3,3,10,"3020d65d37204122"
87509,84894,3,3,11,"3020d65d37204122"
91452,88504,2,2,12,"3020d65d37204122"
103210,99829,2,2,13,"3020d65d37204122"
109062,105808,3,2,14,"3020d65d37204122"
117133,112303,2,2,15,"3020d65d37204122"
122364,120197,2,3,16,"3020d65d37204122"
127918,124505,3,3,17,"3020d65d37204122"
134023,131860,3,3,18,"3020d65d37204122"
139190,136916,2,2,19,"3020d65d37204122"
2432,61,3,2,1,"305ce9e799abb7e2"
8077,4478,2,2,2,"305ce9e799abb7e2"
18233,13726,2,3,3,"305ce9e799abb7e2"
24417,22344,3,3,4,"305ce9e799abb7e2"
33276,30655,3,3,5,"305ce9e799abb7e2"
41756,34596,2,2,6,"305ce9e799abb7e2"
51745,46306,2,2,7,"305ce9e799abb7e2"
61976,56342,3,3,8,"305ce9e799abb7e2"
70237,67577,2,3,9,"305ce9e799abb7e2"
85144,78186,2,2,10,"305ce9e799abb7e2"
90933,88698,3,3,11,"305ce9e799abb7e2"
95193,92936,2,3,12,"305ce9e799abb7e2"
102052,99000,2,3,13,"305ce9e799abb7e2"
107321,105073,2,3,14,"305ce9e799abb7e2"
114124,111566,2,3,15,"305ce9e799abb7e2"
123447,120526,2,3,16,"305ce9e799abb7e2"
133498,130333,3,3,17,"305ce9e799abb7e2"
143407,139293,3,3,18,"305ce9e799abb7e2"
149294,146937,2,2,19,"305ce9e799abb7e2"
155970,153072,3,3,20,"305ce9e799abb7e2"
165444,163266,3,3,21,"305ce9e799abb7e2"
4040,53,3,2,1,"30a44e42b240657d"
10117,7472,2,2,2,"30a44e42b240657d"
18179,14339,2,2,3,"30a44e42b240657d"
24250,21739,2,3,4,"30a44e42b240657d"
28745,26920,2,2,5,"30a44e42b240657d"
39450,35484,3,3,6,"30a44e42b240657d"
46550,44269,2,2,7,"30a44e42b240657d"
55021,51445,3,2,8,"30a44e42b240657d"
64821,61512,3,2,9,"30a44e42b240657d"
73180,65544,3,3,10,"30a44e42b240657d"
78220,76174,2,2,11,"30a44e42b240657d"
82711,80320,3,2,12,"30a44e42b240657d"
111805,86099,3,3,13,"30a44e42b240657d"
120139,116277,3,3,14,"30a44e42b240657d"
124740,122378,2,2,15,"30a44e42b240657d"
135697,132696,2,2,16,"30a44e42b240657d"
146775,142520,3,3,17,"30a44e42b240657d"
151106,149296,2,2,18,"30a44e42b240657d"
161823,158538,2,3,19,"30a44e42b240657d"
58686,1018,3,3,1,"30bc27daf13b2993"
68229,65720,3,3,2,"30bc27daf13b2993"
73935,71798,3,3,3,"30bc27daf13b2993"
79364,76689,2,2,4,"30bc27daf13b2993"
85105,82852,3,3,5,"30bc27daf13b2993"
88460,85949,3,3,6,"30bc27daf13b2993"
93636,91440,3,3,7,"30bc27daf13b2993"
103813,97345,2,3,8,"30bc27daf13b2993"
109686,107788,2,3,9,"30bc27daf13b2993"
117073,114567,3,3,10,"30bc27daf13b2993"
122560,119843,3,3,11,"30bc27daf13b2993"
126758,124199,2,3,12,"30bc27daf13b2993"
147876,131802,2,2,13,"30bc27daf13b2993"
153410,151334,2,2,14,"30bc27daf13b2993"
4702,970,3,3,1,"30e4688a7c450b3c"
8942,5966,3,3,2,"30e4688a7c450b3c"
17481,12971,3,3,3,"30e4688a7c450b3c"
23140,19887,2,3,4,"30e4688a7c450b3c"
28090,25331,3,3,5,"30e4688a7c450b3c"
44332,37492,3,3,6,"30e4688a7c450b3c"
52086,45257,3,3,7,"30e4688a7c450b3c"
60277,55751,2,2,8,"30e4688a7c450b3c"
67017,64780,3,2,9,"30e4688a7c450b3c"
78144,75443,3,3,10,"30e4688a7c450b3c"
84259,82103,2,2,11,"30e4688a7c450b3c"
98261,92588,2,2,12,"30e4688a7c450b3c"
104405,101528,2,2,13,"30e4688a7c450b3c"
114308,109575,3,2,14,"30e4688a7c450b3c"
128626,122752,2,2,15,"30e4688a7c450b3c"
134892,132439,2,2,16,"30e4688a7c450b3c"
147679,145446,3,2,17,"30e4688a7c450b3c"
5075,112,3,2,1,"313f9694f6044536"
9431,6414,2,2,2,"313f9694f6044536"
13883,10103,3,3,3,"313f9694f6044536"
23338,19063,3,3,4,"313f9694f6044536"
31939,26184,2,3,5,"313f9694f6044536"
42512,33423,3,3,6,"313f9694f6044536"
48384,46038,3,2,7,"313f9694f6044536"
59036,52316,3,2,8,"313f9694f6044536"
64378,61598,2,3,9,"313f9694f6044536"
73281,70558,3,3,10,"313f9694f6044536"
79136,76862,2,2,11,"313f9694f6044536"
90024,87825,2,2,12,"313f9694f6044536"
100037,94869,2,2,13,"313f9694f6044536"
105009,100560,2,2,14,"313f9694f6044536"
113669,107119,2,2,15,"313f9694f6044536"
119186,115486,2,2,16,"313f9694f6044536"
127270,124906,3,2,17,"313f9694f6044536"
135944,132859,3,3,18,"313f9694f6044536"
147656,141332,3,2,19,"313f9694f6044536"
158545,156391,3,3,20,"313f9694f6044536"
168486,165147,3,3,21,"313f9694f6044536"
173974,169547,2,3,22,"313f9694f6044536"
184108,177538,3,3,23,"313f9694f6044536"
192332,188902,2,3,24,"313f9694f6044536"
199727,196871,3,3,25,"313f9694f6044536"
208532,204972,2,3,26,"313f9694f6044536"
218244,216196,3,2,27,"313f9694f6044536"
225001,222583,2,3,28,"313f9694f6044536"
235772,233531,3,2,29,"313f9694f6044536"
243569,241368,2,3,30,"313f9694f6044536"
250579,246773,3,3,31,"313f9694f6044536"
257607,255653,3,2,32,"313f9694f6044536"
267164,263183,3,3,33,"313f9694f6044536"
275236,272368,3,3,34,"313f9694f6044536"
282459,280352,2,2,35,"313f9694f6044536"
290742,288113,2,3,36,"313f9694f6044536"
295990,293283,3,3,37,"313f9694f6044536"
302591,299994,2,2,38,"313f9694f6044536"
309323,307190,2,3,39,"313f9694f6044536"
315473,312929,3,3,40,"313f9694f6044536"
321159,318668,3,2,41,"313f9694f6044536"
327198,324303,3,3,42,"313f9694f6044536"
336928,333765,3,3,43,"313f9694f6044536"
342059,339987,2,2,44,"313f9694f6044536"
351250,347989,2,2,45,"313f9694f6044536"
359943,357121,2,2,46,"313f9694f6044536"
366293,363806,3,2,47,"313f9694f6044536"
371340,369116,3,3,48,"313f9694f6044536"
378160,375394,3,3,49,"313f9694f6044536"
390846,386802,3,2,50,"313f9694f6044536"
397728,393668,2,3,51,"313f9694f6044536"
404037,401093,3,3,52,"313f9694f6044536"
409810,407146,2,2,53,"313f9694f6044536"
413051,411074,2,2,54,"313f9694f6044536"
2935,104,2,2,1,"315c2968095fe213"
10515,5161,2,2,2,"315c2968095fe213"
17506,12847,2,2,3,"315c2968095fe213"
23789,20955,3,3,4,"315c2968095fe213"
31746,27586,2,2,5,"315c2968095fe213"
39415,34657,2,2,6,"315c2968095fe213"
47307,40949,2,2,7,"315c2968095fe213"
57313,53782,3,2,8,"315c2968095fe213"
63343,60927,2,2,9,"315c2968095fe213"
69374,66256,3,2,10,"315c2968095fe213"
77175,74159,3,2,11,"315c2968095fe213"
86055,80107,3,3,12,"315c2968095fe213"
94894,90936,2,2,13,"315c2968095fe213"
100478,96351,2,2,14,"315c2968095fe213"
106514,104334,3,3,15,"315c2968095fe213"
113360,110142,2,2,16,"315c2968095fe213"
125623,119379,3,3,17,"315c2968095fe213"
133270,126992,2,2,18,"315c2968095fe213"
140331,137233,2,2,19,"315c2968095fe213"
145063,142976,3,2,20,"315c2968095fe213"
154220,149400,3,3,21,"315c2968095fe213"
17036,348,2,2,1,"319b8a24f3d5e3bc"
20601,18575,2,2,2,"319b8a24f3d5e3bc"
28982,25756,3,2,3,"319b8a24f3d5e3bc"
39357,35235,2,3,4,"319b8a24f3d5e3bc"
49903,45813,3,3,5,"319b8a24f3d5e3bc"
57121,54901,3,3,6,"319b8a24f3d5e3bc"
63159,59297,3,3,7,"319b8a24f3d5e3bc"
66008,64165,3,3,8,"319b8a24f3d5e3bc"
72694,68978,3,3,9,"319b8a24f3d5e3bc"
79180,76731,3,3,10,"319b8a24f3d5e3bc"
85727,82948,2,3,11,"319b8a24f3d5e3bc"
95055,88718,3,3,12,"319b8a24f3d5e3bc"
110790,96264,3,3,13,"319b8a24f3d5e3bc"
119568,117155,2,3,14,"319b8a24f3d5e3bc"
125251,122609,3,3,15,"319b8a24f3d5e3bc"
134386,130464,3,3,16,"319b8a24f3d5e3bc"
144016,141803,3,2,17,"319b8a24f3d5e3bc"
159059,152838,2,3,18,"319b8a24f3d5e3bc"
164271,161926,3,2,19,"319b8a24f3d5e3bc"
177482,174501,2,2,20,"319b8a24f3d5e3bc"
184448,181805,3,2,21,"319b8a24f3d5e3bc"
3909,994,2,3,1,"31d6d8bb325cf9f8"
12413,7123,3,3,2,"31d6d8bb325cf9f8"
19221,15026,3,3,3,"31d6d8bb325cf9f8"
27380,21693,2,2,4,"31d6d8bb325cf9f8"
34244,31935,3,3,5,"31d6d8bb325cf9f8"
43449,40343,2,3,6,"31d6d8bb325cf9f8"
52707,48208,2,2,7,"31d6d8bb325cf9f8"
57798,55497,3,3,8,"31d6d8bb325cf9f8"
64756,62434,3,3,9,"31d6d8bb325cf9f8"
71147,66311,2,3,10,"31d6d8bb325cf9f8"
80667,75470,2,3,11,"31d6d8bb325cf9f8"
87199,84247,3,2,12,"31d6d8bb325cf9f8"
94141,90925,3,3,13,"31d6d8bb325cf9f8"
99723,96479,3,3,14,"31d6d8bb325cf9f8"
106765,102227,2,3,15,"31d6d8bb325cf9f8"
111041,108992,2,2,16,"31d6d8bb325cf9f8"
120994,118537,3,3,17,"31d6d8bb325cf9f8"
128641,126471,2,2,18,"31d6d8bb325cf9f8"
137940,135379,3,3,19,"31d6d8bb325cf9f8"
145670,140584,3,3,20,"31d6d8bb325cf9f8"
149094,146865,2,2,21,"31d6d8bb325cf9f8"
160952,157882,2,3,22,"31d6d8bb325cf9f8"
169186,166970,2,3,23,"31d6d8bb325cf9f8"
180326,177627,2,3,24,"31d6d8bb325cf9f8"
192595,184922,3,3,25,"31d6d8bb325cf9f8"
196051,193965,3,2,26,"31d6d8bb325cf9f8"
203509,201321,2,2,27,"31d6d8bb325cf9f8"
209302,205387,2,2,28,"31d6d8bb325cf9f8"
219881,217314,2,2,29,"31d6d8bb325cf9f8"
236067,228517,2,2,30,"31d6d8bb325cf9f8"
3629,736,3,2,1,"32379617abb31e8"
9894,6391,2,2,4,"32379617abb31e8"
16495,13429,2,2,5,"32379617abb31e8"
21767,19654,3,3,6,"32379617abb31e8"
30672,24600,2,2,7,"32379617abb31e8"
37528,34406,2,3,8,"32379617abb31e8"
46678,44174,3,3,9,"32379617abb31e8"
54729,49686,3,3,10,"32379617abb31e8"
62228,59714,2,2,11,"32379617abb31e8"
76473,72011,2,2,12,"32379617abb31e8"
82761,80427,3,2,13,"32379617abb31e8"
91600,87685,2,2,14,"32379617abb31e8"
98111,94463,2,3,15,"32379617abb31e8"
106837,103412,3,2,16,"32379617abb31e8"
112532,109872,2,2,17,"32379617abb31e8"
117578,115001,3,3,18,"32379617abb31e8"
122167,119889,2,3,19,"32379617abb31e8"
130813,128471,3,3,20,"32379617abb31e8"
134400,131859,2,2,21,"32379617abb31e8"
142878,140500,3,3,22,"32379617abb31e8"
149208,147243,3,3,23,"32379617abb31e8"
157058,153037,3,3,24,"32379617abb31e8"
7673,1018,2,2,1,"32ee618f640f3c34"
10790,8630,2,2,2,"32ee618f640f3c34"
15288,11427,2,2,3,"32ee618f640f3c34"
20422,18887,2,2,4,"32ee618f640f3c34"
30377,24118,3,3,5,"32ee618f640f3c34"
39372,34442,2,3,6,"32ee618f640f3c34"
48657,43689,3,2,7,"32ee618f640f3c34"
57730,52595,3,2,8,"32ee618f640f3c34"
65087,61140,2,2,9,"32ee618f640f3c34"
73110,70838,3,3,10,"32ee618f640f3c34"
85279,79798,3,3,11,"32ee618f640f3c34"
93745,87861,2,2,12,"32ee618f640f3c34"
110015,99536,2,3,13,"32ee618f640f3c34"
114091,111047,3,3,14,"32ee618f640f3c34"
118951,115768,2,2,15,"32ee618f640f3c34"
126817,123864,2,2,16,"32ee618f640f3c34"
135252,130597,2,2,17,"32ee618f640f3c34"
142877,138962,2,2,18,"32ee618f640f3c34"
150534,146252,2,3,19,"32ee618f640f3c34"
155479,153918,3,2,20,"32ee618f640f3c34"
165804,163569,2,2,21,"32ee618f640f3c34"
172791,168155,2,2,22,"32ee618f640f3c34"
184136,177176,3,2,23,"32ee618f640f3c34"
188814,186077,3,2,24,"32ee618f640f3c34"
2839,1,2,2,1,"333d7f4325d9145f"
8069,6091,2,2,2,"333d7f4325d9145f"
22067,12788,2,2,3,"333d7f4325d9145f"
38554,23566,2,2,4,"333d7f4325d9145f"
47690,42567,2,3,5,"333d7f4325d9145f"
53776,50467,3,2,6,"333d7f4325d9145f"
62394,59969,3,3,7,"333d7f4325d9145f"
70163,68061,3,2,8,"333d7f4325d9145f"
84263,75174,3,3,9,"333d7f4325d9145f"
90509,87739,3,3,10,"333d7f4325d9145f"
101383,98503,3,3,11,"333d7f4325d9145f"
104668,102229,2,2,12,"333d7f4325d9145f"
110704,107272,2,2,13,"333d7f4325d9145f"
116277,113807,2,2,14,"333d7f4325d9145f"
120130,117899,2,2,15,"333d7f4325d9145f"
131843,129641,2,3,16,"333d7f4325d9145f"
141076,138601,2,2,17,"333d7f4325d9145f"
153422,150655,2,2,18,"333d7f4325d9145f"
160809,158767,3,3,19,"333d7f4325d9145f"
165685,162072,3,2,20,"333d7f4325d9145f"
172646,169388,3,3,21,"333d7f4325d9145f"
184196,182183,3,3,22,"333d7f4325d9145f"
189228,186673,3,3,23,"333d7f4325d9145f"
197461,189884,3,3,24,"333d7f4325d9145f"
2295,1,3,3,1,"33de35c026ecd383"
12584,6800,2,3,2,"33de35c026ecd383"
19650,14930,2,2,3,"33de35c026ecd383"
26197,23905,3,3,4,"33de35c026ecd383"
38586,33512,3,3,5,"33de35c026ecd383"
46004,42951,2,2,6,"33de35c026ecd383"
54863,52726,3,3,7,"33de35c026ecd383"
65388,61978,3,3,8,"33de35c026ecd383"
69111,66989,2,2,9,"33de35c026ecd383"
76740,72723,3,3,10,"33de35c026ecd383"
80890,78872,3,3,11,"33de35c026ecd383"
88662,86484,3,3,12,"33de35c026ecd383"
96029,91651,2,3,13,"33de35c026ecd383"
103344,99902,2,2,14,"33de35c026ecd383"
117199,110458,3,3,15,"33de35c026ecd383"
122533,119289,3,3,16,"33de35c026ecd383"
129104,126461,3,3,17,"33de35c026ecd383"
138249,133120,2,3,18,"33de35c026ecd383"
146360,143624,3,3,19,"33de35c026ecd383"
153382,147092,3,2,20,"33de35c026ecd383"
159127,156979,3,2,21,"33de35c026ecd383"
166676,164651,3,3,22,"33de35c026ecd383"
173440,171485,3,3,23,"33de35c026ecd383"
177964,175894,2,3,24,"33de35c026ecd383"
186216,183921,3,3,25,"33de35c026ecd383"
191165,187594,3,3,26,"33de35c026ecd383"
200709,198010,2,2,27,"33de35c026ecd383"
209077,206238,3,3,28,"33de35c026ecd383"
215638,212447,3,3,29,"33de35c026ecd383"
221368,219182,2,2,30,"33de35c026ecd383"
227112,224993,3,3,31,"33de35c026ecd383"
234503,232331,3,2,32,"33de35c026ecd383"
248975,242944,3,3,33,"33de35c026ecd383"
271379,251747,2,2,34,"33de35c026ecd383"
278792,275087,3,3,35,"33de35c026ecd383"
5386,1,2,3,1,"355557a65edecf7f"
15609,9208,3,3,2,"355557a65edecf7f"
18711,16337,3,3,3,"355557a65edecf7f"
29345,23163,3,3,4,"355557a65edecf7f"
42386,37721,2,2,5,"355557a65edecf7f"
48555,46768,3,3,6,"355557a65edecf7f"
56566,54483,3,2,7,"355557a65edecf7f"
64959,62687,2,2,8,"355557a65edecf7f"
74906,68092,3,2,9,"355557a65edecf7f"
80742,78633,3,3,10,"355557a65edecf7f"
88077,85885,3,3,11,"355557a65edecf7f"
96921,93245,3,3,12,"355557a65edecf7f"
106599,101716,2,2,13,"355557a65edecf7f"
110869,108768,2,2,14,"355557a65edecf7f"
117856,111825,3,3,15,"355557a65edecf7f"
129483,122142,3,3,16,"355557a65edecf7f"
140531,135445,3,3,17,"355557a65edecf7f"
148574,141447,2,2,18,"355557a65edecf7f"
157335,154241,3,3,19,"355557a65edecf7f"
164734,162062,3,3,20,"355557a65edecf7f"
171329,167749,2,2,21,"355557a65edecf7f"
179341,177014,3,2,22,"355557a65edecf7f"
8728,4060,2,2,1,"35943b9b1fa54851"
15324,12201,2,2,2,"35943b9b1fa54851"
20045,16691,3,2,3,"35943b9b1fa54851"
26916,24589,2,2,4,"35943b9b1fa54851"
31639,28822,3,2,5,"35943b9b1fa54851"
44102,40542,2,2,6,"35943b9b1fa54851"
48829,46503,2,2,7,"35943b9b1fa54851"
61299,54042,2,2,8,"35943b9b1fa54851"
71386,67654,3,3,9,"35943b9b1fa54851"
83199,76742,3,2,10,"35943b9b1fa54851"
88110,85941,2,3,11,"35943b9b1fa54851"
93481,91024,3,2,12,"35943b9b1fa54851"
103223,100220,2,3,13,"35943b9b1fa54851"
112654,109217,3,3,14,"35943b9b1fa54851"
117442,114280,3,3,15,"35943b9b1fa54851"
18935,1018,2,2,1,"363044199d8a3bcd"
26603,20515,2,2,2,"363044199d8a3bcd"
34070,27861,2,2,3,"363044199d8a3bcd"
38712,35996,3,2,4,"363044199d8a3bcd"
43027,40260,2,2,5,"363044199d8a3bcd"
48127,46110,2,2,6,"363044199d8a3bcd"
52779,50202,3,2,7,"363044199d8a3bcd"
63920,61282,2,2,8,"363044199d8a3bcd"
72541,67572,3,3,9,"363044199d8a3bcd"
79559,76236,2,2,10,"363044199d8a3bcd"
85540,82612,3,2,11,"363044199d8a3bcd"
90744,87910,3,2,12,"363044199d8a3bcd"
108429,96889,2,3,13,"363044199d8a3bcd"
114217,111252,3,3,14,"363044199d8a3bcd"
11724,8966,3,3,1,"36a673862bdb4b0a"
19998,15622,3,3,2,"36a673862bdb4b0a"
24768,22005,2,2,3,"36a673862bdb4b0a"
32391,29391,3,2,4,"36a673862bdb4b0a"
40102,37702,2,2,5,"36a673862bdb4b0a"
47416,44687,3,3,6,"36a673862bdb4b0a"
58757,53449,3,3,7,"36a673862bdb4b0a"
64856,62974,3,2,8,"36a673862bdb4b0a"
78209,73835,2,2,9,"36a673862bdb4b0a"
86986,82936,2,2,10,"36a673862bdb4b0a"
91917,89783,3,3,11,"36a673862bdb4b0a"
96374,94500,2,2,12,"36a673862bdb4b0a"
104550,101381,3,3,13,"36a673862bdb4b0a"
108306,106189,3,3,14,"36a673862bdb4b0a"
116988,113208,2,3,15,"36a673862bdb4b0a"
122366,119933,3,2,16,"36a673862bdb4b0a"
130235,127783,3,3,17,"36a673862bdb4b0a"
139239,134613,2,2,18,"36a673862bdb4b0a"
147110,144570,3,3,19,"36a673862bdb4b0a"
158170,155873,3,3,20,"36a673862bdb4b0a"
9794,7378,3,3,1,"36bf508e95dc5e64"
17989,14687,3,3,2,"36bf508e95dc5e64"
22481,20391,3,3,3,"36bf508e95dc5e64"
25535,23437,3,2,4,"36bf508e95dc5e64"
30990,28609,3,3,5,"36bf508e95dc5e64"
39999,37705,2,2,6,"36bf508e95dc5e64"
46407,44270,2,2,7,"36bf508e95dc5e64"
56408,53960,3,2,8,"36bf508e95dc5e64"
64282,57974,2,2,9,"36bf508e95dc5e64"
74830,67749,3,3,10,"36bf508e95dc5e64"
83365,80254,3,3,11,"36bf508e95dc5e64"
93413,89593,3,3,12,"36bf508e95dc5e64"
102755,97657,2,3,13,"36bf508e95dc5e64"
111678,104689,2,2,14,"36bf508e95dc5e64"
117275,115191,3,3,15,"36bf508e95dc5e64"
125369,123308,2,2,16,"36bf508e95dc5e64"
133086,126533,2,2,17,"36bf508e95dc5e64"
139167,137301,2,2,18,"36bf508e95dc5e64"
150261,147266,3,2,19,"36bf508e95dc5e64"
162226,157541,2,2,20,"36bf508e95dc5e64"
4179,1,2,3,1,"37a84f08a2399ebc"
12321,7481,3,3,2,"37a84f08a2399ebc"
15437,13031,3,3,3,"37a84f08a2399ebc"
20667,17408,3,3,4,"37a84f08a2399ebc"
28719,22047,3,3,5,"37a84f08a2399ebc"
32466,29612,2,2,6,"37a84f08a2399ebc"
47468,40760,3,3,7,"37a84f08a2399ebc"
56797,54310,3,3,8,"37a84f08a2399ebc"
69975,65410,3,3,9,"37a84f08a2399ebc"
79220,71391,3,2,10,"37a84f08a2399ebc"
88573,84906,2,3,11,"37a84f08a2399ebc"
96754,94660,3,2,12,"37a84f08a2399ebc"
121777,104303,3,3,13,"37a84f08a2399ebc"
131470,126517,3,3,14,"37a84f08a2399ebc"
140360,134738,3,2,15,"37a84f08a2399ebc"
148244,144889,2,2,16,"37a84f08a2399ebc"
160559,157158,2,2,17,"37a84f08a2399ebc"
167449,164190,2,3,18,"37a84f08a2399ebc"
177185,174512,2,2,19,"37a84f08a2399ebc"
7516,1018,3,3,1,"37faea3092e1fd7c"
10383,8577,3,3,2,"37faea3092e1fd7c"
15450,12566,2,3,3,"37faea3092e1fd7c"
21534,18726,3,3,4,"37faea3092e1fd7c"
26216,24287,3,3,5,"37faea3092e1fd7c"
35241,32736,2,3,6,"37faea3092e1fd7c"
41606,39755,2,3,7,"37faea3092e1fd7c"
50086,47092,3,3,8,"37faea3092e1fd7c"
55395,53559,2,3,9,"37faea3092e1fd7c"
62931,60475,3,3,10,"37faea3092e1fd7c"
67628,64708,3,3,11,"37faea3092e1fd7c"
71021,68967,3,3,12,"37faea3092e1fd7c"
90001,78410,3,2,13,"37faea3092e1fd7c"
7960,5745,3,3,1,"387230dbe6161224"
11896,9581,3,3,2,"387230dbe6161224"
17310,15155,3,3,3,"387230dbe6161224"
23187,20305,3,3,4,"387230dbe6161224"
29156,23757,2,2,5,"387230dbe6161224"
33249,31062,3,3,6,"387230dbe6161224"
41042,37601,2,2,7,"387230dbe6161224"
50075,48009,2,2,8,"387230dbe6161224"
60268,57040,3,3,9,"387230dbe6161224"
70082,65533,3,2,10,"387230dbe6161224"
76022,73940,2,3,11,"387230dbe6161224"
88020,85406,2,3,12,"387230dbe6161224"
97958,94184,2,2,13,"387230dbe6161224"
103205,99258,2,2,14,"387230dbe6161224"
107955,104020,3,2,15,"387230dbe6161224"
111723,109802,2,2,16,"387230dbe6161224"
116176,113635,2,3,17,"387230dbe6161224"
125570,122930,2,2,18,"387230dbe6161224"
2492,1,3,2,1,"387f04e3e824906a"
9830,7520,2,2,2,"387f04e3e824906a"
18101,15433,2,3,3,"387f04e3e824906a"
27874,22575,3,2,4,"387f04e3e824906a"
36792,31743,3,2,5,"387f04e3e824906a"
44305,42163,2,2,6,"387f04e3e824906a"
53602,47915,3,2,7,"387f04e3e824906a"
60574,56866,3,3,8,"387f04e3e824906a"
69679,67501,3,3,9,"387f04e3e824906a"
72980,71109,2,2,10,"387f04e3e824906a"
79074,77096,2,3,11,"387f04e3e824906a"
88468,86559,3,3,12,"387f04e3e824906a"
103865,94429,3,3,13,"387f04e3e824906a"
110033,105731,3,3,14,"387f04e3e824906a"
116979,115041,2,2,15,"387f04e3e824906a"
121536,119392,3,2,16,"387f04e3e824906a"
133720,126438,2,2,17,"387f04e3e824906a"
142296,138954,2,2,18,"387f04e3e824906a"
149017,146421,2,2,19,"387f04e3e824906a"
169610,153097,2,2,20,"387f04e3e824906a"
180855,178157,2,2,21,"387f04e3e824906a"
184843,182396,3,3,22,"387f04e3e824906a"
193255,188827,3,3,23,"387f04e3e824906a"
201682,199751,2,3,24,"387f04e3e824906a"
221019,214958,2,2,25,"387f04e3e824906a"
285465,227187,3,3,26,"387f04e3e824906a"
290271,288232,2,3,27,"387f04e3e824906a"
304753,299565,3,3,28,"387f04e3e824906a"
308653,306082,3,3,29,"387f04e3e824906a"
317033,313348,2,3,30,"387f04e3e824906a"
3044,1,3,3,1,"38ca2c43af583894"
8538,5614,3,3,2,"38ca2c43af583894"
14737,11320,2,2,3,"38ca2c43af583894"
21439,17858,2,3,4,"38ca2c43af583894"
26674,24215,3,2,5,"38ca2c43af583894"
38498,33975,3,3,6,"38ca2c43af583894"
43871,39673,2,3,7,"38ca2c43af583894"
49471,46856,3,3,8,"38ca2c43af583894"
56745,52906,2,2,9,"38ca2c43af583894"
65370,61174,3,2,10,"38ca2c43af583894"
73374,71479,2,2,11,"38ca2c43af583894"
84094,81667,2,3,12,"38ca2c43af583894"
109552,90607,3,2,13,"38ca2c43af583894"
116867,114398,3,3,14,"38ca2c43af583894"
126919,123757,3,3,15,"38ca2c43af583894"
5825,3375,2,2,1,"3a4c3f4cdd7388ce"
14788,10300,2,2,2,"3a4c3f4cdd7388ce"
21218,19068,3,2,3,"3a4c3f4cdd7388ce"
25343,23468,3,2,4,"3a4c3f4cdd7388ce"
35372,33464,3,3,5,"3a4c3f4cdd7388ce"
46200,39191,3,2,6,"3a4c3f4cdd7388ce"
54329,48831,3,3,7,"3a4c3f4cdd7388ce"
59455,55276,2,2,8,"3a4c3f4cdd7388ce"
77275,64361,3,3,9,"3a4c3f4cdd7388ce"
88078,85872,2,2,10,"3a4c3f4cdd7388ce"
94245,92051,3,2,11,"3a4c3f4cdd7388ce"
104158,98417,2,2,12,"3a4c3f4cdd7388ce"
111058,107582,3,3,13,"3a4c3f4cdd7388ce"
116421,114136,3,3,14,"3a4c3f4cdd7388ce"
122672,120618,3,3,15,"3a4c3f4cdd7388ce"
127107,125423,2,3,16,"3a4c3f4cdd7388ce"
8516,4062,3,3,1,"3a526c675e3b6b13"
12249,10385,2,2,2,"3a526c675e3b6b13"
24067,18976,3,2,3,"3a526c675e3b6b13"
30006,26864,2,2,4,"3a526c675e3b6b13"
39005,34170,2,3,5,"3a526c675e3b6b13"
46339,43231,2,3,6,"3a526c675e3b6b13"
54306,49671,2,3,7,"3a526c675e3b6b13"
61435,56315,3,3,8,"3a526c675e3b6b13"
69331,66626,2,3,9,"3a526c675e3b6b13"
73067,70895,2,2,10,"3a526c675e3b6b13"
80692,78018,2,2,11,"3a526c675e3b6b13"
86589,83756,2,3,12,"3a526c675e3b6b13"
98556,94700,2,3,13,"3a526c675e3b6b13"
103590,101404,3,3,14,"3a526c675e3b6b13"
106771,104257,3,3,15,"3a526c675e3b6b13"
112041,109285,2,2,16,"3a526c675e3b6b13"
121484,115308,3,2,17,"3a526c675e3b6b13"
128864,123926,2,2,18,"3a526c675e3b6b13"
137232,135096,3,3,19,"3a526c675e3b6b13"
144673,142854,3,3,20,"3a526c675e3b6b13"
156174,153750,3,3,21,"3a526c675e3b6b13"
160532,157146,3,3,22,"3a526c675e3b6b13"
167076,163541,3,3,23,"3a526c675e3b6b13"
25771,4820,3,3,1,"3a8118441a31dfb4"
30335,28071,2,2,2,"3a8118441a31dfb4"
47024,43710,3,2,4,"3a8118441a31dfb4"
53334,50745,3,3,5,"3a8118441a31dfb4"
61854,59575,2,2,6,"3a8118441a31dfb4"
67909,65967,3,3,7,"3a8118441a31dfb4"
83616,77570,3,3,8,"3a8118441a31dfb4"
88790,86374,3,3,9,"3a8118441a31dfb4"
100170,94642,2,2,10,"3a8118441a31dfb4"
107445,104079,3,3,11,"3a8118441a31dfb4"
112398,110110,2,2,12,"3a8118441a31dfb4"
119365,116538,2,3,13,"3a8118441a31dfb4"
126535,122849,3,3,14,"3a8118441a31dfb4"
129809,127183,2,2,15,"3a8118441a31dfb4"
142835,140659,2,3,16,"3a8118441a31dfb4"
149489,146682,2,3,17,"3a8118441a31dfb4"
158338,156108,3,3,18,"3a8118441a31dfb4"
170639,164542,3,3,19,"3a8118441a31dfb4"
177104,175006,2,2,20,"3a8118441a31dfb4"
189292,187031,3,2,21,"3a8118441a31dfb4"
199319,195529,3,3,22,"3a8118441a31dfb4"
9219,5978,3,2,1,"3aef82602b64df49"
13263,10456,2,2,2,"3aef82602b64df49"
17154,14519,2,2,3,"3aef82602b64df49"
23460,21225,3,2,4,"3aef82602b64df49"
36732,30587,3,3,5,"3aef82602b64df49"
43826,39675,3,3,6,"3aef82602b64df49"
48604,45615,3,3,7,"3aef82602b64df49"
51990,49789,3,2,8,"3aef82602b64df49"
57843,54234,2,3,9,"3aef82602b64df49"
63707,61619,3,3,10,"3aef82602b64df49"
68180,65043,3,3,11,"3aef82602b64df49"
72842,70641,2,2,12,"3aef82602b64df49"
80929,78240,2,3,13,"3aef82602b64df49"
87826,85753,2,3,14,"3aef82602b64df49"
93763,91581,3,2,15,"3aef82602b64df49"
99997,96804,2,2,16,"3aef82602b64df49"
106797,103683,3,2,17,"3aef82602b64df49"
114659,110954,3,3,18,"3aef82602b64df49"
121838,116680,2,3,19,"3aef82602b64df49"
133645,123272,3,3,20,"3aef82602b64df49"
137503,135130,3,3,21,"3aef82602b64df49"
143239,140782,3,3,22,"3aef82602b64df49"
8932,5588,3,3,1,"3bcc579735571249"
18687,15795,3,3,2,"3bcc579735571249"
28208,20189,3,3,3,"3bcc579735571249"
31470,29277,2,3,4,"3bcc579735571249"
44974,38321,2,3,5,"3bcc579735571249"
51559,46128,3,3,6,"3bcc579735571249"
56339,54303,3,3,7,"3bcc579735571249"
61337,59195,2,2,8,"3bcc579735571249"
71702,68465,2,2,9,"3bcc579735571249"
79511,77354,2,3,10,"3bcc579735571249"
93916,83991,3,2,11,"3bcc579735571249"
129870,98765,2,3,12,"3bcc579735571249"
142486,139116,3,2,13,"3bcc579735571249"
147954,143681,3,2,14,"3bcc579735571249"
152973,150687,3,3,15,"3bcc579735571249"
161854,158438,3,3,16,"3bcc579735571249"
166942,164313,3,3,17,"3bcc579735571249"
172473,169551,2,3,18,"3bcc579735571249"
185279,182131,2,3,19,"3bcc579735571249"
197055,192156,2,2,20,"3bcc579735571249"
204491,201826,2,3,21,"3bcc579735571249"
215516,212563,2,2,22,"3bcc579735571249"
4011,87,3,3,1,"3c86ebc2f0e6509b"
16313,6889,3,3,2,"3c86ebc2f0e6509b"
25825,18320,3,3,3,"3c86ebc2f0e6509b"
34718,27280,3,3,4,"3c86ebc2f0e6509b"
39576,35274,3,3,5,"3c86ebc2f0e6509b"
48993,46322,3,3,6,"3c86ebc2f0e6509b"
62177,55881,2,2,7,"3c86ebc2f0e6509b"
71256,67246,3,3,8,"3c86ebc2f0e6509b"
84357,77632,3,3,9,"3c86ebc2f0e6509b"
92044,86592,2,2,10,"3c86ebc2f0e6509b"
96842,94114,2,2,11,"3c86ebc2f0e6509b"
109211,104591,3,3,12,"3c86ebc2f0e6509b"
118513,113545,3,3,13,"3c86ebc2f0e6509b"
122738,119324,3,3,14,"3c86ebc2f0e6509b"
132399,126547,2,2,15,"3c86ebc2f0e6509b"
139573,136580,3,3,16,"3c86ebc2f0e6509b"
148428,143069,3,3,17,"3c86ebc2f0e6509b"
152904,150786,2,3,18,"3c86ebc2f0e6509b"
161742,157978,2,2,19,"3c86ebc2f0e6509b"
173553,167281,3,2,20,"3c86ebc2f0e6509b"
181747,176374,2,2,21,"3c86ebc2f0e6509b"
5828,332,3,3,1,"3cae720b95a885a8"
8631,6677,3,3,2,"3cae720b95a885a8"
16680,12440,2,2,3,"3cae720b95a885a8"
22984,20888,3,3,4,"3cae720b95a885a8"
34089,30875,3,2,5,"3cae720b95a885a8"
44694,42021,3,3,6,"3cae720b95a885a8"
54012,51109,3,3,7,"3cae720b95a885a8"
60124,57466,2,3,8,"3cae720b95a885a8"
65293,63224,2,2,9,"3cae720b95a885a8"
75120,73112,2,2,10,"3cae720b95a885a8"
93736,86389,2,2,11,"3cae720b95a885a8"
102652,97416,2,3,12,"3cae720b95a885a8"
121585,106515,2,2,13,"3cae720b95a885a8"
129088,125234,3,2,14,"3cae720b95a885a8"
135811,132385,2,2,15,"3cae720b95a885a8"
149567,145710,3,2,16,"3cae720b95a885a8"
156879,154898,2,2,17,"3cae720b95a885a8"
170842,164971,2,2,18,"3cae720b95a885a8"
4735,2236,2,3,1,"3d04a3a6026a8e00"
9186,6396,2,3,3,"3d04a3a6026a8e00"
16388,12126,3,3,4,"3d04a3a6026a8e00"
20084,17618,2,3,5,"3d04a3a6026a8e00"
23584,21629,2,3,6,"3d04a3a6026a8e00"
36406,32698,2,2,7,"3d04a3a6026a8e00"
44639,42243,3,3,8,"3d04a3a6026a8e00"
54639,50416,3,2,9,"3d04a3a6026a8e00"
62324,59846,2,3,10,"3d04a3a6026a8e00"
66903,64786,2,2,11,"3d04a3a6026a8e00"
71258,69081,2,2,12,"3d04a3a6026a8e00"
83046,79651,3,2,13,"3d04a3a6026a8e00"
89235,86934,3,3,14,"3d04a3a6026a8e00"
98959,96273,3,2,15,"3d04a3a6026a8e00"
107512,105423,2,2,16,"3d04a3a6026a8e00"
113490,111559,3,3,17,"3d04a3a6026a8e00"
134328,115709,3,3,18,"3d04a3a6026a8e00"
144056,140723,3,3,19,"3d04a3a6026a8e00"
149237,146320,3,3,20,"3d04a3a6026a8e00"
155238,153009,3,3,21,"3d04a3a6026a8e00"
162719,157521,3,3,22,"3d04a3a6026a8e00"
171725,166609,3,3,23,"3d04a3a6026a8e00"
180424,176171,2,2,24,"3d04a3a6026a8e00"
190195,187547,3,3,25,"3d04a3a6026a8e00"
9380,7001,2,2,1,"3d509c234096d43a"
18205,12606,2,2,2,"3d509c234096d43a"
23099,20828,3,3,3,"3d509c234096d43a"
27524,25461,3,3,4,"3d509c234096d43a"
37954,31516,3,3,5,"3d509c234096d43a"
41642,39253,3,3,6,"3d509c234096d43a"
45538,43099,3,3,7,"3d509c234096d43a"
49108,46571,3,3,8,"3d509c234096d43a"
54010,51100,3,3,9,"3d509c234096d43a"
57178,54866,3,3,10,"3d509c234096d43a"
62265,60176,3,3,11,"3d509c234096d43a"
69026,65518,3,3,12,"3d509c234096d43a"
73743,70918,2,2,13,"3d509c234096d43a"
80295,77378,3,2,14,"3d509c234096d43a"
89193,87422,2,2,15,"3d509c234096d43a"
10221,5979,3,2,1,"3da5477c4831a35"
17564,14225,2,2,2,"3da5477c4831a35"
21668,18340,2,3,3,"3da5477c4831a35"
29882,27674,2,2,4,"3da5477c4831a35"
37461,33958,2,2,5,"3da5477c4831a35"
43112,39557,3,2,6,"3da5477c4831a35"
51948,48345,2,2,7,"3da5477c4831a35"
56241,54229,2,2,8,"3da5477c4831a35"
63589,61364,3,2,9,"3da5477c4831a35"
72359,69312,2,2,10,"3da5477c4831a35"
78846,76872,2,2,11,"3da5477c4831a35"
89379,84778,3,3,12,"3da5477c4831a35"
99550,95748,2,2,13,"3da5477c4831a35"
104856,101589,2,2,14,"3da5477c4831a35"
111089,108591,2,2,15,"3da5477c4831a35"
116034,113729,2,3,16,"3da5477c4831a35"
129579,124443,3,3,17,"3da5477c4831a35"
136831,134523,2,2,18,"3da5477c4831a35"
144435,141560,2,2,19,"3da5477c4831a35"
150696,148769,3,3,20,"3da5477c4831a35"
3282,1,3,3,1,"3e4cf0c48bb4395b"
8130,5011,3,3,2,"3e4cf0c48bb4395b"
11886,9765,3,3,3,"3e4cf0c48bb4395b"
23510,17064,3,3,4,"3e4cf0c48bb4395b"
34127,31578,3,3,5,"3e4cf0c48bb4395b"
44447,39520,3,3,6,"3e4cf0c48bb4395b"
50393,48230,2,3,7,"3e4cf0c48bb4395b"
58061,54000,3,3,8,"3e4cf0c48bb4395b"
64951,62140,2,3,9,"3e4cf0c48bb4395b"
75936,70791,2,3,10,"3e4cf0c48bb4395b"
85911,82710,3,3,11,"3e4cf0c48bb4395b"
95987,93134,2,3,12,"3e4cf0c48bb4395b"
106404,100466,2,2,13,"3e4cf0c48bb4395b"
2842,1,3,3,1,"3e85bd95d3274620"
7699,4186,3,3,2,"3e85bd95d3274620"
13434,8938,3,3,3,"3e85bd95d3274620"
23275,16398,3,2,4,"3e85bd95d3274620"
28992,26740,2,2,5,"3e85bd95d3274620"
38675,36112,2,2,6,"3e85bd95d3274620"
49140,46317,2,3,7,"3e85bd95d3274620"
55850,53350,3,3,8,"3e85bd95d3274620"
62030,59918,3,2,9,"3e85bd95d3274620"
70969,68458,2,2,10,"3e85bd95d3274620"
81740,78634,2,2,11,"3e85bd95d3274620"
89982,85417,2,2,12,"3e85bd95d3274620"
102915,95695,3,2,13,"3e85bd95d3274620"
106574,104120,3,3,14,"3e85bd95d3274620"
116632,112470,3,3,15,"3e85bd95d3274620"
120386,117977,3,3,16,"3e85bd95d3274620"
124502,122162,2,2,17,"3e85bd95d3274620"
133610,128898,3,2,18,"3e85bd95d3274620"
146585,140181,2,2,19,"3e85bd95d3274620"
161276,153249,2,2,20,"3e85bd95d3274620"
173041,166991,3,3,21,"3e85bd95d3274620"
180092,178163,3,3,22,"3e85bd95d3274620"
186183,182903,3,3,23,"3e85bd95d3274620"
3402,974,3,3,1,"3edb2a00618fb7f2"
17689,10174,3,3,2,"3edb2a00618fb7f2"
22567,19874,3,3,3,"3edb2a00618fb7f2"
29552,27428,2,2,4,"3edb2a00618fb7f2"
35723,33735,3,3,5,"3edb2a00618fb7f2"
44178,42129,3,3,6,"3edb2a00618fb7f2"
50194,47836,3,2,7,"3edb2a00618fb7f2"
57210,55398,2,2,8,"3edb2a00618fb7f2"
72017,68300,3,3,9,"3edb2a00618fb7f2"
80056,75527,2,2,10,"3edb2a00618fb7f2"
105270,84804,3,3,11,"3edb2a00618fb7f2"
109801,107866,3,3,12,"3edb2a00618fb7f2"
115298,111769,2,2,13,"3edb2a00618fb7f2"
127396,121734,2,2,14,"3edb2a00618fb7f2"
130884,128191,2,2,15,"3edb2a00618fb7f2"
137685,134517,3,3,16,"3edb2a00618fb7f2"
140730,138280,3,3,17,"3edb2a00618fb7f2"
149007,144580,3,3,18,"3edb2a00618fb7f2"
155460,153460,2,2,19,"3edb2a00618fb7f2"
162943,160638,3,3,20,"3edb2a00618fb7f2"
170159,166777,3,2,21,"3edb2a00618fb7f2"
2640,1,2,2,1,"3ee56e08db4c3cb8"
7951,4735,2,2,2,"3ee56e08db4c3cb8"
14019,10866,2,2,3,"3ee56e08db4c3cb8"
2503,103,3,2,1,"3f5c961aa2f2c03"
12659,6193,2,2,2,"3f5c961aa2f2c03"
19682,16770,2,2,3,"3f5c961aa2f2c03"
31134,24243,3,3,4,"3f5c961aa2f2c03"
40350,34560,3,3,5,"3f5c961aa2f2c03"
45496,42274,2,3,6,"3f5c961aa2f2c03"
58514,51494,2,2,7,"3f5c961aa2f2c03"
64114,62019,2,2,8,"3f5c961aa2f2c03"
75382,67976,2,2,9,"3f5c961aa2f2c03"
79431,77173,2,2,10,"3f5c961aa2f2c03"
92981,86123,2,2,11,"3f5c961aa2f2c03"
101135,98895,3,3,12,"3f5c961aa2f2c03"
113359,109014,2,2,13,"3f5c961aa2f2c03"
118264,114562,2,2,14,"3f5c961aa2f2c03"
128618,124263,3,2,15,"3f5c961aa2f2c03"
141376,134352,3,3,16,"3f5c961aa2f2c03"
145981,143717,2,2,17,"3f5c961aa2f2c03"
156059,152587,3,2,18,"3f5c961aa2f2c03"
165501,161280,2,2,19,"3f5c961aa2f2c03"
173421,170355,3,2,20,"3f5c961aa2f2c03"
185097,178847,2,2,21,"3f5c961aa2f2c03"
195566,189069,2,3,22,"3f5c961aa2f2c03"
199997,197336,3,2,23,"3f5c961aa2f2c03"
6643,1,3,3,1,"3fc881868233db88"
14396,11173,3,3,2,"3fc881868233db88"
23536,18559,2,3,3,"3fc881868233db88"
28745,26407,3,3,4,"3fc881868233db88"
35721,33419,2,3,5,"3fc881868233db88"
42856,39658,2,2,6,"3fc881868233db88"
48915,44929,2,2,7,"3fc881868233db88"
57305,52827,2,2,8,"3fc881868233db88"
65082,62783,2,3,9,"3fc881868233db88"
70481,68149,2,3,10,"3fc881868233db88"
80168,75098,2,3,11,"3fc881868233db88"
85032,82361,3,3,12,"3fc881868233db88"
95254,90361,2,2,13,"3fc881868233db88"
101618,98708,3,2,14,"3fc881868233db88"
107316,104745,3,2,15,"3fc881868233db88"
115659,112962,2,2,16,"3fc881868233db88"
2776,113,3,3,1,"41cf74bf5a9da5f3"
6291,3466,2,3,2,"41cf74bf5a9da5f3"
12350,6975,2,2,3,"41cf74bf5a9da5f3"
15405,13423,3,3,4,"41cf74bf5a9da5f3"
24597,22383,3,3,5,"41cf74bf5a9da5f3"
32110,29242,3,3,6,"41cf74bf5a9da5f3"
38090,34670,2,2,7,"41cf74bf5a9da5f3"
49371,46589,3,2,8,"41cf74bf5a9da5f3"
62715,57461,2,2,9,"41cf74bf5a9da5f3"
69156,66885,2,2,10,"41cf74bf5a9da5f3"
76801,72814,2,2,11,"41cf74bf5a9da5f3"
83012,80738,2,2,12,"41cf74bf5a9da5f3"
89224,86428,3,3,13,"41cf74bf5a9da5f3"
95838,90927,3,3,14,"41cf74bf5a9da5f3"
102862,97497,3,3,15,"41cf74bf5a9da5f3"
107142,104646,3,3,16,"41cf74bf5a9da5f3"
113955,111556,2,3,17,"41cf74bf5a9da5f3"
117947,115924,3,2,18,"41cf74bf5a9da5f3"
127437,125044,2,2,19,"41cf74bf5a9da5f3"
137414,134107,2,2,20,"41cf74bf5a9da5f3"
141907,139391,2,3,21,"41cf74bf5a9da5f3"
2996,101,3,3,1,"41fe1816bc30c669"
6655,4224,3,3,2,"41fe1816bc30c669"
14550,7811,2,2,3,"41fe1816bc30c669"
18654,15944,3,3,4,"41fe1816bc30c669"
26578,23291,2,2,5,"41fe1816bc30c669"
33548,29717,3,2,6,"41fe1816bc30c669"
42437,40190,2,2,7,"41fe1816bc30c669"
54536,50650,3,2,8,"41fe1816bc30c669"
61445,57556,2,2,9,"41fe1816bc30c669"
71450,68563,2,3,10,"41fe1816bc30c669"
82953,79191,3,3,11,"41fe1816bc30c669"
87372,84230,3,3,12,"41fe1816bc30c669"
91785,88961,2,2,13,"41fe1816bc30c669"
97801,94262,3,2,14,"41fe1816bc30c669"
104678,100646,2,2,15,"41fe1816bc30c669"
114050,107678,2,3,16,"41fe1816bc30c669"
119935,117698,3,2,17,"41fe1816bc30c669"
133723,129758,2,2,18,"41fe1816bc30c669"
140639,137633,3,3,19,"41fe1816bc30c669"
150765,146593,2,3,20,"41fe1816bc30c669"
158886,151644,2,3,21,"41fe1816bc30c669"
164440,160604,3,3,22,"41fe1816bc30c669"
170939,166161,3,3,23,"41fe1816bc30c669"
174849,172783,3,3,24,"41fe1816bc30c669"
2625,1,3,3,1,"429989c4d318ba58"
12586,5843,3,3,2,"429989c4d318ba58"
23129,15860,2,3,3,"429989c4d318ba58"
27086,24136,3,3,4,"429989c4d318ba58"
35083,33096,3,3,5,"429989c4d318ba58"
45059,41974,2,2,6,"429989c4d318ba58"
53045,48841,3,2,7,"429989c4d318ba58"
59910,57563,2,2,8,"429989c4d318ba58"
67380,63794,2,2,9,"429989c4d318ba58"
72337,68224,3,3,10,"429989c4d318ba58"
78076,76225,3,3,11,"429989c4d318ba58"
84419,82046,3,3,12,"429989c4d318ba58"
101208,89605,3,3,13,"429989c4d318ba58"
106877,103045,3,3,14,"429989c4d318ba58"
111223,109253,2,2,15,"429989c4d318ba58"
119648,115822,3,3,16,"429989c4d318ba58"
128299,124513,3,3,17,"429989c4d318ba58"
133800,131621,3,3,18,"429989c4d318ba58"
143595,136764,2,3,19,"429989c4d318ba58"
152582,147434,3,3,20,"429989c4d318ba58"
155690,153876,3,2,21,"429989c4d318ba58"
183160,176198,3,2,22,"429989c4d318ba58"
196862,189844,2,2,23,"429989c4d318ba58"
208116,201254,2,3,24,"429989c4d318ba58"
216346,209080,3,3,25,"429989c4d318ba58"
220750,218040,2,2,26,"429989c4d318ba58"
234021,230542,2,2,27,"429989c4d318ba58"
245409,237993,2,2,28,"429989c4d318ba58"
254016,248121,3,3,29,"429989c4d318ba58"
264838,257813,2,2,30,"429989c4d318ba58"
284760,267399,3,3,31,"429989c4d318ba58"
295246,289946,2,2,32,"429989c4d318ba58"
303782,298556,3,2,33,"429989c4d318ba58"
309458,306829,3,3,34,"429989c4d318ba58"
318844,313547,3,3,35,"429989c4d318ba58"
2338,1,3,3,1,"42c95ab5bb33fbc9"
10005,4775,3,3,2,"42c95ab5bb33fbc9"
13742,11086,3,3,3,"42c95ab5bb33fbc9"
19963,15154,2,2,4,"42c95ab5bb33fbc9"
27657,23869,2,2,5,"42c95ab5bb33fbc9"
34842,32546,3,3,6,"42c95ab5bb33fbc9"
38274,35773,3,3,7,"42c95ab5bb33fbc9"
49414,44286,3,3,8,"42c95ab5bb33fbc9"
56943,51914,3,3,9,"42c95ab5bb33fbc9"
63275,60652,3,3,10,"42c95ab5bb33fbc9"
69228,66538,3,3,11,"42c95ab5bb33fbc9"
76340,73727,3,3,12,"42c95ab5bb33fbc9"
83433,79555,3,2,13,"42c95ab5bb33fbc9"
93306,85574,3,2,14,"42c95ab5bb33fbc9"
96833,94546,2,2,15,"42c95ab5bb33fbc9"
3091,83,3,2,1,"42d8bad9b90e9c7"
8276,5531,2,2,2,"42d8bad9b90e9c7"
14128,12167,3,2,3,"42d8bad9b90e9c7"
20533,18005,3,3,4,"42d8bad9b90e9c7"
30673,25483,3,3,5,"42d8bad9b90e9c7"
34028,32240,3,3,6,"42d8bad9b90e9c7"
36491,34354,3,3,7,"42d8bad9b90e9c7"
40412,37504,3,3,8,"42d8bad9b90e9c7"
46073,41234,3,3,9,"42d8bad9b90e9c7"
50895,46874,2,3,10,"42d8bad9b90e9c7"
56620,54193,3,3,11,"42d8bad9b90e9c7"
64431,62264,2,3,12,"42d8bad9b90e9c7"
70126,66551,2,2,13,"42d8bad9b90e9c7"
76100,72114,2,2,14,"42d8bad9b90e9c7"
80668,77764,2,3,15,"42d8bad9b90e9c7"
91484,85654,3,2,16,"42d8bad9b90e9c7"
99233,95622,3,3,17,"42d8bad9b90e9c7"
107016,104582,3,3,18,"42d8bad9b90e9c7"
112884,110766,2,3,19,"42d8bad9b90e9c7"
117376,114291,2,2,20,"42d8bad9b90e9c7"
12240,8326,3,3,1,"436390bf0f4b8576"
17901,14040,2,3,2,"436390bf0f4b8576"
21236,19080,3,3,3,"436390bf0f4b8576"
27119,21811,3,3,4,"436390bf0f4b8576"
33559,31586,3,2,5,"436390bf0f4b8576"
44556,41009,2,3,6,"436390bf0f4b8576"
52620,50589,2,2,7,"436390bf0f4b8576"
63283,57607,2,2,8,"436390bf0f4b8576"
69161,66007,3,3,9,"436390bf0f4b8576"
74265,71522,2,3,10,"436390bf0f4b8576"
81218,78549,2,2,11,"436390bf0f4b8576"
89516,85092,3,3,12,"436390bf0f4b8576"
94947,90585,3,3,13,"436390bf0f4b8576"
102615,98077,3,3,14,"436390bf0f4b8576"
108752,106081,3,3,15,"436390bf0f4b8576"
117374,114447,3,3,16,"436390bf0f4b8576"
124112,119205,3,2,17,"436390bf0f4b8576"
130523,128221,2,2,18,"436390bf0f4b8576"
143900,136782,3,3,19,"436390bf0f4b8576"
149828,147230,3,3,20,"436390bf0f4b8576"
154011,151151,2,3,21,"436390bf0f4b8576"
159311,157064,3,3,22,"436390bf0f4b8576"
166152,163267,2,2,23,"436390bf0f4b8576"
173534,170161,3,2,24,"436390bf0f4b8576"
180621,178203,2,2,25,"436390bf0f4b8576"
191290,185035,2,2,26,"436390bf0f4b8576"
200013,197212,3,3,27,"436390bf0f4b8576"
204586,201982,3,3,28,"436390bf0f4b8576"
214929,210430,3,3,29,"436390bf0f4b8576"
2321,1,3,3,1,"43f512ea70b4ce7a"
9257,4882,3,3,2,"43f512ea70b4ce7a"
13324,10217,2,3,3,"43f512ea70b4ce7a"
46859,15190,2,3,4,"43f512ea70b4ce7a"
53253,51647,3,3,5,"43f512ea70b4ce7a"
67922,58388,2,2,6,"43f512ea70b4ce7a"
71438,69029,2,2,7,"43f512ea70b4ce7a"
78469,74594,2,2,8,"43f512ea70b4ce7a"
90906,83702,3,3,9,"43f512ea70b4ce7a"
99079,93214,2,2,10,"43f512ea70b4ce7a"
107704,102927,2,2,11,"43f512ea70b4ce7a"
138593,112612,3,3,12,"43f512ea70b4ce7a"
153504,141634,2,2,13,"43f512ea70b4ce7a"
173198,157575,2,2,14,"43f512ea70b4ce7a"
181110,174408,2,2,15,"43f512ea70b4ce7a"
189038,184783,3,3,16,"43f512ea70b4ce7a"
201244,198211,3,2,17,"43f512ea70b4ce7a"
207662,205207,2,2,18,"43f512ea70b4ce7a"
217507,212330,3,3,19,"43f512ea70b4ce7a"
227156,222406,3,3,20,"43f512ea70b4ce7a"
232351,230063,3,3,21,"43f512ea70b4ce7a"
244826,242023,3,3,22,"43f512ea70b4ce7a"
254378,247946,3,3,23,"43f512ea70b4ce7a"
258792,256420,3,2,24,"43f512ea70b4ce7a"
2086,1,3,3,1,"441c7360bd50c76c"
7876,4364,2,3,2,"441c7360bd50c76c"
13140,11151,3,3,3,"441c7360bd50c76c"
18752,14329,3,3,4,"441c7360bd50c76c"
27598,23417,3,3,5,"441c7360bd50c76c"
31634,28961,3,3,6,"441c7360bd50c76c"
44581,39220,3,3,7,"441c7360bd50c76c"
49570,47049,3,2,8,"441c7360bd50c76c"
60364,55638,2,2,9,"441c7360bd50c76c"
70259,68020,2,2,10,"441c7360bd50c76c"
81534,75994,3,2,11,"441c7360bd50c76c"
88700,85975,2,3,12,"441c7360bd50c76c"
99657,96185,3,3,13,"441c7360bd50c76c"
103959,101695,2,2,14,"441c7360bd50c76c"
112883,110578,2,2,15,"441c7360bd50c76c"
123322,120108,3,2,16,"441c7360bd50c76c"
130125,127331,2,3,17,"441c7360bd50c76c"
141005,135620,2,2,18,"441c7360bd50c76c"
150208,146408,3,3,19,"441c7360bd50c76c"
158906,153662,3,3,20,"441c7360bd50c76c"
164746,162340,2,3,21,"441c7360bd50c76c"
179684,174128,2,3,22,"441c7360bd50c76c"
185089,182763,2,2,23,"441c7360bd50c76c"
7234,4199,2,3,1,"447c6ebd65d6fd79"
13228,10455,3,3,2,"447c6ebd65d6fd79"
19293,16548,2,3,3,"447c6ebd65d6fd79"
25810,22291,2,2,4,"447c6ebd65d6fd79"
32110,29701,2,2,5,"447c6ebd65d6fd79"
38757,34849,3,2,6,"447c6ebd65d6fd79"
48952,46108,2,2,7,"447c6ebd65d6fd79"
54722,51498,2,2,8,"447c6ebd65d6fd79"
68256,62179,2,3,9,"447c6ebd65d6fd79"
74139,71418,2,2,10,"447c6ebd65d6fd79"
79193,77189,3,2,11,"447c6ebd65d6fd79"
87849,84922,2,2,12,"447c6ebd65d6fd79"
93939,91041,3,3,13,"447c6ebd65d6fd79"
98210,95009,3,3,14,"447c6ebd65d6fd79"
106941,101321,2,2,15,"447c6ebd65d6fd79"
109952,107688,3,3,16,"447c6ebd65d6fd79"
115765,113585,2,2,17,"447c6ebd65d6fd79"
122984,120461,2,3,18,"447c6ebd65d6fd79"
128351,126453,2,3,19,"447c6ebd65d6fd79"
3888,1,3,2,1,"44bbd5e76428761"
9653,6698,2,2,2,"44bbd5e76428761"
16031,13318,2,2,3,"44bbd5e76428761"
21296,19399,3,2,4,"44bbd5e76428761"
30580,28300,3,3,5,"44bbd5e76428761"
37446,35321,2,2,6,"44bbd5e76428761"
53701,48698,3,3,7,"44bbd5e76428761"
64969,57658,3,3,8,"44bbd5e76428761"
68890,65824,3,3,9,"44bbd5e76428761"
71629,69481,3,2,10,"44bbd5e76428761"
78328,75774,2,2,11,"44bbd5e76428761"
87630,85125,3,3,12,"44bbd5e76428761"
95868,92156,2,3,13,"44bbd5e76428761"
102587,98368,3,3,14,"44bbd5e76428761"
105337,103188,2,2,15,"44bbd5e76428761"
113564,109492,2,2,16,"44bbd5e76428761"
121259,117872,3,2,17,"44bbd5e76428761"
125946,123981,3,2,18,"44bbd5e76428761"
132652,130749,2,2,19,"44bbd5e76428761"
143682,141111,3,3,20,"44bbd5e76428761"
153688,151516,2,2,21,"44bbd5e76428761"
164223,161132,3,2,22,"44bbd5e76428761"
174069,171814,3,3,23,"44bbd5e76428761"
183159,180660,2,3,24,"44bbd5e76428761"
193942,190574,3,3,25,"44bbd5e76428761"
198575,196247,2,2,26,"44bbd5e76428761"
204209,200785,2,2,27,"44bbd5e76428761"
209325,207100,3,3,28,"44bbd5e76428761"
214581,211885,3,3,29,"44bbd5e76428761"
1404,1,3,3,1,"44c8225491de0038"
8970,3260,3,3,2,"44c8225491de0038"
13188,10097,3,3,3,"44c8225491de0038"
22151,17126,3,2,4,"44c8225491de0038"
27977,25503,2,2,5,"44c8225491de0038"
39699,34825,2,2,6,"44c8225491de0038"
45189,42355,2,2,7,"44c8225491de0038"
53970,51215,2,2,8,"44c8225491de0038"
60758,58296,2,2,9,"44c8225491de0038"
70122,65379,3,3,10,"44c8225491de0038"
76282,73643,2,2,11,"44c8225491de0038"
80898,78385,2,2,12,"44c8225491de0038"
89200,87003,2,3,13,"44c8225491de0038"
96567,93288,3,2,14,"44c8225491de0038"
106403,103890,2,2,15,"44c8225491de0038"
120517,117822,3,3,16,"44c8225491de0038"
130918,125880,3,2,17,"44c8225491de0038"
136871,133192,3,2,18,"44c8225491de0038"
142909,140197,2,2,19,"44c8225491de0038"
155140,151211,2,3,20,"44c8225491de0038"
163953,160299,2,2,21,"44c8225491de0038"
170317,168079,3,3,22,"44c8225491de0038"
177489,173914,2,2,23,"44c8225491de0038"
186070,181415,3,3,24,"44c8225491de0038"
7748,4818,2,2,1,"45959b056841cf0b"
14680,11023,3,3,2,"45959b056841cf0b"
21814,18341,3,3,3,"45959b056841cf0b"
30064,25361,3,3,4,"45959b056841cf0b"
33418,31245,2,3,5,"45959b056841cf0b"
41713,39244,3,3,6,"45959b056841cf0b"
46735,44021,3,3,7,"45959b056841cf0b"
54956,53010,2,3,8,"45959b056841cf0b"
64109,61253,3,3,9,"45959b056841cf0b"
73740,66571,2,2,10,"45959b056841cf0b"
79660,75950,2,2,11,"45959b056841cf0b"
89689,86320,2,3,12,"45959b056841cf0b"
95711,91692,3,3,13,"45959b056841cf0b"
103641,97359,3,3,14,"45959b056841cf0b"
107632,105016,3,2,15,"45959b056841cf0b"
115566,113445,3,3,16,"45959b056841cf0b"
121947,117659,3,3,17,"45959b056841cf0b"
131402,125308,3,3,18,"45959b056841cf0b"
136823,133981,3,3,19,"45959b056841cf0b"
142788,140566,2,2,20,"45959b056841cf0b"
151952,149209,2,2,21,"45959b056841cf0b"
159130,155719,2,3,22,"45959b056841cf0b"
170585,164226,2,2,23,"45959b056841cf0b"
5495,12,3,2,1,"4644991b2742d7b6"
13958,11795,2,2,2,"4644991b2742d7b6"
26684,23749,3,3,3,"4644991b2742d7b6"
38275,34201,3,3,4,"4644991b2742d7b6"
42519,40236,2,3,5,"4644991b2742d7b6"
53104,50455,2,2,6,"4644991b2742d7b6"
60555,58081,2,3,7,"4644991b2742d7b6"
10575,6692,2,3,1,"471eef0dc1f5e829"
14799,12697,3,3,2,"471eef0dc1f5e829"
20532,17280,2,2,3,"471eef0dc1f5e829"
27859,25112,2,2,4,"471eef0dc1f5e829"
35630,32446,2,2,5,"471eef0dc1f5e829"
44456,37928,3,2,6,"471eef0dc1f5e829"
55528,50305,2,2,7,"471eef0dc1f5e829"
62445,58495,2,2,8,"471eef0dc1f5e829"
69064,66970,2,2,9,"471eef0dc1f5e829"
78949,76439,2,2,10,"471eef0dc1f5e829"
89868,85609,2,2,11,"471eef0dc1f5e829"
95921,93942,2,2,12,"471eef0dc1f5e829"
104606,101218,3,2,13,"471eef0dc1f5e829"
110604,105751,2,2,14,"471eef0dc1f5e829"
114602,112720,2,2,15,"471eef0dc1f5e829"
119957,117573,2,2,16,"471eef0dc1f5e829"
131420,128635,2,2,17,"471eef0dc1f5e829"
142515,138695,3,3,18,"471eef0dc1f5e829"
153947,148823,3,3,19,"471eef0dc1f5e829"
160169,156791,2,2,20,"471eef0dc1f5e829"
166223,163897,3,3,21,"471eef0dc1f5e829"
3813,77,3,3,1,"4727868233e005e"
11644,4461,3,3,2,"4727868233e005e"
14826,12434,3,3,3,"4727868233e005e"
25850,20776,3,3,4,"4727868233e005e"
38801,31656,3,2,5,"4727868233e005e"
47658,42293,3,3,6,"4727868233e005e"
52689,50398,2,3,7,"4727868233e005e"
58425,55991,3,3,8,"4727868233e005e"
66513,61623,2,2,9,"4727868233e005e"
75496,71783,3,3,10,"4727868233e005e"
82544,77401,2,2,11,"4727868233e005e"
91433,88590,3,3,12,"4727868233e005e"
102262,96256,3,3,13,"4727868233e005e"
106624,104262,3,3,14,"4727868233e005e"
113014,108885,3,3,15,"4727868233e005e"
118915,116438,3,3,16,"4727868233e005e"
133402,122164,2,2,17,"4727868233e005e"
147674,139274,2,2,18,"4727868233e005e"
152628,148467,2,3,19,"4727868233e005e"
155683,153648,3,3,20,"4727868233e005e"
162750,160510,2,2,21,"4727868233e005e"
168993,166473,2,2,22,"4727868233e005e"
3126,1025,3,3,1,"472ac3e23ebc878b"
14157,8079,3,3,2,"472ac3e23ebc878b"
19537,14910,2,2,3,"472ac3e23ebc878b"
28887,23874,2,2,4,"472ac3e23ebc878b"
36010,33949,3,2,5,"472ac3e23ebc878b"
43828,41307,3,3,6,"472ac3e23ebc878b"
49588,47561,3,3,7,"472ac3e23ebc878b"
55296,52699,3,3,8,"472ac3e23ebc878b"
60865,58063,3,3,9,"472ac3e23ebc878b"
67211,64354,3,2,10,"472ac3e23ebc878b"
74375,71519,3,2,11,"472ac3e23ebc878b"
83661,80471,2,2,12,"472ac3e23ebc878b"
91064,88225,3,3,13,"472ac3e23ebc878b"
97175,91859,3,3,14,"472ac3e23ebc878b"
101767,99743,2,3,15,"472ac3e23ebc878b"
108431,105755,2,2,16,"472ac3e23ebc878b"
116306,114400,3,2,17,"472ac3e23ebc878b"
128995,121992,3,3,18,"472ac3e23ebc878b"
135795,131968,2,2,19,"472ac3e23ebc878b"
142101,139592,2,2,20,"472ac3e23ebc878b"
150883,146214,2,2,21,"472ac3e23ebc878b"
158179,153941,3,3,22,"472ac3e23ebc878b"
163016,160454,2,2,23,"472ac3e23ebc878b"
169711,166266,3,3,24,"472ac3e23ebc878b"
176526,173332,3,2,25,"472ac3e23ebc878b"
185518,183772,2,2,26,"472ac3e23ebc878b"
192292,190194,2,3,27,"472ac3e23ebc878b"
204518,199317,3,3,28,"472ac3e23ebc878b"
210602,207962,3,3,29,"472ac3e23ebc878b"
9337,5978,3,2,1,"479f0234f1757692"
16201,11925,2,2,2,"479f0234f1757692"
23076,21078,2,3,3,"479f0234f1757692"
32361,29581,3,2,4,"479f0234f1757692"
43099,36248,3,3,5,"479f0234f1757692"
48387,46326,3,3,6,"479f0234f1757692"
54074,51438,3,3,7,"479f0234f1757692"
57365,54824,2,3,8,"479f0234f1757692"
65211,61329,2,3,9,"479f0234f1757692"
71296,68273,3,2,10,"479f0234f1757692"
80174,74572,3,3,11,"479f0234f1757692"
86503,83087,3,3,12,"479f0234f1757692"
93019,89614,2,2,13,"479f0234f1757692"
100402,95063,2,2,14,"479f0234f1757692"
106092,104040,3,2,15,"479f0234f1757692"
118006,111291,3,3,16,"479f0234f1757692"
123176,120379,3,2,17,"479f0234f1757692"
130500,128410,3,3,18,"479f0234f1757692"
138987,136830,2,3,19,"479f0234f1757692"
145127,141702,3,2,20,"479f0234f1757692"
7901,4920,3,2,1,"4939860d31f7f1d"
14000,11592,2,2,2,"4939860d31f7f1d"
24218,18235,2,3,3,"4939860d31f7f1d"
29242,25471,3,3,4,"4939860d31f7f1d"
38112,33962,3,3,5,"4939860d31f7f1d"
46247,41661,3,3,6,"4939860d31f7f1d"
52415,49965,3,3,7,"4939860d31f7f1d"
61971,59600,3,2,8,"4939860d31f7f1d"
69877,65879,2,2,9,"4939860d31f7f1d"
77529,74092,3,3,10,"4939860d31f7f1d"
90383,88277,3,3,11,"4939860d31f7f1d"
95335,92638,2,2,12,"4939860d31f7f1d"
100942,98396,2,3,13,"4939860d31f7f1d"
113959,107257,3,3,14,"4939860d31f7f1d"
118128,115444,2,3,15,"4939860d31f7f1d"
126878,124532,3,2,16,"4939860d31f7f1d"
144615,134427,2,2,17,"4939860d31f7f1d"
157681,153690,3,2,18,"4939860d31f7f1d"
167875,165054,3,3,19,"4939860d31f7f1d"
177320,174142,2,2,20,"4939860d31f7f1d"
190727,188001,3,3,21,"4939860d31f7f1d"
199599,197089,3,3,22,"4939860d31f7f1d"
212970,206177,2,3,23,"4939860d31f7f1d"
221774,217702,3,3,24,"4939860d31f7f1d"
3209,122,2,3,1,"49a58b27d3c7c7fc"
7213,5135,3,2,2,"49a58b27d3c7c7fc"
15224,11098,3,3,3,"49a58b27d3c7c7fc"
21607,19001,3,3,4,"49a58b27d3c7c7fc"
24515,22315,3,3,5,"49a58b27d3c7c7fc"
29094,26448,3,3,6,"49a58b27d3c7c7fc"
37128,33442,2,2,7,"49a58b27d3c7c7fc"
43058,40907,3,3,8,"49a58b27d3c7c7fc"
52171,49601,3,3,9,"49a58b27d3c7c7fc"
56314,54143,2,3,10,"49a58b27d3c7c7fc"
63080,60088,3,3,11,"49a58b27d3c7c7fc"
65680,63740,3,3,12,"49a58b27d3c7c7fc"
73509,70196,2,2,13,"49a58b27d3c7c7fc"
82935,76805,2,2,14,"49a58b27d3c7c7fc"
88586,86345,2,2,15,"49a58b27d3c7c7fc"
6180,373,3,3,1,"49dd6581ae61cb27"
14409,8668,3,2,2,"49dd6581ae61cb27"
21814,17847,2,2,3,"49dd6581ae61cb27"
29138,23883,2,2,4,"49dd6581ae61cb27"
34680,30154,2,2,5,"49dd6581ae61cb27"
43453,40719,2,2,6,"49dd6581ae61cb27"
52963,51163,2,2,7,"49dd6581ae61cb27"
60595,58128,2,2,8,"49dd6581ae61cb27"
66795,64617,3,3,9,"49dd6581ae61cb27"
76761,74619,3,3,10,"49dd6581ae61cb27"
85270,83199,3,2,11,"49dd6581ae61cb27"
96608,91536,3,2,12,"49dd6581ae61cb27"
114916,99066,3,2,13,"49dd6581ae61cb27"
123194,118530,3,3,14,"49dd6581ae61cb27"
131136,127618,3,3,15,"49dd6581ae61cb27"
138143,134998,2,2,16,"49dd6581ae61cb27"
142475,139687,3,3,17,"49dd6581ae61cb27"
153885,147316,3,3,18,"49dd6581ae61cb27"
20484,1,2,2,1,"4b9f468f018eb6d7"
29826,22108,2,2,2,"4b9f468f018eb6d7"
36393,31265,3,2,3,"4b9f468f018eb6d7"
40489,37603,2,3,4,"4b9f468f018eb6d7"
47751,41959,2,3,5,"4b9f468f018eb6d7"
54037,50063,3,2,6,"4b9f468f018eb6d7"
66238,59970,2,2,7,"4b9f468f018eb6d7"
73062,70256,2,2,8,"4b9f468f018eb6d7"
77077,74155,2,2,9,"4b9f468f018eb6d7"
87971,82824,3,3,10,"4b9f468f018eb6d7"
97803,92933,2,2,11,"4b9f468f018eb6d7"
106333,103055,3,3,12,"4b9f468f018eb6d7"
126131,112109,3,3,13,"4b9f468f018eb6d7"
130111,127846,3,3,14,"4b9f468f018eb6d7"
133669,131177,3,3,15,"4b9f468f018eb6d7"
139336,134609,3,3,16,"4b9f468f018eb6d7"
142548,140503,3,3,17,"4b9f468f018eb6d7"
7167,4060,3,3,1,"4c0fb74ff1d37488"
12739,8405,3,3,2,"4c0fb74ff1d37488"
16635,14252,3,3,3,"4c0fb74ff1d37488"
27641,23823,3,3,4,"4c0fb74ff1d37488"
38626,34353,3,3,5,"4c0fb74ff1d37488"
49889,43717,2,2,6,"4c0fb74ff1d37488"
58185,53522,3,2,7,"4c0fb74ff1d37488"
68139,65689,3,3,8,"4c0fb74ff1d37488"
80573,74777,2,2,9,"4c0fb74ff1d37488"
87080,85046,3,2,10,"4c0fb74ff1d37488"
96561,93913,2,2,11,"4c0fb74ff1d37488"
107261,104219,3,2,12,"4c0fb74ff1d37488"
115650,112749,3,3,13,"4c0fb74ff1d37488"
120027,117693,3,3,14,"4c0fb74ff1d37488"
127039,124965,3,3,15,"4c0fb74ff1d37488"
137411,134844,3,3,16,"4c0fb74ff1d37488"
142037,140006,3,3,17,"4c0fb74ff1d37488"
149048,145969,2,3,18,"4c0fb74ff1d37488"
161483,153255,3,2,19,"4c0fb74ff1d37488"
166526,163671,3,3,20,"4c0fb74ff1d37488"
1530,1,3,2,1,"4c63296d87f275d6"
25153,8565,3,2,2,"4c63296d87f275d6"
37958,29896,3,3,3,"4c63296d87f275d6"
41598,39198,3,3,4,"4c63296d87f275d6"
48842,43111,3,3,5,"4c63296d87f275d6"
53122,49896,3,3,6,"4c63296d87f275d6"
63837,61704,3,3,7,"4c63296d87f275d6"
72273,69643,3,3,8,"4c63296d87f275d6"
80705,78160,3,3,9,"4c63296d87f275d6"
90793,85970,2,2,10,"4c63296d87f275d6"
97561,94798,3,3,11,"4c63296d87f275d6"
106985,102451,2,3,12,"4c63296d87f275d6"
115422,110820,3,2,13,"4c63296d87f275d6"
125791,119987,3,3,14,"4c63296d87f275d6"
131216,128064,2,3,15,"4c63296d87f275d6"
137526,134458,2,3,16,"4c63296d87f275d6"
146359,141996,2,3,17,"4c63296d87f275d6"
151582,149430,2,2,18,"4c63296d87f275d6"
160379,157814,2,2,19,"4c63296d87f275d6"
171041,168232,2,2,20,"4c63296d87f275d6"
3100,1,3,3,1,"4cd346a29dd96222"
14342,6623,3,3,2,"4cd346a29dd96222"
22075,15466,3,3,3,"4cd346a29dd96222"
29015,24266,2,2,4,"4cd346a29dd96222"
33811,30535,2,2,5,"4cd346a29dd96222"
44790,41353,2,2,6,"4cd346a29dd96222"
48199,45601,2,2,7,"4cd346a29dd96222"
2322,1,2,2,1,"4cd3de9691838b8b"
9321,5378,2,2,2,"4cd3de9691838b8b"
18596,13144,2,2,3,"4cd3de9691838b8b"
27817,23088,3,2,4,"4cd3de9691838b8b"
32383,29374,2,2,5,"4cd3de9691838b8b"
39104,36126,3,3,6,"4cd3de9691838b8b"
47370,44655,3,3,7,"4cd3de9691838b8b"
54553,48878,2,2,8,"4cd3de9691838b8b"
61346,59160,2,2,9,"4cd3de9691838b8b"
65298,62992,3,2,10,"4cd3de9691838b8b"
71434,69662,3,2,11,"4cd3de9691838b8b"
83313,81033,2,2,12,"4cd3de9691838b8b"
91687,87942,3,3,13,"4cd3de9691838b8b"
96319,92898,3,3,14,"4cd3de9691838b8b"
98973,97176,3,3,15,"4cd3de9691838b8b"
3273,66,3,2,1,"4ceefac6670032b6"
10924,5838,3,2,2,"4ceefac6670032b6"
18503,15847,2,2,3,"4ceefac6670032b6"
27718,24773,3,2,4,"4ceefac6670032b6"
35624,32539,3,3,5,"4ceefac6670032b6"
40687,38198,3,2,6,"4ceefac6670032b6"
45615,43298,2,3,7,"4ceefac6670032b6"
53929,51630,2,2,8,"4ceefac6670032b6"
63322,59681,3,3,9,"4ceefac6670032b6"
72787,70513,2,2,10,"4ceefac6670032b6"
77872,74599,3,2,11,"4ceefac6670032b6"
88517,84346,3,2,12,"4ceefac6670032b6"
93640,90378,3,3,13,"4ceefac6670032b6"
97217,94411,3,3,14,"4ceefac6670032b6"
101896,98947,3,3,15,"4ceefac6670032b6"
108763,105565,2,2,16,"4ceefac6670032b6"
118285,116183,3,3,17,"4ceefac6670032b6"
7192,3795,3,2,1,"4cf0f3e9bd06aa50"
12126,10193,3,3,2,"4cf0f3e9bd06aa50"
16738,14538,2,3,3,"4cf0f3e9bd06aa50"
23054,18798,3,3,4,"4cf0f3e9bd06aa50"
27808,24458,3,2,5,"4cf0f3e9bd06aa50"
33793,31393,3,3,6,"4cf0f3e9bd06aa50"
42416,40481,3,2,7,"4cf0f3e9bd06aa50"
51469,49638,3,3,8,"4cf0f3e9bd06aa50"
58005,53695,2,2,9,"4cf0f3e9bd06aa50"
67101,64790,2,2,10,"4cf0f3e9bd06aa50"
78008,75968,2,3,11,"4cf0f3e9bd06aa50"
86075,83479,2,2,12,"4cf0f3e9bd06aa50"
91515,88699,2,2,13,"4cf0f3e9bd06aa50"
98629,96667,3,2,14,"4cf0f3e9bd06aa50"
110656,108437,3,3,15,"4cf0f3e9bd06aa50"
120496,118445,3,2,16,"4cf0f3e9bd06aa50"
129456,127421,2,2,17,"4cf0f3e9bd06aa50"
137534,134821,3,2,18,"4cf0f3e9bd06aa50"
142234,140356,2,3,19,"4cf0f3e9bd06aa50"
155428,149444,3,3,20,"4cf0f3e9bd06aa50"
161116,159077,3,3,21,"4cf0f3e9bd06aa50"
165308,162922,3,3,22,"4cf0f3e9bd06aa50"
170401,168273,2,2,23,"4cf0f3e9bd06aa50"
182716,178316,2,2,24,"4cf0f3e9bd06aa50"
2358,1,3,2,1,"4e26230aa2be6919"
13184,9933,2,2,2,"4e26230aa2be6919"
20996,17759,2,2,3,"4e26230aa2be6919"
27857,25428,3,3,4,"4e26230aa2be6919"
32405,29873,2,2,5,"4e26230aa2be6919"
41671,37359,2,2,6,"4e26230aa2be6919"
48662,46062,3,3,7,"4e26230aa2be6919"
55726,53007,3,3,8,"4e26230aa2be6919"
66231,63027,3,3,9,"4e26230aa2be6919"
72381,69265,2,3,10,"4e26230aa2be6919"
78712,75759,3,2,11,"4e26230aa2be6919"
84847,81694,2,3,12,"4e26230aa2be6919"
91853,88783,3,3,13,"4e26230aa2be6919"
96651,93735,3,3,14,"4e26230aa2be6919"
101958,99619,2,2,15,"4e26230aa2be6919"
110602,107478,2,2,16,"4e26230aa2be6919"
116973,114429,3,3,17,"4e26230aa2be6919"
128474,124137,2,3,18,"4e26230aa2be6919"
137320,135197,3,3,19,"4e26230aa2be6919"
149158,146555,3,3,20,"4e26230aa2be6919"
160473,153137,2,2,21,"4e26230aa2be6919"
165305,163263,3,3,22,"4e26230aa2be6919"
6487,4062,2,3,1,"4f113284d3a60660"
14104,7858,3,3,2,"4f113284d3a60660"
22178,15123,2,2,3,"4f113284d3a60660"
25954,23355,3,3,4,"4f113284d3a60660"
34232,31404,3,3,5,"4f113284d3a60660"
41560,36791,2,2,6,"4f113284d3a60660"
48407,45353,3,2,7,"4f113284d3a60660"
54095,51593,2,2,8,"4f113284d3a60660"
59425,57331,2,2,9,"4f113284d3a60660"
63255,60867,2,2,10,"4f113284d3a60660"
73813,71457,2,2,11,"4f113284d3a60660"
81056,78773,2,2,12,"4f113284d3a60660"
93285,90400,3,2,13,"4f113284d3a60660"
101659,99027,3,3,14,"4f113284d3a60660"
110619,105975,3,3,15,"4f113284d3a60660"
114442,112457,3,3,16,"4f113284d3a60660"
117931,115645,3,3,17,"4f113284d3a60660"
124274,121840,3,2,18,"4f113284d3a60660"
133693,129088,2,2,19,"4f113284d3a60660"
145455,143301,3,2,20,"4f113284d3a60660"
149498,147384,2,2,21,"4f113284d3a60660"
154628,151263,2,2,22,"4f113284d3a60660"
162582,159414,3,3,23,"4f113284d3a60660"
3308,110,3,2,1,"4f13ea376fe8fa9e"
14472,8858,2,2,2,"4f13ea376fe8fa9e"
21661,19348,3,2,3,"4f13ea376fe8fa9e"
27178,24327,2,3,4,"4f13ea376fe8fa9e"
36369,32392,2,2,5,"4f13ea376fe8fa9e"
48403,42893,3,3,6,"4f13ea376fe8fa9e"
7444,5501,3,3,1,"4f3a1b10411d51f4"
13986,8332,3,3,2,"4f3a1b10411d51f4"
20450,14745,2,3,3,"4f3a1b10411d51f4"
25911,22240,3,3,4,"4f3a1b10411d51f4"
32444,29024,3,3,5,"4f3a1b10411d51f4"
41486,39146,3,3,6,"4f3a1b10411d51f4"
48790,45972,3,2,7,"4f3a1b10411d51f4"
61809,57347,3,3,8,"4f3a1b10411d51f4"
68207,64448,3,3,9,"4f3a1b10411d51f4"
72311,69119,3,2,10,"4f3a1b10411d51f4"
79082,77052,3,3,11,"4f3a1b10411d51f4"
87467,85560,2,2,12,"4f3a1b10411d51f4"
101547,98452,2,2,13,"4f3a1b10411d51f4"
108807,105543,3,2,14,"4f3a1b10411d51f4"
116509,113211,2,3,15,"4f3a1b10411d51f4"
125133,120171,3,3,16,"4f3a1b10411d51f4"
128344,125876,3,3,17,"4f3a1b10411d51f4"
133496,129834,3,2,18,"4f3a1b10411d51f4"
140747,138636,2,3,19,"4f3a1b10411d51f4"
148152,145178,2,3,20,"4f3a1b10411d51f4"
159886,156695,2,2,21,"4f3a1b10411d51f4"
3378,1,3,2,1,"4f6c9d02c7bc274"
12967,7873,2,2,2,"4f6c9d02c7bc274"
19873,16411,2,2,3,"4f6c9d02c7bc274"
25295,23164,3,3,4,"4f6c9d02c7bc274"
41031,32199,3,3,5,"4f6c9d02c7bc274"
48562,45599,3,3,6,"4f6c9d02c7bc274"
57494,54927,2,2,7,"4f6c9d02c7bc274"
66012,63698,2,2,8,"4f6c9d02c7bc274"
77838,72940,2,2,9,"4f6c9d02c7bc274"
132803,80264,2,2,10,"4f6c9d02c7bc274"
144553,141714,3,3,11,"4f6c9d02c7bc274"
149003,147014,2,2,12,"4f6c9d02c7bc274"
160029,156841,2,2,13,"4f6c9d02c7bc274"
168115,164667,2,3,14,"4f6c9d02c7bc274"
173515,170598,3,2,15,"4f6c9d02c7bc274"
185856,179358,3,3,16,"4f6c9d02c7bc274"
189965,187167,3,3,17,"4f6c9d02c7bc274"
194685,192651,3,3,18,"4f6c9d02c7bc274"
198963,196441,3,3,19,"4f6c9d02c7bc274"
3837,69,2,2,1,"5016c13e6eb6a5cb"
8538,5429,2,2,2,"5016c13e6eb6a5cb"
15921,12550,2,2,3,"5016c13e6eb6a5cb"
27522,22298,2,2,4,"5016c13e6eb6a5cb"
34927,32046,2,3,5,"5016c13e6eb6a5cb"
43641,40362,3,3,6,"5016c13e6eb6a5cb"
55513,48804,3,3,7,"5016c13e6eb6a5cb"
59647,57336,2,2,8,"5016c13e6eb6a5cb"
64970,62921,3,2,9,"5016c13e6eb6a5cb"
74998,71575,3,2,10,"5016c13e6eb6a5cb"
82727,79548,2,2,11,"5016c13e6eb6a5cb"
89605,86841,2,2,12,"5016c13e6eb6a5cb"
99055,94635,2,2,13,"5016c13e6eb6a5cb"
108594,103302,2,3,14,"5016c13e6eb6a5cb"
114300,112180,3,2,15,"5016c13e6eb6a5cb"
130103,126478,3,3,17,"5016c13e6eb6a5cb"
136209,133461,3,2,18,"5016c13e6eb6a5cb"
148412,144921,3,3,19,"5016c13e6eb6a5cb"
153385,149497,3,3,20,"5016c13e6eb6a5cb"
4343,1009,3,3,1,"508a34a389bb6d9b"
9334,5746,3,3,2,"508a34a389bb6d9b"
13867,10727,2,3,3,"508a34a389bb6d9b"
21833,18609,3,3,4,"508a34a389bb6d9b"
25563,22923,2,2,5,"508a34a389bb6d9b"
31052,28364,2,2,6,"508a34a389bb6d9b"
39720,35380,2,2,7,"508a34a389bb6d9b"
47363,44329,3,3,8,"508a34a389bb6d9b"
54267,52311,2,2,9,"508a34a389bb6d9b"
70886,64511,2,3,10,"508a34a389bb6d9b"
76722,72910,3,2,11,"508a34a389bb6d9b"
84819,82490,2,2,12,"508a34a389bb6d9b"
91327,88211,3,3,13,"508a34a389bb6d9b"
95009,92105,3,3,14,"508a34a389bb6d9b"
98779,96244,3,3,15,"508a34a389bb6d9b"
103641,99663,2,3,16,"508a34a389bb6d9b"
116809,111250,3,3,17,"508a34a389bb6d9b"
122503,120200,3,3,18,"508a34a389bb6d9b"
129031,126124,2,3,19,"508a34a389bb6d9b"
7910,4062,3,2,1,"50a409cd3e4048ee"
15236,11042,2,3,2,"50a409cd3e4048ee"
26021,20130,2,3,3,"50a409cd3e4048ee"
29990,27345,2,3,4,"50a409cd3e4048ee"
37068,33632,2,2,5,"50a409cd3e4048ee"
47670,43908,3,3,6,"50a409cd3e4048ee"
55013,51217,2,2,7,"50a409cd3e4048ee"
63667,60898,2,2,8,"50a409cd3e4048ee"
70358,68126,3,2,9,"50a409cd3e4048ee"
78374,76034,2,2,10,"50a409cd3e4048ee"
91676,89002,2,2,11,"50a409cd3e4048ee"
97313,95397,3,3,12,"50a409cd3e4048ee"
105849,102368,3,2,13,"50a409cd3e4048ee"
109550,107375,2,2,14,"50a409cd3e4048ee"
119765,113576,3,3,15,"50a409cd3e4048ee"
124482,121098,2,2,16,"50a409cd3e4048ee"
130617,128303,3,2,17,"50a409cd3e4048ee"
141060,138243,2,2,18,"50a409cd3e4048ee"
145153,142750,3,3,19,"50a409cd3e4048ee"
156480,150456,3,2,20,"50a409cd3e4048ee"
168652,162003,2,3,21,"50a409cd3e4048ee"
177604,170523,2,3,22,"50a409cd3e4048ee"
184838,179113,2,2,23,"50a409cd3e4048ee"
193376,188432,2,2,24,"50a409cd3e4048ee"
4987,80,3,3,1,"512f65d79752db5b"
8487,5988,3,3,2,"512f65d79752db5b"
12056,9934,2,2,3,"512f65d79752db5b"
18175,14963,3,3,4,"512f65d79752db5b"
23338,19855,3,3,5,"512f65d79752db5b"
32125,27991,3,3,6,"512f65d79752db5b"
36225,33733,2,3,7,"512f65d79752db5b"
42032,39207,2,2,8,"512f65d79752db5b"
48525,46254,3,3,9,"512f65d79752db5b"
58785,56023,3,3,10,"512f65d79752db5b"
66219,62941,3,3,11,"512f65d79752db5b"
75931,71501,2,2,12,"512f65d79752db5b"
81116,79324,3,3,13,"512f65d79752db5b"
86721,84517,3,3,14,"512f65d79752db5b"
91245,88812,2,3,15,"512f65d79752db5b"
99856,97779,3,3,16,"512f65d79752db5b"
107468,104817,3,3,17,"512f65d79752db5b"
110303,108362,3,3,18,"512f65d79752db5b"
116504,114291,2,2,19,"512f65d79752db5b"
122168,120018,2,2,20,"512f65d79752db5b"
129642,126206,3,3,21,"512f65d79752db5b"
138491,136461,3,3,22,"512f65d79752db5b"
144219,139636,3,3,23,"512f65d79752db5b"
147941,145533,3,3,24,"512f65d79752db5b"
14266,11546,3,3,1,"5197543f76489ac6"
20091,17022,3,3,2,"5197543f76489ac6"
23716,21554,3,3,3,"5197543f76489ac6"
28510,25968,2,2,4,"5197543f76489ac6"
38665,35359,3,2,5,"5197543f76489ac6"
47023,44663,2,2,6,"5197543f76489ac6"
53346,51156,3,3,7,"5197543f76489ac6"
60618,57699,2,2,8,"5197543f76489ac6"
65468,62722,2,3,9,"5197543f76489ac6"
74881,71501,3,3,10,"5197543f76489ac6"
83685,81031,2,2,11,"5197543f76489ac6"
88771,86632,2,2,12,"5197543f76489ac6"
94679,92585,2,3,13,"5197543f76489ac6"
100227,97435,3,3,14,"5197543f76489ac6"
107333,103444,2,2,15,"5197543f76489ac6"
120892,117472,3,3,16,"5197543f76489ac6"
127388,125064,2,2,17,"5197543f76489ac6"
134649,132084,3,2,18,"5197543f76489ac6"
143330,139393,3,3,19,"5197543f76489ac6"
149476,146590,2,2,20,"5197543f76489ac6"
162812,159306,2,2,21,"5197543f76489ac6"
170379,166871,2,2,22,"5197543f76489ac6"
176946,174198,2,2,23,"5197543f76489ac6"
8267,5578,3,3,1,"52104352bb98d527"
14818,11769,3,3,2,"52104352bb98d527"
23853,16155,2,2,3,"52104352bb98d527"
29395,25467,2,2,4,"52104352bb98d527"
38219,32009,2,2,5,"52104352bb98d527"
41779,39112,2,3,6,"52104352bb98d527"
50074,47149,3,3,7,"52104352bb98d527"
59933,55397,3,3,8,"52104352bb98d527"
64102,61879,3,2,9,"52104352bb98d527"
75851,73825,2,2,10,"52104352bb98d527"
83461,81313,3,2,11,"52104352bb98d527"
93497,91206,3,2,12,"52104352bb98d527"
103040,100246,3,3,13,"52104352bb98d527"
108708,105839,3,3,14,"52104352bb98d527"
120737,115197,2,3,15,"52104352bb98d527"
127520,125169,3,3,16,"52104352bb98d527"
131583,129460,3,3,17,"52104352bb98d527"
138218,135942,3,3,18,"52104352bb98d527"
3819,85,3,2,1,"527e8f5956881611"
13296,7068,2,2,2,"527e8f5956881611"
21717,18375,3,2,3,"527e8f5956881611"
30070,25920,3,3,4,"527e8f5956881611"
37663,31272,3,3,5,"527e8f5956881611"
42205,40377,3,3,6,"527e8f5956881611"
47335,45213,2,3,7,"527e8f5956881611"
52634,50505,2,2,8,"527e8f5956881611"
62394,60471,2,2,9,"527e8f5956881611"
72967,70098,3,3,10,"527e8f5956881611"
85784,82086,3,2,11,"527e8f5956881611"
93569,89493,3,3,12,"527e8f5956881611"
100545,97948,2,2,13,"527e8f5956881611"
108746,103037,2,2,14,"527e8f5956881611"
112560,109879,2,2,15,"527e8f5956881611"
120433,118096,3,3,16,"527e8f5956881611"
132241,128461,3,3,17,"527e8f5956881611"
139601,137421,3,3,18,"527e8f5956881611"
152781,146381,2,3,19,"527e8f5956881611"
159913,155341,2,2,20,"527e8f5956881611"
167517,162641,3,2,21,"527e8f5956881611"
175464,172997,2,2,22,"527e8f5956881611"
182823,180046,3,2,23,"527e8f5956881611"
3784,1,2,2,1,"528422fb7b9b9ea1"
14657,7643,3,2,2,"528422fb7b9b9ea1"
21250,19287,3,3,3,"528422fb7b9b9ea1"
30993,28247,3,3,4,"528422fb7b9b9ea1"
46605,34379,3,3,5,"528422fb7b9b9ea1"
54925,47986,3,2,6,"528422fb7b9b9ea1"
61493,58058,3,2,7,"528422fb7b9b9ea1"
73268,68917,3,2,8,"528422fb7b9b9ea1"
85253,79661,2,2,9,"528422fb7b9b9ea1"
93411,90371,3,3,10,"528422fb7b9b9ea1"
106617,100523,3,3,11,"528422fb7b9b9ea1"
111460,108839,2,2,12,"528422fb7b9b9ea1"
131891,116102,2,2,13,"528422fb7b9b9ea1"
138219,135388,3,2,14,"528422fb7b9b9ea1"
143953,139205,2,2,15,"528422fb7b9b9ea1"
147749,144837,2,3,16,"528422fb7b9b9ea1"
159957,153524,3,2,17,"528422fb7b9b9ea1"
168213,166235,3,3,18,"528422fb7b9b9ea1"
180211,177501,3,3,19,"528422fb7b9b9ea1"
185885,183864,3,3,20,"528422fb7b9b9ea1"
193736,190067,2,2,21,"528422fb7b9b9ea1"
200897,198436,3,2,22,"528422fb7b9b9ea1"
210922,204955,3,2,23,"528422fb7b9b9ea1"
216289,213735,2,2,24,"528422fb7b9b9ea1"
2673,1,2,3,1,"52adbfbb4ba3aaef"
7679,5044,3,3,2,"52adbfbb4ba3aaef"
14098,10999,3,2,3,"52adbfbb4ba3aaef"
25763,21648,3,2,4,"52adbfbb4ba3aaef"
30880,28532,2,2,5,"52adbfbb4ba3aaef"
34040,31579,2,3,6,"52adbfbb4ba3aaef"
39991,37686,2,2,7,"52adbfbb4ba3aaef"
48440,45727,2,2,8,"52adbfbb4ba3aaef"
52600,50445,2,2,9,"52adbfbb4ba3aaef"
61155,58922,2,3,10,"52adbfbb4ba3aaef"
69247,65124,3,3,11,"52adbfbb4ba3aaef"
77185,74212,3,2,12,"52adbfbb4ba3aaef"
85389,82708,3,3,13,"52adbfbb4ba3aaef"
91910,86427,2,3,14,"52adbfbb4ba3aaef"
95316,92779,3,3,15,"52adbfbb4ba3aaef"
98851,96824,3,3,16,"52adbfbb4ba3aaef"
105336,101060,2,2,17,"52adbfbb4ba3aaef"
113883,111327,3,3,18,"52adbfbb4ba3aaef"
125947,122722,3,3,19,"52adbfbb4ba3aaef"
3024,103,3,3,1,"531cd3c2af13b679"
6875,4441,3,3,2,"531cd3c2af13b679"
11830,8426,3,3,3,"531cd3c2af13b679"
17380,15325,2,2,4,"531cd3c2af13b679"
25932,20841,2,3,5,"531cd3c2af13b679"
37210,31721,2,3,6,"531cd3c2af13b679"
41204,39287,3,3,7,"531cd3c2af13b679"
48815,45756,3,3,8,"531cd3c2af13b679"
52381,50294,2,2,9,"531cd3c2af13b679"
67209,60455,3,3,10,"531cd3c2af13b679"
75524,68355,3,3,11,"531cd3c2af13b679"
79626,77553,2,2,12,"531cd3c2af13b679"
86040,83610,2,3,13,"531cd3c2af13b679"
95326,90008,3,3,14,"531cd3c2af13b679"
98206,96010,3,3,15,"531cd3c2af13b679"
104136,101960,2,3,16,"531cd3c2af13b679"
110473,106341,2,2,17,"531cd3c2af13b679"
121463,117481,2,3,18,"531cd3c2af13b679"
149876,128317,3,2,19,"531cd3c2af13b679"
159542,157045,3,2,20,"531cd3c2af13b679"
163272,161339,3,2,21,"531cd3c2af13b679"
5585,3615,2,2,1,"533b48fe92702f05"
13127,9608,3,3,2,"533b48fe92702f05"
20474,16359,2,2,3,"533b48fe92702f05"
26413,24401,2,2,4,"533b48fe92702f05"
46483,33437,2,2,5,"533b48fe92702f05"
53064,47124,2,2,6,"533b48fe92702f05"
59761,56638,2,2,7,"533b48fe92702f05"
64574,61848,3,2,8,"533b48fe92702f05"
71453,66870,2,2,9,"533b48fe92702f05"
79332,76651,3,2,10,"533b48fe92702f05"
83664,81443,2,2,11,"533b48fe92702f05"
91426,89791,2,2,12,"533b48fe92702f05"
96812,94229,3,3,13,"533b48fe92702f05"
103141,97788,3,3,14,"533b48fe92702f05"
8726,5982,3,3,1,"53f3e34648df5eda"
12336,10120,3,3,2,"53f3e34648df5eda"
15746,13200,2,3,3,"53f3e34648df5eda"
24208,20656,3,3,4,"53f3e34648df5eda"
29948,27662,3,3,5,"53f3e34648df5eda"
37091,34351,2,2,6,"53f3e34648df5eda"
42564,40683,3,2,7,"53f3e34648df5eda"
52330,49691,3,3,8,"53f3e34648df5eda"
59049,56554,2,2,9,"53f3e34648df5eda"
65611,63256,3,2,10,"53f3e34648df5eda"
73875,71575,3,2,11,"53f3e34648df5eda"
82052,78992,3,3,12,"53f3e34648df5eda"
95026,90875,3,2,13,"53f3e34648df5eda"
101902,97485,3,2,14,"53f3e34648df5eda"
111695,106931,2,2,15,"53f3e34648df5eda"
117889,113771,2,3,16,"53f3e34648df5eda"
127970,124601,2,3,17,"53f3e34648df5eda"
136420,134439,2,3,18,"53f3e34648df5eda"
147893,143527,3,3,19,"53f3e34648df5eda"
155284,149002,3,3,20,"53f3e34648df5eda"
163544,160395,2,3,21,"53f3e34648df5eda"
171169,166594,2,2,22,"53f3e34648df5eda"
176678,174304,3,3,23,"53f3e34648df5eda"
186476,183392,2,2,24,"53f3e34648df5eda"
191094,188997,2,2,25,"53f3e34648df5eda"
21395,335,2,2,1,"5472be9ae4601bd9"
28659,25616,2,2,2,"5472be9ae4601bd9"
33327,31342,2,2,3,"5472be9ae4601bd9"
38165,34497,3,2,4,"5472be9ae4601bd9"
45922,42480,2,2,5,"5472be9ae4601bd9"
53958,52157,3,3,6,"5472be9ae4601bd9"
63171,61245,2,2,7,"5472be9ae4601bd9"
75861,71573,3,3,8,"5472be9ae4601bd9"
85342,80452,2,3,9,"5472be9ae4601bd9"
91944,89142,2,3,10,"5472be9ae4601bd9"
101766,95383,2,3,11,"5472be9ae4601bd9"
109370,104471,3,2,12,"5472be9ae4601bd9"
129578,112178,2,2,13,"5472be9ae4601bd9"
135113,132100,3,3,14,"5472be9ae4601bd9"
140737,136134,2,3,15,"5472be9ae4601bd9"
147379,143975,2,3,16,"5472be9ae4601bd9"
155513,152484,2,2,17,"5472be9ae4601bd9"
164452,160045,3,2,18,"5472be9ae4601bd9"
171040,167848,2,2,19,"5472be9ae4601bd9"
177350,173363,3,3,20,"5472be9ae4601bd9"
185656,180676,3,3,21,"5472be9ae4601bd9"
195167,188962,2,2,22,"5472be9ae4601bd9"
203169,199006,3,3,23,"5472be9ae4601bd9"
5462,112,2,2,1,"54b35618beb58bdb"
10899,8511,2,2,2,"54b35618beb58bdb"
17999,14816,3,2,3,"54b35618beb58bdb"
27225,22628,3,2,4,"54b35618beb58bdb"
40569,33425,2,2,5,"54b35618beb58bdb"
53410,47430,2,3,6,"54b35618beb58bdb"
60062,56390,2,2,7,"54b35618beb58bdb"
67198,63845,2,2,8,"54b35618beb58bdb"
73832,71692,2,2,9,"54b35618beb58bdb"
85085,82692,2,2,10,"54b35618beb58bdb"
94034,90890,3,3,11,"54b35618beb58bdb"
103332,99334,3,3,12,"54b35618beb58bdb"
113240,108050,3,2,13,"54b35618beb58bdb"
117942,115291,2,2,14,"54b35618beb58bdb"
123693,120155,3,3,15,"54b35618beb58bdb"
130354,125244,3,3,16,"54b35618beb58bdb"
139143,132025,3,3,17,"54b35618beb58bdb"
142573,139829,2,3,18,"54b35618beb58bdb"
2724,99,2,2,1,"54b45a1874b21831"
13359,10087,2,2,2,"54b45a1874b21831"
20332,17822,3,3,3,"54b45a1874b21831"
24508,21511,3,3,4,"54b45a1874b21831"
34286,29676,3,3,5,"54b45a1874b21831"
37365,35099,2,2,6,"54b45a1874b21831"
44661,41235,3,2,7,"54b45a1874b21831"
57912,54982,3,3,8,"54b45a1874b21831"
66416,63942,2,2,9,"54b45a1874b21831"
74527,70168,3,2,10,"54b45a1874b21831"
81293,78155,3,3,11,"54b45a1874b21831"
88104,84851,2,2,12,"54b45a1874b21831"
93951,91175,3,2,13,"54b45a1874b21831"
98964,96548,3,2,14,"54b45a1874b21831"
103499,99542,3,3,15,"54b45a1874b21831"
114297,108502,3,3,16,"54b45a1874b21831"
118622,115371,3,3,17,"54b45a1874b21831"
124459,122304,3,2,18,"54b45a1874b21831"
131985,128834,2,2,19,"54b45a1874b21831"
142120,138458,3,3,20,"54b45a1874b21831"
147094,144899,3,3,21,"54b45a1874b21831"
155676,152055,3,3,22,"54b45a1874b21831"
932,1,2,3,1,"54fd1f5e1a2b5bed"
6311,4164,3,3,2,"54fd1f5e1a2b5bed"
9873,7058,3,3,3,"54fd1f5e1a2b5bed"
16327,12947,3,3,4,"54fd1f5e1a2b5bed"
19314,17210,3,3,5,"54fd1f5e1a2b5bed"
31077,28377,3,3,6,"54fd1f5e1a2b5bed"
36940,34575,3,3,7,"54fd1f5e1a2b5bed"
39967,37900,3,3,8,"54fd1f5e1a2b5bed"
46918,43463,3,3,9,"54fd1f5e1a2b5bed"
51173,49029,2,3,10,"54fd1f5e1a2b5bed"
58074,55965,2,3,11,"54fd1f5e1a2b5bed"
66116,63448,3,3,12,"54fd1f5e1a2b5bed"
74258,70528,2,2,13,"54fd1f5e1a2b5bed"
10201,5978,3,3,1,"554ec4ef442f415e"
15234,12698,3,3,2,"554ec4ef442f415e"
23157,18071,3,3,3,"554ec4ef442f415e"
28162,25678,2,2,4,"554ec4ef442f415e"
32302,29563,2,2,5,"554ec4ef442f415e"
40957,36218,2,2,6,"554ec4ef442f415e"
48633,45981,3,2,7,"554ec4ef442f415e"
54290,51160,2,3,8,"554ec4ef442f415e"
62343,58809,3,2,9,"554ec4ef442f415e"
72359,66252,3,2,10,"554ec4ef442f415e"
81457,76255,2,2,11,"554ec4ef442f415e"
92412,88377,2,2,12,"554ec4ef442f415e"
101096,97540,2,2,13,"554ec4ef442f415e"
108964,102951,2,2,14,"554ec4ef442f415e"
113243,110404,2,3,15,"554ec4ef442f415e"
118026,115454,2,3,16,"554ec4ef442f415e"
122688,119449,2,2,17,"554ec4ef442f415e"
129795,125604,2,2,18,"554ec4ef442f415e"
134713,132674,3,2,19,"554ec4ef442f415e"
143532,139185,3,2,20,"554ec4ef442f415e"
152411,148040,3,3,21,"554ec4ef442f415e"
159241,156775,3,2,22,"554ec4ef442f415e"
164905,162600,2,2,23,"554ec4ef442f415e"
172032,169344,3,2,24,"554ec4ef442f415e"
2500,104,2,2,1,"55bb74eeb004bfcd"
7333,4994,2,2,2,"55bb74eeb004bfcd"
15276,12417,2,2,3,"55bb74eeb004bfcd"
23037,19418,3,2,4,"55bb74eeb004bfcd"
31097,27151,3,3,5,"55bb74eeb004bfcd"
38254,35572,2,3,6,"55bb74eeb004bfcd"
46476,43221,3,3,7,"55bb74eeb004bfcd"
53175,51414,3,3,8,"55bb74eeb004bfcd"
57238,54453,3,2,9,"55bb74eeb004bfcd"
64642,62212,2,2,10,"55bb74eeb004bfcd"
75733,72407,2,2,11,"55bb74eeb004bfcd"
81855,79509,3,3,12,"55bb74eeb004bfcd"
91688,88563,2,2,13,"55bb74eeb004bfcd"
97344,94058,2,2,14,"55bb74eeb004bfcd"
101740,99088,2,2,15,"55bb74eeb004bfcd"
109477,106222,3,2,16,"55bb74eeb004bfcd"
121159,115894,3,3,17,"55bb74eeb004bfcd"
131500,127910,2,2,18,"55bb74eeb004bfcd"
139891,137811,3,3,19,"55bb74eeb004bfcd"
149024,146771,2,2,20,"55bb74eeb004bfcd"
156829,154489,3,2,21,"55bb74eeb004bfcd"
160081,158575,2,2,22,"55bb74eeb004bfcd"
8869,6344,3,3,1,"5628916f864f3096"
14655,10710,3,3,2,"5628916f864f3096"
18871,16213,3,2,3,"5628916f864f3096"
26966,23733,3,3,4,"5628916f864f3096"
36719,32124,2,3,5,"5628916f864f3096"
45744,43416,2,3,6,"5628916f864f3096"
56646,53423,3,3,7,"5628916f864f3096"
62046,60146,3,2,8,"5628916f864f3096"
69013,66754,2,2,9,"5628916f864f3096"
77445,73535,2,2,10,"5628916f864f3096"
84926,82794,2,3,11,"5628916f864f3096"
94015,90057,2,2,12,"5628916f864f3096"
102974,98565,3,3,13,"5628916f864f3096"
109291,106220,2,2,14,"5628916f864f3096"
114044,111506,2,2,15,"5628916f864f3096"
120067,117113,2,2,16,"5628916f864f3096"
124941,122692,2,2,17,"5628916f864f3096"
133133,130780,2,2,18,"5628916f864f3096"
139798,136862,3,3,19,"5628916f864f3096"
144780,142450,2,3,20,"5628916f864f3096"
157269,153556,3,3,21,"5628916f864f3096"
167400,164653,3,3,22,"5628916f864f3096"
178765,172101,3,3,23,"5628916f864f3096"
182361,179744,3,3,24,"5628916f864f3096"
186549,183663,3,3,25,"5628916f864f3096"
193130,190485,3,2,26,"5628916f864f3096"
201284,198500,2,2,27,"5628916f864f3096"
213294,206315,2,2,28,"5628916f864f3096"
224454,217494,2,2,29,"5628916f864f3096"
229591,227680,2,2,30,"5628916f864f3096"
6372,1008,3,3,1,"5661c2da5c759ce5"
17169,9622,2,2,2,"5661c2da5c759ce5"
27479,23842,2,2,3,"5661c2da5c759ce5"
35782,32620,2,2,4,"5661c2da5c759ce5"
42733,39683,3,2,5,"5661c2da5c759ce5"
51550,45445,2,2,6,"5661c2da5c759ce5"
58204,53013,3,3,7,"5661c2da5c759ce5"
63930,61473,2,2,8,"5661c2da5c759ce5"
70012,68204,3,2,9,"5661c2da5c759ce5"
80698,77397,2,2,10,"5661c2da5c759ce5"
90950,84880,3,2,11,"5661c2da5c759ce5"
98411,94652,2,2,12,"5661c2da5c759ce5"
106426,103176,3,2,13,"5661c2da5c759ce5"
111313,108603,2,2,14,"5661c2da5c759ce5"
116198,112950,3,3,15,"5661c2da5c759ce5"
126439,122721,2,2,16,"5661c2da5c759ce5"
134109,131164,2,2,17,"5661c2da5c759ce5"
142214,139983,3,3,18,"5661c2da5c759ce5"
147802,144272,2,3,19,"5661c2da5c759ce5"
9734,5979,2,3,1,"567d936e05038078"
17498,14418,2,2,2,"567d936e05038078"
23889,19870,2,2,3,"567d936e05038078"
38023,33761,2,2,4,"567d936e05038078"
48895,42778,3,2,5,"567d936e05038078"
54914,50504,3,2,6,"567d936e05038078"
61368,57162,3,2,7,"567d936e05038078"
71356,68755,2,2,8,"567d936e05038078"
78919,77136,2,2,9,"567d936e05038078"
85598,83848,2,2,10,"567d936e05038078"
96409,94009,3,2,11,"567d936e05038078"
103454,101435,2,3,12,"567d936e05038078"
113443,110083,3,2,13,"567d936e05038078"
119584,116787,3,3,14,"567d936e05038078"
123629,121574,3,3,15,"567d936e05038078"
128567,126057,3,2,16,"567d936e05038078"
133338,131042,3,3,17,"567d936e05038078"
9286,7064,2,2,1,"568fec5b6649fa4"
17129,14708,2,2,2,"568fec5b6649fa4"
20844,18374,2,2,3,"568fec5b6649fa4"
33572,27584,2,2,4,"568fec5b6649fa4"
43956,39749,3,3,5,"568fec5b6649fa4"
52439,46742,2,2,6,"568fec5b6649fa4"
60461,55903,2,2,7,"568fec5b6649fa4"
70410,67099,3,3,8,"568fec5b6649fa4"
82400,76319,2,2,9,"568fec5b6649fa4"
91121,88529,3,3,10,"568fec5b6649fa4"
102185,97617,3,3,11,"568fec5b6649fa4"
110393,108160,2,2,12,"568fec5b6649fa4"
119151,116270,3,3,13,"568fec5b6649fa4"
124201,121569,3,3,14,"568fec5b6649fa4"
127877,125224,3,3,15,"568fec5b6649fa4"
138637,134497,3,3,16,"568fec5b6649fa4"
142415,139873,3,3,17,"568fec5b6649fa4"
6677,1,3,2,1,"56f0db56dffd44dd"
14574,10614,2,2,2,"56f0db56dffd44dd"
25279,20069,3,3,3,"56f0db56dffd44dd"
30937,28513,3,3,4,"56f0db56dffd44dd"
8102,4062,3,3,1,"57a72b6045a04f6f"
11448,9401,3,3,2,"57a72b6045a04f6f"
20562,12553,2,3,3,"57a72b6045a04f6f"
25554,23308,3,3,4,"57a72b6045a04f6f"
34627,30018,3,3,5,"57a72b6045a04f6f"
44470,39807,3,3,6,"57a72b6045a04f6f"
48564,46394,2,2,7,"57a72b6045a04f6f"
56887,53783,2,2,8,"57a72b6045a04f6f"
64905,62774,3,2,9,"57a72b6045a04f6f"
78505,71812,2,2,10,"57a72b6045a04f6f"
84564,80147,2,2,11,"57a72b6045a04f6f"
91782,88850,2,2,12,"57a72b6045a04f6f"
105930,101339,3,3,13,"57a72b6045a04f6f"
114848,108719,3,3,14,"57a72b6045a04f6f"
118372,116131,3,3,15,"57a72b6045a04f6f"
131469,126406,3,3,16,"57a72b6045a04f6f"
135872,132087,2,2,17,"57a72b6045a04f6f"
143740,141710,2,2,18,"57a72b6045a04f6f"
152006,149860,3,2,19,"57a72b6045a04f6f"
158901,156682,3,2,20,"57a72b6045a04f6f"
172250,165944,2,2,21,"57a72b6045a04f6f"
177554,173553,3,2,22,"57a72b6045a04f6f"
185091,183548,2,2,23,"57a72b6045a04f6f"
2519,126,2,2,1,"57fc4ddfd0f33850"
6996,5012,3,3,2,"57fc4ddfd0f33850"
14263,10116,2,2,3,"57fc4ddfd0f33850"
21428,18688,3,2,4,"57fc4ddfd0f33850"
27827,24520,2,2,5,"57fc4ddfd0f33850"
36680,31082,2,2,6,"57fc4ddfd0f33850"
40689,37771,2,2,7,"57fc4ddfd0f33850"
45848,43487,3,3,8,"57fc4ddfd0f33850"
52228,47900,3,3,9,"57fc4ddfd0f33850"
58335,55580,3,3,10,"57fc4ddfd0f33850"
62549,60055,2,3,11,"57fc4ddfd0f33850"
72569,68673,2,2,12,"57fc4ddfd0f33850"
82244,79477,2,3,13,"57fc4ddfd0f33850"
87490,84432,3,3,14,"57fc4ddfd0f33850"
90858,88650,2,2,15,"57fc4ddfd0f33850"
104024,97312,3,3,16,"57fc4ddfd0f33850"
107316,105148,3,3,17,"57fc4ddfd0f33850"
113928,111505,3,3,18,"57fc4ddfd0f33850"
122397,117011,3,3,19,"57fc4ddfd0f33850"
7194,4063,3,3,1,"58127e8e0c40ad30"
13527,10117,3,3,2,"58127e8e0c40ad30"
18992,14154,3,2,3,"58127e8e0c40ad30"
28126,24120,3,3,4,"58127e8e0c40ad30"
35441,31588,3,3,5,"58127e8e0c40ad30"
40052,37868,2,2,6,"58127e8e0c40ad30"
47049,44633,2,3,7,"58127e8e0c40ad30"
57017,54397,2,2,8,"58127e8e0c40ad30"
65083,62032,2,3,9,"58127e8e0c40ad30"
75941,72061,3,3,10,"58127e8e0c40ad30"
84585,81211,3,3,11,"58127e8e0c40ad30"
91296,85258,3,3,12,"58127e8e0c40ad30"
97072,94848,2,2,13,"58127e8e0c40ad30"
108607,102908,3,2,14,"58127e8e0c40ad30"
113244,110837,3,2,15,"58127e8e0c40ad30"
123758,118317,2,2,16,"58127e8e0c40ad30"
9287,1005,2,2,1,"585ac15106cf7435"
14047,11157,2,2,2,"585ac15106cf7435"
21638,19388,2,2,3,"585ac15106cf7435"
29287,26166,2,3,4,"585ac15106cf7435"
42918,35127,2,2,5,"585ac15106cf7435"
49347,46354,2,2,6,"585ac15106cf7435"
63497,60083,2,3,7,"585ac15106cf7435"
72314,67592,3,3,8,"585ac15106cf7435"
86304,79107,3,2,9,"585ac15106cf7435"
90259,88312,2,2,10,"585ac15106cf7435"
101260,98523,3,3,11,"585ac15106cf7435"
112194,106569,2,2,12,"585ac15106cf7435"
121798,117755,3,3,13,"585ac15106cf7435"
127900,125536,3,2,14,"585ac15106cf7435"
140948,133228,2,2,15,"585ac15106cf7435"
152322,144857,2,3,16,"585ac15106cf7435"
157032,153945,2,3,17,"585ac15106cf7435"
167372,162542,3,3,18,"585ac15106cf7435"
171672,169008,2,3,19,"585ac15106cf7435"
7108,111,3,3,1,"59ee3086e946cf74"
11149,8357,2,2,2,"59ee3086e946cf74"
17984,15630,3,2,3,"59ee3086e946cf74"
31478,25501,3,3,4,"59ee3086e946cf74"
38706,34952,3,3,5,"59ee3086e946cf74"
49787,43912,2,2,6,"59ee3086e946cf74"
63579,53699,3,3,7,"59ee3086e946cf74"
77663,69714,3,3,8,"59ee3086e946cf74"
83780,81734,3,3,9,"59ee3086e946cf74"
95935,90694,3,3,10,"59ee3086e946cf74"
100083,97935,3,3,11,"59ee3086e946cf74"
108757,105980,2,2,12,"59ee3086e946cf74"
116156,111568,2,2,13,"59ee3086e946cf74"
119320,116946,3,3,14,"59ee3086e946cf74"
130821,125906,3,3,15,"59ee3086e946cf74"
140692,133984,3,3,16,"59ee3086e946cf74"
149665,143435,3,3,17,"59ee3086e946cf74"
159075,151267,2,2,18,"59ee3086e946cf74"
165801,162546,3,3,19,"59ee3086e946cf74"
172595,169511,2,3,20,"59ee3086e946cf74"
180918,177502,2,2,21,"59ee3086e946cf74"
190811,184592,3,3,22,"59ee3086e946cf74"
199897,195464,3,3,23,"59ee3086e946cf74"
209543,204723,3,2,24,"59ee3086e946cf74"
218253,212877,2,2,25,"59ee3086e946cf74"
229200,221688,3,2,26,"59ee3086e946cf74"
238881,234150,2,2,27,"59ee3086e946cf74"
248305,244615,2,2,28,"59ee3086e946cf74"
256214,252659,3,3,29,"59ee3086e946cf74"
2894,1,3,2,1,"5a8350ea0e7528ce"
10963,5479,3,2,2,"5a8350ea0e7528ce"
18562,14470,2,2,3,"5a8350ea0e7528ce"
23021,20162,2,2,4,"5a8350ea0e7528ce"
32269,29899,3,3,5,"5a8350ea0e7528ce"
41123,37675,3,3,6,"5a8350ea0e7528ce"
50283,47493,2,2,7,"5a8350ea0e7528ce"
58025,55932,2,2,8,"5a8350ea0e7528ce"
67839,64257,2,2,9,"5a8350ea0e7528ce"
75457,72763,3,2,10,"5a8350ea0e7528ce"
87024,84451,3,3,11,"5a8350ea0e7528ce"
94674,90211,3,2,12,"5a8350ea0e7528ce"
115208,99180,3,3,13,"5a8350ea0e7528ce"
120691,118391,2,3,14,"5a8350ea0e7528ce"
133014,129615,3,3,15,"5a8350ea0e7528ce"
139099,136858,2,2,16,"5a8350ea0e7528ce"
146747,144752,3,3,17,"5a8350ea0e7528ce"
3453,53,3,2,1,"5b1fae1843426fce"
7729,4578,3,2,2,"5b1fae1843426fce"
12774,9749,2,2,3,"5b1fae1843426fce"
18355,16353,2,2,4,"5b1fae1843426fce"
24322,21863,2,2,5,"5b1fae1843426fce"
32676,29669,2,2,6,"5b1fae1843426fce"
39509,36721,3,3,7,"5b1fae1843426fce"
45294,42885,3,3,8,"5b1fae1843426fce"
52478,50173,3,2,9,"5b1fae1843426fce"
59075,57005,2,2,10,"5b1fae1843426fce"
67904,65596,2,2,11,"5b1fae1843426fce"
76743,73128,3,2,12,"5b1fae1843426fce"
82496,79120,2,2,13,"5b1fae1843426fce"
86134,83918,2,2,14,"5b1fae1843426fce"
93591,90027,3,2,15,"5b1fae1843426fce"
99459,97226,3,2,16,"5b1fae1843426fce"
105827,102291,2,2,17,"5b1fae1843426fce"
117877,114384,2,3,18,"5b1fae1843426fce"
123948,121584,3,3,19,"5b1fae1843426fce"
131829,127490,2,2,20,"5b1fae1843426fce"
137264,134887,2,2,21,"5b1fae1843426fce"
143148,140873,3,3,22,"5b1fae1843426fce"
6,1,3,3,1,"5b499e0f4fbdc664"
7341,4476,2,2,3,"5b499e0f4fbdc664"
13493,11018,2,3,4,"5b499e0f4fbdc664"
21106,17602,3,3,5,"5b499e0f4fbdc664"
27459,25124,3,3,6,"5b499e0f4fbdc664"
37083,33102,3,3,7,"5b499e0f4fbdc664"
44442,42389,3,3,8,"5b499e0f4fbdc664"
48363,46562,2,2,9,"5b499e0f4fbdc664"
63695,57068,3,2,10,"5b499e0f4fbdc664"
72751,66940,2,2,11,"5b499e0f4fbdc664"
81508,79377,2,2,12,"5b499e0f4fbdc664"
93524,85775,3,3,13,"5b499e0f4fbdc664"
100350,96192,2,2,14,"5b499e0f4fbdc664"
109967,106711,2,2,15,"5b499e0f4fbdc664"
116488,112810,3,2,16,"5b499e0f4fbdc664"
126478,124334,3,2,17,"5b499e0f4fbdc664"
134170,131777,2,2,18,"5b499e0f4fbdc664"
140835,138042,3,2,19,"5b499e0f4fbdc664"
150571,147168,2,2,20,"5b499e0f4fbdc664"
161871,156222,2,2,21,"5b499e0f4fbdc664"
9111,5981,3,3,1,"5b5534fa0e89a1cc"
16834,9885,3,3,2,"5b5534fa0e89a1cc"
20884,18045,3,3,3,"5b5534fa0e89a1cc"
28301,26551,2,2,4,"5b5534fa0e89a1cc"
43959,37516,2,2,5,"5b5534fa0e89a1cc"
54265,47593,2,2,6,"5b5534fa0e89a1cc"
63444,58819,2,3,7,"5b5534fa0e89a1cc"
74247,67907,3,3,8,"5b5534fa0e89a1cc"
81086,76995,2,3,9,"5b5534fa0e89a1cc"
91705,89015,2,2,10,"5b5534fa0e89a1cc"
103619,100706,2,2,11,"5b5534fa0e89a1cc"
110347,107545,2,2,12,"5b5534fa0e89a1cc"
119421,116492,2,3,13,"5b5534fa0e89a1cc"
128286,123817,3,3,14,"5b5534fa0e89a1cc"
137264,133254,3,3,15,"5b5534fa0e89a1cc"
144087,139540,3,3,16,"5b5534fa0e89a1cc"
149898,147460,3,3,17,"5b5534fa0e89a1cc"
153597,151024,3,3,18,"5b5534fa0e89a1cc"
161304,157981,2,2,19,"5b5534fa0e89a1cc"
169976,166778,2,2,20,"5b5534fa0e89a1cc"
175541,172538,3,3,21,"5b5534fa0e89a1cc"
3736,1,3,3,1,"5c149df14353820b"
12921,6049,3,2,2,"5c149df14353820b"
23788,17218,3,3,3,"5c149df14353820b"
33048,28137,2,2,4,"5c149df14353820b"
41644,38301,2,2,5,"5c149df14353820b"
61464,57358,3,3,7,"5c149df14353820b"
67093,65071,2,2,8,"5c149df14353820b"
78696,75259,2,2,9,"5c149df14353820b"
86522,83201,2,2,10,"5c149df14353820b"
97440,93124,2,2,11,"5c149df14353820b"
105823,103594,2,2,12,"5c149df14353820b"
120978,114020,2,3,13,"5c149df14353820b"
127447,123597,2,2,14,"5c149df14353820b"
136588,134120,3,3,15,"5c149df14353820b"
142911,140151,3,3,16,"5c149df14353820b"
154321,149239,3,3,17,"5c149df14353820b"
2640,1,3,3,1,"5c202255dcaea603"
5636,3499,3,3,2,"5c202255dcaea603"
9828,6761,3,3,3,"5c202255dcaea603"
16118,13240,3,3,4,"5c202255dcaea603"
22365,19519,3,3,5,"5c202255dcaea603"
26720,23478,3,3,6,"5c202255dcaea603"
31534,29266,2,2,7,"5c202255dcaea603"
39398,37448,2,3,8,"5c202255dcaea603"
51785,46536,2,2,9,"5c202255dcaea603"
58346,53339,2,3,10,"5c202255dcaea603"
68529,61303,2,2,11,"5c202255dcaea603"
74429,71112,3,3,12,"5c202255dcaea603"
83414,79241,3,3,13,"5c202255dcaea603"
86869,85096,2,2,14,"5c202255dcaea603"
95166,90958,2,2,15,"5c202255dcaea603"
99583,97328,2,2,16,"5c202255dcaea603"
105756,103405,3,3,17,"5c202255dcaea603"
114924,110334,3,3,18,"5c202255dcaea603"
123609,119435,3,3,19,"5c202255dcaea603"
131475,126916,2,2,20,"5c202255dcaea603"
2611,1,3,3,1,"5c24f4bc1eb6dbef"
13909,7827,3,3,2,"5c24f4bc1eb6dbef"
21679,19198,2,2,3,"5c24f4bc1eb6dbef"
27532,25449,3,2,4,"5c24f4bc1eb6dbef"
35097,32685,3,2,5,"5c24f4bc1eb6dbef"
44387,40738,2,2,6,"5c24f4bc1eb6dbef"
49667,45858,2,2,7,"5c24f4bc1eb6dbef"
56855,51612,3,3,8,"5c24f4bc1eb6dbef"
64871,59119,2,3,9,"5c24f4bc1eb6dbef"
73979,70420,3,3,10,"5c24f4bc1eb6dbef"
82318,80013,3,2,11,"5c24f4bc1eb6dbef"
90228,87922,3,3,12,"5c24f4bc1eb6dbef"
118420,95832,3,3,13,"5c24f4bc1eb6dbef"
121365,119428,2,2,14,"5c24f4bc1eb6dbef"
127285,125224,3,3,15,"5c24f4bc1eb6dbef"
131360,128490,3,3,16,"5c24f4bc1eb6dbef"
140918,136159,3,3,17,"5c24f4bc1eb6dbef"
146652,141953,2,2,18,"5c24f4bc1eb6dbef"
153263,149447,2,3,19,"5c24f4bc1eb6dbef"
163581,159470,2,2,20,"5c24f4bc1eb6dbef"
173271,169997,3,3,21,"5c24f4bc1eb6dbef"
183740,180608,3,3,22,"5c24f4bc1eb6dbef"
6549,10,3,3,1,"5c3bb5c9692c9cc8"
9364,7449,3,3,2,"5c3bb5c9692c9cc8"
19663,15605,3,2,3,"5c3bb5c9692c9cc8"
52955,20942,3,3,4,"5c3bb5c9692c9cc8"
61265,58692,3,2,5,"5c3bb5c9692c9cc8"
71449,66654,2,2,6,"5c3bb5c9692c9cc8"
77377,74721,2,2,7,"5c3bb5c9692c9cc8"
85173,81236,2,2,8,"5c3bb5c9692c9cc8"
848,1,3,3,1,"5c82212d3accfe0d"
12335,6299,3,3,2,"5c82212d3accfe0d"
18677,13183,3,2,3,"5c82212d3accfe0d"
27536,22604,2,2,4,"5c82212d3accfe0d"
34353,32231,2,3,5,"5c82212d3accfe0d"
56725,43790,2,3,6,"5c82212d3accfe0d"
63494,58969,3,3,7,"5c82212d3accfe0d"
70177,67451,2,2,8,"5c82212d3accfe0d"
77404,73906,3,3,9,"5c82212d3accfe0d"
89015,86534,3,3,10,"5c82212d3accfe0d"
97867,95622,2,2,11,"5c82212d3accfe0d"
104318,101133,2,2,12,"5c82212d3accfe0d"
110812,108329,2,2,13,"5c82212d3accfe0d"
120388,115477,2,2,14,"5c82212d3accfe0d"
124036,121626,2,2,15,"5c82212d3accfe0d"
128825,125382,2,3,16,"5c82212d3accfe0d"
134082,131375,3,3,17,"5c82212d3accfe0d"
147007,141527,3,2,18,"5c82212d3accfe0d"
157544,152969,2,3,19,"5c82212d3accfe0d"
167740,162057,3,3,20,"5c82212d3accfe0d"
174931,169164,3,3,21,"5c82212d3accfe0d"
182231,177125,2,2,22,"5c82212d3accfe0d"
185466,183042,2,2,23,"5c82212d3accfe0d"
1569,1,3,3,1,"5cb8c0ec2d76bf"
6788,4478,3,2,3,"5cb8c0ec2d76bf"
12712,8909,3,3,4,"5cb8c0ec2d76bf"
16761,14048,3,3,5,"5cb8c0ec2d76bf"
23878,21623,3,3,6,"5cb8c0ec2d76bf"
28748,24716,3,2,7,"5cb8c0ec2d76bf"
36046,33754,3,3,8,"5cb8c0ec2d76bf"
44147,40822,3,3,9,"5cb8c0ec2d76bf"
52055,47869,3,2,10,"5cb8c0ec2d76bf"
57799,55249,3,3,11,"5cb8c0ec2d76bf"
63080,61049,3,3,12,"5cb8c0ec2d76bf"
68371,64438,2,3,13,"5cb8c0ec2d76bf"
77227,73630,2,3,14,"5cb8c0ec2d76bf"
88032,84122,3,2,15,"5cb8c0ec2d76bf"
93116,90808,2,2,16,"5cb8c0ec2d76bf"
101016,98559,2,2,17,"5cb8c0ec2d76bf"
105974,103292,2,2,18,"5cb8c0ec2d76bf"
11108,6508,2,3,1,"5cd3dc87042dc5fa"
16541,12764,2,3,2,"5cd3dc87042dc5fa"
24757,19158,3,3,3,"5cd3dc87042dc5fa"
30603,26127,3,3,4,"5cd3dc87042dc5fa"
34829,32789,2,2,5,"5cd3dc87042dc5fa"
47150,39073,2,2,6,"5cd3dc87042dc5fa"
55060,52725,2,2,7,"5cd3dc87042dc5fa"
60869,58868,2,2,8,"5cd3dc87042dc5fa"
78145,73744,2,2,9,"5cd3dc87042dc5fa"
92635,85188,3,3,10,"5cd3dc87042dc5fa"
97590,95301,2,3,11,"5cd3dc87042dc5fa"
107616,104257,3,3,12,"5cd3dc87042dc5fa"
127377,113205,3,2,13,"5cd3dc87042dc5fa"
134548,129940,2,2,14,"5cd3dc87042dc5fa"
140485,138502,2,2,15,"5cd3dc87042dc5fa"
147977,145786,3,2,16,"5cd3dc87042dc5fa"
166517,162358,3,3,17,"5cd3dc87042dc5fa"
176147,169939,3,3,18,"5cd3dc87042dc5fa"
186273,183861,3,3,19,"5cd3dc87042dc5fa"
192174,189608,3,3,20,"5cd3dc87042dc5fa"
200016,196467,3,2,21,"5cd3dc87042dc5fa"
208980,204136,3,2,22,"5cd3dc87042dc5fa"
1819,1,3,3,1,"5d10f4fbd00192bb"
8565,4223,3,3,2,"5d10f4fbd00192bb"
17535,10392,3,3,3,"5d10f4fbd00192bb"
22345,19460,2,3,4,"5d10f4fbd00192bb"
30449,27932,2,3,5,"5d10f4fbd00192bb"
35401,33077,3,2,6,"5d10f4fbd00192bb"
43394,41025,2,2,7,"5d10f4fbd00192bb"
51766,49563,2,2,8,"5d10f4fbd00192bb"
61730,58769,3,2,9,"5d10f4fbd00192bb"
68633,65521,3,3,10,"5d10f4fbd00192bb"
75680,73212,3,3,11,"5d10f4fbd00192bb"
83767,77458,3,3,12,"5d10f4fbd00192bb"
89853,86987,3,2,13,"5d10f4fbd00192bb"
97899,94820,2,2,14,"5d10f4fbd00192bb"
104063,98929,3,3,15,"5d10f4fbd00192bb"
110978,106458,3,3,16,"5d10f4fbd00192bb"
117949,115058,3,3,17,"5d10f4fbd00192bb"
127033,124195,3,3,18,"5d10f4fbd00192bb"
132615,130252,2,3,19,"5d10f4fbd00192bb"
143212,139644,3,3,20,"5d10f4fbd00192bb"
148563,146161,3,3,21,"5d10f4fbd00192bb"
159099,155249,2,2,22,"5d10f4fbd00192bb"
166790,164318,3,3,23,"5d10f4fbd00192bb"
177481,175326,3,3,24,"5d10f4fbd00192bb"
22081,369,2,2,1,"5db37f2170255bf8"
27422,24991,3,2,2,"5db37f2170255bf8"
33538,30918,2,2,3,"5db37f2170255bf8"
36620,34451,3,2,4,"5db37f2170255bf8"
49409,46024,2,2,5,"5db37f2170255bf8"
59234,55563,2,2,6,"5db37f2170255bf8"
68057,65003,3,3,7,"5db37f2170255bf8"
80578,76903,3,3,8,"5db37f2170255bf8"
92386,85991,2,2,9,"5db37f2170255bf8"
102658,97488,2,2,10,"5db37f2170255bf8"
107516,104695,3,3,11,"5db37f2170255bf8"
112801,110384,3,3,12,"5db37f2170255bf8"
132278,118293,3,3,13,"5db37f2170255bf8"
139083,135430,2,2,14,"5db37f2170255bf8"
148099,143238,2,2,15,"5db37f2170255bf8"
155133,151876,2,2,16,"5db37f2170255bf8"
163251,158811,3,3,17,"5db37f2170255bf8"
171369,167899,3,3,18,"5db37f2170255bf8"
178146,175576,3,3,19,"5db37f2170255bf8"
185883,182771,3,2,20,"5db37f2170255bf8"
200562,194327,3,3,21,"5db37f2170255bf8"
3763,79,3,3,1,"5deff1165e818acf"
16786,4615,3,3,2,"5deff1165e818acf"
20331,17664,2,2,3,"5deff1165e818acf"
33555,25938,2,2,4,"5deff1165e818acf"
39605,37165,2,2,5,"5deff1165e818acf"
47096,42605,3,2,6,"5deff1165e818acf"
55519,52932,3,2,7,"5deff1165e818acf"
61622,58828,2,2,8,"5deff1165e818acf"
71913,69075,3,2,9,"5deff1165e818acf"
79664,77039,3,2,10,"5deff1165e818acf"
87997,84369,2,2,11,"5deff1165e818acf"
98209,92488,3,2,12,"5deff1165e818acf"
105552,101074,3,3,13,"5deff1165e818acf"
110674,108120,3,3,14,"5deff1165e818acf"
115153,112958,3,3,15,"5deff1165e818acf"
3767,1,2,2,1,"5e04d12b8d884d33"
25343,9955,2,2,2,"5e04d12b8d884d33"
22447,18932,3,3,1,"5eb526ce6c2105f1"
25301,23285,3,3,2,"5eb526ce6c2105f1"
30542,28174,3,3,3,"5eb526ce6c2105f1"
35927,33577,3,2,4,"5eb526ce6c2105f1"
46293,44293,3,2,5,"5eb526ce6c2105f1"
52748,49742,2,2,6,"5eb526ce6c2105f1"
57450,55383,3,2,7,"5eb526ce6c2105f1"
66812,63840,2,2,8,"5eb526ce6c2105f1"
71471,69341,2,2,9,"5eb526ce6c2105f1"
82000,76494,3,3,10,"5eb526ce6c2105f1"
85600,82970,3,3,11,"5eb526ce6c2105f1"
90353,88274,3,3,12,"5eb526ce6c2105f1"
96590,93065,2,2,13,"5eb526ce6c2105f1"
103440,97671,2,2,14,"5eb526ce6c2105f1"
110946,105364,3,2,15,"5eb526ce6c2105f1"
115251,112722,2,3,16,"5eb526ce6c2105f1"
122587,120522,0,3,17,"5eb526ce6c2105f1"
127556,123929,2,2,18,"5eb526ce6c2105f1"
135289,131658,2,2,19,"5eb526ce6c2105f1"
147647,140794,3,3,20,"5eb526ce6c2105f1"
151764,149406,2,2,21,"5eb526ce6c2105f1"
155214,152922,3,3,22,"5eb526ce6c2105f1"
165362,161651,3,3,23,"5eb526ce6c2105f1"
171143,168055,3,2,24,"5eb526ce6c2105f1"
1192,1,3,2,1,"5ef2d1b23ef60496"
5096,2357,2,2,4,"5ef2d1b23ef60496"
9995,7221,3,2,5,"5ef2d1b23ef60496"
15931,12760,3,3,6,"5ef2d1b23ef60496"
22533,20380,3,2,7,"5ef2d1b23ef60496"
33554,29661,2,2,8,"5ef2d1b23ef60496"
41343,36162,3,3,9,"5ef2d1b23ef60496"
48361,46152,3,2,10,"5ef2d1b23ef60496"
62489,58296,2,2,11,"5ef2d1b23ef60496"
73127,66412,3,2,12,"5ef2d1b23ef60496"
76297,74164,2,2,13,"5ef2d1b23ef60496"
87410,81270,2,2,14,"5ef2d1b23ef60496"
94105,90228,3,3,15,"5ef2d1b23ef60496"
103336,100737,3,2,16,"5ef2d1b23ef60496"
109189,106946,2,2,17,"5ef2d1b23ef60496"
117474,113972,2,2,18,"5ef2d1b23ef60496"
128389,122553,2,2,19,"5ef2d1b23ef60496"
134700,132652,3,3,20,"5ef2d1b23ef60496"
143740,140918,3,3,21,"5ef2d1b23ef60496"
150161,147932,3,3,22,"5ef2d1b23ef60496"
154377,151289,3,3,23,"5ef2d1b23ef60496"
7888,5814,2,2,1,"5ef7cf95e5d4a0b7"
12745,10216,2,2,2,"5ef7cf95e5d4a0b7"
17100,14559,2,2,3,"5ef7cf95e5d4a0b7"
22175,20251,2,2,4,"5ef7cf95e5d4a0b7"
28024,26215,3,2,5,"5ef7cf95e5d4a0b7"
37760,35534,2,2,6,"5ef7cf95e5d4a0b7"
43053,40123,3,3,7,"5ef7cf95e5d4a0b7"
47583,44559,2,2,8,"5ef7cf95e5d4a0b7"
52784,49572,2,2,9,"5ef7cf95e5d4a0b7"
56570,54475,3,3,10,"5ef7cf95e5d4a0b7"
62256,60116,2,2,11,"5ef7cf95e5d4a0b7"
70237,67311,2,3,12,"5ef7cf95e5d4a0b7"
77460,74195,2,2,13,"5ef7cf95e5d4a0b7"
81719,79873,3,3,14,"5ef7cf95e5d4a0b7"
88883,85701,2,3,15,"5ef7cf95e5d4a0b7"
92440,90332,3,3,16,"5ef7cf95e5d4a0b7"
96225,93947,3,3,17,"5ef7cf95e5d4a0b7"
9174,5978,3,2,1,"5fcf39d9e0b4c677"
15162,12486,2,2,2,"5fcf39d9e0b4c677"
22005,19260,2,2,3,"5fcf39d9e0b4c677"
26948,23448,3,3,4,"5fcf39d9e0b4c677"
33259,30809,2,3,5,"5fcf39d9e0b4c677"
43938,39897,3,3,6,"5fcf39d9e0b4c677"
53026,45937,3,2,7,"5fcf39d9e0b4c677"
61514,56806,2,3,8,"5fcf39d9e0b4c677"
66921,64616,2,3,9,"5fcf39d9e0b4c677"
75410,73309,3,3,10,"5fcf39d9e0b4c677"
83717,80571,3,3,11,"5fcf39d9e0b4c677"
86884,84522,2,3,12,"5fcf39d9e0b4c677"
98554,95495,3,2,13,"5fcf39d9e0b4c677"
106849,104572,3,2,14,"5fcf39d9e0b4c677"
117878,115680,3,3,15,"5fcf39d9e0b4c677"
122599,119790,3,3,16,"5fcf39d9e0b4c677"
130706,125090,3,3,17,"5fcf39d9e0b4c677"
136702,131890,3,3,18,"5fcf39d9e0b4c677"
140264,137726,3,3,19,"5fcf39d9e0b4c677"
147777,144897,3,3,20,"5fcf39d9e0b4c677"
154232,151336,3,2,21,"5fcf39d9e0b4c677"
166439,161024,2,2,22,"5fcf39d9e0b4c677"
174089,170144,2,2,23,"5fcf39d9e0b4c677"
2425,1,3,3,1,"6001a40aad334cc"
12457,7013,3,3,2,"6001a40aad334cc"
15059,12902,3,2,3,"6001a40aad334cc"
18898,16593,2,2,4,"6001a40aad334cc"
22608,20804,2,2,5,"6001a40aad334cc"
27538,24416,2,2,6,"6001a40aad334cc"
35838,33374,3,2,7,"6001a40aad334cc"
44448,41679,2,2,8,"6001a40aad334cc"
47926,45855,3,3,9,"6001a40aad334cc"
53666,50776,2,2,10,"6001a40aad334cc"
60473,58069,2,2,11,"6001a40aad334cc"
63375,61302,3,3,12,"6001a40aad334cc"
70049,67305,2,3,13,"6001a40aad334cc"
80032,74937,3,3,14,"6001a40aad334cc"
84865,82873,2,2,15,"6001a40aad334cc"
91800,89087,3,2,16,"6001a40aad334cc"
97736,94884,2,2,17,"6001a40aad334cc"
106875,101543,2,3,18,"6001a40aad334cc"
113086,110146,2,3,19,"6001a40aad334cc"
121836,119678,2,3,20,"6001a40aad334cc"
4042,96,3,3,1,"609799b658f786f7"
8784,5696,2,3,2,"609799b658f786f7"
17350,13749,3,3,3,"609799b658f786f7"
27386,20712,2,2,4,"609799b658f786f7"
33504,31596,3,3,5,"609799b658f786f7"
41015,38210,2,2,6,"609799b658f786f7"
45410,43245,2,2,7,"609799b658f786f7"
52593,47409,3,2,8,"609799b658f786f7"
55579,53555,3,3,9,"609799b658f786f7"
64688,62531,2,2,10,"609799b658f786f7"
72396,69800,3,3,11,"609799b658f786f7"
80315,78080,3,2,12,"609799b658f786f7"
88143,85491,3,2,13,"609799b658f786f7"
98230,94500,2,2,14,"609799b658f786f7"
104336,102253,3,3,15,"609799b658f786f7"
115438,111213,3,3,16,"609799b658f786f7"
124427,120627,3,3,17,"609799b658f786f7"
128082,125723,2,2,18,"609799b658f786f7"
136850,134479,3,2,19,"609799b658f786f7"
143388,140776,3,2,20,"609799b658f786f7"
151048,146137,2,2,21,"609799b658f786f7"
155116,152829,3,3,22,"609799b658f786f7"
161273,158242,3,3,23,"609799b658f786f7"
166772,163141,3,2,24,"609799b658f786f7"
8224,1018,3,3,1,"60ccb24c67247cda"
13393,10442,3,3,2,"60ccb24c67247cda"
20234,17289,2,2,3,"60ccb24c67247cda"
28002,23012,2,3,4,"60ccb24c67247cda"
34767,32478,3,2,5,"60ccb24c67247cda"
44933,42586,2,2,6,"60ccb24c67247cda"
52252,48414,2,2,7,"60ccb24c67247cda"
58037,55764,2,2,8,"60ccb24c67247cda"
68300,65750,2,2,9,"60ccb24c67247cda"
75235,72599,2,2,10,"60ccb24c67247cda"
87913,81634,3,2,11,"60ccb24c67247cda"
92851,90484,2,3,12,"60ccb24c67247cda"
114036,102232,3,3,13,"60ccb24c67247cda"
118827,116261,2,3,14,"60ccb24c67247cda"
125862,121934,2,2,15,"60ccb24c67247cda"
132514,130417,2,2,16,"60ccb24c67247cda"
142929,137845,2,2,17,"60ccb24c67247cda"
146443,143539,3,2,18,"60ccb24c67247cda"
156362,153332,2,2,19,"60ccb24c67247cda"
170746,164636,3,3,20,"60ccb24c67247cda"
176970,174620,3,2,21,"60ccb24c67247cda"
185122,182336,3,2,22,"60ccb24c67247cda"
196792,193295,3,3,23,"60ccb24c67247cda"
205058,199349,2,2,24,"60ccb24c67247cda"
219439,211070,2,2,25,"60ccb24c67247cda"
223389,221170,3,3,26,"60ccb24c67247cda"
230951,226541,3,2,27,"60ccb24c67247cda"
243526,240521,2,2,28,"60ccb24c67247cda"
249194,246151,3,3,29,"60ccb24c67247cda"
260098,257310,2,2,30,"60ccb24c67247cda"
271131,267918,3,2,31,"60ccb24c67247cda"
286684,279476,3,3,32,"60ccb24c67247cda"
291186,288262,3,3,33,"60ccb24c67247cda"
304395,297324,2,2,34,"60ccb24c67247cda"
310342,308067,3,3,35,"60ccb24c67247cda"
319051,312681,2,2,36,"60ccb24c67247cda"
1873,1,2,3,1,"616a486dd559b3ab"
11718,5609,2,2,2,"616a486dd559b3ab"
14968,12831,3,2,3,"616a486dd559b3ab"
26521,23227,2,2,4,"616a486dd559b3ab"
32532,27557,3,2,5,"616a486dd559b3ab"
40039,34524,2,2,6,"616a486dd559b3ab"
45527,42866,2,2,7,"616a486dd559b3ab"
55984,51636,2,2,8,"616a486dd559b3ab"
61545,59110,2,3,9,"616a486dd559b3ab"
70888,68612,2,2,10,"616a486dd559b3ab"
80728,76164,2,2,11,"616a486dd559b3ab"
3607,1,3,3,1,"61c59eecc0f9f095"
9025,7055,2,2,2,"61c59eecc0f9f095"
16973,13402,3,3,3,"61c59eecc0f9f095"
21652,19463,2,2,4,"61c59eecc0f9f095"
25736,23496,2,2,5,"61c59eecc0f9f095"
43990,33631,3,3,6,"61c59eecc0f9f095"
50173,48093,2,3,7,"61c59eecc0f9f095"
54730,52146,3,3,8,"61c59eecc0f9f095"
60606,58574,3,2,9,"61c59eecc0f9f095"
66800,63988,3,2,10,"61c59eecc0f9f095"
77656,70624,3,3,11,"61c59eecc0f9f095"
82475,78776,2,3,12,"61c59eecc0f9f095"
2839,95,3,3,1,"62445b77e1210be9"
11274,4597,3,3,2,"62445b77e1210be9"
17152,12200,3,3,3,"62445b77e1210be9"
26733,19983,3,3,4,"62445b77e1210be9"
29873,28073,2,2,5,"62445b77e1210be9"
37291,33735,2,2,6,"62445b77e1210be9"
57973,45020,2,2,7,"62445b77e1210be9"
80697,61822,2,2,8,"62445b77e1210be9"
95284,91263,3,3,9,"62445b77e1210be9"
102782,96681,3,2,10,"62445b77e1210be9"
112223,105949,3,3,11,"62445b77e1210be9"
119100,116312,3,3,12,"62445b77e1210be9"
135539,132446,3,2,13,"62445b77e1210be9"
141117,138333,3,3,14,"62445b77e1210be9"
145687,142490,2,2,15,"62445b77e1210be9"
151792,147836,3,3,16,"62445b77e1210be9"
160890,156004,3,2,17,"62445b77e1210be9"
167246,164065,2,2,18,"62445b77e1210be9"
174207,169805,2,2,19,"62445b77e1210be9"
180292,175210,3,2,20,"62445b77e1210be9"
9098,5979,3,3,1,"62f47ac112ded76c"
16250,11666,3,2,2,"62f47ac112ded76c"
24071,20032,2,2,3,"62f47ac112ded76c"
33212,29029,3,2,4,"62f47ac112ded76c"
41845,36431,3,3,5,"62f47ac112ded76c"
51231,47570,2,3,6,"62f47ac112ded76c"
58994,56658,3,3,7,"62f47ac112ded76c"
63144,60029,3,3,8,"62f47ac112ded76c"
70195,67076,2,3,9,"62f47ac112ded76c"
76255,74056,3,3,10,"62f47ac112ded76c"
84361,80320,3,3,11,"62f47ac112ded76c"
87939,85524,3,3,12,"62f47ac112ded76c"
97584,94842,3,2,13,"62f47ac112ded76c"
108797,101610,2,2,14,"62f47ac112ded76c"
112300,110091,3,3,15,"62f47ac112ded76c"
119251,117091,3,3,16,"62f47ac112ded76c"
122875,120572,3,3,17,"62f47ac112ded76c"
130434,127550,3,2,18,"62f47ac112ded76c"
141484,138876,2,2,19,"62f47ac112ded76c"
9977,5979,3,3,1,"62fb056c88c365e6"
17708,11118,3,3,2,"62fb056c88c365e6"
21345,18614,3,3,3,"62fb056c88c365e6"
27139,24519,3,3,4,"62fb056c88c365e6"
35626,30949,3,3,5,"62fb056c88c365e6"
39071,36513,2,2,6,"62fb056c88c365e6"
43768,41065,2,2,7,"62fb056c88c365e6"
52456,47948,3,3,8,"62fb056c88c365e6"
62810,59014,3,3,9,"62fb056c88c365e6"
68019,64313,3,3,10,"62fb056c88c365e6"
79332,72811,3,3,11,"62fb056c88c365e6"
84006,81808,3,3,12,"62fb056c88c365e6"
91762,88717,3,2,13,"62fb056c88c365e6"
98141,95690,2,2,14,"62fb056c88c365e6"
105523,102185,2,2,15,"62fb056c88c365e6"
4347,1,2,2,1,"630088bb1b27ebff"
11473,7005,3,2,2,"630088bb1b27ebff"
6675,3405,3,3,1,"631872f398737859"
13019,10348,2,3,2,"631872f398737859"
21145,17872,2,3,3,"631872f398737859"
24860,22722,3,3,4,"631872f398737859"
29733,26400,3,3,5,"631872f398737859"
34342,32171,3,2,6,"631872f398737859"
43977,41775,3,3,7,"631872f398737859"
49080,45656,3,2,8,"631872f398737859"
54181,52173,2,2,9,"631872f398737859"
106671,84809,2,2,10,"631872f398737859"
112504,110101,2,2,11,"631872f398737859"
212671,113272,2,2,12,"631872f398737859"
215343,213285,3,3,13,"631872f398737859"
220559,218082,3,3,14,"631872f398737859"
229456,227267,3,3,15,"631872f398737859"
248023,245443,2,3,16,"631872f398737859"
254449,251480,3,3,17,"631872f398737859"
258941,256399,3,2,18,"631872f398737859"
269138,267087,3,3,19,"631872f398737859"
274533,272290,3,2,20,"631872f398737859"
281244,278680,3,2,21,"631872f398737859"
288000,285530,2,2,22,"631872f398737859"
293301,290945,3,3,23,"631872f398737859"
297729,296316,2,2,24,"631872f398737859"
3425,1,3,3,1,"63489421a548b044"
8387,5136,3,3,2,"63489421a548b044"
13574,9483,2,3,3,"63489421a548b044"
22769,16567,3,3,4,"63489421a548b044"
26138,23926,3,3,5,"63489421a548b044"
30893,27446,2,3,6,"63489421a548b044"
36105,32725,3,3,7,"63489421a548b044"
44455,41847,3,3,8,"63489421a548b044"
50274,46837,3,3,9,"63489421a548b044"
55904,52579,2,3,10,"63489421a548b044"
61972,59624,3,3,11,"63489421a548b044"
66594,64262,3,2,12,"63489421a548b044"
78617,71920,2,2,13,"63489421a548b044"
82152,80118,3,2,14,"63489421a548b044"
9219,5980,3,3,1,"6394adb370a024c4"
14615,12257,3,3,2,"6394adb370a024c4"
20969,17605,3,3,3,"6394adb370a024c4"
29512,26693,3,3,4,"6394adb370a024c4"
39229,36629,2,2,5,"6394adb370a024c4"
46181,43813,3,2,6,"6394adb370a024c4"
53222,50593,3,3,7,"6394adb370a024c4"
61580,56971,2,2,8,"6394adb370a024c4"
68424,65697,2,2,9,"6394adb370a024c4"
78383,74574,3,2,10,"6394adb370a024c4"
83926,81044,3,3,11,"6394adb370a024c4"
88864,85676,3,3,12,"6394adb370a024c4"
99530,96105,2,2,13,"6394adb370a024c4"
105729,102015,3,2,14,"6394adb370a024c4"
112878,108320,2,2,15,"6394adb370a024c4"
118513,115639,2,2,16,"6394adb370a024c4"
124920,120472,2,2,17,"6394adb370a024c4"
131662,129146,2,2,18,"6394adb370a024c4"
3945,124,3,3,1,"64219c2ff487875e"
8662,5613,3,3,2,"64219c2ff487875e"
13408,10555,3,3,3,"64219c2ff487875e"
22521,19515,3,3,4,"64219c2ff487875e"
31562,25034,3,3,5,"64219c2ff487875e"
39238,34611,3,3,6,"64219c2ff487875e"
44743,42139,2,3,7,"64219c2ff487875e"
54068,46860,3,2,8,"64219c2ff487875e"
62820,55997,2,2,9,"64219c2ff487875e"
69981,66934,3,3,10,"64219c2ff487875e"
83406,78111,2,3,11,"64219c2ff487875e"
89512,86399,3,3,12,"64219c2ff487875e"
95130,92286,2,3,13,"64219c2ff487875e"
99027,96812,2,3,14,"64219c2ff487875e"
108954,105065,3,3,15,"64219c2ff487875e"
115813,111186,3,3,16,"64219c2ff487875e"
124061,119049,2,2,17,"64219c2ff487875e"
130181,126434,2,2,18,"64219c2ff487875e"
135836,134019,3,3,19,"64219c2ff487875e"
146367,141903,2,2,20,"64219c2ff487875e"
10157,5979,2,2,1,"6453198612798e06"
17502,13029,2,2,2,"6453198612798e06"
20703,18623,3,3,3,"6453198612798e06"
29021,25672,3,3,4,"6453198612798e06"
37632,34760,3,3,5,"6453198612798e06"
43947,38275,2,2,6,"6453198612798e06"
50327,45619,2,3,7,"6453198612798e06"
57067,54256,3,3,8,"6453198612798e06"
64632,62260,3,2,9,"6453198612798e06"
74390,69485,3,3,10,"6453198612798e06"
82356,79573,2,2,11,"6453198612798e06"
86250,84333,2,2,12,"6453198612798e06"
101750,99439,3,2,13,"6453198612798e06"
112652,106467,2,2,14,"6453198612798e06"
117862,115794,3,3,15,"6453198612798e06"
126579,124158,2,2,16,"6453198612798e06"
132704,130346,3,3,17,"6453198612798e06"
139496,137328,2,3,18,"6453198612798e06"
149590,143903,3,3,19,"6453198612798e06"
152848,150387,3,3,20,"6453198612798e06"
161627,158106,3,3,21,"6453198612798e06"
170442,162568,3,2,22,"6453198612798e06"
177864,172714,3,3,23,"6453198612798e06"
3391,1,3,2,1,"64924f6ac87b489b"
9787,6637,2,3,2,"64924f6ac87b489b"
15474,12728,3,2,3,"64924f6ac87b489b"
29358,18053,2,2,4,"64924f6ac87b489b"
37189,33204,2,2,5,"64924f6ac87b489b"
47409,43697,3,3,6,"64924f6ac87b489b"
54332,52199,3,2,7,"64924f6ac87b489b"
61854,58262,2,2,8,"64924f6ac87b489b"
68334,65966,2,2,9,"64924f6ac87b489b"
77460,74778,2,2,10,"64924f6ac87b489b"
84238,81586,2,3,11,"64924f6ac87b489b"
88766,86279,3,3,12,"64924f6ac87b489b"
98243,94671,3,3,13,"64924f6ac87b489b"
108156,103913,3,2,14,"64924f6ac87b489b"
114972,110998,3,2,15,"64924f6ac87b489b"
126967,122402,3,3,16,"64924f6ac87b489b"
137119,133470,2,2,17,"64924f6ac87b489b"
8445,5980,3,3,1,"653656c267079f32"
16148,10511,3,2,2,"653656c267079f32"
23955,20522,2,2,3,"653656c267079f32"
27404,25439,2,2,4,"653656c267079f32"
32577,28540,2,2,5,"653656c267079f32"
42449,39912,2,2,6,"653656c267079f32"
48133,46029,3,2,7,"653656c267079f32"
57660,53968,2,2,8,"653656c267079f32"
66084,64192,3,2,9,"653656c267079f32"
71215,69330,3,3,10,"653656c267079f32"
75889,73839,2,3,11,"653656c267079f32"
84045,82019,2,2,12,"653656c267079f32"
91886,89120,2,2,13,"653656c267079f32"
98981,93746,3,3,14,"653656c267079f32"
102040,99875,3,3,15,"653656c267079f32"
114502,103573,3,3,16,"653656c267079f32"
121534,115915,3,3,17,"653656c267079f32"
3136,1,2,2,1,"654d40ac61c0eaed"
8348,5891,2,2,2,"654d40ac61c0eaed"
18719,14255,3,2,3,"654d40ac61c0eaed"
30959,23809,2,3,4,"654d40ac61c0eaed"
43325,35880,3,2,5,"654d40ac61c0eaed"
48205,44434,2,2,6,"654d40ac61c0eaed"
60450,53432,3,3,7,"654d40ac61c0eaed"
64240,62392,2,2,8,"654d40ac61c0eaed"
80039,71645,2,2,9,"654d40ac61c0eaed"
93345,87144,3,3,10,"654d40ac61c0eaed"
105395,98054,3,3,11,"654d40ac61c0eaed"
109622,107577,3,3,12,"654d40ac61c0eaed"
118060,113676,3,3,13,"654d40ac61c0eaed"
125487,121221,2,2,14,"654d40ac61c0eaed"
133005,128950,3,2,15,"654d40ac61c0eaed"
143415,137371,2,2,16,"654d40ac61c0eaed"
148651,145415,3,3,17,"654d40ac61c0eaed"
151887,149889,2,2,18,"654d40ac61c0eaed"
164006,158481,3,3,19,"654d40ac61c0eaed"
176702,169500,3,3,20,"654d40ac61c0eaed"
182502,178130,3,3,21,"654d40ac61c0eaed"
193556,189660,2,2,22,"654d40ac61c0eaed"
202018,198829,2,2,23,"654d40ac61c0eaed"
209987,207093,3,2,24,"654d40ac61c0eaed"
221229,215283,3,3,25,"654d40ac61c0eaed"
230206,224118,3,2,26,"654d40ac61c0eaed"
236584,234438,3,3,27,"654d40ac61c0eaed"
248404,241188,3,3,28,"654d40ac61c0eaed"
254340,252736,2,2,29,"654d40ac61c0eaed"
267021,259657,2,2,30,"654d40ac61c0eaed"
2335,1,2,2,1,"65500a61e0c496f2"
8986,3959,3,3,2,"65500a61e0c496f2"
15284,12919,2,3,3,"65500a61e0c496f2"
24495,20903,2,3,4,"65500a61e0c496f2"
29094,25462,2,2,5,"65500a61e0c496f2"
36751,33096,3,3,6,"65500a61e0c496f2"
43315,41005,3,2,7,"65500a61e0c496f2"
49197,46264,3,3,8,"65500a61e0c496f2"
59785,56009,3,3,9,"65500a61e0c496f2"
70037,64450,3,3,10,"65500a61e0c496f2"
76123,72567,3,3,11,"65500a61e0c496f2"
80756,78638,3,3,12,"65500a61e0c496f2"
100513,84897,2,2,13,"65500a61e0c496f2"
107170,103389,2,2,14,"65500a61e0c496f2"
116248,114190,2,2,15,"65500a61e0c496f2"
123377,120643,3,3,16,"65500a61e0c496f2"
129443,127187,3,3,17,"65500a61e0c496f2"
135497,132634,3,3,18,"65500a61e0c496f2"
139962,136169,2,2,19,"65500a61e0c496f2"
8450,4062,3,2,1,"668c692473314dc9"
13687,10539,3,2,2,"668c692473314dc9"
18550,16391,3,2,3,"668c692473314dc9"
27586,25198,3,2,4,"668c692473314dc9"
34643,32086,2,2,5,"668c692473314dc9"
42055,39344,3,2,6,"668c692473314dc9"
52374,48924,2,3,7,"668c692473314dc9"
60867,58755,2,2,8,"668c692473314dc9"
69856,64768,3,2,9,"668c692473314dc9"
77745,74876,3,3,10,"668c692473314dc9"
84647,81689,3,2,11,"668c692473314dc9"
93757,91600,2,3,12,"668c692473314dc9"
104376,101222,3,3,13,"668c692473314dc9"
107598,105550,3,3,14,"668c692473314dc9"
113733,111516,3,3,15,"668c692473314dc9"
121534,118578,3,3,16,"668c692473314dc9"
1781,1,3,3,1,"66c413347ad94050"
6897,3210,3,3,2,"66c413347ad94050"
14467,7770,3,2,3,"66c413347ad94050"
21003,17346,3,3,4,"66c413347ad94050"
32441,26434,3,2,5,"66c413347ad94050"
37109,34290,3,3,6,"66c413347ad94050"
42645,39686,2,2,7,"66c413347ad94050"
49647,45357,3,3,8,"66c413347ad94050"
55445,53091,3,3,9,"66c413347ad94050"
64086,62179,2,3,10,"66c413347ad94050"
3632,100,3,3,1,"6716f721d3b95b26"
10660,7038,2,2,2,"6716f721d3b95b26"
17004,13512,2,2,3,"6716f721d3b95b26"
27328,23765,2,2,4,"6716f721d3b95b26"
35467,31339,2,3,5,"6716f721d3b95b26"
43540,40299,3,2,6,"6716f721d3b95b26"
52669,49620,3,2,7,"6716f721d3b95b26"
59788,56186,3,2,8,"6716f721d3b95b26"
63280,61002,2,2,9,"6716f721d3b95b26"
81843,72424,2,2,10,"6716f721d3b95b26"
86958,83890,3,3,11,"6716f721d3b95b26"
96801,94964,3,3,12,"6716f721d3b95b26"
103952,100775,3,2,13,"6716f721d3b95b26"
112457,107748,2,2,14,"6716f721d3b95b26"
116895,113334,2,2,15,"6716f721d3b95b26"
126694,122319,2,2,16,"6716f721d3b95b26"
135207,129317,3,2,17,"6716f721d3b95b26"
143141,139158,2,2,18,"6716f721d3b95b26"
153745,150824,2,2,19,"6716f721d3b95b26"
161754,157811,3,3,20,"6716f721d3b95b26"
170665,165588,2,2,21,"6716f721d3b95b26"
176925,174095,3,2,22,"6716f721d3b95b26"
6949,3502,2,2,1,"67cf0c69da510ff"
12849,10019,3,2,2,"67cf0c69da510ff"
26898,19568,2,2,3,"67cf0c69da510ff"
30876,28729,3,3,4,"67cf0c69da510ff"
42203,36509,3,3,5,"67cf0c69da510ff"
55112,48896,3,3,6,"67cf0c69da510ff"
59547,56013,3,2,7,"67cf0c69da510ff"
65622,63085,3,2,8,"67cf0c69da510ff"
74896,72064,3,2,9,"67cf0c69da510ff"
86152,81688,3,3,10,"67cf0c69da510ff"
95884,90776,3,2,11,"67cf0c69da510ff"
100619,97673,2,2,12,"67cf0c69da510ff"
124019,115553,2,2,13,"67cf0c69da510ff"
132392,128464,2,2,14,"67cf0c69da510ff"
141060,137185,2,2,15,"67cf0c69da510ff"
156348,150592,3,3,16,"67cf0c69da510ff"
164872,159680,3,3,17,"67cf0c69da510ff"
177865,171425,3,3,18,"67cf0c69da510ff"
184201,180513,2,2,19,"67cf0c69da510ff"
194409,187911,2,2,20,"67cf0c69da510ff"
200726,198322,2,3,21,"67cf0c69da510ff"
215391,209285,3,3,22,"67cf0c69da510ff"
4116,1009,2,2,1,"68706dd3b8edc89f"
9467,7360,2,2,2,"68706dd3b8edc89f"
16923,14262,2,2,3,"68706dd3b8edc89f"
22999,19952,3,3,4,"68706dd3b8edc89f"
26497,24252,2,3,5,"68706dd3b8edc89f"
40276,33525,2,2,6,"68706dd3b8edc89f"
44704,42681,2,2,7,"68706dd3b8edc89f"
53747,51458,2,2,8,"68706dd3b8edc89f"
64965,59911,3,3,9,"68706dd3b8edc89f"
70282,67769,2,2,10,"68706dd3b8edc89f"
78110,74501,2,2,11,"68706dd3b8edc89f"
83064,80297,2,2,12,"68706dd3b8edc89f"
89720,86544,3,3,13,"68706dd3b8edc89f"
96726,93683,3,3,14,"68706dd3b8edc89f"
100599,97715,3,3,15,"68706dd3b8edc89f"
105602,103210,3,3,16,"68706dd3b8edc89f"
4304,966,2,2,1,"693fd86c1955754e"
11095,7800,2,2,2,"693fd86c1955754e"
14524,12355,3,2,3,"693fd86c1955754e"
23995,21138,3,2,4,"693fd86c1955754e"
34678,31357,3,3,5,"693fd86c1955754e"
38232,35605,2,2,6,"693fd86c1955754e"
47277,45200,3,2,7,"693fd86c1955754e"
63249,56723,2,3,8,"693fd86c1955754e"
68722,66430,3,3,9,"693fd86c1955754e"
74900,71647,3,3,10,"693fd86c1955754e"
79814,77682,3,3,11,"693fd86c1955754e"
83204,80893,3,2,12,"693fd86c1955754e"
90055,86739,2,2,13,"693fd86c1955754e"
96535,93329,2,2,14,"693fd86c1955754e"
103383,99704,3,2,15,"693fd86c1955754e"
110891,107581,2,2,16,"693fd86c1955754e"
121694,115769,3,3,17,"693fd86c1955754e"
127644,124645,3,2,18,"693fd86c1955754e"
134589,131547,3,3,19,"693fd86c1955754e"
142803,140609,2,2,20,"693fd86c1955754e"
152589,146486,3,3,21,"693fd86c1955754e"
160099,157029,2,3,22,"693fd86c1955754e"
166785,162268,3,3,23,"693fd86c1955754e"
176012,169158,2,2,24,"693fd86c1955754e"
183450,178827,3,3,25,"693fd86c1955754e"
192081,187663,3,3,26,"693fd86c1955754e"
201292,197476,2,2,27,"693fd86c1955754e"
207252,204724,2,2,28,"693fd86c1955754e"
216976,211681,2,2,29,"693fd86c1955754e"
3453,86,3,3,1,"698ae7f08e02241e"
6663,4378,3,3,2,"698ae7f08e02241e"
9090,7237,2,2,3,"698ae7f08e02241e"
20875,16959,3,3,4,"698ae7f08e02241e"
25627,23602,3,3,5,"698ae7f08e02241e"
30584,28077,3,3,6,"698ae7f08e02241e"
35933,33887,3,3,7,"698ae7f08e02241e"
40044,37758,3,3,8,"698ae7f08e02241e"
46601,44397,2,3,9,"698ae7f08e02241e"
53749,51583,3,3,10,"698ae7f08e02241e"
57027,55276,3,3,11,"698ae7f08e02241e"
62884,59680,3,3,12,"698ae7f08e02241e"
67448,64909,3,3,13,"698ae7f08e02241e"
70075,68253,2,3,14,"698ae7f08e02241e"
75074,72912,2,2,15,"698ae7f08e02241e"
79906,77420,3,3,16,"698ae7f08e02241e"
85057,82627,2,2,17,"698ae7f08e02241e"
4917,92,3,3,1,"69cae9aa07ad85b0"
12578,9299,2,3,2,"69cae9aa07ad85b0"
24111,17754,3,3,3,"69cae9aa07ad85b0"
26839,24750,3,3,4,"69cae9aa07ad85b0"
32673,29418,2,2,5,"69cae9aa07ad85b0"
39183,36179,2,2,6,"69cae9aa07ad85b0"
48138,46088,2,2,7,"69cae9aa07ad85b0"
58012,55209,2,2,8,"69cae9aa07ad85b0"
66912,64335,3,3,9,"69cae9aa07ad85b0"
71201,68838,3,2,10,"69cae9aa07ad85b0"
79182,76162,2,2,11,"69cae9aa07ad85b0"
87708,85180,3,3,12,"69cae9aa07ad85b0"
93543,90687,3,2,13,"69cae9aa07ad85b0"
100938,99059,2,2,14,"69cae9aa07ad85b0"
114579,108980,3,2,15,"69cae9aa07ad85b0"
121637,118384,3,3,16,"69cae9aa07ad85b0"
131188,124943,2,2,17,"69cae9aa07ad85b0"
140663,135436,2,3,18,"69cae9aa07ad85b0"
147539,144396,2,2,19,"69cae9aa07ad85b0"
153931,151696,3,2,20,"69cae9aa07ad85b0"
166556,162119,3,3,21,"69cae9aa07ad85b0"
178399,171079,3,3,22,"69cae9aa07ad85b0"
187026,184610,2,3,23,"69cae9aa07ad85b0"
196176,193570,3,2,24,"69cae9aa07ad85b0"
2035,1,2,2,1,"6aca9ea7f4956b5c"
6758,4521,3,2,2,"6aca9ea7f4956b5c"
12930,10465,3,2,3,"6aca9ea7f4956b5c"
20205,16640,3,3,4,"6aca9ea7f4956b5c"
28063,25600,2,3,5,"6aca9ea7f4956b5c"
37228,35012,3,3,6,"6aca9ea7f4956b5c"
43045,39473,2,2,7,"6aca9ea7f4956b5c"
51205,46608,3,2,8,"6aca9ea7f4956b5c"
62581,55140,3,3,9,"6aca9ea7f4956b5c"
67905,65750,3,3,10,"6aca9ea7f4956b5c"
76436,71664,3,3,11,"6aca9ea7f4956b5c"
81126,79128,3,3,12,"6aca9ea7f4956b5c"
92074,82952,3,3,13,"6aca9ea7f4956b5c"
101101,97873,3,3,14,"6aca9ea7f4956b5c"
107727,101855,3,3,15,"6aca9ea7f4956b5c"
113879,110587,3,3,16,"6aca9ea7f4956b5c"
119464,117266,2,2,17,"6aca9ea7f4956b5c"
133465,129930,2,2,18,"6aca9ea7f4956b5c"
156307,150701,3,2,20,"6aca9ea7f4956b5c"
163634,160876,2,2,21,"6aca9ea7f4956b5c"
173518,168035,2,2,22,"6aca9ea7f4956b5c"
15695,1017,3,2,1,"6b0b30d74fce30dc"
20187,17185,2,2,2,"6b0b30d74fce30dc"
23882,21840,2,2,3,"6b0b30d74fce30dc"
59921,29777,2,2,4,"6b0b30d74fce30dc"
65546,63514,2,3,5,"6b0b30d74fce30dc"
72225,70158,2,2,6,"6b0b30d74fce30dc"
98281,80189,2,2,7,"6b0b30d74fce30dc"
109380,104401,2,2,8,"6b0b30d74fce30dc"
116356,113803,2,3,9,"6b0b30d74fce30dc"
120754,118399,2,2,10,"6b0b30d74fce30dc"
126147,124116,3,2,11,"6b0b30d74fce30dc"
133014,130409,3,2,12,"6b0b30d74fce30dc"
151588,139574,3,2,13,"6b0b30d74fce30dc"
157661,153937,2,2,14,"6b0b30d74fce30dc"
162479,159510,2,2,15,"6b0b30d74fce30dc"
167781,165647,3,2,16,"6b0b30d74fce30dc"
176286,172214,3,3,17,"6b0b30d74fce30dc"
185530,181100,3,2,18,"6b0b30d74fce30dc"
193111,189610,3,3,19,"6b0b30d74fce30dc"
203794,197391,3,2,20,"6b0b30d74fce30dc"
208328,206223,2,2,21,"6b0b30d74fce30dc"
214532,212069,2,2,22,"6b0b30d74fce30dc"
222615,219020,3,3,23,"6b0b30d74fce30dc"
14038,2,3,3,1,"6c39cfc7f9d8bab6"
18245,15650,3,3,2,"6c39cfc7f9d8bab6"
21931,19770,3,3,3,"6c39cfc7f9d8bab6"
28961,24843,3,3,4,"6c39cfc7f9d8bab6"
34147,30631,3,2,5,"6c39cfc7f9d8bab6"
47891,41147,2,2,6,"6c39cfc7f9d8bab6"
52168,50075,2,2,7,"6c39cfc7f9d8bab6"
63576,58968,3,2,8,"6c39cfc7f9d8bab6"
5116,2822,2,3,1,"6c843bb3d7193e3c"
9423,7120,3,3,2,"6c843bb3d7193e3c"
14206,11841,3,3,3,"6c843bb3d7193e3c"
20774,16935,3,2,4,"6c843bb3d7193e3c"
29633,26639,2,2,5,"6c843bb3d7193e3c"
40085,36392,2,3,6,"6c843bb3d7193e3c"
50139,47199,2,2,7,"6c843bb3d7193e3c"
62181,54792,3,3,8,"6c843bb3d7193e3c"
70750,66233,3,2,9,"6c843bb3d7193e3c"
78684,74952,2,2,10,"6c843bb3d7193e3c"
85051,83019,2,2,11,"6c843bb3d7193e3c"
94702,89779,2,2,12,"6c843bb3d7193e3c"
100562,98053,2,2,13,"6c843bb3d7193e3c"
105754,103314,2,2,14,"6c843bb3d7193e3c"
113808,110957,2,2,15,"6c843bb3d7193e3c"
123823,117078,2,2,16,"6c843bb3d7193e3c"
131634,126008,2,2,17,"6c843bb3d7193e3c"
138747,135318,2,2,18,"6c843bb3d7193e3c"
146923,143017,2,2,19,"6c843bb3d7193e3c"
154517,150900,3,3,20,"6c843bb3d7193e3c"
162193,159988,2,3,21,"6c843bb3d7193e3c"
173227,168302,3,3,22,"6c843bb3d7193e3c"
180923,175147,3,3,23,"6c843bb3d7193e3c"
186156,181968,2,2,24,"6c843bb3d7193e3c"
2007,1,2,2,1,"6d4048adecfe5ab1"
8657,6507,3,2,2,"6d4048adecfe5ab1"
14936,13037,3,2,3,"6d4048adecfe5ab1"
21865,19155,3,3,4,"6d4048adecfe5ab1"
32568,27596,3,3,5,"6d4048adecfe5ab1"
41419,38984,3,3,6,"6d4048adecfe5ab1"
46808,43359,3,2,7,"6d4048adecfe5ab1"
53273,50228,3,2,8,"6d4048adecfe5ab1"
64412,61899,2,2,9,"6d4048adecfe5ab1"
81673,74310,3,3,10,"6d4048adecfe5ab1"
84936,82814,3,2,11,"6d4048adecfe5ab1"
95326,91810,2,2,12,"6d4048adecfe5ab1"
107018,102035,2,2,13,"6d4048adecfe5ab1"
118499,111241,3,2,14,"6d4048adecfe5ab1"
128331,125446,2,2,15,"6d4048adecfe5ab1"
135165,132486,2,2,16,"6d4048adecfe5ab1"
142161,139436,2,2,17,"6d4048adecfe5ab1"
153591,150800,2,3,18,"6d4048adecfe5ab1"
162403,157597,2,3,19,"6d4048adecfe5ab1"
175283,169530,3,2,20,"6d4048adecfe5ab1"
184716,180275,2,2,21,"6d4048adecfe5ab1"
194308,191721,2,2,22,"6d4048adecfe5ab1"
209067,204542,2,2,23,"6d4048adecfe5ab1"
4621,56,3,3,1,"6d7e93763553c4ad"
14443,9431,3,3,2,"6d7e93763553c4ad"
17368,15190,3,3,3,"6d7e93763553c4ad"
26080,21346,3,3,4,"6d7e93763553c4ad"
32535,28747,3,3,5,"6d7e93763553c4ad"
40897,35007,3,2,6,"6d7e93763553c4ad"
51526,49336,2,2,7,"6d7e93763553c4ad"
61560,57718,2,2,8,"6d7e93763553c4ad"
67325,64621,3,2,9,"6d7e93763553c4ad"
73710,70128,2,3,10,"6d7e93763553c4ad"
78492,76081,3,3,11,"6d7e93763553c4ad"
88646,85041,2,2,12,"6d7e93763553c4ad"
94932,91085,3,2,13,"6d7e93763553c4ad"
101775,97844,3,2,14,"6d7e93763553c4ad"
114675,109063,3,2,15,"6d7e93763553c4ad"
120519,118064,2,2,16,"6d7e93763553c4ad"
133908,127702,2,2,17,"6d7e93763553c4ad"
141403,138546,3,3,18,"6d7e93763553c4ad"
150908,147506,3,3,19,"6d7e93763553c4ad"
155106,152244,3,3,20,"6d7e93763553c4ad"
159707,157520,3,2,21,"6d7e93763553c4ad"
3680,1,2,3,1,"6ddd1f7ec36ec711"
8085,5442,3,3,2,"6ddd1f7ec36ec711"
11439,9459,2,2,3,"6ddd1f7ec36ec711"
18475,16850,3,2,4,"6ddd1f7ec36ec711"
30657,27933,2,2,5,"6ddd1f7ec36ec711"
38892,36563,3,3,6,"6ddd1f7ec36ec711"
51115,46065,3,3,7,"6ddd1f7ec36ec711"
58220,55058,2,2,8,"6ddd1f7ec36ec711"
64999,61532,3,2,9,"6ddd1f7ec36ec711"
71991,69514,3,3,10,"6ddd1f7ec36ec711"
87232,80900,2,2,11,"6ddd1f7ec36ec711"
127502,88304,2,2,12,"6ddd1f7ec36ec711"
138532,130075,3,3,13,"6ddd1f7ec36ec711"
143575,139777,3,3,14,"6ddd1f7ec36ec711"
146785,144612,3,3,15,"6ddd1f7ec36ec711"
149864,147859,3,2,16,"6ddd1f7ec36ec711"
157734,155689,3,3,17,"6ddd1f7ec36ec711"
164435,161978,3,3,18,"6ddd1f7ec36ec711"
173264,168104,3,3,19,"6ddd1f7ec36ec711"
8055,5776,3,2,1,"6df18263276a9b40"
22324,16006,3,3,2,"6df18263276a9b40"
27505,24384,3,3,3,"6df18263276a9b40"
36376,33062,3,3,4,"6df18263276a9b40"
40200,37892,3,2,5,"6df18263276a9b40"
49041,46015,2,3,6,"6df18263276a9b40"
57806,55103,3,3,7,"6df18263276a9b40"
63503,59150,3,3,8,"6df18263276a9b40"
77311,70345,2,2,9,"6df18263276a9b40"
86162,81672,3,3,10,"6df18263276a9b40"
96493,92165,3,2,11,"6df18263276a9b40"
106591,102838,3,3,12,"6df18263276a9b40"
116677,112678,2,2,13,"6df18263276a9b40"
121874,119373,2,2,14,"6df18263276a9b40"
126287,123042,3,3,15,"6df18263276a9b40"
132828,130132,3,3,16,"6df18263276a9b40"
140102,134233,2,2,17,"6df18263276a9b40"
148751,143936,2,2,18,"6df18263276a9b40"
161001,157781,2,2,19,"6df18263276a9b40"
4490,10,2,3,1,"6e0e8a618cacdda5"
12250,9165,3,3,2,"6e0e8a618cacdda5"
16276,13698,3,3,3,"6e0e8a618cacdda5"
22740,19964,2,3,4,"6e0e8a618cacdda5"
32683,28018,2,2,5,"6e0e8a618cacdda5"
38198,36131,3,3,6,"6e0e8a618cacdda5"
47386,45091,2,2,7,"6e0e8a618cacdda5"
57227,51212,2,2,8,"6e0e8a618cacdda5"
66684,61165,2,2,9,"6e0e8a618cacdda5"
71160,67681,2,3,10,"6e0e8a618cacdda5"
32766,6,3,2,1,"6e376ce7ab748c62"
40855,37565,3,3,2,"6e376ce7ab748c62"
47417,45339,3,3,3,"6e376ce7ab748c62"
56931,54299,2,2,4,"6e376ce7ab748c62"
65632,62758,2,3,5,"6e376ce7ab748c62"
71576,69488,2,2,6,"6e376ce7ab748c62"
81581,77258,2,3,7,"6e376ce7ab748c62"
91903,87560,3,2,8,"6e376ce7ab748c62"
99299,95504,3,2,9,"6e376ce7ab748c62"
123602,103292,3,2,10,"6e376ce7ab748c62"
127605,124907,2,2,11,"6e376ce7ab748c62"
130599,128137,3,3,12,"6e376ce7ab748c62"
141967,135208,2,2,13,"6e376ce7ab748c62"
147550,145520,3,3,14,"6e376ce7ab748c62"
152632,150260,3,3,15,"6e376ce7ab748c62"
156002,153349,2,3,16,"6e376ce7ab748c62"
163513,161166,3,3,17,"6e376ce7ab748c62"
8324,3126,2,2,1,"6edb9243025aa23a"
13376,11103,2,2,2,"6edb9243025aa23a"
22227,20199,2,2,3,"6edb9243025aa23a"
26825,24875,2,2,4,"6edb9243025aa23a"
32847,31255,2,2,5,"6edb9243025aa23a"
38409,36093,3,2,6,"6edb9243025aa23a"
42194,39856,3,3,7,"6edb9243025aa23a"
49535,47552,3,3,8,"6edb9243025aa23a"
57882,54704,2,2,9,"6edb9243025aa23a"
63356,60445,3,2,10,"6edb9243025aa23a"
73246,71096,2,2,11,"6edb9243025aa23a"
82483,78285,2,2,12,"6edb9243025aa23a"
89685,87248,2,3,13,"6edb9243025aa23a"
93057,90853,2,2,14,"6edb9243025aa23a"
103114,97962,2,3,15,"6edb9243025aa23a"
107901,104641,3,3,16,"6edb9243025aa23a"
8700,5189,2,2,1,"6ee1894cb4d6bdee"
17976,11085,3,3,2,"6ee1894cb4d6bdee"
23317,20045,2,2,3,"6ee1894cb4d6bdee"
32111,26933,3,3,4,"6ee1894cb4d6bdee"
35293,33081,2,3,5,"6ee1894cb4d6bdee"
40941,38759,3,3,6,"6ee1894cb4d6bdee"
44461,42399,3,3,7,"6ee1894cb4d6bdee"
52147,49588,3,3,8,"6ee1894cb4d6bdee"
62310,53110,2,3,9,"6ee1894cb4d6bdee"
73883,68167,2,2,10,"6ee1894cb4d6bdee"
80648,78456,3,3,11,"6ee1894cb4d6bdee"
87776,84827,3,3,12,"6ee1894cb4d6bdee"
94041,90192,2,2,13,"6ee1894cb4d6bdee"
98230,95378,2,2,14,"6ee1894cb4d6bdee"
103906,101653,2,2,15,"6ee1894cb4d6bdee"
110496,107847,2,2,16,"6ee1894cb4d6bdee"
8041,5161,2,3,1,"6eefe38f5c129a16"
19231,15825,2,2,2,"6eefe38f5c129a16"
26328,21443,2,2,3,"6eefe38f5c129a16"
30746,28335,2,2,4,"6eefe38f5c129a16"
33821,31435,3,2,5,"6eefe38f5c129a16"
42004,39750,2,2,6,"6eefe38f5c129a16"
51193,49012,3,2,7,"6eefe38f5c129a16"
58808,56585,3,2,8,"6eefe38f5c129a16"
63345,60348,2,2,9,"6eefe38f5c129a16"
75299,71891,3,2,10,"6eefe38f5c129a16"
84926,82088,2,2,11,"6eefe38f5c129a16"
94338,90226,3,3,12,"6eefe38f5c129a16"
101204,98409,3,2,13,"6eefe38f5c129a16"
106817,104468,3,2,14,"6eefe38f5c129a16"
110672,108053,3,3,15,"6eefe38f5c129a16"
119245,115825,2,2,16,"6eefe38f5c129a16"
124084,121815,3,3,17,"6eefe38f5c129a16"
131808,129416,3,3,18,"6eefe38f5c129a16"
5331,87,2,3,1,"6f0ae805faa2da5d"
13835,7009,3,3,2,"6f0ae805faa2da5d"
17972,16140,3,3,3,"6f0ae805faa2da5d"
23223,19932,3,3,4,"6f0ae805faa2da5d"
32673,28892,3,3,5,"6f0ae805faa2da5d"
42930,37709,2,2,6,"6f0ae805faa2da5d"
47806,45347,3,3,7,"6f0ae805faa2da5d"
56681,53065,3,3,8,"6f0ae805faa2da5d"
63268,60656,3,3,9,"6f0ae805faa2da5d"
68788,66296,3,3,10,"6f0ae805faa2da5d"
72943,69695,3,2,11,"6f0ae805faa2da5d"
79502,77530,3,3,12,"6f0ae805faa2da5d"
89200,86242,2,2,13,"6f0ae805faa2da5d"
98176,92469,3,2,14,"6f0ae805faa2da5d"
104116,102254,2,2,15,"6f0ae805faa2da5d"
11486,5976,2,2,1,"6f7c12bb089730f"
19537,15394,2,2,2,"6f7c12bb089730f"
27891,24375,2,2,3,"6f7c12bb089730f"
34806,31391,2,2,4,"6f7c12bb089730f"
40509,38433,3,3,5,"6f7c12bb089730f"
47454,41345,3,3,6,"6f7c12bb089730f"
54825,51742,3,3,7,"6f7c12bb089730f"
63077,60159,3,3,8,"6f7c12bb089730f"
70480,67274,2,2,9,"6f7c12bb089730f"
76844,74428,3,3,10,"6f7c12bb089730f"
86508,84934,3,3,11,"6f7c12bb089730f"
96324,91918,2,3,12,"6f7c12bb089730f"
106561,103977,2,2,13,"6f7c12bb089730f"
111347,108840,3,2,14,"6f7c12bb089730f"
118817,115512,3,3,15,"6f7c12bb089730f"
124425,122107,3,3,16,"6f7c12bb089730f"
128619,126748,3,3,17,"6f7c12bb089730f"
136800,134802,3,3,18,"6f7c12bb089730f"
148521,144123,2,2,19,"6f7c12bb089730f"
154302,152512,2,2,20,"6f7c12bb089730f"
161455,158774,3,2,21,"6f7c12bb089730f"
166492,164429,3,3,22,"6f7c12bb089730f"
171524,169402,3,3,23,"6f7c12bb089730f"
179097,176914,3,3,24,"6f7c12bb089730f"
188028,185188,2,2,25,"6f7c12bb089730f"
196943,192698,2,2,26,"6f7c12bb089730f"
203129,200707,3,3,27,"6f7c12bb089730f"
216271,212263,2,2,28,"6f7c12bb089730f"
226263,223921,2,2,29,"6f7c12bb089730f"
234551,232261,3,2,30,"6f7c12bb089730f"
954,1,3,3,1,"6faa8241f0e5a560"
4994,1952,3,3,2,"6faa8241f0e5a560"
13942,9896,3,3,3,"6faa8241f0e5a560"
17793,15694,3,3,4,"6faa8241f0e5a560"
23844,21646,3,3,5,"6faa8241f0e5a560"
32796,30496,3,3,6,"6faa8241f0e5a560"
42742,34927,3,2,7,"6faa8241f0e5a560"
48310,44842,2,2,8,"6faa8241f0e5a560"
55928,53514,3,3,9,"6faa8241f0e5a560"
60933,57318,3,3,10,"6faa8241f0e5a560"
64270,62051,3,3,11,"6faa8241f0e5a560"
74088,70150,3,2,12,"6faa8241f0e5a560"
85243,80654,3,3,13,"6faa8241f0e5a560"
92590,86135,2,3,14,"6faa8241f0e5a560"
97052,94690,3,3,15,"6faa8241f0e5a560"
101928,98848,2,2,16,"6faa8241f0e5a560"
109652,107385,3,3,17,"6faa8241f0e5a560"
115111,112190,2,2,18,"6faa8241f0e5a560"
126671,123496,3,2,19,"6faa8241f0e5a560"
134817,132788,3,3,20,"6faa8241f0e5a560"
147050,144800,3,2,21,"6faa8241f0e5a560"
2764,1,2,3,1,"70116a9d8708bbd2"
7799,5784,3,3,2,"70116a9d8708bbd2"
13967,8605,2,3,3,"70116a9d8708bbd2"
19021,16824,3,3,4,"70116a9d8708bbd2"
31074,28583,3,2,5,"70116a9d8708bbd2"
39943,37748,2,2,6,"70116a9d8708bbd2"
47847,45303,2,2,7,"70116a9d8708bbd2"
56098,53494,2,2,8,"70116a9d8708bbd2"
65154,62559,2,2,9,"70116a9d8708bbd2"
73977,68071,3,3,10,"70116a9d8708bbd2"
80463,77469,2,3,11,"70116a9d8708bbd2"
86265,83910,3,2,12,"70116a9d8708bbd2"
109967,93144,2,2,13,"70116a9d8708bbd2"
113854,111464,2,2,14,"70116a9d8708bbd2"
124291,119926,3,3,15,"70116a9d8708bbd2"
130169,125617,2,3,16,"70116a9d8708bbd2"
137419,134577,3,3,17,"70116a9d8708bbd2"
143667,139751,3,3,18,"70116a9d8708bbd2"
150582,147879,3,3,19,"70116a9d8708bbd2"
157872,151961,3,3,20,"70116a9d8708bbd2"
164015,160921,2,3,21,"70116a9d8708bbd2"
4866,959,3,3,1,"703e116a4b633ac1"
8494,5707,3,3,2,"703e116a4b633ac1"
13827,11242,3,3,3,"703e116a4b633ac1"
18484,16374,2,2,4,"703e116a4b633ac1"
28088,25981,3,3,5,"703e116a4b633ac1"
37428,34315,3,3,6,"703e116a4b633ac1"
50676,46361,2,2,7,"703e116a4b633ac1"
58901,51838,3,2,8,"703e116a4b633ac1"
66611,64110,2,2,9,"703e116a4b633ac1"
70911,67462,3,3,10,"703e116a4b633ac1"
78627,75081,3,3,11,"703e116a4b633ac1"
84272,81748,3,3,12,"703e116a4b633ac1"
89754,87466,3,2,13,"703e116a4b633ac1"
95535,91350,2,2,14,"703e116a4b633ac1"
100133,97687,3,2,15,"703e116a4b633ac1"
108673,105950,2,2,16,"703e116a4b633ac1"
114890,112649,2,2,17,"703e116a4b633ac1"
4019,105,2,3,1,"7074e878a9d9d9d2"
9003,4591,3,3,2,"7074e878a9d9d9d2"
14449,12203,3,3,3,"7074e878a9d9d9d2"
50402,19844,2,3,4,"7074e878a9d9d9d2"
69860,53409,3,3,5,"7074e878a9d9d9d2"
74130,70455,3,3,6,"7074e878a9d9d9d2"
81122,75964,3,3,7,"7074e878a9d9d9d2"
92684,89933,3,3,8,"7074e878a9d9d9d2"
96359,93574,3,3,9,"7074e878a9d9d9d2"
105742,101831,3,3,10,"7074e878a9d9d9d2"
110326,106473,3,3,11,"7074e878a9d9d9d2"
114805,112816,2,2,12,"7074e878a9d9d9d2"
123761,119076,3,3,13,"7074e878a9d9d9d2"
128120,125856,2,2,14,"7074e878a9d9d9d2"
133132,130829,2,3,15,"7074e878a9d9d9d2"
146457,136820,2,3,16,"7074e878a9d9d9d2"
152602,150439,3,3,17,"7074e878a9d9d9d2"
156019,153316,3,3,18,"7074e878a9d9d9d2"
163935,161510,3,3,19,"7074e878a9d9d9d2"
170102,167641,2,2,20,"7074e878a9d9d9d2"
7991,4060,3,2,1,"711bcb01189ff22f"
12160,8830,3,2,2,"711bcb01189ff22f"
15314,13066,2,3,3,"711bcb01189ff22f"
26728,22154,2,3,4,"711bcb01189ff22f"
35589,31242,3,3,5,"711bcb01189ff22f"
39176,36873,2,3,6,"711bcb01189ff22f"
46139,42205,3,2,7,"711bcb01189ff22f"
50889,48681,2,2,8,"711bcb01189ff22f"
62338,57651,2,2,9,"711bcb01189ff22f"
70790,68606,3,2,10,"711bcb01189ff22f"
77748,75563,3,3,11,"711bcb01189ff22f"
83853,81632,3,2,12,"711bcb01189ff22f"
91361,88959,3,3,13,"711bcb01189ff22f"
99791,96382,3,3,14,"711bcb01189ff22f"
102869,100480,3,3,15,"711bcb01189ff22f"
108635,106340,2,2,16,"711bcb01189ff22f"
115155,113107,2,2,17,"711bcb01189ff22f"
125835,121673,2,2,18,"711bcb01189ff22f"
133678,128602,2,3,19,"711bcb01189ff22f"
142126,139985,2,2,20,"711bcb01189ff22f"
155255,152099,2,2,21,"711bcb01189ff22f"
159764,157510,3,3,22,"711bcb01189ff22f"
166802,160762,3,3,23,"711bcb01189ff22f"
9332,5982,3,2,1,"713fb2e544c4220"
16372,11912,2,2,2,"713fb2e544c4220"
21800,17762,2,2,3,"713fb2e544c4220"
27837,24194,2,2,4,"713fb2e544c4220"
33886,31126,2,2,5,"713fb2e544c4220"
52821,36033,2,2,6,"713fb2e544c4220"
56867,54803,2,3,7,"713fb2e544c4220"
83338,61601,2,3,8,"713fb2e544c4220"
91282,89065,2,2,9,"713fb2e544c4220"
98034,95777,2,2,10,"713fb2e544c4220"
105292,100301,2,2,11,"713fb2e544c4220"
111986,109596,2,2,12,"713fb2e544c4220"
118845,116035,2,2,13,"713fb2e544c4220"
128794,123937,2,2,14,"713fb2e544c4220"
135842,133062,2,2,15,"713fb2e544c4220"
141953,138219,2,2,16,"713fb2e544c4220"
150471,145569,2,2,17,"713fb2e544c4220"
158941,155302,2,2,18,"713fb2e544c4220"
171323,166779,3,2,19,"713fb2e544c4220"
177228,175110,3,3,20,"713fb2e544c4220"
190023,186598,2,3,21,"713fb2e544c4220"
197685,195553,2,3,22,"713fb2e544c4220"
9488,7011,3,3,1,"71ecb1e5aada9a15"
20177,13593,3,3,2,"71ecb1e5aada9a15"
24169,21674,2,3,3,"71ecb1e5aada9a15"
31661,26638,2,2,4,"71ecb1e5aada9a15"
42739,35244,3,3,5,"71ecb1e5aada9a15"
46130,44204,2,3,6,"71ecb1e5aada9a15"
56464,53164,2,2,7,"71ecb1e5aada9a15"
63168,60628,3,3,8,"71ecb1e5aada9a15"
73647,68665,3,3,9,"71ecb1e5aada9a15"
78959,75170,3,3,10,"71ecb1e5aada9a15"
86779,84130,2,2,11,"71ecb1e5aada9a15"
92261,88524,2,2,12,"71ecb1e5aada9a15"
103304,97911,2,2,13,"71ecb1e5aada9a15"
110443,106803,3,3,14,"71ecb1e5aada9a15"
134383,114519,3,2,15,"71ecb1e5aada9a15"
142241,140201,2,2,16,"71ecb1e5aada9a15"
149670,145875,3,3,17,"71ecb1e5aada9a15"
155503,151106,3,3,18,"71ecb1e5aada9a15"
158731,156494,3,3,19,"71ecb1e5aada9a15"
161528,159433,2,2,20,"71ecb1e5aada9a15"
172439,166871,3,3,21,"71ecb1e5aada9a15"
185026,179611,3,2,22,"71ecb1e5aada9a15"
6549,4060,2,3,1,"72700f2c46888739"
19090,13061,3,3,2,"72700f2c46888739"
24120,21664,3,2,3,"72700f2c46888739"
28371,25844,2,2,4,"72700f2c46888739"
35370,32728,2,2,5,"72700f2c46888739"
38178,36184,3,2,6,"72700f2c46888739"
50967,45702,3,2,7,"72700f2c46888739"
56890,54769,3,2,8,"72700f2c46888739"
63461,61301,3,3,9,"72700f2c46888739"
72867,70715,3,2,10,"72700f2c46888739"
80688,76951,2,2,11,"72700f2c46888739"
87171,84790,2,3,12,"72700f2c46888739"
97971,93279,3,3,13,"72700f2c46888739"
102148,100056,3,3,14,"72700f2c46888739"
105194,103031,3,3,15,"72700f2c46888739"
118501,113055,3,3,16,"72700f2c46888739"
124302,122287,3,3,17,"72700f2c46888739"
2330,1,2,2,1,"741062afc2a69cbc"
10874,6209,2,2,2,"741062afc2a69cbc"
22987,17279,2,2,3,"741062afc2a69cbc"
27642,24538,2,2,4,"741062afc2a69cbc"
34919,32855,3,2,5,"741062afc2a69cbc"
45065,41514,2,3,6,"741062afc2a69cbc"
55482,50114,2,2,7,"741062afc2a69cbc"
62817,60928,3,2,8,"741062afc2a69cbc"
72505,69698,3,3,9,"741062afc2a69cbc"
77564,75448,2,2,10,"741062afc2a69cbc"
87232,84208,2,2,11,"741062afc2a69cbc"
93601,91291,2,2,12,"741062afc2a69cbc"
103578,99918,2,3,13,"741062afc2a69cbc"
106759,104748,3,2,14,"741062afc2a69cbc"
119300,114899,3,3,15,"741062afc2a69cbc"
125145,120684,3,3,16,"741062afc2a69cbc"
3778,74,3,3,1,"749feb2ea0b7dadc"
8669,6049,3,2,2,"749feb2ea0b7dadc"
15531,10086,3,3,3,"749feb2ea0b7dadc"
27901,20201,3,2,4,"749feb2ea0b7dadc"
36061,31474,2,2,5,"749feb2ea0b7dadc"
42431,40071,3,2,6,"749feb2ea0b7dadc"
54575,49939,2,2,7,"749feb2ea0b7dadc"
61960,59699,3,3,8,"749feb2ea0b7dadc"
69600,67573,3,3,9,"749feb2ea0b7dadc"
78254,76179,2,3,10,"749feb2ea0b7dadc"
86870,84713,3,3,11,"749feb2ea0b7dadc"
93709,91627,2,2,12,"749feb2ea0b7dadc"
103203,99937,3,3,13,"749feb2ea0b7dadc"
111568,108818,3,3,14,"749feb2ea0b7dadc"
116412,114344,3,3,15,"749feb2ea0b7dadc"
122925,120475,3,2,16,"749feb2ea0b7dadc"
135151,131035,3,3,17,"749feb2ea0b7dadc"
143552,141094,2,2,18,"749feb2ea0b7dadc"
154497,148555,2,2,19,"749feb2ea0b7dadc"
160530,157268,2,2,20,"749feb2ea0b7dadc"
165923,163991,2,2,21,"749feb2ea0b7dadc"
176348,169194,3,2,22,"749feb2ea0b7dadc"
180405,178314,2,2,23,"749feb2ea0b7dadc"
1508,1,3,3,1,"74aacd91b425e2c5"
8691,3803,2,3,2,"74aacd91b425e2c5"
15403,10759,3,3,3,"74aacd91b425e2c5"
19239,16106,3,3,4,"74aacd91b425e2c5"
25123,20779,2,2,5,"74aacd91b425e2c5"
37808,31280,3,2,6,"74aacd91b425e2c5"
43404,40593,2,2,7,"74aacd91b425e2c5"
47683,44758,3,2,8,"74aacd91b425e2c5"
56930,53406,2,2,9,"74aacd91b425e2c5"
61496,59190,2,3,10,"74aacd91b425e2c5"
70067,67972,3,3,11,"74aacd91b425e2c5"
76121,74080,3,3,12,"74aacd91b425e2c5"
86061,80774,3,2,13,"74aacd91b425e2c5"
93181,91222,2,2,14,"74aacd91b425e2c5"
97955,96103,2,2,15,"74aacd91b425e2c5"
103225,101088,3,2,16,"74aacd91b425e2c5"
110603,107788,2,2,17,"74aacd91b425e2c5"
119392,117238,2,2,18,"74aacd91b425e2c5"
7254,1018,2,2,1,"755ebe8645dc1b2d"
10583,8463,2,2,2,"755ebe8645dc1b2d"
17167,11251,2,2,3,"755ebe8645dc1b2d"
24309,21535,2,2,4,"755ebe8645dc1b2d"
28575,26581,3,3,5,"755ebe8645dc1b2d"
35017,32117,2,3,6,"755ebe8645dc1b2d"
41312,38741,3,3,7,"755ebe8645dc1b2d"
46814,44520,3,2,8,"755ebe8645dc1b2d"
55476,50734,2,2,9,"755ebe8645dc1b2d"
64547,62070,2,2,10,"755ebe8645dc1b2d"
75563,72610,2,2,11,"755ebe8645dc1b2d"
82969,80298,3,3,12,"755ebe8645dc1b2d"
102560,91353,3,2,13,"755ebe8645dc1b2d"
110103,107096,3,3,14,"755ebe8645dc1b2d"
118050,113451,2,3,15,"755ebe8645dc1b2d"
123851,121912,3,3,16,"755ebe8645dc1b2d"
129380,125232,2,3,17,"755ebe8645dc1b2d"
134635,132316,3,3,18,"755ebe8645dc1b2d"
7558,5150,3,3,1,"755f8554d53a9fbb"
11147,8988,3,3,2,"755f8554d53a9fbb"
20568,17575,3,3,3,"755f8554d53a9fbb"
34959,25812,3,2,4,"755f8554d53a9fbb"
41234,39128,3,3,5,"755f8554d53a9fbb"
54830,50757,2,2,6,"755f8554d53a9fbb"
61997,58932,3,3,7,"755f8554d53a9fbb"
73625,70356,3,3,8,"755f8554d53a9fbb"
84971,79444,2,3,9,"755f8554d53a9fbb"
90812,88072,2,2,10,"755f8554d53a9fbb"
102357,99577,3,3,11,"755f8554d53a9fbb"
115927,110620,3,3,12,"755f8554d53a9fbb"
123400,118380,3,3,13,"755f8554d53a9fbb"
131114,129068,3,3,14,"755f8554d53a9fbb"
139643,137265,3,3,15,"755f8554d53a9fbb"
146050,143746,2,2,16,"755f8554d53a9fbb"
156554,153235,3,3,17,"755f8554d53a9fbb"
163867,157595,3,2,18,"755f8554d53a9fbb"
172223,169804,3,3,19,"755f8554d53a9fbb"
179668,176870,3,3,20,"755f8554d53a9fbb"
185775,182696,3,3,21,"755f8554d53a9fbb"
198049,191360,2,2,22,"755f8554d53a9fbb"
208459,204211,3,3,23,"755f8554d53a9fbb"
217080,215108,2,2,24,"755f8554d53a9fbb"
1813,1,3,3,1,"7608fcdf4c7642d4"
8514,3842,3,2,2,"7608fcdf4c7642d4"
19520,14179,2,2,3,"7608fcdf4c7642d4"
25081,23005,2,2,4,"7608fcdf4c7642d4"
27661,25779,3,3,5,"7608fcdf4c7642d4"
33990,32464,3,3,6,"7608fcdf4c7642d4"
47421,41163,3,3,7,"7608fcdf4c7642d4"
54880,51765,3,3,8,"7608fcdf4c7642d4"
59653,56027,3,2,9,"7608fcdf4c7642d4"
69145,66622,3,2,10,"7608fcdf4c7642d4"
78394,74801,2,2,11,"7608fcdf4c7642d4"
83635,81026,2,2,12,"7608fcdf4c7642d4"
93066,90527,2,2,13,"7608fcdf4c7642d4"
99986,98169,3,2,14,"7608fcdf4c7642d4"
110791,107932,2,2,15,"7608fcdf4c7642d4"
120382,114606,3,3,16,"7608fcdf4c7642d4"
125501,121764,3,3,17,"7608fcdf4c7642d4"
134465,130608,3,3,18,"7608fcdf4c7642d4"
140679,137384,3,3,19,"7608fcdf4c7642d4"
151804,147152,3,3,20,"7608fcdf4c7642d4"
155707,152817,3,3,21,"7608fcdf4c7642d4"
3209,1,3,2,1,"76609dbef55c685a"
13892,10114,3,2,2,"76609dbef55c685a"
23756,18443,2,2,3,"76609dbef55c685a"
32200,26034,3,2,4,"76609dbef55c685a"
42452,37227,2,3,5,"76609dbef55c685a"
48148,46187,3,3,6,"76609dbef55c685a"
59210,55147,2,3,7,"76609dbef55c685a"
73031,66798,3,3,8,"76609dbef55c685a"
77995,75281,2,3,9,"76609dbef55c685a"
85124,83167,3,3,10,"76609dbef55c685a"
92656,85937,3,3,11,"76609dbef55c685a"
99185,95710,2,2,12,"76609dbef55c685a"
119123,104904,3,3,13,"76609dbef55c685a"
127379,122874,2,3,14,"76609dbef55c685a"
132433,130299,3,3,15,"76609dbef55c685a"
138949,134400,3,3,16,"76609dbef55c685a"
148672,146160,3,3,17,"76609dbef55c685a"
159965,153028,3,3,18,"76609dbef55c685a"
163985,161224,2,3,19,"76609dbef55c685a"
169870,167676,2,3,20,"76609dbef55c685a"
5861,127,2,2,1,"76823ff6d3e71036"
9023,6681,2,2,2,"76823ff6d3e71036"
14831,10430,3,3,3,"76823ff6d3e71036"
20442,18142,3,3,4,"76823ff6d3e71036"
30311,28004,3,3,5,"76823ff6d3e71036"
36011,33031,3,3,6,"76823ff6d3e71036"
41497,38576,2,3,7,"76823ff6d3e71036"
51505,48708,3,3,8,"76823ff6d3e71036"
65969,63733,2,2,9,"76823ff6d3e71036"
76108,72546,3,2,10,"76823ff6d3e71036"
85993,83447,3,3,11,"76823ff6d3e71036"
96250,90001,2,2,12,"76823ff6d3e71036"
104571,98350,3,3,13,"76823ff6d3e71036"
108561,106025,2,3,14,"76823ff6d3e71036"
119143,113032,3,2,15,"76823ff6d3e71036"
128515,123905,3,3,16,"76823ff6d3e71036"
132571,130360,3,3,17,"76823ff6d3e71036"
140246,137185,2,2,18,"76823ff6d3e71036"
150624,148349,3,3,19,"76823ff6d3e71036"
157970,155898,3,3,20,"76823ff6d3e71036"
165576,162151,3,3,21,"76823ff6d3e71036"
169021,166671,3,3,22,"76823ff6d3e71036"
4202,2055,3,2,1,"7840dabee8ab3148"
12716,7983,2,2,2,"7840dabee8ab3148"
19542,17058,3,2,3,"7840dabee8ab3148"
31658,28337,2,2,4,"7840dabee8ab3148"
44569,42569,3,3,5,"7840dabee8ab3148"
64124,49824,3,3,6,"7840dabee8ab3148"
68464,65803,3,3,7,"7840dabee8ab3148"
73657,69372,3,3,8,"7840dabee8ab3148"
82126,78372,2,2,9,"7840dabee8ab3148"
90776,87811,2,2,10,"7840dabee8ab3148"
98886,95828,2,2,11,"7840dabee8ab3148"
108834,105286,2,2,12,"7840dabee8ab3148"
121500,115921,3,2,13,"7840dabee8ab3148"
130332,125406,3,2,14,"7840dabee8ab3148"
137359,135316,2,2,15,"7840dabee8ab3148"
152193,141453,2,2,16,"7840dabee8ab3148"
165734,158379,3,2,17,"7840dabee8ab3148"
171715,169236,2,2,18,"7840dabee8ab3148"
183318,179930,2,3,19,"7840dabee8ab3148"
192239,190089,3,3,20,"7840dabee8ab3148"
205785,201146,2,3,21,"7840dabee8ab3148"
210920,208334,3,3,22,"7840dabee8ab3148"
217357,215062,2,2,23,"7840dabee8ab3148"
225237,221353,3,3,24,"7840dabee8ab3148"
231025,226609,2,2,25,"7840dabee8ab3148"
238461,236219,3,2,26,"7840dabee8ab3148"
246112,243085,2,2,27,"7840dabee8ab3148"
254827,251236,2,2,28,"7840dabee8ab3148"
263399,260880,2,2,29,"7840dabee8ab3148"
2239,1,2,2,1,"78bd79f95393a72b"
6589,4163,3,2,2,"78bd79f95393a72b"
17301,14623,2,3,3,"78bd79f95393a72b"
25580,23042,3,3,4,"78bd79f95393a72b"
30326,28193,3,3,5,"78bd79f95393a72b"
34388,32221,3,2,6,"78bd79f95393a72b"
41781,38986,3,2,7,"78bd79f95393a72b"
52487,50018,2,2,8,"78bd79f95393a72b"
61278,57558,2,2,9,"78bd79f95393a72b"
65976,63545,3,3,10,"78bd79f95393a72b"
77067,73032,2,2,11,"78bd79f95393a72b"
86504,82066,2,3,12,"78bd79f95393a72b"
96359,89209,2,2,13,"78bd79f95393a72b"
103518,97760,2,3,14,"78bd79f95393a72b"
110413,107010,3,3,15,"78bd79f95393a72b"
119634,117648,2,3,16,"78bd79f95393a72b"
122918,120330,3,3,17,"78bd79f95393a72b"
135176,132314,3,3,18,"78bd79f95393a72b"
141142,139073,2,3,19,"78bd79f95393a72b"
3110,66,2,2,1,"796014bfc18f028d"
8499,6589,2,2,2,"796014bfc18f028d"
15259,12697,3,2,3,"796014bfc18f028d"
19266,17136,3,3,4,"796014bfc18f028d"
25158,21776,2,2,5,"796014bfc18f028d"
29655,27624,3,3,6,"796014bfc18f028d"
39632,32840,3,3,7,"796014bfc18f028d"
46080,43720,3,3,8,"796014bfc18f028d"
50079,46784,2,3,9,"796014bfc18f028d"
55361,52305,2,3,10,"796014bfc18f028d"
58978,56689,2,2,11,"796014bfc18f028d"
66249,63969,3,3,12,"796014bfc18f028d"
73348,71299,2,2,13,"796014bfc18f028d"
81051,77089,3,3,14,"796014bfc18f028d"
84839,82437,3,3,15,"796014bfc18f028d"
91595,89628,3,3,16,"796014bfc18f028d"
96133,92618,2,2,17,"796014bfc18f028d"
103867,98850,3,3,18,"796014bfc18f028d"
110328,105833,3,3,19,"796014bfc18f028d"
113407,111014,2,3,20,"796014bfc18f028d"
124487,119447,3,3,21,"796014bfc18f028d"
128538,125669,2,2,22,"796014bfc18f028d"
134833,129663,2,2,23,"796014bfc18f028d"
144003,138955,3,3,24,"796014bfc18f028d"
3168,117,2,2,1,"797cb090bf9f0b"
15653,7252,2,2,2,"797cb090bf9f0b"
23604,19902,2,2,3,"797cb090bf9f0b"
27855,25655,3,2,4,"797cb090bf9f0b"
38596,35472,2,2,5,"797cb090bf9f0b"
48739,46846,3,3,6,"797cb090bf9f0b"
55484,52405,3,3,7,"797cb090bf9f0b"
70558,62837,3,3,8,"797cb090bf9f0b"
73321,71228,3,3,9,"797cb090bf9f0b"
95911,79088,3,3,10,"797cb090bf9f0b"
105195,102814,3,3,11,"797cb090bf9f0b"
113225,110161,2,2,12,"797cb090bf9f0b"
119066,116772,3,3,13,"797cb090bf9f0b"
125219,121687,3,2,14,"797cb090bf9f0b"
129923,127255,3,2,15,"797cb090bf9f0b"
141414,136560,2,2,16,"797cb090bf9f0b"
146513,143308,3,2,17,"797cb090bf9f0b"
154321,151402,2,2,18,"797cb090bf9f0b"
162758,159898,2,3,19,"797cb090bf9f0b"
170172,166841,3,3,20,"797cb090bf9f0b"
174175,171735,3,3,21,"797cb090bf9f0b"
181559,179723,3,3,22,"797cb090bf9f0b"
187215,185119,2,3,23,"797cb090bf9f0b"
196924,193435,3,3,24,"797cb090bf9f0b"
3277,125,3,2,1,"79e72cc113e197a3"
15759,7408,2,2,2,"79e72cc113e197a3"
21806,19474,2,2,3,"79e72cc113e197a3"
28810,25771,2,2,4,"79e72cc113e197a3"
32616,30568,2,3,5,"79e72cc113e197a3"
43280,39528,3,3,6,"79e72cc113e197a3"
53012,50975,3,2,7,"79e72cc113e197a3"
64403,61170,3,2,8,"79e72cc113e197a3"
68033,65560,2,2,9,"79e72cc113e197a3"
75220,71995,3,3,10,"79e72cc113e197a3"
81618,79590,3,3,11,"79e72cc113e197a3"
89098,83287,3,2,12,"79e72cc113e197a3"
95514,92009,3,2,13,"79e72cc113e197a3"
100291,96744,2,3,14,"79e72cc113e197a3"
104210,102291,2,2,15,"79e72cc113e197a3"
115703,111226,3,3,16,"79e72cc113e197a3"
124293,120186,2,3,17,"79e72cc113e197a3"
130541,128352,3,3,18,"79e72cc113e197a3"
134014,131760,2,2,19,"79e72cc113e197a3"
141034,137862,3,3,20,"79e72cc113e197a3"
9628,5979,3,2,1,"7a552a402f3cd259"
17820,14356,2,2,2,"7a552a402f3cd259"
24250,21738,2,2,3,"7a552a402f3cd259"
30407,28175,2,2,4,"7a552a402f3cd259"
39328,35107,3,3,5,"7a552a402f3cd259"
45612,41203,2,2,6,"7a552a402f3cd259"
53297,51313,3,3,7,"7a552a402f3cd259"
62138,60401,2,2,8,"7a552a402f3cd259"
69280,65105,2,2,9,"7a552a402f3cd259"
81142,78357,3,2,10,"7a552a402f3cd259"
88183,85568,2,2,11,"7a552a402f3cd259"
92533,90228,2,2,12,"7a552a402f3cd259"
99968,96603,3,2,13,"7a552a402f3cd259"
105591,101915,2,2,14,"7a552a402f3cd259"
113489,109486,3,2,15,"7a552a402f3cd259"
123492,118689,2,3,16,"7a552a402f3cd259"
133240,129044,2,3,17,"7a552a402f3cd259"
141323,137247,3,3,18,"7a552a402f3cd259"
6784,4341,3,3,1,"7a90d0854306e8b9"
11500,9032,2,2,2,"7a90d0854306e8b9"
17611,15432,3,3,3,"7a90d0854306e8b9"
27256,23957,3,3,4,"7a90d0854306e8b9"
30722,28302,3,3,5,"7a90d0854306e8b9"
35746,33673,3,3,6,"7a90d0854306e8b9"
45029,42081,3,3,7,"7a90d0854306e8b9"
51412,47954,2,2,8,"7a90d0854306e8b9"
56346,54376,3,3,9,"7a90d0854306e8b9"
65961,62074,3,2,10,"7a90d0854306e8b9"
73426,71509,3,2,11,"7a90d0854306e8b9"
82880,80127,3,3,12,"7a90d0854306e8b9"
89430,86209,3,3,13,"7a90d0854306e8b9"
96675,91514,3,3,14,"7a90d0854306e8b9"
102599,100474,3,3,15,"7a90d0854306e8b9"
114466,106216,2,2,16,"7a90d0854306e8b9"
123017,119289,3,2,17,"7a90d0854306e8b9"
132718,128505,2,2,18,"7a90d0854306e8b9"
137478,135126,3,3,19,"7a90d0854306e8b9"
145453,142546,3,3,20,"7a90d0854306e8b9"
148488,146413,3,3,21,"7a90d0854306e8b9"
152137,149748,3,2,22,"7a90d0854306e8b9"
161103,157795,2,2,23,"7a90d0854306e8b9"
3922,99,3,2,1,"7aa99739d81badc1"
11295,6871,2,2,2,"7aa99739d81badc1"
19399,14688,2,2,3,"7aa99739d81badc1"
25425,23497,3,2,4,"7aa99739d81badc1"
36986,33897,2,2,5,"7aa99739d81badc1"
51179,45147,3,2,6,"7aa99739d81badc1"
59382,53117,3,3,7,"7aa99739d81badc1"
65681,62110,3,2,8,"7aa99739d81badc1"
73586,67859,2,2,9,"7aa99739d81badc1"
78766,76258,3,2,10,"7aa99739d81badc1"
84017,81273,3,3,11,"7aa99739d81badc1"
91598,85630,3,3,12,"7aa99739d81badc1"
98688,94988,3,3,13,"7aa99739d81badc1"
103616,100437,3,3,14,"7aa99739d81badc1"
111333,108757,3,3,15,"7aa99739d81badc1"
114812,112120,3,3,16,"7aa99739d81badc1"
6837,4060,3,2,1,"7ad1a0392a592f00"
11959,9928,2,2,2,"7ad1a0392a592f00"
22263,18918,3,2,3,"7ad1a0392a592f00"
26055,23862,3,3,4,"7ad1a0392a592f00"
38195,31265,2,2,5,"7ad1a0392a592f00"
52627,42110,2,2,6,"7ad1a0392a592f00"
78440,54919,2,2,7,"7ad1a0392a592f00"
86747,83015,2,2,8,"7ad1a0392a592f00"
91263,88754,2,2,9,"7ad1a0392a592f00"
102696,100757,2,2,10,"7ad1a0392a592f00"
112271,110320,2,2,11,"7ad1a0392a592f00"
122480,119486,3,3,12,"7ad1a0392a592f00"
130918,127116,2,2,13,"7ad1a0392a592f00"
138342,135569,3,2,14,"7ad1a0392a592f00"
147347,142490,2,2,15,"7ad1a0392a592f00"
152792,150698,3,3,16,"7ad1a0392a592f00"
160516,158185,3,3,17,"7ad1a0392a592f00"
165846,162958,2,3,18,"7ad1a0392a592f00"
4415,94,3,3,1,"7add16800eed57cf"
8784,5584,3,3,2,"7add16800eed57cf"
14631,10971,3,3,3,"7add16800eed57cf"
21443,18347,3,3,4,"7add16800eed57cf"
24688,22171,3,2,5,"7add16800eed57cf"
30624,28660,2,2,6,"7add16800eed57cf"
38783,35847,2,2,7,"7add16800eed57cf"
44500,42396,2,3,8,"7add16800eed57cf"
51896,46662,3,3,9,"7add16800eed57cf"
60124,54624,3,2,10,"7add16800eed57cf"
66346,63859,2,2,11,"7add16800eed57cf"
72518,69883,2,2,12,"7add16800eed57cf"
82171,79168,2,2,13,"7add16800eed57cf"
88623,84786,2,2,14,"7add16800eed57cf"
94002,91586,2,2,15,"7add16800eed57cf"
97454,94890,3,2,16,"7add16800eed57cf"
106626,103845,2,2,17,"7add16800eed57cf"
119378,112672,2,3,18,"7add16800eed57cf"
126823,124510,2,2,19,"7add16800eed57cf"
135672,131982,2,2,20,"7add16800eed57cf"
3525,76,2,3,1,"7b0c9960c780b1d3"
12962,9981,3,3,2,"7b0c9960c780b1d3"
21901,18723,2,3,3,"7b0c9960c780b1d3"
29063,26887,3,3,4,"7b0c9960c780b1d3"
39563,36820,3,3,5,"7b0c9960c780b1d3"
49374,46837,3,3,6,"7b0c9960c780b1d3"
81991,53548,3,3,7,"7b0c9960c780b1d3"
87147,84231,3,3,8,"7b0c9960c780b1d3"
134328,88027,2,3,9,"7b0c9960c780b1d3"
142672,140684,3,3,10,"7b0c9960c780b1d3"
152536,149223,3,3,11,"7b0c9960c780b1d3"
157019,154984,3,3,12,"7b0c9960c780b1d3"
162097,158568,3,3,13,"7b0c9960c780b1d3"
167878,165830,3,3,14,"7b0c9960c780b1d3"
172287,169649,3,3,15,"7b0c9960c780b1d3"
176961,174280,2,2,16,"7b0c9960c780b1d3"
2843,89,2,2,1,"7b64d87d2f5d907b"
8065,4109,2,2,2,"7b64d87d2f5d907b"
12120,9581,3,2,3,"7b64d87d2f5d907b"
18331,16294,2,2,4,"7b64d87d2f5d907b"
23140,21155,2,2,5,"7b64d87d2f5d907b"
28723,26128,2,2,6,"7b64d87d2f5d907b"
38758,36600,2,3,7,"7b64d87d2f5d907b"
45520,43968,2,2,8,"7b64d87d2f5d907b"
54273,52313,3,2,9,"7b64d87d2f5d907b"
62264,59493,2,2,10,"7b64d87d2f5d907b"
69755,67358,3,3,11,"7b64d87d2f5d907b"
80177,78381,2,3,12,"7b64d87d2f5d907b"
87907,84263,3,3,13,"7b64d87d2f5d907b"
94980,92444,2,2,14,"7b64d87d2f5d907b"
104404,100863,2,2,15,"7b64d87d2f5d907b"
110025,107654,2,2,16,"7b64d87d2f5d907b"
114826,112473,2,2,17,"7b64d87d2f5d907b"
121562,119725,3,3,18,"7b64d87d2f5d907b"
131138,128685,2,3,19,"7b64d87d2f5d907b"
142735,140339,3,3,20,"7b64d87d2f5d907b"
9024,5978,2,2,1,"7b69d8ea98ec60b4"
17465,12689,3,2,2,"7b69d8ea98ec60b4"
23212,21005,2,2,3,"7b69d8ea98ec60b4"
29942,27505,3,3,4,"7b69d8ea98ec60b4"
38818,36684,3,2,5,"7b69d8ea98ec60b4"
46741,45197,2,2,6,"7b69d8ea98ec60b4"
56534,50881,3,2,7,"7b69d8ea98ec60b4"
60468,58675,3,3,8,"7b69d8ea98ec60b4"
67798,65850,2,2,9,"7b69d8ea98ec60b4"
74945,71879,3,3,10,"7b69d8ea98ec60b4"
80544,78214,2,3,11,"7b69d8ea98ec60b4"
87595,83536,3,3,12,"7b69d8ea98ec60b4"
96815,93690,2,2,13,"7b69d8ea98ec60b4"
104070,98325,2,2,14,"7b69d8ea98ec60b4"
111236,107560,3,3,15,"7b69d8ea98ec60b4"
119793,117544,3,3,16,"7b69d8ea98ec60b4"
160615,121825,2,2,17,"7b69d8ea98ec60b4"
169567,163218,3,2,18,"7b69d8ea98ec60b4"
175320,171662,3,3,19,"7b69d8ea98ec60b4"
188018,183635,3,3,20,"7b69d8ea98ec60b4"
190919,188907,3,3,21,"7b69d8ea98ec60b4"
196732,192554,2,2,22,"7b69d8ea98ec60b4"
216331,201043,3,2,23,"7b69d8ea98ec60b4"
223239,220466,2,3,24,"7b69d8ea98ec60b4"
3451,996,3,3,1,"7b8f423709bdb2a6"
8639,5301,2,3,2,"7b8f423709bdb2a6"
15917,11681,3,3,3,"7b8f423709bdb2a6"
21482,18239,2,3,4,"7b8f423709bdb2a6"
26333,24280,3,2,5,"7b8f423709bdb2a6"
36515,33305,3,3,6,"7b8f423709bdb2a6"
48889,42889,3,3,7,"7b8f423709bdb2a6"
55274,50891,3,3,8,"7b8f423709bdb2a6"
61220,58048,2,3,9,"7b8f423709bdb2a6"
66967,62861,3,3,10,"7b8f423709bdb2a6"
72476,69136,3,3,11,"7b8f423709bdb2a6"
77493,73886,2,2,12,"7b8f423709bdb2a6"
86011,82578,2,2,13,"7b8f423709bdb2a6"
91355,88686,3,2,14,"7b8f423709bdb2a6"
94591,92430,3,2,15,"7b8f423709bdb2a6"
7225,4061,3,2,1,"7c4fd7f0f8f6aae5"
30445,9670,2,2,2,"7c4fd7f0f8f6aae5"
34643,31345,2,2,3,"7c4fd7f0f8f6aae5"
40168,38062,3,3,4,"7c4fd7f0f8f6aae5"
52274,47022,2,2,5,"7c4fd7f0f8f6aae5"
60269,56105,2,2,6,"7c4fd7f0f8f6aae5"
67759,63305,3,2,7,"7c4fd7f0f8f6aae5"
73520,70952,2,2,8,"7c4fd7f0f8f6aae5"
84654,82288,3,3,9,"7c4fd7f0f8f6aae5"
94290,91014,2,2,10,"7c4fd7f0f8f6aae5"
102634,100462,3,3,11,"7c4fd7f0f8f6aae5"
115098,113013,2,3,12,"7c4fd7f0f8f6aae5"
124663,121264,2,2,13,"7c4fd7f0f8f6aae5"
133658,128141,2,2,14,"7c4fd7f0f8f6aae5"
139309,135394,2,3,15,"7c4fd7f0f8f6aae5"
150507,144779,3,2,16,"7c4fd7f0f8f6aae5"
160380,156206,2,3,17,"7c4fd7f0f8f6aae5"
171098,164934,3,3,18,"7c4fd7f0f8f6aae5"
176054,173941,2,2,19,"7c4fd7f0f8f6aae5"
183820,181757,2,2,20,"7c4fd7f0f8f6aae5"
189320,186448,3,3,21,"7c4fd7f0f8f6aae5"
200419,197064,2,3,22,"7c4fd7f0f8f6aae5"
6322,1,2,2,1,"7c61fd2f62b59a72"
4875,358,3,3,1,"7d8dd11b1c0c3898"
10348,5896,3,3,2,"7d8dd11b1c0c3898"
15759,12259,3,2,3,"7d8dd11b1c0c3898"
22748,18374,3,2,4,"7d8dd11b1c0c3898"
31750,29575,2,2,5,"7d8dd11b1c0c3898"
38533,36483,2,3,6,"7d8dd11b1c0c3898"
49025,45571,3,3,7,"7d8dd11b1c0c3898"
54765,51892,3,3,8,"7d8dd11b1c0c3898"
63029,57638,3,2,9,"7d8dd11b1c0c3898"
68081,65751,3,2,10,"7d8dd11b1c0c3898"
77396,74092,2,2,11,"7d8dd11b1c0c3898"
82572,80491,3,3,12,"7d8dd11b1c0c3898"
104695,88794,3,3,13,"7d8dd11b1c0c3898"
110858,106714,3,3,14,"7d8dd11b1c0c3898"
115355,112212,2,2,15,"7d8dd11b1c0c3898"
120168,117585,2,2,16,"7d8dd11b1c0c3898"
130106,124766,2,2,17,"7d8dd11b1c0c3898"
139855,135066,3,2,18,"7d8dd11b1c0c3898"
147254,144072,2,2,19,"7d8dd11b1c0c3898"
153217,150976,3,3,20,"7d8dd11b1c0c3898"
162292,157708,2,3,21,"7d8dd11b1c0c3898"
169665,167784,2,2,22,"7d8dd11b1c0c3898"
173614,171593,2,3,23,"7d8dd11b1c0c3898"
186424,182884,3,3,24,"7d8dd11b1c0c3898"
196555,192069,3,3,25,"7d8dd11b1c0c3898"
209148,203296,2,3,26,"7d8dd11b1c0c3898"
214617,212488,3,3,27,"7d8dd11b1c0c3898"
220498,215985,2,3,28,"7d8dd11b1c0c3898"
230714,224527,3,3,29,"7d8dd11b1c0c3898"
237615,235100,2,2,30,"7d8dd11b1c0c3898"
4800,111,2,2,1,"7d91f03e93747585"
9362,6316,2,2,2,"7d91f03e93747585"
15680,12840,3,2,3,"7d91f03e93747585"
23735,20088,2,2,4,"7d91f03e93747585"
30457,27751,2,2,5,"7d91f03e93747585"
39577,36560,2,2,6,"7d91f03e93747585"
49131,47094,2,2,7,"7d91f03e93747585"
58279,55842,2,2,8,"7d91f03e93747585"
69456,62158,2,3,9,"7d91f03e93747585"
77759,75440,2,2,10,"7d91f03e93747585"
87382,84080,2,2,11,"7d91f03e93747585"
92970,90944,2,3,12,"7d91f03e93747585"
97883,95413,2,3,13,"7d91f03e93747585"
107482,104889,3,3,14,"7d91f03e93747585"
115432,111863,2,3,15,"7d91f03e93747585"
9618,5980,3,2,1,"7dd33b8d61df65e"
14751,12423,3,3,2,"7dd33b8d61df65e"
21973,19840,3,3,3,"7dd33b8d61df65e"
25992,23549,3,3,4,"7dd33b8d61df65e"
34416,30609,3,3,5,"7dd33b8d61df65e"
39082,35430,3,3,6,"7dd33b8d61df65e"
42307,40233,2,3,7,"7dd33b8d61df65e"
53792,50769,3,3,8,"7dd33b8d61df65e"
58672,54878,3,2,9,"7dd33b8d61df65e"
68578,66073,2,2,10,"7dd33b8d61df65e"
79104,76570,3,2,11,"7dd33b8d61df65e"
91205,84338,3,3,12,"7dd33b8d61df65e"
98679,95438,3,3,13,"7dd33b8d61df65e"
102415,100318,3,3,14,"7dd33b8d61df65e"
109762,104961,2,2,15,"7dd33b8d61df65e"
118464,114200,3,3,16,"7dd33b8d61df65e"
129031,123288,3,3,17,"7dd33b8d61df65e"
134613,132417,3,3,18,"7dd33b8d61df65e"
138242,136402,3,3,19,"7dd33b8d61df65e"
143506,140793,2,3,20,"7dd33b8d61df65e"
149483,147392,3,3,21,"7dd33b8d61df65e"
154190,150907,2,2,22,"7dd33b8d61df65e"
160752,158517,3,3,23,"7dd33b8d61df65e"
10145,5979,3,3,1,"7f45669c9c0ddf0b"
19410,12023,3,3,2,"7f45669c9c0ddf0b"
22957,20494,2,2,3,"7f45669c9c0ddf0b"
29099,25849,2,2,4,"7f45669c9c0ddf0b"
37267,35286,3,2,5,"7f45669c9c0ddf0b"
46642,44304,2,2,6,"7f45669c9c0ddf0b"
52649,50539,2,2,7,"7f45669c9c0ddf0b"
67985,56399,2,2,8,"7f45669c9c0ddf0b"
72337,69240,3,2,9,"7f45669c9c0ddf0b"
79642,77851,2,2,10,"7f45669c9c0ddf0b"
87224,81958,3,2,11,"7f45669c9c0ddf0b"
94218,92134,2,2,12,"7f45669c9c0ddf0b"
101542,98068,2,3,13,"7f45669c9c0ddf0b"
108830,103634,3,3,14,"7f45669c9c0ddf0b"
113976,110744,2,2,15,"7f45669c9c0ddf0b"
124692,118268,2,2,16,"7f45669c9c0ddf0b"
130244,128320,2,2,17,"7f45669c9c0ddf0b"
142223,139150,2,2,18,"7f45669c9c0ddf0b"
146743,143525,3,3,19,"7f45669c9c0ddf0b"
6135,333,3,3,1,"7f742621512ab5d3"
9955,7695,3,3,2,"7f742621512ab5d3"
19276,14704,2,2,3,"7f742621512ab5d3"
25206,21037,2,2,4,"7f742621512ab5d3"
33370,31018,2,2,5,"7f742621512ab5d3"
40682,34965,3,3,6,"7f742621512ab5d3"
46899,42694,2,2,7,"7f742621512ab5d3"
52750,49703,3,3,8,"7f742621512ab5d3"
62625,60294,3,3,9,"7f742621512ab5d3"
67595,65577,2,2,10,"7f742621512ab5d3"
75005,72296,2,2,11,"7f742621512ab5d3"
82702,80965,3,3,12,"7f742621512ab5d3"
104844,90242,3,3,13,"7f742621512ab5d3"
110139,107660,3,3,14,"7f742621512ab5d3"
117328,111262,3,3,15,"7f742621512ab5d3"
126852,122961,3,3,16,"7f742621512ab5d3"
135266,132584,2,3,17,"7f742621512ab5d3"
143431,139879,2,2,18,"7f742621512ab5d3"
151114,147501,3,3,19,"7f742621512ab5d3"
157415,155170,3,2,20,"7f742621512ab5d3"
163744,161231,3,2,21,"7f742621512ab5d3"
172978,170702,3,3,22,"7f742621512ab5d3"
2152,1,2,2,1,"810ebc215df37e73"
9859,5279,2,2,2,"810ebc215df37e73"
22407,13717,3,2,3,"810ebc215df37e73"
32123,29382,2,2,4,"810ebc215df37e73"
42667,40184,3,2,5,"810ebc215df37e73"
54968,48764,2,2,6,"810ebc215df37e73"
63964,59361,3,3,7,"810ebc215df37e73"
72416,68973,3,3,8,"810ebc215df37e73"
80776,77406,2,2,9,"810ebc215df37e73"
89360,86733,2,2,10,"810ebc215df37e73"
94831,92669,2,2,11,"810ebc215df37e73"
102223,99952,3,3,12,"810ebc215df37e73"
109195,105935,3,2,13,"810ebc215df37e73"
115121,111527,2,2,14,"810ebc215df37e73"
122849,118840,2,3,15,"810ebc215df37e73"
132487,129871,2,3,16,"810ebc215df37e73"
142591,139589,3,3,17,"810ebc215df37e73"
146409,144177,2,2,18,"810ebc215df37e73"
153662,150342,3,3,19,"810ebc215df37e73"
1763,1,2,2,1,"8138dcf4c13fa8f0"
10715,3690,2,2,2,"8138dcf4c13fa8f0"
18413,16246,2,2,3,"8138dcf4c13fa8f0"
25604,21737,3,3,4,"8138dcf4c13fa8f0"
31776,29686,2,2,5,"8138dcf4c13fa8f0"
37346,34868,2,2,6,"8138dcf4c13fa8f0"
40685,38603,3,2,7,"8138dcf4c13fa8f0"
47720,44767,3,2,8,"8138dcf4c13fa8f0"
54976,52522,2,3,9,"8138dcf4c13fa8f0"
62504,59935,3,2,10,"8138dcf4c13fa8f0"
71607,69496,2,2,11,"8138dcf4c13fa8f0"
74705,72626,2,3,12,"8138dcf4c13fa8f0"
90301,79606,3,2,13,"8138dcf4c13fa8f0"
97402,92796,3,3,14,"8138dcf4c13fa8f0"
100811,98731,3,3,15,"8138dcf4c13fa8f0"
109736,107012,3,3,16,"8138dcf4c13fa8f0"
123922,121798,2,3,17,"8138dcf4c13fa8f0"
19899,6849,3,3,1,"8194164e37a349ae"
27156,23476,3,2,2,"8194164e37a349ae"
37342,33247,2,2,3,"8194164e37a349ae"
45056,41506,3,2,4,"8194164e37a349ae"
56824,52912,3,2,5,"8194164e37a349ae"
72510,61653,3,3,6,"8194164e37a349ae"
78942,75584,3,2,7,"8194164e37a349ae"
88878,86617,2,2,8,"8194164e37a349ae"
101548,98440,3,3,9,"8194164e37a349ae"
118404,106702,3,3,10,"8194164e37a349ae"
130892,124721,3,3,11,"8194164e37a349ae"
136884,131952,3,3,12,"8194164e37a349ae"
141141,138369,3,3,13,"8194164e37a349ae"
148792,144863,2,2,14,"8194164e37a349ae"
158995,152852,3,2,15,"8194164e37a349ae"
167101,161678,2,2,16,"8194164e37a349ae"
171169,167948,2,2,17,"8194164e37a349ae"
179532,176322,3,3,18,"8194164e37a349ae"
189031,183816,2,2,19,"8194164e37a349ae"
196115,191694,3,3,20,"8194164e37a349ae"
205630,200782,3,3,21,"8194164e37a349ae"
211475,208975,3,3,22,"8194164e37a349ae"
224203,220015,3,3,23,"8194164e37a349ae"
232713,226323,2,3,24,"8194164e37a349ae"
5085,74,2,2,1,"81c42a2ea887ddf8"
12021,8563,2,3,2,"81c42a2ea887ddf8"
24765,18447,2,2,3,"81c42a2ea887ddf8"
37322,31745,3,3,4,"81c42a2ea887ddf8"
45420,43863,2,2,5,"81c42a2ea887ddf8"
59405,53938,3,2,6,"81c42a2ea887ddf8"
66627,64897,2,2,7,"81c42a2ea887ddf8"
76636,70519,2,2,8,"81c42a2ea887ddf8"
81525,78957,2,2,9,"81c42a2ea887ddf8"
87839,85786,2,2,10,"81c42a2ea887ddf8"
96336,94478,3,3,11,"81c42a2ea887ddf8"
108956,105087,3,2,12,"81c42a2ea887ddf8"
115967,112753,3,3,13,"81c42a2ea887ddf8"
126536,120295,3,3,14,"81c42a2ea887ddf8"
135020,129759,3,3,15,"81c42a2ea887ddf8"
141091,137881,3,3,16,"81c42a2ea887ddf8"
1418,1,3,3,1,"826ad4f39da55f0"
4622,2604,3,3,2,"826ad4f39da55f0"
7484,5971,2,3,3,"826ad4f39da55f0"
12745,10465,2,2,4,"826ad4f39da55f0"
20572,17959,3,3,5,"826ad4f39da55f0"
31139,24780,3,3,6,"826ad4f39da55f0"
36253,32037,3,3,7,"826ad4f39da55f0"
42137,39916,3,3,8,"826ad4f39da55f0"
49543,46438,3,3,9,"826ad4f39da55f0"
54506,52291,2,3,10,"826ad4f39da55f0"
58748,55402,3,3,11,"826ad4f39da55f0"
64531,62578,3,3,12,"826ad4f39da55f0"
69295,66790,3,2,13,"826ad4f39da55f0"
77013,75171,3,2,14,"826ad4f39da55f0"
3567,90,3,2,1,"82827454c17fd39a"
9890,6540,3,2,2,"82827454c17fd39a"
14054,12027,2,2,3,"82827454c17fd39a"
17710,15304,3,3,4,"82827454c17fd39a"
21186,18818,3,2,5,"82827454c17fd39a"
31340,27557,3,3,6,"82827454c17fd39a"
40209,36581,2,3,7,"82827454c17fd39a"
46064,42443,3,3,8,"82827454c17fd39a"
53588,51403,2,3,9,"82827454c17fd39a"
62164,58831,2,3,10,"82827454c17fd39a"
71009,68304,3,3,11,"82827454c17fd39a"
75704,73318,3,3,12,"82827454c17fd39a"
84247,81635,3,3,13,"82827454c17fd39a"
95250,92399,2,2,14,"82827454c17fd39a"
115618,102250,2,2,15,"82827454c17fd39a"
122079,119219,2,3,16,"82827454c17fd39a"
127695,123439,2,2,17,"82827454c17fd39a"
134232,132370,3,2,18,"82827454c17fd39a"
143275,141172,3,2,19,"82827454c17fd39a"
3629,62,3,2,1,"830ef660344b7bbe"
19889,5474,2,2,2,"830ef660344b7bbe"
23853,21486,2,3,3,"830ef660344b7bbe"
36207,30446,3,3,4,"830ef660344b7bbe"
50971,39549,3,3,5,"830ef660344b7bbe"
55836,53680,3,2,6,"830ef660344b7bbe"
63781,61568,3,3,7,"830ef660344b7bbe"
72693,70293,2,2,8,"830ef660344b7bbe"
81636,79031,2,2,9,"830ef660344b7bbe"
96070,91667,2,2,11,"830ef660344b7bbe"
103478,101487,3,3,12,"830ef660344b7bbe"
116040,110125,3,2,13,"830ef660344b7bbe"
120204,117347,2,2,14,"830ef660344b7bbe"
127670,124936,3,2,15,"830ef660344b7bbe"
137595,134801,3,3,16,"830ef660344b7bbe"
150260,146338,2,2,17,"830ef660344b7bbe"
158012,154272,2,2,18,"830ef660344b7bbe"
168416,160919,3,3,19,"830ef660344b7bbe"
172662,169879,3,3,20,"830ef660344b7bbe"
180028,177089,2,3,21,"830ef660344b7bbe"
185322,181774,3,3,22,"830ef660344b7bbe"
192483,188136,3,3,23,"830ef660344b7bbe"
4041,106,3,3,1,"8329f6b8ad1a48a0"
7597,5878,3,3,2,"8329f6b8ad1a48a0"
18212,15104,3,3,3,"8329f6b8ad1a48a0"
22445,19633,3,2,4,"8329f6b8ad1a48a0"
31338,29439,2,2,5,"8329f6b8ad1a48a0"
37733,35458,2,2,6,"8329f6b8ad1a48a0"
49353,44349,2,2,7,"8329f6b8ad1a48a0"
58210,55411,2,2,8,"8329f6b8ad1a48a0"
66044,63333,3,3,9,"8329f6b8ad1a48a0"
71012,69150,3,3,10,"8329f6b8ad1a48a0"
83644,77232,2,2,11,"8329f6b8ad1a48a0"
92242,88227,3,3,12,"8329f6b8ad1a48a0"
98228,95645,3,3,13,"8329f6b8ad1a48a0"
109095,103328,3,3,14,"8329f6b8ad1a48a0"
113296,110263,3,2,15,"8329f6b8ad1a48a0"
122108,119365,3,2,16,"8329f6b8ad1a48a0"
128190,126082,2,3,17,"8329f6b8ad1a48a0"
138629,135056,3,2,18,"8329f6b8ad1a48a0"
146324,143480,2,2,19,"8329f6b8ad1a48a0"
153932,149970,2,2,20,"8329f6b8ad1a48a0"
156548,154537,3,2,21,"8329f6b8ad1a48a0"
163323,160484,2,3,22,"8329f6b8ad1a48a0"
174880,171165,3,3,23,"8329f6b8ad1a48a0"
183475,180125,2,3,24,"8329f6b8ad1a48a0"
193601,190549,3,2,25,"8329f6b8ad1a48a0"
198600,196558,2,3,26,"8329f6b8ad1a48a0"
205213,202242,2,3,27,"8329f6b8ad1a48a0"
211202,208684,3,3,28,"8329f6b8ad1a48a0"
219129,217319,2,3,29,"8329f6b8ad1a48a0"
226792,224391,2,3,30,"8329f6b8ad1a48a0"
1905,1,2,2,1,"845921b1f3d24654"
11565,9341,3,3,2,"845921b1f3d24654"
22723,18301,2,2,3,"845921b1f3d24654"
33283,29320,2,2,4,"845921b1f3d24654"
39097,37119,2,2,5,"845921b1f3d24654"
42816,39664,3,3,6,"845921b1f3d24654"
51980,49531,2,2,7,"845921b1f3d24654"
63085,60699,2,3,8,"845921b1f3d24654"
70236,67062,2,2,9,"845921b1f3d24654"
80861,78564,2,2,10,"845921b1f3d24654"
92368,89000,2,2,11,"845921b1f3d24654"
98492,96277,3,2,12,"845921b1f3d24654"
139482,104688,3,3,13,"845921b1f3d24654"
143491,141370,3,3,14,"845921b1f3d24654"
146824,144310,3,2,15,"845921b1f3d24654"
156286,153497,3,2,16,"845921b1f3d24654"
164094,159345,3,3,17,"845921b1f3d24654"
167889,165316,3,3,18,"845921b1f3d24654"
9893,6705,2,2,1,"84946250d1f4aafd"
13652,11294,2,3,2,"84946250d1f4aafd"
22901,20382,2,2,3,"84946250d1f4aafd"
32010,27427,2,2,4,"84946250d1f4aafd"
39349,34885,2,2,5,"84946250d1f4aafd"
45332,40684,3,3,6,"84946250d1f4aafd"
54215,48841,2,2,7,"84946250d1f4aafd"
60814,57588,2,2,8,"84946250d1f4aafd"
67202,62923,3,2,9,"84946250d1f4aafd"
74140,71682,3,3,10,"84946250d1f4aafd"
84658,79609,3,3,11,"84946250d1f4aafd"
88243,85466,3,3,12,"84946250d1f4aafd"
95177,92526,3,3,13,"84946250d1f4aafd"
103236,99565,3,3,14,"84946250d1f4aafd"
110936,105464,3,3,15,"84946250d1f4aafd"
117872,115682,3,3,16,"84946250d1f4aafd"
122201,119983,3,3,17,"84946250d1f4aafd"
133998,127547,3,3,18,"84946250d1f4aafd"
5908,6,2,2,1,"84acd108bd0b97e3"
12582,9234,3,3,2,"84acd108bd0b97e3"
21819,18955,3,2,3,"84acd108bd0b97e3"
32383,28082,2,2,4,"84acd108bd0b97e3"
41651,36506,3,3,5,"84acd108bd0b97e3"
46851,44434,3,3,6,"84acd108bd0b97e3"
54294,51934,3,2,7,"84acd108bd0b97e3"
66621,59276,3,3,8,"84acd108bd0b97e3"
70584,68105,3,3,9,"84acd108bd0b97e3"
73514,71152,3,3,10,"84acd108bd0b97e3"
80708,78225,3,3,11,"84acd108bd0b97e3"
84302,81748,2,2,12,"84acd108bd0b97e3"
95355,90553,3,3,13,"84acd108bd0b97e3"
104494,102231,3,3,14,"84acd108bd0b97e3"
113039,110717,2,2,15,"84acd108bd0b97e3"
122109,119913,3,2,16,"84acd108bd0b97e3"
133235,128606,2,2,17,"84acd108bd0b97e3"
139190,134947,3,2,18,"84acd108bd0b97e3"
3249,8,2,3,1,"84f556a3d0bb96d2"
2837,79,3,2,1,"85289b1557309e5"
11175,4356,3,2,2,"85289b1557309e5"
18478,14813,2,2,3,"85289b1557309e5"
26438,23016,3,3,4,"85289b1557309e5"
39426,35171,3,3,5,"85289b1557309e5"
42525,40516,3,3,6,"85289b1557309e5"
49783,47556,2,2,7,"85289b1557309e5"
55555,53270,3,3,8,"85289b1557309e5"
65708,60971,3,3,9,"85289b1557309e5"
74688,71763,3,3,10,"85289b1557309e5"
79193,76968,2,2,11,"85289b1557309e5"
86552,83374,2,2,12,"85289b1557309e5"
93324,90986,3,3,13,"85289b1557309e5"
98847,95346,3,2,14,"85289b1557309e5"
107488,105330,2,2,15,"85289b1557309e5"
115112,111632,3,2,16,"85289b1557309e5"
119609,116999,3,3,17,"85289b1557309e5"
129387,126672,3,2,18,"85289b1557309e5"
138630,133907,3,3,19,"85289b1557309e5"
144419,141123,2,2,20,"85289b1557309e5"
151638,149497,3,3,21,"85289b1557309e5"
160324,158305,3,2,22,"85289b1557309e5"
173150,169538,3,2,23,"85289b1557309e5"
10712,4257,2,2,1,"86a83a8d5955abb8"
15702,12302,3,2,2,"86a83a8d5955abb8"
24717,19649,2,2,3,"86a83a8d5955abb8"
30350,27650,2,2,4,"86a83a8d5955abb8"
41928,36489,2,2,5,"86a83a8d5955abb8"
51829,45496,3,2,6,"86a83a8d5955abb8"
61150,55731,3,3,7,"86a83a8d5955abb8"
67989,65719,2,2,8,"86a83a8d5955abb8"
74357,71628,2,2,9,"86a83a8d5955abb8"
83826,81050,2,2,10,"86a83a8d5955abb8"
92811,89387,2,2,11,"86a83a8d5955abb8"
104595,99956,2,2,12,"86a83a8d5955abb8"
110401,107553,2,2,13,"86a83a8d5955abb8"
120008,115321,2,2,14,"86a83a8d5955abb8"
127242,124074,3,2,15,"86a83a8d5955abb8"
137117,131639,2,2,16,"86a83a8d5955abb8"
147797,143405,3,3,17,"86a83a8d5955abb8"
155759,150383,2,2,18,"86a83a8d5955abb8"
165902,159049,3,3,19,"86a83a8d5955abb8"
7544,5106,2,3,1,"8797b74c6a944569"
17488,12062,3,3,2,"8797b74c6a944569"
20115,18019,2,2,3,"8797b74c6a944569"
25171,22323,2,2,4,"8797b74c6a944569"
28519,26636,2,2,5,"8797b74c6a944569"
37630,34601,2,2,6,"8797b74c6a944569"
46377,44228,3,2,7,"8797b74c6a944569"
56113,52287,3,2,8,"8797b74c6a944569"
59276,56965,2,3,9,"8797b74c6a944569"
67392,64029,3,2,10,"8797b74c6a944569"
79260,72084,2,2,11,"8797b74c6a944569"
87056,85371,3,3,12,"8797b74c6a944569"
96376,92558,3,3,13,"8797b74c6a944569"
102256,97462,2,3,14,"8797b74c6a944569"
109354,103903,3,2,15,"8797b74c6a944569"
117411,113026,3,2,16,"8797b74c6a944569"
126828,124299,2,2,17,"8797b74c6a944569"
135652,133471,2,3,18,"8797b74c6a944569"
141381,139836,2,3,19,"8797b74c6a944569"
152802,149781,3,3,20,"8797b74c6a944569"
2762,1,2,2,1,"87ce682ad0c8870c"
13208,9842,2,2,2,"87ce682ad0c8870c"
18217,14276,3,3,3,"87ce682ad0c8870c"
21959,19504,2,2,4,"87ce682ad0c8870c"
32837,28357,2,2,5,"87ce682ad0c8870c"
45922,39508,2,2,6,"87ce682ad0c8870c"
53292,50118,3,2,7,"87ce682ad0c8870c"
62558,57593,3,3,8,"87ce682ad0c8870c"
74078,69015,2,2,9,"87ce682ad0c8870c"
85623,78762,3,2,10,"87ce682ad0c8870c"
8559,4819,3,2,1,"88d974c6d6b8fac3"
18993,13637,2,2,2,"88d974c6d6b8fac3"
22857,20198,3,3,3,"88d974c6d6b8fac3"
27306,24480,3,3,4,"88d974c6d6b8fac3"
32790,30140,3,3,5,"88d974c6d6b8fac3"
37000,34212,3,3,6,"88d974c6d6b8fac3"
44093,41652,3,3,7,"88d974c6d6b8fac3"
56080,51141,3,3,8,"88d974c6d6b8fac3"
62445,58550,3,2,9,"88d974c6d6b8fac3"
69895,66617,2,2,10,"88d974c6d6b8fac3"
83567,72073,3,3,11,"88d974c6d6b8fac3"
92719,86292,2,3,12,"88d974c6d6b8fac3"
98315,94860,3,2,13,"88d974c6d6b8fac3"
104622,100013,2,2,14,"88d974c6d6b8fac3"
109645,105298,2,2,15,"88d974c6d6b8fac3"
119915,113415,2,2,16,"88d974c6d6b8fac3"
125784,121493,2,2,17,"88d974c6d6b8fac3"
5890,3842,2,3,1,"8a745daf1bcbcb10"
15642,11302,3,3,2,"8a745daf1bcbcb10"
19577,17550,3,3,3,"8a745daf1bcbcb10"
29247,25780,3,3,4,"8a745daf1bcbcb10"
37188,33920,3,3,5,"8a745daf1bcbcb10"
42390,39580,2,2,6,"8a745daf1bcbcb10"
50506,46184,2,3,7,"8a745daf1bcbcb10"
59586,55944,2,2,8,"8a745daf1bcbcb10"
65857,63570,2,2,9,"8a745daf1bcbcb10"
72979,70810,3,2,10,"8a745daf1bcbcb10"
82283,78947,3,2,11,"8a745daf1bcbcb10"
89307,87439,2,3,12,"8a745daf1bcbcb10"
111314,100090,3,2,13,"8a745daf1bcbcb10"
122813,119108,2,2,14,"8a745daf1bcbcb10"
129151,123435,2,2,15,"8a745daf1bcbcb10"
137796,132820,2,2,16,"8a745daf1bcbcb10"
147486,142369,3,3,17,"8a745daf1bcbcb10"
155622,153388,2,2,18,"8a745daf1bcbcb10"
161389,159402,2,3,19,"8a745daf1bcbcb10"
171386,168362,3,3,20,"8a745daf1bcbcb10"
176903,173776,3,3,21,"8a745daf1bcbcb10"
185824,178621,2,2,22,"8a745daf1bcbcb10"
6428,4060,3,3,1,"8b28d6f61a6f4e65"
14925,8379,3,3,2,"8b28d6f61a6f4e65"
20186,15968,2,2,3,"8b28d6f61a6f4e65"
27809,24859,2,2,4,"8b28d6f61a6f4e65"
33349,31167,2,2,5,"8b28d6f61a6f4e65"
39262,34802,2,2,6,"8b28d6f61a6f4e65"
48076,41744,3,2,7,"8b28d6f61a6f4e65"
54447,52299,3,3,8,"8b28d6f61a6f4e65"
62035,59688,2,2,9,"8b28d6f61a6f4e65"
67585,65513,2,2,10,"8b28d6f61a6f4e65"
74914,71837,2,2,11,"8b28d6f61a6f4e65"
79115,76956,2,3,12,"8b28d6f61a6f4e65"
92431,90543,3,3,13,"8b28d6f61a6f4e65"
96829,94606,3,3,14,"8b28d6f61a6f4e65"
100944,97472,2,2,15,"8b28d6f61a6f4e65"
109901,105511,3,2,16,"8b28d6f61a6f4e65"
123622,116058,2,3,17,"8b28d6f61a6f4e65"
129717,126312,2,2,18,"8b28d6f61a6f4e65"
138530,135515,2,2,19,"8b28d6f61a6f4e65"
143195,141206,2,2,20,"8b28d6f61a6f4e65"
152932,150414,3,2,21,"8b28d6f61a6f4e65"
159398,157413,3,3,22,"8b28d6f61a6f4e65"
168029,160977,3,3,23,"8b28d6f61a6f4e65"
6556,3188,3,3,1,"8b5a1e7040012f52"
10683,8285,3,3,2,"8b5a1e7040012f52"
15682,12993,3,3,3,"8b5a1e7040012f52"
23746,21051,3,3,4,"8b5a1e7040012f52"
34801,28519,2,2,5,"8b5a1e7040012f52"
41572,36927,3,3,6,"8b5a1e7040012f52"
48553,45484,3,3,7,"8b5a1e7040012f52"
53376,50161,3,3,8,"8b5a1e7040012f52"
63078,55257,3,3,9,"8b5a1e7040012f52"
67775,65239,3,3,10,"8b5a1e7040012f52"
72737,70798,3,2,11,"8b5a1e7040012f52"
76828,74516,2,2,12,"8b5a1e7040012f52"
80834,78503,2,2,13,"8b5a1e7040012f52"
85260,82616,3,2,14,"8b5a1e7040012f52"
90887,87407,2,2,15,"8b5a1e7040012f52"
96301,93313,3,3,16,"8b5a1e7040012f52"
102409,98721,2,2,17,"8b5a1e7040012f52"
7138,4531,3,3,1,"8b9d8c6cd7136fe"
13867,9292,3,3,2,"8b9d8c6cd7136fe"
17828,15790,2,2,3,"8b9d8c6cd7136fe"
21784,19057,3,3,4,"8b9d8c6cd7136fe"
28492,24612,2,3,5,"8b9d8c6cd7136fe"
33832,31332,3,2,6,"8b9d8c6cd7136fe"
41698,39491,3,3,7,"8b9d8c6cd7136fe"
45068,42299,3,2,8,"8b9d8c6cd7136fe"
49845,47341,2,3,9,"8b9d8c6cd7136fe"
58394,56397,3,3,10,"8b9d8c6cd7136fe"
63237,60807,3,3,11,"8b9d8c6cd7136fe"
66555,64346,3,2,12,"8b9d8c6cd7136fe"
75172,72222,2,2,13,"8b9d8c6cd7136fe"
78230,76092,2,2,14,"8b9d8c6cd7136fe"
81270,79169,2,3,15,"8b9d8c6cd7136fe"
92082,85947,3,3,16,"8b9d8c6cd7136fe"
99733,96585,3,2,17,"8b9d8c6cd7136fe"
103458,101279,2,2,18,"8b9d8c6cd7136fe"
107909,105661,2,2,19,"8b9d8c6cd7136fe"
6041,7,3,2,1,"8ba463dcb9448fb7"
11181,9082,2,2,2,"8ba463dcb9448fb7"
16577,14472,2,2,3,"8ba463dcb9448fb7"
23816,21549,2,2,4,"8ba463dcb9448fb7"
31532,29569,3,2,5,"8ba463dcb9448fb7"
40435,38541,3,2,6,"8ba463dcb9448fb7"
53744,44452,3,2,7,"8ba463dcb9448fb7"
58236,55839,3,2,8,"8ba463dcb9448fb7"
64813,62134,2,2,9,"8ba463dcb9448fb7"
69776,67386,3,2,10,"8ba463dcb9448fb7"
3438,122,2,3,1,"8bc4eee4c905c740"
8975,5646,3,3,2,"8bc4eee4c905c740"
13271,11535,3,3,3,"8bc4eee4c905c740"
20043,17514,2,3,4,"8bc4eee4c905c740"
27284,24219,3,3,5,"8bc4eee4c905c740"
35234,32602,3,3,6,"8bc4eee4c905c740"
41301,39009,3,3,7,"8bc4eee4c905c740"
48819,46054,3,2,8,"8bc4eee4c905c740"
55641,52055,3,3,9,"8bc4eee4c905c740"
63172,60216,2,3,10,"8bc4eee4c905c740"
69836,66463,2,2,11,"8bc4eee4c905c740"
74819,71074,2,2,12,"8bc4eee4c905c740"
85691,82624,3,3,13,"8bc4eee4c905c740"
89803,86523,2,3,14,"8bc4eee4c905c740"
93008,90600,3,3,15,"8bc4eee4c905c740"
101844,98985,3,3,16,"8bc4eee4c905c740"
108336,106183,3,3,17,"8bc4eee4c905c740"
116779,112612,2,3,18,"8bc4eee4c905c740"
125577,122251,2,2,19,"8bc4eee4c905c740"
135558,130619,3,3,20,"8bc4eee4c905c740"
141921,139579,3,3,21,"8bc4eee4c905c740"
150413,147458,2,3,22,"8bc4eee4c905c740"
154657,152239,3,2,23,"8bc4eee4c905c740"
165784,160771,3,2,24,"8bc4eee4c905c740"
172402,168852,2,3,25,"8bc4eee4c905c740"
185565,177749,2,2,26,"8bc4eee4c905c740"
192351,188561,2,2,27,"8bc4eee4c905c740"
200425,196562,3,2,28,"8bc4eee4c905c740"
206502,202790,3,2,29,"8bc4eee4c905c740"
211876,209710,3,3,30,"8bc4eee4c905c740"
219128,213429,3,3,31,"8bc4eee4c905c740"
223749,221297,3,3,32,"8bc4eee4c905c740"
232858,229713,3,3,33,"8bc4eee4c905c740"
239215,236239,3,3,34,"8bc4eee4c905c740"
246543,241341,3,2,35,"8bc4eee4c905c740"
3171,60,2,3,1,"8c6cdb2c2b4b5282"
10205,6648,3,3,2,"8c6cdb2c2b4b5282"
18463,12529,3,3,3,"8c6cdb2c2b4b5282"
22719,20658,2,2,4,"8c6cdb2c2b4b5282"
28884,25490,2,2,5,"8c6cdb2c2b4b5282"
39399,36973,2,2,6,"8c6cdb2c2b4b5282"
43910,40620,2,2,7,"8c6cdb2c2b4b5282"
54299,49776,2,2,8,"8c6cdb2c2b4b5282"
62864,56113,3,3,9,"8c6cdb2c2b4b5282"
72352,67161,2,2,10,"8c6cdb2c2b4b5282"
80594,76594,3,3,11,"8c6cdb2c2b4b5282"
88453,83703,3,3,12,"8c6cdb2c2b4b5282"
93376,89944,3,2,13,"8c6cdb2c2b4b5282"
98395,95810,3,3,14,"8c6cdb2c2b4b5282"
103422,100400,3,3,15,"8c6cdb2c2b4b5282"
107454,104295,2,3,16,"8c6cdb2c2b4b5282"
111762,109607,2,2,17,"8c6cdb2c2b4b5282"
122558,118337,2,2,18,"8c6cdb2c2b4b5282"
132897,127897,2,2,19,"8c6cdb2c2b4b5282"
140853,138087,2,2,20,"8c6cdb2c2b4b5282"
148559,145081,2,3,21,"8c6cdb2c2b4b5282"
159537,153042,3,3,22,"8c6cdb2c2b4b5282"
171440,164694,3,3,23,"8c6cdb2c2b4b5282"
175705,173108,3,3,24,"8c6cdb2c2b4b5282"
3596,997,3,3,1,"8cf67a76a7e8baf5"
7654,5763,3,3,2,"8cf67a76a7e8baf5"
12050,9446,3,3,3,"8cf67a76a7e8baf5"
18606,16785,3,2,4,"8cf67a76a7e8baf5"
28715,25124,3,3,5,"8cf67a76a7e8baf5"
35508,32033,3,2,6,"8cf67a76a7e8baf5"
43024,40944,2,2,7,"8cf67a76a7e8baf5"
53918,46746,2,2,8,"8cf67a76a7e8baf5"
59133,56824,3,3,9,"8cf67a76a7e8baf5"
70651,68642,2,3,10,"8cf67a76a7e8baf5"
83623,78202,3,3,11,"8cf67a76a7e8baf5"
96021,92923,3,3,12,"8cf67a76a7e8baf5"
101313,98317,3,3,13,"8cf67a76a7e8baf5"
104261,102512,3,3,14,"8cf67a76a7e8baf5"
111506,106690,3,3,15,"8cf67a76a7e8baf5"
115395,113150,3,3,16,"8cf67a76a7e8baf5"
120167,118087,3,2,17,"8cf67a76a7e8baf5"
131960,127034,3,3,18,"8cf67a76a7e8baf5"
137614,135874,3,3,19,"8cf67a76a7e8baf5"
145606,142020,2,2,20,"8cf67a76a7e8baf5"
156248,151791,3,2,21,"8cf67a76a7e8baf5"
167833,162343,3,3,22,"8cf67a76a7e8baf5"
173252,169844,3,3,23,"8cf67a76a7e8baf5"
181340,178932,2,3,24,"8cf67a76a7e8baf5"
4751,110,2,3,1,"8d39e4c8efcaae52"
8204,5894,3,3,2,"8d39e4c8efcaae52"
17791,14022,3,3,3,"8d39e4c8efcaae52"
24631,20371,3,3,4,"8d39e4c8efcaae52"
28757,25430,3,3,5,"8d39e4c8efcaae52"
33375,31458,3,3,6,"8d39e4c8efcaae52"
41866,40018,2,3,7,"8d39e4c8efcaae52"
51926,47446,3,3,8,"8d39e4c8efcaae52"
59670,55428,3,3,9,"8d39e4c8efcaae52"
66140,62991,2,3,10,"8d39e4c8efcaae52"
75025,72925,3,2,11,"8d39e4c8efcaae52"
85903,83458,2,3,12,"8d39e4c8efcaae52"
93892,90806,2,3,13,"8d39e4c8efcaae52"
107931,95702,3,3,14,"8d39e4c8efcaae52"
111390,109013,3,3,15,"8d39e4c8efcaae52"
114462,112116,3,3,16,"8d39e4c8efcaae52"
120221,117912,2,3,17,"8d39e4c8efcaae52"
127320,124159,3,2,18,"8d39e4c8efcaae52"
138423,134073,3,3,19,"8d39e4c8efcaae52"
145453,141922,2,2,20,"8d39e4c8efcaae52"
30517,1,3,3,1,"8dc0a562688b2e7a"
36509,32653,3,2,2,"8dc0a562688b2e7a"
46755,37800,2,2,3,"8dc0a562688b2e7a"
53454,50234,2,2,4,"8dc0a562688b2e7a"
56107,54119,2,3,5,"8dc0a562688b2e7a"
70225,63079,3,3,6,"8dc0a562688b2e7a"
75461,71787,3,2,7,"8dc0a562688b2e7a"
84528,81732,3,3,8,"8dc0a562688b2e7a"
93515,90768,3,2,9,"8dc0a562688b2e7a"
100931,98064,3,2,10,"8dc0a562688b2e7a"
110671,107312,2,2,11,"8dc0a562688b2e7a"
120729,117001,3,3,12,"8dc0a562688b2e7a"
135487,125734,2,2,13,"8dc0a562688b2e7a"
141940,137196,2,2,14,"8dc0a562688b2e7a"
151213,148102,2,2,15,"8dc0a562688b2e7a"
159516,157491,3,2,16,"8dc0a562688b2e7a"
172428,167526,3,3,17,"8dc0a562688b2e7a"
178248,175627,3,3,18,"8dc0a562688b2e7a"
187067,182021,3,3,19,"8dc0a562688b2e7a"
192439,189434,3,3,20,"8dc0a562688b2e7a"
202341,199296,3,3,21,"8dc0a562688b2e7a"
205268,203160,2,2,22,"8dc0a562688b2e7a"
214980,211966,3,3,23,"8dc0a562688b2e7a"
4261,385,2,2,1,"8e7a743264da3ff5"
12356,5645,2,2,2,"8e7a743264da3ff5"
18987,14534,3,2,3,"8e7a743264da3ff5"
27242,23919,3,3,4,"8e7a743264da3ff5"
31164,29162,3,2,5,"8e7a743264da3ff5"
43448,35936,3,3,6,"8e7a743264da3ff5"
48509,44853,2,2,7,"8e7a743264da3ff5"
61358,55520,2,2,8,"8e7a743264da3ff5"
70800,64429,2,2,9,"8e7a743264da3ff5"
76620,72267,3,3,10,"8e7a743264da3ff5"
84780,79616,3,3,11,"8e7a743264da3ff5"
90239,88013,3,3,12,"8e7a743264da3ff5"
110451,95604,3,2,13,"8e7a743264da3ff5"
119669,114269,3,3,14,"8e7a743264da3ff5"
124902,122320,2,2,15,"8e7a743264da3ff5"
129806,127163,2,2,16,"8e7a743264da3ff5"
136302,133388,3,2,17,"8e7a743264da3ff5"
146306,143376,3,3,18,"8e7a743264da3ff5"
155536,151115,2,3,19,"8e7a743264da3ff5"
167077,164899,3,2,20,"8e7a743264da3ff5"
176011,173923,2,2,21,"8e7a743264da3ff5"
182941,179084,3,2,22,"8e7a743264da3ff5"
191530,187857,3,3,23,"8e7a743264da3ff5"
203615,198756,2,3,24,"8e7a743264da3ff5"
210626,206473,2,2,25,"8e7a743264da3ff5"
216564,214132,3,3,26,"8e7a743264da3ff5"
225817,223220,3,3,27,"8e7a743264da3ff5"
233411,229259,3,3,28,"8e7a743264da3ff5"
239089,236200,3,3,29,"8e7a743264da3ff5"
251104,243876,3,2,30,"8e7a743264da3ff5"
258413,254996,2,2,31,"8e7a743264da3ff5"
274402,262827,2,2,32,"8e7a743264da3ff5"
281551,279412,2,3,33,"8e7a743264da3ff5"
288301,285610,3,3,34,"8e7a743264da3ff5"
298023,295815,3,3,35,"8e7a743264da3ff5"
54328,6105,2,2,1,"8ebe7370583beaf7"
61658,58468,2,2,2,"8ebe7370583beaf7"
68322,65503,3,3,3,"8ebe7370583beaf7"
78224,74591,3,3,4,"8ebe7370583beaf7"
82952,80782,3,2,5,"8ebe7370583beaf7"
89504,84826,3,3,6,"8ebe7370583beaf7"
94219,90471,3,3,7,"8ebe7370583beaf7"
122638,99795,3,3,8,"8ebe7370583beaf7"
131231,125725,3,3,9,"8ebe7370583beaf7"
134909,131870,3,2,10,"8ebe7370583beaf7"
141469,139387,3,2,11,"8ebe7370583beaf7"
147800,145597,3,2,12,"8ebe7370583beaf7"
155550,152644,2,2,13,"8ebe7370583beaf7"
165214,158403,3,2,14,"8ebe7370583beaf7"
173045,168930,2,2,15,"8ebe7370583beaf7"
179873,177342,3,3,16,"8ebe7370583beaf7"
185930,183014,3,2,17,"8ebe7370583beaf7"
190561,188447,3,3,18,"8ebe7370583beaf7"
200742,197535,3,3,19,"8ebe7370583beaf7"
212990,207487,2,2,20,"8ebe7370583beaf7"
219930,217677,3,2,21,"8ebe7370583beaf7"
233968,227007,3,3,22,"8ebe7370583beaf7"
238135,236095,2,3,23,"8ebe7370583beaf7"
245350,242162,3,3,24,"8ebe7370583beaf7"
250163,247752,3,3,25,"8ebe7370583beaf7"
255749,253196,3,3,26,"8ebe7370583beaf7"
261402,257950,3,2,27,"8ebe7370583beaf7"
270093,266059,3,2,28,"8ebe7370583beaf7"
279419,274032,3,2,29,"8ebe7370583beaf7"
7388,3642,2,2,1,"8ec72538e5116546"
17482,11202,2,3,2,"8ec72538e5116546"
21874,18284,3,3,3,"8ec72538e5116546"
26129,24031,3,3,4,"8ec72538e5116546"
34698,31449,3,3,5,"8ec72538e5116546"
45710,39448,3,3,6,"8ec72538e5116546"
53540,47692,3,3,7,"8ec72538e5116546"
60206,55491,3,3,8,"8ec72538e5116546"
70622,64844,2,2,9,"8ec72538e5116546"
77546,74950,3,2,10,"8ec72538e5116546"
88472,86109,3,3,11,"8ec72538e5116546"
93006,90302,2,2,12,"8ec72538e5116546"
106638,100904,3,2,13,"8ec72538e5116546"
115098,111182,3,3,14,"8ec72538e5116546"
118256,116186,2,2,15,"8ec72538e5116546"
127087,124921,3,3,16,"8ec72538e5116546"
137391,134009,2,2,17,"8ec72538e5116546"
149444,141911,3,3,18,"8ec72538e5116546"
157021,152191,2,2,19,"8ec72538e5116546"
166539,162019,3,3,20,"8ec72538e5116546"
181144,168746,2,3,21,"8ec72538e5116546"
186893,184744,2,2,22,"8ec72538e5116546"
5544,90,2,2,1,"8f3c21b20f84062a"
9927,6873,2,2,2,"8f3c21b20f84062a"
16722,10557,2,2,3,"8f3c21b20f84062a"
21249,18814,3,2,4,"8f3c21b20f84062a"
31309,26495,2,2,5,"8f3c21b20f84062a"
43256,39114,3,2,6,"8f3c21b20f84062a"
50707,48859,2,2,7,"8f3c21b20f84062a"
57139,55290,2,2,8,"8f3c21b20f84062a"
67281,64904,3,2,9,"8f3c21b20f84062a"
72300,69595,3,3,10,"8f3c21b20f84062a"
78800,76575,2,2,11,"8f3c21b20f84062a"
88441,85896,2,2,12,"8f3c21b20f84062a"
94833,91886,2,2,13,"8f3c21b20f84062a"
100733,98507,2,2,14,"8f3c21b20f84062a"
108391,104489,3,3,15,"8f3c21b20f84062a"
115489,111989,3,3,16,"8f3c21b20f84062a"
9773,344,3,2,1,"8f8c9d172e900f90"
17050,13671,2,2,2,"8f8c9d172e900f90"
23145,20155,2,2,3,"8f8c9d172e900f90"
33315,28582,2,2,4,"8f8c9d172e900f90"
40994,37532,2,2,5,"8f8c9d172e900f90"
48833,46172,2,3,6,"8f8c9d172e900f90"
60039,57496,2,3,7,"8f8c9d172e900f90"
69281,63742,3,3,8,"8f8c9d172e900f90"
75096,70337,3,3,9,"8f8c9d172e900f90"
82335,79425,2,3,10,"8f8c9d172e900f90"
97732,90995,2,2,11,"8f8c9d172e900f90"
105914,101461,3,3,12,"8f8c9d172e900f90"
130512,112556,3,2,13,"8f8c9d172e900f90"
135021,132286,2,2,14,"8f8c9d172e900f90"
141007,139143,2,2,15,"8f8c9d172e900f90"
154789,148275,3,3,16,"8f8c9d172e900f90"
161785,159033,3,3,17,"8f8c9d172e900f90"
169856,165974,3,3,18,"8f8c9d172e900f90"
174724,171424,3,3,19,"8f8c9d172e900f90"
180895,178491,3,3,20,"8f8c9d172e900f90"
189384,186295,2,3,21,"8f8c9d172e900f90"
196175,194030,3,3,22,"8f8c9d172e900f90"
2290,1,2,2,1,"8f9d7916bf0b1742"
8992,4547,2,2,2,"8f9d7916bf0b1742"
12922,9663,2,2,3,"8f9d7916bf0b1742"
16485,14144,2,2,4,"8f9d7916bf0b1742"
22917,20562,2,2,5,"8f9d7916bf0b1742"
34580,28414,3,3,6,"8f9d7916bf0b1742"
44345,37817,3,3,7,"8f9d7916bf0b1742"
52742,48827,3,2,8,"8f9d7916bf0b1742"
58749,54495,2,2,9,"8f9d7916bf0b1742"
67460,63270,3,3,10,"8f9d7916bf0b1742"
73980,72052,3,3,11,"8f9d7916bf0b1742"
87655,83862,2,3,12,"8f9d7916bf0b1742"
99508,91019,3,2,13,"8f9d7916bf0b1742"
110232,104786,2,2,14,"8f9d7916bf0b1742"
118357,111319,2,2,15,"8f9d7916bf0b1742"
124986,120991,3,2,16,"8f9d7916bf0b1742"
130134,128064,3,3,17,"8f9d7916bf0b1742"
142839,135928,3,2,18,"8f9d7916bf0b1742"
148608,145440,3,3,19,"8f9d7916bf0b1742"
159917,155305,2,3,20,"8f9d7916bf0b1742"
168126,163442,3,3,21,"8f9d7916bf0b1742"
173978,171222,2,2,22,"8f9d7916bf0b1742"
179568,177205,3,3,23,"8f9d7916bf0b1742"
189629,186860,3,3,24,"8f9d7916bf0b1742"
8576,6017,3,3,1,"90c3cf594f42489b"
11956,9917,3,3,2,"90c3cf594f42489b"
17733,15169,3,3,3,"90c3cf594f42489b"
23423,21375,3,3,4,"90c3cf594f42489b"
29449,24244,3,2,5,"90c3cf594f42489b"
33565,31160,2,3,6,"90c3cf594f42489b"
38435,36269,3,3,7,"90c3cf594f42489b"
43442,41068,3,3,8,"90c3cf594f42489b"
50612,47146,3,3,9,"90c3cf594f42489b"
54744,52765,3,3,10,"90c3cf594f42489b"
57430,55634,3,3,11,"90c3cf594f42489b"
61622,59004,3,2,12,"90c3cf594f42489b"
70382,66689,2,2,13,"90c3cf594f42489b"
74846,71590,2,2,14,"90c3cf594f42489b"
78998,77465,2,2,15,"90c3cf594f42489b"
3164,79,2,2,1,"91043e961834be5c"
10568,6606,3,2,2,"91043e961834be5c"
20423,15354,2,2,3,"91043e961834be5c"
27794,24086,2,2,4,"91043e961834be5c"
33374,29537,2,2,5,"91043e961834be5c"
43784,40083,3,2,6,"91043e961834be5c"
51962,49241,2,2,7,"91043e961834be5c"
60930,56718,3,2,8,"91043e961834be5c"
66585,63984,2,2,9,"91043e961834be5c"
73572,69997,2,3,10,"91043e961834be5c"
79215,76065,3,2,11,"91043e961834be5c"
85258,81897,2,3,12,"91043e961834be5c"
94460,91777,2,3,13,"91043e961834be5c"
100661,96701,3,2,14,"91043e961834be5c"
107268,104222,3,2,15,"91043e961834be5c"
114686,112251,2,2,16,"91043e961834be5c"
122843,115485,3,2,17,"91043e961834be5c"
127214,124381,2,2,18,"91043e961834be5c"
135260,131386,3,3,19,"91043e961834be5c"
147302,141599,2,3,20,"91043e961834be5c"
2290,1,2,2,1,"91609a6608f8a293"
8590,5683,2,2,2,"91609a6608f8a293"
14509,12427,3,2,3,"91609a6608f8a293"
24071,21349,3,3,4,"91609a6608f8a293"
36201,31691,3,3,5,"91609a6608f8a293"
43961,41059,3,3,6,"91609a6608f8a293"
48567,45631,3,3,7,"91609a6608f8a293"
54920,52458,3,3,8,"91609a6608f8a293"
59300,57312,3,3,9,"91609a6608f8a293"
64221,61622,3,3,10,"91609a6608f8a293"
70870,66994,3,3,11,"91609a6608f8a293"
79836,76576,2,2,12,"91609a6608f8a293"
87517,84154,3,3,13,"91609a6608f8a293"
95637,91521,3,3,14,"91609a6608f8a293"
102834,100355,2,3,15,"91609a6608f8a293"
114978,109806,3,3,16,"91609a6608f8a293"
123267,117989,2,2,17,"91609a6608f8a293"
128864,126784,3,3,18,"91609a6608f8a293"
139854,137778,2,3,19,"91609a6608f8a293"
148622,145978,3,3,20,"91609a6608f8a293"
159238,151931,3,3,21,"91609a6608f8a293"
168691,163286,3,2,22,"91609a6608f8a293"
173337,170769,2,2,23,"91609a6608f8a293"
183644,181016,2,2,24,"91609a6608f8a293"
191242,186194,2,2,25,"91609a6608f8a293"
198802,195180,3,3,26,"91609a6608f8a293"
206019,202479,3,3,27,"91609a6608f8a293"
212077,209943,3,3,28,"91609a6608f8a293"
221440,219256,3,3,29,"91609a6608f8a293"
227041,223709,2,2,30,"91609a6608f8a293"
249960,230257,3,3,31,"91609a6608f8a293"
255266,251642,3,3,32,"91609a6608f8a293"
259478,257095,3,3,33,"91609a6608f8a293"
265665,263346,2,2,34,"91609a6608f8a293"
2822,1,2,2,1,"91b389a446a4dbd"
7169,4680,3,2,2,"91b389a446a4dbd"
14981,13411,2,2,3,"91b389a446a4dbd"
26801,23281,3,2,4,"91b389a446a4dbd"
33628,28353,2,2,5,"91b389a446a4dbd"
39822,37418,2,2,6,"91b389a446a4dbd"
47808,45194,3,2,7,"91b389a446a4dbd"
54143,52451,2,2,8,"91b389a446a4dbd"
64179,61214,2,2,9,"91b389a446a4dbd"
71865,69181,2,2,10,"91b389a446a4dbd"
85520,80546,3,3,11,"91b389a446a4dbd"
92758,88786,3,2,12,"91b389a446a4dbd"
114156,97469,3,3,13,"91b389a446a4dbd"
120964,118819,3,3,14,"91b389a446a4dbd"
5267,74,2,2,1,"91b632446276457a"
15415,9719,3,2,2,"91b632446276457a"
23057,17894,2,3,3,"91b632446276457a"
29408,25723,3,3,4,"91b632446276457a"
36344,33877,3,3,5,"91b632446276457a"
40474,37064,3,3,6,"91b632446276457a"
47018,44890,3,3,7,"91b632446276457a"
55183,47860,3,3,8,"91b632446276457a"
62789,59274,2,2,9,"91b632446276457a"
67100,63476,3,3,10,"91b632446276457a"
72044,67898,3,3,11,"91b632446276457a"
78013,74829,3,3,12,"91b632446276457a"
84955,80817,3,3,13,"91b632446276457a"
92813,88421,3,3,14,"91b632446276457a"
96872,93908,3,3,15,"91b632446276457a"
103115,101074,2,2,16,"91b632446276457a"
112353,107458,3,3,17,"91b632446276457a"
118458,113609,2,2,18,"91b632446276457a"
123946,121318,2,2,19,"91b632446276457a"
131165,128968,2,2,20,"91b632446276457a"
5557,3203,3,3,1,"92c4f18e5b1a21fc"
13201,9983,3,3,2,"92c4f18e5b1a21fc"
17761,15452,2,2,3,"92c4f18e5b1a21fc"
23748,20397,3,3,4,"92c4f18e5b1a21fc"
33031,25972,3,2,5,"92c4f18e5b1a21fc"
41996,36837,3,3,6,"92c4f18e5b1a21fc"
46942,44565,2,2,7,"92c4f18e5b1a21fc"
54252,52316,2,2,8,"92c4f18e5b1a21fc"
71295,60447,3,2,9,"92c4f18e5b1a21fc"
75355,72722,3,2,10,"92c4f18e5b1a21fc"
87115,82135,2,2,11,"92c4f18e5b1a21fc"
94151,91322,2,2,12,"92c4f18e5b1a21fc"
99433,97452,2,3,13,"92c4f18e5b1a21fc"
103810,101164,3,3,14,"92c4f18e5b1a21fc"
107930,105631,2,2,15,"92c4f18e5b1a21fc"
112460,109999,3,3,16,"92c4f18e5b1a21fc"
118281,115895,3,3,17,"92c4f18e5b1a21fc"
126375,123271,3,2,18,"92c4f18e5b1a21fc"
132667,128105,3,3,19,"92c4f18e5b1a21fc"
3087,97,3,3,1,"92de1b53f67fffcd"
8399,6606,3,2,2,"92de1b53f67fffcd"
14873,13296,2,2,3,"92de1b53f67fffcd"
39443,24018,3,3,6,"92de1b53f67fffcd"
48275,45754,3,3,7,"92de1b53f67fffcd"
66854,48986,3,3,8,"92de1b53f67fffcd"
72704,67288,3,3,9,"92de1b53f67fffcd"
89001,75502,3,3,10,"92de1b53f67fffcd"
94030,90496,3,3,11,"92de1b53f67fffcd"
101490,99413,2,2,12,"92de1b53f67fffcd"
107873,104245,3,3,13,"92de1b53f67fffcd"
114291,111555,3,3,14,"92de1b53f67fffcd"
119089,117121,3,3,15,"92de1b53f67fffcd"
123940,120634,2,3,16,"92de1b53f67fffcd"
132016,127754,2,3,17,"92de1b53f67fffcd"
136289,134273,3,3,18,"92de1b53f67fffcd"
146916,140502,2,3,19,"92de1b53f67fffcd"
153573,150389,3,2,20,"92de1b53f67fffcd"
159663,155970,2,2,21,"92de1b53f67fffcd"
165914,163653,2,2,22,"92de1b53f67fffcd"
2624,100,3,3,1,"93f6caa90cb3f862"
7178,4147,3,3,2,"93f6caa90cb3f862"
11059,8971,3,3,3,"93f6caa90cb3f862"
24377,17931,3,3,4,"93f6caa90cb3f862"
27190,24990,2,2,5,"93f6caa90cb3f862"
37649,32790,2,3,6,"93f6caa90cb3f862"
46953,41337,2,2,7,"93f6caa90cb3f862"
55136,53290,2,2,8,"93f6caa90cb3f862"
64378,60635,2,2,9,"93f6caa90cb3f862"
73531,68619,2,2,10,"93f6caa90cb3f862"
82821,77788,2,3,11,"93f6caa90cb3f862"
91450,86212,3,3,12,"93f6caa90cb3f862"
100521,97147,3,3,13,"93f6caa90cb3f862"
104685,102173,3,3,14,"93f6caa90cb3f862"
112678,107614,3,3,15,"93f6caa90cb3f862"
117303,115223,2,2,16,"93f6caa90cb3f862"
124476,122247,3,3,17,"93f6caa90cb3f862"
138228,130371,2,3,18,"93f6caa90cb3f862"
144951,140283,2,3,19,"93f6caa90cb3f862"
167480,151373,3,3,20,"93f6caa90cb3f862"
174770,170719,2,2,21,"93f6caa90cb3f862"
182079,179141,3,3,22,"93f6caa90cb3f862"
7128,4536,2,2,1,"942f3a5ec52656ce"
12824,9554,3,3,2,"942f3a5ec52656ce"
18237,14474,3,3,3,"942f3a5ec52656ce"
21722,19525,3,3,4,"942f3a5ec52656ce"
25661,23666,2,3,5,"942f3a5ec52656ce"
34297,32075,2,3,6,"942f3a5ec52656ce"
43474,40388,2,2,7,"942f3a5ec52656ce"
49111,46980,2,2,8,"942f3a5ec52656ce"
55941,53402,2,2,9,"942f3a5ec52656ce"
68854,64294,2,2,10,"942f3a5ec52656ce"
75582,72392,2,2,11,"942f3a5ec52656ce"
89695,84820,3,3,12,"942f3a5ec52656ce"
96049,92683,2,2,13,"942f3a5ec52656ce"
99968,97976,2,2,14,"942f3a5ec52656ce"
106443,101206,2,2,15,"942f3a5ec52656ce"
112346,110104,3,3,16,"942f3a5ec52656ce"
121559,118959,2,2,17,"942f3a5ec52656ce"
128542,126270,3,3,18,"942f3a5ec52656ce"
135912,132954,3,2,19,"942f3a5ec52656ce"
149183,144779,3,3,20,"942f3a5ec52656ce"
156175,151409,3,2,21,"942f3a5ec52656ce"
165346,160440,3,3,22,"942f3a5ec52656ce"
175655,172027,2,3,23,"942f3a5ec52656ce"
183420,180934,3,3,24,"942f3a5ec52656ce"
187280,184690,3,3,25,"942f3a5ec52656ce"
193404,188776,3,3,26,"942f3a5ec52656ce"
198743,194324,3,3,27,"942f3a5ec52656ce"
207182,202272,3,3,28,"942f3a5ec52656ce"
213092,208895,2,3,29,"942f3a5ec52656ce"
222882,215192,2,3,30,"942f3a5ec52656ce"
230115,225300,3,3,31,"942f3a5ec52656ce"
235769,232002,3,3,32,"942f3a5ec52656ce"
245649,241089,3,3,33,"942f3a5ec52656ce"
252248,248985,3,3,34,"942f3a5ec52656ce"
267940,257574,2,3,35,"942f3a5ec52656ce"
275706,268765,3,2,36,"942f3a5ec52656ce"
6915,4855,3,3,1,"94d81caf12815656"
13347,10739,3,3,2,"94d81caf12815656"
19297,15777,3,2,3,"94d81caf12815656"
32889,23220,2,2,4,"94d81caf12815656"
39547,36345,3,3,5,"94d81caf12815656"
50592,47481,2,2,6,"94d81caf12815656"
58008,55897,2,2,7,"94d81caf12815656"
62810,60431,2,2,8,"94d81caf12815656"
69223,65527,3,3,9,"94d81caf12815656"
74991,71928,3,2,10,"94d81caf12815656"
81054,78227,2,2,11,"94d81caf12815656"
88396,83018,2,2,12,"94d81caf12815656"
93585,91050,2,3,13,"94d81caf12815656"
98259,96218,3,3,14,"94d81caf12815656"
104192,99114,3,3,15,"94d81caf12815656"
108938,106917,3,3,16,"94d81caf12815656"
114682,110563,3,3,17,"94d81caf12815656"
1742,1,2,3,1,"958fa9238efe1849"
6922,4477,3,2,3,"958fa9238efe1849"
13168,9952,2,2,4,"958fa9238efe1849"
16825,14535,3,3,5,"958fa9238efe1849"
23952,20953,2,2,6,"958fa9238efe1849"
32816,27966,3,3,7,"958fa9238efe1849"
41533,36589,3,3,8,"958fa9238efe1849"
45232,42774,3,3,9,"958fa9238efe1849"
49880,47483,3,3,10,"958fa9238efe1849"
57896,54626,3,2,11,"958fa9238efe1849"
66729,63306,3,3,12,"958fa9238efe1849"
71466,68775,2,2,13,"958fa9238efe1849"
81858,79317,2,2,14,"958fa9238efe1849"
90740,88175,3,3,15,"958fa9238efe1849"
94425,92040,3,3,16,"958fa9238efe1849"
97385,95531,2,3,17,"958fa9238efe1849"
104871,101828,3,3,18,"958fa9238efe1849"
112270,105661,2,3,19,"958fa9238efe1849"
119947,114750,2,2,20,"958fa9238efe1849"
128551,123841,3,3,21,"958fa9238efe1849"
135013,129975,2,3,22,"958fa9238efe1849"
2815,1,2,2,1,"9633b2940e86c1a8"
6450,4487,2,2,2,"9633b2940e86c1a8"
11926,7825,3,2,3,"9633b2940e86c1a8"
17419,15187,3,2,4,"9633b2940e86c1a8"
23415,21393,2,2,5,"9633b2940e86c1a8"
30588,28635,3,3,6,"9633b2940e86c1a8"
35934,33830,2,2,7,"9633b2940e86c1a8"
44119,41202,2,2,8,"9633b2940e86c1a8"
50618,48564,3,2,9,"9633b2940e86c1a8"
57771,55652,2,2,10,"9633b2940e86c1a8"
66451,64395,3,3,11,"9633b2940e86c1a8"
70342,68354,2,2,12,"9633b2940e86c1a8"
87438,79440,3,3,13,"9633b2940e86c1a8"
93018,90728,3,3,14,"9633b2940e86c1a8"
99789,97688,3,3,15,"9633b2940e86c1a8"
2584,82,3,3,1,"963672906ef564fe"
8484,3333,3,3,2,"963672906ef564fe"
18672,11947,2,3,3,"963672906ef564fe"
26588,20189,2,2,4,"963672906ef564fe"
37674,31460,3,2,5,"963672906ef564fe"
41580,39510,3,2,6,"963672906ef564fe"
44880,42477,2,2,7,"963672906ef564fe"
55491,51868,2,2,8,"963672906ef564fe"
65849,64095,3,2,9,"963672906ef564fe"
76641,73893,3,3,10,"963672906ef564fe"
83705,77910,2,2,11,"963672906ef564fe"
91028,88649,2,2,12,"963672906ef564fe"
100862,97669,2,2,13,"963672906ef564fe"
109358,104311,2,2,14,"963672906ef564fe"
114266,110733,2,3,15,"963672906ef564fe"
120792,118366,3,3,16,"963672906ef564fe"
125868,123463,2,3,17,"963672906ef564fe"
129685,127314,3,3,18,"963672906ef564fe"
138615,136274,3,3,19,"963672906ef564fe"
9320,6661,3,3,1,"966daa4193f074e0"
12553,10516,3,3,2,"966daa4193f074e0"
15782,13505,3,3,3,"966daa4193f074e0"
20713,16661,3,3,4,"966daa4193f074e0"
28379,25621,3,2,5,"966daa4193f074e0"
34676,32277,2,2,6,"966daa4193f074e0"
46728,41847,2,2,7,"966daa4193f074e0"
56515,50550,2,2,8,"966daa4193f074e0"
66048,63524,2,2,9,"966daa4193f074e0"
78186,75996,3,3,10,"966daa4193f074e0"
85674,82400,2,3,11,"966daa4193f074e0"
95008,92621,2,2,12,"966daa4193f074e0"
102893,99643,3,3,13,"966daa4193f074e0"
107686,104083,3,3,14,"966daa4193f074e0"
114004,108761,2,2,15,"966daa4193f074e0"
124372,118187,3,3,16,"966daa4193f074e0"
131078,127805,2,2,17,"966daa4193f074e0"
138658,133945,3,2,18,"966daa4193f074e0"
146538,142770,2,2,19,"966daa4193f074e0"
155520,152403,3,3,20,"966daa4193f074e0"
165226,163146,3,2,21,"966daa4193f074e0"
177472,173908,2,2,22,"966daa4193f074e0"
188681,183511,3,3,23,"966daa4193f074e0"
195332,192471,2,2,24,"966daa4193f074e0"
2988,61,3,3,1,"96d88a7d1329b7"
6697,3723,3,3,2,"96d88a7d1329b7"
14249,9071,3,2,3,"96d88a7d1329b7"
20924,16940,2,2,4,"96d88a7d1329b7"
26229,24189,2,2,5,"96d88a7d1329b7"
31315,26915,2,3,6,"96d88a7d1329b7"
37999,32906,2,3,7,"96d88a7d1329b7"
46132,41403,3,3,8,"96d88a7d1329b7"
51857,49342,3,3,9,"96d88a7d1329b7"
58655,53326,3,3,10,"96d88a7d1329b7"
61987,59660,2,2,11,"96d88a7d1329b7"
67514,64693,3,3,12,"96d88a7d1329b7"
73802,70796,2,2,13,"96d88a7d1329b7"
79565,77297,3,2,14,"96d88a7d1329b7"
87195,84782,3,3,15,"96d88a7d1329b7"
92251,89393,3,3,16,"96d88a7d1329b7"
96979,93436,3,3,17,"96d88a7d1329b7"
102650,98828,2,2,18,"96d88a7d1329b7"
108164,105462,3,2,19,"96d88a7d1329b7"
118594,115018,2,2,20,"96d88a7d1329b7"
7304,2955,2,3,1,"97533032f79a57fa"
13650,9995,3,3,2,"97533032f79a57fa"
23059,17608,3,2,3,"97533032f79a57fa"
34263,29419,2,2,4,"97533032f79a57fa"
47251,39542,3,2,5,"97533032f79a57fa"
51812,48859,3,3,6,"97533032f79a57fa"
64758,57298,3,3,7,"97533032f79a57fa"
70310,65872,3,3,8,"97533032f79a57fa"
77450,74137,2,2,9,"97533032f79a57fa"
82843,80800,3,3,10,"97533032f79a57fa"
88090,86071,3,3,11,"97533032f79a57fa"
97490,92557,3,3,12,"97533032f79a57fa"
104380,101332,3,3,13,"97533032f79a57fa"
110492,106098,2,3,14,"97533032f79a57fa"
119627,112677,2,3,15,"97533032f79a57fa"
128158,121410,3,3,16,"97533032f79a57fa"
136574,133022,3,3,17,"97533032f79a57fa"
147958,141460,2,3,18,"97533032f79a57fa"
154735,149622,3,3,19,"97533032f79a57fa"
161530,157890,3,2,20,"97533032f79a57fa"
169020,166239,3,2,21,"97533032f79a57fa"
180083,172531,2,3,22,"97533032f79a57fa"
188707,186125,2,2,23,"97533032f79a57fa"
197393,193118,3,3,24,"97533032f79a57fa"
4586,125,3,2,1,"97e55146f7da19fc"
8122,5973,2,2,2,"97e55146f7da19fc"
15275,12306,2,2,3,"97e55146f7da19fc"
19100,16944,3,2,4,"97e55146f7da19fc"
26823,23210,2,2,5,"97e55146f7da19fc"
33840,31230,2,3,6,"97e55146f7da19fc"
41508,39562,2,2,7,"97e55146f7da19fc"
51654,48882,2,2,8,"97e55146f7da19fc"
60202,57376,3,3,9,"97e55146f7da19fc"
67267,64476,3,3,10,"97e55146f7da19fc"
77350,68705,2,2,11,"97e55146f7da19fc"
108236,78608,3,2,12,"97e55146f7da19fc"
118638,115090,3,3,13,"97e55146f7da19fc"
125337,121693,3,3,14,"97e55146f7da19fc"
133241,130011,3,3,15,"97e55146f7da19fc"
138202,134076,3,3,16,"97e55146f7da19fc"
2890,76,3,2,1,"98e03c6f9337ec9b"
13322,8245,3,2,2,"98e03c6f9337ec9b"
18971,16815,2,3,3,"98e03c6f9337ec9b"
32919,19885,3,3,4,"98e03c6f9337ec9b"
38200,33784,3,3,5,"98e03c6f9337ec9b"
42648,40037,3,3,6,"98e03c6f9337ec9b"
52509,48997,2,2,7,"98e03c6f9337ec9b"
61009,58510,2,2,8,"98e03c6f9337ec9b"
70064,67325,2,3,9,"98e03c6f9337ec9b"
91628,77184,2,2,10,"98e03c6f9337ec9b"
103791,98557,3,3,11,"98e03c6f9337ec9b"
109039,106986,2,3,12,"98e03c6f9337ec9b"
126438,110400,3,3,13,"98e03c6f9337ec9b"
130871,127681,3,3,14,"98e03c6f9337ec9b"
134966,131656,3,3,15,"98e03c6f9337ec9b"
145693,140616,3,2,16,"98e03c6f9337ec9b"
155077,153016,3,2,17,"98e03c6f9337ec9b"
167903,162594,2,2,18,"98e03c6f9337ec9b"
178279,175084,3,2,19,"98e03c6f9337ec9b"
188328,182464,3,2,20,"98e03c6f9337ec9b"
195404,190815,3,3,21,"98e03c6f9337ec9b"
204769,199438,2,2,22,"98e03c6f9337ec9b"
6453,4060,2,3,1,"98eafdda0b5a3641"
13515,11168,3,3,2,"98eafdda0b5a3641"
21909,16245,2,2,3,"98eafdda0b5a3641"
29197,25242,3,3,4,"98eafdda0b5a3641"
39776,37250,2,2,5,"98eafdda0b5a3641"
48619,43823,3,3,6,"98eafdda0b5a3641"
58996,53749,3,3,7,"98eafdda0b5a3641"
64843,62503,3,3,8,"98eafdda0b5a3641"
72478,70475,3,3,9,"98eafdda0b5a3641"
82030,79563,3,3,10,"98eafdda0b5a3641"
88067,85760,2,3,11,"98eafdda0b5a3641"
96897,91911,3,2,12,"98eafdda0b5a3641"
110394,108361,2,2,13,"98eafdda0b5a3641"
117149,114043,2,2,14,"98eafdda0b5a3641"
127773,125049,3,3,15,"98eafdda0b5a3641"
140180,133285,2,2,16,"98eafdda0b5a3641"
149169,141820,3,3,17,"98eafdda0b5a3641"
156721,150474,3,3,18,"98eafdda0b5a3641"
161089,157550,3,3,19,"98eafdda0b5a3641"
167291,164031,3,3,20,"98eafdda0b5a3641"
178251,170702,3,3,21,"98eafdda0b5a3641"
185610,179529,2,3,22,"98eafdda0b5a3641"
189533,187295,2,2,23,"98eafdda0b5a3641"
2248,1,2,2,1,"99cad6579edc5878"
9522,5928,2,2,2,"99cad6579edc5878"
21600,14506,2,2,3,"99cad6579edc5878"
27446,23235,2,2,4,"99cad6579edc5878"
37932,33929,3,3,5,"99cad6579edc5878"
44683,41088,3,2,6,"99cad6579edc5878"
52898,50592,2,2,7,"99cad6579edc5878"
58589,56451,2,2,8,"99cad6579edc5878"
66001,61504,2,3,9,"99cad6579edc5878"
74145,71839,3,3,10,"99cad6579edc5878"
84302,81408,3,3,11,"99cad6579edc5878"
94047,88732,2,2,12,"99cad6579edc5878"
114528,97654,2,2,13,"99cad6579edc5878"
119938,117503,2,2,14,"99cad6579edc5878"
128238,124214,3,2,15,"99cad6579edc5878"
135713,133646,3,2,16,"99cad6579edc5878"
148561,142793,2,2,17,"99cad6579edc5878"
154861,151651,2,3,18,"99cad6579edc5878"
164683,159294,3,3,19,"99cad6579edc5878"
171674,168118,3,2,20,"99cad6579edc5878"
2404,113,3,3,1,"9b8261c9e55ad80f"
6833,4101,3,3,2,"9b8261c9e55ad80f"
12185,7870,2,2,3,"9b8261c9e55ad80f"
18137,14633,2,2,4,"9b8261c9e55ad80f"
25090,22951,2,2,5,"9b8261c9e55ad80f"
31632,28783,3,2,6,"9b8261c9e55ad80f"
35019,32753,2,2,7,"9b8261c9e55ad80f"
39797,37828,2,2,8,"9b8261c9e55ad80f"
48733,45778,2,2,9,"9b8261c9e55ad80f"
57135,55253,3,2,10,"9b8261c9e55ad80f"
60487,58592,2,2,11,"9b8261c9e55ad80f"
69042,67306,2,2,12,"9b8261c9e55ad80f"
75051,72580,3,2,13,"9b8261c9e55ad80f"
81676,77413,3,3,14,"9b8261c9e55ad80f"
88882,86501,2,3,15,"9b8261c9e55ad80f"
91787,89547,3,3,16,"9b8261c9e55ad80f"
8349,340,2,2,1,"9b97719b66595b86"
15822,11942,2,2,2,"9b97719b66595b86"
24250,19843,2,2,3,"9b97719b66595b86"
32709,28722,3,2,4,"9b97719b66595b86"
45387,38204,2,2,5,"9b97719b66595b86"
54866,50723,2,2,6,"9b97719b66595b86"
65050,58597,3,3,7,"9b97719b66595b86"
69352,67468,3,2,8,"9b97719b66595b86"
80335,75945,2,2,9,"9b97719b66595b86"
90704,84617,2,2,10,"9b97719b66595b86"
102929,95609,3,2,11,"9b97719b66595b86"
108104,104404,2,2,12,"9b97719b66595b86"
128346,113235,3,3,13,"9b97719b66595b86"
137797,131040,3,3,14,"9b97719b66595b86"
1633,1,2,3,1,"9b9be817a88c1584"
7527,5023,3,3,2,"9b9be817a88c1584"
15203,11240,3,2,3,"9b9be817a88c1584"
24355,22193,3,3,4,"9b9be817a88c1584"
33967,31281,2,3,5,"9b9be817a88c1584"
39667,37354,3,3,6,"9b9be817a88c1584"
45222,42703,2,2,7,"9b9be817a88c1584"
52507,50163,2,2,8,"9b9be817a88c1584"
61737,58112,3,3,9,"9b9be817a88c1584"
69076,65759,3,3,10,"9b9be817a88c1584"
75904,73440,3,3,11,"9b9be817a88c1584"
84215,79144,3,2,12,"9b9be817a88c1584"
91644,88578,3,3,13,"9b9be817a88c1584"
96018,93919,3,3,14,"9b9be817a88c1584"
100058,97825,3,3,15,"9b9be817a88c1584"
109435,103986,3,3,16,"9b9be817a88c1584"
116824,113825,2,3,17,"9b9be817a88c1584"
125543,121251,3,2,18,"9b9be817a88c1584"
133473,131149,2,2,19,"9b9be817a88c1584"
139014,136854,3,3,20,"9b9be817a88c1584"
143126,141051,3,3,21,"9b9be817a88c1584"
152721,150139,3,3,22,"9b9be817a88c1584"
159740,155180,3,3,23,"9b9be817a88c1584"
3285,1,2,2,1,"9bf0eddddeed8ff7"
8364,5705,2,2,2,"9bf0eddddeed8ff7"
14867,12553,3,3,3,"9bf0eddddeed8ff7"
19370,15700,3,3,4,"9bf0eddddeed8ff7"
30017,27859,2,3,5,"9bf0eddddeed8ff7"
35690,33258,3,3,6,"9bf0eddddeed8ff7"
41194,38488,3,3,7,"9bf0eddddeed8ff7"
46183,44089,3,3,8,"9bf0eddddeed8ff7"
54866,51064,2,3,9,"9bf0eddddeed8ff7"
59732,57542,2,2,10,"9bf0eddddeed8ff7"
68921,66701,3,3,11,"9bf0eddddeed8ff7"
72717,70633,2,3,12,"9bf0eddddeed8ff7"
79082,75945,2,2,13,"9bf0eddddeed8ff7"
84417,81941,2,2,14,"9bf0eddddeed8ff7"
91094,88744,3,3,15,"9bf0eddddeed8ff7"
96123,93132,2,3,16,"9bf0eddddeed8ff7"
101018,98844,3,3,17,"9bf0eddddeed8ff7"
104896,102071,2,2,18,"9bf0eddddeed8ff7"
112520,110125,3,2,19,"9bf0eddddeed8ff7"
2636,99,2,2,1,"9c8d21e21c3390e1"
9848,4847,2,2,2,"9c8d21e21c3390e1"
14289,10710,3,3,3,"9c8d21e21c3390e1"
19505,17383,3,3,4,"9c8d21e21c3390e1"
22963,20839,3,3,5,"9c8d21e21c3390e1"
27898,25267,2,2,6,"9c8d21e21c3390e1"
33905,31405,3,3,7,"9c8d21e21c3390e1"
40713,37785,3,3,8,"9c8d21e21c3390e1"
48287,45221,2,2,9,"9c8d21e21c3390e1"
54854,51574,2,2,10,"9c8d21e21c3390e1"
60963,58708,2,2,11,"9c8d21e21c3390e1"
66017,63696,3,3,12,"9c8d21e21c3390e1"
73964,71457,3,2,13,"9c8d21e21c3390e1"
78437,76195,3,2,14,"9c8d21e21c3390e1"
91108,83741,2,2,15,"9c8d21e21c3390e1"
96753,94653,2,2,16,"9c8d21e21c3390e1"
105752,100791,3,3,17,"9c8d21e21c3390e1"
109020,107114,3,3,18,"9c8d21e21c3390e1"
113053,111015,2,2,19,"9c8d21e21c3390e1"
118837,116740,3,3,20,"9c8d21e21c3390e1"
125887,123035,3,3,21,"9c8d21e21c3390e1"
137961,128520,3,2,22,"9c8d21e21c3390e1"
142976,140492,3,3,23,"9c8d21e21c3390e1"
157407,147159,3,3,24,"9c8d21e21c3390e1"
163550,160911,3,3,25,"9c8d21e21c3390e1"
167728,164452,2,3,26,"9c8d21e21c3390e1"
171300,169439,2,2,27,"9c8d21e21c3390e1"
180447,175166,2,2,28,"9c8d21e21c3390e1"
186753,184422,3,3,29,"9c8d21e21c3390e1"
194880,192913,2,2,30,"9c8d21e21c3390e1"
2988,82,3,3,1,"9cf2b1cce364afa9"
7682,5325,3,3,2,"9cf2b1cce364afa9"
11126,8953,2,2,3,"9cf2b1cce364afa9"
21507,19707,2,2,4,"9cf2b1cce364afa9"
33250,26459,3,2,5,"9cf2b1cce364afa9"
35938,33767,3,3,6,"9cf2b1cce364afa9"
42580,38645,2,2,7,"9cf2b1cce364afa9"
53010,47309,3,2,8,"9cf2b1cce364afa9"
61031,58604,2,2,9,"9cf2b1cce364afa9"
74728,68277,2,2,10,"9cf2b1cce364afa9"
80662,76927,2,2,11,"9cf2b1cce364afa9"
92095,87495,3,3,12,"9cf2b1cce364afa9"
101485,96680,3,3,13,"9cf2b1cce364afa9"
105279,102851,3,3,14,"9cf2b1cce364afa9"
110376,107900,3,3,15,"9cf2b1cce364afa9"
122912,117396,2,3,16,"9cf2b1cce364afa9"
128127,126356,3,3,17,"9cf2b1cce364afa9"
2512,105,2,2,1,"9d312f7c14641658"
10886,6012,2,3,2,"9d312f7c14641658"
20535,14495,2,3,3,"9d312f7c14641658"
29785,26026,3,3,4,"9d312f7c14641658"
38014,31854,2,3,5,"9d312f7c14641658"
40921,38969,2,3,6,"9d312f7c14641658"
50613,45032,3,3,7,"9d312f7c14641658"
57631,55045,2,2,8,"9d312f7c14641658"
70690,64521,2,2,9,"9d312f7c14641658"
78620,74084,3,3,10,"9d312f7c14641658"
89478,81802,3,2,11,"9d312f7c14641658"
93635,91528,2,2,12,"9d312f7c14641658"
100854,97742,3,3,13,"9d312f7c14641658"
103463,101492,3,3,14,"9d312f7c14641658"
108085,106133,2,3,15,"9d312f7c14641658"
111809,109723,3,2,16,"9d312f7c14641658"
120800,117365,3,3,17,"9d312f7c14641658"
125992,122193,2,2,18,"9d312f7c14641658"
133077,129807,3,3,19,"9d312f7c14641658"
140829,138767,2,2,20,"9d312f7c14641658"
146026,144058,2,2,21,"9d312f7c14641658"
154311,150890,3,2,22,"9d312f7c14641658"
161400,156667,2,2,23,"9d312f7c14641658"
3802,971,2,2,1,"9e447475d6583bc"
10310,6336,2,2,2,"9e447475d6583bc"
14650,11207,2,2,3,"9e447475d6583bc"
19928,17608,3,3,4,"9e447475d6583bc"
26398,24272,3,3,5,"9e447475d6583bc"
35334,31862,3,3,6,"9e447475d6583bc"
43627,40663,2,2,7,"9e447475d6583bc"
49478,47274,2,2,8,"9e447475d6583bc"
54948,51662,3,2,9,"9e447475d6583bc"
64295,61267,2,3,10,"9e447475d6583bc"
69162,66763,2,2,11,"9e447475d6583bc"
75189,73108,2,3,12,"9e447475d6583bc"
81836,78074,2,2,13,"9e447475d6583bc"
89297,84654,2,2,14,"9e447475d6583bc"
95839,92530,3,3,15,"9e447475d6583bc"
101173,97733,2,2,16,"9e447475d6583bc"
108731,105748,3,3,17,"9e447475d6583bc"
117329,114608,3,2,18,"9e447475d6583bc"
125183,121767,3,2,19,"9e447475d6583bc"
133289,130483,2,2,20,"9e447475d6583bc"
139654,137329,2,3,21,"9e447475d6583bc"
145464,143336,2,3,22,"9e447475d6583bc"
154327,151904,2,3,23,"9e447475d6583bc"
158929,156596,3,3,24,"9e447475d6583bc"
20927,12,3,2,1,"9e69fe42c6a759fb"
29769,24749,2,2,2,"9e69fe42c6a759fb"
37009,34295,3,2,3,"9e69fe42c6a759fb"
42352,40408,3,2,4,"9e69fe42c6a759fb"
48490,44796,2,3,5,"9e69fe42c6a759fb"
56064,53629,2,2,6,"9e69fe42c6a759fb"
72300,63021,3,3,7,"9e69fe42c6a759fb"
78351,72954,3,3,8,"9e69fe42c6a759fb"
87064,82230,2,2,9,"9e69fe42c6a759fb"
96498,93573,3,2,10,"9e69fe42c6a759fb"
104366,101447,3,2,11,"9e69fe42c6a759fb"
111695,108135,2,2,12,"9e69fe42c6a759fb"
119784,117582,3,3,13,"9e69fe42c6a759fb"
127375,124947,2,2,14,"9e69fe42c6a759fb"
134908,132359,2,2,15,"9e69fe42c6a759fb"
146102,142222,2,2,16,"9e69fe42c6a759fb"
1944,1,2,2,1,"9ec6d7983bdd57bc"
22112,16144,2,2,3,"9ec6d7983bdd57bc"
33150,26202,2,2,4,"9ec6d7983bdd57bc"
47157,38917,2,2,5,"9ec6d7983bdd57bc"
53651,50853,3,3,6,"9ec6d7983bdd57bc"
60953,57270,2,2,7,"9ec6d7983bdd57bc"
76081,70792,3,2,8,"9ec6d7983bdd57bc"
81822,79678,3,2,9,"9ec6d7983bdd57bc"
93789,91798,2,2,10,"9ec6d7983bdd57bc"
105057,98390,2,2,11,"9ec6d7983bdd57bc"
111076,108794,3,3,12,"9ec6d7983bdd57bc"
128858,117291,3,2,13,"9ec6d7983bdd57bc"
136893,132209,2,2,14,"9ec6d7983bdd57bc"
171551,143398,3,2,15,"9ec6d7983bdd57bc"
180211,176757,2,2,16,"9ec6d7983bdd57bc"
185857,183617,2,2,17,"9ec6d7983bdd57bc"
199193,193952,3,3,18,"9ec6d7983bdd57bc"
203200,200235,3,3,19,"9ec6d7983bdd57bc"
208707,204563,2,2,20,"9ec6d7983bdd57bc"
215233,211670,2,2,21,"9ec6d7983bdd57bc"
222763,220762,2,2,22,"9ec6d7983bdd57bc"
249108,227822,3,3,23,"9ec6d7983bdd57bc"
2934,66,2,2,1,"9f578dadfd1bf32c"
8617,4870,2,2,2,"9f578dadfd1bf32c"
14087,9400,2,2,3,"9f578dadfd1bf32c"
18229,15682,2,2,4,"9f578dadfd1bf32c"
22763,19519,3,3,5,"9f578dadfd1bf32c"
32927,28479,3,3,6,"9f578dadfd1bf32c"
39262,35549,3,3,7,"9f578dadfd1bf32c"
44330,41880,3,3,8,"9f578dadfd1bf32c"
49662,47218,2,2,9,"9f578dadfd1bf32c"
59016,55327,2,3,10,"9f578dadfd1bf32c"
65619,61784,2,3,11,"9f578dadfd1bf32c"
71968,68858,2,2,12,"9f578dadfd1bf32c"
82370,77837,3,3,13,"9f578dadfd1bf32c"
87740,84017,3,3,14,"9f578dadfd1bf32c"
91546,89424,3,3,15,"9f578dadfd1bf32c"
103261,98898,2,3,16,"9f578dadfd1bf32c"
110287,107153,3,3,17,"9f578dadfd1bf32c"
117789,115547,3,3,18,"9f578dadfd1bf32c"
127294,122787,3,3,19,"9f578dadfd1bf32c"
4748,347,2,2,1,"9fedeb7256b9e6ea"
16141,8742,2,2,2,"9fedeb7256b9e6ea"
22233,20056,3,2,3,"9fedeb7256b9e6ea"
30168,28067,3,3,4,"9fedeb7256b9e6ea"
33853,31873,3,3,5,"9fedeb7256b9e6ea"
43161,40961,2,3,6,"9fedeb7256b9e6ea"
55099,50049,3,2,7,"9fedeb7256b9e6ea"
61011,58871,3,2,8,"9fedeb7256b9e6ea"
72672,70735,3,3,9,"9fedeb7256b9e6ea"
87376,81013,3,2,10,"9fedeb7256b9e6ea"
98320,92169,2,2,11,"9fedeb7256b9e6ea"
106012,102370,2,2,12,"9fedeb7256b9e6ea"
126683,110536,2,2,13,"9fedeb7256b9e6ea"
130773,128069,2,2,14,"9fedeb7256b9e6ea"
134018,132095,2,2,15,"9fedeb7256b9e6ea"
147381,139974,2,2,16,"9fedeb7256b9e6ea"
154030,151146,3,3,17,"9fedeb7256b9e6ea"
158750,156620,2,3,18,"9fedeb7256b9e6ea"
170661,168379,2,3,19,"9fedeb7256b9e6ea"
178173,175813,3,3,20,"9fedeb7256b9e6ea"
182994,181000,3,3,21,"9fedeb7256b9e6ea"
15395,8696,2,2,1,"9ff3df6794bf9a01"
23172,18628,2,2,2,"9ff3df6794bf9a01"
30232,25192,2,2,3,"9ff3df6794bf9a01"
39992,37648,2,2,4,"9ff3df6794bf9a01"
46569,41624,3,2,5,"9ff3df6794bf9a01"
58485,53173,2,2,6,"9ff3df6794bf9a01"
64745,62194,2,2,7,"9ff3df6794bf9a01"
78383,74374,2,2,8,"9ff3df6794bf9a01"
89030,83818,2,2,9,"9ff3df6794bf9a01"
97871,95328,2,3,10,"9ff3df6794bf9a01"
109078,105840,3,2,11,"9ff3df6794bf9a01"
112897,110753,2,3,12,"9ff3df6794bf9a01"
136738,120517,2,2,13,"9ff3df6794bf9a01"
140500,138347,3,2,14,"9ff3df6794bf9a01"
149953,145134,2,2,15,"9ff3df6794bf9a01"
160175,155013,3,3,16,"9ff3df6794bf9a01"
168988,163455,3,3,17,"9ff3df6794bf9a01"
174086,171825,3,3,18,"9ff3df6794bf9a01"
9683,329,3,2,1,a07bef37cb31a694
16039,11318,2,2,2,a07bef37cb31a694
24512,20477,2,2,3,a07bef37cb31a694
31907,29533,2,2,4,a07bef37cb31a694
42668,35867,3,3,5,a07bef37cb31a694
48129,46152,3,3,6,a07bef37cb31a694
55245,53074,3,2,7,a07bef37cb31a694
66872,60660,3,2,8,a07bef37cb31a694
73176,70721,2,2,9,a07bef37cb31a694
81532,79512,2,2,10,a07bef37cb31a694
90093,88100,2,2,11,a07bef37cb31a694
97204,92408,3,3,12,a07bef37cb31a694
115389,99475,3,3,13,a07bef37cb31a694
119361,116775,3,3,14,a07bef37cb31a694
125893,120019,2,2,15,a07bef37cb31a694
134202,131188,3,3,16,a07bef37cb31a694
142808,140276,3,3,17,a07bef37cb31a694
4237,1,3,3,1,a0db0b97f8770cad
8562,6118,3,3,2,a0db0b97f8770cad
12128,9875,2,3,3,a0db0b97f8770cad
20960,18731,3,3,4,a0db0b97f8770cad
28229,26281,3,3,5,a0db0b97f8770cad
40574,37278,2,3,6,a0db0b97f8770cad
48758,43837,3,3,7,a0db0b97f8770cad
57538,49908,3,2,8,a0db0b97f8770cad
64223,61109,2,2,9,a0db0b97f8770cad
69454,67095,2,2,10,a0db0b97f8770cad
74058,71725,3,2,11,a0db0b97f8770cad
81105,78811,2,2,12,a0db0b97f8770cad
87064,82916,2,2,13,a0db0b97f8770cad
91366,89312,2,2,14,a0db0b97f8770cad
98113,96244,2,2,15,a0db0b97f8770cad
106310,103602,3,2,16,a0db0b97f8770cad
113041,110299,3,2,17,a0db0b97f8770cad
118681,116671,3,2,18,a0db0b97f8770cad
3036,103,3,3,1,a1d78f7cde4e833b
8994,6574,3,3,2,a1d78f7cde4e833b
16755,10266,3,3,3,a1d78f7cde4e833b
22901,20652,3,2,4,a1d78f7cde4e833b
29944,26639,3,2,5,a1d78f7cde4e833b
37784,33766,2,2,6,a1d78f7cde4e833b
44098,39850,2,2,7,a1d78f7cde4e833b
54334,51516,2,2,8,a1d78f7cde4e833b
63887,61276,3,2,9,a1d78f7cde4e833b
71084,67917,2,2,10,a1d78f7cde4e833b
76596,74647,3,3,11,a1d78f7cde4e833b
82906,79596,2,2,12,a1d78f7cde4e833b
89539,85818,2,2,13,a1d78f7cde4e833b
97574,92038,2,2,14,a1d78f7cde4e833b
100357,98226,3,3,15,a1d78f7cde4e833b
109815,106166,3,3,16,a1d78f7cde4e833b
114240,112129,2,3,17,a1d78f7cde4e833b
127696,124813,2,2,18,a1d78f7cde4e833b
137636,135175,3,2,19,a1d78f7cde4e833b
146367,141682,3,3,20,a1d78f7cde4e833b
150625,147893,3,3,21,a1d78f7cde4e833b
4146,975,3,2,1,a1de9787d1adc24
12389,9698,2,2,2,a1de9787d1adc24
18792,16300,3,2,3,a1de9787d1adc24
26121,23331,2,3,4,a1de9787d1adc24
33458,31343,2,2,5,a1de9787d1adc24
48004,42203,2,3,6,a1de9787d1adc24
53286,51291,3,2,7,a1de9787d1adc24
61554,59486,2,3,8,a1de9787d1adc24
75158,70382,3,3,9,a1de9787d1adc24
80998,75976,3,3,10,a1de9787d1adc24
92747,85199,3,3,11,a1de9787d1adc24
96418,94287,3,2,12,a1de9787d1adc24
103398,100902,3,2,13,a1de9787d1adc24
110649,107489,3,3,14,a1de9787d1adc24
117730,114564,3,3,15,a1de9787d1adc24
122177,118707,3,3,16,a1de9787d1adc24
126256,124139,2,2,17,a1de9787d1adc24
137040,135102,3,3,18,a1de9787d1adc24
148412,146170,2,2,19,a1de9787d1adc24
159790,152606,3,3,20,a1de9787d1adc24
170520,163421,3,3,21,a1de9787d1adc24
174795,172509,3,3,22,a1de9787d1adc24
3824,70,2,3,1,a24d129cf77fb424
9337,5418,3,3,2,a24d129cf77fb424
12467,10239,2,3,3,a24d129cf77fb424
24430,19199,2,3,4,a24d129cf77fb424
29769,27579,2,2,5,a24d129cf77fb424
37282,34600,3,2,6,a24d129cf77fb424
48298,43712,2,3,7,a24d129cf77fb424
56493,53178,3,3,8,a24d129cf77fb424
65451,61044,3,2,9,a24d129cf77fb424
71940,67200,3,3,10,a24d129cf77fb424
82325,78885,3,3,11,a24d129cf77fb424
90747,87845,2,3,12,a24d129cf77fb424
97147,93833,3,3,13,a24d129cf77fb424
104257,99438,3,3,14,a24d129cf77fb424
109264,104984,3,3,15,a24d129cf77fb424
123835,112856,2,2,16,a24d129cf77fb424
133940,131440,3,3,17,a24d129cf77fb424
138789,135443,3,3,18,a24d129cf77fb424
145025,139597,3,3,19,a24d129cf77fb424
149968,146713,3,3,20,a24d129cf77fb424
153758,151428,2,3,21,a24d129cf77fb424
161583,159154,2,2,22,a24d129cf77fb424
168252,165376,3,3,23,a24d129cf77fb424
175374,171859,3,3,24,a24d129cf77fb424
3085,102,2,2,1,a2ca8bb245b5a03f
8228,4356,2,2,2,a2ca8bb245b5a03f
13656,10703,2,2,3,a2ca8bb245b5a03f
21211,17415,3,2,4,a2ca8bb245b5a03f
28013,25880,2,2,5,a2ca8bb245b5a03f
32012,29851,3,3,6,a2ca8bb245b5a03f
40264,37957,2,2,7,a2ca8bb245b5a03f
47805,44990,2,3,8,a2ca8bb245b5a03f
56885,53018,3,3,9,a2ca8bb245b5a03f
60254,58187,3,3,10,a2ca8bb245b5a03f
69046,65311,3,3,11,a2ca8bb245b5a03f
73148,70491,3,2,12,a2ca8bb245b5a03f
80630,78678,3,3,13,a2ca8bb245b5a03f
84512,82023,3,3,14,a2ca8bb245b5a03f
91425,85811,3,3,15,a2ca8bb245b5a03f
97961,95260,3,3,16,a2ca8bb245b5a03f
102796,99954,3,3,17,a2ca8bb245b5a03f
108276,106289,3,3,18,a2ca8bb245b5a03f
3504,7,2,3,1,a3e6eabee0c9ab0d
11653,8369,3,3,2,a3e6eabee0c9ab0d
15078,12495,3,3,3,a3e6eabee0c9ab0d
22349,20424,3,3,4,a3e6eabee0c9ab0d
28716,26266,2,2,5,a3e6eabee0c9ab0d
35070,30335,2,2,6,a3e6eabee0c9ab0d
45797,43750,3,3,7,a3e6eabee0c9ab0d
56692,53982,3,3,8,a3e6eabee0c9ab0d
8244,5416,3,2,1,a4a0808a07a6cad8
17035,12933,3,3,2,a4a0808a07a6cad8
23484,19876,2,2,3,a4a0808a07a6cad8
30397,27441,2,2,4,a4a0808a07a6cad8
36734,34333,2,2,5,a4a0808a07a6cad8
44074,42097,2,2,6,a4a0808a07a6cad8
51920,49251,2,2,7,a4a0808a07a6cad8
66230,61049,2,2,8,a4a0808a07a6cad8
74441,70738,3,3,9,a4a0808a07a6cad8
82600,79826,3,2,10,a4a0808a07a6cad8
91940,89120,2,3,11,a4a0808a07a6cad8
99477,96829,3,3,12,a4a0808a07a6cad8
106763,103139,2,2,13,a4a0808a07a6cad8
111693,109373,3,3,14,a4a0808a07a6cad8
131731,118461,2,2,15,a4a0808a07a6cad8
137851,134905,2,2,16,a4a0808a07a6cad8
143824,141273,2,3,17,a4a0808a07a6cad8
150665,147492,3,3,18,a4a0808a07a6cad8
159871,157105,3,3,19,a4a0808a07a6cad8
165225,160888,2,3,20,a4a0808a07a6cad8
171453,169504,3,3,21,a4a0808a07a6cad8
2771,81,2,2,1,a5c320ca83b08d5
7715,5296,2,2,2,a5c320ca83b08d5
15498,12112,2,3,3,a5c320ca83b08d5
22880,16899,3,2,4,a5c320ca83b08d5
32191,27003,3,3,5,a5c320ca83b08d5
40587,37883,3,3,6,a5c320ca83b08d5
47283,43392,3,3,7,a5c320ca83b08d5
50577,48624,3,3,8,a5c320ca83b08d5
56699,53343,2,3,9,a5c320ca83b08d5
60659,58584,3,3,10,a5c320ca83b08d5
73358,67544,2,2,11,a5c320ca83b08d5
77722,75874,2,2,12,a5c320ca83b08d5
86633,84161,3,3,13,a5c320ca83b08d5
95520,89723,3,3,14,a5c320ca83b08d5
98628,96454,3,3,15,a5c320ca83b08d5
102594,99886,3,3,16,a5c320ca83b08d5
111277,108144,3,2,17,a5c320ca83b08d5
122655,116751,3,3,18,a5c320ca83b08d5
128928,125711,3,2,19,a5c320ca83b08d5
143847,138521,3,3,20,a5c320ca83b08d5
148297,145175,3,2,21,a5c320ca83b08d5
157128,154849,3,3,22,a5c320ca83b08d5
166343,163207,3,2,23,a5c320ca83b08d5
176301,170937,3,3,24,a5c320ca83b08d5
12094,8342,3,3,1,a5cfc99d457e271
22759,16830,3,3,2,a5cfc99d457e271
27462,23748,2,2,3,a5cfc99d457e271
37422,33830,2,2,4,a5cfc99d457e271
46463,44056,3,2,5,a5cfc99d457e271
57583,54359,3,2,6,a5cfc99d457e271
67335,64916,3,3,7,a5cfc99d457e271
77376,74004,3,3,8,a5cfc99d457e271
87120,84480,3,3,9,a5cfc99d457e271
97876,91975,2,3,10,a5cfc99d457e271
108652,103403,2,3,11,a5cfc99d457e271
115084,112890,3,3,12,a5cfc99d457e271
136316,119536,2,3,13,a5cfc99d457e271
143153,139868,3,3,14,a5cfc99d457e271
148962,145760,3,3,15,a5cfc99d457e271
155257,151601,3,2,16,a5cfc99d457e271
167824,164391,3,3,17,a5cfc99d457e271
174272,170316,3,3,18,a5cfc99d457e271
183888,178152,2,3,19,a5cfc99d457e271
195491,189294,3,3,20,a5cfc99d457e271
204012,200516,3,3,21,a5cfc99d457e271
208120,205589,3,2,22,a5cfc99d457e271
220606,215909,2,2,23,a5cfc99d457e271
228397,225391,2,2,24,a5cfc99d457e271
243204,237163,2,2,25,a5cfc99d457e271
254645,247191,3,3,26,a5cfc99d457e271
258335,255981,2,3,27,a5cfc99d457e271
273010,267227,2,2,28,a5cfc99d457e271
283415,280137,2,2,29,a5cfc99d457e271
9006,4805,2,2,1,a5f32090846c4a01
13327,10153,2,2,2,a5f32090846c4a01
16426,14200,3,3,3,a5f32090846c4a01
26188,23288,2,2,4,a5f32090846c4a01
32198,27830,3,3,5,a5f32090846c4a01
40120,36869,3,3,6,a5f32090846c4a01
48460,46111,2,2,7,a5f32090846c4a01
62473,53276,3,2,8,a5f32090846c4a01
67596,64210,3,2,9,a5f32090846c4a01
79276,76917,3,3,10,a5f32090846c4a01
90425,86005,2,2,11,a5f32090846c4a01
95935,93810,3,2,12,a5f32090846c4a01
103264,100167,3,3,13,a5f32090846c4a01
110437,106425,2,3,14,a5f32090846c4a01
114018,111249,3,3,15,a5f32090846c4a01
117514,115472,2,3,16,a5f32090846c4a01
134455,129955,3,3,17,a5f32090846c4a01
3169,100,2,2,1,a62fe0afd3034f42
10679,6932,2,2,2,a62fe0afd3034f42
22437,17285,2,2,3,a62fe0afd3034f42
30397,27321,3,3,4,a62fe0afd3034f42
36763,34593,2,2,5,a62fe0afd3034f42
42068,39869,2,2,6,a62fe0afd3034f42
50546,48018,3,2,7,a62fe0afd3034f42
60075,57490,2,2,8,a62fe0afd3034f42
69580,66374,3,2,9,a62fe0afd3034f42
79588,77386,3,3,10,a62fe0afd3034f42
89522,86851,2,2,11,a62fe0afd3034f42
100121,97993,3,3,12,a62fe0afd3034f42
109786,106415,2,2,13,a62fe0afd3034f42
116496,113266,3,2,14,a62fe0afd3034f42
126282,120361,3,3,15,a62fe0afd3034f42
130109,127086,3,3,16,a62fe0afd3034f42
136151,133271,3,3,17,a62fe0afd3034f42
145124,142231,3,3,18,a62fe0afd3034f42
10897,7549,3,2,1,a66237217d716c23
18437,13667,3,3,2,a66237217d716c23
23194,21665,2,3,3,a66237217d716c23
31451,28406,3,3,4,a66237217d716c23
37943,36373,2,3,5,a66237217d716c23
48771,46315,2,3,6,a66237217d716c23
54835,51474,3,3,7,a66237217d716c23
61871,59830,3,3,8,a66237217d716c23
70310,68509,2,2,9,a66237217d716c23
75754,73224,3,3,10,a66237217d716c23
84946,82450,2,2,11,a66237217d716c23
95287,91755,2,2,12,a66237217d716c23
115528,99610,2,3,13,a66237217d716c23
121645,118312,3,3,14,a66237217d716c23
129907,123686,2,3,15,a66237217d716c23
133876,131249,3,3,16,a66237217d716c23
137419,134501,3,2,17,a66237217d716c23
142924,141120,2,2,18,a66237217d716c23
152861,150341,3,2,19,a66237217d716c23
161630,156809,3,2,20,a66237217d716c23
168517,166037,2,2,21,a66237217d716c23
3265,1,2,2,1,a68ee15d9071726e
7062,4643,2,2,2,a68ee15d9071726e
11570,7814,3,3,3,a68ee15d9071726e
15486,13230,2,2,4,a68ee15d9071726e
24067,21674,3,2,5,a68ee15d9071726e
36058,33362,2,2,6,a68ee15d9071726e
41862,39875,2,2,7,a68ee15d9071726e
45305,42997,2,2,8,a68ee15d9071726e
54782,49534,2,2,9,a68ee15d9071726e
60972,58193,3,3,10,a68ee15d9071726e
67419,64910,3,3,11,a68ee15d9071726e
72704,70507,2,3,12,a68ee15d9071726e
81619,78502,3,3,13,a68ee15d9071726e
92237,85137,3,2,14,a68ee15d9071726e
97169,94064,3,2,15,a68ee15d9071726e
104138,101784,2,2,16,a68ee15d9071726e
108838,106538,3,3,17,a68ee15d9071726e
119842,114935,3,2,18,a68ee15d9071726e
132194,127662,2,2,19,a68ee15d9071726e
143234,136440,3,3,20,a68ee15d9071726e
149814,147924,2,3,21,a68ee15d9071726e
159896,156884,3,3,22,a68ee15d9071726e
8973,5132,3,3,1,a7d25e8345edc7df
12240,10241,3,3,2,a7d25e8345edc7df
20597,17206,2,3,3,a7d25e8345edc7df
30649,25180,2,2,4,a7d25e8345edc7df
39127,34539,3,3,5,a7d25e8345edc7df
46824,43627,3,3,6,a7d25e8345edc7df
54069,51058,3,3,7,a7d25e8345edc7df
58192,55733,3,2,8,a7d25e8345edc7df
63259,60968,3,3,9,a7d25e8345edc7df
67200,65225,2,2,10,a7d25e8345edc7df
73962,72072,2,2,11,a7d25e8345edc7df
82888,80705,2,2,12,a7d25e8345edc7df
88598,84928,3,3,13,a7d25e8345edc7df
96081,93848,3,3,14,a7d25e8345edc7df
102626,100222,3,3,15,a7d25e8345edc7df
110286,105243,2,3,16,a7d25e8345edc7df
117655,115090,3,3,17,a7d25e8345edc7df
126583,119091,3,3,18,a7d25e8345edc7df
131640,129867,3,3,19,a7d25e8345edc7df
141361,136821,3,3,20,a7d25e8345edc7df
5880,2763,3,3,1,a88599dd16e02133
13124,8228,2,3,2,a88599dd16e02133
19453,14478,3,3,3,a88599dd16e02133
27616,24470,2,2,4,a88599dd16e02133
32430,29569,3,2,5,a88599dd16e02133
41895,37204,2,2,6,a88599dd16e02133
46658,43945,3,3,7,a88599dd16e02133
61068,55702,3,3,8,a88599dd16e02133
69501,65586,3,3,9,a88599dd16e02133
74630,71997,2,2,10,a88599dd16e02133
83313,79587,2,2,11,a88599dd16e02133
90928,87196,2,2,12,a88599dd16e02133
100912,97457,3,3,13,a88599dd16e02133
107595,104449,3,3,14,a88599dd16e02133
115536,111112,3,3,15,a88599dd16e02133
123437,116990,2,2,16,a88599dd16e02133
131762,124429,3,3,17,a88599dd16e02133
138789,132928,3,3,18,a88599dd16e02133
144958,141656,3,3,19,a88599dd16e02133
150039,147976,2,2,20,a88599dd16e02133
162203,156537,3,3,21,a88599dd16e02133
7341,4815,2,2,1,a89c662e78f8fec7
13188,9898,2,2,2,a89c662e78f8fec7
16978,14057,2,2,3,a89c662e78f8fec7
24948,20885,3,3,4,a89c662e78f8fec7
29828,27034,2,3,5,a89c662e78f8fec7
36897,33637,3,3,6,a89c662e78f8fec7
41687,38053,3,2,7,a89c662e78f8fec7
52931,47070,2,2,8,a89c662e78f8fec7
63806,57465,3,3,9,a89c662e78f8fec7
70750,67570,2,3,10,a89c662e78f8fec7
78719,76658,3,3,11,a89c662e78f8fec7
90886,84867,2,2,12,a89c662e78f8fec7
96525,93719,3,3,13,a89c662e78f8fec7
99492,97410,3,3,14,a89c662e78f8fec7
102964,100256,3,3,15,a89c662e78f8fec7
109587,107541,3,3,16,a89c662e78f8fec7
118089,114578,3,3,17,a89c662e78f8fec7
123972,121934,3,3,18,a89c662e78f8fec7
131099,128006,3,3,19,a89c662e78f8fec7
2173,1,3,3,1,a8c57cc52209161f
8324,6007,2,3,2,a8c57cc52209161f
19273,9697,3,3,3,a8c57cc52209161f
24821,22015,3,3,4,a8c57cc52209161f
34228,30975,2,2,5,a8c57cc52209161f
42784,38454,3,3,6,a8c57cc52209161f
46863,43605,3,2,7,a8c57cc52209161f
61439,55143,2,3,8,a8c57cc52209161f
65687,63289,2,2,9,a8c57cc52209161f
71830,69031,2,2,10,a8c57cc52209161f
79236,73526,3,2,11,a8c57cc52209161f
84404,81446,2,2,12,a8c57cc52209161f
108314,89472,2,3,13,a8c57cc52209161f
112164,109993,3,3,14,a8c57cc52209161f
121634,115815,2,2,15,a8c57cc52209161f
130313,126208,2,3,16,a8c57cc52209161f
142249,135168,3,3,17,a8c57cc52209161f
148026,143467,3,3,18,a8c57cc52209161f
155628,148799,3,2,19,a8c57cc52209161f
164701,161193,3,2,20,a8c57cc52209161f
175299,172301,2,2,21,a8c57cc52209161f
188589,182469,3,3,22,a8c57cc52209161f
196532,191029,3,3,23,a8c57cc52209161f
8158,1018,2,2,1,a9234141511a1532
12505,9791,2,2,2,a9234141511a1532
18672,13864,3,2,3,a9234141511a1532
28761,26311,3,3,4,a9234141511a1532
41084,35271,2,2,5,a9234141511a1532
49621,47604,3,3,6,a9234141511a1532
57586,55630,3,3,7,a9234141511a1532
66776,64590,3,3,8,a9234141511a1532
73772,71690,3,3,9,a9234141511a1532
85249,76376,3,3,10,a9234141511a1532
91311,87453,2,3,11,a9234141511a1532
95102,93078,3,3,12,a9234141511a1532
115529,102910,2,2,13,a9234141511a1532
124347,117686,3,2,14,a9234141511a1532
128046,124474,2,2,15,a9234141511a1532
133940,131883,3,2,16,a9234141511a1532
141075,139082,2,2,17,a9234141511a1532
6259,4193,3,2,1,a983677928260a67
10900,9042,3,2,2,a983677928260a67
24154,15287,3,2,3,a983677928260a67
32846,28583,2,2,4,a983677928260a67
41206,39220,3,3,5,a983677928260a67
45801,43438,3,3,6,a983677928260a67
52170,47373,3,3,7,a983677928260a67
57431,53444,2,2,8,a983677928260a67
65729,62777,3,3,9,a983677928260a67
75760,71865,3,2,10,a983677928260a67
82161,79471,3,3,11,a983677928260a67
88092,86028,2,2,12,a983677928260a67
94584,90825,2,3,13,a983677928260a67
101358,97300,3,3,14,a983677928260a67
107610,102186,2,3,15,a983677928260a67
111896,109966,3,3,16,a983677928260a67
119085,115651,2,2,17,a983677928260a67
124931,120854,2,2,18,a983677928260a67
134638,130569,2,2,19,a983677928260a67
147265,141090,3,3,20,a983677928260a67
154012,151963,2,2,21,a983677928260a67
164837,158710,2,2,22,a983677928260a67
170514,166178,2,2,23,a983677928260a67
179066,174207,2,3,24,a983677928260a67
9846,6791,3,2,1,a9cecce61970ac6f
15957,13613,3,3,2,a9cecce61970ac6f
27000,23612,3,3,3,a9cecce61970ac6f
33468,31080,3,3,4,a9cecce61970ac6f
42722,39154,3,2,5,a9cecce61970ac6f
51372,47990,2,2,6,a9cecce61970ac6f
55309,53279,2,2,7,a9cecce61970ac6f
63742,59636,2,2,8,a9cecce61970ac6f
70004,67965,3,3,9,a9cecce61970ac6f
79924,76530,2,2,10,a9cecce61970ac6f
90600,87486,3,3,11,a9cecce61970ac6f
93869,91820,3,3,12,a9cecce61970ac6f
101006,98543,3,3,13,a9cecce61970ac6f
108814,105996,2,3,14,a9cecce61970ac6f
117845,111075,3,3,15,a9cecce61970ac6f
126174,122434,3,3,16,a9cecce61970ac6f
135764,132064,2,2,17,a9cecce61970ac6f
151973,139653,3,2,18,a9cecce61970ac6f
164534,156985,2,2,19,a9cecce61970ac6f
168998,165428,3,3,20,a9cecce61970ac6f
177674,172418,2,3,21,a9cecce61970ac6f
184421,180454,2,3,22,a9cecce61970ac6f
4468,84,2,2,1,aa599af01adace51
12277,9497,2,2,2,aa599af01adace51
24472,20696,2,2,3,aa599af01adace51
30787,28797,3,3,4,aa599af01adace51
44260,37757,2,2,5,aa599af01adace51
50801,48252,3,3,6,aa599af01adace51
58224,56185,3,3,7,aa599af01adace51
71134,65145,3,2,8,aa599af01adace51
79235,76949,2,2,9,aa599af01adace51
88022,85700,2,2,10,aa599af01adace51
95741,93631,2,2,11,aa599af01adace51
105075,102341,3,2,12,aa599af01adace51
114255,109841,2,2,13,aa599af01adace51
119061,117444,3,3,14,aa599af01adace51
128089,125313,3,3,15,aa599af01adace51
134664,132636,3,3,16,aa599af01adace51
140007,137340,3,2,17,aa599af01adace51
148463,146445,3,3,18,aa599af01adace51
12386,9342,3,3,1,aa887fec86d43964
21897,15455,3,3,2,aa887fec86d43964
25685,23263,2,2,3,aa887fec86d43964
31358,27415,3,3,4,aa887fec86d43964
40409,36024,3,2,5,aa887fec86d43964
48339,45776,3,2,6,aa887fec86d43964
61819,56781,3,3,7,aa887fec86d43964
69048,64194,3,2,8,aa887fec86d43964
77216,75100,3,2,9,aa887fec86d43964
84789,81822,2,2,10,aa887fec86d43964
107623,87677,3,2,11,aa887fec86d43964
120530,113622,2,2,12,aa887fec86d43964
127887,123214,3,2,13,aa887fec86d43964
138035,129254,3,2,14,aa887fec86d43964
142329,138641,2,2,15,aa887fec86d43964
150646,145681,3,3,16,aa887fec86d43964
156746,154127,3,3,17,aa887fec86d43964
165947,163087,3,3,18,aa887fec86d43964
173638,169812,3,3,19,aa887fec86d43964
178616,175878,3,3,20,aa887fec86d43964
11005,364,2,2,1,aae5c8235df84555
18224,14816,2,2,2,aae5c8235df84555
26487,22237,3,2,3,aae5c8235df84555
31054,28538,3,2,4,aae5c8235df84555
38009,34904,2,2,5,aae5c8235df84555
55230,50325,3,3,6,aae5c8235df84555
66027,59413,3,2,7,aae5c8235df84555
73693,70746,2,2,8,aae5c8235df84555
81965,77603,3,3,9,aae5c8235df84555
88032,85597,2,2,10,aae5c8235df84555
103162,97796,3,2,11,aae5c8235df84555
112909,107195,2,3,12,aae5c8235df84555
129608,115100,3,3,13,aae5c8235df84555
137553,133393,3,3,14,aae5c8235df84555
144220,138640,2,3,15,aae5c8235df84555
150995,146780,2,3,16,aae5c8235df84555
2256,1,2,3,1,ab52e6a5dfd130ec
12588,6043,3,3,2,ab52e6a5dfd130ec
18736,15124,3,3,3,ab52e6a5dfd130ec
22551,20426,3,3,4,ab52e6a5dfd130ec
32468,29373,3,3,5,ab52e6a5dfd130ec
38841,36136,3,3,6,ab52e6a5dfd130ec
49324,44842,3,3,7,ab52e6a5dfd130ec
56391,52648,3,3,8,ab52e6a5dfd130ec
65562,62104,3,3,9,ab52e6a5dfd130ec
75436,69347,3,3,10,ab52e6a5dfd130ec
79689,76270,3,3,11,ab52e6a5dfd130ec
83101,80945,3,3,12,ab52e6a5dfd130ec
96429,89519,2,2,13,ab52e6a5dfd130ec
2416,1,3,3,1,ac043a7b8a12fa2c
9866,6126,2,2,2,ac043a7b8a12fa2c
16398,13529,3,2,3,ac043a7b8a12fa2c
24028,20472,2,2,4,ac043a7b8a12fa2c
32590,30464,2,2,5,ac043a7b8a12fa2c
43979,39823,2,3,6,ac043a7b8a12fa2c
51034,47831,3,2,7,ac043a7b8a12fa2c
59173,56847,2,3,8,ac043a7b8a12fa2c
71224,68320,3,3,9,ac043a7b8a12fa2c
81382,77280,3,3,10,ac043a7b8a12fa2c
88935,86240,3,3,11,ac043a7b8a12fa2c
98120,95714,3,3,12,ac043a7b8a12fa2c
120769,100154,3,3,13,ac043a7b8a12fa2c
130299,127110,3,3,14,ac043a7b8a12fa2c
133471,131156,3,3,15,ac043a7b8a12fa2c
161390,135165,2,3,16,ac043a7b8a12fa2c
1466,1,2,3,1,ac6924b5f306b714
5974,2594,3,3,2,ac6924b5f306b714
10864,8969,2,2,3,ac6924b5f306b714
19095,15973,3,3,4,ac6924b5f306b714
25218,23220,2,2,5,ac6924b5f306b714
35529,30752,2,2,6,ac6924b5f306b714
45132,42018,2,2,7,ac6924b5f306b714
55686,51177,2,2,8,ac6924b5f306b714
64966,62639,3,2,9,ac6924b5f306b714
74293,68645,3,3,10,ac6924b5f306b714
78045,76097,3,2,11,ac6924b5f306b714
86751,84525,2,3,12,ac6924b5f306b714
97166,94456,3,3,13,ac6924b5f306b714
101489,99513,2,3,14,ac6924b5f306b714
107406,105136,3,3,15,ac6924b5f306b714
110617,108117,3,2,16,ac6924b5f306b714
116561,113116,3,2,17,ac6924b5f306b714
123412,120740,2,3,18,ac6924b5f306b714
131403,127993,3,3,19,ac6924b5f306b714
140261,136696,3,2,20,ac6924b5f306b714
150151,147078,2,3,21,ac6924b5f306b714
2650,82,3,3,1,acba6c83282fbc01
6334,3591,3,3,2,acba6c83282fbc01
12234,9546,3,2,3,acba6c83282fbc01
26929,20862,3,3,4,acba6c83282fbc01
32613,28689,3,3,5,acba6c83282fbc01
42006,35883,2,3,6,acba6c83282fbc01
46440,43486,3,3,7,acba6c83282fbc01
49973,47259,2,2,8,acba6c83282fbc01
65490,60183,3,3,9,acba6c83282fbc01
75649,69143,2,2,10,acba6c83282fbc01
81785,78759,2,3,11,acba6c83282fbc01
92961,87719,3,3,12,acba6c83282fbc01
98493,95373,3,2,13,acba6c83282fbc01
105222,101514,2,2,14,acba6c83282fbc01
115699,109001,2,2,15,acba6c83282fbc01
120986,118522,2,2,16,acba6c83282fbc01
9751,1018,3,3,1,acdd50f6a2aae573
12439,10595,3,3,2,acdd50f6a2aae573
18499,16318,2,2,3,acdd50f6a2aae573
27729,24479,3,3,4,acdd50f6a2aae573
33493,30175,3,3,5,acdd50f6a2aae573
38519,36201,2,2,6,acdd50f6a2aae573
49608,46380,2,3,7,acdd50f6a2aae573
55934,52866,3,3,8,acdd50f6a2aae573
65324,60779,3,3,9,acdd50f6a2aae573
72304,69739,3,3,10,acdd50f6a2aae573
78970,76792,2,2,11,acdd50f6a2aae573
84023,80973,3,3,12,acdd50f6a2aae573
105631,90094,3,3,13,acdd50f6a2aae573
114047,107557,3,3,14,acdd50f6a2aae573
117884,115602,3,2,15,acdd50f6a2aae573
130485,124633,3,3,16,acdd50f6a2aae573
136231,133976,3,2,17,acdd50f6a2aae573
141471,139005,2,2,18,acdd50f6a2aae573
146553,143559,2,2,19,acdd50f6a2aae573
7482,5208,3,3,1,ad357f012bd8bbdf
13605,10457,3,3,2,ad357f012bd8bbdf
16970,14639,3,3,3,ad357f012bd8bbdf
29607,20617,3,2,4,ad357f012bd8bbdf
38238,35429,2,2,5,ad357f012bd8bbdf
46447,43103,3,2,6,ad357f012bd8bbdf
54398,51932,3,2,7,ad357f012bd8bbdf
69251,63297,3,3,8,ad357f012bd8bbdf
75538,72257,3,3,9,ad357f012bd8bbdf
83750,81217,3,3,10,ad357f012bd8bbdf
95173,90177,2,3,11,ad357f012bd8bbdf
156012,98635,3,2,12,ad357f012bd8bbdf
164087,160128,3,3,13,ad357f012bd8bbdf
169274,166426,3,3,14,ad357f012bd8bbdf
177950,173675,3,3,15,ad357f012bd8bbdf
187346,183594,3,3,16,ad357f012bd8bbdf
198817,194556,3,3,17,ad357f012bd8bbdf
205013,202245,2,3,18,ad357f012bd8bbdf
215389,208471,2,2,19,ad357f012bd8bbdf
223589,220170,3,3,20,ad357f012bd8bbdf
231408,227649,3,3,21,ad357f012bd8bbdf
1498,1,2,2,1,ad8782671307c111
8779,6395,3,2,4,ad8782671307c111
13436,11275,2,2,5,ad8782671307c111
18435,15400,2,2,6,ad8782671307c111
27918,25723,2,2,7,ad8782671307c111
34578,32030,2,2,8,ad8782671307c111
42384,38649,3,2,9,ad8782671307c111
51582,48774,3,2,10,ad8782671307c111
55637,53466,3,3,11,ad8782671307c111
63368,60196,3,2,12,ad8782671307c111
69082,66113,3,2,13,ad8782671307c111
78236,76284,3,2,14,ad8782671307c111
86823,84351,3,2,15,ad8782671307c111
98106,95223,3,3,16,ad8782671307c111
103624,101371,3,3,17,ad8782671307c111
4226,73,3,3,1,ada217437d56b8a2
11217,4989,3,3,2,ada217437d56b8a2
14349,12300,3,3,3,ada217437d56b8a2
21627,18536,3,3,4,ada217437d56b8a2
26301,22428,3,3,5,ada217437d56b8a2
33775,31011,3,3,6,ada217437d56b8a2
40260,35804,2,2,7,ada217437d56b8a2
45478,43817,2,2,8,ada217437d56b8a2
56618,54115,3,3,9,ada217437d56b8a2
65957,64449,2,2,10,ada217437d56b8a2
73890,71370,3,3,11,ada217437d56b8a2
79958,78385,3,3,12,ada217437d56b8a2
91653,86766,3,2,13,ada217437d56b8a2
99529,93931,2,2,14,ada217437d56b8a2
107347,100299,2,2,15,ada217437d56b8a2
116062,109072,2,2,16,ada217437d56b8a2
4426,215,3,3,1,adc3c3f727baba0d
8462,5139,3,2,2,adc3c3f727baba0d
17141,11471,2,2,3,adc3c3f727baba0d
61344,20968,2,2,4,adc3c3f727baba0d
67930,65382,3,3,5,adc3c3f727baba0d
73795,69569,2,2,6,adc3c3f727baba0d
81378,77985,2,2,7,adc3c3f727baba0d
89326,86945,3,2,8,adc3c3f727baba0d
99003,96397,3,3,9,adc3c3f727baba0d
107554,105357,3,3,10,adc3c3f727baba0d
115416,112676,3,3,11,adc3c3f727baba0d
118347,116262,3,3,12,adc3c3f727baba0d
125974,123108,2,2,13,adc3c3f727baba0d
134864,130256,2,2,14,adc3c3f727baba0d
137958,135646,3,3,15,adc3c3f727baba0d
149265,144159,3,3,16,adc3c3f727baba0d
155122,152436,3,3,17,adc3c3f727baba0d
158648,155646,2,2,18,adc3c3f727baba0d
168306,165832,2,2,19,adc3c3f727baba0d
177939,174657,2,3,20,adc3c3f727baba0d
186173,183617,2,3,21,adc3c3f727baba0d
193935,190983,2,3,22,adc3c3f727baba0d
205356,202556,3,2,23,adc3c3f727baba0d
210814,208877,2,3,24,adc3c3f727baba0d
3533,1,3,2,1,addeab3e73dfac5
9935,4790,2,2,2,addeab3e73dfac5
19714,15983,2,2,3,addeab3e73dfac5
28506,22933,3,2,4,addeab3e73dfac5
32740,30375,3,3,5,addeab3e73dfac5
43981,40866,2,3,6,addeab3e73dfac5
52215,48143,3,3,7,addeab3e73dfac5
59471,55791,2,2,8,addeab3e73dfac5
64429,61831,2,2,9,addeab3e73dfac5
74650,68877,2,2,10,addeab3e73dfac5
80304,78274,2,3,11,addeab3e73dfac5
89302,87234,2,2,12,addeab3e73dfac5
126272,96687,2,2,13,addeab3e73dfac5
134737,128451,2,2,14,addeab3e73dfac5
143897,138650,2,2,15,addeab3e73dfac5
150189,146007,2,3,16,addeab3e73dfac5
159270,152211,2,2,17,addeab3e73dfac5
165898,161037,2,2,18,addeab3e73dfac5
175131,171018,2,2,19,addeab3e73dfac5
182050,176740,3,3,20,addeab3e73dfac5
185002,183060,3,3,21,addeab3e73dfac5
198781,193640,3,3,22,addeab3e73dfac5
202369,199508,3,3,23,addeab3e73dfac5
2738,1,2,3,1,aefbb00921cba058
8738,6532,2,2,2,aefbb00921cba058
13606,10612,3,2,3,aefbb00921cba058
26173,21249,2,2,4,aefbb00921cba058
30794,28174,2,2,5,aefbb00921cba058
38985,36914,3,3,6,aefbb00921cba058
50813,45874,3,3,7,aefbb00921cba058
62822,58156,2,3,8,aefbb00921cba058
68731,65354,3,3,9,aefbb00921cba058
72278,69681,2,2,10,aefbb00921cba058
82616,80394,3,3,11,aefbb00921cba058
89694,85060,3,3,12,aefbb00921cba058
96615,93318,3,2,13,aefbb00921cba058
103994,99902,3,2,14,aefbb00921cba058
112771,108064,2,2,15,aefbb00921cba058
119282,116541,3,3,16,aefbb00921cba058
129447,125637,3,2,17,aefbb00921cba058
137337,132572,3,2,18,aefbb00921cba058
147352,140846,3,3,19,aefbb00921cba058
156844,152444,2,2,20,aefbb00921cba058
12049,7101,3,2,1,af3138c4f9478cad
20699,16853,2,2,2,af3138c4f9478cad
30633,23945,2,2,3,af3138c4f9478cad
34541,32403,3,2,4,af3138c4f9478cad
45768,41697,2,3,5,af3138c4f9478cad
51935,49950,3,2,6,af3138c4f9478cad
60516,57925,3,3,7,af3138c4f9478cad
71692,67248,3,3,8,af3138c4f9478cad
79970,76336,3,3,9,af3138c4f9478cad
86773,84482,3,2,10,af3138c4f9478cad
93940,91734,2,3,11,af3138c4f9478cad
100777,97334,3,3,12,af3138c4f9478cad
106898,102742,2,3,13,af3138c4f9478cad
111666,108502,3,3,14,af3138c4f9478cad
117544,114148,2,3,15,af3138c4f9478cad
124021,120407,3,3,16,af3138c4f9478cad
131091,128644,2,2,17,af3138c4f9478cad
138618,135418,2,2,18,af3138c4f9478cad
145341,142111,2,2,19,af3138c4f9478cad
151202,145970,3,3,20,af3138c4f9478cad
163524,157871,2,3,21,af3138c4f9478cad
171778,167081,3,3,22,af3138c4f9478cad
3218,1,2,2,1,af3251a6ae94e0c
8518,6090,2,2,2,af3251a6ae94e0c
14911,12216,2,2,3,af3251a6ae94e0c
22030,19732,2,2,4,af3251a6ae94e0c
35655,32265,2,2,5,af3251a6ae94e0c
43818,39429,3,3,6,af3251a6ae94e0c
51363,48451,3,3,7,af3251a6ae94e0c
56364,53771,3,2,8,af3251a6ae94e0c
63239,61243,3,3,9,af3251a6ae94e0c
72193,69185,3,3,10,af3251a6ae94e0c
77897,75661,3,3,11,af3251a6ae94e0c
81178,79057,3,3,12,af3251a6ae94e0c
91609,87685,3,3,13,af3251a6ae94e0c
97226,92649,3,3,14,af3251a6ae94e0c
100752,98477,2,2,15,af3251a6ae94e0c
105962,104046,3,3,16,af3251a6ae94e0c
114607,111956,2,2,17,af3251a6ae94e0c
122217,120266,2,2,18,af3251a6ae94e0c
130562,127823,3,3,19,af3251a6ae94e0c
142255,139495,2,2,20,af3251a6ae94e0c
150580,146274,3,2,21,af3251a6ae94e0c
158374,154062,2,2,22,af3251a6ae94e0c
165083,159024,3,3,23,af3251a6ae94e0c
171684,168112,3,3,24,af3251a6ae94e0c
184485,179617,2,2,25,af3251a6ae94e0c
192011,189890,3,3,26,af3251a6ae94e0c
196298,193874,2,2,27,af3251a6ae94e0c
202954,200188,3,3,28,af3251a6ae94e0c
213721,210157,2,2,29,af3251a6ae94e0c
223880,217730,3,2,30,af3251a6ae94e0c
235768,228135,3,2,31,af3251a6ae94e0c
240569,238316,2,2,32,af3251a6ae94e0c
250690,247890,3,2,33,af3251a6ae94e0c
260349,255736,3,2,34,af3251a6ae94e0c
266045,263691,2,2,35,af3251a6ae94e0c
272658,269915,3,2,36,af3251a6ae94e0c
281595,279192,2,2,37,af3251a6ae94e0c
291610,289707,2,2,38,af3251a6ae94e0c
296365,293381,2,3,39,af3251a6ae94e0c
304986,302541,2,2,40,af3251a6ae94e0c
316768,312892,3,2,41,af3251a6ae94e0c
323191,321227,2,2,42,af3251a6ae94e0c
8779,4190,3,3,1,af5c94a9b9b4b6ef
13628,10049,3,3,2,af5c94a9b9b4b6ef
19953,17865,3,3,3,af5c94a9b9b4b6ef
28397,26055,3,3,4,af5c94a9b9b4b6ef
32057,29562,3,3,5,af5c94a9b9b4b6ef
39412,37384,3,3,6,af5c94a9b9b4b6ef
47761,45340,2,2,7,af5c94a9b9b4b6ef
54099,51919,3,3,8,af5c94a9b9b4b6ef
62508,58624,3,3,9,af5c94a9b9b4b6ef
70195,67543,2,3,10,af5c94a9b9b4b6ef
78366,76009,3,3,11,af5c94a9b9b4b6ef
84185,80745,2,3,12,af5c94a9b9b4b6ef
95305,92194,3,3,13,af5c94a9b9b4b6ef
103216,100608,3,3,14,af5c94a9b9b4b6ef
109233,105379,3,3,15,af5c94a9b9b4b6ef
114721,112202,2,2,16,af5c94a9b9b4b6ef
128217,121434,2,2,17,af5c94a9b9b4b6ef
1235,1,2,2,1,afc98ee350d6d138
8932,4413,3,2,2,afc98ee350d6d138
16427,11175,2,2,3,afc98ee350d6d138
24025,19893,3,3,4,afc98ee350d6d138
30060,26958,3,3,5,afc98ee350d6d138
38474,36046,3,3,6,afc98ee350d6d138
42586,39566,2,3,7,afc98ee350d6d138
50756,46015,3,3,8,afc98ee350d6d138
62257,57881,3,2,9,afc98ee350d6d138
73703,67573,3,3,10,afc98ee350d6d138
82340,74956,2,2,11,afc98ee350d6d138
85657,83665,2,3,12,afc98ee350d6d138
100165,95580,3,3,13,afc98ee350d6d138
107959,103371,3,3,14,afc98ee350d6d138
111738,108656,3,3,15,afc98ee350d6d138
121658,117744,3,3,16,afc98ee350d6d138
133955,126832,2,2,17,afc98ee350d6d138
139795,137645,2,3,18,afc98ee350d6d138
152588,148509,2,2,19,afc98ee350d6d138
163335,160037,2,2,20,afc98ee350d6d138
174091,168786,2,2,21,afc98ee350d6d138
181485,178471,2,2,22,afc98ee350d6d138
192162,187640,2,2,23,afc98ee350d6d138
2893,113,3,3,1,b0c63ae71f799073
8871,6266,3,3,2,b0c63ae71f799073
22709,11405,3,3,3,b0c63ae71f799073
27057,23141,2,3,4,b0c63ae71f799073
34902,31421,3,2,5,b0c63ae71f799073
41010,38911,3,3,6,b0c63ae71f799073
53568,49046,3,3,7,b0c63ae71f799073
56998,54935,2,3,8,b0c63ae71f799073
65035,62444,3,3,9,b0c63ae71f799073
72609,68749,3,3,10,b0c63ae71f799073
80902,75981,3,2,11,b0c63ae71f799073
90705,82218,3,2,12,b0c63ae71f799073
97169,94593,3,3,13,b0c63ae71f799073
103126,100503,2,2,14,b0c63ae71f799073
110637,107103,2,2,15,b0c63ae71f799073
118351,112513,3,3,16,b0c63ae71f799073
125990,121020,2,2,17,b0c63ae71f799073
131237,128663,2,2,18,b0c63ae71f799073
2772,110,3,3,1,b15a8fb7d3089279
6662,3916,2,2,2,b15a8fb7d3089279
22802,19316,2,2,3,b15a8fb7d3089279
34863,28843,3,2,4,b15a8fb7d3089279
39022,36254,3,3,5,b15a8fb7d3089279
50110,44803,2,3,6,b15a8fb7d3089279
56419,53244,3,3,7,b15a8fb7d3089279
63736,59004,2,2,8,b15a8fb7d3089279
72938,68899,3,3,9,b15a8fb7d3089279
80435,76560,3,3,10,b15a8fb7d3089279
83807,81356,3,2,11,b15a8fb7d3089279
90578,88351,2,3,12,b15a8fb7d3089279
102421,99486,2,2,13,b15a8fb7d3089279
113488,106547,2,2,14,b15a8fb7d3089279
120378,117065,2,2,15,b15a8fb7d3089279
124545,122203,2,2,16,b15a8fb7d3089279
133304,130453,2,2,17,b15a8fb7d3089279
141931,139868,3,2,18,b15a8fb7d3089279
960,1,2,2,1,b1885df0ee45aa54
8319,5064,3,2,2,b1885df0ee45aa54
15405,13251,3,2,3,b1885df0ee45aa54
27478,21950,3,3,4,b1885df0ee45aa54
32906,31315,2,2,5,b1885df0ee45aa54
40324,37987,2,2,6,b1885df0ee45aa54
47573,44040,2,2,7,b1885df0ee45aa54
54628,51379,2,3,8,b1885df0ee45aa54
62396,60467,2,2,9,b1885df0ee45aa54
73251,68224,2,3,10,b1885df0ee45aa54
78646,76390,3,2,11,b1885df0ee45aa54
91640,86760,2,2,12,b1885df0ee45aa54
98562,95944,3,3,13,b1885df0ee45aa54
104367,101719,3,3,14,b1885df0ee45aa54
108400,106555,3,3,15,b1885df0ee45aa54
115686,113105,2,2,16,b1885df0ee45aa54
122738,118929,3,3,17,b1885df0ee45aa54
2028,1,3,3,1,b1b5c3d3ff0eebcf
10505,3786,3,3,2,b1b5c3d3ff0eebcf
14261,11840,3,3,3,b1b5c3d3ff0eebcf
19344,17164,3,3,4,b1b5c3d3ff0eebcf
27594,22911,2,3,5,b1b5c3d3ff0eebcf
35604,31999,3,3,6,b1b5c3d3ff0eebcf
42234,39604,3,3,7,b1b5c3d3ff0eebcf
48862,45846,2,2,8,b1b5c3d3ff0eebcf
55986,53172,3,2,9,b1b5c3d3ff0eebcf
64044,60548,3,3,10,b1b5c3d3ff0eebcf
75189,70106,2,2,11,b1b5c3d3ff0eebcf
84015,78835,3,2,12,b1b5c3d3ff0eebcf
92173,89077,3,2,13,b1b5c3d3ff0eebcf
103022,95983,3,2,14,b1b5c3d3ff0eebcf
110286,106516,2,2,15,b1b5c3d3ff0eebcf
116557,114257,3,3,16,b1b5c3d3ff0eebcf
123046,120744,3,3,17,b1b5c3d3ff0eebcf
134822,129665,2,3,18,b1b5c3d3ff0eebcf
142502,137366,2,2,19,b1b5c3d3ff0eebcf
147046,144892,3,2,20,b1b5c3d3ff0eebcf
6514,4061,3,2,1,b2e61c050ce18062
13658,10232,2,2,2,b2e61c050ce18062
20670,18596,3,3,3,b2e61c050ce18062
28576,26438,3,3,4,b2e61c050ce18062
38052,34835,3,3,5,b2e61c050ce18062
42426,39035,2,2,6,b2e61c050ce18062
50002,46201,3,3,7,b2e61c050ce18062
54159,51862,3,2,8,b2e61c050ce18062
63202,61211,3,3,9,b2e61c050ce18062
69408,67374,2,3,10,b2e61c050ce18062
77042,73230,2,3,11,b2e61c050ce18062
85081,81032,3,3,12,b2e61c050ce18062
94094,90877,3,2,13,b2e61c050ce18062
99374,96610,2,2,14,b2e61c050ce18062
105067,103005,3,2,15,b2e61c050ce18062
123661,111024,3,3,16,b2e61c050ce18062
129096,126610,3,2,17,b2e61c050ce18062
136203,134003,2,2,18,b2e61c050ce18062
3021,110,3,2,1,b3764366fb185cc0
9377,6469,2,2,2,b3764366fb185cc0
13854,10453,3,2,3,b3764366fb185cc0
18984,16282,2,2,4,b3764366fb185cc0
30703,24548,3,3,5,b3764366fb185cc0
34761,32800,2,2,6,b3764366fb185cc0
41396,38896,2,2,7,b3764366fb185cc0
46903,44299,2,3,8,b3764366fb185cc0
55761,53020,2,2,9,b3764366fb185cc0
64107,61978,2,2,10,b3764366fb185cc0
69552,67297,3,2,11,b3764366fb185cc0
76703,72548,3,3,12,b3764366fb185cc0
83409,81038,3,3,13,b3764366fb185cc0
88559,84637,3,3,14,b3764366fb185cc0
92239,90308,3,3,15,b3764366fb185cc0
101311,98348,2,3,16,b3764366fb185cc0
4983,1688,3,2,1,b44ef1aa8056e245
10944,7644,3,3,2,b44ef1aa8056e245
17057,13979,2,3,3,b44ef1aa8056e245
28887,20420,3,3,4,b44ef1aa8056e245
36940,29721,2,2,5,b44ef1aa8056e245
43287,41047,2,2,6,b44ef1aa8056e245
52900,48771,3,3,7,b44ef1aa8056e245
61544,56956,3,3,8,b44ef1aa8056e245
69650,64700,3,3,9,b44ef1aa8056e245
74061,70974,2,2,10,b44ef1aa8056e245
80018,78015,3,3,11,b44ef1aa8056e245
90790,84488,3,3,12,b44ef1aa8056e245
98055,94735,2,2,13,b44ef1aa8056e245
107329,99631,2,2,14,b44ef1aa8056e245
116941,111046,3,2,15,b44ef1aa8056e245
120725,118313,3,3,16,b44ef1aa8056e245
134423,127401,2,2,17,b44ef1aa8056e245
140219,138136,3,3,18,b44ef1aa8056e245
144256,141938,3,3,19,b44ef1aa8056e245
150607,148797,3,3,20,b44ef1aa8056e245
163609,161010,3,3,21,b44ef1aa8056e245
172139,167633,3,2,22,b44ef1aa8056e245
8519,6411,3,3,1,b4afa53cf1a69b90
14929,10475,3,3,2,b4afa53cf1a69b90
20534,18107,3,2,3,b4afa53cf1a69b90
31597,29013,2,2,4,b4afa53cf1a69b90
39282,36247,2,2,5,b4afa53cf1a69b90
47399,44361,3,3,6,b4afa53cf1a69b90
58020,53449,2,2,7,b4afa53cf1a69b90
64683,61792,3,3,8,b4afa53cf1a69b90
72055,69816,3,3,9,b4afa53cf1a69b90
81087,78904,3,3,10,b4afa53cf1a69b90
91073,88579,2,3,11,b4afa53cf1a69b90
98028,95749,3,3,12,b4afa53cf1a69b90
106128,101979,3,3,13,b4afa53cf1a69b90
116590,111483,3,3,14,b4afa53cf1a69b90
122769,118403,3,3,15,b4afa53cf1a69b90
130350,126151,3,2,16,b4afa53cf1a69b90
136881,134469,3,3,17,b4afa53cf1a69b90
142581,139748,2,2,18,b4afa53cf1a69b90
149267,146733,2,2,19,b4afa53cf1a69b90
158447,155859,3,2,20,b4afa53cf1a69b90
168864,163502,3,3,21,b4afa53cf1a69b90
176600,173461,3,2,22,b4afa53cf1a69b90
4546,90,2,3,1,b5301a91dbc59f81
8820,6479,2,2,2,b5301a91dbc59f81
14037,10581,2,2,3,b5301a91dbc59f81
17766,15635,3,3,4,b5301a91dbc59f81
21474,19510,2,2,5,b5301a91dbc59f81
31300,29773,2,2,6,b5301a91dbc59f81
38162,35407,2,2,7,b5301a91dbc59f81
42675,40126,2,2,8,b5301a91dbc59f81
51912,49252,3,2,9,b5301a91dbc59f81
58347,56005,3,3,10,b5301a91dbc59f81
65079,59901,2,2,11,b5301a91dbc59f81
71226,69699,2,2,12,b5301a91dbc59f81
83566,81082,3,3,13,b5301a91dbc59f81
88963,85277,3,3,14,b5301a91dbc59f81
94294,92274,3,3,15,b5301a91dbc59f81
98607,97095,3,2,16,b5301a91dbc59f81
107046,105198,3,2,17,b5301a91dbc59f81
119853,115103,3,2,18,b5301a91dbc59f81
125819,124223,2,2,19,b5301a91dbc59f81
137061,132691,3,2,20,b5301a91dbc59f81
146160,140950,3,3,21,b5301a91dbc59f81
5854,1018,3,3,1,b58fc86e8bbedede
11942,9237,3,3,2,b58fc86e8bbedede
19153,15312,3,3,3,b58fc86e8bbedede
24574,22333,3,3,4,b58fc86e8bbedede
32589,30156,3,3,5,b58fc86e8bbedede
38173,36151,3,3,6,b58fc86e8bbedede
45934,43670,2,3,7,b58fc86e8bbedede
53535,49930,3,2,8,b58fc86e8bbedede
62267,57147,3,3,9,b58fc86e8bbedede
65592,62907,2,3,10,b58fc86e8bbedede
76575,74088,2,3,11,b58fc86e8bbedede
81591,79156,3,3,12,b58fc86e8bbedede
101537,89523,2,2,13,b58fc86e8bbedede
112006,107349,2,2,14,b58fc86e8bbedede
389,1,2,3,1,b59f58438a50d50a
7720,4476,2,2,3,b59f58438a50d50a
12012,9958,2,2,4,b59f58438a50d50a
15531,13365,2,2,5,b59f58438a50d50a
28382,20421,3,2,6,b59f58438a50d50a
40387,35756,3,2,7,b59f58438a50d50a
46913,41740,2,2,8,b59f58438a50d50a
51494,48286,2,2,9,b59f58438a50d50a
63677,57283,2,2,10,b59f58438a50d50a
76974,73587,2,2,11,b59f58438a50d50a
81750,79257,2,2,12,b59f58438a50d50a
87600,85397,3,3,13,b59f58438a50d50a
93080,91144,2,2,14,b59f58438a50d50a
100639,97729,3,3,15,b59f58438a50d50a
108124,104512,3,3,16,b59f58438a50d50a
6528,3072,2,2,1,b61c9a50a50ac1af
11415,8587,2,2,2,b61c9a50a50ac1af
15048,11939,3,3,3,b61c9a50a50ac1af
24165,18726,2,2,4,b61c9a50a50ac1af
36989,27416,3,2,5,b61c9a50a50ac1af
41503,37654,3,3,6,b61c9a50a50ac1af
49445,45818,2,2,7,b61c9a50a50ac1af
60448,54048,2,2,8,b61c9a50a50ac1af
67819,64814,2,2,9,b61c9a50a50ac1af
75682,73152,2,2,10,b61c9a50a50ac1af
85382,82044,2,2,11,b61c9a50a50ac1af
92558,89860,2,2,12,b61c9a50a50ac1af
111351,98584,3,3,13,b61c9a50a50ac1af
116499,114032,2,2,14,b61c9a50a50ac1af
124090,122233,2,2,15,b61c9a50a50ac1af
136289,132955,2,3,16,b61c9a50a50ac1af
141715,139341,2,2,17,b61c9a50a50ac1af
152810,148429,3,3,18,b61c9a50a50ac1af
20675,14337,2,2,1,b63b5a56035dc118
25376,22440,2,2,2,b63b5a56035dc118
30788,29096,3,2,3,b63b5a56035dc118
44953,42641,3,3,4,b63b5a56035dc118
52535,48652,3,3,5,b63b5a56035dc118
62411,55453,2,2,6,b63b5a56035dc118
69552,66397,2,2,7,b63b5a56035dc118
79667,76932,3,2,8,b63b5a56035dc118
84598,82145,3,3,9,b63b5a56035dc118
89995,88315,3,2,10,b63b5a56035dc118
112693,110605,2,2,11,b63b5a56035dc118
119758,117274,3,3,12,b63b5a56035dc118
142071,123869,3,3,13,b63b5a56035dc118
150155,147094,3,3,14,b63b5a56035dc118
154896,152534,2,2,15,b63b5a56035dc118
183474,177347,3,2,16,b63b5a56035dc118
188692,186443,2,2,17,b63b5a56035dc118
192210,190039,3,2,18,b63b5a56035dc118
198776,196686,3,2,19,b63b5a56035dc118
207770,204184,3,3,20,b63b5a56035dc118
215308,209716,3,3,21,b63b5a56035dc118
218789,216738,3,3,22,b63b5a56035dc118
6853,4544,2,3,1,b68f1042be97f620
11968,8420,3,3,2,b68f1042be97f620
18639,16109,3,3,3,b68f1042be97f620
25373,23193,3,3,4,b68f1042be97f620
34764,32569,2,2,5,b68f1042be97f620
39968,38050,2,2,6,b68f1042be97f620
48909,45085,2,2,7,b68f1042be97f620
51816,49822,3,3,8,b68f1042be97f620
60918,55110,3,3,9,b68f1042be97f620
66743,63571,2,3,10,b68f1042be97f620
75079,73109,2,3,11,b68f1042be97f620
83316,79538,3,2,12,b68f1042be97f620
89418,86805,2,2,13,b68f1042be97f620
96616,91019,2,2,14,b68f1042be97f620
101346,99096,3,3,15,b68f1042be97f620
109950,106841,3,3,16,b68f1042be97f620
114396,111203,3,3,17,b68f1042be97f620
117609,115283,3,2,18,b68f1042be97f620
125689,123392,3,3,19,b68f1042be97f620
134394,132010,3,2,20,b68f1042be97f620
142183,139874,2,2,21,b68f1042be97f620
18497,112,3,2,1,b696a1dd1e3c0251
25030,21405,2,2,2,b696a1dd1e3c0251
32657,29283,2,2,3,b696a1dd1e3c0251
45106,40217,2,2,4,b696a1dd1e3c0251
51148,48966,2,2,5,b696a1dd1e3c0251
59970,56872,3,2,6,b696a1dd1e3c0251
66898,63551,2,2,7,b696a1dd1e3c0251
80732,74603,3,3,8,b696a1dd1e3c0251
85961,83640,3,2,9,b696a1dd1e3c0251
93696,91176,3,3,10,b696a1dd1e3c0251
100604,97756,2,2,11,b696a1dd1e3c0251
108424,105236,2,3,12,b696a1dd1e3c0251
115012,112217,3,3,13,b696a1dd1e3c0251
124609,120389,3,3,14,b696a1dd1e3c0251
129035,126687,3,3,15,b696a1dd1e3c0251
136812,133053,3,3,16,b696a1dd1e3c0251
1468,1,3,3,1,b74cf1a70c12878a
6967,4878,2,2,2,b74cf1a70c12878a
15134,11015,2,2,3,b74cf1a70c12878a
20911,17248,2,2,4,b74cf1a70c12878a
24900,21498,3,3,5,b74cf1a70c12878a
40194,32538,3,3,6,b74cf1a70c12878a
44269,41942,2,2,7,b74cf1a70c12878a
51568,46015,3,3,8,b74cf1a70c12878a
55422,52907,3,2,9,b74cf1a70c12878a
67675,63616,2,2,10,b74cf1a70c12878a
78333,73480,2,2,11,b74cf1a70c12878a
85534,81316,2,3,12,b74cf1a70c12878a
96223,91064,3,2,13,b74cf1a70c12878a
103579,98302,2,3,14,b74cf1a70c12878a
109244,107016,3,3,15,b74cf1a70c12878a
113922,111396,3,3,16,b74cf1a70c12878a
117549,115140,3,3,17,b74cf1a70c12878a
131463,126782,3,3,18,b74cf1a70c12878a
137119,134180,3,2,19,b74cf1a70c12878a
145523,143229,2,3,20,b74cf1a70c12878a
3825,1008,3,3,1,b7cfe32011fa0354
12522,6212,3,3,2,b7cfe32011fa0354
18717,16119,3,3,3,b7cfe32011fa0354
26491,24318,3,3,4,b7cfe32011fa0354
31019,28408,3,3,5,b7cfe32011fa0354
39743,36495,3,3,6,b7cfe32011fa0354
46333,42145,3,3,7,b7cfe32011fa0354
50216,47973,2,3,8,b7cfe32011fa0354
60950,56190,2,3,9,b7cfe32011fa0354
68554,63210,3,3,10,b7cfe32011fa0354
72633,70037,3,3,11,b7cfe32011fa0354
76684,74145,2,2,12,b7cfe32011fa0354
81555,78553,3,3,13,b7cfe32011fa0354
86510,84404,3,3,14,b7cfe32011fa0354
90669,87591,3,3,15,b7cfe32011fa0354
101954,97270,2,3,16,b7cfe32011fa0354
106885,104791,3,3,17,b7cfe32011fa0354
112451,110533,3,3,18,b7cfe32011fa0354
117033,113695,2,3,19,b7cfe32011fa0354
129632,123349,3,3,20,b7cfe32011fa0354
133826,131401,3,3,21,b7cfe32011fa0354
141728,138906,2,2,22,b7cfe32011fa0354
150615,148421,3,3,23,b7cfe32011fa0354
158574,155268,3,3,24,b7cfe32011fa0354
165887,161202,3,2,25,b7cfe32011fa0354
173729,171356,3,3,26,b7cfe32011fa0354
185445,182349,2,2,27,b7cfe32011fa0354
197693,191221,3,3,28,b7cfe32011fa0354
201769,199579,3,3,29,b7cfe32011fa0354
5934,2710,3,3,1,b833a145b9354816
19601,7141,2,3,2,b833a145b9354816
25807,22982,3,3,3,b833a145b9354816
33115,30436,2,3,4,b833a145b9354816
39926,37907,2,2,5,b833a145b9354816
47338,44707,2,2,6,b833a145b9354816
56197,53230,3,2,7,b833a145b9354816
65379,58705,3,3,8,b833a145b9354816
75151,69046,2,3,9,b833a145b9354816
82516,80182,3,3,10,b833a145b9354816
90904,88142,3,3,11,b833a145b9354816
96758,94050,3,3,12,b833a145b9354816
102796,99813,3,3,13,b833a145b9354816
110579,107794,2,2,14,b833a145b9354816
120309,116026,3,3,15,b833a145b9354816
127329,125308,2,2,16,b833a145b9354816
134230,130526,3,2,17,b833a145b9354816
141150,138449,3,2,18,b833a145b9354816
6573,3826,2,2,1,b88d5d10f2013266
11128,8174,2,2,2,b88d5d10f2013266
19358,17312,2,2,3,b88d5d10f2013266
25449,22892,2,2,4,b88d5d10f2013266
34659,30360,3,2,5,b88d5d10f2013266
43091,38878,3,3,6,b88d5d10f2013266
49815,44674,3,3,7,b88d5d10f2013266
56630,53762,3,2,8,b88d5d10f2013266
65809,63272,3,3,9,b88d5d10f2013266
78375,69377,3,3,10,b88d5d10f2013266
92395,78465,3,3,11,b88d5d10f2013266
98181,95799,3,3,12,b88d5d10f2013266
101581,99501,3,3,13,b88d5d10f2013266
110729,106572,3,2,14,b88d5d10f2013266
116030,113808,2,2,15,b88d5d10f2013266
121271,117886,2,2,16,b88d5d10f2013266
130310,127804,2,2,17,b88d5d10f2013266
141226,136524,3,3,18,b88d5d10f2013266
148164,144678,3,3,19,b88d5d10f2013266
151796,149639,2,3,20,b88d5d10f2013266
158904,156805,3,3,21,b88d5d10f2013266
170771,168337,3,2,22,b88d5d10f2013266
182569,177911,3,3,23,b88d5d10f2013266
191957,189248,2,3,24,b88d5d10f2013266
198434,194045,3,2,25,b88d5d10f2013266
205236,202086,3,2,26,b88d5d10f2013266
214303,211670,3,3,27,b88d5d10f2013266
219707,215619,3,3,28,b88d5d10f2013266
224677,222148,3,3,29,b88d5d10f2013266
234009,231652,3,3,30,b88d5d10f2013266
241759,238376,3,3,31,b88d5d10f2013266
7378,3482,3,2,1,b8d45e4d313edb06
16200,9310,3,2,2,b8d45e4d313edb06
20599,17800,2,2,3,b8d45e4d313edb06
25000,22845,3,3,4,b8d45e4d313edb06
35107,31933,2,2,5,b8d45e4d313edb06
46629,41634,3,3,6,b8d45e4d313edb06
50852,47801,3,3,7,b8d45e4d313edb06
57511,55330,3,3,8,b8d45e4d313edb06
60294,58159,2,2,9,b8d45e4d313edb06
71631,68769,2,2,10,b8d45e4d313edb06
79824,74213,3,3,11,b8d45e4d313edb06
85409,83301,2,2,12,b8d45e4d313edb06
97103,93724,3,2,13,b8d45e4d313edb06
102584,100009,3,2,14,b8d45e4d313edb06
109898,107049,2,2,15,b8d45e4d313edb06
121288,116250,2,3,16,b8d45e4d313edb06
126818,124593,3,3,17,b8d45e4d313edb06
136382,133681,2,3,18,b8d45e4d313edb06
139291,137144,3,3,19,b8d45e4d313edb06
148408,145340,2,2,20,b8d45e4d313edb06
159008,156070,3,3,21,b8d45e4d313edb06
166109,160688,2,3,22,b8d45e4d313edb06
10507,5977,3,3,1,b9472c5fd681ff1f
17200,13325,2,3,2,b9472c5fd681ff1f
23042,20733,3,3,3,b9472c5fd681ff1f
29470,26165,3,3,4,b9472c5fd681ff1f
36237,33991,3,2,5,b9472c5fd681ff1f
45981,40770,2,2,6,b9472c5fd681ff1f
57092,48375,3,2,7,b9472c5fd681ff1f
61220,59299,3,3,8,b9472c5fd681ff1f
69093,65278,2,2,9,b9472c5fd681ff1f
75046,73060,2,2,10,b9472c5fd681ff1f
83252,80746,2,3,11,b9472c5fd681ff1f
90880,88932,3,2,12,b9472c5fd681ff1f
102405,100109,2,2,13,b9472c5fd681ff1f
110272,105344,2,2,14,b9472c5fd681ff1f
113262,111314,2,3,15,b9472c5fd681ff1f
118875,115621,2,2,16,b9472c5fd681ff1f
130368,124482,2,2,17,b9472c5fd681ff1f
133890,131721,2,2,18,b9472c5fd681ff1f
144593,140118,2,2,19,b9472c5fd681ff1f
151150,147152,2,2,20,b9472c5fd681ff1f
7019,64,3,3,1,b9749b08d65b8d27
10538,8461,3,3,2,b9749b08d65b8d27
14608,11448,2,3,3,b9749b08d65b8d27
23038,19573,3,3,4,b9749b08d65b8d27
29229,27018,3,2,5,b9749b08d65b8d27
45676,35713,3,2,6,b9749b08d65b8d27
52741,49674,3,2,7,b9749b08d65b8d27
63542,60180,3,3,8,b9749b08d65b8d27
70584,66978,2,2,9,b9749b08d65b8d27
76565,73872,2,2,10,b9749b08d65b8d27
82675,80421,2,3,11,b9749b08d65b8d27
88486,86080,3,2,12,b9749b08d65b8d27
95326,92930,3,3,13,b9749b08d65b8d27
98607,96615,3,3,14,b9749b08d65b8d27
108393,105763,2,2,15,b9749b08d65b8d27
117140,112485,3,2,16,b9749b08d65b8d27
126534,123324,3,3,17,b9749b08d65b8d27
135955,131304,3,3,18,b9749b08d65b8d27
141838,139162,3,3,19,b9749b08d65b8d27
144546,142407,3,3,20,b9749b08d65b8d27
150802,148791,3,3,21,b9749b08d65b8d27
2953,83,3,3,1,b9b3561d5f423246
7052,4716,3,3,2,b9b3561d5f423246
14131,7580,3,2,3,b9b3561d5f423246
18838,15849,3,3,4,b9b3561d5f423246
31142,27482,3,3,5,b9b3561d5f423246
36779,34536,3,3,6,b9b3561d5f423246
50430,37815,3,2,7,b9b3561d5f423246
62455,55868,2,2,8,b9b3561d5f423246
65870,63455,2,2,9,b9b3561d5f423246
76063,71189,3,3,10,b9b3561d5f423246
85413,79434,3,3,11,b9b3561d5f423246
90933,86782,2,3,12,b9b3561d5f423246
96716,93756,2,2,13,b9b3561d5f423246
102332,98813,3,3,14,b9b3561d5f423246
113060,107773,3,3,15,b9b3561d5f423246
117581,114325,3,3,16,b9b3561d5f423246
121838,119503,2,3,17,b9b3561d5f423246
130079,127635,3,3,18,b9b3561d5f423246
136246,132461,3,3,19,b9b3561d5f423246
143548,140892,2,2,20,b9b3561d5f423246
153099,148849,3,2,21,b9b3561d5f423246
158501,156280,3,3,22,b9b3561d5f423246
168033,164260,3,3,23,b9b3561d5f423246
175829,173220,2,2,24,b9b3561d5f423246
183814,180862,3,3,25,b9b3561d5f423246
194939,189866,2,3,26,b9b3561d5f423246
201576,198496,2,2,27,b9b3561d5f423246
212181,208355,3,3,28,b9b3561d5f423246
220303,215039,3,3,29,b9b3561d5f423246
224757,221726,3,3,30,b9b3561d5f423246
10624,5980,3,2,1,ba78f6ee72c75fa7
29600,14415,3,2,2,ba78f6ee72c75fa7
38773,32428,2,2,3,ba78f6ee72c75fa7
47061,40940,2,3,4,ba78f6ee72c75fa7
53518,50661,2,2,5,ba78f6ee72c75fa7
63617,57164,2,2,6,ba78f6ee72c75fa7
71257,67410,2,3,7,ba78f6ee72c75fa7
82087,78418,3,3,8,ba78f6ee72c75fa7
88098,85832,3,3,9,ba78f6ee72c75fa7
97199,94983,3,3,10,ba78f6ee72c75fa7
102634,99123,2,2,11,ba78f6ee72c75fa7
112286,110139,3,2,12,ba78f6ee72c75fa7
124581,121282,3,3,13,ba78f6ee72c75fa7
131972,127179,3,3,14,ba78f6ee72c75fa7
138291,134516,2,2,15,ba78f6ee72c75fa7
147971,144985,3,3,16,ba78f6ee72c75fa7
161479,159294,3,2,17,ba78f6ee72c75fa7
174280,167187,2,2,18,ba78f6ee72c75fa7
184692,178031,2,2,19,ba78f6ee72c75fa7
192180,187664,2,2,20,ba78f6ee72c75fa7
198568,194749,3,2,21,ba78f6ee72c75fa7
211175,205046,3,2,22,ba78f6ee72c75fa7
220661,215543,2,3,23,ba78f6ee72c75fa7
229883,226630,3,3,24,ba78f6ee72c75fa7
240503,237859,3,2,25,ba78f6ee72c75fa7
245127,242972,3,3,26,ba78f6ee72c75fa7
250732,247666,3,2,27,ba78f6ee72c75fa7
264769,257508,3,3,28,ba78f6ee72c75fa7
274239,266999,2,2,29,ba78f6ee72c75fa7
288704,281516,3,3,30,ba78f6ee72c75fa7
3003,1,2,2,1,baa6bbea8b2ffb45
12902,6237,3,3,2,baa6bbea8b2ffb45
15536,13602,3,3,3,baa6bbea8b2ffb45
25099,20745,3,3,4,baa6bbea8b2ffb45
28973,26511,3,3,5,baa6bbea8b2ffb45
34875,31263,3,2,6,baa6bbea8b2ffb45
44830,37991,2,3,7,baa6bbea8b2ffb45
49991,47697,2,2,8,baa6bbea8b2ffb45
56010,53668,2,2,9,baa6bbea8b2ffb45
66719,63290,2,2,10,baa6bbea8b2ffb45
77284,70838,2,3,11,baa6bbea8b2ffb45
82068,79798,2,3,12,baa6bbea8b2ffb45
132057,84375,2,2,13,baa6bbea8b2ffb45
135441,132747,2,2,14,baa6bbea8b2ffb45
140426,135959,2,2,15,baa6bbea8b2ffb45
147273,144898,3,2,16,baa6bbea8b2ffb45
158025,152566,2,3,17,baa6bbea8b2ffb45
163558,161144,3,3,18,baa6bbea8b2ffb45
173552,170104,3,3,19,baa6bbea8b2ffb45
181920,179064,3,3,20,baa6bbea8b2ffb45
189515,187272,2,3,21,baa6bbea8b2ffb45
194804,190943,3,2,22,baa6bbea8b2ffb45
203319,199556,3,3,23,baa6bbea8b2ffb45
211204,207950,3,2,24,baa6bbea8b2ffb45
4742,1017,3,3,1,bb33593cba9764fb
9916,5919,3,3,2,bb33593cba9764fb
12784,10618,2,2,3,bb33593cba9764fb
23222,19019,3,3,4,bb33593cba9764fb
28502,26526,3,3,5,bb33593cba9764fb
37383,34012,2,2,6,bb33593cba9764fb
48482,45393,3,3,7,bb33593cba9764fb
54195,52023,3,3,8,bb33593cba9764fb
58347,55858,2,3,9,bb33593cba9764fb
65356,62380,2,3,10,bb33593cba9764fb
70966,68761,3,3,11,bb33593cba9764fb
77785,75611,3,3,12,bb33593cba9764fb
91614,83055,3,2,13,bb33593cba9764fb
96094,93403,2,2,14,bb33593cba9764fb
100482,98037,2,3,15,bb33593cba9764fb
109762,105487,2,2,16,bb33593cba9764fb
15156,357,3,2,1,bc0f0a87e47cba11
19923,17218,2,2,2,bc0f0a87e47cba11
25859,23533,2,3,3,bc0f0a87e47cba11
34252,31630,3,2,4,bc0f0a87e47cba11
43325,40509,2,2,5,bc0f0a87e47cba11
54713,51352,3,2,6,bc0f0a87e47cba11
66625,62718,3,3,7,bc0f0a87e47cba11
75046,72401,2,3,8,bc0f0a87e47cba11
79683,77531,3,3,9,bc0f0a87e47cba11
89613,85934,3,3,10,bc0f0a87e47cba11
102995,95022,3,3,11,bc0f0a87e47cba11
107987,104076,3,3,12,bc0f0a87e47cba11
125747,109895,3,3,13,bc0f0a87e47cba11
134027,130587,3,3,14,bc0f0a87e47cba11
137196,135044,3,3,15,bc0f0a87e47cba11
144798,142158,2,3,16,bc0f0a87e47cba11
148478,145988,2,2,17,bc0f0a87e47cba11
158822,155021,3,3,18,bc0f0a87e47cba11
169080,166431,3,3,19,bc0f0a87e47cba11
177544,175217,3,3,20,bc0f0a87e47cba11
183950,178988,3,3,21,bc0f0a87e47cba11
5139,995,2,2,1,bc264f76fff3cf86
15721,8934,2,2,2,bc264f76fff3cf86
22512,19873,2,2,3,bc264f76fff3cf86
30773,25684,3,2,4,bc264f76fff3cf86
38651,34618,3,2,5,bc264f76fff3cf86
45143,42706,2,2,6,bc264f76fff3cf86
58087,50713,2,2,7,bc264f76fff3cf86
64840,62047,2,2,8,bc264f76fff3cf86
74729,71690,3,3,9,bc264f76fff3cf86
83414,80778,2,2,10,bc264f76fff3cf86
89827,87352,2,3,11,bc264f76fff3cf86
96417,93978,3,2,12,bc264f76fff3cf86
109982,99903,3,3,13,bc264f76fff3cf86
119064,115314,3,3,14,bc264f76fff3cf86
124552,122436,3,2,15,bc264f76fff3cf86
135620,132990,2,2,16,bc264f76fff3cf86
146647,143407,3,2,17,bc264f76fff3cf86
153641,151369,2,2,18,bc264f76fff3cf86
168610,163771,2,2,19,bc264f76fff3cf86
174547,172664,2,3,20,bc264f76fff3cf86
3457,96,3,3,1,bc8da1d6025b2271
10039,4542,3,3,2,bc8da1d6025b2271
13676,11571,2,3,3,bc8da1d6025b2271
20166,17201,2,2,4,bc8da1d6025b2271
26424,24232,2,2,5,bc8da1d6025b2271
42501,35442,3,2,6,bc8da1d6025b2271
46101,43860,2,2,7,bc8da1d6025b2271
52983,50196,2,3,8,bc8da1d6025b2271
61305,56563,2,3,9,bc8da1d6025b2271
74727,68551,3,3,10,bc8da1d6025b2271
79951,76931,3,3,11,bc8da1d6025b2271
86313,84071,2,3,12,bc8da1d6025b2271
90482,87509,3,3,13,bc8da1d6025b2271
96293,94134,3,3,14,bc8da1d6025b2271
102346,100082,2,3,15,bc8da1d6025b2271
110365,106212,2,3,16,bc8da1d6025b2271
123202,117166,2,2,17,bc8da1d6025b2271
129755,126508,2,2,18,bc8da1d6025b2271
133776,131650,3,2,19,bc8da1d6025b2271
140315,136712,2,2,20,bc8da1d6025b2271
147781,145263,2,2,21,bc8da1d6025b2271
9513,7084,2,2,1,be18716bf830f080
19382,13773,3,3,2,be18716bf830f080
30029,23211,3,3,3,be18716bf830f080
34647,31819,3,3,4,be18716bf830f080
40488,35684,3,3,5,be18716bf830f080
44865,42577,2,3,6,be18716bf830f080
52524,48886,2,3,7,be18716bf830f080
61286,57767,3,3,8,be18716bf830f080
70300,65132,3,3,9,be18716bf830f080
76353,73265,2,2,10,be18716bf830f080
82246,79708,3,2,11,be18716bf830f080
89069,86903,2,3,12,be18716bf830f080
99965,97345,2,2,13,be18716bf830f080
105377,102992,2,2,14,be18716bf830f080
112117,109613,2,2,15,be18716bf830f080
114969,112849,2,2,16,be18716bf830f080
1321,1,2,3,1,be41d72a8cdd50e8
7468,5017,2,2,2,be41d72a8cdd50e8
35009,11615,3,2,3,be41d72a8cdd50e8
44057,41496,3,2,4,be41d72a8cdd50e8
60280,54049,2,2,5,be41d72a8cdd50e8
66694,64586,3,2,6,be41d72a8cdd50e8
77995,72944,3,3,7,be41d72a8cdd50e8
81355,79095,3,3,8,be41d72a8cdd50e8
90592,88260,2,2,9,be41d72a8cdd50e8
102908,100532,3,3,10,be41d72a8cdd50e8
111835,109620,3,3,11,be41d72a8cdd50e8
123223,120975,2,3,12,be41d72a8cdd50e8
130899,126536,3,3,13,be41d72a8cdd50e8
134961,132777,3,3,14,be41d72a8cdd50e8
142610,137097,2,2,15,be41d72a8cdd50e8
152647,147523,3,2,16,be41d72a8cdd50e8
158508,156178,2,3,17,be41d72a8cdd50e8
172892,165266,2,2,18,be41d72a8cdd50e8
187309,178771,2,2,19,be41d72a8cdd50e8
202206,195134,2,2,20,be41d72a8cdd50e8
208090,205309,2,2,21,be41d72a8cdd50e8
215148,212418,3,2,22,be41d72a8cdd50e8
7250,4015,3,3,1,bf84777dac6ba833
11486,9375,3,3,2,bf84777dac6ba833
16177,13787,3,3,3,bf84777dac6ba833
23105,20755,2,2,4,bf84777dac6ba833
34951,30810,2,2,5,bf84777dac6ba833
40471,38821,3,2,6,bf84777dac6ba833
54772,47828,3,3,7,bf84777dac6ba833
60698,57234,3,3,8,bf84777dac6ba833
69531,66759,3,3,9,bf84777dac6ba833
80097,77274,3,3,10,bf84777dac6ba833
89392,85549,3,3,11,bf84777dac6ba833
93598,91471,3,3,12,bf84777dac6ba833
101260,99042,2,2,13,bf84777dac6ba833
110309,105951,2,2,14,bf84777dac6ba833
125045,117313,2,3,15,bf84777dac6ba833
131582,127907,3,3,16,bf84777dac6ba833
135751,132653,2,2,17,bf84777dac6ba833
142329,140027,3,2,18,bf84777dac6ba833
4086,1018,2,2,1,c0165a1c61954a4d
9415,7564,2,2,2,c0165a1c61954a4d
13800,11589,3,3,3,c0165a1c61954a4d
20710,17785,3,3,4,c0165a1c61954a4d
32490,26745,2,2,5,c0165a1c61954a4d
38503,36178,3,2,6,c0165a1c61954a4d
48087,45981,2,2,7,c0165a1c61954a4d
54787,52644,2,2,8,c0165a1c61954a4d
62938,61354,2,2,9,c0165a1c61954a4d
67191,65286,2,2,10,c0165a1c61954a4d
78375,74802,2,2,11,c0165a1c61954a4d
86353,81035,2,3,12,c0165a1c61954a4d
106612,93060,2,3,13,c0165a1c61954a4d
116239,110282,2,2,14,c0165a1c61954a4d
121703,118767,2,3,15,c0165a1c61954a4d
130584,124963,3,2,16,c0165a1c61954a4d
137374,134249,3,2,17,c0165a1c61954a4d
142832,140777,2,2,18,c0165a1c61954a4d
158943,147505,2,2,19,c0165a1c61954a4d
163045,161120,2,2,20,c0165a1c61954a4d
177132,170528,2,2,21,c0165a1c61954a4d
193496,180532,3,2,22,c0165a1c61954a4d
220170,200602,3,2,23,c0165a1c61954a4d
232113,230089,2,2,24,c0165a1c61954a4d
3516,112,3,2,1,c0a9626907f6487d
11477,8493,2,2,2,c0a9626907f6487d
20299,15453,3,3,3,c0a9626907f6487d
28593,25832,3,3,4,c0a9626907f6487d
37471,32566,3,3,5,c0a9626907f6487d
41121,38376,3,3,6,c0a9626907f6487d
45514,43457,3,3,7,c0a9626907f6487d
53377,47828,3,3,8,c0a9626907f6487d
59205,57136,3,3,9,c0a9626907f6487d
69225,64173,2,2,10,c0a9626907f6487d
79163,73164,3,3,11,c0a9626907f6487d
84257,82124,3,3,12,c0a9626907f6487d
94073,87628,2,3,13,c0a9626907f6487d
101129,99111,3,3,14,c0a9626907f6487d
107295,104687,3,2,15,c0a9626907f6487d
118502,114747,3,3,16,c0a9626907f6487d
122249,120037,2,3,17,c0a9626907f6487d
129468,126642,2,2,18,c0a9626907f6487d
136946,133265,2,2,19,c0a9626907f6487d
141511,138539,2,2,20,c0a9626907f6487d
6730,331,2,2,1,c213688551f2be48
15741,9892,3,3,2,c213688551f2be48
22967,20182,2,2,3,c213688551f2be48
34020,29469,3,3,4,c213688551f2be48
41528,37356,3,3,5,c213688551f2be48
50873,44144,2,3,6,c213688551f2be48
54479,51934,3,3,7,c213688551f2be48
67228,64004,3,2,8,c213688551f2be48
76238,70882,2,2,9,c213688551f2be48
83642,80413,2,2,10,c213688551f2be48
91083,88764,3,2,11,c213688551f2be48
102214,100279,2,2,12,c213688551f2be48
119540,104469,3,3,13,c213688551f2be48
123997,120756,3,3,14,c213688551f2be48
128105,125124,2,2,15,c213688551f2be48
138365,134780,3,3,16,c213688551f2be48
147447,141831,3,3,17,c213688551f2be48
156051,149935,2,3,18,c213688551f2be48
162372,157221,3,2,19,c213688551f2be48
172371,168842,3,3,20,c213688551f2be48
12906,1021,2,2,1,c2328076a7334a84
16935,14472,2,2,2,c2328076a7334a84
22637,19494,2,2,3,c2328076a7334a84
31759,28855,3,3,4,c2328076a7334a84
36624,34099,3,3,5,c2328076a7334a84
46373,43059,2,2,6,c2328076a7334a84
53846,49940,2,2,7,c2328076a7334a84
60793,58119,2,2,8,c2328076a7334a84
67139,64723,3,2,9,c2328076a7334a84
73899,70209,3,3,10,c2328076a7334a84
79787,76861,3,3,11,c2328076a7334a84
88980,85653,2,2,12,c2328076a7334a84
107713,95780,3,3,13,c2328076a7334a84
115539,113396,3,3,14,c2328076a7334a84
118479,116124,3,3,15,c2328076a7334a84
124777,122527,3,3,16,c2328076a7334a84
129173,127148,3,3,17,c2328076a7334a84
8881,5978,3,3,1,c31def158f1ff22a
12708,10030,3,3,2,c31def158f1ff22a
18860,13540,2,2,3,c31def158f1ff22a
29743,23798,3,3,4,c31def158f1ff22a
36395,32764,3,3,5,c31def158f1ff22a
41555,38566,3,3,6,c31def158f1ff22a
49821,47654,2,3,7,c31def158f1ff22a
58270,54345,2,2,8,c31def158f1ff22a
63745,61750,2,2,9,c31def158f1ff22a
74303,70551,3,2,10,c31def158f1ff22a
79397,77192,3,3,11,c31def158f1ff22a
89088,85592,2,2,12,c31def158f1ff22a
99349,95974,2,2,13,c31def158f1ff22a
103324,100956,2,2,14,c31def158f1ff22a
110868,107309,3,3,15,c31def158f1ff22a
118927,113339,3,3,16,c31def158f1ff22a
125029,120968,3,3,17,c31def158f1ff22a
127911,125846,3,3,18,c31def158f1ff22a
139174,136100,3,2,19,c31def158f1ff22a
149459,143669,3,3,20,c31def158f1ff22a
155208,152890,3,2,21,c31def158f1ff22a
164425,161998,3,2,22,c31def158f1ff22a
172722,169273,3,3,23,c31def158f1ff22a
184904,180984,2,3,24,c31def158f1ff22a
196584,192839,2,2,25,c31def158f1ff22a
203392,201116,2,2,26,c31def158f1ff22a
213819,211735,3,3,27,c31def158f1ff22a
231679,226009,2,2,28,c31def158f1ff22a
244907,238098,3,3,29,c31def158f1ff22a
247994,246233,2,3,30,c31def158f1ff22a
2462,1,3,3,1,c3f44fe1eab22c53
4693,1018,2,2,1,c4f4da42623b2204
14313,8448,2,2,2,c4f4da42623b2204
19970,18029,2,2,3,c4f4da42623b2204
32856,25178,3,3,4,c4f4da42623b2204
41239,37014,3,3,5,c4f4da42623b2204
50223,47120,3,3,6,c4f4da42623b2204
53666,51661,3,3,7,c4f4da42623b2204
58582,56298,3,3,8,c4f4da42623b2204
65004,62047,2,2,9,c4f4da42623b2204
69885,67341,3,2,10,c4f4da42623b2204
79632,76949,2,3,11,c4f4da42623b2204
85385,81699,3,2,12,c4f4da42623b2204
104577,92246,3,3,13,c4f4da42623b2204
108068,106303,3,3,14,c4f4da42623b2204
116560,111322,2,2,15,c4f4da42623b2204
126302,120518,2,2,16,c4f4da42623b2204
131105,129110,3,2,17,c4f4da42623b2204
138939,136529,2,3,18,c4f4da42623b2204
145707,142130,3,3,19,c4f4da42623b2204
153180,149783,3,3,20,c4f4da42623b2204
161932,159721,3,3,21,c4f4da42623b2204
168464,165251,2,3,22,c4f4da42623b2204
9847,5977,3,3,1,c55d1b52275a924
13536,11221,3,3,2,c55d1b52275a924
16364,14421,3,2,3,c55d1b52275a924
25233,23232,3,3,4,c55d1b52275a924
34291,32371,3,2,5,c55d1b52275a924
43929,41301,2,2,6,c55d1b52275a924
53890,51395,2,2,7,c55d1b52275a924
66465,62228,3,3,8,c55d1b52275a924
74185,70772,2,3,9,c55d1b52275a924
81750,78355,3,3,10,c55d1b52275a924
85008,83084,3,3,11,c55d1b52275a924
95214,91682,2,2,12,c55d1b52275a924
102174,99689,3,2,13,c55d1b52275a924
115144,104865,2,2,14,c55d1b52275a924
120036,116421,3,2,15,c55d1b52275a924
127805,123059,3,2,16,c55d1b52275a924
135772,132899,2,2,17,c55d1b52275a924
141600,139162,2,2,18,c55d1b52275a924
9103,5977,3,3,1,c683af478c06491
18411,13878,3,3,2,c683af478c06491
21968,19720,3,3,3,c683af478c06491
34267,27776,2,3,4,c683af478c06491
38652,36251,2,2,5,c683af478c06491
52091,45013,3,3,6,c683af478c06491
56367,54101,2,2,7,c683af478c06491
65131,61302,2,3,8,c683af478c06491
74972,70390,2,2,9,c683af478c06491
84681,78251,2,2,10,c683af478c06491
90233,88098,2,2,11,c683af478c06491
96645,92570,3,2,12,c683af478c06491
105648,102546,3,2,13,c683af478c06491
114013,109263,3,3,14,c683af478c06491
121323,118351,3,3,15,c683af478c06491
127451,125526,3,3,16,c683af478c06491
132646,130133,3,2,17,c683af478c06491
138675,136708,3,3,18,c683af478c06491
148112,145796,3,3,19,c683af478c06491
154195,152246,3,3,20,c683af478c06491
158841,155876,3,3,21,c683af478c06491
6311,31,3,3,1,c7345237a5dfa992
12453,10014,2,2,2,c7345237a5dfa992
23027,16474,3,2,3,c7345237a5dfa992
27750,25019,2,2,4,c7345237a5dfa992
37248,34508,2,2,5,c7345237a5dfa992
44657,42365,2,3,6,c7345237a5dfa992
51513,49166,3,3,7,c7345237a5dfa992
61125,57175,3,3,8,c7345237a5dfa992
65087,62785,3,3,9,c7345237a5dfa992
68215,66237,2,3,10,c7345237a5dfa992
80053,74088,2,3,11,c7345237a5dfa992
90508,86422,3,3,12,c7345237a5dfa992
93840,91913,3,2,13,c7345237a5dfa992
2574,109,3,3,1,c7b076d797b3dbe6
8470,5850,3,3,2,c7b076d797b3dbe6
15267,11832,3,3,3,c7b076d797b3dbe6
24149,22058,2,3,4,c7b076d797b3dbe6
28051,25700,2,2,5,c7b076d797b3dbe6
35248,32161,3,2,6,c7b076d797b3dbe6
49406,42421,3,3,7,c7b076d797b3dbe6
56546,50795,2,2,8,c7b076d797b3dbe6
63142,60600,2,2,9,c7b076d797b3dbe6
69860,67321,3,3,10,c7b076d797b3dbe6
83828,76281,2,2,11,c7b076d797b3dbe6
92039,87610,3,2,12,c7b076d797b3dbe6
101698,98097,3,2,13,c7b076d797b3dbe6
109688,105634,2,2,14,c7b076d797b3dbe6
115222,112794,3,3,15,c7b076d797b3dbe6
125626,122272,3,3,16,c7b076d797b3dbe6
132963,129810,3,3,17,c7b076d797b3dbe6
137184,134649,2,2,18,c7b076d797b3dbe6
146008,142365,3,2,19,c7b076d797b3dbe6
155373,149442,2,2,20,c7b076d797b3dbe6
160664,157904,3,3,21,c7b076d797b3dbe6
179693,167785,3,3,22,c7b076d797b3dbe6
185714,181287,3,3,23,c7b076d797b3dbe6
193765,187808,3,2,24,c7b076d797b3dbe6
203184,200457,2,2,25,c7b076d797b3dbe6
212591,207626,2,3,26,c7b076d797b3dbe6
218562,215220,2,3,27,c7b076d797b3dbe6
229343,224667,2,2,28,c7b076d797b3dbe6
237838,233859,3,3,29,c7b076d797b3dbe6
245571,241932,3,2,30,c7b076d797b3dbe6
1981,1,3,2,1,c86922d0f8fea8c6
7884,5366,2,2,2,c86922d0f8fea8c6
11411,8536,2,2,3,c86922d0f8fea8c6
17609,15088,2,2,4,c86922d0f8fea8c6
22911,19964,2,3,5,c86922d0f8fea8c6
35716,29819,3,3,6,c86922d0f8fea8c6
44000,38779,2,3,7,c86922d0f8fea8c6
47371,45236,2,3,8,c86922d0f8fea8c6
56499,51003,2,2,9,c86922d0f8fea8c6
61655,58918,3,2,10,c86922d0f8fea8c6
71840,68181,2,2,11,c86922d0f8fea8c6
77126,74389,3,3,12,c86922d0f8fea8c6
9476,5978,3,3,1,c880448b9d9939bc
21839,16315,3,2,2,c880448b9d9939bc
29487,26528,3,2,3,c880448b9d9939bc
33978,31602,2,2,4,c880448b9d9939bc
41122,37569,3,3,5,c880448b9d9939bc
48537,45284,2,3,6,c880448b9d9939bc
57147,54014,3,3,7,c880448b9d9939bc
63048,60119,3,3,8,c880448b9d9939bc
69151,66258,2,3,9,c880448b9d9939bc
73582,70265,2,2,10,c880448b9d9939bc
79873,77407,3,3,11,c880448b9d9939bc
84415,81897,3,2,12,c880448b9d9939bc
97352,92617,2,2,13,c880448b9d9939bc
103483,100949,2,2,14,c880448b9d9939bc
114149,109666,2,3,15,c880448b9d9939bc
120148,117790,3,3,16,c880448b9d9939bc
125555,122162,3,3,17,c880448b9d9939bc
134173,130048,3,3,18,c880448b9d9939bc
145621,138724,3,3,19,c880448b9d9939bc
150889,147812,2,3,20,c880448b9d9939bc
159532,156900,3,2,21,c880448b9d9939bc
173496,167246,3,2,22,c880448b9d9939bc
182720,178174,3,3,23,c880448b9d9939bc
191488,186412,3,3,24,c880448b9d9939bc
4832,1,3,3,1,c9b9157b5c59f89a
9412,5960,2,3,2,c9b9157b5c59f89a
17475,12165,3,3,3,c9b9157b5c59f89a
4134,69,3,2,1,c9bc0679f483e0c9
8032,5835,2,2,2,c9bc0679f483e0c9
14947,8550,2,2,3,c9bc0679f483e0c9
20562,17757,2,2,4,c9bc0679f483e0c9
26332,24127,3,3,5,c9bc0679f483e0c9
37173,34410,2,2,6,c9bc0679f483e0c9
47617,45660,3,3,7,c9bc0679f483e0c9
52521,50061,3,3,8,c9bc0679f483e0c9
58238,53851,3,3,9,c9bc0679f483e0c9
64596,61505,3,3,10,c9bc0679f483e0c9
76739,73283,3,3,11,c9bc0679f483e0c9
85142,82680,2,2,12,c9bc0679f483e0c9
92386,89614,3,3,13,c9bc0679f483e0c9
95694,93724,2,2,14,c9bc0679f483e0c9
103133,99746,2,2,15,c9bc0679f483e0c9
110737,106633,3,2,16,c9bc0679f483e0c9
115793,113461,3,2,17,c9bc0679f483e0c9
121465,118328,3,2,18,c9bc0679f483e0c9
132463,129994,3,2,19,c9bc0679f483e0c9
140766,138780,2,2,20,c9bc0679f483e0c9
2725,66,3,3,1,ca48736f113f2ac
11303,7137,3,3,2,ca48736f113f2ac
15475,12641,2,3,3,ca48736f113f2ac
21881,18353,2,2,4,ca48736f113f2ac
29927,25897,3,3,5,ca48736f113f2ac
34609,32540,2,2,6,ca48736f113f2ac
45359,42442,2,3,7,ca48736f113f2ac
49134,46398,3,3,8,ca48736f113f2ac
55207,52889,3,2,9,ca48736f113f2ac
62252,59683,3,3,10,ca48736f113f2ac
68462,66510,3,2,11,ca48736f113f2ac
80013,74428,2,2,12,ca48736f113f2ac
88148,85720,3,3,13,ca48736f113f2ac
94299,90888,3,3,14,ca48736f113f2ac
99108,96385,3,3,15,ca48736f113f2ac
103924,99982,3,2,16,ca48736f113f2ac
114329,112051,2,2,17,ca48736f113f2ac
117960,116094,3,2,18,ca48736f113f2ac
133658,131639,2,2,19,ca48736f113f2ac
143268,140451,2,2,20,ca48736f113f2ac
147128,144885,3,3,21,ca48736f113f2ac
157617,153845,3,3,22,ca48736f113f2ac
162166,160174,3,3,23,ca48736f113f2ac
168649,164320,3,3,24,ca48736f113f2ac
175642,173167,3,3,25,ca48736f113f2ac
180261,178147,3,3,26,ca48736f113f2ac
187067,184680,3,3,27,ca48736f113f2ac
196569,192866,3,2,28,ca48736f113f2ac
6472,3495,3,3,1,cacc8f06374f42f2
13562,8487,3,3,2,cacc8f06374f42f2
18990,17040,3,2,3,cacc8f06374f42f2
27373,25408,2,2,4,cacc8f06374f42f2
33061,30907,2,2,5,cacc8f06374f42f2
35423,33856,2,2,6,cacc8f06374f42f2
42967,40871,2,2,7,cacc8f06374f42f2
52859,50293,3,2,8,cacc8f06374f42f2
64846,61649,2,2,9,cacc8f06374f42f2
71161,68625,3,2,10,cacc8f06374f42f2
78741,76058,2,2,11,cacc8f06374f42f2
87208,81893,2,2,12,cacc8f06374f42f2
92972,90356,3,2,13,cacc8f06374f42f2
99830,95978,2,2,14,cacc8f06374f42f2
105788,103755,3,3,15,cacc8f06374f42f2
114567,112533,3,3,16,cacc8f06374f42f2
119077,117224,3,3,17,cacc8f06374f42f2
3029,1,3,3,1,cb0cc59f3947d2f8
11718,7080,3,3,2,cb0cc59f3947d2f8
15338,12614,2,2,3,cb0cc59f3947d2f8
24326,22000,2,2,4,cb0cc59f3947d2f8
31012,28047,2,2,5,cb0cc59f3947d2f8
36287,34011,2,3,6,cb0cc59f3947d2f8
46955,43044,2,3,7,cb0cc59f3947d2f8
55954,51422,3,3,8,cb0cc59f3947d2f8
64525,58014,2,3,9,cb0cc59f3947d2f8
70143,65780,3,3,10,cb0cc59f3947d2f8
76825,74768,3,3,11,cb0cc59f3947d2f8
87269,82404,3,2,12,cb0cc59f3947d2f8
95427,89117,3,2,13,cb0cc59f3947d2f8
100871,97530,2,2,14,cb0cc59f3947d2f8
103770,101756,2,3,15,cb0cc59f3947d2f8
109318,105555,2,2,16,cb0cc59f3947d2f8
116181,110458,3,2,17,cb0cc59f3947d2f8
121454,119547,3,3,18,cb0cc59f3947d2f8
131273,129100,2,2,19,cb0cc59f3947d2f8
3328,1,2,2,1,cc49035552e3cce9
16138,4410,3,2,2,cc49035552e3cce9
19574,17816,2,2,3,cc49035552e3cce9
30873,24713,2,2,4,cc49035552e3cce9
48805,35494,3,3,5,cc49035552e3cce9
61658,53462,2,2,6,cc49035552e3cce9
80938,64556,3,2,7,cc49035552e3cce9
89613,87384,3,2,8,cc49035552e3cce9
101852,96447,3,3,9,cc49035552e3cce9
106576,104056,2,2,10,cc49035552e3cce9
131813,110033,3,3,11,cc49035552e3cce9
138130,135017,3,2,12,cc49035552e3cce9
148273,142226,2,3,13,cc49035552e3cce9
153650,149693,3,3,14,cc49035552e3cce9
160638,156979,2,3,15,cc49035552e3cce9
166997,164194,2,2,16,cc49035552e3cce9
176520,171221,3,2,17,cc49035552e3cce9
187383,181401,2,2,18,cc49035552e3cce9
192796,188195,3,2,19,cc49035552e3cce9
202800,196187,2,2,20,cc49035552e3cce9
209148,206843,2,2,21,cc49035552e3cce9
223920,218852,2,2,22,cc49035552e3cce9
238039,227625,3,3,23,cc49035552e3cce9
3370,97,2,2,1,cc96bd94935ccadc
10798,7288,3,3,2,cc96bd94935ccadc
21871,16248,3,3,3,cc96bd94935ccadc
25379,23014,3,3,4,cc96bd94935ccadc
29205,26744,3,2,5,cc96bd94935ccadc
35869,33333,3,2,6,cc96bd94935ccadc
50753,44497,2,3,7,cc96bd94935ccadc
56169,52976,3,3,8,cc96bd94935ccadc
70152,64537,3,3,9,cc96bd94935ccadc
73679,71236,3,2,10,cc96bd94935ccadc
82168,79939,2,2,11,cc96bd94935ccadc
90616,87656,2,2,12,cc96bd94935ccadc
96999,93420,3,3,13,cc96bd94935ccadc
100748,98656,3,3,14,cc96bd94935ccadc
106562,103739,3,3,15,cc96bd94935ccadc
114671,111533,3,3,16,cc96bd94935ccadc
122736,118607,3,2,17,cc96bd94935ccadc
129309,127057,3,3,18,cc96bd94935ccadc
142153,135892,2,2,19,cc96bd94935ccadc
148875,145953,3,3,20,cc96bd94935ccadc
172888,154913,3,3,21,cc96bd94935ccadc
6390,2929,2,3,1,ccaad0683502a557
11202,7815,3,3,2,ccaad0683502a557
15337,12650,2,2,3,ccaad0683502a557
23568,20967,3,3,4,ccaad0683502a557
30902,27335,3,3,5,ccaad0683502a557
34022,31917,2,2,6,ccaad0683502a557
44819,42497,3,3,7,ccaad0683502a557
54449,51585,3,3,8,ccaad0683502a557
59939,57731,3,3,9,ccaad0683502a557
66005,61902,2,3,10,ccaad0683502a557
76001,70990,3,3,11,ccaad0683502a557
79703,77854,2,2,12,ccaad0683502a557
88892,84932,2,2,13,ccaad0683502a557
100671,92522,2,2,14,ccaad0683502a557
106293,102446,2,2,15,ccaad0683502a557
113268,109977,3,2,16,ccaad0683502a557
1226,1,3,3,1,cce09abab8ab8363
5605,3779,2,3,2,cce09abab8ab8363
9277,6950,3,3,3,cce09abab8ab8363
15219,13090,3,3,4,cce09abab8ab8363
18602,16488,2,3,5,cce09abab8ab8363
22072,20338,2,3,6,cce09abab8ab8363
30521,27752,2,3,7,cce09abab8ab8363
48248,33994,3,3,8,cce09abab8ab8363
51885,49615,3,3,9,cce09abab8ab8363
55929,53652,3,3,10,cce09abab8ab8363
64144,61594,3,3,11,cce09abab8ab8363
67757,65868,2,3,12,cce09abab8ab8363
75312,70992,2,2,13,cce09abab8ab8363
3403,127,2,2,1,cd9797b5df00787c
10988,7033,2,2,2,cd9797b5df00787c
15894,13612,2,3,3,cd9797b5df00787c
39008,19347,3,3,4,cd9797b5df00787c
45164,42835,2,2,5,cd9797b5df00787c
50328,47668,3,3,6,cd9797b5df00787c
57275,54929,2,2,7,cd9797b5df00787c
65846,63788,2,2,8,cd9797b5df00787c
71637,69739,2,2,9,cd9797b5df00787c
80006,77870,3,3,10,cd9797b5df00787c
87257,85344,2,2,11,cd9797b5df00787c
99239,96580,3,3,12,cd9797b5df00787c
105760,102875,3,2,13,cd9797b5df00787c
115371,107469,2,2,14,cd9797b5df00787c
121170,119142,3,2,15,cd9797b5df00787c
128816,126643,2,2,16,cd9797b5df00787c
153277,133398,3,3,17,cd9797b5df00787c
159180,156903,2,3,18,cd9797b5df00787c
163899,160660,3,3,19,cd9797b5df00787c
167944,165130,3,3,20,cd9797b5df00787c
177182,171860,3,3,21,cd9797b5df00787c
182798,179944,3,2,22,cd9797b5df00787c
187735,185270,2,2,23,cd9797b5df00787c
201882,198189,3,3,24,cd9797b5df00787c
8614,6093,3,3,1,ce4178421b6000ff
13568,11291,3,3,2,ce4178421b6000ff
20635,14529,3,2,3,ce4178421b6000ff
28376,25328,2,2,4,ce4178421b6000ff
35652,33535,2,2,5,ce4178421b6000ff
48095,44547,2,2,6,ce4178421b6000ff
54109,51961,2,2,7,ce4178421b6000ff
60885,58167,3,3,8,ce4178421b6000ff
68186,65688,3,2,9,ce4178421b6000ff
75486,73227,3,2,10,ce4178421b6000ff
80420,78000,3,3,11,ce4178421b6000ff
84507,81863,3,3,12,ce4178421b6000ff
93235,89000,3,3,13,ce4178421b6000ff
99228,96639,3,3,14,ce4178421b6000ff
107870,103846,3,3,15,ce4178421b6000ff
114951,112232,3,2,16,ce4178421b6000ff
122256,119951,3,3,17,ce4178421b6000ff
129309,126746,3,2,18,ce4178421b6000ff
141079,137865,2,2,19,ce4178421b6000ff
152586,148339,2,2,20,ce4178421b6000ff
156511,154312,3,2,21,ce4178421b6000ff
171012,163988,2,2,22,ce4178421b6000ff
178918,172704,2,3,23,ce4178421b6000ff
186310,181043,2,2,24,ce4178421b6000ff
194546,191603,2,2,25,ce4178421b6000ff
205190,203056,2,2,26,ce4178421b6000ff
214080,211771,3,3,27,ce4178421b6000ff
223363,219114,2,2,28,ce4178421b6000ff
235009,227780,2,2,29,ce4178421b6000ff
242433,238592,3,3,30,ce4178421b6000ff
249846,247121,3,2,31,ce4178421b6000ff
260318,254980,2,3,32,ce4178421b6000ff
264286,262094,3,3,33,ce4178421b6000ff
273840,268617,3,3,34,ce4178421b6000ff
278548,275736,2,2,35,ce4178421b6000ff
286602,283469,2,2,36,ce4178421b6000ff
6521,4061,3,3,1,ce921e308da85cc9
16239,9540,3,2,2,ce921e308da85cc9
20432,18222,2,2,3,ce921e308da85cc9
28400,24718,2,2,4,ce921e308da85cc9
39339,36295,3,3,5,ce921e308da85cc9
44427,42170,3,2,6,ce921e308da85cc9
54569,51967,2,2,7,ce921e308da85cc9
60276,57422,2,2,8,ce921e308da85cc9
69193,66622,3,3,9,ce921e308da85cc9
80119,77252,3,3,10,ce921e308da85cc9
89289,83905,2,2,11,ce921e308da85cc9
95545,93374,2,2,12,ce921e308da85cc9
102020,98936,3,3,13,ce921e308da85cc9
109186,106035,2,2,14,ce921e308da85cc9
115661,112135,3,3,15,ce921e308da85cc9
119377,117194,2,3,16,ce921e308da85cc9
126222,123089,3,3,17,ce921e308da85cc9
131007,128137,3,2,18,ce921e308da85cc9
139572,134284,3,3,19,ce921e308da85cc9
7181,4062,3,3,1,d002075c02d4a7e1
19327,8199,3,3,2,d002075c02d4a7e1
27514,20319,3,3,3,d002075c02d4a7e1
33801,29070,3,3,4,d002075c02d4a7e1
37612,34912,3,3,5,d002075c02d4a7e1
43622,41388,2,3,6,d002075c02d4a7e1
52699,50052,2,3,7,d002075c02d4a7e1
61519,56993,2,3,8,d002075c02d4a7e1
66534,63954,2,3,9,d002075c02d4a7e1
71697,69656,3,3,10,d002075c02d4a7e1
78098,75635,3,2,11,d002075c02d4a7e1
83218,80887,3,3,12,d002075c02d4a7e1
91257,88869,3,3,13,d002075c02d4a7e1
97473,95083,3,2,14,d002075c02d4a7e1
105687,100642,3,2,15,d002075c02d4a7e1
2842,71,2,2,1,d00a2e6a0b521107
6880,4775,3,2,2,d00a2e6a0b521107
17101,13006,2,2,3,d00a2e6a0b521107
20930,18985,2,2,4,d00a2e6a0b521107
27175,25167,2,2,5,d00a2e6a0b521107
41966,38918,2,2,6,d00a2e6a0b521107
50159,47720,3,3,7,d00a2e6a0b521107
61427,56680,3,3,8,d00a2e6a0b521107
66092,63493,3,3,9,d00a2e6a0b521107
72599,68390,3,3,10,d00a2e6a0b521107
76819,74532,3,3,11,d00a2e6a0b521107
85266,82903,3,2,12,d00a2e6a0b521107
91485,88700,2,3,13,d00a2e6a0b521107
94868,92738,3,3,14,d00a2e6a0b521107
97799,95375,2,2,15,d00a2e6a0b521107
109456,105682,3,2,16,d00a2e6a0b521107
116955,112521,3,2,17,d00a2e6a0b521107
127467,119760,2,2,18,d00a2e6a0b521107
131271,128621,2,2,19,d00a2e6a0b521107
139991,134594,3,2,20,d00a2e6a0b521107
145696,143162,2,3,21,d00a2e6a0b521107
154431,151416,3,3,22,d00a2e6a0b521107
160781,157960,3,3,23,d00a2e6a0b521107
165696,162728,3,2,24,d00a2e6a0b521107
171515,169001,3,3,25,d00a2e6a0b521107
176054,172892,2,2,26,d00a2e6a0b521107
183004,180592,2,3,27,d00a2e6a0b521107
191591,188301,2,3,28,d00a2e6a0b521107
199853,197643,3,3,29,d00a2e6a0b521107
205163,203228,3,3,30,d00a2e6a0b521107
4928,73,2,3,1,d013a285af3cd019
27338,24011,3,2,2,d013a285af3cd019
32291,29405,2,2,3,d013a285af3cd019
36186,33372,2,2,4,d013a285af3cd019
45304,40283,2,2,5,d013a285af3cd019
50728,48001,2,2,6,d013a285af3cd019
65518,60174,3,3,7,d013a285af3cd019
76286,71229,3,3,8,d013a285af3cd019
81716,78575,3,3,9,d013a285af3cd019
87567,85058,2,2,10,d013a285af3cd019
95101,92656,3,3,11,d013a285af3cd019
101731,97556,2,2,12,d013a285af3cd019
106817,104528,3,3,13,d013a285af3cd019
111437,108963,3,3,14,d013a285af3cd019
115517,112549,3,3,15,d013a285af3cd019
123320,119904,2,2,16,d013a285af3cd019
130903,127115,2,3,17,d013a285af3cd019
138102,135763,3,3,18,d013a285af3cd019
143310,141293,3,3,19,d013a285af3cd019
3306,69,3,3,1,d023384934f11de9
11316,6469,2,2,2,d023384934f11de9
21104,18774,2,2,3,d023384934f11de9
30508,26518,3,2,4,d023384934f11de9
38290,33502,3,3,5,d023384934f11de9
45009,42462,3,3,6,d023384934f11de9
56500,51422,3,2,7,d023384934f11de9
70334,62698,3,2,8,d023384934f11de9
76623,74068,3,2,9,d023384934f11de9
84310,81808,2,3,10,d023384934f11de9
89125,86709,3,3,11,d023384934f11de9
100593,97905,2,2,12,d023384934f11de9
110104,105310,3,2,13,d023384934f11de9
116154,114333,3,3,14,d023384934f11de9
121626,119619,3,3,15,d023384934f11de9
131949,129774,2,3,16,d023384934f11de9
139829,135217,3,3,17,d023384934f11de9
144681,142549,2,2,18,d023384934f11de9
151667,149363,3,3,19,d023384934f11de9
159550,157516,2,3,20,d023384934f11de9
1792,1,3,3,1,d10ce9b4b35db17b
9646,5827,3,3,2,d10ce9b4b35db17b
17286,10583,2,2,3,d10ce9b4b35db17b
22472,18778,2,2,4,d10ce9b4b35db17b
33499,27489,3,2,5,d10ce9b4b35db17b
41106,38071,3,2,6,d10ce9b4b35db17b
48448,45052,3,2,7,d10ce9b4b35db17b
54256,51820,2,2,8,d10ce9b4b35db17b
63162,59899,3,2,9,d10ce9b4b35db17b
67871,65207,2,2,10,d10ce9b4b35db17b
73880,71761,2,3,11,d10ce9b4b35db17b
82278,80422,2,2,12,d10ce9b4b35db17b
90189,87133,3,2,13,d10ce9b4b35db17b
96101,93122,3,2,14,d10ce9b4b35db17b
103288,100336,3,2,15,d10ce9b4b35db17b
115359,113359,3,2,16,d10ce9b4b35db17b
125583,123359,2,3,17,d10ce9b4b35db17b
131876,129485,3,3,18,d10ce9b4b35db17b
139628,137596,2,3,19,d10ce9b4b35db17b
148211,145798,2,2,20,d10ce9b4b35db17b
157088,154820,3,3,21,d10ce9b4b35db17b
1092,1,2,2,1,d17b8c7eeb394f7e
9863,5459,3,2,2,d17b8c7eeb394f7e
18936,13139,2,2,3,d17b8c7eeb394f7e
26103,22861,2,3,4,d17b8c7eeb394f7e
36316,33857,2,2,5,d17b8c7eeb394f7e
42096,40102,3,3,6,d17b8c7eeb394f7e
55490,49190,2,2,7,d17b8c7eeb394f7e
63183,59471,3,3,8,d17b8c7eeb394f7e
70714,68479,2,2,9,d17b8c7eeb394f7e
76654,74662,2,2,10,d17b8c7eeb394f7e
84909,82803,2,2,11,d17b8c7eeb394f7e
96520,88673,3,3,12,d17b8c7eeb394f7e
104633,99885,3,3,13,d17b8c7eeb394f7e
108328,105456,3,3,14,d17b8c7eeb394f7e
113604,109168,2,2,15,d17b8c7eeb394f7e
122569,117378,3,3,16,d17b8c7eeb394f7e
128575,125196,3,3,17,d17b8c7eeb394f7e
136477,133859,2,3,18,d17b8c7eeb394f7e
2803,1,3,3,1,d1f2b40914788553
10150,7255,3,3,2,d1f2b40914788553
15061,12591,3,3,3,d1f2b40914788553
19505,17287,3,3,4,d1f2b40914788553
28190,25008,3,2,5,d1f2b40914788553
34216,31723,3,3,6,d1f2b40914788553
39979,37412,2,2,7,d1f2b40914788553
46685,44430,2,2,8,d1f2b40914788553
53376,50383,2,2,9,d1f2b40914788553
62426,57219,2,2,10,d1f2b40914788553
69841,67150,3,3,11,d1f2b40914788553
74596,72637,3,3,12,d1f2b40914788553
81958,78151,3,3,13,d1f2b40914788553
92792,85876,2,2,14,d1f2b40914788553
102540,97342,3,3,15,d1f2b40914788553
110910,108744,3,3,16,d1f2b40914788553
116136,114040,3,3,17,d1f2b40914788553
120764,116913,2,2,18,d1f2b40914788553
130930,126469,3,3,19,d1f2b40914788553
137780,135429,3,2,20,d1f2b40914788553
144232,141714,3,3,21,d1f2b40914788553
154477,148820,3,3,22,d1f2b40914788553
157248,155126,2,3,23,d1f2b40914788553
10974,5978,2,2,1,d34890392be91652
14149,11596,2,2,2,d34890392be91652
17452,15614,3,2,3,d34890392be91652
29869,26584,2,2,4,d34890392be91652
39748,33199,2,2,5,d34890392be91652
50692,45490,2,3,6,d34890392be91652
57892,54578,2,3,7,d34890392be91652
76380,62037,2,2,8,d34890392be91652
85890,83067,2,2,9,d34890392be91652
93093,88761,3,2,10,d34890392be91652
97569,94915,3,2,11,d34890392be91652
108848,105985,2,2,12,d34890392be91652
114240,111041,3,2,13,d34890392be91652
122745,118202,3,2,14,d34890392be91652
130715,126644,2,2,15,d34890392be91652
135973,133411,3,3,16,d34890392be91652
141240,138765,2,3,17,d34890392be91652
147129,145111,3,3,18,d34890392be91652
2970,1,3,2,1,d48a853d9c1e877e
7962,5045,3,3,2,d48a853d9c1e877e
16777,12883,2,3,3,d48a853d9c1e877e
24975,21507,3,3,4,d48a853d9c1e877e
29606,26674,3,3,5,d48a853d9c1e877e
38906,35634,2,2,6,d48a853d9c1e877e
43825,41104,3,3,7,d48a853d9c1e877e
53224,50064,2,2,8,d48a853d9c1e877e
62591,60453,3,2,9,d48a853d9c1e877e
75494,70433,3,3,10,d48a853d9c1e877e
82399,78143,3,3,11,d48a853d9c1e877e
88509,85737,2,2,12,d48a853d9c1e877e
105480,90225,3,2,13,d48a853d9c1e877e
113850,109189,2,2,14,d48a853d9c1e877e
118834,115945,3,2,15,d48a853d9c1e877e
126282,122471,3,2,16,d48a853d9c1e877e
136549,132762,2,3,17,d48a853d9c1e877e
146203,141636,2,2,18,d48a853d9c1e877e
152061,149871,2,2,19,d48a853d9c1e877e
5713,92,3,3,1,d56cfd1ffa790539
10789,6910,3,3,2,d56cfd1ffa790539
20474,12537,2,3,3,d56cfd1ffa790539
25150,21497,3,3,4,d56cfd1ffa790539
32137,27031,3,3,5,d56cfd1ffa790539
44559,33132,2,3,6,d56cfd1ffa790539
53204,48464,2,2,7,d56cfd1ffa790539
58851,56629,2,3,8,d56cfd1ffa790539
74984,68524,2,2,9,d56cfd1ffa790539
81674,79194,3,2,10,d56cfd1ffa790539
89326,86750,3,2,11,d56cfd1ffa790539
97611,93368,2,2,12,d56cfd1ffa790539
107617,102336,2,2,13,d56cfd1ffa790539
117512,110085,2,2,14,d56cfd1ffa790539
125950,118948,3,2,15,d56cfd1ffa790539
134362,129898,3,3,16,d56cfd1ffa790539
144874,138858,2,2,17,d56cfd1ffa790539
156497,152361,2,3,18,d56cfd1ffa790539
166945,160457,3,2,19,d56cfd1ffa790539
173261,171382,2,2,20,d56cfd1ffa790539
34124,66,2,2,1,d580b4141bd005e6
38637,35651,2,2,2,d580b4141bd005e6
44701,42550,2,2,3,d580b4141bd005e6
53760,48857,3,3,4,d580b4141bd005e6
59017,55978,3,3,5,d580b4141bd005e6
63394,60919,3,3,6,d580b4141bd005e6
69930,67729,2,3,7,d580b4141bd005e6
77747,75577,2,3,8,d580b4141bd005e6
86718,80679,2,2,9,d580b4141bd005e6
91515,89571,2,2,10,d580b4141bd005e6
97884,94961,2,2,11,d580b4141bd005e6
103178,99662,3,3,12,d580b4141bd005e6
108775,104449,3,3,13,d580b4141bd005e6
112964,110574,3,3,14,d580b4141bd005e6
117835,113870,2,3,15,d580b4141bd005e6
121626,119591,3,3,16,d580b4141bd005e6
128343,125473,3,3,17,d580b4141bd005e6
137437,135197,3,2,18,d580b4141bd005e6
152345,146157,2,2,19,d580b4141bd005e6
162352,158478,3,3,20,d580b4141bd005e6
172762,167438,3,2,21,d580b4141bd005e6
176518,174326,3,3,22,d580b4141bd005e6
15265,107,3,3,1,d58e215792dc7839
20737,17751,3,3,2,d58e215792dc7839
26458,23656,3,3,3,d58e215792dc7839
36396,33447,3,3,4,d58e215792dc7839
44186,40981,3,3,5,d58e215792dc7839
47218,45180,3,3,6,d58e215792dc7839
55680,51521,3,3,7,d58e215792dc7839
64443,58271,2,2,8,d58e215792dc7839
70986,68340,2,2,9,d58e215792dc7839
79240,76188,2,2,10,d58e215792dc7839
85082,82478,2,2,11,d58e215792dc7839
95261,92957,3,2,12,d58e215792dc7839
101598,98930,3,3,13,d58e215792dc7839
106402,103219,3,3,14,d58e215792dc7839
110287,107180,3,2,15,d58e215792dc7839
122423,118369,3,3,16,d58e215792dc7839
137189,125758,2,2,17,d58e215792dc7839
143683,140844,3,3,18,d58e215792dc7839
147680,144677,3,3,19,d58e215792dc7839
156501,153637,2,3,20,d58e215792dc7839
166713,164041,3,3,21,d58e215792dc7839
175137,172458,2,2,22,d58e215792dc7839
186702,182013,2,2,23,d58e215792dc7839
195903,193364,3,2,24,d58e215792dc7839
205734,202174,3,3,25,d58e215792dc7839
208589,206456,3,2,26,d58e215792dc7839
220332,217317,2,3,27,d58e215792dc7839
227414,223840,2,2,28,d58e215792dc7839
237540,234125,3,3,29,d58e215792dc7839
242968,240927,2,3,30,d58e215792dc7839
246821,244314,2,2,31,d58e215792dc7839
255684,253222,2,2,32,d58e215792dc7839
262400,260044,2,3,33,d58e215792dc7839
266526,264116,2,3,34,d58e215792dc7839
271873,268537,3,2,35,d58e215792dc7839
281383,277804,3,3,36,d58e215792dc7839
12140,7144,3,3,1,d5d56fbf8156af98
18206,15952,3,3,2,d5d56fbf8156af98
25735,22790,3,3,3,d5d56fbf8156af98
32155,28776,3,3,4,d5d56fbf8156af98
41403,36042,3,3,5,d5d56fbf8156af98
45284,42284,2,2,6,d5d56fbf8156af98
55695,51833,3,3,7,d5d56fbf8156af98
63114,60921,2,2,8,d5d56fbf8156af98
73219,69903,3,3,9,d5d56fbf8156af98
78682,76581,2,2,10,d5d56fbf8156af98
88976,86250,2,2,11,d5d56fbf8156af98
97700,93150,2,3,12,d5d56fbf8156af98
107028,101427,3,3,13,d5d56fbf8156af98
130381,124402,3,2,14,d5d56fbf8156af98
142019,136972,2,2,15,d5d56fbf8156af98
151795,148336,3,2,16,d5d56fbf8156af98
159861,152925,2,3,17,d5d56fbf8156af98
166485,162337,3,3,18,d5d56fbf8156af98
176246,171510,3,2,19,d5d56fbf8156af98
183273,179716,2,2,20,d5d56fbf8156af98
10425,6947,3,3,1,d6906a29083bb4b1
15632,12356,3,3,2,d6906a29083bb4b1
22616,20148,2,3,3,d6906a29083bb4b1
32989,30148,2,2,4,d6906a29083bb4b1
44755,37808,3,3,5,d6906a29083bb4b1
52188,47914,3,2,6,d6906a29083bb4b1
62435,59917,2,2,7,d6906a29083bb4b1
70699,66331,3,2,8,d6906a29083bb4b1
78642,76617,2,3,9,d6906a29083bb4b1
87899,85705,3,3,10,d6906a29083bb4b1
102982,97846,3,3,11,d6906a29083bb4b1
107300,105412,3,2,12,d6906a29083bb4b1
115338,111621,2,2,13,d6906a29083bb4b1
123032,120621,3,2,14,d6906a29083bb4b1
133767,130856,2,2,15,d6906a29083bb4b1
143213,138006,2,2,16,d6906a29083bb4b1
154993,149692,3,2,17,d6906a29083bb4b1
161602,159506,3,2,18,d6906a29083bb4b1
8683,1,2,2,1,d77c622e68fdc2ca
15571,12240,2,3,2,d77c622e68fdc2ca
23504,17727,3,3,3,d77c622e68fdc2ca
28710,26615,3,3,4,d77c622e68fdc2ca
37457,34329,2,2,5,d77c622e68fdc2ca
46886,44149,3,3,6,d77c622e68fdc2ca
52327,49500,2,3,7,d77c622e68fdc2ca
56088,53921,2,3,8,d77c622e68fdc2ca
62317,59688,3,3,9,d77c622e68fdc2ca
69798,63789,2,2,10,d77c622e68fdc2ca
76077,73231,2,2,11,d77c622e68fdc2ca
84663,82622,3,2,12,d77c622e68fdc2ca
91724,88931,2,3,13,d77c622e68fdc2ca
97979,95284,2,3,14,d77c622e68fdc2ca
109990,104384,3,3,15,d77c622e68fdc2ca
114398,112314,2,3,16,d77c622e68fdc2ca
119513,117049,3,2,17,d77c622e68fdc2ca
131677,126838,2,2,18,d77c622e68fdc2ca
137185,135209,2,2,19,d77c622e68fdc2ca
142070,139818,3,2,20,d77c622e68fdc2ca
151568,145127,2,2,21,d77c622e68fdc2ca
158723,156148,2,3,22,d77c622e68fdc2ca
168535,163556,2,3,23,d77c622e68fdc2ca
176017,170351,2,3,24,d77c622e68fdc2ca
191039,188237,3,3,25,d77c622e68fdc2ca
199657,196184,3,2,26,d77c622e68fdc2ca
210535,202919,3,3,27,d77c622e68fdc2ca
222376,214422,2,2,28,d77c622e68fdc2ca
228068,225614,2,2,29,d77c622e68fdc2ca
3941,86,3,2,1,d78e33ef6effe70c
12606,9554,2,2,2,d78e33ef6effe70c
18110,15289,2,2,3,d78e33ef6effe70c
25387,20158,3,3,4,d78e33ef6effe70c
29457,26352,3,3,5,d78e33ef6effe70c
33591,30673,3,3,6,d78e33ef6effe70c
38758,36097,3,3,7,d78e33ef6effe70c
48588,45989,3,3,8,d78e33ef6effe70c
60090,52474,2,3,9,d78e33ef6effe70c
65676,63498,2,2,10,d78e33ef6effe70c
74755,72199,2,3,11,d78e33ef6effe70c
78044,75831,3,3,12,d78e33ef6effe70c
84674,81410,3,3,13,d78e33ef6effe70c
88432,85623,3,3,14,d78e33ef6effe70c
92616,89745,3,3,15,d78e33ef6effe70c
99348,96980,2,3,16,d78e33ef6effe70c
114250,106878,2,3,17,d78e33ef6effe70c
118322,115838,3,3,18,d78e33ef6effe70c
127673,124469,3,3,19,d78e33ef6effe70c
135925,133667,2,3,20,d78e33ef6effe70c
145764,143660,2,2,21,d78e33ef6effe70c
158967,152797,2,2,22,d78e33ef6effe70c
165032,162701,2,2,23,d78e33ef6effe70c
175998,172750,2,3,24,d78e33ef6effe70c
7925,356,3,2,1,d7fdcb079df7beb6
16301,11705,3,3,2,d7fdcb079df7beb6
20499,18049,2,2,3,d7fdcb079df7beb6
27927,25829,2,2,4,d7fdcb079df7beb6
33398,30177,2,2,5,d7fdcb079df7beb6
40087,34190,3,3,6,d7fdcb079df7beb6
45766,43279,2,2,7,d7fdcb079df7beb6
57185,52867,2,2,8,d7fdcb079df7beb6
68072,61346,3,2,9,d7fdcb079df7beb6
76732,71499,2,2,10,d7fdcb079df7beb6
90321,83123,3,2,11,d7fdcb079df7beb6
96490,94267,3,2,12,d7fdcb079df7beb6
115953,101952,3,3,13,d7fdcb079df7beb6
119592,117422,3,3,14,d7fdcb079df7beb6
132833,125759,3,3,15,d7fdcb079df7beb6
4263,90,2,3,1,d80c62ce8d30388d
10425,7395,3,3,2,d80c62ce8d30388d
19680,13636,2,2,3,d80c62ce8d30388d
27605,24272,3,3,4,d80c62ce8d30388d
34782,32189,2,2,5,d80c62ce8d30388d
42984,38675,2,2,6,d80c62ce8d30388d
52285,48087,3,3,7,d80c62ce8d30388d
57919,55864,2,2,8,d80c62ce8d30388d
72477,65897,2,2,9,d80c62ce8d30388d
77257,74333,2,2,10,d80c62ce8d30388d
80690,77857,2,2,11,d80c62ce8d30388d
89880,86519,3,3,12,d80c62ce8d30388d
99299,95643,2,2,13,d80c62ce8d30388d
107866,102855,2,3,14,d80c62ce8d30388d
114354,110854,3,3,15,d80c62ce8d30388d
119986,117223,3,3,16,d80c62ce8d30388d
122749,120494,3,3,17,d80c62ce8d30388d
135975,128617,3,3,18,d80c62ce8d30388d
146102,138767,3,2,19,d80c62ce8d30388d
154431,151808,2,3,20,d80c62ce8d30388d
3919,1002,2,2,1,daf3cadd0361be34
7971,6042,2,2,2,daf3cadd0361be34
13370,10666,3,3,3,daf3cadd0361be34
21295,18785,2,2,4,daf3cadd0361be34
26615,23857,2,2,5,daf3cadd0361be34
31850,29314,2,3,6,daf3cadd0361be34
39461,35691,2,3,7,daf3cadd0361be34
47313,44229,3,3,8,daf3cadd0361be34
53350,49056,3,2,9,daf3cadd0361be34
59404,56319,2,2,10,daf3cadd0361be34
64650,62539,3,3,11,daf3cadd0361be34
72227,66377,2,2,12,daf3cadd0361be34
77416,74547,2,2,13,daf3cadd0361be34
86620,80633,3,2,14,daf3cadd0361be34
93354,87531,2,3,15,daf3cadd0361be34
98231,96314,2,3,16,daf3cadd0361be34
108537,104939,3,3,17,daf3cadd0361be34
111852,109963,3,2,18,daf3cadd0361be34
117432,115259,2,2,19,daf3cadd0361be34
124194,121940,2,2,20,daf3cadd0361be34
129528,127029,3,3,21,daf3cadd0361be34
138168,133731,2,3,22,daf3cadd0361be34
144316,142291,3,2,23,daf3cadd0361be34
158895,153913,3,2,24,daf3cadd0361be34
163617,160537,3,3,25,daf3cadd0361be34
172957,167041,3,3,26,daf3cadd0361be34
177992,176018,3,2,27,daf3cadd0361be34
184701,180986,2,2,28,daf3cadd0361be34
193833,188675,3,3,29,daf3cadd0361be34
200177,196413,3,3,30,daf3cadd0361be34
209085,206523,2,2,31,daf3cadd0361be34
216193,212839,3,3,32,daf3cadd0361be34
226035,220494,3,3,33,daf3cadd0361be34
233697,227001,3,2,34,daf3cadd0361be34
241152,236916,2,3,35,daf3cadd0361be34
249378,246480,2,2,36,daf3cadd0361be34
6189,1,3,3,1,db75c50cfcf84926
34403,9659,3,3,2,db75c50cfcf84926
39697,36082,3,3,3,db75c50cfcf84926
49834,43831,3,3,4,db75c50cfcf84926
57326,52750,2,2,5,db75c50cfcf84926
4473,121,3,2,1,dc1a3ea81c1f9b20
9160,5970,2,2,2,dc1a3ea81c1f9b20
15912,13708,3,3,3,dc1a3ea81c1f9b20
21582,17718,3,3,4,dc1a3ea81c1f9b20
26798,24517,3,3,5,dc1a3ea81c1f9b20
34129,30696,2,2,6,dc1a3ea81c1f9b20
44214,38089,3,2,7,dc1a3ea81c1f9b20
51372,48773,2,3,8,dc1a3ea81c1f9b20
59941,57383,3,3,9,dc1a3ea81c1f9b20
67686,65138,3,3,10,dc1a3ea81c1f9b20
73487,70919,2,2,11,dc1a3ea81c1f9b20
81466,78374,2,2,12,dc1a3ea81c1f9b20
89475,85971,3,3,13,dc1a3ea81c1f9b20
92789,90709,3,3,14,dc1a3ea81c1f9b20
98201,96013,3,3,15,dc1a3ea81c1f9b20
106471,104361,3,3,16,dc1a3ea81c1f9b20
111632,107885,3,2,17,dc1a3ea81c1f9b20
119172,116649,3,3,18,dc1a3ea81c1f9b20
125700,122797,3,3,19,dc1a3ea81c1f9b20
135528,131709,2,2,20,dc1a3ea81c1f9b20
141280,139119,3,2,21,dc1a3ea81c1f9b20
148118,145962,2,2,22,dc1a3ea81c1f9b20
156444,153656,3,2,23,dc1a3ea81c1f9b20
166121,163102,3,3,24,dc1a3ea81c1f9b20
5853,10,3,3,1,dc37112aceedfa21
15316,11736,2,3,2,dc37112aceedfa21
23861,20219,2,3,3,dc37112aceedfa21
34291,29179,3,3,4,dc37112aceedfa21
37507,35367,3,3,5,dc37112aceedfa21
3833,1,2,2,1,dc92a0e1d230258
8580,6394,3,3,2,dc92a0e1d230258
12240,9357,3,3,3,dc92a0e1d230258
17802,15223,3,3,4,dc92a0e1d230258
22082,18527,2,3,5,dc92a0e1d230258
30041,27487,3,3,6,dc92a0e1d230258
38354,34883,3,2,7,dc92a0e1d230258
46082,42360,3,3,8,dc92a0e1d230258
54628,48697,3,3,9,dc92a0e1d230258
63672,60265,3,3,10,dc92a0e1d230258
70421,67494,2,2,11,dc92a0e1d230258
75191,72917,3,3,12,dc92a0e1d230258
4507,72,2,2,1,dcc113f1689d80de
46262,8148,2,2,2,dcc113f1689d80de
53672,50297,3,3,3,dcc113f1689d80de
63523,58975,3,2,4,dcc113f1689d80de
83796,69228,2,3,5,dcc113f1689d80de
92282,89267,3,3,6,dcc113f1689d80de
99449,96917,3,2,7,dcc113f1689d80de
108104,105420,3,3,8,dcc113f1689d80de
116899,114380,2,2,9,dcc113f1689d80de
125087,120682,2,3,10,dcc113f1689d80de
135952,130625,3,3,11,dcc113f1689d80de
145588,142631,3,3,12,dcc113f1689d80de
153993,150182,3,3,13,dcc113f1689d80de
159481,156896,3,3,14,dcc113f1689d80de
163261,160862,3,3,15,dcc113f1689d80de
168454,165925,3,2,16,dcc113f1689d80de
175652,172577,3,3,17,dcc113f1689d80de
184941,181537,3,3,18,dcc113f1689d80de
196253,190497,3,3,19,dcc113f1689d80de
208211,202036,3,3,20,dcc113f1689d80de
211848,209419,2,3,21,dcc113f1689d80de
4975,1,3,3,1,dd1e9d956253db5e
9686,6825,2,2,2,dd1e9d956253db5e
27655,25456,3,2,4,dd1e9d956253db5e
42745,33330,3,2,5,dd1e9d956253db5e
56907,51106,2,2,6,dd1e9d956253db5e
64370,62106,3,2,7,dd1e9d956253db5e
73869,70173,3,3,8,dd1e9d956253db5e
83317,78315,3,3,9,dd1e9d956253db5e
90446,88252,3,2,10,dd1e9d956253db5e
101236,98393,2,3,11,dd1e9d956253db5e
109549,107353,2,2,12,dd1e9d956253db5e
126383,112300,3,3,13,dd1e9d956253db5e
134867,131778,3,3,14,dd1e9d956253db5e
140012,137776,3,3,15,dd1e9d956253db5e
147579,142376,3,3,16,dd1e9d956253db5e
154200,151315,3,3,17,dd1e9d956253db5e
3858,86,2,2,1,de841a4031883d6d
9750,7519,2,2,2,de841a4031883d6d
24134,13475,3,2,3,de841a4031883d6d
30468,27297,2,2,4,de841a4031883d6d
42280,37468,3,2,5,de841a4031883d6d
50658,48113,3,2,6,de841a4031883d6d
57705,55649,3,3,7,de841a4031883d6d
71044,67170,3,3,8,de841a4031883d6d
80104,77463,3,2,9,de841a4031883d6d
90273,86291,2,2,10,de841a4031883d6d
101364,95243,2,2,11,de841a4031883d6d
109817,105202,2,2,12,de841a4031883d6d
121414,115523,2,2,13,de841a4031883d6d
127632,125219,2,2,14,de841a4031883d6d
134281,131713,2,2,15,de841a4031883d6d
140426,135547,2,2,16,de841a4031883d6d
151576,146593,3,3,17,de841a4031883d6d
158193,155553,3,3,18,de841a4031883d6d
167672,164251,3,3,19,de841a4031883d6d
1626,1,3,3,1,df0b525227844b7c
8269,4477,2,2,3,df0b525227844b7c
13511,11333,2,2,4,df0b525227844b7c
20450,17277,3,3,5,df0b525227844b7c
27998,26236,2,3,6,df0b525227844b7c
38656,34473,3,3,7,df0b525227844b7c
41574,39503,3,2,8,df0b525227844b7c
48203,45773,2,2,9,df0b525227844b7c
61955,55862,3,2,10,df0b525227844b7c
69732,63993,3,2,11,df0b525227844b7c
75367,73378,3,2,12,df0b525227844b7c
85197,80190,2,3,13,df0b525227844b7c
96081,89736,3,2,14,df0b525227844b7c
104526,100978,3,3,15,df0b525227844b7c
108717,105711,3,3,16,df0b525227844b7c
116026,111431,3,2,17,df0b525227844b7c
124749,122191,2,2,18,df0b525227844b7c
131246,128543,3,3,19,df0b525227844b7c
135480,133695,3,3,20,df0b525227844b7c
144703,141337,3,2,21,df0b525227844b7c
150374,147774,3,2,22,df0b525227844b7c
156895,153531,2,2,23,df0b525227844b7c
165711,161903,3,2,24,df0b525227844b7c
172838,170512,3,2,25,df0b525227844b7c
177248,173791,3,2,26,df0b525227844b7c
187708,185646,2,3,27,df0b525227844b7c
194890,190786,3,3,28,df0b525227844b7c
205979,201359,3,3,29,df0b525227844b7c
212197,209824,2,3,30,df0b525227844b7c
220454,217839,3,2,31,df0b525227844b7c
4553,1,2,2,1,df630d5eeb08a6d
11476,6577,2,2,2,df630d5eeb08a6d
17760,15232,3,3,3,df630d5eeb08a6d
28292,23389,2,2,4,df630d5eeb08a6d
38453,34607,2,2,5,df630d5eeb08a6d
47479,45166,2,3,6,df630d5eeb08a6d
58457,51210,3,3,7,df630d5eeb08a6d
64437,61423,3,3,8,df630d5eeb08a6d
73777,70530,3,3,9,df630d5eeb08a6d
80646,77998,2,3,10,df630d5eeb08a6d
87319,84642,3,3,11,df630d5eeb08a6d
90977,88393,2,2,12,df630d5eeb08a6d
117445,97602,3,3,13,df630d5eeb08a6d
123602,120389,3,3,14,df630d5eeb08a6d
130784,125161,3,3,15,df630d5eeb08a6d
133764,131609,3,3,16,df630d5eeb08a6d
146375,139921,2,2,17,df630d5eeb08a6d
154390,149666,2,2,18,df630d5eeb08a6d
160263,157696,2,2,19,df630d5eeb08a6d
167580,161249,2,2,20,df630d5eeb08a6d
176252,173090,2,3,21,df630d5eeb08a6d
185819,178325,2,2,22,df630d5eeb08a6d
192426,189561,3,3,23,df630d5eeb08a6d
202310,195807,2,3,24,df630d5eeb08a6d
206541,204426,3,2,25,df630d5eeb08a6d
220538,216777,3,2,26,df630d5eeb08a6d
227371,224651,2,2,27,df630d5eeb08a6d
235024,232726,3,2,28,df630d5eeb08a6d
245551,241111,2,2,29,df630d5eeb08a6d
254788,251186,3,3,30,df630d5eeb08a6d
9037,5980,3,3,1,e097ff1c532969b1
14004,11849,3,3,2,e097ff1c532969b1
21234,18907,3,3,3,e097ff1c532969b1
31066,25836,3,3,4,e097ff1c532969b1
40399,36844,2,3,5,e097ff1c532969b1
49982,45932,2,3,6,e097ff1c532969b1
69964,52485,3,3,7,e097ff1c532969b1
74049,71242,3,3,8,e097ff1c532969b1
80809,77719,2,2,9,e097ff1c532969b1
123997,120880,3,3,10,e097ff1c532969b1
130156,126719,3,3,11,e097ff1c532969b1
136504,133730,2,2,12,e097ff1c532969b1
145845,141316,3,3,13,e097ff1c532969b1
152368,147689,3,3,14,e097ff1c532969b1
178061,155864,2,2,15,e097ff1c532969b1
184084,181847,3,2,16,e097ff1c532969b1
191537,189153,3,2,17,e097ff1c532969b1
3376,1,2,2,1,e0d75302c1915558
10423,7405,3,2,2,e0d75302c1915558
14873,12750,2,2,3,e0d75302c1915558
24105,19101,2,2,4,e0d75302c1915558
29623,27709,2,2,5,e0d75302c1915558
38353,35384,2,2,6,e0d75302c1915558
47509,42345,3,2,7,e0d75302c1915558
52739,50279,2,2,8,e0d75302c1915558
62892,60110,3,3,9,e0d75302c1915558
68824,64766,2,3,10,e0d75302c1915558
73156,70596,3,3,11,e0d75302c1915558
83701,80578,3,2,12,e0d75302c1915558
91695,88112,2,2,13,e0d75302c1915558
109845,103315,3,3,15,e0d75302c1915558
118527,112275,3,3,16,e0d75302c1915558
127492,122882,3,2,17,e0d75302c1915558
138626,135748,2,2,18,e0d75302c1915558
144887,142193,2,2,19,e0d75302c1915558
152610,146127,3,2,20,e0d75302c1915558
161949,157051,3,2,21,e0d75302c1915558
171470,166221,3,3,22,e0d75302c1915558
179001,174896,2,2,23,e0d75302c1915558
188588,186056,2,2,24,e0d75302c1915558
200734,198508,2,2,25,e0d75302c1915558
214111,208923,2,2,26,e0d75302c1915558
224658,217169,3,2,27,e0d75302c1915558
234274,227413,3,3,28,e0d75302c1915558
7212,4061,3,3,1,e13101daf8f9056b
11261,8157,3,3,2,e13101daf8f9056b
16212,14022,2,3,3,e13101daf8f9056b
21715,19569,2,2,4,e13101daf8f9056b
29557,26624,3,2,5,e13101daf8f9056b
36864,33606,2,2,6,e13101daf8f9056b
40671,37494,3,2,7,e13101daf8f9056b
49778,46565,2,2,8,e13101daf8f9056b
55526,53193,3,2,9,e13101daf8f9056b
66508,62976,2,2,10,e13101daf8f9056b
74664,72419,3,3,11,e13101daf8f9056b
80237,75647,2,3,12,e13101daf8f9056b
91201,86513,2,2,13,e13101daf8f9056b
96940,94100,2,2,14,e13101daf8f9056b
101286,98701,2,2,15,e13101daf8f9056b
108169,105321,2,2,16,e13101daf8f9056b
114108,111855,2,3,17,e13101daf8f9056b
122269,118990,2,2,18,e13101daf8f9056b
129535,126503,3,2,19,e13101daf8f9056b
135592,133096,3,3,20,e13101daf8f9056b
145950,141183,2,2,21,e13101daf8f9056b
151998,149639,3,3,22,e13101daf8f9056b
161749,159422,3,2,23,e13101daf8f9056b
3359,1,2,3,1,e2171f5401c3287e
10723,6984,3,3,2,e2171f5401c3287e
18763,15944,3,2,3,e2171f5401c3287e
25803,23421,3,3,4,e2171f5401c3287e
35592,32757,3,3,5,e2171f5401c3287e
42616,36946,2,3,6,e2171f5401c3287e
49599,45927,2,3,7,e2171f5401c3287e
57786,54785,2,2,8,e2171f5401c3287e
9532,5208,2,2,1,e2299fe3e7eab280
17197,12740,2,2,2,e2299fe3e7eab280
25291,20865,2,2,3,e2299fe3e7eab280
32706,27791,2,2,4,e2299fe3e7eab280
43739,37057,2,3,5,e2299fe3e7eab280
47852,45907,2,3,6,e2299fe3e7eab280
55723,52901,3,3,7,e2299fe3e7eab280
69800,62882,2,2,8,e2299fe3e7eab280
76169,72815,3,2,9,e2299fe3e7eab280
81100,78432,3,2,10,e2299fe3e7eab280
90019,87918,3,2,11,e2299fe3e7eab280
97788,93605,2,3,12,e2299fe3e7eab280
107262,104952,3,2,13,e2299fe3e7eab280
115245,110650,2,3,14,e2299fe3e7eab280
123685,118650,3,3,15,e2299fe3e7eab280
127777,125568,2,3,16,e2299fe3e7eab280
140183,134656,3,3,17,e2299fe3e7eab280
146843,144496,2,2,18,e2299fe3e7eab280
157628,155272,2,2,19,e2299fe3e7eab280
166565,162831,3,3,20,e2299fe3e7eab280
3182,1,3,3,1,e2bf3b12c9a923b7
11358,7617,2,3,2,e2bf3b12c9a923b7
16923,15259,2,3,3,e2bf3b12c9a923b7
25709,24081,2,2,4,e2bf3b12c9a923b7
37131,34977,2,2,5,e2bf3b12c9a923b7
42119,39819,2,2,6,e2bf3b12c9a923b7
54560,47086,2,2,7,e2bf3b12c9a923b7
58530,56555,3,2,8,e2bf3b12c9a923b7
65905,63849,2,2,9,e2bf3b12c9a923b7
75233,70821,2,2,10,e2bf3b12c9a923b7
84664,82263,2,2,11,e2bf3b12c9a923b7
92296,90340,3,3,12,e2bf3b12c9a923b7
104881,100149,2,2,13,e2bf3b12c9a923b7
107846,105930,2,2,14,e2bf3b12c9a923b7
119838,111217,3,2,15,e2bf3b12c9a923b7
126289,122130,2,2,16,e2bf3b12c9a923b7
130453,128490,2,3,17,e2bf3b12c9a923b7
141902,136663,3,3,18,e2bf3b12c9a923b7
148452,143445,2,3,19,e2bf3b12c9a923b7
153743,151553,2,2,20,e2bf3b12c9a923b7
159421,157788,2,2,21,e2bf3b12c9a923b7
162792,160041,3,3,22,e2bf3b12c9a923b7
172823,170822,2,2,23,e2bf3b12c9a923b7
181116,176757,3,3,24,e2bf3b12c9a923b7
8549,357,2,3,1,e2e1f4eaf176d94f
16207,10292,3,3,2,e2e1f4eaf176d94f
19704,17629,2,3,3,e2e1f4eaf176d94f
29015,25172,3,3,4,e2e1f4eaf176d94f
34341,30685,3,3,5,e2e1f4eaf176d94f
44661,41074,3,2,6,e2e1f4eaf176d94f
57241,52077,3,3,7,e2e1f4eaf176d94f
66013,63408,2,3,8,e2e1f4eaf176d94f
75911,73937,3,3,9,e2e1f4eaf176d94f
86711,82751,2,2,10,e2e1f4eaf176d94f
94938,90920,2,2,11,e2e1f4eaf176d94f
105205,103070,2,3,12,e2e1f4eaf176d94f
124004,109440,2,2,13,e2e1f4eaf176d94f
132015,126257,2,2,14,e2e1f4eaf176d94f
141042,136866,3,2,15,e2e1f4eaf176d94f
151412,146236,3,3,16,e2e1f4eaf176d94f
154746,152690,3,3,17,e2e1f4eaf176d94f
165266,159806,3,3,18,e2e1f4eaf176d94f
170446,167729,3,2,19,e2e1f4eaf176d94f
2905,67,3,3,1,e330e456b4db80a4
8099,4994,3,2,2,e330e456b4db80a4
20454,14777,3,2,3,e330e456b4db80a4
27270,24413,3,2,4,e330e456b4db80a4
35426,32753,2,2,5,e330e456b4db80a4
46516,43504,2,2,6,e330e456b4db80a4
54657,51243,3,3,7,e330e456b4db80a4
60361,58256,3,3,8,e330e456b4db80a4
67049,64777,3,3,9,e330e456b4db80a4
71688,69179,2,3,10,e330e456b4db80a4
80072,77024,2,3,11,e330e456b4db80a4
85658,83057,2,2,12,e330e456b4db80a4
95450,89155,3,3,13,e330e456b4db80a4
99732,97550,2,3,14,e330e456b4db80a4
105444,103169,2,2,15,e330e456b4db80a4
114910,112188,3,3,16,e330e456b4db80a4
125177,120894,2,3,17,e330e456b4db80a4
130348,127743,3,3,18,e330e456b4db80a4
135426,132184,3,2,19,e330e456b4db80a4
145599,142685,2,3,20,e330e456b4db80a4
152392,150155,2,2,21,e330e456b4db80a4
163803,156550,2,3,22,e330e456b4db80a4
3193,1,2,2,1,e35174bc8b5c3b9
11747,5397,2,2,2,e35174bc8b5c3b9
20662,15362,3,2,3,e35174bc8b5c3b9
26717,23070,2,3,4,e35174bc8b5c3b9
34112,31608,2,2,5,e35174bc8b5c3b9
42406,40223,3,3,6,e35174bc8b5c3b9
51253,47650,2,2,7,e35174bc8b5c3b9
58510,56537,3,3,8,e35174bc8b5c3b9
67634,65625,3,3,9,e35174bc8b5c3b9
80776,78736,3,3,10,e35174bc8b5c3b9
110616,87430,3,3,11,e35174bc8b5c3b9
117167,114340,3,3,12,e35174bc8b5c3b9
123731,120218,3,3,13,e35174bc8b5c3b9
132844,128750,3,3,14,e35174bc8b5c3b9
139826,136338,3,3,15,e35174bc8b5c3b9
146037,143754,2,3,16,e35174bc8b5c3b9
155535,152726,3,3,17,e35174bc8b5c3b9
160460,157260,3,3,18,e35174bc8b5c3b9
165239,161424,3,3,19,e35174bc8b5c3b9
171441,167596,3,3,20,e35174bc8b5c3b9
6842,4061,2,3,1,e3542081c758cc39
14199,11313,3,3,2,e3542081c758cc39
19009,14957,2,2,3,e3542081c758cc39
30525,24732,2,2,4,e3542081c758cc39
37283,34892,2,2,5,e3542081c758cc39
44378,41509,2,2,6,e3542081c758cc39
55139,50368,2,2,7,e3542081c758cc39
61330,59066,3,3,8,e3542081c758cc39
70226,67988,3,3,9,e3542081c758cc39
78189,76097,3,3,10,e3542081c758cc39
85480,82055,3,3,11,e3542081c758cc39
92049,87017,2,2,12,e3542081c758cc39
100267,97045,2,3,13,e3542081c758cc39
104373,102101,2,3,14,e3542081c758cc39
112611,109636,3,3,15,e3542081c758cc39
122777,118991,3,3,16,e3542081c758cc39
126214,124407,2,3,17,e3542081c758cc39
140303,135692,3,2,18,e3542081c758cc39
144440,142408,2,2,19,e3542081c758cc39
154291,152066,2,3,20,e3542081c758cc39
167550,162192,2,2,21,e3542081c758cc39
176158,173725,2,2,22,e3542081c758cc39
186532,184067,2,2,23,e3542081c758cc39
202352,194730,3,3,24,e3542081c758cc39
3274,85,3,3,1,e46a1f71da43fd96
8027,5378,3,3,2,e46a1f71da43fd96
12252,8457,3,2,3,e46a1f71da43fd96
18699,16607,3,2,4,e46a1f71da43fd96
30042,22340,3,2,5,e46a1f71da43fd96
36226,33591,3,2,6,e46a1f71da43fd96
40733,38112,3,2,7,e46a1f71da43fd96
48595,46553,2,2,8,e46a1f71da43fd96
59659,53253,3,3,9,e46a1f71da43fd96
68304,62053,3,3,10,e46a1f71da43fd96
72008,70051,3,3,11,e46a1f71da43fd96
81595,73495,3,3,12,e46a1f71da43fd96
90570,83791,3,3,13,e46a1f71da43fd96
97800,93003,3,3,14,e46a1f71da43fd96
102050,99702,3,3,15,e46a1f71da43fd96
109114,105259,3,2,16,e46a1f71da43fd96
115639,111425,2,2,17,e46a1f71da43fd96
125111,121137,2,2,18,e46a1f71da43fd96
129116,126665,3,2,19,e46a1f71da43fd96
135450,133848,2,2,20,e46a1f71da43fd96
146480,144226,2,2,21,e46a1f71da43fd96
158282,156438,2,3,22,e46a1f71da43fd96
170862,165070,2,2,23,e46a1f71da43fd96
1819,1,3,3,1,e5ace43e2b81803c
6719,4475,3,3,3,e5ace43e2b81803c
14987,7549,3,3,4,e5ace43e2b81803c
18983,16422,3,3,5,e5ace43e2b81803c
23943,21536,2,2,6,e5ace43e2b81803c
31472,28477,3,3,7,e5ace43e2b81803c
36946,34478,3,3,8,e5ace43e2b81803c
45848,43598,3,3,9,e5ace43e2b81803c
54064,49152,3,3,10,e5ace43e2b81803c
61051,58449,3,3,11,e5ace43e2b81803c
71814,67010,3,3,12,e5ace43e2b81803c
78492,76098,3,3,13,e5ace43e2b81803c
85319,80984,3,3,14,e5ace43e2b81803c
92818,89145,3,3,15,e5ace43e2b81803c
99421,96490,3,3,16,e5ace43e2b81803c
107025,101976,2,2,17,e5ace43e2b81803c
118034,112481,3,2,18,e5ace43e2b81803c
6382,117,3,3,1,e64b250d5f25d9ed
16263,11186,3,3,2,e64b250d5f25d9ed
21485,19116,3,3,3,e64b250d5f25d9ed
29425,25315,2,3,4,e64b250d5f25d9ed
37508,32440,3,3,5,e64b250d5f25d9ed
40512,38454,2,2,6,e64b250d5f25d9ed
98164,45924,2,2,7,e64b250d5f25d9ed
105331,102513,3,3,8,e64b250d5f25d9ed
114671,112414,3,3,9,e64b250d5f25d9ed
120470,118927,2,2,10,e64b250d5f25d9ed
130222,128620,2,3,11,e64b250d5f25d9ed
139249,136917,2,2,12,e64b250d5f25d9ed
146974,143735,2,2,13,e64b250d5f25d9ed
154321,152199,2,2,14,e64b250d5f25d9ed
157682,155663,2,2,15,e64b250d5f25d9ed
163443,160377,3,3,16,e64b250d5f25d9ed
173537,165476,3,3,17,e64b250d5f25d9ed
177607,174436,3,3,18,e64b250d5f25d9ed
184014,182392,2,3,19,e64b250d5f25d9ed
195854,191884,2,2,20,e64b250d5f25d9ed
200392,198821,3,3,21,e64b250d5f25d9ed
208075,205347,3,3,22,e64b250d5f25d9ed
216484,214307,3,3,23,e64b250d5f25d9ed
229921,224417,3,3,24,e64b250d5f25d9ed
234438,231600,3,3,25,e64b250d5f25d9ed
242693,239350,3,3,26,e64b250d5f25d9ed
252843,246298,2,2,27,e64b250d5f25d9ed
288409,255130,2,2,28,e64b250d5f25d9ed
292398,289942,2,2,29,e64b250d5f25d9ed
3040,1,3,3,1,e7a1c6d322024c54
8606,4126,3,3,2,e7a1c6d322024c54
14849,10022,3,2,3,e7a1c6d322024c54
21524,18623,2,3,4,e7a1c6d322024c54
29108,25488,3,3,5,e7a1c6d322024c54
35660,31852,2,3,6,e7a1c6d322024c54
42761,37667,3,3,7,e7a1c6d322024c54
49491,46905,2,3,8,e7a1c6d322024c54
55042,53031,2,2,9,e7a1c6d322024c54
64057,61493,3,2,10,e7a1c6d322024c54
73874,71207,2,2,11,e7a1c6d322024c54
82166,76985,2,2,12,e7a1c6d322024c54
90918,85507,3,3,13,e7a1c6d322024c54
96750,92247,3,3,14,e7a1c6d322024c54
101090,98326,3,3,15,e7a1c6d322024c54
112887,108347,2,2,16,e7a1c6d322024c54
121298,116383,2,2,17,e7a1c6d322024c54
129031,126767,3,2,18,e7a1c6d322024c54
137698,134493,2,3,19,e7a1c6d322024c54
146163,142077,3,3,20,e7a1c6d322024c54
154743,148473,3,3,21,e7a1c6d322024c54
161309,156601,2,2,22,e7a1c6d322024c54
169351,165347,2,2,23,e7a1c6d322024c54
180690,176555,2,3,24,e7a1c6d322024c54
190822,184288,2,2,25,e7a1c6d322024c54
198137,194709,3,2,26,e7a1c6d322024c54
207722,204426,3,3,27,e7a1c6d322024c54
215671,213265,2,3,28,e7a1c6d322024c54
226039,221265,2,2,29,e7a1c6d322024c54
234454,231308,2,2,30,e7a1c6d322024c54
243959,241346,3,3,31,e7a1c6d322024c54
252970,249253,3,3,32,e7a1c6d322024c54
264722,258460,3,2,33,e7a1c6d322024c54
270265,267455,2,2,34,e7a1c6d322024c54
277709,274729,3,3,35,e7a1c6d322024c54
291095,283648,2,2,36,e7a1c6d322024c54
7373,5345,2,3,1,e7a2e289382096bd
17892,13051,2,2,2,e7a2e289382096bd
23916,19849,2,2,3,e7a2e289382096bd
30258,27940,3,3,4,e7a2e289382096bd
35504,32340,2,2,5,e7a2e289382096bd
43885,39170,3,3,6,e7a2e289382096bd
51408,45754,2,3,7,e7a2e289382096bd
58016,54922,3,3,8,e7a2e289382096bd
66183,64138,2,3,9,e7a2e289382096bd
72695,70632,3,3,10,e7a2e289382096bd
80268,76930,2,3,11,e7a2e289382096bd
88465,83904,2,2,12,e7a2e289382096bd
95287,92631,2,2,13,e7a2e289382096bd
104488,97169,2,2,14,e7a2e289382096bd
112971,107175,3,2,15,e7a2e289382096bd
120647,116755,3,2,16,e7a2e289382096bd
128622,125949,2,2,17,e7a2e289382096bd
846,1,3,3,1,e83d3bbfedc9df7a
10269,7319,2,2,2,e83d3bbfedc9df7a
19798,14032,3,2,3,e83d3bbfedc9df7a
26885,23998,2,2,4,e83d3bbfedc9df7a
36961,30733,3,2,5,e83d3bbfedc9df7a
46226,43319,3,3,6,e83d3bbfedc9df7a
61904,52875,2,2,7,e83d3bbfedc9df7a
67649,65664,2,2,8,e83d3bbfedc9df7a
77876,75866,3,2,9,e83d3bbfedc9df7a
85191,82486,2,2,10,e83d3bbfedc9df7a
94700,92698,2,2,11,e83d3bbfedc9df7a
103323,100109,2,2,12,e83d3bbfedc9df7a
113970,109649,2,3,13,e83d3bbfedc9df7a
121197,116102,2,3,14,e83d3bbfedc9df7a
125835,123073,3,3,15,e83d3bbfedc9df7a
2596,96,2,2,1,e84bb6eb99f991ea
10195,6729,3,3,2,e84bb6eb99f991ea
13643,11899,3,3,3,e84bb6eb99f991ea
16674,14590,3,3,4,e84bb6eb99f991ea
21104,18353,2,3,5,e84bb6eb99f991ea
32332,29461,3,3,6,e84bb6eb99f991ea
37639,32927,2,3,7,e84bb6eb99f991ea
45569,42188,3,3,8,e84bb6eb99f991ea
51605,46934,3,3,9,e84bb6eb99f991ea
63211,59608,3,3,10,e84bb6eb99f991ea
67559,65570,3,3,11,e84bb6eb99f991ea
72302,69710,3,3,12,e84bb6eb99f991ea
76500,73261,3,2,13,e84bb6eb99f991ea
80386,78366,3,2,14,e84bb6eb99f991ea
2845,61,3,3,1,e89633500c24ccd
7717,5306,3,3,2,e89633500c24ccd
10493,8536,2,2,3,e89633500c24ccd
22278,18149,3,3,4,e89633500c24ccd
31216,27012,2,2,5,e89633500c24ccd
41204,36424,3,2,6,e89633500c24ccd
52342,50035,2,2,7,e89633500c24ccd
59498,57002,2,2,8,e89633500c24ccd
63218,60643,2,2,9,e89633500c24ccd
81884,67671,3,3,10,e89633500c24ccd
89027,86506,2,3,11,e89633500c24ccd
99008,95945,3,3,12,e89633500c24ccd
105036,102586,2,2,13,e89633500c24ccd
114942,107689,2,2,14,e89633500c24ccd
117966,115811,3,3,15,e89633500c24ccd
123409,120474,2,3,16,e89633500c24ccd
131507,128482,3,3,17,e89633500c24ccd
136647,134319,2,2,18,e89633500c24ccd
145954,143779,3,3,19,e89633500c24ccd
150919,148100,3,3,20,e89633500c24ccd
155327,151829,2,2,21,e89633500c24ccd
160863,157549,2,2,22,e89633500c24ccd
170413,164572,3,2,23,e89633500c24ccd
175613,173119,3,2,24,e89633500c24ccd
10397,375,2,2,1,e8f474c3c333dd85
17207,12532,2,2,2,e8f474c3c333dd85
39773,24235,2,2,3,e8f474c3c333dd85
49651,44503,3,3,4,e8f474c3c333dd85
55966,52386,2,3,5,e8f474c3c333dd85
62380,59284,3,3,6,e8f474c3c333dd85
67474,64642,3,3,7,e8f474c3c333dd85
78813,76088,3,3,8,e8f474c3c333dd85
84340,82064,3,2,9,e8f474c3c333dd85
98240,93000,2,2,10,e8f474c3c333dd85
105072,101625,3,2,11,e8f474c3c333dd85
113563,109897,3,3,12,e8f474c3c333dd85
131345,117894,3,3,13,e8f474c3c333dd85
134794,132582,2,2,14,e8f474c3c333dd85
142776,138919,3,3,15,e8f474c3c333dd85
147159,143906,3,3,16,e8f474c3c333dd85
155357,152677,2,3,17,e8f474c3c333dd85
165325,162896,2,2,18,e8f474c3c333dd85
177170,173351,2,2,19,e8f474c3c333dd85
188769,184606,2,2,20,e8f474c3c333dd85
197725,193942,3,3,21,e8f474c3c333dd85
205046,200918,2,2,22,e8f474c3c333dd85
212450,210401,2,2,23,e8f474c3c333dd85
226171,222506,3,3,24,e8f474c3c333dd85
233532,230431,2,2,25,e8f474c3c333dd85
244441,237335,3,2,26,e8f474c3c333dd85
253306,248826,3,3,27,e8f474c3c333dd85
265562,258014,3,3,28,e8f474c3c333dd85
274362,271507,2,2,29,e8f474c3c333dd85
284255,282206,3,3,30,e8f474c3c333dd85
7643,52,3,3,1,e998a7363f8a47c5
16115,10345,3,2,2,e998a7363f8a47c5
25029,21804,2,2,3,e998a7363f8a47c5
33605,29270,3,2,4,e998a7363f8a47c5
40013,37433,3,3,5,e998a7363f8a47c5
49815,43762,3,3,6,e998a7363f8a47c5
55874,52667,3,2,7,e998a7363f8a47c5
63507,61465,2,2,8,e998a7363f8a47c5
72721,69397,2,3,9,e998a7363f8a47c5
81706,77963,3,3,10,e998a7363f8a47c5
93005,88939,2,3,11,e998a7363f8a47c5
98234,96177,2,2,12,e998a7363f8a47c5
107503,103853,2,2,13,e998a7363f8a47c5
112239,110079,2,2,14,e998a7363f8a47c5
120479,117730,3,3,15,e998a7363f8a47c5
128925,127060,3,2,16,e998a7363f8a47c5
136704,134950,3,3,17,e998a7363f8a47c5
148541,143910,2,3,18,e998a7363f8a47c5
153873,151636,3,3,19,e998a7363f8a47c5
159809,155233,2,3,20,e998a7363f8a47c5
170166,164193,3,3,21,e998a7363f8a47c5
177921,171243,3,3,22,e998a7363f8a47c5
5517,10,2,2,1,e9bbf2ce87ebb9e5
10654,8541,2,2,2,e9bbf2ce87ebb9e5
13764,11209,2,3,3,e9bbf2ce87ebb9e5
21636,14876,2,2,4,e9bbf2ce87ebb9e5
27757,24604,3,2,5,e9bbf2ce87ebb9e5
36238,29116,3,2,6,e9bbf2ce87ebb9e5
1985,1,3,3,1,eae6dc83883100f7
5168,2668,3,3,2,eae6dc83883100f7
13553,8553,3,2,3,eae6dc83883100f7
21963,15907,3,2,4,eae6dc83883100f7
28502,26318,2,2,5,eae6dc83883100f7
34437,31858,3,2,6,eae6dc83883100f7
39972,36262,2,2,7,eae6dc83883100f7
45554,43610,3,3,8,eae6dc83883100f7
55155,50689,2,3,9,eae6dc83883100f7
60263,56168,3,3,10,eae6dc83883100f7
68291,65533,3,2,11,eae6dc83883100f7
73501,71411,2,3,12,eae6dc83883100f7
84458,81417,3,3,13,eae6dc83883100f7
88997,86094,3,3,14,eae6dc83883100f7
94519,89691,2,2,15,eae6dc83883100f7
103371,98583,3,3,16,eae6dc83883100f7
112018,105946,3,3,17,eae6dc83883100f7
115103,112970,2,3,18,eae6dc83883100f7
121969,117117,3,3,19,eae6dc83883100f7
127122,124726,3,3,20,eae6dc83883100f7
9162,6311,2,2,1,eb5a051f41238642
19180,14145,2,2,2,eb5a051f41238642
28803,23363,2,3,3,eb5a051f41238642
38615,34620,2,2,4,eb5a051f41238642
49122,42263,2,2,5,eb5a051f41238642
55127,53017,2,2,6,eb5a051f41238642
66242,62982,3,3,7,eb5a051f41238642
76057,68835,3,3,8,eb5a051f41238642
88318,80688,3,3,9,eb5a051f41238642
93360,89776,3,3,10,eb5a051f41238642
104802,102437,2,3,11,eb5a051f41238642
110342,108154,2,3,12,eb5a051f41238642
123012,117339,3,3,13,eb5a051f41238642
128285,124158,3,2,14,eb5a051f41238642
135646,131828,3,3,15,eb5a051f41238642
145682,139852,2,2,16,eb5a051f41238642
159315,152682,3,2,17,eb5a051f41238642
167996,164266,3,2,18,eb5a051f41238642
175954,170538,3,2,19,eb5a051f41238642
188075,184345,3,3,20,eb5a051f41238642
196988,192152,3,3,21,eb5a051f41238642
206963,200274,3,3,22,eb5a051f41238642
210722,208360,3,2,23,eb5a051f41238642
3577,805,2,3,1,ece49016c38ed070
9602,6394,3,3,3,ece49016c38ed070
15425,10420,3,3,4,ece49016c38ed070
18386,16409,3,3,5,ece49016c38ed070
31028,27248,3,3,6,ece49016c38ed070
34587,32688,2,2,7,ece49016c38ed070
48082,43684,2,2,8,ece49016c38ed070
60015,53327,3,3,9,ece49016c38ed070
65965,62415,3,3,10,ece49016c38ed070
76972,71854,3,3,11,ece49016c38ed070
85610,80728,3,3,12,ece49016c38ed070
89123,86933,2,2,13,ece49016c38ed070
94212,91894,2,3,14,ece49016c38ed070
104403,100444,2,2,15,ece49016c38ed070
115359,109031,2,2,16,ece49016c38ed070
123286,119305,2,2,17,ece49016c38ed070
132994,129317,2,2,18,ece49016c38ed070
20916,1018,2,3,1,ecf6cb964847c53f
27630,25299,2,2,2,ecf6cb964847c53f
37042,34013,3,2,3,ecf6cb964847c53f
44439,40709,2,2,4,ecf6cb964847c53f
48969,46381,3,2,5,ecf6cb964847c53f
57048,53818,3,3,6,ecf6cb964847c53f
65324,61557,3,2,7,ecf6cb964847c53f
79597,72861,2,2,8,ecf6cb964847c53f
87181,85096,2,3,9,ecf6cb964847c53f
97362,94056,3,3,10,ecf6cb964847c53f
102789,98959,3,3,11,ecf6cb964847c53f
109699,107475,2,2,12,ecf6cb964847c53f
129627,116895,3,3,13,ecf6cb964847c53f
132939,130750,3,2,14,ecf6cb964847c53f
142373,136918,2,2,15,ecf6cb964847c53f
150019,145594,2,2,16,ecf6cb964847c53f
154944,152167,2,2,17,ecf6cb964847c53f
164847,159562,2,2,18,ecf6cb964847c53f
172505,169464,2,2,19,ecf6cb964847c53f
180034,177944,2,2,20,ecf6cb964847c53f
184508,181722,3,2,21,ecf6cb964847c53f
8137,5183,3,3,1,edbafc84cda128bd
16852,9964,3,3,2,edbafc84cda128bd
21916,19666,2,2,3,edbafc84cda128bd
35197,30413,3,3,4,edbafc84cda128bd
42576,37177,3,3,5,edbafc84cda128bd
50446,47672,3,3,6,edbafc84cda128bd
59028,54893,3,3,7,edbafc84cda128bd
67319,65276,3,3,8,edbafc84cda128bd
78525,75172,3,3,9,edbafc84cda128bd
93256,86012,2,2,10,edbafc84cda128bd
99508,97075,3,3,11,edbafc84cda128bd
109960,105744,2,2,12,edbafc84cda128bd
118762,116107,2,3,13,edbafc84cda128bd
126916,122582,2,3,14,edbafc84cda128bd
134321,129067,3,3,15,edbafc84cda128bd
139333,135591,2,2,16,edbafc84cda128bd
147894,144869,3,3,17,edbafc84cda128bd
156375,153957,3,3,18,edbafc84cda128bd
167165,163045,3,2,19,edbafc84cda128bd
173917,171696,3,2,20,edbafc84cda128bd
184365,181909,2,3,21,edbafc84cda128bd
193248,189840,3,2,22,edbafc84cda128bd
8630,3661,3,3,1,edcd62cbccc337c2
19061,11581,2,3,2,edcd62cbccc337c2
28455,26190,3,3,3,edcd62cbccc337c2
35744,32342,2,3,4,edcd62cbccc337c2
46001,43257,2,2,5,edcd62cbccc337c2
51777,49144,3,2,6,edcd62cbccc337c2
59687,57225,2,2,7,edcd62cbccc337c2
62582,60423,3,3,8,edcd62cbccc337c2
70897,65988,2,2,9,edcd62cbccc337c2
77746,74863,2,2,10,edcd62cbccc337c2
86417,83928,2,2,11,edcd62cbccc337c2
92558,90266,2,2,12,edcd62cbccc337c2
97791,95333,2,2,13,edcd62cbccc337c2
107379,103910,2,2,14,edcd62cbccc337c2
111084,108304,3,3,15,edcd62cbccc337c2
119341,113850,3,2,16,edcd62cbccc337c2
124552,121836,2,2,17,edcd62cbccc337c2
128680,125262,2,3,18,edcd62cbccc337c2
133819,129983,3,3,19,edcd62cbccc337c2
144515,141589,3,3,20,edcd62cbccc337c2
150265,147713,2,2,21,edcd62cbccc337c2
160156,156561,2,2,22,edcd62cbccc337c2
166899,164140,3,3,23,edcd62cbccc337c2
176169,171467,3,2,24,edcd62cbccc337c2
182249,179491,2,2,25,edcd62cbccc337c2
192105,186888,2,2,26,edcd62cbccc337c2
208183,196353,3,3,27,edcd62cbccc337c2
230912,225473,2,2,28,edcd62cbccc337c2
236468,233945,3,2,29,edcd62cbccc337c2
243586,239643,2,3,30,edcd62cbccc337c2
258062,247676,2,2,31,edcd62cbccc337c2
263061,260998,2,2,32,edcd62cbccc337c2
270368,268256,2,3,33,edcd62cbccc337c2
278340,275530,3,2,34,edcd62cbccc337c2
285986,283717,2,3,35,edcd62cbccc337c2
293597,291325,3,3,36,edcd62cbccc337c2
8593,5981,2,2,1,ede1b15d4aacbfeb
13298,11024,2,2,2,ede1b15d4aacbfeb
21142,18367,3,3,3,ede1b15d4aacbfeb
26305,22397,3,3,4,ede1b15d4aacbfeb
32700,30026,2,3,5,ede1b15d4aacbfeb
36939,34257,2,2,6,ede1b15d4aacbfeb
44479,42484,2,2,7,ede1b15d4aacbfeb
51012,47387,3,2,8,ede1b15d4aacbfeb
55201,52746,3,3,9,ede1b15d4aacbfeb
63915,61834,3,3,10,ede1b15d4aacbfeb
76739,71120,2,3,11,ede1b15d4aacbfeb
82178,79040,3,3,12,ede1b15d4aacbfeb
88551,86255,2,3,13,ede1b15d4aacbfeb
94944,91033,2,3,14,ede1b15d4aacbfeb
102668,97788,3,2,15,ede1b15d4aacbfeb
110705,107568,2,2,16,ede1b15d4aacbfeb
119760,114624,3,2,17,ede1b15d4aacbfeb
124149,122616,2,2,18,ede1b15d4aacbfeb
131849,130041,2,2,19,ede1b15d4aacbfeb
143466,137386,2,2,20,ede1b15d4aacbfeb
3182,121,3,3,1,ee2cfa583112bbed
11295,7200,2,2,2,ee2cfa583112bbed
19353,16775,2,2,3,ee2cfa583112bbed
24838,20935,2,2,4,ee2cfa583112bbed
29816,25965,2,2,5,ee2cfa583112bbed
35131,32996,3,2,6,ee2cfa583112bbed
42105,38699,3,2,7,ee2cfa583112bbed
51168,49595,2,2,8,ee2cfa583112bbed
61991,59412,2,2,9,ee2cfa583112bbed
73626,69871,3,3,10,ee2cfa583112bbed
83468,78831,3,3,11,ee2cfa583112bbed
93524,87243,2,2,12,ee2cfa583112bbed
100430,96191,3,2,13,ee2cfa583112bbed
108763,103221,2,2,14,ee2cfa583112bbed
113093,109532,2,2,15,ee2cfa583112bbed
120176,117448,2,2,16,ee2cfa583112bbed
133970,123900,3,3,17,ee2cfa583112bbed
147403,139037,3,2,18,ee2cfa583112bbed
159448,151382,2,2,19,ee2cfa583112bbed
165188,161783,3,3,20,ee2cfa583112bbed
168676,167052,2,2,21,ee2cfa583112bbed
185126,179397,3,3,22,ee2cfa583112bbed
191958,189888,2,2,23,ee2cfa583112bbed
200358,195183,3,3,24,ee2cfa583112bbed
9407,356,2,3,1,ee5f8be378a7deef
17068,14526,3,3,2,ee5f8be378a7deef
25357,20209,3,3,3,ee5f8be378a7deef
31042,28649,2,3,4,ee5f8be378a7deef
36461,34339,3,2,5,ee5f8be378a7deef
50595,45324,3,2,6,ee5f8be378a7deef
64359,55847,2,2,7,ee5f8be378a7deef
74820,69010,3,3,8,ee5f8be378a7deef
82487,79239,3,3,9,ee5f8be378a7deef
86751,83286,2,2,10,ee5f8be378a7deef
99315,94292,2,2,11,ee5f8be378a7deef
107945,102657,2,2,12,ee5f8be378a7deef
130363,111803,3,2,13,ee5f8be378a7deef
141045,136765,3,2,14,ee5f8be378a7deef
150842,143822,3,2,15,ee5f8be378a7deef
153653,151167,3,3,16,ee5f8be378a7deef
159528,157575,2,2,17,ee5f8be378a7deef
175424,169687,2,2,18,ee5f8be378a7deef
185868,179353,3,3,19,ee5f8be378a7deef
189800,187288,3,2,20,ee5f8be378a7deef
202712,199771,3,2,21,ee5f8be378a7deef
3608,12,3,3,1,ee9898773ef07a6a
10021,6275,2,2,2,ee9898773ef07a6a
17765,13770,2,2,3,ee9898773ef07a6a
28082,24193,2,2,4,ee9898773ef07a6a
34171,32020,2,3,5,ee9898773ef07a6a
45579,42797,2,2,6,ee9898773ef07a6a
51919,49185,3,2,7,ee9898773ef07a6a
57417,54755,2,2,8,ee9898773ef07a6a
1809,1,2,2,1,ef0a2055d4debc35
6777,4064,2,2,2,ef0a2055d4debc35
10317,8278,3,2,3,ef0a2055d4debc35
45799,16235,2,2,4,ef0a2055d4debc35
49526,46722,3,3,5,ef0a2055d4debc35
56531,53878,3,2,6,ef0a2055d4debc35
63993,60832,3,2,7,ef0a2055d4debc35
72104,70031,2,2,8,ef0a2055d4debc35
82156,79307,2,2,9,ef0a2055d4debc35
90420,87441,2,2,10,ef0a2055d4debc35
98153,95082,2,2,11,ef0a2055d4debc35
105056,102814,2,2,12,ef0a2055d4debc35
114454,111499,3,3,13,ef0a2055d4debc35
117331,115285,3,3,14,ef0a2055d4debc35
12656,9224,2,2,1,ef76fcf08c9c41d4
18604,15238,3,2,2,ef76fcf08c9c41d4
21743,19479,2,3,3,ef76fcf08c9c41d4
27299,25387,2,2,4,ef76fcf08c9c41d4
31515,29509,2,2,5,ef76fcf08c9c41d4
42613,38143,3,3,6,ef76fcf08c9c41d4
46478,44524,3,3,7,ef76fcf08c9c41d4
56594,52720,2,2,8,ef76fcf08c9c41d4
63345,60557,3,3,9,ef76fcf08c9c41d4
71961,67472,2,2,10,ef76fcf08c9c41d4
80396,75743,2,2,11,ef76fcf08c9c41d4
87460,84800,2,2,12,ef76fcf08c9c41d4
93417,89324,3,2,13,ef76fcf08c9c41d4
99912,95254,2,2,14,ef76fcf08c9c41d4
102940,100606,2,2,15,ef76fcf08c9c41d4
110170,107883,2,2,16,ef76fcf08c9c41d4
121437,115945,3,3,17,ef76fcf08c9c41d4
131842,127273,3,3,18,ef76fcf08c9c41d4
136190,133566,3,3,19,ef76fcf08c9c41d4
144493,139416,3,3,20,ef76fcf08c9c41d4
150668,148177,3,3,21,ef76fcf08c9c41d4
12685,367,3,3,1,efd578ffadcb2e1a
22099,17583,3,3,2,efd578ffadcb2e1a
27674,23146,3,3,3,efd578ffadcb2e1a
37011,31614,2,3,4,efd578ffadcb2e1a
42731,40114,2,2,5,efd578ffadcb2e1a
53182,49429,2,2,6,efd578ffadcb2e1a
59597,57210,3,2,7,efd578ffadcb2e1a
66452,61740,2,2,8,efd578ffadcb2e1a
79799,73803,2,2,9,efd578ffadcb2e1a
88072,84482,3,3,10,efd578ffadcb2e1a
95576,91285,3,3,11,efd578ffadcb2e1a
101858,99460,3,2,12,efd578ffadcb2e1a
119169,105108,3,3,13,efd578ffadcb2e1a
125532,122668,3,3,14,efd578ffadcb2e1a
130487,126608,2,3,15,efd578ffadcb2e1a
139474,132714,3,2,16,efd578ffadcb2e1a
149395,145725,2,2,17,efd578ffadcb2e1a
157271,153899,2,2,18,efd578ffadcb2e1a
167244,162875,3,3,19,efd578ffadcb2e1a
178744,173991,2,2,20,efd578ffadcb2e1a
183495,181511,2,2,21,efd578ffadcb2e1a
190619,185427,2,2,22,efd578ffadcb2e1a
198787,195957,2,2,23,efd578ffadcb2e1a
6979,1018,3,2,1,efdf4f2365128a77
14295,8105,2,2,2,efdf4f2365128a77
17225,15334,2,2,3,efdf4f2365128a77
26045,23173,3,2,4,efdf4f2365128a77
34514,31990,3,3,5,efdf4f2365128a77
41758,38686,2,3,6,efdf4f2365128a77
51446,47646,3,2,7,efdf4f2365128a77
61425,58690,3,3,8,efdf4f2365128a77
70481,65447,3,3,9,efdf4f2365128a77
75351,73288,3,3,10,efdf4f2365128a77
78347,76088,2,2,11,efdf4f2365128a77
85627,81253,2,2,12,efdf4f2365128a77
100851,89799,2,2,13,efdf4f2365128a77
104961,102884,2,2,14,efdf4f2365128a77
113171,110694,3,3,15,efdf4f2365128a77
119531,115823,3,3,16,efdf4f2365128a77
126673,121733,2,2,17,efdf4f2365128a77
135533,133040,3,3,18,efdf4f2365128a77
146394,144349,3,3,19,efdf4f2365128a77
161626,154314,3,3,20,efdf4f2365128a77
171828,162981,3,2,21,efdf4f2365128a77
180209,177043,2,3,22,efdf4f2365128a77
12768,352,3,3,1,efef0fbfef41a301
23325,18033,3,3,2,efef0fbfef41a301
29479,27121,3,3,3,efef0fbfef41a301
41996,37798,3,3,4,efef0fbfef41a301
49878,46886,3,2,5,efef0fbfef41a301
60333,56844,2,2,6,efef0fbfef41a301
74229,69458,3,3,7,efef0fbfef41a301
80957,78546,2,3,8,efef0fbfef41a301
87645,84833,2,3,9,efef0fbfef41a301
94165,91502,3,3,10,efef0fbfef41a301
102435,99805,3,3,11,efef0fbfef41a301
106948,103546,3,3,12,efef0fbfef41a301
127491,112851,2,2,13,efef0fbfef41a301
139769,134793,2,2,14,efef0fbfef41a301
151353,143934,2,3,15,efef0fbfef41a301
157608,155285,3,3,16,efef0fbfef41a301
162593,160411,3,3,17,efef0fbfef41a301
173345,169297,3,2,18,efef0fbfef41a301
3665,76,2,2,1,f0706bd9d0abc1fe
7871,5090,3,2,2,f0706bd9d0abc1fe
14052,9134,2,2,3,f0706bd9d0abc1fe
22188,16298,3,2,4,f0706bd9d0abc1fe
26693,23901,2,2,5,f0706bd9d0abc1fe
35233,31277,3,2,6,f0706bd9d0abc1fe
44915,42400,3,3,7,f0706bd9d0abc1fe
54171,51360,3,3,8,f0706bd9d0abc1fe
64862,60957,2,3,9,f0706bd9d0abc1fe
70948,66909,3,3,10,f0706bd9d0abc1fe
77152,75219,2,2,11,f0706bd9d0abc1fe
82990,79635,2,2,12,f0706bd9d0abc1fe
87829,84974,3,3,13,f0706bd9d0abc1fe
95529,90907,3,3,14,f0706bd9d0abc1fe
99673,96099,2,3,15,f0706bd9d0abc1fe
105566,102605,3,2,16,f0706bd9d0abc1fe
113538,109184,3,2,17,f0706bd9d0abc1fe
120330,117317,3,3,18,f0706bd9d0abc1fe
125941,123604,3,3,19,f0706bd9d0abc1fe
2713,81,3,2,1,f105089e01a366e2
12454,7544,3,3,2,f105089e01a366e2
19032,15013,3,2,3,f105089e01a366e2
32248,25485,3,3,4,f105089e01a366e2
39048,36956,3,3,5,f105089e01a366e2
47647,45475,3,3,6,f105089e01a366e2
57820,51965,2,2,7,f105089e01a366e2
67996,61530,2,2,8,f105089e01a366e2
73010,70747,2,2,9,f105089e01a366e2
78814,77030,3,3,10,f105089e01a366e2
91517,88095,2,2,11,f105089e01a366e2
101551,98187,3,2,12,f105089e01a366e2
108028,104455,3,3,13,f105089e01a366e2
116272,111832,3,3,14,f105089e01a366e2
120594,118320,2,2,15,f105089e01a366e2
133233,126904,3,3,16,f105089e01a366e2
139814,137872,3,3,17,f105089e01a366e2
148784,143242,3,3,18,f105089e01a366e2
154495,152203,2,2,19,f105089e01a366e2
159288,157257,2,2,20,f105089e01a366e2
166874,164247,3,2,21,f105089e01a366e2
174777,171077,2,3,22,f105089e01a366e2
5451,111,2,2,1,f1155c4667055301
9291,7031,2,3,2,f1155c4667055301
16331,13481,3,3,3,f1155c4667055301
23317,17951,3,3,4,f1155c4667055301
27589,25179,3,3,5,f1155c4667055301
35377,33155,3,3,6,f1155c4667055301
40102,36785,3,2,7,f1155c4667055301
49948,43615,2,2,8,f1155c4667055301
55936,53846,2,3,9,f1155c4667055301
66980,60799,3,3,10,f1155c4667055301
77017,71994,3,3,11,f1155c4667055301
81648,77948,3,3,12,f1155c4667055301
89951,85900,3,3,13,f1155c4667055301
94012,91745,3,2,14,f1155c4667055301
102377,97392,2,3,15,f1155c4667055301
109927,107669,2,2,16,f1155c4667055301
121339,117593,3,3,17,f1155c4667055301
126848,124802,3,3,18,f1155c4667055301
137420,131091,3,3,19,f1155c4667055301
143662,138091,2,2,20,f1155c4667055301
152059,149472,2,3,21,f1155c4667055301
159800,157243,3,2,22,f1155c4667055301
6414,3899,3,3,1,f24a8a0c8d3af7fd
17145,12442,2,2,2,f24a8a0c8d3af7fd
23169,19985,2,2,3,f24a8a0c8d3af7fd
26677,24375,2,2,4,f24a8a0c8d3af7fd
31303,29122,2,2,5,f24a8a0c8d3af7fd
44369,38445,2,2,6,f24a8a0c8d3af7fd
54677,50704,2,2,7,f24a8a0c8d3af7fd
61162,58763,2,3,8,f24a8a0c8d3af7fd
73098,67723,2,3,9,f24a8a0c8d3af7fd
76800,74734,2,2,10,f24a8a0c8d3af7fd
85064,82014,2,2,11,f24a8a0c8d3af7fd
90490,88297,2,2,12,f24a8a0c8d3af7fd
100413,96910,3,3,13,f24a8a0c8d3af7fd
106082,103426,3,3,14,f24a8a0c8d3af7fd
112724,110375,3,3,15,f24a8a0c8d3af7fd
117293,114816,2,2,16,f24a8a0c8d3af7fd
133109,124958,2,2,17,f24a8a0c8d3af7fd
145310,141311,2,2,18,f24a8a0c8d3af7fd
150021,148205,3,3,19,f24a8a0c8d3af7fd
6505,3472,2,2,1,f273210b73cb7256
15807,9050,2,2,2,f273210b73cb7256
23512,19909,2,2,3,f273210b73cb7256
30267,28218,2,2,4,f273210b73cb7256
36779,34550,2,2,5,f273210b73cb7256
47850,43142,3,3,6,f273210b73cb7256
54873,51933,3,3,7,f273210b73cb7256
67712,61168,3,2,8,f273210b73cb7256
75870,71809,3,3,9,f273210b73cb7256
82317,79720,2,2,10,f273210b73cb7256
95633,89218,3,3,11,f273210b73cb7256
102144,99974,3,2,12,f273210b73cb7256
110012,107203,2,2,13,f273210b73cb7256
119339,114726,2,2,14,f273210b73cb7256
124931,121230,2,2,15,f273210b73cb7256
129414,127014,2,2,16,f273210b73cb7256
137721,135530,2,2,17,f273210b73cb7256
151063,146133,3,2,18,f273210b73cb7256
156652,153916,2,3,19,f273210b73cb7256
163394,159889,3,2,20,f273210b73cb7256
168127,165539,2,2,21,f273210b73cb7256
183426,174692,2,2,22,f273210b73cb7256
4147,111,2,2,1,f280a7aeb507148e
10731,6157,2,2,2,f280a7aeb507148e
15226,12636,2,2,3,f280a7aeb507148e
22950,18945,3,3,4,f280a7aeb507148e
52053,29543,2,2,5,f280a7aeb507148e
60315,54876,2,2,6,f280a7aeb507148e
66482,64063,2,2,7,f280a7aeb507148e
77641,73075,3,2,8,f280a7aeb507148e
87020,83818,2,3,9,f280a7aeb507148e
96156,92778,3,2,10,f280a7aeb507148e
104036,101845,2,3,11,f280a7aeb507148e
111371,109008,2,2,12,f280a7aeb507148e
117202,114182,3,2,13,f280a7aeb507148e
123579,120528,2,2,14,f280a7aeb507148e
130950,126262,2,3,15,f280a7aeb507148e
141780,138036,3,3,16,f280a7aeb507148e
171769,146520,2,2,17,f280a7aeb507148e
182409,179819,2,2,18,f280a7aeb507148e
191691,189444,2,2,19,f280a7aeb507148e
198987,193754,3,2,20,f280a7aeb507148e
207563,200328,3,2,21,f280a7aeb507148e
213777,211257,3,3,22,f280a7aeb507148e
223282,220202,2,3,23,f280a7aeb507148e
3065,1,3,3,1,f32782b18168feb2
9679,6862,2,2,2,f32782b18168feb2
15897,12360,3,2,3,f32782b18168feb2
27451,22533,3,3,4,f32782b18168feb2
37864,35262,3,3,5,f32782b18168feb2
43578,41188,3,3,6,f32782b18168feb2
47397,44257,2,3,7,f32782b18168feb2
56305,53355,3,3,8,f32782b18168feb2
61983,58157,3,3,9,f32782b18168feb2
72721,69963,2,2,10,f32782b18168feb2
78167,75415,2,3,11,f32782b18168feb2
87661,83373,3,2,12,f32782b18168feb2
104886,91537,2,3,13,f32782b18168feb2
110342,107059,2,2,14,f32782b18168feb2
116731,114451,2,2,15,f32782b18168feb2
122841,118621,2,2,16,f32782b18168feb2
127512,125519,2,2,17,f32782b18168feb2
138930,132145,2,3,18,f32782b18168feb2
145904,143405,3,3,19,f32782b18168feb2
158762,154917,3,3,20,f32782b18168feb2
166279,163524,3,3,21,f32782b18168feb2
171179,167476,3,3,22,f32782b18168feb2
174575,172533,3,3,23,f32782b18168feb2
180487,175503,3,3,24,f32782b18168feb2
187408,184981,2,3,25,f32782b18168feb2
194625,191958,2,3,26,f32782b18168feb2
202325,200126,3,2,27,f32782b18168feb2
209548,205720,2,2,28,f32782b18168feb2
216471,212031,2,3,29,f32782b18168feb2
225598,219740,3,3,30,f32782b18168feb2
230834,228486,2,3,31,f32782b18168feb2
242157,236837,3,3,32,f32782b18168feb2
248867,246007,3,3,33,f32782b18168feb2
255866,250569,3,3,34,f32782b18168feb2
260173,258056,3,3,35,f32782b18168feb2
266752,264663,2,2,36,f32782b18168feb2
10691,5420,3,3,1,f32f48049ea13968
17251,13631,2,3,2,f32f48049ea13968
21716,19598,2,3,3,f32f48049ea13968
30178,23236,3,3,4,f32f48049ea13968
33794,31537,2,2,5,f32f48049ea13968
42513,38138,2,2,6,f32f48049ea13968
48037,45218,2,2,7,f32f48049ea13968
54706,51827,3,2,8,f32f48049ea13968
61787,59184,3,3,9,f32f48049ea13968
73250,66921,2,3,10,f32f48049ea13968
77028,73890,3,3,11,f32f48049ea13968
80989,78245,3,2,12,f32f48049ea13968
86180,83552,2,3,13,f32f48049ea13968
91117,89027,3,3,14,f32f48049ea13968
97541,93093,3,3,15,f32f48049ea13968
104416,99881,3,3,16,f32f48049ea13968
119500,108969,2,2,17,f32f48049ea13968
128060,125685,3,3,18,f32f48049ea13968
133406,129892,2,3,19,f32f48049ea13968
142366,139866,3,3,20,f32f48049ea13968
149548,143873,2,2,21,f32f48049ea13968
155234,152269,3,3,22,f32f48049ea13968
12066,5978,2,2,1,f3818ed6890c4ee3
20137,14262,2,2,2,f3818ed6890c4ee3
25718,20961,3,3,3,f3818ed6890c4ee3
31781,29582,2,2,4,f3818ed6890c4ee3
42589,37046,3,3,5,f3818ed6890c4ee3
52228,47438,3,2,6,f3818ed6890c4ee3
62695,57249,2,2,7,f3818ed6890c4ee3
70090,66631,3,2,8,f3818ed6890c4ee3
82801,79080,2,2,9,f3818ed6890c4ee3
90471,86580,2,2,10,f3818ed6890c4ee3
97662,94391,2,2,11,f3818ed6890c4ee3
104387,101545,3,3,12,f3818ed6890c4ee3
117777,113170,3,3,13,f3818ed6890c4ee3
126039,119944,3,3,14,f3818ed6890c4ee3
129630,126750,2,2,15,f3818ed6890c4ee3
142135,136582,3,3,16,f3818ed6890c4ee3
147501,144779,3,3,17,f3818ed6890c4ee3
6901,1,3,2,1,f3a209789b9e1563
14713,9913,2,2,2,f3a209789b9e1563
21109,18849,2,2,3,f3a209789b9e1563
27958,25827,3,3,4,f3a209789b9e1563
36984,33859,3,3,5,f3a209789b9e1563
46597,42626,3,2,6,f3a209789b9e1563
53965,48332,3,3,7,f3a209789b9e1563
61482,55879,3,3,8,f3a209789b9e1563
69132,66218,3,3,9,f3a209789b9e1563
71822,69703,3,2,10,f3a209789b9e1563
80151,75290,3,3,11,f3a209789b9e1563
87993,83155,3,3,12,f3a209789b9e1563
103614,89978,3,3,13,f3a209789b9e1563
112771,109378,3,2,14,f3a209789b9e1563
124388,120546,2,2,15,f3a209789b9e1563
129920,127670,2,2,16,f3a209789b9e1563
132721,130343,2,2,17,f3a209789b9e1563
137296,135349,2,2,18,f3a209789b9e1563
146298,143698,2,2,19,f3a209789b9e1563
1519,1,3,3,1,f3f7d892f3ff218
6001,3975,3,3,2,f3f7d892f3ff218
15274,11802,2,2,3,f3f7d892f3ff218
23977,19546,2,3,4,f3f7d892f3ff218
32991,29545,3,3,5,f3f7d892f3ff218
37540,35695,3,3,6,f3f7d892f3ff218
41428,39587,2,3,7,f3f7d892f3ff218
46565,44288,3,3,8,f3f7d892f3ff218
52474,50088,3,3,9,f3f7d892f3ff218
56938,54532,3,3,10,f3f7d892f3ff218
63363,60538,2,3,11,f3f7d892f3ff218
70605,67179,2,2,12,f3f7d892f3ff218
81604,75040,2,2,13,f3f7d892f3ff218
85521,83072,2,2,14,f3f7d892f3ff218
93633,90300,2,2,15,f3f7d892f3ff218
4387,75,3,2,1,f402302ddb781ab3
16999,14214,2,2,2,f402302ddb781ab3
22225,17924,3,3,3,f402302ddb781ab3
33724,26398,3,3,4,f402302ddb781ab3
36875,34515,3,3,5,f402302ddb781ab3
42373,37716,3,3,6,f402302ddb781ab3
48708,46525,3,3,7,f402302ddb781ab3
57474,55014,2,2,8,f402302ddb781ab3
67728,64443,3,3,9,f402302ddb781ab3
72036,68657,2,2,10,f402302ddb781ab3
82092,79836,3,2,11,f402302ddb781ab3
90024,87052,2,2,12,f402302ddb781ab3
98925,95811,3,3,13,f402302ddb781ab3
110115,106349,3,3,14,f402302ddb781ab3
122193,116515,3,3,15,f402302ddb781ab3
131196,125475,3,3,16,f402302ddb781ab3
134724,132261,3,3,17,f402302ddb781ab3
142015,137407,2,2,18,f402302ddb781ab3
151353,148032,3,3,19,f402302ddb781ab3
164367,158095,3,3,20,f402302ddb781ab3
3004,115,3,3,1,f419c1b7c8dcac90
11219,5283,3,2,2,f419c1b7c8dcac90
17354,14081,2,2,3,f419c1b7c8dcac90
26536,24335,3,2,4,f419c1b7c8dcac90
34455,31142,3,3,5,f419c1b7c8dcac90
42469,37241,3,3,6,f419c1b7c8dcac90
47703,45230,2,3,7,f419c1b7c8dcac90
53123,49988,3,2,8,f419c1b7c8dcac90
64905,58973,2,2,9,f419c1b7c8dcac90
68028,65775,2,2,10,f419c1b7c8dcac90
75530,73171,3,2,11,f419c1b7c8dcac90
83155,80185,3,3,12,f419c1b7c8dcac90
90552,87446,3,3,13,f419c1b7c8dcac90
98880,95817,3,3,14,f419c1b7c8dcac90
104805,102562,3,3,15,f419c1b7c8dcac90
113549,110002,3,2,16,f419c1b7c8dcac90
119566,117188,2,2,17,f419c1b7c8dcac90
129151,125521,2,2,18,f419c1b7c8dcac90
137032,133022,2,2,19,f419c1b7c8dcac90
148454,141235,2,2,20,f419c1b7c8dcac90
155871,153783,3,3,21,f419c1b7c8dcac90
165171,162743,3,2,22,f419c1b7c8dcac90
182303,175467,3,3,23,f419c1b7c8dcac90
189805,185466,2,2,24,f419c1b7c8dcac90
197303,192110,3,3,25,f419c1b7c8dcac90
204447,202304,3,3,26,f419c1b7c8dcac90
212780,210254,2,3,27,f419c1b7c8dcac90
220719,215430,3,3,28,f419c1b7c8dcac90
230795,225243,2,2,29,f419c1b7c8dcac90
3262,1,2,2,1,f42b390caf907f03
6691,4625,2,2,2,f42b390caf907f03
14908,10389,3,3,3,f42b390caf907f03
23418,18009,2,3,4,f42b390caf907f03
33879,29239,3,3,5,f42b390caf907f03
39410,35594,2,3,6,f42b390caf907f03
46257,44652,3,3,7,f42b390caf907f03
51988,49928,3,3,8,f42b390caf907f03
58371,55696,3,3,9,f42b390caf907f03
61554,59829,3,3,10,f42b390caf907f03
2497,1,2,3,1,f438fc58aa486c5
3050,1,2,3,1,f4717d3bec87a9f5
8599,5862,3,3,2,f4717d3bec87a9f5
12920,10012,2,2,3,f4717d3bec87a9f5
18525,15682,3,3,4,f4717d3bec87a9f5
25532,21841,3,3,5,f4717d3bec87a9f5
36892,29593,3,3,6,f4717d3bec87a9f5
45748,41974,3,3,7,f4717d3bec87a9f5
53140,50357,3,3,8,f4717d3bec87a9f5
61810,59434,2,2,9,f4717d3bec87a9f5
75364,65444,3,2,10,f4717d3bec87a9f5
83042,80173,2,2,11,f4717d3bec87a9f5
87852,85606,2,2,12,f4717d3bec87a9f5
93428,90692,3,3,13,f4717d3bec87a9f5
99162,96935,2,2,14,f4717d3bec87a9f5
104546,101948,3,2,15,f4717d3bec87a9f5
110346,107303,3,2,16,f4717d3bec87a9f5
115109,112909,3,2,17,f4717d3bec87a9f5
127296,121388,3,3,18,f4717d3bec87a9f5
132743,130619,3,3,19,f4717d3bec87a9f5
136880,134848,3,3,20,f4717d3bec87a9f5
142025,139440,3,3,21,f4717d3bec87a9f5
154268,150306,2,2,22,f4717d3bec87a9f5
163338,158901,3,3,23,f4717d3bec87a9f5
172684,170436,3,2,24,f4717d3bec87a9f5
3793,1010,2,2,1,f56f6d6959f09572
19523,8780,2,2,2,f56f6d6959f09572
28428,23688,2,2,3,f56f6d6959f09572
33586,31299,2,2,4,f56f6d6959f09572
41622,38684,3,2,5,f56f6d6959f09572
52036,49693,2,3,6,f56f6d6959f09572
58698,55973,3,3,7,f56f6d6959f09572
75118,67534,3,3,8,f56f6d6959f09572
82299,79489,2,3,9,f56f6d6959f09572
89010,86730,2,2,10,f56f6d6959f09572
99139,96765,3,3,11,f56f6d6959f09572
111289,104607,2,2,12,f56f6d6959f09572
120246,114092,3,2,13,f56f6d6959f09572
124207,121629,3,2,14,f56f6d6959f09572
128125,125701,2,3,15,f56f6d6959f09572
135897,133420,3,3,16,f56f6d6959f09572
142707,139965,2,2,17,f56f6d6959f09572
154726,152438,2,3,18,f56f6d6959f09572
163609,160266,3,2,19,f56f6d6959f09572
173280,168385,2,2,20,f56f6d6959f09572
182481,176393,3,3,21,f56f6d6959f09572
192932,186187,3,3,22,f56f6d6959f09572
196156,193729,3,3,23,f56f6d6959f09572
14412,7075,2,3,1,f68d4aa10d3c15fc
21004,15784,3,3,2,f68d4aa10d3c15fc
25251,21797,3,3,3,f68d4aa10d3c15fc
35530,31950,3,3,4,f68d4aa10d3c15fc
41117,39052,2,3,5,f68d4aa10d3c15fc
48642,44454,3,3,6,f68d4aa10d3c15fc
53082,50435,2,3,7,f68d4aa10d3c15fc
65667,59000,2,2,8,f68d4aa10d3c15fc
72555,69606,2,3,9,f68d4aa10d3c15fc
80640,74839,3,3,10,f68d4aa10d3c15fc
85069,82202,3,3,11,f68d4aa10d3c15fc
94953,91238,2,2,12,f68d4aa10d3c15fc
113651,98260,2,3,13,f68d4aa10d3c15fc
121885,118743,3,2,14,f68d4aa10d3c15fc
136910,130096,2,2,15,f68d4aa10d3c15fc
144212,140888,3,2,16,f68d4aa10d3c15fc
2923,105,2,2,1,f703badc67aea0fe
10613,6662,3,3,2,f703badc67aea0fe
14937,12578,3,3,3,f703badc67aea0fe
21762,18692,3,3,4,f703badc67aea0fe
25211,22500,2,2,5,f703badc67aea0fe
34690,31317,2,2,6,f703badc67aea0fe
42173,39756,2,2,7,f703badc67aea0fe
49749,47328,2,2,8,f703badc67aea0fe
56331,53922,2,2,9,f703badc67aea0fe
62759,60197,3,2,10,f703badc67aea0fe
73568,68709,3,2,11,f703badc67aea0fe
82271,79267,3,3,12,f703badc67aea0fe
86247,83568,2,3,13,f703badc67aea0fe
91688,88960,3,3,14,f703badc67aea0fe
94619,92829,3,3,15,f703badc67aea0fe
102732,99909,3,2,16,f703badc67aea0fe
113052,109154,2,3,17,f703badc67aea0fe
117683,115337,2,2,18,f703badc67aea0fe
128610,126370,2,3,19,f703badc67aea0fe
3212,67,2,3,1,f7c9277945f487de
10102,5504,3,3,2,f7c9277945f487de
13623,11404,3,3,3,f7c9277945f487de
22455,20350,3,2,4,f7c9277945f487de
29664,27351,3,3,5,f7c9277945f487de
38522,35981,3,3,6,f7c9277945f487de
46375,42973,3,3,7,f7c9277945f487de
54440,51393,2,3,8,f7c9277945f487de
60637,58497,2,3,9,f7c9277945f487de
65290,63347,3,3,10,f7c9277945f487de
73899,70424,3,2,11,f7c9277945f487de
82182,80262,2,3,12,f7c9277945f487de
92946,90107,3,2,13,f7c9277945f487de
97057,94875,2,3,14,f7c9277945f487de
100678,98729,3,3,15,f7c9277945f487de
105647,102510,3,3,16,f7c9277945f487de
111846,108967,2,2,17,f7c9277945f487de
117538,115484,3,3,18,f7c9277945f487de
123180,119805,3,3,19,f7c9277945f487de
132623,130515,3,3,20,f7c9277945f487de
139988,136752,3,3,21,f7c9277945f487de
146736,144473,2,2,22,f7c9277945f487de
1095,1,3,3,1,f84a029cd835cc79
8446,6300,2,2,2,f84a029cd835cc79
41314,13193,2,2,3,f84a029cd835cc79
48072,45912,2,2,4,f84a029cd835cc79
55981,52403,3,2,5,f84a029cd835cc79
60970,58933,2,2,6,f84a029cd835cc79
73009,70697,2,2,7,f84a029cd835cc79
81615,78847,3,3,8,f84a029cd835cc79
92333,89797,2,2,9,f84a029cd835cc79
100930,98785,3,3,10,f84a029cd835cc79
106617,104580,3,3,11,f84a029cd835cc79
112092,109760,2,2,12,f84a029cd835cc79
127409,120130,3,2,13,f84a029cd835cc79
133244,131099,2,2,14,f84a029cd835cc79
142289,137822,3,2,15,f84a029cd835cc79
145866,143825,2,3,16,f84a029cd835cc79
153552,149738,3,3,17,f84a029cd835cc79
163569,159150,3,3,18,f84a029cd835cc79
168080,164933,2,3,19,f84a029cd835cc79
174262,172035,3,3,20,f84a029cd835cc79
3057,105,3,2,1,f8eb96495879106
7694,5095,3,3,2,f8eb96495879106
15313,13219,3,3,3,f8eb96495879106
25033,21565,3,2,4,f8eb96495879106
34241,29205,3,3,5,f8eb96495879106
41000,35797,3,2,6,f8eb96495879106
50795,44702,3,2,7,f8eb96495879106
56294,54008,3,2,8,f8eb96495879106
62672,60471,2,3,9,f8eb96495879106
71785,69431,2,3,10,f8eb96495879106
78252,75160,3,3,11,f8eb96495879106
83473,80459,2,2,12,f8eb96495879106
92922,89922,3,2,13,f8eb96495879106
100168,98185,3,2,14,f8eb96495879106
108929,106640,3,3,15,f8eb96495879106
118915,115600,3,3,16,f8eb96495879106
128327,126035,2,3,17,f8eb96495879106
139481,135857,2,2,18,f8eb96495879106
146477,144453,3,2,19,f8eb96495879106
156352,151444,2,2,20,f8eb96495879106
161785,159858,2,2,21,f8eb96495879106
175406,172397,3,2,22,f8eb96495879106
3740,70,3,3,1,f930cbc2345c0f13
9842,6414,2,3,2,f930cbc2345c0f13
19436,13724,2,3,3,f930cbc2345c0f13
22832,20644,2,3,4,f930cbc2345c0f13
29463,27110,2,2,5,f930cbc2345c0f13
37161,34885,2,2,6,f930cbc2345c0f13
44301,41575,3,2,7,f930cbc2345c0f13
53223,48092,2,3,8,f930cbc2345c0f13
59082,57052,3,3,9,f930cbc2345c0f13
68140,66012,2,2,10,f930cbc2345c0f13
74078,70939,2,2,11,f930cbc2345c0f13
82861,80271,3,2,12,f930cbc2345c0f13
91203,86511,2,2,13,f930cbc2345c0f13
97025,93596,2,2,14,f930cbc2345c0f13
106984,102324,3,3,15,f930cbc2345c0f13
115872,109539,2,2,16,f930cbc2345c0f13
122626,119880,2,2,17,f930cbc2345c0f13
132978,126513,3,3,18,f930cbc2345c0f13
145638,140000,3,3,19,f930cbc2345c0f13
150882,148925,3,3,20,f930cbc2345c0f13
159567,156861,3,3,21,f930cbc2345c0f13
165031,162701,3,3,22,f930cbc2345c0f13
176194,172415,2,3,23,f930cbc2345c0f13
3489,1010,3,3,1,fad922bd36c191fc
10216,7965,3,3,2,fad922bd36c191fc
17979,14073,2,2,3,fad922bd36c191fc
25686,22715,3,3,4,fad922bd36c191fc
32526,29717,2,2,5,fad922bd36c191fc
45911,39579,3,2,6,fad922bd36c191fc
51966,49392,2,2,7,fad922bd36c191fc
61766,57870,2,2,8,fad922bd36c191fc
67825,65597,2,2,9,fad922bd36c191fc
83070,79809,3,3,10,fad922bd36c191fc
86871,83776,2,3,11,fad922bd36c191fc
92641,90415,3,3,12,fad922bd36c191fc
103565,96476,3,3,13,fad922bd36c191fc
109417,107083,2,2,14,fad922bd36c191fc
118937,114612,2,2,15,fad922bd36c191fc
127465,123538,2,2,16,fad922bd36c191fc
133194,130020,2,2,17,fad922bd36c191fc
146603,140853,3,3,18,fad922bd36c191fc
151830,149708,2,2,19,fad922bd36c191fc
164396,158000,2,2,20,fad922bd36c191fc
176236,170281,2,2,21,fad922bd36c191fc
6939,1,3,3,1,fb12fe4a302e57d9
9953,7778,3,3,2,fb12fe4a302e57d9
16871,10882,2,2,3,fb12fe4a302e57d9
27235,23617,3,3,4,fb12fe4a302e57d9
32587,30008,2,2,5,fb12fe4a302e57d9
40774,35391,2,2,6,fb12fe4a302e57d9
46086,43511,2,2,7,fb12fe4a302e57d9
52373,49579,3,2,8,fb12fe4a302e57d9
59581,57671,3,3,9,fb12fe4a302e57d9
67277,62969,2,3,10,fb12fe4a302e57d9
74023,71951,3,2,11,fb12fe4a302e57d9
93208,79712,3,2,12,fb12fe4a302e57d9
107505,99592,3,3,13,fb12fe4a302e57d9
113733,110769,3,3,14,fb12fe4a302e57d9
119438,116289,3,3,15,fb12fe4a302e57d9
126603,124374,2,3,16,fb12fe4a302e57d9
148185,131734,3,3,17,fb12fe4a302e57d9
154682,148974,2,2,18,fb12fe4a302e57d9
166551,159745,2,3,19,fb12fe4a302e57d9
171465,168010,2,3,20,fb12fe4a302e57d9
4194,1,3,2,1,fbcda64af4f459e9
10004,7285,3,2,2,fbcda64af4f459e9
21147,16283,2,2,3,fbcda64af4f459e9
25899,22585,3,3,4,fbcda64af4f459e9
31474,28667,3,2,5,fbcda64af4f459e9
37756,34083,3,3,6,fbcda64af4f459e9
46235,43171,3,3,7,fbcda64af4f459e9
58000,53061,3,3,8,fbcda64af4f459e9
63194,59709,3,3,9,fbcda64af4f459e9
73817,68519,3,3,10,fbcda64af4f459e9
81388,77490,3,2,11,fbcda64af4f459e9
90797,86170,3,2,12,fbcda64af4f459e9
98509,95736,3,3,13,fbcda64af4f459e9
102295,99516,3,3,14,fbcda64af4f459e9
108262,104914,3,3,15,fbcda64af4f459e9
115952,111020,3,2,16,fbcda64af4f459e9
125667,122658,2,2,17,fbcda64af4f459e9
134847,132583,2,2,18,fbcda64af4f459e9
144659,138844,3,2,19,fbcda64af4f459e9
152838,148721,2,2,20,fbcda64af4f459e9
158764,156344,3,2,21,fbcda64af4f459e9
172204,166007,3,2,22,fbcda64af4f459e9
3399,11,3,3,1,fbfd61a8bfb2556
14078,7547,3,2,2,fbfd61a8bfb2556
20964,18524,2,2,3,fbfd61a8bfb2556
31277,26541,3,2,4,fbfd61a8bfb2556
41752,40066,2,2,5,fbfd61a8bfb2556
51890,49753,3,3,6,fbfd61a8bfb2556
61267,59270,2,2,7,fbfd61a8bfb2556
71938,67394,3,3,8,fbfd61a8bfb2556
79510,76354,2,2,9,fbfd61a8bfb2556
90896,85170,3,3,10,fbfd61a8bfb2556
104653,94031,3,3,11,fbfd61a8bfb2556
110289,105350,2,2,12,fbfd61a8bfb2556
122649,119639,3,3,13,fbfd61a8bfb2556
129508,126827,3,3,14,fbfd61a8bfb2556
133842,131776,2,2,15,fbfd61a8bfb2556
139175,137286,3,2,16,fbfd61a8bfb2556
153050,151211,3,2,17,fbfd61a8bfb2556
158440,155632,2,3,18,fbfd61a8bfb2556
168735,162358,3,2,19,fbfd61a8bfb2556
183174,175631,3,2,20,fbfd61a8bfb2556
190653,188627,2,2,21,fbfd61a8bfb2556
2416,90,2,3,1,fc815fdab850eb8a
8378,6361,3,2,2,fc815fdab850eb8a
14339,11591,2,2,3,fc815fdab850eb8a
23098,20071,3,2,4,fc815fdab850eb8a
32093,25673,3,2,5,fc815fdab850eb8a
41089,38759,2,2,6,fc815fdab850eb8a
50998,46326,3,2,7,fc815fdab850eb8a
58768,56265,3,2,8,fc815fdab850eb8a
65095,62140,2,2,9,fc815fdab850eb8a
70651,68042,2,2,10,fc815fdab850eb8a
76621,74716,3,2,11,fc815fdab850eb8a
82423,80778,2,3,12,fc815fdab850eb8a
93526,90080,2,2,13,fc815fdab850eb8a
97131,94415,3,3,14,fc815fdab850eb8a
101370,98074,3,3,15,fc815fdab850eb8a
105143,102316,2,3,16,fc815fdab850eb8a
8628,5980,2,3,1,fd4642781bb75169
14302,12143,3,3,2,fd4642781bb75169
20241,17171,3,3,3,fd4642781bb75169
31203,25831,2,3,4,fd4642781bb75169
38213,35732,2,3,5,fd4642781bb75169
46203,43330,2,2,6,fd4642781bb75169
52869,50020,2,2,7,fd4642781bb75169
62426,59179,3,3,8,fd4642781bb75169
76677,72169,3,2,9,fd4642781bb75169
84237,81601,3,3,10,fd4642781bb75169
93451,89667,3,3,11,fd4642781bb75169
99903,97375,3,3,12,fd4642781bb75169
107115,102883,2,3,13,fd4642781bb75169
113317,108606,2,2,14,fd4642781bb75169
122627,118618,3,2,15,fd4642781bb75169
132875,129709,2,2,16,fd4642781bb75169
138490,135310,2,2,17,fd4642781bb75169
4142,89,2,2,1,fdee9a7771d80500
8746,5262,2,2,2,fdee9a7771d80500
15172,9443,3,3,3,fdee9a7771d80500
21769,17835,2,2,4,fdee9a7771d80500
28528,25514,3,3,5,fdee9a7771d80500
37171,32086,3,3,6,fdee9a7771d80500
42660,39846,3,3,7,fdee9a7771d80500
50846,47171,3,2,8,fdee9a7771d80500
62295,56847,2,2,9,fdee9a7771d80500
70180,67333,3,3,10,fdee9a7771d80500
75424,72140,2,3,11,fdee9a7771d80500
80893,78345,3,2,12,fdee9a7771d80500
87937,84864,3,3,13,fdee9a7771d80500
93635,88869,3,3,14,fdee9a7771d80500
97143,94161,3,3,15,fdee9a7771d80500
107150,101871,3,3,16,fdee9a7771d80500
115992,110598,3,3,17,fdee9a7771d80500
121712,118101,2,3,18,fdee9a7771d80500
125579,123212,2,2,19,fdee9a7771d80500
137570,129938,3,3,20,fdee9a7771d80500
3000,112,2,2,1,fee7f538eadc8986
13282,8751,3,2,2,fee7f538eadc8986
24023,16598,3,3,3,fee7f538eadc8986
32297,24869,2,2,4,fee7f538eadc8986
37668,35064,3,2,5,fee7f538eadc8986
44832,42216,3,3,6,fee7f538eadc8986
52518,50274,2,2,7,fee7f538eadc8986
60554,57738,3,2,8,fee7f538eadc8986
73051,66948,3,2,9,fee7f538eadc8986
83650,76070,2,2,10,fee7f538eadc8986
89054,86364,2,3,11,fee7f538eadc8986
99206,95814,2,3,12,fee7f538eadc8986
105653,103105,3,2,13,fee7f538eadc8986
114931,110575,2,2,14,fee7f538eadc8986
122464,118747,3,2,15,fee7f538eadc8986
132011,126197,3,3,16,fee7f538eadc8986
144323,138240,3,2,17,fee7f538eadc8986
150832,148063,3,3,18,fee7f538eadc8986
159299,156453,3,3,19,fee7f538eadc8986
163186,160740,3,3,20,fee7f538eadc8986
171072,168806,3,3,21,fee7f538eadc8986
9922,5982,2,2,1,ff000c6bcda4e4d7
17161,13642,2,2,2,ff000c6bcda4e4d7
22261,18790,2,2,3,ff000c6bcda4e4d7
32241,23466,3,2,4,ff000c6bcda4e4d7
36608,33251,2,2,5,ff000c6bcda4e4d7
45841,42589,2,2,6,ff000c6bcda4e4d7
62121,50095,3,2,7,ff000c6bcda4e4d7
70513,68333,3,2,8,ff000c6bcda4e4d7
80802,77654,3,2,9,ff000c6bcda4e4d7
91346,89081,2,2,10,ff000c6bcda4e4d7
102294,99362,2,2,11,ff000c6bcda4e4d7
107201,105002,2,2,12,ff000c6bcda4e4d7
122341,119417,3,2,13,ff000c6bcda4e4d7
127380,123551,3,2,14,ff000c6bcda4e4d7
135862,132643,3,2,15,ff000c6bcda4e4d7
143065,140126,3,3,16,ff000c6bcda4e4d7
13132,10924,3,3,1,ff002e9b4ba80ab6
21987,16689,2,3,2,ff002e9b4ba80ab6
30137,26461,3,3,3,ff002e9b4ba80ab6
42468,34564,2,2,4,ff002e9b4ba80ab6
48447,45950,3,2,5,ff002e9b4ba80ab6
51767,49899,2,2,6,ff002e9b4ba80ab6
56533,54468,3,2,7,ff002e9b4ba80ab6
66781,62773,2,2,8,ff002e9b4ba80ab6
73391,71184,2,2,9,ff002e9b4ba80ab6
81811,79679,3,2,10,ff002e9b4ba80ab6
89429,85531,2,3,11,ff002e9b4ba80ab6
95556,92800,3,2,12,ff002e9b4ba80ab6
102558,99182,2,2,13,ff002e9b4ba80ab6
106919,104961,3,2,14,ff002e9b4ba80ab6
113328,110977,2,2,15,ff002e9b4ba80ab6
124647,117236,3,3,16,ff002e9b4ba80ab6
128784,125740,3,3,17,ff002e9b4ba80ab6
136083,133283,3,3,18,ff002e9b4ba80ab6
144236,139575,2,2,19,ff002e9b4ba80ab6
150142,148587,2,2,20,ff002e9b4ba80ab6
157274,154256,2,2,21,ff002e9b4ba80ab6
164895,160824,3,2,22,ff002e9b4ba80ab6
178757,172246,2,2,23,ff002e9b4ba80ab6
189700,182492,2,2,24,ff002e9b4ba80ab6
9244,4786,3,2,1,ff9ad644f07ebe1a
16307,11352,3,3,2,ff9ad644f07ebe1a
22279,20086,3,3,3,ff9ad644f07ebe1a
25833,23817,3,3,4,ff9ad644f07ebe1a
28728,26354,2,2,5,ff9ad644f07ebe1a
39739,33901,2,3,6,ff9ad644f07ebe1a
47714,45297,2,2,7,ff9ad644f07ebe1a
53299,51179,2,2,8,ff9ad644f07ebe1a
67052,63183,3,3,9,ff9ad644f07ebe1a
75345,70777,3,2,10,ff9ad644f07ebe1a
82838,80365,2,2,11,ff9ad644f07ebe1a
88011,85260,2,2,12,ff9ad644f07ebe1a
93997,91512,3,2,13,ff9ad644f07ebe1a
99593,95638,2,2,14,ff9ad644f07ebe1a
105004,101722,2,2,15,ff9ad644f07ebe1a
114011,109545,3,3,16,ff9ad644f07ebe1a
121633,118997,3,2,17,ff9ad644f07ebe1a
132053,129199,2,3,18,ff9ad644f07ebe1a
142113,139221,2,3,19,ff9ad644f07ebe1a
148678,146173,3,3,20,ff9ad644f07ebe1a
153227,151212,3,3,21,ff9ad644f07ebe1a
161962,158942,3,3,22,ff9ad644f07ebe1a
