"match_checksum","number","winner_side"
"472ac3e23ebc878b",1,3
"472ac3e23ebc878b",2,3
"472ac3e23ebc878b",3,2
"472ac3e23ebc878b",4,2
"472ac3e23ebc878b",5,2
"472ac3e23ebc878b",6,3
"472ac3e23ebc878b",7,3
"472ac3e23ebc878b",8,3
"472ac3e23ebc878b",9,3
"472ac3e23ebc878b",10,2
"472ac3e23ebc878b",11,2
"472ac3e23ebc878b",12,2
"23c081609773aaf2",1,2
"23c081609773aaf2",2,2
"23c081609773aaf2",3,2
"23c081609773aaf2",4,2
"23c081609773aaf2",5,2
"23c081609773aaf2",6,2
"23c081609773aaf2",7,2
"23c081609773aaf2",8,2
"23c081609773aaf2",9,3
"23c081609773aaf2",10,2
"23c081609773aaf2",11,2
"23c081609773aaf2",12,3
"568fec5b6649fa4",1,2
"568fec5b6649fa4",2,2
"568fec5b6649fa4",3,2
"568fec5b6649fa4",4,2
"568fec5b6649fa4",5,3
"568fec5b6649fa4",6,2
"568fec5b6649fa4",7,2
"568fec5b6649fa4",8,3
"568fec5b6649fa4",9,2
"568fec5b6649fa4",10,3
"568fec5b6649fa4",11,3
"568fec5b6649fa4",12,2
"45959b056841cf0b",1,2
"45959b056841cf0b",2,3
"45959b056841cf0b",3,3
"45959b056841cf0b",4,3
"45959b056841cf0b",5,3
"45959b056841cf0b",6,3
"45959b056841cf0b",7,3
"45959b056841cf0b",8,3
"45959b056841cf0b",9,3
"45959b056841cf0b",10,2
"45959b056841cf0b",11,2
"45959b056841cf0b",12,3
c880448b9d9939bc,1,3
c880448b9d9939bc,2,2
c880448b9d9939bc,3,2
c880448b9d9939bc,4,2
c880448b9d9939bc,5,3
c880448b9d9939bc,6,3
c880448b9d9939bc,7,3
c880448b9d9939bc,8,3
c880448b9d9939bc,9,3
c880448b9d9939bc,10,2
c880448b9d9939bc,11,3
c880448b9d9939bc,12,2
fd4642781bb75169,1,3
fd4642781bb75169,2,3
fd4642781bb75169,3,3
fd4642781bb75169,4,3
fd4642781bb75169,5,3
fd4642781bb75169,6,2
fd4642781bb75169,7,2
fd4642781bb75169,8,3
fd4642781bb75169,9,2
fd4642781bb75169,10,3
fd4642781bb75169,11,3
fd4642781bb75169,12,3
e3542081c758cc39,1,3
e3542081c758cc39,2,3
e3542081c758cc39,3,2
e3542081c758cc39,4,2
e3542081c758cc39,5,2
e3542081c758cc39,6,2
e3542081c758cc39,7,2
e3542081c758cc39,8,3
e3542081c758cc39,9,3
e3542081c758cc39,10,3
e3542081c758cc39,11,3
e3542081c758cc39,12,2
"5cb8c0ec2d76bf",1,3
"5cb8c0ec2d76bf",3,2
"5cb8c0ec2d76bf",4,3
"5cb8c0ec2d76bf",5,3
"5cb8c0ec2d76bf",6,3
"5cb8c0ec2d76bf",7,2
"5cb8c0ec2d76bf",8,3
"5cb8c0ec2d76bf",9,3
"5cb8c0ec2d76bf",10,2
"5cb8c0ec2d76bf",11,3
"5cb8c0ec2d76bf",12,3
"668c692473314dc9",1,2
"668c692473314dc9",2,2
"668c692473314dc9",3,2
"668c692473314dc9",4,2
"668c692473314dc9",5,2
"668c692473314dc9",6,2
"668c692473314dc9",7,3
"668c692473314dc9",8,2
"668c692473314dc9",9,2
"668c692473314dc9",10,3
"668c692473314dc9",11,2
"668c692473314dc9",12,3
edbafc84cda128bd,1,3
edbafc84cda128bd,2,3
edbafc84cda128bd,3,2
edbafc84cda128bd,4,3
edbafc84cda128bd,5,3
edbafc84cda128bd,6,3
edbafc84cda128bd,7,3
edbafc84cda128bd,8,3
edbafc84cda128bd,9,3
edbafc84cda128bd,10,2
edbafc84cda128bd,11,3
edbafc84cda128bd,12,2
"4f3a1b10411d51f4",1,3
"4f3a1b10411d51f4",2,3
"4f3a1b10411d51f4",3,3
"4f3a1b10411d51f4",4,3
"4f3a1b10411d51f4",5,3
"4f3a1b10411d51f4",6,3
"4f3a1b10411d51f4",7,2
"4f3a1b10411d51f4",8,3
"4f3a1b10411d51f4",9,3
"4f3a1b10411d51f4",10,2
"4f3a1b10411d51f4",11,3
"4f3a1b10411d51f4",12,2
"3d509c234096d43a",1,2
"3d509c234096d43a",2,2
"3d509c234096d43a",3,3
"3d509c234096d43a",4,3
"3d509c234096d43a",5,3
"3d509c234096d43a",6,3
"3d509c234096d43a",7,3
"3d509c234096d43a",8,3
"3d509c234096d43a",9,3
"3d509c234096d43a",10,3
"3d509c234096d43a",11,3
"3d509c234096d43a",12,3
"2dcf733686e46889",1,3
"2dcf733686e46889",2,3
"2dcf733686e46889",3,3
"2dcf733686e46889",4,3
"2dcf733686e46889",5,3
"2dcf733686e46889",6,2
"2dcf733686e46889",7,3
"2dcf733686e46889",8,2
"2dcf733686e46889",9,2
"2dcf733686e46889",10,2
"2dcf733686e46889",11,2
"2dcf733686e46889",12,2
"3cae720b95a885a8",1,3
"3cae720b95a885a8",2,3
"3cae720b95a885a8",3,2
"3cae720b95a885a8",4,3
"3cae720b95a885a8",5,2
"3cae720b95a885a8",6,3
"3cae720b95a885a8",7,3
"3cae720b95a885a8",8,3
"3cae720b95a885a8",9,2
"3cae720b95a885a8",10,2
"3cae720b95a885a8",11,2
"3cae720b95a885a8",12,3
a5f32090846c4a01,1,2
a5f32090846c4a01,2,2
a5f32090846c4a01,3,3
a5f32090846c4a01,4,2
a5f32090846c4a01,5,3
a5f32090846c4a01,6,3
a5f32090846c4a01,7,2
a5f32090846c4a01,8,2
a5f32090846c4a01,9,2
a5f32090846c4a01,10,3
a5f32090846c4a01,11,2
a5f32090846c4a01,12,2
e2299fe3e7eab280,1,2
e2299fe3e7eab280,2,2
e2299fe3e7eab280,3,2
e2299fe3e7eab280,4,2
e2299fe3e7eab280,5,3
e2299fe3e7eab280,6,3
e2299fe3e7eab280,7,3
e2299fe3e7eab280,8,2
e2299fe3e7eab280,9,2
e2299fe3e7eab280,10,2
e2299fe3e7eab280,11,2
e2299fe3e7eab280,12,3
"30a44e42b240657d",1,2
"30a44e42b240657d",2,2
"30a44e42b240657d",3,2
"30a44e42b240657d",4,3
"30a44e42b240657d",5,2
"30a44e42b240657d",6,3
"30a44e42b240657d",7,2
"30a44e42b240657d",8,2
"30a44e42b240657d",9,2
"30a44e42b240657d",10,3
"30a44e42b240657d",11,2
"30a44e42b240657d",12,2
"7b0c9960c780b1d3",1,3
"7b0c9960c780b1d3",2,3
"7b0c9960c780b1d3",3,3
"7b0c9960c780b1d3",4,3
"7b0c9960c780b1d3",5,3
"7b0c9960c780b1d3",6,3
"7b0c9960c780b1d3",7,3
"7b0c9960c780b1d3",8,3
"7b0c9960c780b1d3",9,3
"7b0c9960c780b1d3",10,3
"7b0c9960c780b1d3",11,3
"7b0c9960c780b1d3",12,3
"10a3d1f30f1855c9",1,3
"10a3d1f30f1855c9",2,3
"10a3d1f30f1855c9",3,2
"10a3d1f30f1855c9",4,3
"10a3d1f30f1855c9",5,3
"10a3d1f30f1855c9",6,2
"10a3d1f30f1855c9",7,2
"10a3d1f30f1855c9",8,2
"10a3d1f30f1855c9",9,2
"10a3d1f30f1855c9",10,2
"10a3d1f30f1855c9",11,2
"10a3d1f30f1855c9",12,2
"57a72b6045a04f6f",1,3
"57a72b6045a04f6f",2,3
"57a72b6045a04f6f",3,3
"57a72b6045a04f6f",4,3
"57a72b6045a04f6f",5,3
"57a72b6045a04f6f",6,3
"57a72b6045a04f6f",7,2
"57a72b6045a04f6f",8,2
"57a72b6045a04f6f",9,2
"57a72b6045a04f6f",10,2
"57a72b6045a04f6f",11,2
"57a72b6045a04f6f",12,2
"2ab0bdf48a15b7f8",1,2
"2ab0bdf48a15b7f8",2,2
"2ab0bdf48a15b7f8",3,2
"2ab0bdf48a15b7f8",4,2
"2ab0bdf48a15b7f8",5,2
"2ab0bdf48a15b7f8",6,2
"2ab0bdf48a15b7f8",7,3
"2ab0bdf48a15b7f8",8,2
"2ab0bdf48a15b7f8",9,2
"2ab0bdf48a15b7f8",10,3
"2ab0bdf48a15b7f8",11,2
"2ab0bdf48a15b7f8",12,3
"8b9d8c6cd7136fe",1,3
"8b9d8c6cd7136fe",2,3
"8b9d8c6cd7136fe",3,2
"8b9d8c6cd7136fe",4,3
"8b9d8c6cd7136fe",5,3
"8b9d8c6cd7136fe",6,2
"8b9d8c6cd7136fe",7,3
"8b9d8c6cd7136fe",8,2
"8b9d8c6cd7136fe",9,3
"8b9d8c6cd7136fe",10,3
"8b9d8c6cd7136fe",11,3
"8b9d8c6cd7136fe",12,2
"8ebe7370583beaf7",1,2
"8ebe7370583beaf7",2,2
"8ebe7370583beaf7",3,3
"8ebe7370583beaf7",4,3
"8ebe7370583beaf7",5,2
"8ebe7370583beaf7",6,3
"8ebe7370583beaf7",7,3
"8ebe7370583beaf7",8,3
"8ebe7370583beaf7",9,3
"8ebe7370583beaf7",10,2
"8ebe7370583beaf7",11,2
"8ebe7370583beaf7",12,2
b4afa53cf1a69b90,1,3
b4afa53cf1a69b90,2,3
b4afa53cf1a69b90,3,2
b4afa53cf1a69b90,4,2
b4afa53cf1a69b90,5,2
b4afa53cf1a69b90,6,3
b4afa53cf1a69b90,7,2
b4afa53cf1a69b90,8,3
b4afa53cf1a69b90,9,3
b4afa53cf1a69b90,10,3
b4afa53cf1a69b90,11,3
b4afa53cf1a69b90,12,3
c55d1b52275a924,1,3
c55d1b52275a924,2,3
c55d1b52275a924,3,2
c55d1b52275a924,4,3
c55d1b52275a924,5,2
c55d1b52275a924,6,2
c55d1b52275a924,7,2
c55d1b52275a924,8,3
c55d1b52275a924,9,3
c55d1b52275a924,10,3
c55d1b52275a924,11,3
c55d1b52275a924,12,2
"7a552a402f3cd259",1,2
"7a552a402f3cd259",2,2
"7a552a402f3cd259",3,2
"7a552a402f3cd259",4,2
"7a552a402f3cd259",5,3
"7a552a402f3cd259",6,2
"7a552a402f3cd259",7,3
"7a552a402f3cd259",8,2
"7a552a402f3cd259",9,2
"7a552a402f3cd259",10,2
"7a552a402f3cd259",11,2
"7a552a402f3cd259",12,2
d00a2e6a0b521107,1,2
d00a2e6a0b521107,2,2
d00a2e6a0b521107,3,2
d00a2e6a0b521107,4,2
d00a2e6a0b521107,5,2
d00a2e6a0b521107,6,2
d00a2e6a0b521107,7,3
d00a2e6a0b521107,8,3
d00a2e6a0b521107,9,3
d00a2e6a0b521107,10,3
d00a2e6a0b521107,11,3
d00a2e6a0b521107,12,2
"387230dbe6161224",1,3
"387230dbe6161224",2,3
"387230dbe6161224",3,3
"387230dbe6161224",4,3
"387230dbe6161224",5,2
"387230dbe6161224",6,3
"387230dbe6161224",7,2
"387230dbe6161224",8,2
"387230dbe6161224",9,3
"387230dbe6161224",10,2
"387230dbe6161224",11,3
"387230dbe6161224",12,3
b9b3561d5f423246,1,3
b9b3561d5f423246,2,3
b9b3561d5f423246,3,2
b9b3561d5f423246,4,3
b9b3561d5f423246,5,3
b9b3561d5f423246,6,3
b9b3561d5f423246,7,2
b9b3561d5f423246,8,2
b9b3561d5f423246,9,2
b9b3561d5f423246,10,3
b9b3561d5f423246,11,3
b9b3561d5f423246,12,3
ee5f8be378a7deef,1,3
ee5f8be378a7deef,2,3
ee5f8be378a7deef,3,3
ee5f8be378a7deef,4,3
ee5f8be378a7deef,5,2
ee5f8be378a7deef,6,2
ee5f8be378a7deef,7,2
ee5f8be378a7deef,8,3
ee5f8be378a7deef,9,3
ee5f8be378a7deef,10,2
ee5f8be378a7deef,11,2
ee5f8be378a7deef,12,2
a07bef37cb31a694,1,2
a07bef37cb31a694,2,2
a07bef37cb31a694,3,2
a07bef37cb31a694,4,2
a07bef37cb31a694,5,3
a07bef37cb31a694,6,3
a07bef37cb31a694,7,2
a07bef37cb31a694,8,2
a07bef37cb31a694,9,2
a07bef37cb31a694,10,2
a07bef37cb31a694,11,2
a07bef37cb31a694,12,3
be18716bf830f080,1,2
be18716bf830f080,2,3
be18716bf830f080,3,3
be18716bf830f080,4,3
be18716bf830f080,5,3
be18716bf830f080,6,3
be18716bf830f080,7,3
be18716bf830f080,8,3
be18716bf830f080,9,3
be18716bf830f080,10,2
be18716bf830f080,11,2
be18716bf830f080,12,3
"1787ce744c361d96",1,2
"1787ce744c361d96",2,2
"1787ce744c361d96",3,2
"1787ce744c361d96",4,3
"1787ce744c361d96",5,2
"1787ce744c361d96",6,2
"1787ce744c361d96",7,3
"1787ce744c361d96",8,3
"1787ce744c361d96",9,3
"1787ce744c361d96",10,2
"1787ce744c361d96",11,3
"1787ce744c361d96",12,3
b59f58438a50d50a,1,3
b59f58438a50d50a,3,2
b59f58438a50d50a,4,2
b59f58438a50d50a,5,2
b59f58438a50d50a,6,2
b59f58438a50d50a,7,2
b59f58438a50d50a,8,2
b59f58438a50d50a,9,2
b59f58438a50d50a,10,2
b59f58438a50d50a,11,2
b59f58438a50d50a,12,2
e5ace43e2b81803c,1,3
e5ace43e2b81803c,3,3
e5ace43e2b81803c,4,3
e5ace43e2b81803c,5,3
e5ace43e2b81803c,6,2
e5ace43e2b81803c,7,3
e5ace43e2b81803c,8,3
e5ace43e2b81803c,9,3
e5ace43e2b81803c,10,3
e5ace43e2b81803c,11,3
e5ace43e2b81803c,12,3
a983677928260a67,1,2
a983677928260a67,2,2
a983677928260a67,3,2
a983677928260a67,4,2
a983677928260a67,5,3
a983677928260a67,6,3
a983677928260a67,7,3
a983677928260a67,8,2
a983677928260a67,9,3
a983677928260a67,10,2
a983677928260a67,11,3
a983677928260a67,12,2
"3a8118441a31dfb4",1,3
"3a8118441a31dfb4",2,2
"3a8118441a31dfb4",3,2
"3a8118441a31dfb4",4,2
"3a8118441a31dfb4",5,3
"3a8118441a31dfb4",6,2
"3a8118441a31dfb4",7,3
"3a8118441a31dfb4",8,3
"3a8118441a31dfb4",9,3
"3a8118441a31dfb4",10,2
"3a8118441a31dfb4",11,3
"3a8118441a31dfb4",12,2
fc815fdab850eb8a,1,3
fc815fdab850eb8a,2,2
fc815fdab850eb8a,3,2
fc815fdab850eb8a,4,2
fc815fdab850eb8a,5,2
fc815fdab850eb8a,6,2
fc815fdab850eb8a,7,2
fc815fdab850eb8a,8,2
fc815fdab850eb8a,9,2
fc815fdab850eb8a,10,2
fc815fdab850eb8a,11,2
fc815fdab850eb8a,12,3
e7a2e289382096bd,1,3
e7a2e289382096bd,2,2
e7a2e289382096bd,3,2
e7a2e289382096bd,4,3
e7a2e289382096bd,5,2
e7a2e289382096bd,6,3
e7a2e289382096bd,7,3
e7a2e289382096bd,8,3
e7a2e289382096bd,9,3
e7a2e289382096bd,10,3
e7a2e289382096bd,11,3
e7a2e289382096bd,12,2
"9d312f7c14641658",1,2
"9d312f7c14641658",2,3
"9d312f7c14641658",3,3
"9d312f7c14641658",4,3
"9d312f7c14641658",5,3
"9d312f7c14641658",6,3
"9d312f7c14641658",7,3
"9d312f7c14641658",8,2
"9d312f7c14641658",9,2
"9d312f7c14641658",10,3
"9d312f7c14641658",11,2
"9d312f7c14641658",12,2
a89c662e78f8fec7,1,2
a89c662e78f8fec7,2,2
a89c662e78f8fec7,3,2
a89c662e78f8fec7,4,3
a89c662e78f8fec7,5,3
a89c662e78f8fec7,6,3
a89c662e78f8fec7,7,2
a89c662e78f8fec7,8,2
a89c662e78f8fec7,9,3
a89c662e78f8fec7,10,3
a89c662e78f8fec7,11,3
a89c662e78f8fec7,12,2
"36bf508e95dc5e64",1,3
"36bf508e95dc5e64",2,3
"36bf508e95dc5e64",3,3
"36bf508e95dc5e64",4,2
"36bf508e95dc5e64",5,3
"36bf508e95dc5e64",6,2
"36bf508e95dc5e64",7,2
"36bf508e95dc5e64",8,2
"36bf508e95dc5e64",9,2
"36bf508e95dc5e64",10,3
"36bf508e95dc5e64",11,3
"36bf508e95dc5e64",12,3
"1c05d3f571a5ee83",1,2
"1c05d3f571a5ee83",2,2
"1c05d3f571a5ee83",3,2
"1c05d3f571a5ee83",4,2
"1c05d3f571a5ee83",5,2
"1c05d3f571a5ee83",6,2
"1c05d3f571a5ee83",7,2
"1c05d3f571a5ee83",8,2
"1c05d3f571a5ee83",9,3
"1c05d3f571a5ee83",10,2
"1c05d3f571a5ee83",11,3
"1c05d3f571a5ee83",12,3
"9cf2b1cce364afa9",1,3
"9cf2b1cce364afa9",2,3
"9cf2b1cce364afa9",3,2
"9cf2b1cce364afa9",4,2
"9cf2b1cce364afa9",5,2
"9cf2b1cce364afa9",6,3
"9cf2b1cce364afa9",7,2
"9cf2b1cce364afa9",8,2
"9cf2b1cce364afa9",9,2
"9cf2b1cce364afa9",10,2
"9cf2b1cce364afa9",11,2
"9cf2b1cce364afa9",12,3
"5ef7cf95e5d4a0b7",1,2
"5ef7cf95e5d4a0b7",2,2
"5ef7cf95e5d4a0b7",3,2
"5ef7cf95e5d4a0b7",4,2
"5ef7cf95e5d4a0b7",5,2
"5ef7cf95e5d4a0b7",6,2
"5ef7cf95e5d4a0b7",7,3
"5ef7cf95e5d4a0b7",8,2
"5ef7cf95e5d4a0b7",9,2
"5ef7cf95e5d4a0b7",10,3
"5ef7cf95e5d4a0b7",11,2
"5ef7cf95e5d4a0b7",12,3
ce4178421b6000ff,1,3
ce4178421b6000ff,2,3
ce4178421b6000ff,3,2
ce4178421b6000ff,4,2
ce4178421b6000ff,5,2
ce4178421b6000ff,6,2
ce4178421b6000ff,7,2
ce4178421b6000ff,8,3
ce4178421b6000ff,9,2
ce4178421b6000ff,10,2
ce4178421b6000ff,11,3
ce4178421b6000ff,12,3
"755f8554d53a9fbb",1,3
"755f8554d53a9fbb",2,3
"755f8554d53a9fbb",3,3
"755f8554d53a9fbb",4,2
"755f8554d53a9fbb",5,3
"755f8554d53a9fbb",6,2
"755f8554d53a9fbb",7,3
"755f8554d53a9fbb",8,3
"755f8554d53a9fbb",9,3
"755f8554d53a9fbb",10,2
"755f8554d53a9fbb",11,3
"755f8554d53a9fbb",12,3
"8f8c9d172e900f90",1,2
"8f8c9d172e900f90",2,2
"8f8c9d172e900f90",3,2
"8f8c9d172e900f90",4,2
"8f8c9d172e900f90",5,2
"8f8c9d172e900f90",6,3
"8f8c9d172e900f90",7,3
"8f8c9d172e900f90",8,3
"8f8c9d172e900f90",9,3
"8f8c9d172e900f90",10,3
"8f8c9d172e900f90",11,2
"8f8c9d172e900f90",12,3
"5db37f2170255bf8",1,2
"5db37f2170255bf8",2,2
"5db37f2170255bf8",3,2
"5db37f2170255bf8",4,2
"5db37f2170255bf8",5,2
"5db37f2170255bf8",6,2
"5db37f2170255bf8",7,3
"5db37f2170255bf8",8,3
"5db37f2170255bf8",9,2
"5db37f2170255bf8",10,2
"5db37f2170255bf8",11,3
"5db37f2170255bf8",12,3
"8b28d6f61a6f4e65",1,3
"8b28d6f61a6f4e65",2,3
"8b28d6f61a6f4e65",3,2
"8b28d6f61a6f4e65",4,2
"8b28d6f61a6f4e65",5,2
"8b28d6f61a6f4e65",6,2
"8b28d6f61a6f4e65",7,2
"8b28d6f61a6f4e65",8,3
"8b28d6f61a6f4e65",9,2
"8b28d6f61a6f4e65",10,2
"8b28d6f61a6f4e65",11,2
"8b28d6f61a6f4e65",12,3
e13101daf8f9056b,1,3
e13101daf8f9056b,2,3
e13101daf8f9056b,3,3
e13101daf8f9056b,4,2
e13101daf8f9056b,5,2
e13101daf8f9056b,6,2
e13101daf8f9056b,7,2
e13101daf8f9056b,8,2
e13101daf8f9056b,9,2
e13101daf8f9056b,10,2
e13101daf8f9056b,11,3
e13101daf8f9056b,12,3
"6eefe38f5c129a16",1,3
"6eefe38f5c129a16",2,2
"6eefe38f5c129a16",3,2
"6eefe38f5c129a16",4,2
"6eefe38f5c129a16",5,2
"6eefe38f5c129a16",6,2
"6eefe38f5c129a16",7,2
"6eefe38f5c129a16",8,2
"6eefe38f5c129a16",9,2
"6eefe38f5c129a16",10,2
"6eefe38f5c129a16",11,2
"6eefe38f5c129a16",12,3
a7d25e8345edc7df,1,3
a7d25e8345edc7df,2,3
a7d25e8345edc7df,3,3
a7d25e8345edc7df,4,2
a7d25e8345edc7df,5,3
a7d25e8345edc7df,6,3
a7d25e8345edc7df,7,3
a7d25e8345edc7df,8,2
a7d25e8345edc7df,9,3
a7d25e8345edc7df,10,2
a7d25e8345edc7df,11,2
a7d25e8345edc7df,12,2
"6df18263276a9b40",1,2
"6df18263276a9b40",2,3
"6df18263276a9b40",3,3
"6df18263276a9b40",4,3
"6df18263276a9b40",5,2
"6df18263276a9b40",6,3
"6df18263276a9b40",7,3
"6df18263276a9b40",8,3
"6df18263276a9b40",9,2
"6df18263276a9b40",10,3
"6df18263276a9b40",11,2
"6df18263276a9b40",12,3
"4c63296d87f275d6",1,2
"4c63296d87f275d6",2,2
"4c63296d87f275d6",3,3
"4c63296d87f275d6",4,3
"4c63296d87f275d6",5,3
"4c63296d87f275d6",6,3
"4c63296d87f275d6",7,3
"4c63296d87f275d6",8,3
"4c63296d87f275d6",9,3
"4c63296d87f275d6",10,2
"4c63296d87f275d6",11,3
"4c63296d87f275d6",12,3
"741062afc2a69cbc",1,2
"741062afc2a69cbc",2,2
"741062afc2a69cbc",3,2
"741062afc2a69cbc",4,2
"741062afc2a69cbc",5,2
"741062afc2a69cbc",6,3
"741062afc2a69cbc",7,2
"741062afc2a69cbc",8,2
"741062afc2a69cbc",9,3
"741062afc2a69cbc",10,2
"741062afc2a69cbc",11,2
"741062afc2a69cbc",12,2
"4ceefac6670032b6",1,2
"4ceefac6670032b6",2,2
"4ceefac6670032b6",3,2
"4ceefac6670032b6",4,2
"4ceefac6670032b6",5,3
"4ceefac6670032b6",6,2
"4ceefac6670032b6",7,3
"4ceefac6670032b6",8,2
"4ceefac6670032b6",9,3
"4ceefac6670032b6",10,2
"4ceefac6670032b6",11,2
"4ceefac6670032b6",12,2
"8bc4eee4c905c740",1,3
"8bc4eee4c905c740",2,3
"8bc4eee4c905c740",3,3
"8bc4eee4c905c740",4,3
"8bc4eee4c905c740",5,3
"8bc4eee4c905c740",6,3
"8bc4eee4c905c740",7,3
"8bc4eee4c905c740",8,2
"8bc4eee4c905c740",9,3
"8bc4eee4c905c740",10,3
"8bc4eee4c905c740",11,2
"8bc4eee4c905c740",12,2
"6d7e93763553c4ad",1,3
"6d7e93763553c4ad",2,3
"6d7e93763553c4ad",3,3
"6d7e93763553c4ad",4,3
"6d7e93763553c4ad",5,3
"6d7e93763553c4ad",6,2
"6d7e93763553c4ad",7,2
"6d7e93763553c4ad",8,2
"6d7e93763553c4ad",9,2
"6d7e93763553c4ad",10,3
"6d7e93763553c4ad",11,3
"6d7e93763553c4ad",12,2
"5eb526ce6c2105f1",1,3
"5eb526ce6c2105f1",2,3
"5eb526ce6c2105f1",3,3
"5eb526ce6c2105f1",4,2
"5eb526ce6c2105f1",5,2
"5eb526ce6c2105f1",6,2
"5eb526ce6c2105f1",7,2
"5eb526ce6c2105f1",8,2
"5eb526ce6c2105f1",9,2
"5eb526ce6c2105f1",10,3
"5eb526ce6c2105f1",11,3
"5eb526ce6c2105f1",12,3
b61c9a50a50ac1af,1,2
b61c9a50a50ac1af,2,2
b61c9a50a50ac1af,3,3
b61c9a50a50ac1af,4,2
b61c9a50a50ac1af,5,2
b61c9a50a50ac1af,6,3
b61c9a50a50ac1af,7,2
b61c9a50a50ac1af,8,2
b61c9a50a50ac1af,9,2
b61c9a50a50ac1af,10,2
b61c9a50a50ac1af,11,2
b61c9a50a50ac1af,12,2
"958fa9238efe1849",1,3
"958fa9238efe1849",3,2
"958fa9238efe1849",4,2
"958fa9238efe1849",5,3
"958fa9238efe1849",6,2
"958fa9238efe1849",7,3
"958fa9238efe1849",8,3
"958fa9238efe1849",9,3
"958fa9238efe1849",10,3
"958fa9238efe1849",11,2
"958fa9238efe1849",12,3
"126487747bcfd5c",1,3
"126487747bcfd5c",2,3
"126487747bcfd5c",3,3
"126487747bcfd5c",4,3
"126487747bcfd5c",5,3
"126487747bcfd5c",6,2
"126487747bcfd5c",7,2
"126487747bcfd5c",8,2
"126487747bcfd5c",9,3
"126487747bcfd5c",10,3
"5197543f76489ac6",1,3
"126487747bcfd5c",11,2
"126487747bcfd5c",12,3
"15d519902ba3589b",1,2
"15d519902ba3589b",2,2
"15d519902ba3589b",3,2
"15d519902ba3589b",4,3
"15d519902ba3589b",5,2
"15d519902ba3589b",6,3
"15d519902ba3589b",7,3
"15d519902ba3589b",8,2
"15d519902ba3589b",9,3
"15d519902ba3589b",10,2
"15d519902ba3589b",11,2
"15d519902ba3589b",12,3
"170b0765d43fb325",1,3
"170b0765d43fb325",2,3
"170b0765d43fb325",3,3
"170b0765d43fb325",4,3
"170b0765d43fb325",5,2
"170b0765d43fb325",6,2
"170b0765d43fb325",7,3
"170b0765d43fb325",8,3
"170b0765d43fb325",9,3
"170b0765d43fb325",10,2
"170b0765d43fb325",11,3
"170b0765d43fb325",12,3
"68706dd3b8edc89f",1,2
"68706dd3b8edc89f",2,2
"68706dd3b8edc89f",3,2
"68706dd3b8edc89f",4,3
"68706dd3b8edc89f",5,3
"68706dd3b8edc89f",6,2
"68706dd3b8edc89f",7,2
"68706dd3b8edc89f",8,2
"68706dd3b8edc89f",9,3
"68706dd3b8edc89f",10,2
"68706dd3b8edc89f",11,2
"68706dd3b8edc89f",12,2
bc264f76fff3cf86,1,2
bc264f76fff3cf86,2,2
bc264f76fff3cf86,3,2
bc264f76fff3cf86,4,2
bc264f76fff3cf86,5,2
bc264f76fff3cf86,6,2
bc264f76fff3cf86,7,2
bc264f76fff3cf86,8,2
bc264f76fff3cf86,9,3
bc264f76fff3cf86,10,2
bc264f76fff3cf86,11,3
bc264f76fff3cf86,12,2
af3138c4f9478cad,1,2
af3138c4f9478cad,2,2
af3138c4f9478cad,3,2
af3138c4f9478cad,4,2
af3138c4f9478cad,5,3
af3138c4f9478cad,6,2
af3138c4f9478cad,7,3
af3138c4f9478cad,8,3
af3138c4f9478cad,9,3
af3138c4f9478cad,10,2
af3138c4f9478cad,11,3
af3138c4f9478cad,12,3
"508a34a389bb6d9b",1,3
"508a34a389bb6d9b",2,3
"508a34a389bb6d9b",3,3
"508a34a389bb6d9b",4,3
"508a34a389bb6d9b",5,2
"508a34a389bb6d9b",6,2
"508a34a389bb6d9b",7,2
"508a34a389bb6d9b",8,3
"508a34a389bb6d9b",9,2
"508a34a389bb6d9b",10,3
"508a34a389bb6d9b",11,2
"508a34a389bb6d9b",12,2
ccaad0683502a557,1,3
ccaad0683502a557,2,3
ccaad0683502a557,3,2
ccaad0683502a557,4,3
ccaad0683502a557,5,3
ccaad0683502a557,6,2
ccaad0683502a557,7,3
ccaad0683502a557,8,3
ccaad0683502a557,9,3
ccaad0683502a557,10,3
ccaad0683502a557,11,3
ccaad0683502a557,12,2
b833a145b9354816,1,3
b833a145b9354816,2,3
b833a145b9354816,3,3
b833a145b9354816,4,3
b833a145b9354816,5,2
b833a145b9354816,6,2
b833a145b9354816,7,2
b833a145b9354816,8,3
b833a145b9354816,9,3
b833a145b9354816,10,3
b833a145b9354816,11,3
b833a145b9354816,12,3
"4f113284d3a60660",1,3
"4f113284d3a60660",2,3
"4f113284d3a60660",3,2
"4f113284d3a60660",4,3
"4f113284d3a60660",5,3
"4f113284d3a60660",6,2
"4f113284d3a60660",7,2
"4f113284d3a60660",8,2
"4f113284d3a60660",9,2
"4f113284d3a60660",10,2
"4f113284d3a60660",11,2
"4f113284d3a60660",12,2
b2e61c050ce18062,1,2
b2e61c050ce18062,2,2
b2e61c050ce18062,3,3
b2e61c050ce18062,4,3
b2e61c050ce18062,5,3
b2e61c050ce18062,6,2
b2e61c050ce18062,7,3
b2e61c050ce18062,8,2
b2e61c050ce18062,9,3
b2e61c050ce18062,10,3
b2e61c050ce18062,11,3
b2e61c050ce18062,12,3
d17b8c7eeb394f7e,1,2
d17b8c7eeb394f7e,2,2
d17b8c7eeb394f7e,3,2
d17b8c7eeb394f7e,4,3
d17b8c7eeb394f7e,5,2
d17b8c7eeb394f7e,6,3
d17b8c7eeb394f7e,7,2
d17b8c7eeb394f7e,8,3
d17b8c7eeb394f7e,9,2
d17b8c7eeb394f7e,10,2
d17b8c7eeb394f7e,11,2
d17b8c7eeb394f7e,12,3
"6d4048adecfe5ab1",1,2
"6d4048adecfe5ab1",2,2
"6d4048adecfe5ab1",3,2
"6d4048adecfe5ab1",4,3
"6d4048adecfe5ab1",5,3
"6d4048adecfe5ab1",6,3
"6d4048adecfe5ab1",7,2
"6d4048adecfe5ab1",8,2
"6d4048adecfe5ab1",9,2
"6d4048adecfe5ab1",10,3
"6d4048adecfe5ab1",11,2
"6d4048adecfe5ab1",12,2
"88d974c6d6b8fac3",1,2
"88d974c6d6b8fac3",2,2
"88d974c6d6b8fac3",3,3
"88d974c6d6b8fac3",4,3
"88d974c6d6b8fac3",5,3
"88d974c6d6b8fac3",6,3
"88d974c6d6b8fac3",7,3
"88d974c6d6b8fac3",8,3
"88d974c6d6b8fac3",9,2
"88d974c6d6b8fac3",10,2
"88d974c6d6b8fac3",11,3
"88d974c6d6b8fac3",12,3
"2349ddf563beffcc",1,3
"2349ddf563beffcc",2,2
"2349ddf563beffcc",3,3
"2349ddf563beffcc",4,3
"2349ddf563beffcc",5,2
"2349ddf563beffcc",6,3
"2349ddf563beffcc",7,3
"2349ddf563beffcc",8,2
"2349ddf563beffcc",9,2
"2349ddf563beffcc",10,3
"2349ddf563beffcc",11,3
"2349ddf563beffcc",12,3
"69cae9aa07ad85b0",1,3
"69cae9aa07ad85b0",2,3
"69cae9aa07ad85b0",3,3
"69cae9aa07ad85b0",4,3
"69cae9aa07ad85b0",5,2
"69cae9aa07ad85b0",6,2
"69cae9aa07ad85b0",7,2
"69cae9aa07ad85b0",8,2
"69cae9aa07ad85b0",9,3
"69cae9aa07ad85b0",10,2
"69cae9aa07ad85b0",11,2
"69cae9aa07ad85b0",12,3
b74cf1a70c12878a,1,3
b74cf1a70c12878a,2,2
b74cf1a70c12878a,3,2
b74cf1a70c12878a,4,2
b74cf1a70c12878a,5,3
b74cf1a70c12878a,6,3
b74cf1a70c12878a,7,2
b74cf1a70c12878a,8,3
b74cf1a70c12878a,9,2
b74cf1a70c12878a,10,2
b74cf1a70c12878a,11,2
b74cf1a70c12878a,12,3
e83d3bbfedc9df7a,1,3
e83d3bbfedc9df7a,2,2
e83d3bbfedc9df7a,3,2
e83d3bbfedc9df7a,4,2
e83d3bbfedc9df7a,5,2
e83d3bbfedc9df7a,6,3
e83d3bbfedc9df7a,7,2
e83d3bbfedc9df7a,8,2
e83d3bbfedc9df7a,9,2
e83d3bbfedc9df7a,10,2
e83d3bbfedc9df7a,11,2
e83d3bbfedc9df7a,12,2
"5c149df14353820b",1,3
"5c149df14353820b",2,2
"5c149df14353820b",3,3
"5c149df14353820b",4,2
"5c149df14353820b",5,2
"5c149df14353820b",6,2
"5c149df14353820b",7,3
"5c149df14353820b",8,2
"5c149df14353820b",9,2
"5c149df14353820b",10,2
"5c149df14353820b",11,2
"5c149df14353820b",12,2
"363044199d8a3bcd",1,2
"363044199d8a3bcd",2,2
"363044199d8a3bcd",3,2
"363044199d8a3bcd",4,2
"363044199d8a3bcd",5,2
"363044199d8a3bcd",6,2
"363044199d8a3bcd",7,2
"363044199d8a3bcd",8,2
"363044199d8a3bcd",9,3
"363044199d8a3bcd",10,2
"363044199d8a3bcd",11,2
"363044199d8a3bcd",12,2
"30bc27daf13b2993",1,3
"30bc27daf13b2993",2,3
"30bc27daf13b2993",3,3
"30bc27daf13b2993",4,2
"30bc27daf13b2993",5,3
"30bc27daf13b2993",6,3
"30bc27daf13b2993",7,3
"30bc27daf13b2993",8,3
"30bc27daf13b2993",9,3
"30bc27daf13b2993",10,3
"30bc27daf13b2993",11,3
"30bc27daf13b2993",12,3
"5661c2da5c759ce5",1,3
"5661c2da5c759ce5",2,2
"5661c2da5c759ce5",3,2
"5661c2da5c759ce5",4,2
"5661c2da5c759ce5",5,2
"5661c2da5c759ce5",6,2
"5661c2da5c759ce5",7,3
"5661c2da5c759ce5",8,2
"5661c2da5c759ce5",9,2
"5661c2da5c759ce5",10,2
"5661c2da5c759ce5",11,2
"5661c2da5c759ce5",12,2
"703e116a4b633ac1",1,3
"703e116a4b633ac1",2,3
"703e116a4b633ac1",3,3
"703e116a4b633ac1",4,2
"703e116a4b633ac1",5,3
"703e116a4b633ac1",6,3
"703e116a4b633ac1",7,2
"703e116a4b633ac1",8,2
"703e116a4b633ac1",9,2
"703e116a4b633ac1",10,3
"703e116a4b633ac1",11,3
"703e116a4b633ac1",12,3
e64b250d5f25d9ed,1,3
e64b250d5f25d9ed,2,3
e64b250d5f25d9ed,3,3
e64b250d5f25d9ed,4,3
e64b250d5f25d9ed,5,3
e64b250d5f25d9ed,6,2
e64b250d5f25d9ed,7,2
e64b250d5f25d9ed,8,3
e64b250d5f25d9ed,9,3
e64b250d5f25d9ed,10,2
e64b250d5f25d9ed,11,3
e64b250d5f25d9ed,12,2
"28a0374c055ef765",1,2
"28a0374c055ef765",2,2
"28a0374c055ef765",3,3
"28a0374c055ef765",4,2
"28a0374c055ef765",5,3
"28a0374c055ef765",6,3
"28a0374c055ef765",7,3
"28a0374c055ef765",8,3
"28a0374c055ef765",9,2
"28a0374c055ef765",10,2
"28a0374c055ef765",11,2
"28a0374c055ef765",12,3
"3edb2a00618fb7f2",1,3
"3edb2a00618fb7f2",2,3
"3edb2a00618fb7f2",3,3
"3edb2a00618fb7f2",4,2
"3edb2a00618fb7f2",5,3
"3edb2a00618fb7f2",6,3
"3edb2a00618fb7f2",7,2
"3edb2a00618fb7f2",8,2
"3edb2a00618fb7f2",9,3
"3edb2a00618fb7f2",10,2
"3edb2a00618fb7f2",11,3
"3edb2a00618fb7f2",12,3
a1de9787d1adc24,1,2
a1de9787d1adc24,2,2
a1de9787d1adc24,3,2
a1de9787d1adc24,4,3
a1de9787d1adc24,5,2
a1de9787d1adc24,6,3
a1de9787d1adc24,7,2
a1de9787d1adc24,8,3
a1de9787d1adc24,9,3
a1de9787d1adc24,10,3
a1de9787d1adc24,11,3
a1de9787d1adc24,12,2
"140a5692e02b6d2d",1,2
"140a5692e02b6d2d",4,2
"140a5692e02b6d2d",5,2
"140a5692e02b6d2d",6,3
"140a5692e02b6d2d",7,3
"140a5692e02b6d2d",8,3
"140a5692e02b6d2d",9,3
"140a5692e02b6d2d",10,2
"140a5692e02b6d2d",11,2
"140a5692e02b6d2d",12,3
ede1b15d4aacbfeb,1,2
ede1b15d4aacbfeb,2,2
ede1b15d4aacbfeb,3,3
ede1b15d4aacbfeb,4,3
ede1b15d4aacbfeb,5,3
ede1b15d4aacbfeb,6,2
ede1b15d4aacbfeb,7,2
ede1b15d4aacbfeb,8,2
ede1b15d4aacbfeb,9,3
ede1b15d4aacbfeb,10,3
ede1b15d4aacbfeb,11,3
ede1b15d4aacbfeb,12,3
"554ec4ef442f415e",1,3
"554ec4ef442f415e",2,3
"554ec4ef442f415e",3,3
"554ec4ef442f415e",4,2
"554ec4ef442f415e",5,2
"554ec4ef442f415e",6,2
"554ec4ef442f415e",7,2
"554ec4ef442f415e",8,3
"554ec4ef442f415e",9,2
"554ec4ef442f415e",10,2
"554ec4ef442f415e",11,2
"554ec4ef442f415e",12,2
"115deb593c2d248e",1,2
"115deb593c2d248e",2,2
"115deb593c2d248e",3,2
"115deb593c2d248e",4,2
"115deb593c2d248e",5,3
"115deb593c2d248e",6,2
"115deb593c2d248e",7,3
"115deb593c2d248e",8,3
"115deb593c2d248e",9,3
"115deb593c2d248e",10,3
"115deb593c2d248e",11,3
"115deb593c2d248e",12,2
"32379617abb31e8",1,2
"32379617abb31e8",4,2
"32379617abb31e8",5,2
"32379617abb31e8",6,3
"32379617abb31e8",7,2
"32379617abb31e8",8,3
"32379617abb31e8",9,3
"32379617abb31e8",10,3
"32379617abb31e8",11,2
"32379617abb31e8",12,2
"6f7c12bb089730f",1,2
"6f7c12bb089730f",2,2
"6f7c12bb089730f",3,2
"6f7c12bb089730f",4,2
"6f7c12bb089730f",5,3
"6f7c12bb089730f",6,3
"6f7c12bb089730f",7,3
"6f7c12bb089730f",8,3
"6f7c12bb089730f",9,2
"6f7c12bb089730f",10,3
"6f7c12bb089730f",11,3
"6f7c12bb089730f",12,3
"9e447475d6583bc",1,2
"9e447475d6583bc",2,2
"9e447475d6583bc",3,2
"9e447475d6583bc",4,3
"9e447475d6583bc",5,3
"9e447475d6583bc",6,3
"9e447475d6583bc",7,2
"9e447475d6583bc",8,2
"9e447475d6583bc",9,2
"9e447475d6583bc",10,3
"9e447475d6583bc",11,2
"9e447475d6583bc",12,3
"693fd86c1955754e",1,2
"693fd86c1955754e",2,2
"693fd86c1955754e",3,2
"693fd86c1955754e",4,2
"693fd86c1955754e",5,3
"693fd86c1955754e",6,2
"693fd86c1955754e",7,2
"693fd86c1955754e",8,3
"693fd86c1955754e",9,3
"693fd86c1955754e",10,3
"693fd86c1955754e",11,3
"693fd86c1955754e",12,2
"3a526c675e3b6b13",1,3
"3a526c675e3b6b13",2,2
"3a526c675e3b6b13",3,2
"3a526c675e3b6b13",4,2
"3a526c675e3b6b13",5,3
"3a526c675e3b6b13",6,3
"3a526c675e3b6b13",7,3
"3a526c675e3b6b13",8,3
"3a526c675e3b6b13",9,3
"3a526c675e3b6b13",10,2
"3a526c675e3b6b13",11,2
"3a526c675e3b6b13",12,3
d002075c02d4a7e1,1,3
d002075c02d4a7e1,2,3
d002075c02d4a7e1,3,3
d002075c02d4a7e1,4,3
d002075c02d4a7e1,5,3
d002075c02d4a7e1,6,3
d002075c02d4a7e1,7,3
d002075c02d4a7e1,8,3
d002075c02d4a7e1,9,3
d002075c02d4a7e1,10,3
d002075c02d4a7e1,11,2
d002075c02d4a7e1,12,3
"7d8dd11b1c0c3898",1,3
"7d8dd11b1c0c3898",2,3
"7d8dd11b1c0c3898",3,2
"7d8dd11b1c0c3898",4,2
"7d8dd11b1c0c3898",5,2
"7d8dd11b1c0c3898",6,3
"7d8dd11b1c0c3898",7,3
"7d8dd11b1c0c3898",8,3
"7d8dd11b1c0c3898",9,2
"7d8dd11b1c0c3898",10,2
"7d8dd11b1c0c3898",11,2
"7d8dd11b1c0c3898",12,3
e2e1f4eaf176d94f,1,3
e2e1f4eaf176d94f,2,3
e2e1f4eaf176d94f,3,3
e2e1f4eaf176d94f,4,3
e2e1f4eaf176d94f,5,3
e2e1f4eaf176d94f,6,2
e2e1f4eaf176d94f,7,3
e2e1f4eaf176d94f,8,3
e2e1f4eaf176d94f,9,3
e2e1f4eaf176d94f,10,2
e2e1f4eaf176d94f,11,2
e2e1f4eaf176d94f,12,3
"585ac15106cf7435",1,2
"585ac15106cf7435",2,2
"585ac15106cf7435",3,2
"585ac15106cf7435",4,3
"585ac15106cf7435",5,2
"585ac15106cf7435",6,2
"585ac15106cf7435",7,3
"585ac15106cf7435",8,3
"585ac15106cf7435",9,2
"585ac15106cf7435",10,2
"585ac15106cf7435",11,3
"585ac15106cf7435",12,2
"30e4688a7c450b3c",1,3
"30e4688a7c450b3c",2,3
"30e4688a7c450b3c",3,3
"30e4688a7c450b3c",4,3
"30e4688a7c450b3c",5,3
"30e4688a7c450b3c",6,3
"30e4688a7c450b3c",7,3
"30e4688a7c450b3c",8,2
"30e4688a7c450b3c",9,2
"30e4688a7c450b3c",10,3
"30e4688a7c450b3c",11,2
"30e4688a7c450b3c",12,2
"13d728b6b0876092",1,2
"13d728b6b0876092",2,2
"13d728b6b0876092",3,3
"13d728b6b0876092",4,2
"13d728b6b0876092",5,3
"13d728b6b0876092",6,2
"13d728b6b0876092",7,3
"13d728b6b0876092",8,2
"13d728b6b0876092",9,2
"13d728b6b0876092",10,2
"13d728b6b0876092",11,3
"13d728b6b0876092",12,3
"6b0b30d74fce30dc",1,2
"6b0b30d74fce30dc",2,2
"6b0b30d74fce30dc",3,2
"6b0b30d74fce30dc",4,2
"6b0b30d74fce30dc",5,3
"6b0b30d74fce30dc",6,2
"6b0b30d74fce30dc",7,2
"6b0b30d74fce30dc",8,2
"6b0b30d74fce30dc",9,3
"6b0b30d74fce30dc",10,2
"6b0b30d74fce30dc",11,2
"6b0b30d74fce30dc",12,2
a9234141511a1532,1,2
a9234141511a1532,2,2
a9234141511a1532,3,2
a9234141511a1532,4,3
a9234141511a1532,5,2
a9234141511a1532,6,3
a9234141511a1532,7,3
a9234141511a1532,8,3
a9234141511a1532,9,3
a9234141511a1532,10,3
a9234141511a1532,11,3
a9234141511a1532,12,3
"7d91f03e93747585",1,2
"7d91f03e93747585",2,2
"7d91f03e93747585",3,2
"7d91f03e93747585",4,2
"7d91f03e93747585",5,2
"7d91f03e93747585",6,2
"7d91f03e93747585",7,2
"7d91f03e93747585",8,2
"7d91f03e93747585",9,3
"7d91f03e93747585",10,2
"7d91f03e93747585",11,2
"7d91f03e93747585",12,3
"8d39e4c8efcaae52",1,3
"8d39e4c8efcaae52",2,3
"8d39e4c8efcaae52",3,3
"8d39e4c8efcaae52",4,3
"8d39e4c8efcaae52",5,3
"8d39e4c8efcaae52",6,3
"8d39e4c8efcaae52",7,3
"8d39e4c8efcaae52",8,3
"8d39e4c8efcaae52",9,3
"8d39e4c8efcaae52",10,3
"8d39e4c8efcaae52",11,2
"8d39e4c8efcaae52",12,3
c683af478c06491,1,3
c683af478c06491,2,3
c683af478c06491,3,3
c683af478c06491,4,3
c683af478c06491,5,2
c683af478c06491,6,3
c683af478c06491,7,2
c683af478c06491,8,3
c683af478c06491,9,2
c683af478c06491,10,2
c683af478c06491,11,2
c683af478c06491,12,2
"17f903159982eda1",1,3
"17f903159982eda1",2,3
"17f903159982eda1",3,2
"17f903159982eda1",4,3
"17f903159982eda1",5,3
"17f903159982eda1",6,3
"17f903159982eda1",7,3
"17f903159982eda1",8,2
"17f903159982eda1",9,2
"17f903159982eda1",10,2
"17f903159982eda1",11,2
"17f903159982eda1",12,2
f56f6d6959f09572,1,2
f56f6d6959f09572,2,2
f56f6d6959f09572,3,2
f56f6d6959f09572,4,2
f56f6d6959f09572,5,2
f56f6d6959f09572,6,3
f56f6d6959f09572,7,3
f56f6d6959f09572,8,3
f56f6d6959f09572,9,3
f56f6d6959f09572,10,2
f56f6d6959f09572,11,3
f56f6d6959f09572,12,2
b7cfe32011fa0354,1,3
b7cfe32011fa0354,2,3
b7cfe32011fa0354,3,3
b7cfe32011fa0354,4,3
b7cfe32011fa0354,5,3
b7cfe32011fa0354,6,3
b7cfe32011fa0354,7,3
b7cfe32011fa0354,8,3
b7cfe32011fa0354,9,3
b7cfe32011fa0354,10,3
b7cfe32011fa0354,11,3
b7cfe32011fa0354,12,2
"9b9be817a88c1584",1,3
"9b9be817a88c1584",2,3
"9b9be817a88c1584",3,2
"9b9be817a88c1584",4,3
"9b9be817a88c1584",5,3
"9b9be817a88c1584",6,3
"9b9be817a88c1584",7,2
"9b9be817a88c1584",8,2
"9b9be817a88c1584",9,3
"9b9be817a88c1584",10,3
"9b9be817a88c1584",11,3
"9b9be817a88c1584",12,2
"5d10f4fbd00192bb",1,3
"5d10f4fbd00192bb",2,3
"5d10f4fbd00192bb",3,3
"5d10f4fbd00192bb",4,3
"5d10f4fbd00192bb",5,3
"5d10f4fbd00192bb",6,2
"5d10f4fbd00192bb",7,2
"5d10f4fbd00192bb",8,2
"5d10f4fbd00192bb",9,2
"5d10f4fbd00192bb",10,3
"5d10f4fbd00192bb",11,3
"5d10f4fbd00192bb",12,3
"5ef2d1b23ef60496",1,2
"5ef2d1b23ef60496",4,2
"5ef2d1b23ef60496",5,2
"5ef2d1b23ef60496",6,3
"5ef2d1b23ef60496",7,2
"5ef2d1b23ef60496",8,2
"5ef2d1b23ef60496",9,3
"5ef2d1b23ef60496",10,2
"5ef2d1b23ef60496",11,2
"5ef2d1b23ef60496",12,2
"2b692f403d8a2537",1,2
"2b692f403d8a2537",2,2
"2b692f403d8a2537",3,3
"2b692f403d8a2537",4,2
"2b692f403d8a2537",5,2
"2b692f403d8a2537",6,2
"2b692f403d8a2537",7,2
"2b692f403d8a2537",8,2
"2b692f403d8a2537",9,2
"2b692f403d8a2537",10,2
"2b692f403d8a2537",11,3
"2b692f403d8a2537",12,3
"7f742621512ab5d3",1,3
"7f742621512ab5d3",2,3
"7f742621512ab5d3",3,2
"7f742621512ab5d3",4,2
"7f742621512ab5d3",5,2
"7f742621512ab5d3",6,3
"7f742621512ab5d3",7,2
"7f742621512ab5d3",8,3
"7f742621512ab5d3",9,3
"7f742621512ab5d3",10,2
"7f742621512ab5d3",11,2
"7f742621512ab5d3",12,3
f68d4aa10d3c15fc,1,3
f68d4aa10d3c15fc,2,3
f68d4aa10d3c15fc,3,3
f68d4aa10d3c15fc,4,3
f68d4aa10d3c15fc,5,3
f68d4aa10d3c15fc,6,3
f68d4aa10d3c15fc,7,3
f68d4aa10d3c15fc,8,2
f68d4aa10d3c15fc,9,3
f68d4aa10d3c15fc,10,3
f68d4aa10d3c15fc,11,3
f68d4aa10d3c15fc,12,2
"698ae7f08e02241e",1,3
"698ae7f08e02241e",2,3
"698ae7f08e02241e",3,2
"698ae7f08e02241e",4,3
"698ae7f08e02241e",5,3
"698ae7f08e02241e",6,3
"698ae7f08e02241e",7,3
"698ae7f08e02241e",8,3
"698ae7f08e02241e",9,3
"698ae7f08e02241e",10,3
"698ae7f08e02241e",11,3
"698ae7f08e02241e",12,3
"9b8261c9e55ad80f",1,3
"9b8261c9e55ad80f",2,3
"9b8261c9e55ad80f",3,2
"9b8261c9e55ad80f",4,2
"9b8261c9e55ad80f",5,2
"9b8261c9e55ad80f",6,2
"9b8261c9e55ad80f",7,2
"9b8261c9e55ad80f",8,2
"9b8261c9e55ad80f",9,2
"9b8261c9e55ad80f",10,2
"9b8261c9e55ad80f",11,2
"9b8261c9e55ad80f",12,2
fad922bd36c191fc,1,3
fad922bd36c191fc,2,3
fad922bd36c191fc,3,2
fad922bd36c191fc,4,3
fad922bd36c191fc,5,2
fad922bd36c191fc,6,2
fad922bd36c191fc,7,2
fad922bd36c191fc,8,2
fad922bd36c191fc,9,2
fad922bd36c191fc,10,3
fad922bd36c191fc,11,3
fad922bd36c191fc,12,3
"8cf67a76a7e8baf5",1,3
"8cf67a76a7e8baf5",2,3
"8cf67a76a7e8baf5",3,3
"8cf67a76a7e8baf5",4,2
"8cf67a76a7e8baf5",5,3
"8cf67a76a7e8baf5",6,2
"8cf67a76a7e8baf5",7,2
"8cf67a76a7e8baf5",8,2
"8cf67a76a7e8baf5",9,3
"8cf67a76a7e8baf5",10,3
"8cf67a76a7e8baf5",11,3
"8cf67a76a7e8baf5",12,3
"31d6d8bb325cf9f8",1,3
"31d6d8bb325cf9f8",2,3
"31d6d8bb325cf9f8",3,3
"31d6d8bb325cf9f8",4,2
"31d6d8bb325cf9f8",5,3
"31d6d8bb325cf9f8",6,3
"31d6d8bb325cf9f8",7,2
"31d6d8bb325cf9f8",8,3
"31d6d8bb325cf9f8",9,3
"31d6d8bb325cf9f8",10,3
"31d6d8bb325cf9f8",11,3
"31d6d8bb325cf9f8",12,2
"5b499e0f4fbdc664",1,3
"5b499e0f4fbdc664",3,2
"5b499e0f4fbdc664",4,3
"5b499e0f4fbdc664",5,3
"5b499e0f4fbdc664",6,3
"5b499e0f4fbdc664",7,3
"5b499e0f4fbdc664",8,3
"5b499e0f4fbdc664",9,2
"5b499e0f4fbdc664",10,2
"5b499e0f4fbdc664",11,2
"5b499e0f4fbdc664",12,2
"35943b9b1fa54851",1,2
"35943b9b1fa54851",2,2
"35943b9b1fa54851",3,2
"35943b9b1fa54851",4,2
"35943b9b1fa54851",5,2
"35943b9b1fa54851",6,2
"35943b9b1fa54851",7,2
"35943b9b1fa54851",8,2
"35943b9b1fa54851",9,3
"35943b9b1fa54851",10,2
"35943b9b1fa54851",11,3
"35943b9b1fa54851",12,2
"4c0fb74ff1d37488",1,3
"4c0fb74ff1d37488",2,3
"4c0fb74ff1d37488",3,3
"4c0fb74ff1d37488",4,3
"4c0fb74ff1d37488",5,3
"4c0fb74ff1d37488",6,2
"4c0fb74ff1d37488",7,2
"4c0fb74ff1d37488",8,3
"4c0fb74ff1d37488",9,2
"4c0fb74ff1d37488",10,2
"4c0fb74ff1d37488",11,2
"4c0fb74ff1d37488",12,2
c0165a1c61954a4d,1,2
c0165a1c61954a4d,2,2
c0165a1c61954a4d,3,3
c0165a1c61954a4d,4,3
c0165a1c61954a4d,5,2
c0165a1c61954a4d,6,2
c0165a1c61954a4d,7,2
c0165a1c61954a4d,8,2
c0165a1c61954a4d,9,2
c0165a1c61954a4d,10,2
c0165a1c61954a4d,11,2
c0165a1c61954a4d,12,3
c4f4da42623b2204,1,2
c4f4da42623b2204,2,2
c4f4da42623b2204,3,2
c4f4da42623b2204,4,3
c4f4da42623b2204,5,3
c4f4da42623b2204,6,3
c4f4da42623b2204,7,3
c4f4da42623b2204,8,3
c4f4da42623b2204,9,2
c4f4da42623b2204,10,2
c4f4da42623b2204,11,3
c4f4da42623b2204,12,2
efdf4f2365128a77,1,2
efdf4f2365128a77,2,2
efdf4f2365128a77,3,2
efdf4f2365128a77,4,2
efdf4f2365128a77,5,3
efdf4f2365128a77,6,3
efdf4f2365128a77,7,2
efdf4f2365128a77,8,3
efdf4f2365128a77,9,3
efdf4f2365128a77,10,3
efdf4f2365128a77,11,2
efdf4f2365128a77,12,2
b8d45e4d313edb06,1,2
b8d45e4d313edb06,2,2
b8d45e4d313edb06,3,2
b8d45e4d313edb06,4,3
b8d45e4d313edb06,5,2
b8d45e4d313edb06,6,3
b8d45e4d313edb06,7,3
b8d45e4d313edb06,8,3
b8d45e4d313edb06,9,2
b8d45e4d313edb06,10,2
b8d45e4d313edb06,11,3
b8d45e4d313edb06,12,2
"8b5a1e7040012f52",1,3
"8b5a1e7040012f52",2,3
"8b5a1e7040012f52",3,3
"8b5a1e7040012f52",4,3
"8b5a1e7040012f52",5,2
"8b5a1e7040012f52",6,3
"8b5a1e7040012f52",7,3
"8b5a1e7040012f52",8,3
"8b5a1e7040012f52",9,3
"8b5a1e7040012f52",10,3
"8b5a1e7040012f52",11,2
"8b5a1e7040012f52",12,2
"97533032f79a57fa",1,3
"97533032f79a57fa",2,3
"97533032f79a57fa",3,2
"97533032f79a57fa",4,2
"97533032f79a57fa",5,2
"97533032f79a57fa",6,3
"97533032f79a57fa",7,3
"97533032f79a57fa",8,3
"97533032f79a57fa",9,2
"97533032f79a57fa",10,3
"97533032f79a57fa",11,3
"97533032f79a57fa",12,3
"8194164e37a349ae",1,3
"8194164e37a349ae",2,2
"8194164e37a349ae",3,2
"8194164e37a349ae",4,2
"8194164e37a349ae",5,2
"8194164e37a349ae",6,3
"8194164e37a349ae",7,2
"8194164e37a349ae",8,2
"8194164e37a349ae",9,3
"8194164e37a349ae",10,3
"8194164e37a349ae",11,3
"8194164e37a349ae",12,3
f273210b73cb7256,1,2
f273210b73cb7256,2,2
f273210b73cb7256,3,2
f273210b73cb7256,4,2
f273210b73cb7256,5,2
f273210b73cb7256,6,3
f273210b73cb7256,7,3
f273210b73cb7256,8,2
f273210b73cb7256,9,3
f273210b73cb7256,10,2
f273210b73cb7256,11,3
f273210b73cb7256,12,2
"13e5f07b85555ae5",1,2
"13e5f07b85555ae5",2,3
"13e5f07b85555ae5",3,2
"13e5f07b85555ae5",4,3
"13e5f07b85555ae5",5,3
"13e5f07b85555ae5",6,3
"13e5f07b85555ae5",7,3
"13e5f07b85555ae5",8,2
"13e5f07b85555ae5",9,2
"13e5f07b85555ae5",10,3
"13e5f07b85555ae5",11,3
"13e5f07b85555ae5",12,2
ad357f012bd8bbdf,1,3
ad357f012bd8bbdf,2,3
ad357f012bd8bbdf,3,3
ad357f012bd8bbdf,4,2
ad357f012bd8bbdf,5,2
ad357f012bd8bbdf,6,2
ad357f012bd8bbdf,7,2
ad357f012bd8bbdf,8,3
ad357f012bd8bbdf,9,3
ad357f012bd8bbdf,10,3
ad357f012bd8bbdf,11,3
ad357f012bd8bbdf,12,2
c7b076d797b3dbe6,1,3
c7b076d797b3dbe6,2,3
c7b076d797b3dbe6,3,3
c7b076d797b3dbe6,4,3
c7b076d797b3dbe6,5,2
c7b076d797b3dbe6,6,2
c7b076d797b3dbe6,7,3
c7b076d797b3dbe6,8,2
c7b076d797b3dbe6,9,2
c7b076d797b3dbe6,10,3
c7b076d797b3dbe6,11,2
c7b076d797b3dbe6,12,2
acba6c83282fbc01,1,3
acba6c83282fbc01,2,3
acba6c83282fbc01,3,2
acba6c83282fbc01,4,3
acba6c83282fbc01,5,3
acba6c83282fbc01,6,3
acba6c83282fbc01,7,3
acba6c83282fbc01,8,2
acba6c83282fbc01,9,3
acba6c83282fbc01,10,2
acba6c83282fbc01,11,3
acba6c83282fbc01,12,3
eb5a051f41238642,1,2
eb5a051f41238642,2,2
eb5a051f41238642,3,3
eb5a051f41238642,4,2
eb5a051f41238642,5,2
eb5a051f41238642,6,2
eb5a051f41238642,7,3
eb5a051f41238642,8,3
eb5a051f41238642,9,3
eb5a051f41238642,10,3
eb5a051f41238642,11,3
eb5a051f41238642,12,3
"8c6cdb2c2b4b5282",1,3
"8c6cdb2c2b4b5282",2,3
"8c6cdb2c2b4b5282",3,3
"8c6cdb2c2b4b5282",4,2
"8c6cdb2c2b4b5282",5,2
"8c6cdb2c2b4b5282",6,2
"8c6cdb2c2b4b5282",7,2
"8c6cdb2c2b4b5282",8,2
"8c6cdb2c2b4b5282",9,3
"8c6cdb2c2b4b5282",10,2
"8c6cdb2c2b4b5282",11,3
"8c6cdb2c2b4b5282",12,3
"5b1fae1843426fce",1,2
"5b1fae1843426fce",2,2
"5b1fae1843426fce",3,2
"5b1fae1843426fce",4,2
"5b1fae1843426fce",5,2
"5b1fae1843426fce",6,2
"5b1fae1843426fce",7,3
"5b1fae1843426fce",8,3
"5b1fae1843426fce",9,2
"5b1fae1843426fce",10,2
"5b1fae1843426fce",11,2
"5b1fae1843426fce",12,2
"298a9abbb10da3da",1,3
"298a9abbb10da3da",2,3
"298a9abbb10da3da",3,3
"298a9abbb10da3da",4,3
"298a9abbb10da3da",5,3
"298a9abbb10da3da",6,3
"298a9abbb10da3da",7,2
"298a9abbb10da3da",8,2
"298a9abbb10da3da",9,3
"298a9abbb10da3da",10,3
"298a9abbb10da3da",11,3
"298a9abbb10da3da",12,3
a9cecce61970ac6f,1,2
a9cecce61970ac6f,2,3
a9cecce61970ac6f,3,3
a9cecce61970ac6f,4,3
a9cecce61970ac6f,5,2
a9cecce61970ac6f,6,2
a9cecce61970ac6f,7,2
a9cecce61970ac6f,8,2
a9cecce61970ac6f,9,3
a9cecce61970ac6f,10,2
a9cecce61970ac6f,11,3
a9cecce61970ac6f,12,3
b44ef1aa8056e245,1,2
b44ef1aa8056e245,2,3
b44ef1aa8056e245,3,3
b44ef1aa8056e245,4,3
b44ef1aa8056e245,5,2
b44ef1aa8056e245,6,2
b44ef1aa8056e245,7,3
b44ef1aa8056e245,8,3
b44ef1aa8056e245,9,3
b44ef1aa8056e245,10,2
b44ef1aa8056e245,11,3
b44ef1aa8056e245,12,3
"711bcb01189ff22f",1,2
"711bcb01189ff22f",2,2
"711bcb01189ff22f",3,3
"711bcb01189ff22f",4,3
"711bcb01189ff22f",5,3
"711bcb01189ff22f",6,3
"711bcb01189ff22f",7,2
"711bcb01189ff22f",8,2
"711bcb01189ff22f",9,2
"711bcb01189ff22f",10,2
"711bcb01189ff22f",11,3
"711bcb01189ff22f",12,2
"9ff3df6794bf9a01",1,2
"9ff3df6794bf9a01",2,2
"9ff3df6794bf9a01",3,2
"9ff3df6794bf9a01",4,2
"9ff3df6794bf9a01",5,2
"9ff3df6794bf9a01",6,2
"9ff3df6794bf9a01",7,2
"9ff3df6794bf9a01",8,2
"9ff3df6794bf9a01",9,2
"9ff3df6794bf9a01",10,3
"9ff3df6794bf9a01",11,2
"9ff3df6794bf9a01",12,3
"1d2f17af80a4b42d",1,2
"1d2f17af80a4b42d",2,2
"1d2f17af80a4b42d",3,2
"1d2f17af80a4b42d",4,2
"1d2f17af80a4b42d",5,2
"1d2f17af80a4b42d",6,3
"1d2f17af80a4b42d",7,3
"1d2f17af80a4b42d",8,3
"1d2f17af80a4b42d",9,3
"1d2f17af80a4b42d",10,2
"1d2f17af80a4b42d",11,2
"1d2f17af80a4b42d",12,2
a5cfc99d457e271,1,3
a5cfc99d457e271,2,3
a5cfc99d457e271,3,2
a5cfc99d457e271,4,2
a5cfc99d457e271,5,2
a5cfc99d457e271,6,2
a5cfc99d457e271,7,3
a5cfc99d457e271,8,3
a5cfc99d457e271,9,3
a5cfc99d457e271,10,3
a5cfc99d457e271,11,3
a5cfc99d457e271,12,3
"52104352bb98d527",1,3
"52104352bb98d527",2,3
"52104352bb98d527",3,2
"52104352bb98d527",4,2
"52104352bb98d527",5,2
"52104352bb98d527",6,3
"52104352bb98d527",7,3
"52104352bb98d527",8,3
"52104352bb98d527",9,2
"52104352bb98d527",10,2
"52104352bb98d527",11,2
"52104352bb98d527",12,2
bf84777dac6ba833,1,3
bf84777dac6ba833,2,3
bf84777dac6ba833,3,3
bf84777dac6ba833,4,2
bf84777dac6ba833,5,2
bf84777dac6ba833,6,2
bf84777dac6ba833,7,3
bf84777dac6ba833,8,3
bf84777dac6ba833,9,3
bf84777dac6ba833,10,3
bf84777dac6ba833,11,3
bf84777dac6ba833,12,3
"26b13a9c6ac37a35",1,3
"26b13a9c6ac37a35",2,3
"26b13a9c6ac37a35",3,2
"26b13a9c6ac37a35",4,3
"26b13a9c6ac37a35",5,2
"26b13a9c6ac37a35",6,2
"26b13a9c6ac37a35",7,3
"26b13a9c6ac37a35",8,2
"26b13a9c6ac37a35",9,2
"26b13a9c6ac37a35",10,2
"26b13a9c6ac37a35",11,2
"26b13a9c6ac37a35",12,3
"50a409cd3e4048ee",1,2
"50a409cd3e4048ee",2,3
"50a409cd3e4048ee",3,3
"50a409cd3e4048ee",4,3
"50a409cd3e4048ee",5,2
"50a409cd3e4048ee",6,3
"50a409cd3e4048ee",7,2
"50a409cd3e4048ee",8,2
"50a409cd3e4048ee",9,2
"50a409cd3e4048ee",10,2
"50a409cd3e4048ee",11,2
"50a409cd3e4048ee",12,3
ada217437d56b8a2,1,3
ada217437d56b8a2,2,3
ada217437d56b8a2,3,3
ada217437d56b8a2,4,3
ada217437d56b8a2,5,3
ada217437d56b8a2,6,3
ada217437d56b8a2,7,2
ada217437d56b8a2,8,2
ada217437d56b8a2,9,3
ada217437d56b8a2,10,2
ada217437d56b8a2,11,3
ada217437d56b8a2,12,3
cd9797b5df00787c,1,2
cd9797b5df00787c,2,2
cd9797b5df00787c,3,3
cd9797b5df00787c,4,3
cd9797b5df00787c,5,2
cd9797b5df00787c,6,3
cd9797b5df00787c,7,2
cd9797b5df00787c,8,2
cd9797b5df00787c,9,2
cd9797b5df00787c,10,3
cd9797b5df00787c,11,2
cd9797b5df00787c,12,3
f32f48049ea13968,1,3
f32f48049ea13968,2,3
f32f48049ea13968,3,3
f32f48049ea13968,4,3
f32f48049ea13968,5,2
f32f48049ea13968,6,2
f32f48049ea13968,7,2
f32f48049ea13968,8,2
f32f48049ea13968,9,3
f32f48049ea13968,10,3
f32f48049ea13968,11,3
f32f48049ea13968,12,2
"3a4c3f4cdd7388ce",1,2
"3a4c3f4cdd7388ce",2,2
"3a4c3f4cdd7388ce",3,2
"3a4c3f4cdd7388ce",4,2
"3a4c3f4cdd7388ce",5,3
"3a4c3f4cdd7388ce",6,2
"3a4c3f4cdd7388ce",7,3
"3a4c3f4cdd7388ce",8,2
"3a4c3f4cdd7388ce",9,3
"3a4c3f4cdd7388ce",10,2
"3a4c3f4cdd7388ce",11,2
"3a4c3f4cdd7388ce",12,2
"447c6ebd65d6fd79",1,3
"447c6ebd65d6fd79",2,3
"447c6ebd65d6fd79",3,3
"447c6ebd65d6fd79",4,2
"447c6ebd65d6fd79",5,2
"447c6ebd65d6fd79",6,2
"447c6ebd65d6fd79",7,2
"447c6ebd65d6fd79",8,2
"447c6ebd65d6fd79",9,3
"447c6ebd65d6fd79",10,2
"447c6ebd65d6fd79",11,2
"447c6ebd65d6fd79",12,2
"143534acb45ed245",1,3
"143534acb45ed245",2,3
"143534acb45ed245",3,3
"143534acb45ed245",4,2
"143534acb45ed245",5,3
"143534acb45ed245",6,3
"143534acb45ed245",7,3
"143534acb45ed245",8,3
"143534acb45ed245",9,2
"143534acb45ed245",10,2
"143534acb45ed245",11,2
"143534acb45ed245",12,2
a88599dd16e02133,1,3
a88599dd16e02133,2,3
a88599dd16e02133,3,3
a88599dd16e02133,4,2
a88599dd16e02133,5,2
a88599dd16e02133,6,2
a88599dd16e02133,7,3
a88599dd16e02133,8,3
a88599dd16e02133,9,3
a88599dd16e02133,10,2
a88599dd16e02133,11,2
a88599dd16e02133,12,2
"7b8f423709bdb2a6",1,3
"7b8f423709bdb2a6",2,3
"7b8f423709bdb2a6",3,3
"7b8f423709bdb2a6",4,3
"7b8f423709bdb2a6",5,2
"7b8f423709bdb2a6",6,3
"7b8f423709bdb2a6",7,3
"7b8f423709bdb2a6",8,3
"7b8f423709bdb2a6",9,3
"7b8f423709bdb2a6",10,3
"7b8f423709bdb2a6",11,3
"7b8f423709bdb2a6",12,2
daf3cadd0361be34,1,2
daf3cadd0361be34,2,2
daf3cadd0361be34,3,3
daf3cadd0361be34,4,2
daf3cadd0361be34,5,2
daf3cadd0361be34,6,3
daf3cadd0361be34,7,3
daf3cadd0361be34,8,3
daf3cadd0361be34,9,2
daf3cadd0361be34,10,2
daf3cadd0361be34,11,3
daf3cadd0361be34,12,2
d5d56fbf8156af98,1,3
d5d56fbf8156af98,2,3
d5d56fbf8156af98,3,3
d5d56fbf8156af98,4,3
d5d56fbf8156af98,5,3
d5d56fbf8156af98,6,2
d5d56fbf8156af98,7,3
d5d56fbf8156af98,8,2
d5d56fbf8156af98,9,3
d5d56fbf8156af98,10,2
d5d56fbf8156af98,11,2
d5d56fbf8156af98,12,3
f930cbc2345c0f13,1,3
f930cbc2345c0f13,2,3
f930cbc2345c0f13,3,3
f930cbc2345c0f13,4,3
f930cbc2345c0f13,5,2
f930cbc2345c0f13,6,2
f930cbc2345c0f13,7,2
f930cbc2345c0f13,8,3
f930cbc2345c0f13,9,3
f930cbc2345c0f13,10,2
f930cbc2345c0f13,11,2
f930cbc2345c0f13,12,2
"7add16800eed57cf",1,3
"7add16800eed57cf",2,3
"7add16800eed57cf",3,3
"7add16800eed57cf",4,3
"7add16800eed57cf",5,2
"7add16800eed57cf",6,2
"7add16800eed57cf",7,2
"7add16800eed57cf",8,3
"7add16800eed57cf",9,3
"7add16800eed57cf",10,2
"7add16800eed57cf",11,2
"7add16800eed57cf",12,2
"3e85bd95d3274620",1,3
"3e85bd95d3274620",2,3
"3e85bd95d3274620",3,3
"3e85bd95d3274620",4,2
"3e85bd95d3274620",5,2
"3e85bd95d3274620",6,2
"3e85bd95d3274620",7,3
"3e85bd95d3274620",8,3
"3e85bd95d3274620",9,2
"3e85bd95d3274620",10,2
"3e85bd95d3274620",11,2
"3e85bd95d3274620",12,2
afc98ee350d6d138,1,2
afc98ee350d6d138,2,2
afc98ee350d6d138,3,2
afc98ee350d6d138,4,3
afc98ee350d6d138,5,3
afc98ee350d6d138,6,3
afc98ee350d6d138,7,3
afc98ee350d6d138,8,3
afc98ee350d6d138,9,2
afc98ee350d6d138,10,3
afc98ee350d6d138,11,2
afc98ee350d6d138,12,3
c213688551f2be48,1,2
c213688551f2be48,2,3
c213688551f2be48,3,2
c213688551f2be48,4,3
c213688551f2be48,5,3
c213688551f2be48,6,3
c213688551f2be48,7,3
c213688551f2be48,8,2
c213688551f2be48,9,2
c213688551f2be48,10,2
c213688551f2be48,11,2
c213688551f2be48,12,2
efd578ffadcb2e1a,1,3
efd578ffadcb2e1a,2,3
efd578ffadcb2e1a,3,3
efd578ffadcb2e1a,4,3
efd578ffadcb2e1a,5,2
efd578ffadcb2e1a,6,2
efd578ffadcb2e1a,7,2
efd578ffadcb2e1a,8,2
efd578ffadcb2e1a,9,2
efd578ffadcb2e1a,10,3
efd578ffadcb2e1a,11,3
efd578ffadcb2e1a,12,2
cacc8f06374f42f2,1,3
cacc8f06374f42f2,2,3
cacc8f06374f42f2,3,2
cacc8f06374f42f2,4,2
cacc8f06374f42f2,5,2
cacc8f06374f42f2,6,2
cacc8f06374f42f2,7,2
cacc8f06374f42f2,8,2
cacc8f06374f42f2,9,2
cacc8f06374f42f2,10,2
cacc8f06374f42f2,11,2
cacc8f06374f42f2,12,2
d6906a29083bb4b1,1,3
d6906a29083bb4b1,2,3
d6906a29083bb4b1,3,3
d6906a29083bb4b1,4,2
d6906a29083bb4b1,5,3
d6906a29083bb4b1,6,2
d6906a29083bb4b1,7,2
d6906a29083bb4b1,8,2
d6906a29083bb4b1,9,3
d6906a29083bb4b1,10,3
d6906a29083bb4b1,11,3
d6906a29083bb4b1,12,2
"8ec72538e5116546",1,2
"8ec72538e5116546",2,3
"8ec72538e5116546",3,3
"8ec72538e5116546",4,3
"8ec72538e5116546",5,3
"8ec72538e5116546",6,3
"8ec72538e5116546",7,3
"8ec72538e5116546",8,3
"8ec72538e5116546",9,2
"8ec72538e5116546",10,2
"8ec72538e5116546",11,3
"8ec72538e5116546",12,2
"4939860d31f7f1d",1,2
"4939860d31f7f1d",2,2
"4939860d31f7f1d",3,3
"4939860d31f7f1d",4,3
"4939860d31f7f1d",5,3
"4939860d31f7f1d",6,3
"4939860d31f7f1d",7,3
"4939860d31f7f1d",8,2
"4939860d31f7f1d",9,2
"4939860d31f7f1d",10,3
"4939860d31f7f1d",11,3
"4939860d31f7f1d",12,2
a4a0808a07a6cad8,1,2
a4a0808a07a6cad8,2,3
a4a0808a07a6cad8,3,2
a4a0808a07a6cad8,4,2
a4a0808a07a6cad8,5,2
a4a0808a07a6cad8,6,2
a4a0808a07a6cad8,7,2
a4a0808a07a6cad8,8,2
a4a0808a07a6cad8,9,3
a4a0808a07a6cad8,10,2
a4a0808a07a6cad8,11,3
a4a0808a07a6cad8,12,3
"86a83a8d5955abb8",1,2
"86a83a8d5955abb8",2,2
"86a83a8d5955abb8",3,2
"86a83a8d5955abb8",4,2
"86a83a8d5955abb8",5,2
"86a83a8d5955abb8",6,2
"86a83a8d5955abb8",7,3
"86a83a8d5955abb8",8,2
"86a83a8d5955abb8",9,2
"86a83a8d5955abb8",10,2
"86a83a8d5955abb8",11,2
"86a83a8d5955abb8",12,2
"90c3cf594f42489b",1,3
"90c3cf594f42489b",2,3
"90c3cf594f42489b",3,3
"90c3cf594f42489b",4,3
"90c3cf594f42489b",5,2
"90c3cf594f42489b",6,3
"90c3cf594f42489b",7,3
"90c3cf594f42489b",8,3
"90c3cf594f42489b",9,3
"90c3cf594f42489b",10,3
"90c3cf594f42489b",11,3
"90c3cf594f42489b",12,2
"67cf0c69da510ff",1,2
"67cf0c69da510ff",2,2
"67cf0c69da510ff",3,2
"67cf0c69da510ff",4,3
"67cf0c69da510ff",5,3
"67cf0c69da510ff",6,3
"67cf0c69da510ff",7,2
"67cf0c69da510ff",8,2
"67cf0c69da510ff",9,2
"67cf0c69da510ff",10,3
"67cf0c69da510ff",11,2
"67cf0c69da510ff",12,2
"6c843bb3d7193e3c",1,3
"6c843bb3d7193e3c",2,3
"6c843bb3d7193e3c",3,3
"6c843bb3d7193e3c",4,2
"6c843bb3d7193e3c",5,2
"6c843bb3d7193e3c",6,3
"6c843bb3d7193e3c",7,2
"6c843bb3d7193e3c",8,3
"6c843bb3d7193e3c",9,2
"6c843bb3d7193e3c",10,2
"6c843bb3d7193e3c",11,2
"6c843bb3d7193e3c",12,2
"84946250d1f4aafd",1,2
"84946250d1f4aafd",2,3
"84946250d1f4aafd",3,2
"84946250d1f4aafd",4,2
"84946250d1f4aafd",5,2
"84946250d1f4aafd",6,3
"84946250d1f4aafd",7,2
"84946250d1f4aafd",8,2
"84946250d1f4aafd",9,2
"84946250d1f4aafd",10,3
"84946250d1f4aafd",11,3
"84946250d1f4aafd",12,3
"4cf0f3e9bd06aa50",1,2
"4cf0f3e9bd06aa50",2,3
"4cf0f3e9bd06aa50",3,3
"4cf0f3e9bd06aa50",4,3
"4cf0f3e9bd06aa50",5,2
"4cf0f3e9bd06aa50",6,3
"4cf0f3e9bd06aa50",7,2
"4cf0f3e9bd06aa50",8,3
"4cf0f3e9bd06aa50",9,2
"4cf0f3e9bd06aa50",10,2
"4cf0f3e9bd06aa50",11,3
"4cf0f3e9bd06aa50",12,2
b88d5d10f2013266,1,2
b88d5d10f2013266,2,2
b88d5d10f2013266,3,2
b88d5d10f2013266,4,2
b88d5d10f2013266,5,2
b88d5d10f2013266,6,3
b88d5d10f2013266,7,3
b88d5d10f2013266,8,2
b88d5d10f2013266,9,3
b88d5d10f2013266,10,3
b88d5d10f2013266,11,3
b88d5d10f2013266,12,3
"631872f398737859",1,3
"631872f398737859",2,3
"631872f398737859",3,3
"631872f398737859",4,3
"631872f398737859",5,3
"631872f398737859",6,2
"631872f398737859",7,3
"631872f398737859",8,2
"631872f398737859",9,2
"631872f398737859",10,2
"631872f398737859",11,2
"631872f398737859",12,2
"6edb9243025aa23a",1,2
"6edb9243025aa23a",2,2
"6edb9243025aa23a",3,2
"6edb9243025aa23a",4,2
"6edb9243025aa23a",5,2
"6edb9243025aa23a",6,2
"6edb9243025aa23a",7,3
"6edb9243025aa23a",8,3
"6edb9243025aa23a",9,2
"6edb9243025aa23a",10,2
"6edb9243025aa23a",11,2
"6edb9243025aa23a",12,2
a5c320ca83b08d5,1,2
a5c320ca83b08d5,2,2
a5c320ca83b08d5,3,3
a5c320ca83b08d5,4,2
a5c320ca83b08d5,5,3
a5c320ca83b08d5,6,3
a5c320ca83b08d5,7,3
a5c320ca83b08d5,8,3
a5c320ca83b08d5,9,3
a5c320ca83b08d5,10,3
a5c320ca83b08d5,11,2
a5c320ca83b08d5,12,2
fee7f538eadc8986,1,2
fee7f538eadc8986,2,2
fee7f538eadc8986,3,3
fee7f538eadc8986,4,2
fee7f538eadc8986,5,2
fee7f538eadc8986,6,3
fee7f538eadc8986,7,2
fee7f538eadc8986,8,2
fee7f538eadc8986,9,2
fee7f538eadc8986,10,2
fee7f538eadc8986,11,3
fee7f538eadc8986,12,3
"5cd3dc87042dc5fa",1,3
"5cd3dc87042dc5fa",2,3
"5cd3dc87042dc5fa",3,3
"5cd3dc87042dc5fa",4,3
"5cd3dc87042dc5fa",5,2
"5cd3dc87042dc5fa",6,2
"5cd3dc87042dc5fa",7,2
"5cd3dc87042dc5fa",8,2
"5cd3dc87042dc5fa",9,2
"5cd3dc87042dc5fa",10,3
"5cd3dc87042dc5fa",11,3
"5cd3dc87042dc5fa",12,3
"4e26230aa2be6919",1,2
"4e26230aa2be6919",2,2
"4e26230aa2be6919",3,2
"4e26230aa2be6919",4,3
"4e26230aa2be6919",5,2
"4e26230aa2be6919",6,2
"4e26230aa2be6919",7,3
"4e26230aa2be6919",8,3
"4e26230aa2be6919",9,3
"4e26230aa2be6919",10,3
"4e26230aa2be6919",11,2
"4e26230aa2be6919",12,3
af3251a6ae94e0c,1,2
af3251a6ae94e0c,2,2
af3251a6ae94e0c,3,2
af3251a6ae94e0c,4,2
af3251a6ae94e0c,5,2
af3251a6ae94e0c,6,3
af3251a6ae94e0c,7,3
af3251a6ae94e0c,8,2
af3251a6ae94e0c,9,3
af3251a6ae94e0c,10,3
af3251a6ae94e0c,11,3
af3251a6ae94e0c,12,3
e35174bc8b5c3b9,1,2
e35174bc8b5c3b9,2,2
e35174bc8b5c3b9,3,2
e35174bc8b5c3b9,4,3
e35174bc8b5c3b9,5,2
e35174bc8b5c3b9,6,3
e35174bc8b5c3b9,7,2
e35174bc8b5c3b9,8,3
e35174bc8b5c3b9,9,3
e35174bc8b5c3b9,10,3
e35174bc8b5c3b9,11,3
e35174bc8b5c3b9,12,3
d77c622e68fdc2ca,1,2
d77c622e68fdc2ca,2,3
d77c622e68fdc2ca,3,3
d77c622e68fdc2ca,4,3
d77c622e68fdc2ca,5,2
d77c622e68fdc2ca,6,3
d77c622e68fdc2ca,7,3
d77c622e68fdc2ca,8,3
d77c622e68fdc2ca,9,3
d77c622e68fdc2ca,10,2
d77c622e68fdc2ca,11,2
d77c622e68fdc2ca,12,2
af5c94a9b9b4b6ef,1,3
af5c94a9b9b4b6ef,2,3
af5c94a9b9b4b6ef,3,3
af5c94a9b9b4b6ef,4,3
af5c94a9b9b4b6ef,5,3
af5c94a9b9b4b6ef,6,3
af5c94a9b9b4b6ef,7,2
af5c94a9b9b4b6ef,8,3
af5c94a9b9b4b6ef,9,3
af5c94a9b9b4b6ef,10,3
af5c94a9b9b4b6ef,11,3
af5c94a9b9b4b6ef,12,3
d56cfd1ffa790539,1,3
d56cfd1ffa790539,2,3
d56cfd1ffa790539,3,3
d56cfd1ffa790539,4,3
d56cfd1ffa790539,5,3
d56cfd1ffa790539,6,3
d56cfd1ffa790539,7,2
d56cfd1ffa790539,8,3
d56cfd1ffa790539,9,2
d56cfd1ffa790539,10,2
d56cfd1ffa790539,11,2
d56cfd1ffa790539,12,2
adc3c3f727baba0d,1,3
adc3c3f727baba0d,2,2
adc3c3f727baba0d,3,2
adc3c3f727baba0d,4,2
adc3c3f727baba0d,5,3
adc3c3f727baba0d,6,2
adc3c3f727baba0d,7,2
adc3c3f727baba0d,8,2
adc3c3f727baba0d,9,3
adc3c3f727baba0d,10,3
adc3c3f727baba0d,11,3
adc3c3f727baba0d,12,3
"25c412f5d33e483",1,2
"25c412f5d33e483",2,2
"25c412f5d33e483",3,3
"25c412f5d33e483",4,3
"25c412f5d33e483",5,3
"25c412f5d33e483",6,3
"25c412f5d33e483",7,2
"25c412f5d33e483",8,2
"25c412f5d33e483",9,3
"25c412f5d33e483",10,3
"25c412f5d33e483",11,2
"25c412f5d33e483",12,2
"755ebe8645dc1b2d",1,2
"755ebe8645dc1b2d",2,2
"755ebe8645dc1b2d",3,2
"755ebe8645dc1b2d",4,2
"755ebe8645dc1b2d",5,3
"755ebe8645dc1b2d",6,3
"755ebe8645dc1b2d",7,3
"755ebe8645dc1b2d",8,2
"755ebe8645dc1b2d",9,2
"755ebe8645dc1b2d",10,2
"755ebe8645dc1b2d",11,2
"755ebe8645dc1b2d",12,3
bb33593cba9764fb,1,3
bb33593cba9764fb,2,3
bb33593cba9764fb,3,2
bb33593cba9764fb,4,3
bb33593cba9764fb,5,3
bb33593cba9764fb,6,2
bb33593cba9764fb,7,3
bb33593cba9764fb,8,3
bb33593cba9764fb,9,3
bb33593cba9764fb,10,3
bb33593cba9764fb,11,3
bb33593cba9764fb,12,3
"6394adb370a024c4",1,3
"6394adb370a024c4",2,3
"6394adb370a024c4",3,3
"6394adb370a024c4",4,3
"6394adb370a024c4",5,2
"6394adb370a024c4",6,2
"6394adb370a024c4",7,3
"6394adb370a024c4",8,2
"6394adb370a024c4",9,2
"6394adb370a024c4",10,2
"6394adb370a024c4",11,3
"6394adb370a024c4",12,3
"1fe4a7ae89f9e505",1,2
"1fe4a7ae89f9e505",2,2
"1fe4a7ae89f9e505",3,3
"1fe4a7ae89f9e505",4,3
"1fe4a7ae89f9e505",5,3
"1fe4a7ae89f9e505",6,2
"1fe4a7ae89f9e505",7,2
"1fe4a7ae89f9e505",8,2
"1fe4a7ae89f9e505",9,2
"1fe4a7ae89f9e505",10,2
"1fe4a7ae89f9e505",11,3
"1fe4a7ae89f9e505",12,2
b3764366fb185cc0,1,2
b3764366fb185cc0,2,2
b3764366fb185cc0,3,2
b3764366fb185cc0,4,2
b3764366fb185cc0,5,3
b3764366fb185cc0,6,2
b3764366fb185cc0,7,2
b3764366fb185cc0,8,3
b3764366fb185cc0,9,2
b3764366fb185cc0,10,2
b3764366fb185cc0,11,2
b3764366fb185cc0,12,3
"94d81caf12815656",1,3
"94d81caf12815656",2,3
"94d81caf12815656",3,2
"94d81caf12815656",4,2
"94d81caf12815656",5,3
"94d81caf12815656",6,2
"94d81caf12815656",7,2
"94d81caf12815656",8,2
"94d81caf12815656",9,3
"94d81caf12815656",10,2
"94d81caf12815656",11,2
"94d81caf12815656",12,2
dc1a3ea81c1f9b20,1,2
dc1a3ea81c1f9b20,2,2
dc1a3ea81c1f9b20,3,3
dc1a3ea81c1f9b20,4,3
dc1a3ea81c1f9b20,5,3
dc1a3ea81c1f9b20,6,2
dc1a3ea81c1f9b20,7,2
dc1a3ea81c1f9b20,8,3
dc1a3ea81c1f9b20,9,3
dc1a3ea81c1f9b20,10,3
dc1a3ea81c1f9b20,11,2
dc1a3ea81c1f9b20,12,2
"9b97719b66595b86",1,2
"9b97719b66595b86",2,2
"9b97719b66595b86",3,2
"9b97719b66595b86",4,2
"9b97719b66595b86",5,2
"9b97719b66595b86",6,2
"9b97719b66595b86",7,3
"9b97719b66595b86",8,2
"9b97719b66595b86",9,2
"9b97719b66595b86",10,2
"9b97719b66595b86",11,2
"9b97719b66595b86",12,2
"9fedeb7256b9e6ea",1,2
"9fedeb7256b9e6ea",2,2
"9fedeb7256b9e6ea",3,2
"9fedeb7256b9e6ea",4,3
"9fedeb7256b9e6ea",5,3
"9fedeb7256b9e6ea",6,3
"9fedeb7256b9e6ea",7,2
"9fedeb7256b9e6ea",8,2
"9fedeb7256b9e6ea",9,3
"9fedeb7256b9e6ea",10,2
"9fedeb7256b9e6ea",11,2
"9fedeb7256b9e6ea",12,2
"11a93513ed49b67e",1,3
"11a93513ed49b67e",2,3
"11a93513ed49b67e",3,2
"11a93513ed49b67e",4,3
"11a93513ed49b67e",5,3
"11a93513ed49b67e",6,2
"11a93513ed49b67e",7,2
"11a93513ed49b67e",8,2
"11a93513ed49b67e",9,2
"11a93513ed49b67e",10,2
"11a93513ed49b67e",11,3
"11a93513ed49b67e",12,2
"62fb056c88c365e6",1,3
"62fb056c88c365e6",2,3
"62fb056c88c365e6",3,3
"62fb056c88c365e6",4,3
"62fb056c88c365e6",5,3
"62fb056c88c365e6",6,2
"62fb056c88c365e6",7,2
"62fb056c88c365e6",8,3
"62fb056c88c365e6",9,3
"62fb056c88c365e6",10,3
"62fb056c88c365e6",11,3
"62fb056c88c365e6",12,3
ba78f6ee72c75fa7,1,2
ba78f6ee72c75fa7,2,2
ba78f6ee72c75fa7,3,2
ba78f6ee72c75fa7,4,3
ba78f6ee72c75fa7,5,2
ba78f6ee72c75fa7,6,2
ba78f6ee72c75fa7,7,3
ba78f6ee72c75fa7,8,3
ba78f6ee72c75fa7,9,3
ba78f6ee72c75fa7,10,3
ba78f6ee72c75fa7,11,2
ba78f6ee72c75fa7,12,2
"5b5534fa0e89a1cc",1,3
"5b5534fa0e89a1cc",2,3
"5b5534fa0e89a1cc",3,3
"5b5534fa0e89a1cc",4,2
"5b5534fa0e89a1cc",5,2
"5b5534fa0e89a1cc",6,2
"5b5534fa0e89a1cc",7,3
"5b5534fa0e89a1cc",8,3
"5b5534fa0e89a1cc",9,3
"5b5534fa0e89a1cc",10,2
"5b5534fa0e89a1cc",11,2
"5b5534fa0e89a1cc",12,2
b9749b08d65b8d27,1,3
b9749b08d65b8d27,2,3
b9749b08d65b8d27,3,3
b9749b08d65b8d27,4,3
b9749b08d65b8d27,5,2
b9749b08d65b8d27,6,2
b9749b08d65b8d27,7,2
b9749b08d65b8d27,8,3
b9749b08d65b8d27,9,2
b9749b08d65b8d27,10,2
b9749b08d65b8d27,11,3
b9749b08d65b8d27,12,2
"28d151d5f23d4b84",1,3
"28d151d5f23d4b84",2,2
"28d151d5f23d4b84",3,3
"28d151d5f23d4b84",4,3
"28d151d5f23d4b84",5,3
"28d151d5f23d4b84",6,3
"28d151d5f23d4b84",7,3
"28d151d5f23d4b84",8,3
"28d151d5f23d4b84",9,2
"28d151d5f23d4b84",10,2
"28d151d5f23d4b84",11,3
"28d151d5f23d4b84",12,3
"7c4fd7f0f8f6aae5",1,2
"7c4fd7f0f8f6aae5",2,2
"7c4fd7f0f8f6aae5",3,2
"7c4fd7f0f8f6aae5",4,3
"7c4fd7f0f8f6aae5",5,2
"7c4fd7f0f8f6aae5",6,2
"7c4fd7f0f8f6aae5",7,2
"7c4fd7f0f8f6aae5",8,2
"7c4fd7f0f8f6aae5",9,3
"7c4fd7f0f8f6aae5",10,2
"7c4fd7f0f8f6aae5",11,3
"7c4fd7f0f8f6aae5",12,3
df0b525227844b7c,1,3
df0b525227844b7c,3,2
df0b525227844b7c,4,2
df0b525227844b7c,5,3
df0b525227844b7c,6,3
df0b525227844b7c,7,3
df0b525227844b7c,8,2
df0b525227844b7c,9,2
df0b525227844b7c,10,2
df0b525227844b7c,11,2
df0b525227844b7c,12,2
ce921e308da85cc9,1,3
ce921e308da85cc9,2,2
ce921e308da85cc9,3,2
ce921e308da85cc9,4,2
ce921e308da85cc9,5,3
ce921e308da85cc9,6,2
ce921e308da85cc9,7,2
ce921e308da85cc9,8,2
ce921e308da85cc9,9,3
ce921e308da85cc9,10,3
ce921e308da85cc9,11,2
ce921e308da85cc9,12,2
"319b8a24f3d5e3bc",1,2
"319b8a24f3d5e3bc",2,2
"319b8a24f3d5e3bc",3,2
"319b8a24f3d5e3bc",4,3
"319b8a24f3d5e3bc",5,3
"319b8a24f3d5e3bc",6,3
"319b8a24f3d5e3bc",7,3
"319b8a24f3d5e3bc",8,3
"319b8a24f3d5e3bc",9,3
"319b8a24f3d5e3bc",10,3
"319b8a24f3d5e3bc",11,3
"319b8a24f3d5e3bc",12,3
"49dd6581ae61cb27",1,3
"49dd6581ae61cb27",2,2
"49dd6581ae61cb27",3,2
"49dd6581ae61cb27",4,2
"49dd6581ae61cb27",5,2
"49dd6581ae61cb27",6,2
"49dd6581ae61cb27",7,2
"49dd6581ae61cb27",8,2
"49dd6581ae61cb27",9,3
"49dd6581ae61cb27",10,3
"49dd6581ae61cb27",11,2
"49dd6581ae61cb27",12,2
"32ee618f640f3c34",1,2
"32ee618f640f3c34",2,2
"32ee618f640f3c34",3,2
"32ee618f640f3c34",4,2
"32ee618f640f3c34",5,3
"32ee618f640f3c34",6,3
"32ee618f640f3c34",7,2
"32ee618f640f3c34",8,2
"32ee618f640f3c34",9,2
"32ee618f640f3c34",10,3
"32ee618f640f3c34",11,3
"32ee618f640f3c34",12,2
"60ccb24c67247cda",1,3
"60ccb24c67247cda",2,3
"60ccb24c67247cda",3,2
"60ccb24c67247cda",4,3
"60ccb24c67247cda",5,2
"60ccb24c67247cda",6,2
"60ccb24c67247cda",7,2
"60ccb24c67247cda",8,2
"60ccb24c67247cda",9,2
"60ccb24c67247cda",10,2
"60ccb24c67247cda",11,2
"60ccb24c67247cda",12,3
"2ad829638666b8d4",1,3
"2ad829638666b8d4",2,3
"2ad829638666b8d4",3,3
"2ad829638666b8d4",4,3
"2ad829638666b8d4",5,2
"2ad829638666b8d4",6,3
"2ad829638666b8d4",7,3
"2ad829638666b8d4",8,3
"2ad829638666b8d4",9,2
"2ad829638666b8d4",10,3
"2ad829638666b8d4",11,2
"2ad829638666b8d4",12,2
d58e215792dc7839,1,3
d58e215792dc7839,2,3
d58e215792dc7839,3,3
d58e215792dc7839,4,3
d58e215792dc7839,5,3
d58e215792dc7839,6,3
d58e215792dc7839,7,3
d58e215792dc7839,8,2
d58e215792dc7839,9,2
d58e215792dc7839,10,2
d58e215792dc7839,11,2
d58e215792dc7839,12,2
"6716f721d3b95b26",1,3
"6716f721d3b95b26",2,2
"6716f721d3b95b26",3,2
"6716f721d3b95b26",4,2
"6716f721d3b95b26",5,3
"6716f721d3b95b26",6,2
"6716f721d3b95b26",7,2
"6716f721d3b95b26",8,2
"6716f721d3b95b26",9,2
"6716f721d3b95b26",10,2
"6716f721d3b95b26",11,3
"6716f721d3b95b26",12,3
f0706bd9d0abc1fe,1,2
f0706bd9d0abc1fe,2,2
f0706bd9d0abc1fe,3,2
f0706bd9d0abc1fe,4,2
f0706bd9d0abc1fe,5,2
f0706bd9d0abc1fe,6,2
f0706bd9d0abc1fe,7,3
f0706bd9d0abc1fe,8,3
f0706bd9d0abc1fe,9,3
f0706bd9d0abc1fe,10,3
f0706bd9d0abc1fe,11,2
f0706bd9d0abc1fe,12,2
e46a1f71da43fd96,1,3
e46a1f71da43fd96,2,3
e46a1f71da43fd96,3,2
e46a1f71da43fd96,4,2
e46a1f71da43fd96,5,2
e46a1f71da43fd96,6,2
e46a1f71da43fd96,7,2
e46a1f71da43fd96,8,2
e46a1f71da43fd96,9,3
e46a1f71da43fd96,10,3
e46a1f71da43fd96,11,3
e46a1f71da43fd96,12,3
acdd50f6a2aae573,1,3
acdd50f6a2aae573,2,3
acdd50f6a2aae573,3,2
acdd50f6a2aae573,4,3
acdd50f6a2aae573,5,3
acdd50f6a2aae573,6,2
acdd50f6a2aae573,7,3
acdd50f6a2aae573,8,3
acdd50f6a2aae573,9,3
acdd50f6a2aae573,10,3
acdd50f6a2aae573,11,2
acdd50f6a2aae573,12,3
"37faea3092e1fd7c",1,3
"37faea3092e1fd7c",2,3
"37faea3092e1fd7c",3,3
"37faea3092e1fd7c",4,3
"37faea3092e1fd7c",5,3
"37faea3092e1fd7c",6,3
"37faea3092e1fd7c",7,3
"37faea3092e1fd7c",8,3
"37faea3092e1fd7c",9,3
"37faea3092e1fd7c",10,3
"37faea3092e1fd7c",11,3
"37faea3092e1fd7c",12,3
"44c8225491de0038",1,3
"44c8225491de0038",2,3
"44c8225491de0038",3,3
"44c8225491de0038",4,2
"44c8225491de0038",5,2
"44c8225491de0038",6,2
"44c8225491de0038",7,2
"44c8225491de0038",8,2
"44c8225491de0038",9,2
"44c8225491de0038",10,3
"44c8225491de0038",11,2
"44c8225491de0038",12,2
ac6924b5f306b714,1,3
ac6924b5f306b714,2,3
ac6924b5f306b714,3,2
ac6924b5f306b714,4,3
ac6924b5f306b714,5,2
ac6924b5f306b714,6,2
ac6924b5f306b714,7,2
ac6924b5f306b714,8,2
ac6924b5f306b714,9,2
ac6924b5f306b714,10,3
ac6924b5f306b714,11,2
ac6924b5f306b714,12,3
"92c4f18e5b1a21fc",1,3
"92c4f18e5b1a21fc",2,3
"92c4f18e5b1a21fc",3,2
"92c4f18e5b1a21fc",4,3
"92c4f18e5b1a21fc",5,2
"92c4f18e5b1a21fc",6,3
"92c4f18e5b1a21fc",7,2
"92c4f18e5b1a21fc",8,2
"92c4f18e5b1a21fc",9,2
"92c4f18e5b1a21fc",10,2
"92c4f18e5b1a21fc",11,2
"92c4f18e5b1a21fc",12,2
"58127e8e0c40ad30",1,3
"58127e8e0c40ad30",2,3
"58127e8e0c40ad30",3,2
"58127e8e0c40ad30",4,3
"58127e8e0c40ad30",5,3
"58127e8e0c40ad30",6,2
"58127e8e0c40ad30",7,3
"58127e8e0c40ad30",8,2
"58127e8e0c40ad30",9,3
"58127e8e0c40ad30",10,3
"58127e8e0c40ad30",11,3
"58127e8e0c40ad30",12,3
"7ad1a0392a592f00",1,2
"7ad1a0392a592f00",2,2
"7ad1a0392a592f00",3,2
"7ad1a0392a592f00",4,3
"7ad1a0392a592f00",5,2
"7ad1a0392a592f00",6,2
"7ad1a0392a592f00",7,2
"7ad1a0392a592f00",8,2
"7ad1a0392a592f00",9,2
"7ad1a0392a592f00",10,2
"7ad1a0392a592f00",11,2
"7ad1a0392a592f00",12,3
f8eb96495879106,1,2
f8eb96495879106,2,3
f8eb96495879106,3,3
f8eb96495879106,4,2
f8eb96495879106,5,3
f8eb96495879106,6,2
f8eb96495879106,7,2
f8eb96495879106,8,2
f8eb96495879106,9,3
f8eb96495879106,10,3
f8eb96495879106,11,3
f8eb96495879106,12,2
"797cb090bf9f0b",1,2
"797cb090bf9f0b",2,2
"797cb090bf9f0b",3,2
"797cb090bf9f0b",4,2
"797cb090bf9f0b",5,2
"797cb090bf9f0b",6,3
"797cb090bf9f0b",7,3
"797cb090bf9f0b",8,3
"797cb090bf9f0b",9,3
"797cb090bf9f0b",10,3
"797cb090bf9f0b",11,3
"797cb090bf9f0b",12,2
bc0f0a87e47cba11,1,2
bc0f0a87e47cba11,2,2
bc0f0a87e47cba11,3,3
bc0f0a87e47cba11,4,2
bc0f0a87e47cba11,5,2
bc0f0a87e47cba11,6,2
bc0f0a87e47cba11,7,3
bc0f0a87e47cba11,8,3
bc0f0a87e47cba11,9,3
bc0f0a87e47cba11,10,3
bc0f0a87e47cba11,11,3
bc0f0a87e47cba11,12,3
"8e7a743264da3ff5",1,2
"8e7a743264da3ff5",2,2
"8e7a743264da3ff5",3,2
"8e7a743264da3ff5",4,3
"8e7a743264da3ff5",5,2
"8e7a743264da3ff5",6,3
"8e7a743264da3ff5",7,2
"8e7a743264da3ff5",8,2
"8e7a743264da3ff5",9,2
"8e7a743264da3ff5",10,3
"8e7a743264da3ff5",11,3
"8e7a743264da3ff5",12,3
b15a8fb7d3089279,1,3
b15a8fb7d3089279,2,2
b15a8fb7d3089279,3,2
b15a8fb7d3089279,4,2
b15a8fb7d3089279,5,3
b15a8fb7d3089279,6,3
b15a8fb7d3089279,7,3
b15a8fb7d3089279,8,2
b15a8fb7d3089279,9,3
b15a8fb7d3089279,10,3
b15a8fb7d3089279,11,2
b15a8fb7d3089279,12,3
"531cd3c2af13b679",1,3
"531cd3c2af13b679",2,3
"531cd3c2af13b679",3,3
"531cd3c2af13b679",4,2
"531cd3c2af13b679",5,3
"531cd3c2af13b679",6,3
"531cd3c2af13b679",7,3
"531cd3c2af13b679",8,3
"531cd3c2af13b679",9,2
"531cd3c2af13b679",10,3
"531cd3c2af13b679",11,3
"531cd3c2af13b679",12,2
"436390bf0f4b8576",1,3
"436390bf0f4b8576",2,3
"436390bf0f4b8576",3,3
"436390bf0f4b8576",4,3
"436390bf0f4b8576",5,2
"436390bf0f4b8576",6,3
"436390bf0f4b8576",7,2
"436390bf0f4b8576",8,2
"436390bf0f4b8576",9,3
"436390bf0f4b8576",10,3
"436390bf0f4b8576",11,2
"436390bf0f4b8576",12,3
"2aa325b12c081d6b",1,3
"2aa325b12c081d6b",2,3
"2aa325b12c081d6b",3,2
"2aa325b12c081d6b",4,3
"2aa325b12c081d6b",5,3
"2aa325b12c081d6b",6,2
"2aa325b12c081d6b",7,3
"2aa325b12c081d6b",8,3
"2aa325b12c081d6b",9,3
"2aa325b12c081d6b",10,3
"2aa325b12c081d6b",11,3
"2aa325b12c081d6b",12,3
b1b5c3d3ff0eebcf,1,3
b1b5c3d3ff0eebcf,2,3
b1b5c3d3ff0eebcf,3,3
b1b5c3d3ff0eebcf,4,3
b1b5c3d3ff0eebcf,5,3
b1b5c3d3ff0eebcf,6,3
b1b5c3d3ff0eebcf,7,3
b1b5c3d3ff0eebcf,8,2
b1b5c3d3ff0eebcf,9,2
b1b5c3d3ff0eebcf,10,3
b1b5c3d3ff0eebcf,11,2
b1b5c3d3ff0eebcf,12,2
"5c82212d3accfe0d",1,3
"5c82212d3accfe0d",2,3
"5c82212d3accfe0d",3,2
"5c82212d3accfe0d",4,2
"5c82212d3accfe0d",5,3
"5c82212d3accfe0d",6,3
"5c82212d3accfe0d",7,3
"5c82212d3accfe0d",8,2
"5c82212d3accfe0d",9,3
"5c82212d3accfe0d",10,3
"5c82212d3accfe0d",11,2
"5c82212d3accfe0d",12,2
f1155c4667055301,1,2
f1155c4667055301,2,3
f1155c4667055301,3,3
f1155c4667055301,4,3
f1155c4667055301,5,3
f1155c4667055301,6,3
f1155c4667055301,7,2
f1155c4667055301,8,2
f1155c4667055301,9,3
f1155c4667055301,10,3
f1155c4667055301,11,3
f1155c4667055301,12,3
"49a58b27d3c7c7fc",1,3
"49a58b27d3c7c7fc",2,2
"49a58b27d3c7c7fc",3,3
"49a58b27d3c7c7fc",4,3
"49a58b27d3c7c7fc",5,3
"49a58b27d3c7c7fc",6,3
"49a58b27d3c7c7fc",7,2
"49a58b27d3c7c7fc",8,3
"49a58b27d3c7c7fc",9,3
"49a58b27d3c7c7fc",10,3
"49a58b27d3c7c7fc",11,3
"49a58b27d3c7c7fc",12,3
a66237217d716c23,1,2
a66237217d716c23,2,3
a66237217d716c23,3,3
a66237217d716c23,4,3
a66237217d716c23,5,3
a66237217d716c23,6,3
a66237217d716c23,7,3
a66237217d716c23,8,3
a66237217d716c23,9,2
a66237217d716c23,10,3
a66237217d716c23,11,2
a66237217d716c23,12,2
e330e456b4db80a4,1,3
e330e456b4db80a4,2,2
e330e456b4db80a4,3,2
e330e456b4db80a4,4,2
e330e456b4db80a4,5,2
e330e456b4db80a4,6,2
e330e456b4db80a4,7,3
e330e456b4db80a4,8,3
e330e456b4db80a4,9,3
e330e456b4db80a4,10,3
e330e456b4db80a4,11,3
e330e456b4db80a4,12,2
a2ca8bb245b5a03f,1,2
a2ca8bb245b5a03f,2,2
a2ca8bb245b5a03f,3,2
a2ca8bb245b5a03f,4,2
a2ca8bb245b5a03f,5,2
a2ca8bb245b5a03f,6,3
a2ca8bb245b5a03f,7,2
a2ca8bb245b5a03f,8,3
a2ca8bb245b5a03f,9,3
a2ca8bb245b5a03f,10,3
a2ca8bb245b5a03f,11,3
a2ca8bb245b5a03f,12,2
"845921b1f3d24654",1,2
"845921b1f3d24654",2,3
"845921b1f3d24654",3,2
"845921b1f3d24654",4,2
"845921b1f3d24654",5,2
"845921b1f3d24654",6,3
"845921b1f3d24654",7,2
"845921b1f3d24654",8,3
"845921b1f3d24654",9,2
"845921b1f3d24654",10,2
"845921b1f3d24654",11,2
"845921b1f3d24654",12,2
"2b156f6b9eaefa9f",1,3
"2b156f6b9eaefa9f",2,3
"5197543f76489ac6",2,3
"5197543f76489ac6",3,3
"5197543f76489ac6",4,2
"5197543f76489ac6",5,2
"5197543f76489ac6",6,2
"5197543f76489ac6",7,3
"5197543f76489ac6",8,2
"5197543f76489ac6",9,3
"5197543f76489ac6",10,3
"5197543f76489ac6",11,2
"5197543f76489ac6",12,2
"72700f2c46888739",1,3
"72700f2c46888739",2,3
"72700f2c46888739",3,2
"72700f2c46888739",4,2
"72700f2c46888739",5,2
"72700f2c46888739",6,2
"72700f2c46888739",7,2
"72700f2c46888739",8,2
"72700f2c46888739",9,3
"72700f2c46888739",10,2
"72700f2c46888739",11,2
"72700f2c46888739",12,3
"98eafdda0b5a3641",1,3
"98eafdda0b5a3641",2,3
"98eafdda0b5a3641",3,2
"98eafdda0b5a3641",4,3
"98eafdda0b5a3641",5,2
"98eafdda0b5a3641",6,3
"98eafdda0b5a3641",7,3
"98eafdda0b5a3641",8,3
"98eafdda0b5a3641",9,3
"98eafdda0b5a3641",10,3
"98eafdda0b5a3641",11,3
"98eafdda0b5a3641",12,2
efef0fbfef41a301,1,3
efef0fbfef41a301,2,3
efef0fbfef41a301,3,3
efef0fbfef41a301,4,3
efef0fbfef41a301,5,2
efef0fbfef41a301,6,2
efef0fbfef41a301,7,3
efef0fbfef41a301,8,3
efef0fbfef41a301,9,3
efef0fbfef41a301,10,3
efef0fbfef41a301,11,3
efef0fbfef41a301,12,3
"5472be9ae4601bd9",1,2
"5472be9ae4601bd9",2,2
"5472be9ae4601bd9",3,2
"5472be9ae4601bd9",4,2
"5472be9ae4601bd9",5,2
"5472be9ae4601bd9",6,3
"5472be9ae4601bd9",7,2
"5472be9ae4601bd9",8,3
"5472be9ae4601bd9",9,3
"5472be9ae4601bd9",10,3
"5472be9ae4601bd9",11,3
"5472be9ae4601bd9",12,2
"1ba8baaf92fca4f",1,3
"1ba8baaf92fca4f",2,3
"1ba8baaf92fca4f",3,3
"1ba8baaf92fca4f",4,2
"1ba8baaf92fca4f",5,2
"1ba8baaf92fca4f",6,2
"1ba8baaf92fca4f",7,3
"1ba8baaf92fca4f",8,3
"1ba8baaf92fca4f",9,3
"1ba8baaf92fca4f",10,2
"1ba8baaf92fca4f",11,2
"1ba8baaf92fca4f",12,3
f402302ddb781ab3,1,2
f402302ddb781ab3,2,2
f402302ddb781ab3,3,3
f402302ddb781ab3,4,3
f402302ddb781ab3,5,3
f402302ddb781ab3,6,3
f402302ddb781ab3,7,3
f402302ddb781ab3,8,2
f402302ddb781ab3,9,3
f402302ddb781ab3,10,2
f402302ddb781ab3,11,2
f402302ddb781ab3,12,2
"23fd82dad5a197ba",1,3
"23fd82dad5a197ba",2,3
"23fd82dad5a197ba",3,2
"23fd82dad5a197ba",4,2
"23fd82dad5a197ba",5,2
"23fd82dad5a197ba",6,2
"23fd82dad5a197ba",7,2
"23fd82dad5a197ba",8,3
"23fd82dad5a197ba",9,3
"23fd82dad5a197ba",10,2
"23fd82dad5a197ba",11,3
"23fd82dad5a197ba",12,2
"7aa99739d81badc1",1,2
"7aa99739d81badc1",2,2
"7aa99739d81badc1",3,2
"7aa99739d81badc1",4,2
"7aa99739d81badc1",5,2
"7aa99739d81badc1",6,2
"7aa99739d81badc1",7,3
"7aa99739d81badc1",8,2
"7aa99739d81badc1",9,2
"7aa99739d81badc1",10,2
"7aa99739d81badc1",11,3
"7aa99739d81badc1",12,3
"74aacd91b425e2c5",1,3
"74aacd91b425e2c5",2,3
"74aacd91b425e2c5",3,3
"74aacd91b425e2c5",4,3
"74aacd91b425e2c5",5,2
"74aacd91b425e2c5",6,2
"74aacd91b425e2c5",7,2
"74aacd91b425e2c5",8,2
"74aacd91b425e2c5",9,2
"74aacd91b425e2c5",10,3
"74aacd91b425e2c5",11,3
"74aacd91b425e2c5",12,3
"441c7360bd50c76c",1,3
"441c7360bd50c76c",2,3
"441c7360bd50c76c",3,3
"441c7360bd50c76c",4,3
"441c7360bd50c76c",5,3
"441c7360bd50c76c",6,3
"441c7360bd50c76c",7,3
"441c7360bd50c76c",8,2
"441c7360bd50c76c",9,2
"441c7360bd50c76c",10,2
"441c7360bd50c76c",11,2
"441c7360bd50c76c",12,3
"1405df56c7951e00",1,3
"1405df56c7951e00",2,3
"1405df56c7951e00",3,3
"1405df56c7951e00",4,3
"1405df56c7951e00",5,3
"1405df56c7951e00",6,3
"1405df56c7951e00",7,2
"1405df56c7951e00",8,2
"1405df56c7951e00",9,2
"1405df56c7951e00",10,3
"1405df56c7951e00",11,2
"1405df56c7951e00",12,3
"5c202255dcaea603",1,3
"5c202255dcaea603",2,3
"5c202255dcaea603",3,3
"5c202255dcaea603",4,3
"5c202255dcaea603",5,3
"5c202255dcaea603",6,3
"5c202255dcaea603",7,2
"5c202255dcaea603",8,3
"5c202255dcaea603",9,2
"5c202255dcaea603",10,3
"5c202255dcaea603",11,2
"5c202255dcaea603",12,3
"6faa8241f0e5a560",1,3
"6faa8241f0e5a560",2,3
"6faa8241f0e5a560",3,3
"6faa8241f0e5a560",4,3
"6faa8241f0e5a560",5,3
"6faa8241f0e5a560",6,3
"6faa8241f0e5a560",7,2
"6faa8241f0e5a560",8,2
"6faa8241f0e5a560",9,3
"6faa8241f0e5a560",10,3
"6faa8241f0e5a560",11,3
"6faa8241f0e5a560",12,2
c2328076a7334a84,1,2
c2328076a7334a84,2,2
c2328076a7334a84,3,2
c2328076a7334a84,4,3
c2328076a7334a84,5,3
c2328076a7334a84,6,2
c2328076a7334a84,7,2
c2328076a7334a84,8,2
c2328076a7334a84,9,2
c2328076a7334a84,10,3
c2328076a7334a84,11,3
c2328076a7334a84,12,2
b58fc86e8bbedede,1,3
b58fc86e8bbedede,2,3
b58fc86e8bbedede,3,3
b58fc86e8bbedede,4,3
b58fc86e8bbedede,5,3
b58fc86e8bbedede,6,3
b58fc86e8bbedede,7,3
b58fc86e8bbedede,8,2
b58fc86e8bbedede,9,3
b58fc86e8bbedede,10,3
b58fc86e8bbedede,11,3
b58fc86e8bbedede,12,3
ecf6cb964847c53f,1,3
ecf6cb964847c53f,2,2
ecf6cb964847c53f,3,2
ecf6cb964847c53f,4,2
ecf6cb964847c53f,5,2
ecf6cb964847c53f,6,3
ecf6cb964847c53f,7,2
ecf6cb964847c53f,8,2
ecf6cb964847c53f,9,3
ecf6cb964847c53f,10,3
ecf6cb964847c53f,11,3
ecf6cb964847c53f,12,2
"8a745daf1bcbcb10",1,3
"8a745daf1bcbcb10",2,3
"8a745daf1bcbcb10",3,3
"8a745daf1bcbcb10",4,3
"8a745daf1bcbcb10",5,3
"8a745daf1bcbcb10",6,2
"8a745daf1bcbcb10",7,3
"8a745daf1bcbcb10",8,2
"8a745daf1bcbcb10",9,2
"8a745daf1bcbcb10",10,2
"8a745daf1bcbcb10",11,2
"8a745daf1bcbcb10",12,3
"512f65d79752db5b",1,3
"512f65d79752db5b",2,3
"512f65d79752db5b",3,2
"512f65d79752db5b",4,3
"512f65d79752db5b",5,3
"512f65d79752db5b",6,3
"512f65d79752db5b",7,3
"512f65d79752db5b",8,2
"512f65d79752db5b",9,3
"512f65d79752db5b",10,3
"512f65d79752db5b",11,3
"512f65d79752db5b",12,2
"20fe6144a031b919",1,2
"20fe6144a031b919",2,2
"20fe6144a031b919",3,3
"20fe6144a031b919",4,2
"20fe6144a031b919",5,2
"20fe6144a031b919",6,3
"20fe6144a031b919",7,3
"20fe6144a031b919",8,2
"20fe6144a031b919",9,2
"20fe6144a031b919",10,3
"20fe6144a031b919",11,3
"20fe6144a031b919",12,3
f24a8a0c8d3af7fd,1,3
f24a8a0c8d3af7fd,2,2
f24a8a0c8d3af7fd,3,2
f24a8a0c8d3af7fd,4,2
f24a8a0c8d3af7fd,5,2
f24a8a0c8d3af7fd,6,2
f24a8a0c8d3af7fd,7,2
f24a8a0c8d3af7fd,8,3
f24a8a0c8d3af7fd,9,3
f24a8a0c8d3af7fd,10,2
f24a8a0c8d3af7fd,11,2
f24a8a0c8d3af7fd,12,2
"6f0ae805faa2da5d",1,3
"6f0ae805faa2da5d",2,3
"6f0ae805faa2da5d",3,3
"6f0ae805faa2da5d",4,3
"6f0ae805faa2da5d",5,3
"6f0ae805faa2da5d",6,2
"6f0ae805faa2da5d",7,3
"6f0ae805faa2da5d",8,3
"6f0ae805faa2da5d",9,3
"6f0ae805faa2da5d",10,3
"6f0ae805faa2da5d",11,2
"6f0ae805faa2da5d",12,3
ff000c6bcda4e4d7,1,2
ff000c6bcda4e4d7,2,2
ff000c6bcda4e4d7,3,2
ff000c6bcda4e4d7,4,2
ff000c6bcda4e4d7,5,2
ff000c6bcda4e4d7,6,2
ff000c6bcda4e4d7,7,2
ff000c6bcda4e4d7,8,2
ff000c6bcda4e4d7,9,2
ff000c6bcda4e4d7,10,2
ff000c6bcda4e4d7,11,2
ff000c6bcda4e4d7,12,2
"3aef82602b64df49",1,2
"3aef82602b64df49",2,2
"3aef82602b64df49",3,2
"3aef82602b64df49",4,2
"3aef82602b64df49",5,3
"3aef82602b64df49",6,3
"3aef82602b64df49",7,3
"3aef82602b64df49",8,2
"3aef82602b64df49",9,3
"3aef82602b64df49",10,3
"3aef82602b64df49",11,3
"3aef82602b64df49",12,2
ece49016c38ed070,1,3
ece49016c38ed070,3,3
ece49016c38ed070,4,3
ece49016c38ed070,5,3
ece49016c38ed070,6,3
ece49016c38ed070,7,2
ece49016c38ed070,8,2
ece49016c38ed070,9,3
ece49016c38ed070,10,3
ece49016c38ed070,11,3
ece49016c38ed070,12,3
de841a4031883d6d,1,2
de841a4031883d6d,2,2
de841a4031883d6d,3,2
de841a4031883d6d,4,2
de841a4031883d6d,5,2
de841a4031883d6d,6,2
de841a4031883d6d,7,3
de841a4031883d6d,8,3
de841a4031883d6d,9,2
de841a4031883d6d,10,2
de841a4031883d6d,11,2
de841a4031883d6d,12,2
"82827454c17fd39a",1,2
"82827454c17fd39a",2,2
"82827454c17fd39a",3,2
"82827454c17fd39a",4,3
"82827454c17fd39a",5,2
"82827454c17fd39a",6,3
"82827454c17fd39a",7,3
"82827454c17fd39a",8,3
"82827454c17fd39a",9,3
"82827454c17fd39a",10,3
"82827454c17fd39a",11,3
"82827454c17fd39a",12,3
"91b632446276457a",1,2
"91b632446276457a",2,2
"91b632446276457a",3,3
"91b632446276457a",4,3
"91b632446276457a",5,3
"91b632446276457a",6,3
"91b632446276457a",7,3
"91b632446276457a",8,3
"91b632446276457a",9,2
"91b632446276457a",10,3
"91b632446276457a",11,3
"91b632446276457a",12,3
d013a285af3cd019,1,3
d013a285af3cd019,2,2
d013a285af3cd019,3,2
d013a285af3cd019,4,2
d013a285af3cd019,5,2
d013a285af3cd019,6,2
d013a285af3cd019,7,3
d013a285af3cd019,8,3
d013a285af3cd019,9,3
d013a285af3cd019,10,2
d013a285af3cd019,11,3
d013a285af3cd019,12,2
"62f47ac112ded76c",1,3
"62f47ac112ded76c",2,2
"62f47ac112ded76c",3,2
"62f47ac112ded76c",4,2
"62f47ac112ded76c",5,3
"62f47ac112ded76c",6,3
"62f47ac112ded76c",7,3
"62f47ac112ded76c",8,3
"62f47ac112ded76c",9,3
"62f47ac112ded76c",10,3
"62f47ac112ded76c",11,3
"62f47ac112ded76c",12,3
"7f45669c9c0ddf0b",1,3
"7f45669c9c0ddf0b",2,3
"7f45669c9c0ddf0b",3,2
"7f45669c9c0ddf0b",4,2
"7f45669c9c0ddf0b",5,2
"7f45669c9c0ddf0b",6,2
"7f45669c9c0ddf0b",7,2
"7f45669c9c0ddf0b",8,2
"7f45669c9c0ddf0b",9,2
"7f45669c9c0ddf0b",10,2
"7f45669c9c0ddf0b",11,2
"7f45669c9c0ddf0b",12,2
"57fc4ddfd0f33850",1,2
"57fc4ddfd0f33850",2,3
"57fc4ddfd0f33850",3,2
"57fc4ddfd0f33850",4,2
"57fc4ddfd0f33850",5,2
"57fc4ddfd0f33850",6,2
"57fc4ddfd0f33850",7,2
"57fc4ddfd0f33850",8,3
"57fc4ddfd0f33850",9,3
"57fc4ddfd0f33850",10,3
"57fc4ddfd0f33850",11,3
"57fc4ddfd0f33850",12,2
"2ae1cc0d2cda666c",1,3
"2ae1cc0d2cda666c",2,3
"2ae1cc0d2cda666c",3,3
"2ae1cc0d2cda666c",4,3
"2ae1cc0d2cda666c",5,3
"2ae1cc0d2cda666c",6,3
"2ae1cc0d2cda666c",7,2
"2ae1cc0d2cda666c",8,3
"2ae1cc0d2cda666c",9,2
"2ae1cc0d2cda666c",10,3
"2ae1cc0d2cda666c",11,2
"2ae1cc0d2cda666c",12,2
"24868ed375d388a8",1,3
"24868ed375d388a8",2,3
"24868ed375d388a8",3,3
"24868ed375d388a8",4,2
"24868ed375d388a8",5,3
"24868ed375d388a8",6,3
"24868ed375d388a8",7,3
"24868ed375d388a8",8,2
"24868ed375d388a8",9,3
"24868ed375d388a8",10,3
"24868ed375d388a8",11,3
"24868ed375d388a8",12,2
"567d936e05038078",1,3
"567d936e05038078",2,2
"567d936e05038078",3,2
"567d936e05038078",4,2
"567d936e05038078",5,2
"567d936e05038078",6,2
"567d936e05038078",7,2
"567d936e05038078",8,2
"567d936e05038078",9,2
"567d936e05038078",10,2
"567d936e05038078",11,2
"567d936e05038078",12,3
c0a9626907f6487d,1,2
c0a9626907f6487d,2,2
c0a9626907f6487d,3,3
c0a9626907f6487d,4,3
c0a9626907f6487d,5,3
c0a9626907f6487d,6,3
c0a9626907f6487d,7,3
c0a9626907f6487d,8,3
c0a9626907f6487d,9,3
c0a9626907f6487d,10,2
c0a9626907f6487d,11,3
c0a9626907f6487d,12,3
"5deff1165e818acf",1,3
"5deff1165e818acf",2,3
"5deff1165e818acf",3,2
"5deff1165e818acf",4,2
"5deff1165e818acf",5,2
"5deff1165e818acf",6,2
"5deff1165e818acf",7,2
"5deff1165e818acf",8,2
"5deff1165e818acf",9,2
"5deff1165e818acf",10,2
"5deff1165e818acf",11,2
"5deff1165e818acf",12,2
"7dd33b8d61df65e",1,2
"7dd33b8d61df65e",2,3
"7dd33b8d61df65e",3,3
"7dd33b8d61df65e",4,3
"7dd33b8d61df65e",5,3
"7dd33b8d61df65e",6,3
"7dd33b8d61df65e",7,3
"7dd33b8d61df65e",8,3
"7dd33b8d61df65e",9,2
"7dd33b8d61df65e",10,2
"7dd33b8d61df65e",11,2
"7dd33b8d61df65e",12,3
"234c16eeca6ac847",1,2
"234c16eeca6ac847",2,2
"234c16eeca6ac847",3,3
"234c16eeca6ac847",4,3
"234c16eeca6ac847",5,3
"234c16eeca6ac847",6,2
"234c16eeca6ac847",7,3
"234c16eeca6ac847",8,3
"234c16eeca6ac847",9,2
"234c16eeca6ac847",10,3
"234c16eeca6ac847",11,3
"234c16eeca6ac847",12,2
"59ee3086e946cf74",1,3
"59ee3086e946cf74",2,2
"59ee3086e946cf74",3,2
"59ee3086e946cf74",4,3
"59ee3086e946cf74",5,3
"59ee3086e946cf74",6,2
"59ee3086e946cf74",7,3
"59ee3086e946cf74",8,3
"59ee3086e946cf74",9,3
"59ee3086e946cf74",10,3
"59ee3086e946cf74",11,3
"59ee3086e946cf74",12,2
"97e55146f7da19fc",1,2
"97e55146f7da19fc",2,2
"97e55146f7da19fc",3,2
"97e55146f7da19fc",4,2
"97e55146f7da19fc",5,2
"97e55146f7da19fc",6,3
"97e55146f7da19fc",7,2
"97e55146f7da19fc",8,2
"97e55146f7da19fc",9,3
"97e55146f7da19fc",10,3
"97e55146f7da19fc",11,2
"97e55146f7da19fc",12,2
f703badc67aea0fe,1,2
f703badc67aea0fe,2,3
f703badc67aea0fe,3,3
f703badc67aea0fe,4,3
f703badc67aea0fe,5,2
f703badc67aea0fe,6,2
f703badc67aea0fe,7,2
f703badc67aea0fe,8,2
f703badc67aea0fe,9,2
f703badc67aea0fe,10,2
f703badc67aea0fe,11,2
f703badc67aea0fe,12,3
"1831d36c7513cba7",1,3
"1831d36c7513cba7",2,3
"1831d36c7513cba7",3,2
"1831d36c7513cba7",4,2
"1831d36c7513cba7",5,2
"1831d36c7513cba7",6,3
"1831d36c7513cba7",7,2
"1831d36c7513cba7",8,2
"1831d36c7513cba7",9,3
"1831d36c7513cba7",10,2
"1831d36c7513cba7",11,3
"1831d36c7513cba7",12,2
"796014bfc18f028d",1,2
"796014bfc18f028d",2,2
"796014bfc18f028d",3,2
"796014bfc18f028d",4,3
"796014bfc18f028d",5,2
"796014bfc18f028d",6,3
"796014bfc18f028d",7,3
"796014bfc18f028d",8,3
"796014bfc18f028d",9,3
"796014bfc18f028d",10,3
"796014bfc18f028d",11,2
"796014bfc18f028d",12,3
"5016c13e6eb6a5cb",1,2
"5016c13e6eb6a5cb",2,2
"5016c13e6eb6a5cb",3,2
"5016c13e6eb6a5cb",4,2
"5016c13e6eb6a5cb",5,3
"5016c13e6eb6a5cb",6,3
"5016c13e6eb6a5cb",7,3
"5016c13e6eb6a5cb",8,2
"5016c13e6eb6a5cb",9,2
"5016c13e6eb6a5cb",10,2
"5016c13e6eb6a5cb",11,2
"5016c13e6eb6a5cb",12,2
"54b35618beb58bdb",1,2
"54b35618beb58bdb",2,2
"54b35618beb58bdb",3,2
"54b35618beb58bdb",4,2
"54b35618beb58bdb",5,2
"54b35618beb58bdb",6,3
"54b35618beb58bdb",7,2
"54b35618beb58bdb",8,2
"54b35618beb58bdb",9,2
"54b35618beb58bdb",10,2
"54b35618beb58bdb",11,3
"54b35618beb58bdb",12,3
aa887fec86d43964,1,3
aa887fec86d43964,2,3
aa887fec86d43964,3,2
aa887fec86d43964,4,3
aa887fec86d43964,5,2
aa887fec86d43964,6,2
aa887fec86d43964,7,3
aa887fec86d43964,8,2
aa887fec86d43964,9,2
aa887fec86d43964,10,2
aa887fec86d43964,11,2
aa887fec86d43964,12,2
"96d88a7d1329b7",1,3
"96d88a7d1329b7",2,3
"96d88a7d1329b7",3,2
"96d88a7d1329b7",4,2
"96d88a7d1329b7",5,2
"96d88a7d1329b7",6,3
"96d88a7d1329b7",7,3
"96d88a7d1329b7",8,3
"96d88a7d1329b7",9,3
"96d88a7d1329b7",10,3
"96d88a7d1329b7",11,2
"96d88a7d1329b7",12,3
e89633500c24ccd,1,3
e89633500c24ccd,2,3
e89633500c24ccd,3,2
e89633500c24ccd,4,3
e89633500c24ccd,5,2
e89633500c24ccd,6,2
e89633500c24ccd,7,2
e89633500c24ccd,8,2
e89633500c24ccd,9,2
e89633500c24ccd,10,3
e89633500c24ccd,11,3
e89633500c24ccd,12,3
d80c62ce8d30388d,1,3
d80c62ce8d30388d,2,3
d80c62ce8d30388d,3,2
d80c62ce8d30388d,4,3
d80c62ce8d30388d,5,2
d80c62ce8d30388d,6,2
d80c62ce8d30388d,7,3
d80c62ce8d30388d,8,2
d80c62ce8d30388d,9,2
d80c62ce8d30388d,10,2
d80c62ce8d30388d,11,2
d80c62ce8d30388d,12,3
"3c86ebc2f0e6509b",1,3
"3c86ebc2f0e6509b",2,3
"3c86ebc2f0e6509b",3,3
"3c86ebc2f0e6509b",4,3
"3c86ebc2f0e6509b",5,3
"3c86ebc2f0e6509b",6,3
"3c86ebc2f0e6509b",7,2
"3c86ebc2f0e6509b",8,3
"3c86ebc2f0e6509b",9,3
"3c86ebc2f0e6509b",10,2
"3c86ebc2f0e6509b",11,2
"3c86ebc2f0e6509b",12,3
a62fe0afd3034f42,1,2
a62fe0afd3034f42,2,2
a62fe0afd3034f42,3,2
a62fe0afd3034f42,4,3
a62fe0afd3034f42,5,2
a62fe0afd3034f42,6,2
a62fe0afd3034f42,7,2
a62fe0afd3034f42,8,2
a62fe0afd3034f42,9,2
a62fe0afd3034f42,10,3
a62fe0afd3034f42,11,2
a62fe0afd3034f42,12,3
f419c1b7c8dcac90,1,3
f419c1b7c8dcac90,2,2
f419c1b7c8dcac90,3,2
f419c1b7c8dcac90,4,2
f419c1b7c8dcac90,5,3
f419c1b7c8dcac90,6,3
f419c1b7c8dcac90,7,3
f419c1b7c8dcac90,8,2
f419c1b7c8dcac90,9,2
f419c1b7c8dcac90,10,2
f419c1b7c8dcac90,11,2
f419c1b7c8dcac90,12,3
"533b48fe92702f05",1,2
"533b48fe92702f05",2,3
"533b48fe92702f05",3,2
"533b48fe92702f05",4,2
"533b48fe92702f05",5,2
"533b48fe92702f05",6,2
"533b48fe92702f05",7,2
"533b48fe92702f05",8,2
"533b48fe92702f05",9,2
"533b48fe92702f05",10,2
"533b48fe92702f05",11,2
"533b48fe92702f05",12,2
"8f3c21b20f84062a",1,2
"8f3c21b20f84062a",2,2
"8f3c21b20f84062a",3,2
"8f3c21b20f84062a",4,2
"8f3c21b20f84062a",5,2
"8f3c21b20f84062a",6,2
"8f3c21b20f84062a",7,2
"8f3c21b20f84062a",8,2
"8f3c21b20f84062a",9,2
"8f3c21b20f84062a",10,3
"8f3c21b20f84062a",11,2
"8f3c21b20f84062a",12,2
"54b45a1874b21831",1,2
"54b45a1874b21831",2,2
"54b45a1874b21831",3,3
"54b45a1874b21831",4,3
"54b45a1874b21831",5,3
"54b45a1874b21831",6,2
"54b45a1874b21831",7,2
"54b45a1874b21831",8,3
"54b45a1874b21831",9,2
"54b45a1874b21831",10,2
"54b45a1874b21831",11,3
"54b45a1874b21831",12,2
"8329f6b8ad1a48a0",1,3
"8329f6b8ad1a48a0",2,3
"8329f6b8ad1a48a0",3,3
"8329f6b8ad1a48a0",4,2
"8329f6b8ad1a48a0",5,2
"8329f6b8ad1a48a0",6,2
"8329f6b8ad1a48a0",7,2
"8329f6b8ad1a48a0",8,2
"8329f6b8ad1a48a0",9,3
"8329f6b8ad1a48a0",10,3
"8329f6b8ad1a48a0",11,2
"8329f6b8ad1a48a0",12,3
"79e72cc113e197a3",1,2
"79e72cc113e197a3",2,2
"79e72cc113e197a3",3,2
"79e72cc113e197a3",4,2
"79e72cc113e197a3",5,3
"79e72cc113e197a3",6,3
"79e72cc113e197a3",7,2
"79e72cc113e197a3",8,2
"79e72cc113e197a3",9,2
"79e72cc113e197a3",10,3
"79e72cc113e197a3",11,3
"79e72cc113e197a3",12,2
b9472c5fd681ff1f,1,3
b9472c5fd681ff1f,2,3
b9472c5fd681ff1f,3,3
b9472c5fd681ff1f,4,3
b9472c5fd681ff1f,5,2
b9472c5fd681ff1f,6,2
b9472c5fd681ff1f,7,2
b9472c5fd681ff1f,8,3
b9472c5fd681ff1f,9,2
b9472c5fd681ff1f,10,2
b9472c5fd681ff1f,11,3
b9472c5fd681ff1f,12,2
"1428a19a8f814719",1,2
"1428a19a8f814719",2,3
"1428a19a8f814719",3,3
"1428a19a8f814719",4,3
"1428a19a8f814719",5,2
"1428a19a8f814719",6,3
"1428a19a8f814719",7,2
"1428a19a8f814719",8,2
"1428a19a8f814719",9,2
"1428a19a8f814719",10,2
"1428a19a8f814719",11,3
"1428a19a8f814719",12,2
b5301a91dbc59f81,1,3
b5301a91dbc59f81,2,2
b5301a91dbc59f81,3,2
b5301a91dbc59f81,4,3
b5301a91dbc59f81,5,2
b5301a91dbc59f81,6,2
b5301a91dbc59f81,7,2
b5301a91dbc59f81,8,2
b5301a91dbc59f81,9,2
b5301a91dbc59f81,10,3
b5301a91dbc59f81,11,2
b5301a91dbc59f81,12,2
"85289b1557309e5",1,2
"85289b1557309e5",2,2
"85289b1557309e5",3,2
"85289b1557309e5",4,3
"85289b1557309e5",5,3
"85289b1557309e5",6,3
"85289b1557309e5",7,2
"85289b1557309e5",8,3
"85289b1557309e5",9,3
"85289b1557309e5",10,3
"85289b1557309e5",11,2
"85289b1557309e5",12,2
e097ff1c532969b1,1,3
e097ff1c532969b1,2,3
e097ff1c532969b1,3,3
e097ff1c532969b1,4,3
e097ff1c532969b1,5,3
e097ff1c532969b1,6,3
e097ff1c532969b1,7,3
e097ff1c532969b1,8,3
e097ff1c532969b1,9,2
e097ff1c532969b1,10,3
e097ff1c532969b1,11,3
e097ff1c532969b1,12,2
"3d04a3a6026a8e00",1,3
"3d04a3a6026a8e00",3,3
"3d04a3a6026a8e00",4,3
"3d04a3a6026a8e00",5,3
"3d04a3a6026a8e00",6,3
"3d04a3a6026a8e00",7,2
"3d04a3a6026a8e00",8,3
"3d04a3a6026a8e00",9,2
"3d04a3a6026a8e00",10,3
"3d04a3a6026a8e00",11,2
"3d04a3a6026a8e00",12,2
"53f3e34648df5eda",1,3
"53f3e34648df5eda",2,3
"53f3e34648df5eda",3,3
"53f3e34648df5eda",4,3
"53f3e34648df5eda",5,3
"53f3e34648df5eda",6,2
"53f3e34648df5eda",7,2
"53f3e34648df5eda",8,3
"53f3e34648df5eda",9,2
"53f3e34648df5eda",10,2
"53f3e34648df5eda",11,2
"53f3e34648df5eda",12,3
"3020d65d37204122",1,2
"3020d65d37204122",2,3
"3020d65d37204122",3,3
"3020d65d37204122",4,3
"3020d65d37204122",5,3
"3020d65d37204122",6,2
"3020d65d37204122",7,3
"3020d65d37204122",8,3
"3020d65d37204122",9,3
"3020d65d37204122",10,3
"3020d65d37204122",11,3
"3020d65d37204122",12,2
"713fb2e544c4220",1,2
"713fb2e544c4220",2,2
"713fb2e544c4220",3,2
"713fb2e544c4220",4,2
"713fb2e544c4220",5,2
"713fb2e544c4220",6,2
"713fb2e544c4220",7,3
"713fb2e544c4220",8,3
"713fb2e544c4220",9,2
"713fb2e544c4220",10,2
"713fb2e544c4220",11,2
"713fb2e544c4220",12,2
"1cc1b0adc17d5a2b",1,3
"1cc1b0adc17d5a2b",2,3
"1cc1b0adc17d5a2b",3,2
"1cc1b0adc17d5a2b",4,2
"1cc1b0adc17d5a2b",5,3
"1cc1b0adc17d5a2b",6,2
"1cc1b0adc17d5a2b",7,3
"1cc1b0adc17d5a2b",8,3
"1cc1b0adc17d5a2b",9,3
"1cc1b0adc17d5a2b",10,2
"1cc1b0adc17d5a2b",11,3
"1cc1b0adc17d5a2b",12,2
"98e03c6f9337ec9b",1,2
"98e03c6f9337ec9b",2,2
"98e03c6f9337ec9b",3,3
"98e03c6f9337ec9b",4,3
"98e03c6f9337ec9b",5,3
"98e03c6f9337ec9b",6,3
"98e03c6f9337ec9b",7,2
"98e03c6f9337ec9b",8,2
"98e03c6f9337ec9b",9,3
"98e03c6f9337ec9b",10,2
"98e03c6f9337ec9b",11,3
"98e03c6f9337ec9b",12,3
b63b5a56035dc118,1,2
b63b5a56035dc118,2,2
b63b5a56035dc118,3,2
b63b5a56035dc118,4,3
b63b5a56035dc118,5,3
b63b5a56035dc118,6,2
b63b5a56035dc118,7,2
b63b5a56035dc118,8,2
b63b5a56035dc118,9,3
b63b5a56035dc118,10,2
b63b5a56035dc118,11,2
b63b5a56035dc118,12,3
ca48736f113f2ac,1,3
ca48736f113f2ac,2,3
ca48736f113f2ac,3,3
ca48736f113f2ac,4,2
ca48736f113f2ac,5,3
ca48736f113f2ac,6,2
ca48736f113f2ac,7,3
ca48736f113f2ac,8,3
ca48736f113f2ac,9,2
ca48736f113f2ac,10,3
ca48736f113f2ac,11,2
ca48736f113f2ac,12,2
dcc113f1689d80de,1,2
dcc113f1689d80de,2,2
dcc113f1689d80de,3,3
dcc113f1689d80de,4,2
dcc113f1689d80de,5,3
dcc113f1689d80de,6,3
dcc113f1689d80de,7,2
dcc113f1689d80de,8,3
dcc113f1689d80de,9,2
dcc113f1689d80de,10,3
dcc113f1689d80de,11,3
dcc113f1689d80de,12,3
"7b69d8ea98ec60b4",1,2
"7b69d8ea98ec60b4",2,2
"7b69d8ea98ec60b4",3,2
"7b69d8ea98ec60b4",4,3
"7b69d8ea98ec60b4",5,2
"7b69d8ea98ec60b4",6,2
"7b69d8ea98ec60b4",7,2
"7b69d8ea98ec60b4",8,3
"7b69d8ea98ec60b4",9,2
"7b69d8ea98ec60b4",10,3
"7b69d8ea98ec60b4",11,3
"7b69d8ea98ec60b4",12,3
"3da5477c4831a35",1,2
"3da5477c4831a35",2,2
"3da5477c4831a35",3,3
"3da5477c4831a35",4,2
"3da5477c4831a35",5,2
"3da5477c4831a35",6,2
"3da5477c4831a35",7,2
"3da5477c4831a35",8,2
"3da5477c4831a35",9,2
"3da5477c4831a35",10,2
"3da5477c4831a35",11,2
"3da5477c4831a35",12,3
fdee9a7771d80500,1,2
fdee9a7771d80500,2,2
fdee9a7771d80500,3,3
fdee9a7771d80500,4,2
fdee9a7771d80500,5,3
fdee9a7771d80500,6,3
fdee9a7771d80500,7,3
fdee9a7771d80500,8,2
fdee9a7771d80500,9,2
fdee9a7771d80500,10,3
fdee9a7771d80500,11,3
fdee9a7771d80500,12,2
"3f5c961aa2f2c03",1,2
"3f5c961aa2f2c03",2,2
"3f5c961aa2f2c03",3,2
"3f5c961aa2f2c03",4,3
"3f5c961aa2f2c03",5,3
"3f5c961aa2f2c03",6,3
"3f5c961aa2f2c03",7,2
"3f5c961aa2f2c03",8,2
"3f5c961aa2f2c03",9,2
"3f5c961aa2f2c03",10,2
"3f5c961aa2f2c03",11,2
"3f5c961aa2f2c03",12,3
"7b64d87d2f5d907b",1,2
"7b64d87d2f5d907b",2,2
"7b64d87d2f5d907b",3,2
"7b64d87d2f5d907b",4,2
"7b64d87d2f5d907b",5,2
"7b64d87d2f5d907b",6,2
"7b64d87d2f5d907b",7,3
"7b64d87d2f5d907b",8,2
"7b64d87d2f5d907b",9,2
"7b64d87d2f5d907b",10,2
"7b64d87d2f5d907b",11,3
"7b64d87d2f5d907b",12,3
c9bc0679f483e0c9,1,2
c9bc0679f483e0c9,2,2
c9bc0679f483e0c9,3,2
c9bc0679f483e0c9,4,2
c9bc0679f483e0c9,5,3
c9bc0679f483e0c9,6,2
c9bc0679f483e0c9,7,3
c9bc0679f483e0c9,8,3
c9bc0679f483e0c9,9,3
c9bc0679f483e0c9,10,3
c9bc0679f483e0c9,11,3
c9bc0679f483e0c9,12,2
"966daa4193f074e0",1,3
"966daa4193f074e0",2,3
"966daa4193f074e0",3,3
"966daa4193f074e0",4,3
"966daa4193f074e0",5,2
"966daa4193f074e0",6,2
"966daa4193f074e0",7,2
"966daa4193f074e0",8,2
"966daa4193f074e0",9,2
"966daa4193f074e0",10,3
"966daa4193f074e0",11,3
"966daa4193f074e0",12,2
"2c8de8ed23e2a41",1,2
"2c8de8ed23e2a41",2,2
"2c8de8ed23e2a41",3,2
"2c8de8ed23e2a41",4,2
"2c8de8ed23e2a41",5,2
"2c8de8ed23e2a41",6,2
"2c8de8ed23e2a41",7,2
"2c8de8ed23e2a41",8,2
"2c8de8ed23e2a41",9,2
"2c8de8ed23e2a41",10,3
"2c8de8ed23e2a41",11,3
"2c8de8ed23e2a41",12,2
f280a7aeb507148e,1,2
f280a7aeb507148e,2,2
f280a7aeb507148e,3,2
f280a7aeb507148e,4,3
f280a7aeb507148e,5,2
f280a7aeb507148e,6,2
f280a7aeb507148e,7,2
f280a7aeb507148e,8,2
f280a7aeb507148e,9,3
f280a7aeb507148e,10,2
f280a7aeb507148e,11,3
f280a7aeb507148e,12,2
"293073b8cc6cd179",1,3
"293073b8cc6cd179",2,3
"293073b8cc6cd179",3,3
"293073b8cc6cd179",4,2
"293073b8cc6cd179",5,2
"293073b8cc6cd179",6,2
"293073b8cc6cd179",7,2
"293073b8cc6cd179",8,3
"293073b8cc6cd179",9,2
"293073b8cc6cd179",10,2
"293073b8cc6cd179",11,3
"293073b8cc6cd179",12,2
"471eef0dc1f5e829",1,3
"471eef0dc1f5e829",2,3
"471eef0dc1f5e829",3,2
"471eef0dc1f5e829",4,2
"471eef0dc1f5e829",5,2
"471eef0dc1f5e829",6,2
"471eef0dc1f5e829",7,2
"471eef0dc1f5e829",8,2
"471eef0dc1f5e829",9,2
"471eef0dc1f5e829",10,2
"471eef0dc1f5e829",11,2
"471eef0dc1f5e829",12,2
"830ef660344b7bbe",1,2
"830ef660344b7bbe",2,2
"830ef660344b7bbe",3,3
"830ef660344b7bbe",4,3
"830ef660344b7bbe",5,3
"830ef660344b7bbe",6,2
"830ef660344b7bbe",7,3
"830ef660344b7bbe",8,2
"830ef660344b7bbe",9,2
"830ef660344b7bbe",10,2
"830ef660344b7bbe",11,2
"830ef660344b7bbe",12,3
aa599af01adace51,1,2
aa599af01adace51,2,2
aa599af01adace51,3,2
aa599af01adace51,4,3
aa599af01adace51,5,2
aa599af01adace51,6,3
aa599af01adace51,7,3
aa599af01adace51,8,2
aa599af01adace51,9,2
aa599af01adace51,10,2
aa599af01adace51,11,2
aa599af01adace51,12,2
"76823ff6d3e71036",1,2
"76823ff6d3e71036",2,2
"76823ff6d3e71036",3,3
"76823ff6d3e71036",4,3
"76823ff6d3e71036",5,3
"76823ff6d3e71036",6,3
"76823ff6d3e71036",7,3
"76823ff6d3e71036",8,3
"76823ff6d3e71036",9,2
"76823ff6d3e71036",10,2
"76823ff6d3e71036",11,3
"76823ff6d3e71036",12,2
b696a1dd1e3c0251,1,2
b696a1dd1e3c0251,2,2
b696a1dd1e3c0251,3,2
b696a1dd1e3c0251,4,2
b696a1dd1e3c0251,5,2
b696a1dd1e3c0251,6,2
b696a1dd1e3c0251,7,2
b696a1dd1e3c0251,8,3
b696a1dd1e3c0251,9,2
b696a1dd1e3c0251,10,3
b696a1dd1e3c0251,11,2
b696a1dd1e3c0251,12,3
"36a673862bdb4b0a",1,3
"36a673862bdb4b0a",2,3
"36a673862bdb4b0a",3,2
"36a673862bdb4b0a",4,2
"36a673862bdb4b0a",5,2
"36a673862bdb4b0a",6,3
"36a673862bdb4b0a",7,3
"36a673862bdb4b0a",8,2
"36a673862bdb4b0a",9,2
"36a673862bdb4b0a",10,2
"36a673862bdb4b0a",11,3
"36a673862bdb4b0a",12,2
e998a7363f8a47c5,1,3
e998a7363f8a47c5,2,2
e998a7363f8a47c5,3,2
e998a7363f8a47c5,4,2
e998a7363f8a47c5,5,3
e998a7363f8a47c5,6,3
e998a7363f8a47c5,7,2
e998a7363f8a47c5,8,2
e998a7363f8a47c5,9,3
e998a7363f8a47c5,10,3
e998a7363f8a47c5,11,3
e998a7363f8a47c5,12,2
"4f13ea376fe8fa9e",1,2
"4f13ea376fe8fa9e",2,2
"4f13ea376fe8fa9e",3,2
"4f13ea376fe8fa9e",4,3
"4f13ea376fe8fa9e",5,2
"4f13ea376fe8fa9e",6,3
ff9ad644f07ebe1a,1,2
ff9ad644f07ebe1a,2,3
ff9ad644f07ebe1a,3,3
ff9ad644f07ebe1a,4,3
ff9ad644f07ebe1a,5,2
ff9ad644f07ebe1a,6,3
ff9ad644f07ebe1a,7,2
ff9ad644f07ebe1a,8,2
ff9ad644f07ebe1a,9,3
ff9ad644f07ebe1a,10,2
ff9ad644f07ebe1a,11,2
ff9ad644f07ebe1a,12,2
"749feb2ea0b7dadc",1,3
"749feb2ea0b7dadc",2,2
"749feb2ea0b7dadc",3,3
"749feb2ea0b7dadc",4,2
"749feb2ea0b7dadc",5,2
"749feb2ea0b7dadc",6,2
"749feb2ea0b7dadc",7,2
"749feb2ea0b7dadc",8,3
"749feb2ea0b7dadc",9,3
"749feb2ea0b7dadc",10,3
"749feb2ea0b7dadc",11,3
"749feb2ea0b7dadc",12,2
"1200c1009d4cc65f",1,2
"1200c1009d4cc65f",2,2
"1200c1009d4cc65f",3,2
"1200c1009d4cc65f",4,2
"1200c1009d4cc65f",5,3
"1200c1009d4cc65f",6,2
"1200c1009d4cc65f",7,2
"1200c1009d4cc65f",8,2
"1200c1009d4cc65f",9,2
"1200c1009d4cc65f",10,2
"1200c1009d4cc65f",11,2
"1200c1009d4cc65f",12,2
"479f0234f1757692",1,2
"479f0234f1757692",2,2
"479f0234f1757692",3,3
"479f0234f1757692",4,2
"479f0234f1757692",5,3
"479f0234f1757692",6,3
"479f0234f1757692",7,3
"479f0234f1757692",8,3
"479f0234f1757692",9,3
"479f0234f1757692",10,2
"479f0234f1757692",11,3
"479f0234f1757692",12,3
d34890392be91652,1,2
d34890392be91652,2,2
d34890392be91652,3,2
d34890392be91652,4,2
d34890392be91652,5,2
d34890392be91652,6,3
d34890392be91652,7,3
d34890392be91652,8,2
d34890392be91652,9,2
d34890392be91652,10,2
d34890392be91652,11,2
d34890392be91652,12,2
ad8782671307c111,1,2
ad8782671307c111,4,2
ad8782671307c111,5,2
ad8782671307c111,6,2
ad8782671307c111,7,2
ad8782671307c111,8,2
ad8782671307c111,9,2
ad8782671307c111,10,2
ad8782671307c111,11,3
ad8782671307c111,12,2
c31def158f1ff22a,1,3
c31def158f1ff22a,2,3
c31def158f1ff22a,3,2
c31def158f1ff22a,4,3
c31def158f1ff22a,5,3
c31def158f1ff22a,6,3
c31def158f1ff22a,7,3
c31def158f1ff22a,8,2
c31def158f1ff22a,9,2
c31def158f1ff22a,10,2
c31def158f1ff22a,11,3
c31def158f1ff22a,12,2
"28de2bc4cbc7bba3",1,3
"28de2bc4cbc7bba3",2,3
"28de2bc4cbc7bba3",3,2
"28de2bc4cbc7bba3",4,3
"28de2bc4cbc7bba3",5,3
"28de2bc4cbc7bba3",6,2
"28de2bc4cbc7bba3",7,3
"28de2bc4cbc7bba3",8,3
"28de2bc4cbc7bba3",9,2
"28de2bc4cbc7bba3",10,3
"28de2bc4cbc7bba3",11,3
"28de2bc4cbc7bba3",12,3
"9f578dadfd1bf32c",1,2
"9f578dadfd1bf32c",2,2
"9f578dadfd1bf32c",3,2
"9f578dadfd1bf32c",4,2
"9f578dadfd1bf32c",5,3
"9f578dadfd1bf32c",6,3
"9f578dadfd1bf32c",7,3
"9f578dadfd1bf32c",8,3
"9f578dadfd1bf32c",9,2
"9f578dadfd1bf32c",10,3
"9f578dadfd1bf32c",11,3
"9f578dadfd1bf32c",12,2
a24d129cf77fb424,1,3
a24d129cf77fb424,2,3
a24d129cf77fb424,3,3
a24d129cf77fb424,4,3
a24d129cf77fb424,5,2
a24d129cf77fb424,6,2
a24d129cf77fb424,7,3
a24d129cf77fb424,8,3
a24d129cf77fb424,9,2
a24d129cf77fb424,10,3
a24d129cf77fb424,11,3
a24d129cf77fb424,12,3
"942f3a5ec52656ce",1,2
"942f3a5ec52656ce",2,3
"942f3a5ec52656ce",3,3
"942f3a5ec52656ce",4,3
"942f3a5ec52656ce",5,3
"942f3a5ec52656ce",6,3
"942f3a5ec52656ce",7,2
"942f3a5ec52656ce",8,2
"942f3a5ec52656ce",9,2
"942f3a5ec52656ce",10,2
"942f3a5ec52656ce",11,2
"942f3a5ec52656ce",12,3
cc49035552e3cce9,1,2
cc49035552e3cce9,2,2
cc49035552e3cce9,3,2
cc49035552e3cce9,4,2
cc49035552e3cce9,5,3
cc49035552e3cce9,6,2
cc49035552e3cce9,7,2
cc49035552e3cce9,8,2
cc49035552e3cce9,9,3
cc49035552e3cce9,10,2
cc49035552e3cce9,11,3
cc49035552e3cce9,12,2
a0db0b97f8770cad,1,3
a0db0b97f8770cad,2,3
a0db0b97f8770cad,3,3
a0db0b97f8770cad,4,3
a0db0b97f8770cad,5,3
a0db0b97f8770cad,6,3
a0db0b97f8770cad,7,3
a0db0b97f8770cad,8,2
a0db0b97f8770cad,9,2
a0db0b97f8770cad,10,2
a0db0b97f8770cad,11,2
a0db0b97f8770cad,12,2
"7c61fd2f62b59a72",1,2
"64924f6ac87b489b",1,2
"64924f6ac87b489b",2,3
"64924f6ac87b489b",3,2
"64924f6ac87b489b",4,2
"64924f6ac87b489b",5,2
"64924f6ac87b489b",6,3
"64924f6ac87b489b",7,2
"64924f6ac87b489b",8,2
"64924f6ac87b489b",9,2
"64924f6ac87b489b",10,2
"64924f6ac87b489b",11,3
"64924f6ac87b489b",12,3
"2462adad3972e960",1,2
"2462adad3972e960",2,2
"2462adad3972e960",3,3
"2462adad3972e960",4,3
"2462adad3972e960",5,2
"2462adad3972e960",6,2
"2462adad3972e960",7,2
"2462adad3972e960",8,2
"2462adad3972e960",9,3
"2462adad3972e960",10,3
"2462adad3972e960",11,3
"2462adad3972e960",12,2
"84acd108bd0b97e3",1,2
"84acd108bd0b97e3",2,3
"84acd108bd0b97e3",3,2
"84acd108bd0b97e3",4,2
"84acd108bd0b97e3",5,3
"84acd108bd0b97e3",6,3
"84acd108bd0b97e3",7,2
"84acd108bd0b97e3",8,3
"84acd108bd0b97e3",9,3
"84acd108bd0b97e3",10,3
"84acd108bd0b97e3",11,3
"84acd108bd0b97e3",12,2
"84f556a3d0bb96d2",1,3
"84f556a3d0bb96d2",2,3
"84f556a3d0bb96d2",3,2
"6ddd1f7ec36ec711",1,3
"6ddd1f7ec36ec711",2,3
"6ddd1f7ec36ec711",3,2
"6ddd1f7ec36ec711",4,2
"6ddd1f7ec36ec711",5,2
"6ddd1f7ec36ec711",6,3
"6ddd1f7ec36ec711",7,3
"6ddd1f7ec36ec711",8,2
"6ddd1f7ec36ec711",9,2
"6ddd1f7ec36ec711",10,3
"6ddd1f7ec36ec711",11,2
"6ddd1f7ec36ec711",12,2
ab52e6a5dfd130ec,1,3
ab52e6a5dfd130ec,2,3
ab52e6a5dfd130ec,3,3
ab52e6a5dfd130ec,4,3
ab52e6a5dfd130ec,5,3
ab52e6a5dfd130ec,6,3
ab52e6a5dfd130ec,7,3
ab52e6a5dfd130ec,8,3
ab52e6a5dfd130ec,9,3
ab52e6a5dfd130ec,10,3
ab52e6a5dfd130ec,11,3
ab52e6a5dfd130ec,12,3
"1ebc3efcb2fd27b8",1,3
"1ebc3efcb2fd27b8",2,2
"1ebc3efcb2fd27b8",3,3
"1ebc3efcb2fd27b8",4,3
db75c50cfcf84926,1,3
db75c50cfcf84926,2,3
db75c50cfcf84926,3,3
db75c50cfcf84926,4,3
db75c50cfcf84926,5,2
"6e376ce7ab748c62",1,2
"6e376ce7ab748c62",2,3
"6e376ce7ab748c62",3,3
"6e376ce7ab748c62",4,2
"6e376ce7ab748c62",5,3
"6e376ce7ab748c62",6,2
"6e376ce7ab748c62",7,3
"6e376ce7ab748c62",8,2
"6e376ce7ab748c62",9,2
"6e376ce7ab748c62",10,2
"6e376ce7ab748c62",11,2
"6e376ce7ab748c62",12,3
"3ee56e08db4c3cb8",1,2
"3ee56e08db4c3cb8",2,2
"3ee56e08db4c3cb8",3,2
"3ee56e08db4c3cb8",4,2
"3ee56e08db4c3cb8",5,2
df630d5eeb08a6d,1,2
df630d5eeb08a6d,2,2
df630d5eeb08a6d,3,3
df630d5eeb08a6d,4,2
df630d5eeb08a6d,5,2
df630d5eeb08a6d,6,3
df630d5eeb08a6d,7,3
df630d5eeb08a6d,8,3
df630d5eeb08a6d,9,3
df630d5eeb08a6d,10,3
df630d5eeb08a6d,11,3
df630d5eeb08a6d,12,2
"70116a9d8708bbd2",1,3
"70116a9d8708bbd2",2,3
"70116a9d8708bbd2",3,3
"70116a9d8708bbd2",4,3
"70116a9d8708bbd2",5,2
"70116a9d8708bbd2",6,2
"70116a9d8708bbd2",7,2
"70116a9d8708bbd2",8,2
"70116a9d8708bbd2",9,2
"70116a9d8708bbd2",10,3
"70116a9d8708bbd2",11,3
"70116a9d8708bbd2",12,2
a3e6eabee0c9ab0d,1,3
a3e6eabee0c9ab0d,2,3
a3e6eabee0c9ab0d,3,3
a3e6eabee0c9ab0d,4,3
a3e6eabee0c9ab0d,5,2
a3e6eabee0c9ab0d,6,2
a3e6eabee0c9ab0d,7,3
a3e6eabee0c9ab0d,8,3
"2c4b7b99bdc9aa34",1,2
"2c4b7b99bdc9aa34",2,2
"2c4b7b99bdc9aa34",3,3
"2c4b7b99bdc9aa34",4,3
"2c4b7b99bdc9aa34",5,3
"2c4b7b99bdc9aa34",6,2
"2c4b7b99bdc9aa34",7,2
"2c4b7b99bdc9aa34",8,2
"2c4b7b99bdc9aa34",9,3
"2c4b7b99bdc9aa34",10,2
"2c4b7b99bdc9aa34",11,3
"2c4b7b99bdc9aa34",12,3
"91609a6608f8a293",1,2
"91609a6608f8a293",2,2
"91609a6608f8a293",3,2
"91609a6608f8a293",4,3
"91609a6608f8a293",5,3
"91609a6608f8a293",6,3
"91609a6608f8a293",7,3
"91609a6608f8a293",8,3
"91609a6608f8a293",9,3
"91609a6608f8a293",10,3
"91609a6608f8a293",11,3
"91609a6608f8a293",12,2
ef76fcf08c9c41d4,1,2
ef76fcf08c9c41d4,2,2
ef76fcf08c9c41d4,3,3
ef76fcf08c9c41d4,4,2
ef76fcf08c9c41d4,5,2
ef76fcf08c9c41d4,6,3
ef76fcf08c9c41d4,7,3
ef76fcf08c9c41d4,8,2
ef76fcf08c9c41d4,9,3
ef76fcf08c9c41d4,10,2
ef76fcf08c9c41d4,11,2
ef76fcf08c9c41d4,12,2
"609799b658f786f7",1,3
"609799b658f786f7",2,3
"609799b658f786f7",3,3
"609799b658f786f7",4,2
"609799b658f786f7",5,3
"609799b658f786f7",6,2
"609799b658f786f7",7,2
"609799b658f786f7",8,2
"609799b658f786f7",9,3
"609799b658f786f7",10,2
"609799b658f786f7",11,3
"609799b658f786f7",12,2
ee2cfa583112bbed,1,3
ee2cfa583112bbed,2,2
ee2cfa583112bbed,3,2
ee2cfa583112bbed,4,2
ee2cfa583112bbed,5,2
ee2cfa583112bbed,6,2
ee2cfa583112bbed,7,2
ee2cfa583112bbed,8,2
ee2cfa583112bbed,9,2
ee2cfa583112bbed,10,3
ee2cfa583112bbed,11,3
ee2cfa583112bbed,12,2
"64219c2ff487875e",1,3
"64219c2ff487875e",2,3
"64219c2ff487875e",3,3
"64219c2ff487875e",4,3
"64219c2ff487875e",5,3
"64219c2ff487875e",6,3
"64219c2ff487875e",7,3
"64219c2ff487875e",8,2
"64219c2ff487875e",9,2
"64219c2ff487875e",10,3
"64219c2ff487875e",11,3
"64219c2ff487875e",12,3
"41fe1816bc30c669",1,3
"41fe1816bc30c669",2,3
"41fe1816bc30c669",3,2
"41fe1816bc30c669",4,3
"41fe1816bc30c669",5,2
"41fe1816bc30c669",6,2
"41fe1816bc30c669",7,2
"41fe1816bc30c669",8,2
"41fe1816bc30c669",9,2
"41fe1816bc30c669",10,3
"41fe1816bc30c669",11,3
"41fe1816bc30c669",12,3
f84a029cd835cc79,1,3
f84a029cd835cc79,2,2
f84a029cd835cc79,3,2
f84a029cd835cc79,4,2
f84a029cd835cc79,5,2
f84a029cd835cc79,6,2
f84a029cd835cc79,7,2
f84a029cd835cc79,8,3
f84a029cd835cc79,9,2
f84a029cd835cc79,10,3
f84a029cd835cc79,11,3
f84a029cd835cc79,12,2
"4f6c9d02c7bc274",1,2
"4f6c9d02c7bc274",2,2
"4f6c9d02c7bc274",3,2
"4f6c9d02c7bc274",4,3
"4f6c9d02c7bc274",5,3
"4f6c9d02c7bc274",6,3
"4f6c9d02c7bc274",7,2
"4f6c9d02c7bc274",8,2
"4f6c9d02c7bc274",9,2
"4f6c9d02c7bc274",10,2
"4f6c9d02c7bc274",11,3
"4f6c9d02c7bc274",12,2
b1885df0ee45aa54,1,2
b1885df0ee45aa54,2,2
b1885df0ee45aa54,3,2
b1885df0ee45aa54,4,3
b1885df0ee45aa54,5,2
b1885df0ee45aa54,6,2
b1885df0ee45aa54,7,2
b1885df0ee45aa54,8,3
b1885df0ee45aa54,9,2
b1885df0ee45aa54,10,3
b1885df0ee45aa54,11,2
b1885df0ee45aa54,12,2
d10ce9b4b35db17b,1,3
d10ce9b4b35db17b,2,3
d10ce9b4b35db17b,3,2
d10ce9b4b35db17b,4,2
d10ce9b4b35db17b,5,2
d10ce9b4b35db17b,6,2
d10ce9b4b35db17b,7,2
d10ce9b4b35db17b,8,2
d10ce9b4b35db17b,9,2
d10ce9b4b35db17b,10,2
d10ce9b4b35db17b,11,3
d10ce9b4b35db17b,12,2
be41d72a8cdd50e8,1,3
be41d72a8cdd50e8,2,2
be41d72a8cdd50e8,3,2
be41d72a8cdd50e8,4,2
be41d72a8cdd50e8,5,2
be41d72a8cdd50e8,6,2
be41d72a8cdd50e8,7,3
be41d72a8cdd50e8,8,3
be41d72a8cdd50e8,9,2
be41d72a8cdd50e8,10,3
be41d72a8cdd50e8,11,3
be41d72a8cdd50e8,12,3
"42c95ab5bb33fbc9",1,3
"42c95ab5bb33fbc9",2,3
"42c95ab5bb33fbc9",3,3
"42c95ab5bb33fbc9",4,2
"42c95ab5bb33fbc9",5,2
"42c95ab5bb33fbc9",6,3
"42c95ab5bb33fbc9",7,3
"42c95ab5bb33fbc9",8,3
"42c95ab5bb33fbc9",9,3
"42c95ab5bb33fbc9",10,3
"42c95ab5bb33fbc9",11,3
"42c95ab5bb33fbc9",12,3
"9e69fe42c6a759fb",1,2
"9e69fe42c6a759fb",2,2
"9e69fe42c6a759fb",3,2
"9e69fe42c6a759fb",4,2
"9e69fe42c6a759fb",5,3
"9e69fe42c6a759fb",6,2
"9e69fe42c6a759fb",7,3
"9e69fe42c6a759fb",8,3
"9e69fe42c6a759fb",9,2
"9e69fe42c6a759fb",10,2
"9e69fe42c6a759fb",11,2
"9e69fe42c6a759fb",12,2
"654d40ac61c0eaed",1,2
"654d40ac61c0eaed",2,2
"654d40ac61c0eaed",3,2
"654d40ac61c0eaed",4,3
"654d40ac61c0eaed",5,2
"654d40ac61c0eaed",6,2
"654d40ac61c0eaed",7,3
"654d40ac61c0eaed",8,2
"654d40ac61c0eaed",9,2
"654d40ac61c0eaed",10,3
"654d40ac61c0eaed",11,3
"654d40ac61c0eaed",12,3
"8f9d7916bf0b1742",1,2
"8f9d7916bf0b1742",2,2
"8f9d7916bf0b1742",3,2
"8f9d7916bf0b1742",4,2
"8f9d7916bf0b1742",5,2
"8f9d7916bf0b1742",6,3
"8f9d7916bf0b1742",7,3
"8f9d7916bf0b1742",8,2
"8f9d7916bf0b1742",9,2
"8f9d7916bf0b1742",10,3
"8f9d7916bf0b1742",11,3
"8f9d7916bf0b1742",12,3
"92de1b53f67fffcd",1,3
"92de1b53f67fffcd",2,2
"92de1b53f67fffcd",3,2
"92de1b53f67fffcd",4,2
"92de1b53f67fffcd",5,2
"92de1b53f67fffcd",6,3
"92de1b53f67fffcd",7,3
"92de1b53f67fffcd",8,3
"92de1b53f67fffcd",9,3
"92de1b53f67fffcd",10,3
"92de1b53f67fffcd",11,3
"92de1b53f67fffcd",12,2
"9c8d21e21c3390e1",1,2
"9c8d21e21c3390e1",2,2
"9c8d21e21c3390e1",3,3
"9c8d21e21c3390e1",4,3
"9c8d21e21c3390e1",5,3
"9c8d21e21c3390e1",6,2
"9c8d21e21c3390e1",7,3
"9c8d21e21c3390e1",8,3
"9c8d21e21c3390e1",9,2
"9c8d21e21c3390e1",10,2
"9c8d21e21c3390e1",11,2
"9c8d21e21c3390e1",12,3
edcd62cbccc337c2,1,3
edcd62cbccc337c2,2,3
edcd62cbccc337c2,3,3
edcd62cbccc337c2,4,3
edcd62cbccc337c2,5,2
edcd62cbccc337c2,6,2
edcd62cbccc337c2,7,2
edcd62cbccc337c2,8,3
edcd62cbccc337c2,9,2
edcd62cbccc337c2,10,2
edcd62cbccc337c2,11,2
edcd62cbccc337c2,12,2
"42d8bad9b90e9c7",1,2
"42d8bad9b90e9c7",2,2
"42d8bad9b90e9c7",3,2
"42d8bad9b90e9c7",4,3
"42d8bad9b90e9c7",5,3
"42d8bad9b90e9c7",6,3
"42d8bad9b90e9c7",7,3
"42d8bad9b90e9c7",8,3
"42d8bad9b90e9c7",9,3
"42d8bad9b90e9c7",10,3
"42d8bad9b90e9c7",11,3
"42d8bad9b90e9c7",12,3
"21dcf45a9eed6d84",1,3
"21dcf45a9eed6d84",2,2
"21dcf45a9eed6d84",3,2
"21dcf45a9eed6d84",4,2
"21dcf45a9eed6d84",5,2
"21dcf45a9eed6d84",6,2
"21dcf45a9eed6d84",7,2
"21dcf45a9eed6d84",8,3
"21dcf45a9eed6d84",9,3
"21dcf45a9eed6d84",10,3
"21dcf45a9eed6d84",11,3
"21dcf45a9eed6d84",12,2
"2e0ccb276a0f195d",1,2
"2e0ccb276a0f195d",2,2
"2e0ccb276a0f195d",3,2
"2e0ccb276a0f195d",4,3
"2e0ccb276a0f195d",5,3
"2e0ccb276a0f195d",6,2
"2e0ccb276a0f195d",7,3
"2e0ccb276a0f195d",8,2
"2e0ccb276a0f195d",9,2
"2e0ccb276a0f195d",10,2
"2e0ccb276a0f195d",11,2
"2e0ccb276a0f195d",12,2
"17050cb8651b49f1",1,2
"17050cb8651b49f1",2,2
"17050cb8651b49f1",3,2
"17050cb8651b49f1",4,3
"17050cb8651b49f1",5,2
"17050cb8651b49f1",6,3
"17050cb8651b49f1",7,3
"17050cb8651b49f1",8,3
"17050cb8651b49f1",9,3
"17050cb8651b49f1",10,3
"17050cb8651b49f1",11,3
"17050cb8651b49f1",12,2
"313f9694f6044536",1,2
"313f9694f6044536",2,2
"313f9694f6044536",3,3
"313f9694f6044536",4,3
"313f9694f6044536",5,3
"313f9694f6044536",6,3
"313f9694f6044536",7,2
"313f9694f6044536",8,2
"313f9694f6044536",9,3
"313f9694f6044536",10,3
"313f9694f6044536",11,2
"313f9694f6044536",12,2
dc92a0e1d230258,1,2
dc92a0e1d230258,2,3
dc92a0e1d230258,3,3
dc92a0e1d230258,4,3
dc92a0e1d230258,5,3
dc92a0e1d230258,6,3
dc92a0e1d230258,7,2
dc92a0e1d230258,8,3
dc92a0e1d230258,9,3
dc92a0e1d230258,10,3
dc92a0e1d230258,11,2
dc92a0e1d230258,12,3
"4cd3de9691838b8b",1,2
"4cd3de9691838b8b",2,2
"4cd3de9691838b8b",3,2
"4cd3de9691838b8b",4,2
"4cd3de9691838b8b",5,2
"4cd3de9691838b8b",6,3
"4cd3de9691838b8b",7,3
"4cd3de9691838b8b",8,2
"4cd3de9691838b8b",9,2
"4cd3de9691838b8b",10,2
"4cd3de9691838b8b",11,2
"4cd3de9691838b8b",12,2
"6c39cfc7f9d8bab6",1,3
"6c39cfc7f9d8bab6",2,3
"6c39cfc7f9d8bab6",3,3
"6c39cfc7f9d8bab6",4,3
"6c39cfc7f9d8bab6",5,2
"6c39cfc7f9d8bab6",6,2
"6c39cfc7f9d8bab6",7,2
"6c39cfc7f9d8bab6",8,2
"33de35c026ecd383",1,3
"33de35c026ecd383",2,3
"33de35c026ecd383",3,2
"33de35c026ecd383",4,3
"33de35c026ecd383",5,3
"33de35c026ecd383",6,2
"33de35c026ecd383",7,3
"33de35c026ecd383",8,3
"33de35c026ecd383",9,2
"33de35c026ecd383",10,3
"33de35c026ecd383",11,3
"33de35c026ecd383",12,3
"2c371ad452ad8bd6",1,3
"2c371ad452ad8bd6",2,3
"2c371ad452ad8bd6",3,3
"2c371ad452ad8bd6",4,3
"2c371ad452ad8bd6",5,2
"2c371ad452ad8bd6",6,3
"2c371ad452ad8bd6",7,2
"2c371ad452ad8bd6",8,3
"2c371ad452ad8bd6",9,2
"2c371ad452ad8bd6",10,2
"2c371ad452ad8bd6",11,2
"2c371ad452ad8bd6",12,3
"19200d3ab2e99adc",1,3
"19200d3ab2e99adc",2,3
"19200d3ab2e99adc",3,3
"19200d3ab2e99adc",4,3
"19200d3ab2e99adc",5,3
"19200d3ab2e99adc",6,2
e2bf3b12c9a923b7,1,3
e2bf3b12c9a923b7,2,3
e2bf3b12c9a923b7,3,3
e2bf3b12c9a923b7,4,2
e2bf3b12c9a923b7,5,2
e2bf3b12c9a923b7,6,2
e2bf3b12c9a923b7,7,2
e2bf3b12c9a923b7,8,2
e2bf3b12c9a923b7,9,2
e2bf3b12c9a923b7,10,2
e2bf3b12c9a923b7,11,2
e2bf3b12c9a923b7,12,3
c7345237a5dfa992,1,3
c7345237a5dfa992,2,2
c7345237a5dfa992,3,2
c7345237a5dfa992,4,2
c7345237a5dfa992,5,2
c7345237a5dfa992,6,3
c7345237a5dfa992,7,3
c7345237a5dfa992,8,3
c7345237a5dfa992,9,3
c7345237a5dfa992,10,3
c7345237a5dfa992,11,3
c7345237a5dfa992,12,3
f42b390caf907f03,1,2
f42b390caf907f03,2,2
f42b390caf907f03,3,3
f42b390caf907f03,4,3
f42b390caf907f03,5,3
f42b390caf907f03,6,3
f42b390caf907f03,7,3
f42b390caf907f03,8,3
f42b390caf907f03,9,3
f42b390caf907f03,10,3
d1f2b40914788553,1,3
d1f2b40914788553,2,3
d1f2b40914788553,3,3
d1f2b40914788553,4,3
d1f2b40914788553,5,2
d1f2b40914788553,6,3
d1f2b40914788553,7,2
d1f2b40914788553,8,2
d1f2b40914788553,9,2
d1f2b40914788553,10,2
d1f2b40914788553,11,3
d1f2b40914788553,12,3
ac043a7b8a12fa2c,1,3
ac043a7b8a12fa2c,2,2
ac043a7b8a12fa2c,3,2
ac043a7b8a12fa2c,4,2
ac043a7b8a12fa2c,5,2
ac043a7b8a12fa2c,6,3
ac043a7b8a12fa2c,7,2
ac043a7b8a12fa2c,8,3
ac043a7b8a12fa2c,9,3
ac043a7b8a12fa2c,10,3
ac043a7b8a12fa2c,11,3
ac043a7b8a12fa2c,12,3
"38ca2c43af583894",1,3
"38ca2c43af583894",2,3
"38ca2c43af583894",3,2
"38ca2c43af583894",4,3
"38ca2c43af583894",5,2
"38ca2c43af583894",6,3
"38ca2c43af583894",7,3
"38ca2c43af583894",8,3
"38ca2c43af583894",9,2
"38ca2c43af583894",10,2
"38ca2c43af583894",11,2
"38ca2c43af583894",12,3
"99cad6579edc5878",1,2
"99cad6579edc5878",2,2
"99cad6579edc5878",3,2
"99cad6579edc5878",4,2
"99cad6579edc5878",5,3
"99cad6579edc5878",6,2
"99cad6579edc5878",7,2
"99cad6579edc5878",8,2
"99cad6579edc5878",9,3
"99cad6579edc5878",10,3
"99cad6579edc5878",11,3
"99cad6579edc5878",12,2
"5c3bb5c9692c9cc8",1,3
"5c3bb5c9692c9cc8",2,3
"5c3bb5c9692c9cc8",3,2
"5c3bb5c9692c9cc8",4,3
"5c3bb5c9692c9cc8",5,2
"5c3bb5c9692c9cc8",6,2
"5c3bb5c9692c9cc8",7,2
"5c3bb5c9692c9cc8",8,2
"4644991b2742d7b6",1,2
"4644991b2742d7b6",2,2
"4644991b2742d7b6",3,3
"4644991b2742d7b6",4,3
"4644991b2742d7b6",5,3
"4644991b2742d7b6",6,2
"4644991b2742d7b6",7,3
"16abf70c8fc8f663",1,2
"16abf70c8fc8f663",2,3
"16abf70c8fc8f663",3,3
"16abf70c8fc8f663",4,2
"16abf70c8fc8f663",5,2
"16abf70c8fc8f663",6,2
"16abf70c8fc8f663",7,3
"16abf70c8fc8f663",8,2
"16abf70c8fc8f663",9,2
"16abf70c8fc8f663",10,3
"16abf70c8fc8f663",11,2
"16abf70c8fc8f663",12,3
"3fc881868233db88",1,3
"3fc881868233db88",2,3
"3fc881868233db88",3,3
"3fc881868233db88",4,3
"3fc881868233db88",5,3
"3fc881868233db88",6,2
"3fc881868233db88",7,2
"3fc881868233db88",8,2
"3fc881868233db88",9,3
"3fc881868233db88",10,3
"3fc881868233db88",11,3
"3fc881868233db88",12,3
"630088bb1b27ebff",1,2
"630088bb1b27ebff",2,2
c86922d0f8fea8c6,1,2
c86922d0f8fea8c6,2,2
c86922d0f8fea8c6,3,2
c86922d0f8fea8c6,4,2
c86922d0f8fea8c6,5,3
c86922d0f8fea8c6,6,3
c86922d0f8fea8c6,7,3
c86922d0f8fea8c6,8,3
c86922d0f8fea8c6,9,2
c86922d0f8fea8c6,10,2
c86922d0f8fea8c6,11,2
c86922d0f8fea8c6,12,3
a68ee15d9071726e,1,2
a68ee15d9071726e,2,2
a68ee15d9071726e,3,3
a68ee15d9071726e,4,2
a68ee15d9071726e,5,2
a68ee15d9071726e,6,2
a68ee15d9071726e,7,2
a68ee15d9071726e,8,2
a68ee15d9071726e,9,2
a68ee15d9071726e,10,3
a68ee15d9071726e,11,3
a68ee15d9071726e,12,3
"6e0e8a618cacdda5",1,3
"6e0e8a618cacdda5",2,3
"6e0e8a618cacdda5",3,3
"6e0e8a618cacdda5",4,3
"6e0e8a618cacdda5",5,2
"6e0e8a618cacdda5",6,3
"6e0e8a618cacdda5",7,2
"6e0e8a618cacdda5",8,2
"6e0e8a618cacdda5",9,2
"6e0e8a618cacdda5",10,3
"56f0db56dffd44dd",1,2
"56f0db56dffd44dd",2,2
"56f0db56dffd44dd",3,3
"56f0db56dffd44dd",4,3
"9ec6d7983bdd57bc",1,2
"9ec6d7983bdd57bc",2,2
"9ec6d7983bdd57bc",3,2
"9ec6d7983bdd57bc",4,2
"9ec6d7983bdd57bc",5,2
"9ec6d7983bdd57bc",6,3
"9ec6d7983bdd57bc",7,2
"9ec6d7983bdd57bc",8,2
"9ec6d7983bdd57bc",9,2
"9ec6d7983bdd57bc",10,2
"9ec6d7983bdd57bc",11,2
"9ec6d7983bdd57bc",12,3
"1d5f18612c41478e",1,3
"1d5f18612c41478e",2,3
"1d5f18612c41478e",3,3
"1d5f18612c41478e",4,2
"1d5f18612c41478e",5,2
"1d5f18612c41478e",6,2
"1d5f18612c41478e",7,2
"1d5f18612c41478e",8,2
"1d5f18612c41478e",9,3
"1d5f18612c41478e",10,3
"1d5f18612c41478e",11,3
"1d5f18612c41478e",12,3
"7840dabee8ab3148",1,2
"7840dabee8ab3148",2,2
"7840dabee8ab3148",3,2
"7840dabee8ab3148",4,2
"7840dabee8ab3148",5,3
"7840dabee8ab3148",6,3
"7840dabee8ab3148",7,3
"7840dabee8ab3148",8,3
"7840dabee8ab3148",9,2
"7840dabee8ab3148",10,2
"7840dabee8ab3148",11,2
"7840dabee8ab3148",12,2
"2ec3d9f47144d6b0",1,2
"2ec3d9f47144d6b0",2,2
"2ec3d9f47144d6b0",3,3
"2ec3d9f47144d6b0",4,2
"2ec3d9f47144d6b0",5,2
"2ec3d9f47144d6b0",6,2
"2ec3d9f47144d6b0",7,3
"4b9f468f018eb6d7",1,2
"4b9f468f018eb6d7",2,2
"4b9f468f018eb6d7",3,2
"4b9f468f018eb6d7",4,3
"4b9f468f018eb6d7",5,3
"4b9f468f018eb6d7",6,2
"4b9f468f018eb6d7",7,2
"4b9f468f018eb6d7",8,2
"4b9f468f018eb6d7",9,2
"4b9f468f018eb6d7",10,3
"4b9f468f018eb6d7",11,2
"4b9f468f018eb6d7",12,3
"4727868233e005e",1,3
"4727868233e005e",2,3
"4727868233e005e",3,3
"4727868233e005e",4,3
"4727868233e005e",5,2
"4727868233e005e",6,3
"4727868233e005e",7,3
"4727868233e005e",8,3
"4727868233e005e",9,2
"4727868233e005e",10,3
"4727868233e005e",11,2
"4727868233e005e",12,3
bc8da1d6025b2271,1,3
bc8da1d6025b2271,2,3
bc8da1d6025b2271,3,3
bc8da1d6025b2271,4,2
bc8da1d6025b2271,5,2
bc8da1d6025b2271,6,2
bc8da1d6025b2271,7,2
bc8da1d6025b2271,8,3
bc8da1d6025b2271,9,3
bc8da1d6025b2271,10,3
bc8da1d6025b2271,11,3
bc8da1d6025b2271,12,3
"8797b74c6a944569",1,3
"8797b74c6a944569",2,3
"8797b74c6a944569",3,2
"8797b74c6a944569",4,2
"8797b74c6a944569",5,2
"8797b74c6a944569",6,2
"8797b74c6a944569",7,2
"8797b74c6a944569",8,2
"8797b74c6a944569",9,3
"8797b74c6a944569",10,2
"8797b74c6a944569",11,2
"8797b74c6a944569",12,3
cc96bd94935ccadc,1,2
cc96bd94935ccadc,2,3
cc96bd94935ccadc,3,3
cc96bd94935ccadc,4,3
cc96bd94935ccadc,5,2
cc96bd94935ccadc,6,2
cc96bd94935ccadc,7,3
cc96bd94935ccadc,8,3
cc96bd94935ccadc,9,3
cc96bd94935ccadc,10,2
cc96bd94935ccadc,11,2
cc96bd94935ccadc,12,2
"6ee1894cb4d6bdee",1,2
"6ee1894cb4d6bdee",2,3
"6ee1894cb4d6bdee",3,2
"6ee1894cb4d6bdee",4,3
"6ee1894cb4d6bdee",5,3
"6ee1894cb4d6bdee",6,3
"6ee1894cb4d6bdee",7,3
"6ee1894cb4d6bdee",8,3
"6ee1894cb4d6bdee",9,3
"6ee1894cb4d6bdee",10,2
"6ee1894cb4d6bdee",11,3
"6ee1894cb4d6bdee",12,3
f105089e01a366e2,1,2
f105089e01a366e2,2,3
f105089e01a366e2,3,2
f105089e01a366e2,4,3
f105089e01a366e2,5,3
f105089e01a366e2,6,3
f105089e01a366e2,7,2
f105089e01a366e2,8,2
f105089e01a366e2,9,2
f105089e01a366e2,10,3
f105089e01a366e2,11,2
f105089e01a366e2,12,2
e0d75302c1915558,1,2
e0d75302c1915558,2,2
e0d75302c1915558,3,2
e0d75302c1915558,4,2
e0d75302c1915558,5,2
e0d75302c1915558,6,2
e0d75302c1915558,7,2
e0d75302c1915558,8,2
e0d75302c1915558,9,3
e0d75302c1915558,10,3
e0d75302c1915558,11,3
e0d75302c1915558,12,2
f4717d3bec87a9f5,1,3
f4717d3bec87a9f5,2,3
f4717d3bec87a9f5,3,2
f4717d3bec87a9f5,4,3
f4717d3bec87a9f5,5,3
f4717d3bec87a9f5,6,3
f4717d3bec87a9f5,7,3
f4717d3bec87a9f5,8,3
f4717d3bec87a9f5,9,2
f4717d3bec87a9f5,10,2
f4717d3bec87a9f5,11,2
f4717d3bec87a9f5,12,2
"52adbfbb4ba3aaef",1,3
"52adbfbb4ba3aaef",2,3
"52adbfbb4ba3aaef",3,2
"52adbfbb4ba3aaef",4,2
"52adbfbb4ba3aaef",5,2
"52adbfbb4ba3aaef",6,3
"52adbfbb4ba3aaef",7,2
"52adbfbb4ba3aaef",8,2
"52adbfbb4ba3aaef",9,2
"52adbfbb4ba3aaef",10,3
"52adbfbb4ba3aaef",11,3
"52adbfbb4ba3aaef",12,2
fbcda64af4f459e9,1,2
fbcda64af4f459e9,2,2
fbcda64af4f459e9,3,2
fbcda64af4f459e9,4,3
fbcda64af4f459e9,5,2
fbcda64af4f459e9,6,3
fbcda64af4f459e9,7,3
fbcda64af4f459e9,8,3
fbcda64af4f459e9,9,3
fbcda64af4f459e9,10,3
fbcda64af4f459e9,11,2
fbcda64af4f459e9,12,2
"76609dbef55c685a",1,2
"76609dbef55c685a",2,2
"76609dbef55c685a",3,2
"76609dbef55c685a",4,2
"76609dbef55c685a",5,3
"76609dbef55c685a",6,3
"76609dbef55c685a",7,3
"76609dbef55c685a",8,3
"76609dbef55c685a",9,3
"76609dbef55c685a",10,3
"76609dbef55c685a",11,3
"76609dbef55c685a",12,2
"2cb0358094e6e7d",1,3
"2cb0358094e6e7d",2,3
"2cb0358094e6e7d",3,3
"2cb0358094e6e7d",4,3
"2cb0358094e6e7d",5,2
"2cb0358094e6e7d",6,3
"2cb0358094e6e7d",7,2
"2cb0358094e6e7d",8,2
"2cb0358094e6e7d",9,2
"2cb0358094e6e7d",10,2
"2cb0358094e6e7d",11,2
"2cb0358094e6e7d",12,2
addeab3e73dfac5,1,2
addeab3e73dfac5,2,2
addeab3e73dfac5,3,2
addeab3e73dfac5,4,2
addeab3e73dfac5,5,3
addeab3e73dfac5,6,3
addeab3e73dfac5,7,3
addeab3e73dfac5,8,2
addeab3e73dfac5,9,2
addeab3e73dfac5,10,2
addeab3e73dfac5,11,3
addeab3e73dfac5,12,2
"78bd79f95393a72b",1,2
"78bd79f95393a72b",2,2
"78bd79f95393a72b",3,3
"78bd79f95393a72b",4,3
"78bd79f95393a72b",5,3
"78bd79f95393a72b",6,2
"78bd79f95393a72b",7,2
"78bd79f95393a72b",8,2
"78bd79f95393a72b",9,2
"78bd79f95393a72b",10,3
"78bd79f95393a72b",11,2
"78bd79f95393a72b",12,3
a8c57cc52209161f,1,3
a8c57cc52209161f,2,3
a8c57cc52209161f,3,3
a8c57cc52209161f,4,3
a8c57cc52209161f,5,2
a8c57cc52209161f,6,3
a8c57cc52209161f,7,2
a8c57cc52209161f,8,3
a8c57cc52209161f,9,2
a8c57cc52209161f,10,2
a8c57cc52209161f,11,2
a8c57cc52209161f,12,2
"1aaf42cdb6da602c",1,3
"1aaf42cdb6da602c",2,2
"1aaf42cdb6da602c",3,2
"1aaf42cdb6da602c",4,2
"1aaf42cdb6da602c",5,3
"1aaf42cdb6da602c",6,3
"1aaf42cdb6da602c",7,2
"1aaf42cdb6da602c",8,2
"1aaf42cdb6da602c",9,2
"1aaf42cdb6da602c",10,3
"1aaf42cdb6da602c",11,3
"1aaf42cdb6da602c",12,3
d48a853d9c1e877e,1,2
d48a853d9c1e877e,2,3
d48a853d9c1e877e,3,3
d48a853d9c1e877e,4,3
d48a853d9c1e877e,5,3
d48a853d9c1e877e,6,2
d48a853d9c1e877e,7,3
d48a853d9c1e877e,8,2
d48a853d9c1e877e,9,2
d48a853d9c1e877e,10,3
d48a853d9c1e877e,11,3
d48a853d9c1e877e,12,2
baa6bbea8b2ffb45,1,2
baa6bbea8b2ffb45,2,3
baa6bbea8b2ffb45,3,3
baa6bbea8b2ffb45,4,3
baa6bbea8b2ffb45,5,3
baa6bbea8b2ffb45,6,2
baa6bbea8b2ffb45,7,3
baa6bbea8b2ffb45,8,2
baa6bbea8b2ffb45,9,2
baa6bbea8b2ffb45,10,2
baa6bbea8b2ffb45,11,3
baa6bbea8b2ffb45,12,3
"2b695c1803b50d24",1,3
"2b695c1803b50d24",2,3
"2b695c1803b50d24",3,3
"2b695c1803b50d24",4,3
"2b695c1803b50d24",5,2
"2b695c1803b50d24",6,2
"2b695c1803b50d24",7,2
"2b695c1803b50d24",8,2
"2b695c1803b50d24",9,3
"2b695c1803b50d24",10,3
"2b695c1803b50d24",11,2
"2b695c1803b50d24",12,3
"653656c267079f32",1,3
"653656c267079f32",2,2
"653656c267079f32",3,2
"653656c267079f32",4,2
"653656c267079f32",5,2
"653656c267079f32",6,2
"653656c267079f32",7,2
"653656c267079f32",8,2
"653656c267079f32",9,2
"653656c267079f32",10,3
"653656c267079f32",11,3
"653656c267079f32",12,2
"5fcf39d9e0b4c677",1,2
"5fcf39d9e0b4c677",2,2
"5fcf39d9e0b4c677",3,2
"5fcf39d9e0b4c677",4,3
"5fcf39d9e0b4c677",5,3
"5fcf39d9e0b4c677",6,3
"5fcf39d9e0b4c677",7,2
"5fcf39d9e0b4c677",8,3
"5fcf39d9e0b4c677",9,3
"5fcf39d9e0b4c677",10,3
"5fcf39d9e0b4c677",11,3
"5fcf39d9e0b4c677",12,3
f3818ed6890c4ee3,1,2
f3818ed6890c4ee3,2,2
f3818ed6890c4ee3,3,3
f3818ed6890c4ee3,4,2
f3818ed6890c4ee3,5,3
f3818ed6890c4ee3,6,2
f3818ed6890c4ee3,7,2
f3818ed6890c4ee3,8,2
f3818ed6890c4ee3,9,2
f3818ed6890c4ee3,10,2
f3818ed6890c4ee3,11,2
f3818ed6890c4ee3,12,3
"3bcc579735571249",1,3
"3bcc579735571249",2,3
"3bcc579735571249",3,3
"3bcc579735571249",4,3
"3bcc579735571249",5,3
"3bcc579735571249",6,3
"3bcc579735571249",7,3
"3bcc579735571249",8,2
"3bcc579735571249",9,2
"3bcc579735571249",10,3
"3bcc579735571249",11,2
"3bcc579735571249",12,3
b68f1042be97f620,1,3
b68f1042be97f620,2,3
b68f1042be97f620,3,3
b68f1042be97f620,4,3
b68f1042be97f620,5,2
b68f1042be97f620,6,2
b68f1042be97f620,7,2
b68f1042be97f620,8,3
b68f1042be97f620,9,3
b68f1042be97f620,10,3
b68f1042be97f620,11,3
b68f1042be97f620,12,2
b0c63ae71f799073,1,3
b0c63ae71f799073,2,3
b0c63ae71f799073,3,3
b0c63ae71f799073,4,3
b0c63ae71f799073,5,2
b0c63ae71f799073,6,3
b0c63ae71f799073,7,3
b0c63ae71f799073,8,3
b0c63ae71f799073,9,3
b0c63ae71f799073,10,3
b0c63ae71f799073,11,2
b0c63ae71f799073,12,2
d78e33ef6effe70c,1,2
d78e33ef6effe70c,2,2
d78e33ef6effe70c,3,2
d78e33ef6effe70c,4,3
d78e33ef6effe70c,5,3
d78e33ef6effe70c,6,3
d78e33ef6effe70c,7,3
d78e33ef6effe70c,8,3
d78e33ef6effe70c,9,3
d78e33ef6effe70c,10,2
d78e33ef6effe70c,11,3
d78e33ef6effe70c,12,3
"963672906ef564fe",1,3
"963672906ef564fe",2,3
"963672906ef564fe",3,3
"963672906ef564fe",4,2
"963672906ef564fe",5,2
"963672906ef564fe",6,2
"963672906ef564fe",7,2
"963672906ef564fe",8,2
"963672906ef564fe",9,2
"963672906ef564fe",10,3
"963672906ef564fe",11,2
"963672906ef564fe",12,2
"71ecb1e5aada9a15",1,3
"71ecb1e5aada9a15",2,3
"71ecb1e5aada9a15",3,3
"71ecb1e5aada9a15",4,2
"71ecb1e5aada9a15",5,3
"71ecb1e5aada9a15",6,3
"71ecb1e5aada9a15",7,2
"71ecb1e5aada9a15",8,3
"71ecb1e5aada9a15",9,3
"71ecb1e5aada9a15",10,3
"71ecb1e5aada9a15",11,2
"71ecb1e5aada9a15",12,2
"28f3eb233c069079",1,3
"28f3eb233c069079",2,3
"28f3eb233c069079",3,3
"28f3eb233c069079",4,3
"28f3eb233c069079",5,3
"28f3eb233c069079",6,3
"28f3eb233c069079",7,2
"28f3eb233c069079",8,2
"28f3eb233c069079",9,3
"28f3eb233c069079",10,3
"28f3eb233c069079",11,3
"28f3eb233c069079",12,3
ef0a2055d4debc35,1,2
ef0a2055d4debc35,2,2
ef0a2055d4debc35,3,2
ef0a2055d4debc35,4,2
ef0a2055d4debc35,5,3
ef0a2055d4debc35,6,2
ef0a2055d4debc35,7,2
ef0a2055d4debc35,8,2
ef0a2055d4debc35,9,2
ef0a2055d4debc35,10,2
ef0a2055d4debc35,11,2
ef0a2055d4debc35,12,2
cce09abab8ab8363,1,3
cce09abab8ab8363,2,3
cce09abab8ab8363,3,3
cce09abab8ab8363,4,3
cce09abab8ab8363,5,3
cce09abab8ab8363,6,3
cce09abab8ab8363,7,3
cce09abab8ab8363,8,3
cce09abab8ab8363,9,3
cce09abab8ab8363,10,3
cce09abab8ab8363,11,3
cce09abab8ab8363,12,3
"62445b77e1210be9",1,3
"62445b77e1210be9",2,3
"62445b77e1210be9",3,3
"62445b77e1210be9",4,3
"62445b77e1210be9",5,2
"62445b77e1210be9",6,2
"62445b77e1210be9",7,2
"62445b77e1210be9",8,2
"62445b77e1210be9",9,3
"62445b77e1210be9",10,2
"62445b77e1210be9",11,3
"62445b77e1210be9",12,3
"91043e961834be5c",1,2
"91043e961834be5c",2,2
"91043e961834be5c",3,2
"91043e961834be5c",4,2
"91043e961834be5c",5,2
"91043e961834be5c",6,2
"91043e961834be5c",7,2
"91043e961834be5c",8,2
"91043e961834be5c",9,2
"91043e961834be5c",10,3
"91043e961834be5c",11,2
"91043e961834be5c",12,3
"2c61e42af43466e6",1,3
"2c61e42af43466e6",2,3
"2c61e42af43466e6",3,3
"2c61e42af43466e6",4,3
"2c61e42af43466e6",5,3
"2c61e42af43466e6",6,3
"2c61e42af43466e6",7,3
"2c61e42af43466e6",8,3
"2c61e42af43466e6",9,3
"2c61e42af43466e6",10,3
"2c61e42af43466e6",11,3
"2c61e42af43466e6",12,3
"387f04e3e824906a",1,2
"387f04e3e824906a",2,2
"387f04e3e824906a",3,3
"387f04e3e824906a",4,2
"387f04e3e824906a",5,2
"387f04e3e824906a",6,2
"387f04e3e824906a",7,2
"387f04e3e824906a",8,3
"387f04e3e824906a",9,3
"387f04e3e824906a",10,2
"387f04e3e824906a",11,3
"387f04e3e824906a",12,3
"9bf0eddddeed8ff7",1,2
"9bf0eddddeed8ff7",2,2
"9bf0eddddeed8ff7",3,3
"9bf0eddddeed8ff7",4,3
"9bf0eddddeed8ff7",5,3
"9bf0eddddeed8ff7",6,3
"9bf0eddddeed8ff7",7,3
"9bf0eddddeed8ff7",8,3
"9bf0eddddeed8ff7",9,3
"9bf0eddddeed8ff7",10,2
"9bf0eddddeed8ff7",11,3
"9bf0eddddeed8ff7",12,3
eae6dc83883100f7,1,3
eae6dc83883100f7,2,3
eae6dc83883100f7,3,2
eae6dc83883100f7,4,2
eae6dc83883100f7,5,2
eae6dc83883100f7,6,2
eae6dc83883100f7,7,2
eae6dc83883100f7,8,3
eae6dc83883100f7,9,3
eae6dc83883100f7,10,3
eae6dc83883100f7,11,2
eae6dc83883100f7,12,3
"6453198612798e06",1,2
"6453198612798e06",2,2
"6453198612798e06",3,3
"6453198612798e06",4,3
"6453198612798e06",5,3
"6453198612798e06",6,2
"6453198612798e06",7,3
"6453198612798e06",8,3
"6453198612798e06",9,2
"6453198612798e06",10,3
"6453198612798e06",11,2
"6453198612798e06",12,2
"2f0c34cd76cb0d68",1,2
"2f0c34cd76cb0d68",2,2
"2f0c34cd76cb0d68",3,2
"2f0c34cd76cb0d68",4,3
"2f0c34cd76cb0d68",5,3
"2f0c34cd76cb0d68",6,3
"2f0c34cd76cb0d68",7,3
"2f0c34cd76cb0d68",8,3
"2f0c34cd76cb0d68",9,3
"2f0c34cd76cb0d68",10,3
"2f0c34cd76cb0d68",11,2
"2f0c34cd76cb0d68",12,2
d023384934f11de9,1,3
d023384934f11de9,2,2
d023384934f11de9,3,2
d023384934f11de9,4,2
d023384934f11de9,5,3
d023384934f11de9,6,3
d023384934f11de9,7,2
d023384934f11de9,8,2
d023384934f11de9,9,2
d023384934f11de9,10,3
d023384934f11de9,11,3
d023384934f11de9,12,2
"55bb74eeb004bfcd",1,2
"55bb74eeb004bfcd",2,2
"55bb74eeb004bfcd",3,2
"55bb74eeb004bfcd",4,2
"55bb74eeb004bfcd",5,3
"55bb74eeb004bfcd",6,3
"55bb74eeb004bfcd",7,3
"55bb74eeb004bfcd",8,3
"55bb74eeb004bfcd",9,2
"55bb74eeb004bfcd",10,2
"55bb74eeb004bfcd",11,2
"55bb74eeb004bfcd",12,3
e9bbf2ce87ebb9e5,1,2
e9bbf2ce87ebb9e5,2,2
e9bbf2ce87ebb9e5,3,3
e9bbf2ce87ebb9e5,4,2
e9bbf2ce87ebb9e5,5,2
e9bbf2ce87ebb9e5,6,2
"616a486dd559b3ab",1,3
"616a486dd559b3ab",2,2
"616a486dd559b3ab",3,2
"616a486dd559b3ab",4,2
"616a486dd559b3ab",5,2
"616a486dd559b3ab",6,2
"616a486dd559b3ab",7,2
"616a486dd559b3ab",8,2
"616a486dd559b3ab",9,3
"616a486dd559b3ab",10,2
"616a486dd559b3ab",11,2
"5e04d12b8d884d33",1,2
"5e04d12b8d884d33",2,2
"2f0d782c4c89b6aa",1,2
"2f0d782c4c89b6aa",2,3
"2f0d782c4c89b6aa",3,3
"2f0d782c4c89b6aa",4,3
"2f0d782c4c89b6aa",5,3
"2f0d782c4c89b6aa",6,3
"2f0d782c4c89b6aa",7,2
"2f0d782c4c89b6aa",8,3
"2f0d782c4c89b6aa",9,3
"2f0d782c4c89b6aa",10,2
"2f0d782c4c89b6aa",11,2
"2f0d782c4c89b6aa",12,3
"8ba463dcb9448fb7",1,2
"8ba463dcb9448fb7",2,2
"8ba463dcb9448fb7",3,2
"8ba463dcb9448fb7",4,2
"8ba463dcb9448fb7",5,2
"8ba463dcb9448fb7",6,2
"8ba463dcb9448fb7",7,2
"8ba463dcb9448fb7",8,2
"8ba463dcb9448fb7",9,2
"8ba463dcb9448fb7",10,2
"44bbd5e76428761",1,2
"44bbd5e76428761",2,2
"44bbd5e76428761",3,2
"44bbd5e76428761",4,2
"44bbd5e76428761",5,3
"44bbd5e76428761",6,2
"44bbd5e76428761",7,3
"44bbd5e76428761",8,3
"44bbd5e76428761",9,3
"44bbd5e76428761",10,2
"44bbd5e76428761",11,2
"44bbd5e76428761",12,3
aefbb00921cba058,1,3
aefbb00921cba058,2,2
aefbb00921cba058,3,2
aefbb00921cba058,4,2
aefbb00921cba058,5,2
aefbb00921cba058,6,3
aefbb00921cba058,7,3
aefbb00921cba058,8,3
aefbb00921cba058,9,3
aefbb00921cba058,10,2
aefbb00921cba058,11,3
aefbb00921cba058,12,3
d580b4141bd005e6,1,2
d580b4141bd005e6,2,2
d580b4141bd005e6,3,2
d580b4141bd005e6,4,3
d580b4141bd005e6,5,3
d580b4141bd005e6,6,3
d580b4141bd005e6,7,3
d580b4141bd005e6,8,3
d580b4141bd005e6,9,2
d580b4141bd005e6,10,2
d580b4141bd005e6,11,2
d580b4141bd005e6,12,3
"2a4000e42a26bb5c",1,3
"2a4000e42a26bb5c",2,3
"2a4000e42a26bb5c",3,3
"2a4000e42a26bb5c",4,2
"2a4000e42a26bb5c",5,2
"2a4000e42a26bb5c",6,2
"2a4000e42a26bb5c",7,2
"2a4000e42a26bb5c",8,3
"2a4000e42a26bb5c",9,2
"2a4000e42a26bb5c",10,2
"2a4000e42a26bb5c",11,3
"2a4000e42a26bb5c",12,2
"7a90d0854306e8b9",1,3
"7a90d0854306e8b9",2,2
"7a90d0854306e8b9",3,3
"7a90d0854306e8b9",4,3
"7a90d0854306e8b9",5,3
"7a90d0854306e8b9",6,3
"7a90d0854306e8b9",7,3
"7a90d0854306e8b9",8,2
"7a90d0854306e8b9",9,3
"7a90d0854306e8b9",10,2
"7a90d0854306e8b9",11,2
"7a90d0854306e8b9",12,3
"1ecc6fdb1ad6756c",1,3
"1ecc6fdb1ad6756c",2,2
"1ecc6fdb1ad6756c",3,2
"1ecc6fdb1ad6756c",4,2
"1ecc6fdb1ad6756c",5,2
"1ecc6fdb1ad6756c",6,2
"1ecc6fdb1ad6756c",7,2
"1ecc6fdb1ad6756c",8,2
"1ecc6fdb1ad6756c",9,2
"1ecc6fdb1ad6756c",10,2
"1ecc6fdb1ad6756c",11,2
"1ecc6fdb1ad6756c",12,2
"826ad4f39da55f0",1,3
"826ad4f39da55f0",2,3
"826ad4f39da55f0",3,3
"826ad4f39da55f0",4,2
"826ad4f39da55f0",5,3
"826ad4f39da55f0",6,3
"826ad4f39da55f0",7,3
"826ad4f39da55f0",8,3
"826ad4f39da55f0",9,3
"826ad4f39da55f0",10,3
"826ad4f39da55f0",11,3
"826ad4f39da55f0",12,3
"6aca9ea7f4956b5c",1,2
"6aca9ea7f4956b5c",2,2
"6aca9ea7f4956b5c",3,2
"6aca9ea7f4956b5c",4,3
"6aca9ea7f4956b5c",5,3
"6aca9ea7f4956b5c",6,3
"6aca9ea7f4956b5c",7,2
"6aca9ea7f4956b5c",8,2
"6aca9ea7f4956b5c",9,3
"6aca9ea7f4956b5c",10,3
"6aca9ea7f4956b5c",11,3
"6aca9ea7f4956b5c",12,3
"3e4cf0c48bb4395b",1,3
"3e4cf0c48bb4395b",2,3
"3e4cf0c48bb4395b",3,3
"3e4cf0c48bb4395b",4,3
"3e4cf0c48bb4395b",5,3
"3e4cf0c48bb4395b",6,3
"3e4cf0c48bb4395b",7,3
"3e4cf0c48bb4395b",8,3
"3e4cf0c48bb4395b",9,3
"3e4cf0c48bb4395b",10,3
"3e4cf0c48bb4395b",11,3
"3e4cf0c48bb4395b",12,3
"429989c4d318ba58",1,3
"429989c4d318ba58",2,3
"429989c4d318ba58",3,3
"429989c4d318ba58",4,3
"429989c4d318ba58",5,3
"429989c4d318ba58",6,2
"429989c4d318ba58",7,2
"429989c4d318ba58",8,2
"429989c4d318ba58",9,2
"429989c4d318ba58",10,3
"429989c4d318ba58",11,3
"429989c4d318ba58",12,3
"14b70b5c45febf48",1,3
"14b70b5c45febf48",2,3
"14b70b5c45febf48",3,2
"14b70b5c45febf48",4,2
"14b70b5c45febf48",5,2
"14b70b5c45febf48",6,2
"14b70b5c45febf48",7,2
"14b70b5c45febf48",8,2
"14b70b5c45febf48",9,3
"14b70b5c45febf48",10,2
"14b70b5c45febf48",11,2
"14b70b5c45febf48",12,2
e8f474c3c333dd85,1,2
e8f474c3c333dd85,2,2
e8f474c3c333dd85,3,2
e8f474c3c333dd85,4,3
e8f474c3c333dd85,5,3
e8f474c3c333dd85,6,3
e8f474c3c333dd85,7,3
e8f474c3c333dd85,8,3
e8f474c3c333dd85,9,2
e8f474c3c333dd85,10,2
e8f474c3c333dd85,11,2
e8f474c3c333dd85,12,3
"91b389a446a4dbd",1,2
"91b389a446a4dbd",2,2
"91b389a446a4dbd",3,2
"91b389a446a4dbd",4,2
"91b389a446a4dbd",5,2
"91b389a446a4dbd",6,2
"91b389a446a4dbd",7,2
"91b389a446a4dbd",8,2
"91b389a446a4dbd",9,2
"91b389a446a4dbd",10,2
"91b389a446a4dbd",11,3
"91b389a446a4dbd",12,2
"37a84f08a2399ebc",1,3
"37a84f08a2399ebc",2,3
"37a84f08a2399ebc",3,3
"37a84f08a2399ebc",4,3
"37a84f08a2399ebc",5,3
"37a84f08a2399ebc",6,2
"37a84f08a2399ebc",7,3
"37a84f08a2399ebc",8,3
"37a84f08a2399ebc",9,3
"37a84f08a2399ebc",10,2
"37a84f08a2399ebc",11,3
"37a84f08a2399ebc",12,2
"7074e878a9d9d9d2",1,3
"7074e878a9d9d9d2",2,3
"7074e878a9d9d9d2",3,3
"7074e878a9d9d9d2",4,3
"7074e878a9d9d9d2",5,3
"7074e878a9d9d9d2",6,3
"7074e878a9d9d9d2",7,3
"7074e878a9d9d9d2",8,3
"7074e878a9d9d9d2",9,3
"7074e878a9d9d9d2",10,3
"7074e878a9d9d9d2",11,3
"7074e878a9d9d9d2",12,2
a1d78f7cde4e833b,1,3
a1d78f7cde4e833b,2,3
a1d78f7cde4e833b,3,3
a1d78f7cde4e833b,4,2
a1d78f7cde4e833b,5,2
a1d78f7cde4e833b,6,2
a1d78f7cde4e833b,7,2
a1d78f7cde4e833b,8,2
a1d78f7cde4e833b,9,2
a1d78f7cde4e833b,10,2
a1d78f7cde4e833b,11,3
a1d78f7cde4e833b,12,2
c9b9157b5c59f89a,1,3
c9b9157b5c59f89a,2,3
c9b9157b5c59f89a,3,3
dc37112aceedfa21,1,3
dc37112aceedfa21,2,3
dc37112aceedfa21,3,3
dc37112aceedfa21,4,3
dc37112aceedfa21,5,3
fbfd61a8bfb2556,1,3
fbfd61a8bfb2556,2,2
fbfd61a8bfb2556,3,2
fbfd61a8bfb2556,4,2
fbfd61a8bfb2556,5,2
fbfd61a8bfb2556,6,3
fbfd61a8bfb2556,7,2
fbfd61a8bfb2556,8,3
fbfd61a8bfb2556,9,2
fbfd61a8bfb2556,10,3
fbfd61a8bfb2556,11,3
fbfd61a8bfb2556,12,2
c3f44fe1eab22c53,1,3
"87ce682ad0c8870c",1,2
"87ce682ad0c8870c",2,2
"87ce682ad0c8870c",3,3
"87ce682ad0c8870c",4,2
"87ce682ad0c8870c",5,2
"87ce682ad0c8870c",6,2
"87ce682ad0c8870c",7,2
"87ce682ad0c8870c",8,3
"87ce682ad0c8870c",9,2
"87ce682ad0c8870c",10,2
f7c9277945f487de,1,3
f7c9277945f487de,2,3
f7c9277945f487de,3,3
f7c9277945f487de,4,2
f7c9277945f487de,5,3
f7c9277945f487de,6,3
f7c9277945f487de,7,3
f7c9277945f487de,8,3
f7c9277945f487de,9,3
f7c9277945f487de,10,3
f7c9277945f487de,11,2
f7c9277945f487de,12,3
e84bb6eb99f991ea,1,2
e84bb6eb99f991ea,2,3
e84bb6eb99f991ea,3,3
e84bb6eb99f991ea,4,3
e84bb6eb99f991ea,5,3
e84bb6eb99f991ea,6,3
e84bb6eb99f991ea,7,3
e84bb6eb99f991ea,8,3
e84bb6eb99f991ea,9,3
e84bb6eb99f991ea,10,3
e84bb6eb99f991ea,11,3
e84bb6eb99f991ea,12,3
"5628916f864f3096",1,3
"5628916f864f3096",2,3
"5628916f864f3096",3,2
"5628916f864f3096",4,3
"5628916f864f3096",5,3
"5628916f864f3096",6,3
"5628916f864f3096",7,3
"5628916f864f3096",8,2
"5628916f864f3096",9,2
"5628916f864f3096",10,2
"5628916f864f3096",11,3
"5628916f864f3096",12,2
"2b156f6b9eaefa9f",3,2
"2b156f6b9eaefa9f",4,2
"2b156f6b9eaefa9f",5,2
"2b156f6b9eaefa9f",6,2
"2b156f6b9eaefa9f",7,3
"2b156f6b9eaefa9f",8,2
"2b156f6b9eaefa9f",9,2
"2b156f6b9eaefa9f",10,2
"2b156f6b9eaefa9f",11,2
"2b156f6b9eaefa9f",12,3
"810ebc215df37e73",1,2
"810ebc215df37e73",2,2
"810ebc215df37e73",3,2
"810ebc215df37e73",4,2
"810ebc215df37e73",5,2
"810ebc215df37e73",6,2
"810ebc215df37e73",7,3
"810ebc215df37e73",8,3
"810ebc215df37e73",9,2
"810ebc215df37e73",10,2
"810ebc215df37e73",11,2
"810ebc215df37e73",12,3
"6001a40aad334cc",1,3
"6001a40aad334cc",2,3
"6001a40aad334cc",3,2
"6001a40aad334cc",4,2
"6001a40aad334cc",5,2
"6001a40aad334cc",6,2
"6001a40aad334cc",7,2
"6001a40aad334cc",8,2
"6001a40aad334cc",9,3
"6001a40aad334cc",10,2
"6001a40aad334cc",11,2
"6001a40aad334cc",12,3
cb0cc59f3947d2f8,1,3
cb0cc59f3947d2f8,2,3
cb0cc59f3947d2f8,3,2
cb0cc59f3947d2f8,4,2
cb0cc59f3947d2f8,5,2
cb0cc59f3947d2f8,6,3
cb0cc59f3947d2f8,7,3
cb0cc59f3947d2f8,8,3
cb0cc59f3947d2f8,9,3
cb0cc59f3947d2f8,10,3
cb0cc59f3947d2f8,11,3
cb0cc59f3947d2f8,12,2
"61c59eecc0f9f095",1,3
"61c59eecc0f9f095",2,2
"61c59eecc0f9f095",3,3
"61c59eecc0f9f095",4,2
"61c59eecc0f9f095",5,2
"61c59eecc0f9f095",6,3
"61c59eecc0f9f095",7,3
"61c59eecc0f9f095",8,3
"61c59eecc0f9f095",9,2
"61c59eecc0f9f095",10,2
"61c59eecc0f9f095",11,3
"61c59eecc0f9f095",12,3
ee9898773ef07a6a,1,3
ee9898773ef07a6a,2,2
ee9898773ef07a6a,3,2
ee9898773ef07a6a,4,2
ee9898773ef07a6a,5,3
ee9898773ef07a6a,6,2
ee9898773ef07a6a,7,2
ee9898773ef07a6a,8,2
"5c24f4bc1eb6dbef",1,3
"5c24f4bc1eb6dbef",2,3
"5c24f4bc1eb6dbef",3,2
"5c24f4bc1eb6dbef",4,2
"5c24f4bc1eb6dbef",5,2
"5c24f4bc1eb6dbef",6,2
"5c24f4bc1eb6dbef",7,2
"5c24f4bc1eb6dbef",8,3
"5c24f4bc1eb6dbef",9,3
"5c24f4bc1eb6dbef",10,3
"5c24f4bc1eb6dbef",11,2
"5c24f4bc1eb6dbef",12,3
"43f512ea70b4ce7a",1,3
"43f512ea70b4ce7a",2,3
"43f512ea70b4ce7a",3,3
"43f512ea70b4ce7a",4,3
"43f512ea70b4ce7a",5,3
"43f512ea70b4ce7a",6,2
"43f512ea70b4ce7a",7,2
"43f512ea70b4ce7a",8,2
"43f512ea70b4ce7a",9,3
"43f512ea70b4ce7a",10,2
"43f512ea70b4ce7a",11,2
"43f512ea70b4ce7a",12,3
"8dc0a562688b2e7a",1,3
"8dc0a562688b2e7a",2,2
"8dc0a562688b2e7a",3,2
"8dc0a562688b2e7a",4,2
"8dc0a562688b2e7a",5,3
"8dc0a562688b2e7a",6,3
"8dc0a562688b2e7a",7,2
"8dc0a562688b2e7a",8,3
"8dc0a562688b2e7a",9,2
"8dc0a562688b2e7a",10,2
"8dc0a562688b2e7a",11,2
"8dc0a562688b2e7a",12,3
"527e8f5956881611",1,2
"527e8f5956881611",2,2
"527e8f5956881611",3,2
"527e8f5956881611",4,3
"527e8f5956881611",5,3
"527e8f5956881611",6,3
"527e8f5956881611",7,3
"527e8f5956881611",8,2
"527e8f5956881611",9,2
"527e8f5956881611",10,3
"527e8f5956881611",11,2
"527e8f5956881611",12,3
"81c42a2ea887ddf8",1,2
"81c42a2ea887ddf8",2,3
"81c42a2ea887ddf8",3,2
"81c42a2ea887ddf8",4,3
"81c42a2ea887ddf8",5,2
"81c42a2ea887ddf8",6,2
"81c42a2ea887ddf8",7,2
"81c42a2ea887ddf8",8,2
"81c42a2ea887ddf8",9,2
"81c42a2ea887ddf8",10,2
"81c42a2ea887ddf8",11,3
"81c42a2ea887ddf8",12,2
"9633b2940e86c1a8",1,2
"9633b2940e86c1a8",2,2
"9633b2940e86c1a8",3,2
"9633b2940e86c1a8",4,2
"9633b2940e86c1a8",5,2
"9633b2940e86c1a8",6,3
"9633b2940e86c1a8",7,2
"9633b2940e86c1a8",8,2
"9633b2940e86c1a8",9,2
"9633b2940e86c1a8",10,2
"9633b2940e86c1a8",11,3
"9633b2940e86c1a8",12,2
"54fd1f5e1a2b5bed",1,3
"54fd1f5e1a2b5bed",2,3
"54fd1f5e1a2b5bed",3,3
"54fd1f5e1a2b5bed",4,3
"54fd1f5e1a2b5bed",5,3
"54fd1f5e1a2b5bed",6,3
"54fd1f5e1a2b5bed",7,3
"54fd1f5e1a2b5bed",8,3
"54fd1f5e1a2b5bed",9,3
"54fd1f5e1a2b5bed",10,3
"54fd1f5e1a2b5bed",11,3
"54fd1f5e1a2b5bed",12,3
aae5c8235df84555,1,2
aae5c8235df84555,2,2
aae5c8235df84555,3,2
aae5c8235df84555,4,2
aae5c8235df84555,5,2
aae5c8235df84555,6,3
aae5c8235df84555,7,2
aae5c8235df84555,8,2
aae5c8235df84555,9,3
aae5c8235df84555,10,2
aae5c8235df84555,11,2
aae5c8235df84555,12,3
"2c50b73b764f1dfe",1,3
"2c50b73b764f1dfe",2,3
"2c50b73b764f1dfe",3,2
"2c50b73b764f1dfe",4,2
"2c50b73b764f1dfe",5,2
"2c50b73b764f1dfe",6,2
"2c50b73b764f1dfe",7,2
"2c50b73b764f1dfe",8,2
"2c50b73b764f1dfe",9,2
"2c50b73b764f1dfe",10,3
"2c50b73b764f1dfe",11,3
"2c50b73b764f1dfe",12,2
d7fdcb079df7beb6,1,2
d7fdcb079df7beb6,2,3
d7fdcb079df7beb6,3,2
d7fdcb079df7beb6,4,2
d7fdcb079df7beb6,5,2
d7fdcb079df7beb6,6,3
d7fdcb079df7beb6,7,2
d7fdcb079df7beb6,8,2
d7fdcb079df7beb6,9,2
d7fdcb079df7beb6,10,2
d7fdcb079df7beb6,11,2
d7fdcb079df7beb6,12,2
"41cf74bf5a9da5f3",1,3
"41cf74bf5a9da5f3",2,3
"41cf74bf5a9da5f3",3,2
"41cf74bf5a9da5f3",4,3
"41cf74bf5a9da5f3",5,3
"41cf74bf5a9da5f3",6,3
"41cf74bf5a9da5f3",7,2
"41cf74bf5a9da5f3",8,2
"41cf74bf5a9da5f3",9,2
"41cf74bf5a9da5f3",10,2
"41cf74bf5a9da5f3",11,2
"41cf74bf5a9da5f3",12,2
"305ce9e799abb7e2",1,2
"305ce9e799abb7e2",2,2
"305ce9e799abb7e2",3,3
"305ce9e799abb7e2",4,3
"305ce9e799abb7e2",5,3
"305ce9e799abb7e2",6,2
"305ce9e799abb7e2",7,2
"305ce9e799abb7e2",8,3
"305ce9e799abb7e2",9,3
"305ce9e799abb7e2",10,2
"305ce9e799abb7e2",11,3
"305ce9e799abb7e2",12,3
"66c413347ad94050",1,3
"66c413347ad94050",2,3
"66c413347ad94050",3,2
"66c413347ad94050",4,3
"66c413347ad94050",5,2
"66c413347ad94050",6,3
"66c413347ad94050",7,2
"66c413347ad94050",8,3
"66c413347ad94050",9,3
"66c413347ad94050",10,3
"4cd346a29dd96222",1,3
"4cd346a29dd96222",2,3
"4cd346a29dd96222",3,3
"4cd346a29dd96222",4,2
"4cd346a29dd96222",5,2
"4cd346a29dd96222",6,2
"4cd346a29dd96222",7,2
"528422fb7b9b9ea1",1,2
"528422fb7b9b9ea1",2,2
"528422fb7b9b9ea1",3,3
"528422fb7b9b9ea1",4,3
"528422fb7b9b9ea1",5,3
"528422fb7b9b9ea1",6,2
"528422fb7b9b9ea1",7,2
"528422fb7b9b9ea1",8,2
"528422fb7b9b9ea1",9,2
"528422fb7b9b9ea1",10,3
"528422fb7b9b9ea1",11,3
"528422fb7b9b9ea1",12,2
"5a8350ea0e7528ce",1,2
"5a8350ea0e7528ce",2,2
"5a8350ea0e7528ce",3,2
"5a8350ea0e7528ce",4,2
"5a8350ea0e7528ce",5,3
"5a8350ea0e7528ce",6,3
"5a8350ea0e7528ce",7,2
"5a8350ea0e7528ce",8,2
"5a8350ea0e7528ce",9,2
"5a8350ea0e7528ce",10,2
"5a8350ea0e7528ce",11,3
"5a8350ea0e7528ce",12,2
ff002e9b4ba80ab6,1,3
ff002e9b4ba80ab6,2,3
ff002e9b4ba80ab6,3,3
ff002e9b4ba80ab6,4,2
ff002e9b4ba80ab6,5,2
ff002e9b4ba80ab6,6,2
ff002e9b4ba80ab6,7,2
ff002e9b4ba80ab6,8,2
ff002e9b4ba80ab6,9,2
ff002e9b4ba80ab6,10,2
ff002e9b4ba80ab6,11,3
ff002e9b4ba80ab6,12,2
"315c2968095fe213",1,2
"315c2968095fe213",2,2
"315c2968095fe213",3,2
"315c2968095fe213",4,3
"315c2968095fe213",5,2
"315c2968095fe213",6,2
"315c2968095fe213",7,2
"315c2968095fe213",8,2
"315c2968095fe213",9,2
"315c2968095fe213",10,2
"315c2968095fe213",11,2
"315c2968095fe213",12,3
"93f6caa90cb3f862",1,3
"93f6caa90cb3f862",2,3
"93f6caa90cb3f862",3,3
"93f6caa90cb3f862",4,3
"93f6caa90cb3f862",5,2
"93f6caa90cb3f862",6,3
"93f6caa90cb3f862",7,2
"93f6caa90cb3f862",8,2
"93f6caa90cb3f862",9,2
"93f6caa90cb3f862",10,2
"93f6caa90cb3f862",11,3
"93f6caa90cb3f862",12,3
f3a209789b9e1563,1,2
f3a209789b9e1563,2,2
f3a209789b9e1563,3,2
f3a209789b9e1563,4,3
f3a209789b9e1563,5,3
f3a209789b9e1563,6,2
f3a209789b9e1563,7,3
f3a209789b9e1563,8,3
f3a209789b9e1563,9,3
f3a209789b9e1563,10,2
f3a209789b9e1563,11,3
f3a209789b9e1563,12,3
dd1e9d956253db5e,1,3
dd1e9d956253db5e,2,2
dd1e9d956253db5e,3,2
dd1e9d956253db5e,4,2
dd1e9d956253db5e,5,2
dd1e9d956253db5e,6,2
dd1e9d956253db5e,7,2
dd1e9d956253db5e,8,3
dd1e9d956253db5e,9,3
dd1e9d956253db5e,10,2
dd1e9d956253db5e,11,3
dd1e9d956253db5e,12,2
"63489421a548b044",1,3
"63489421a548b044",2,3
"63489421a548b044",3,3
"63489421a548b044",4,3
"63489421a548b044",5,3
"63489421a548b044",6,3
"63489421a548b044",7,3
"63489421a548b044",8,3
"63489421a548b044",9,3
"63489421a548b044",10,3
"63489421a548b044",11,3
"63489421a548b044",12,2
"7608fcdf4c7642d4",1,3
"7608fcdf4c7642d4",2,2
"7608fcdf4c7642d4",3,2
"7608fcdf4c7642d4",4,2
"7608fcdf4c7642d4",5,3
"7608fcdf4c7642d4",6,3
"7608fcdf4c7642d4",7,3
"7608fcdf4c7642d4",8,3
"7608fcdf4c7642d4",9,2
"7608fcdf4c7642d4",10,2
"7608fcdf4c7642d4",11,2
"7608fcdf4c7642d4",12,2
e7a1c6d322024c54,1,3
e7a1c6d322024c54,2,3
e7a1c6d322024c54,3,2
e7a1c6d322024c54,4,3
e7a1c6d322024c54,5,3
e7a1c6d322024c54,6,3
e7a1c6d322024c54,7,3
e7a1c6d322024c54,8,3
e7a1c6d322024c54,9,2
e7a1c6d322024c54,10,2
e7a1c6d322024c54,11,2
e7a1c6d322024c54,12,2
"181bed020ff0545",1,2
"181bed020ff0545",2,2
"181bed020ff0545",3,3
"181bed020ff0545",4,2
"181bed020ff0545",5,2
"181bed020ff0545",6,3
"181bed020ff0545",7,2
"181bed020ff0545",8,2
"181bed020ff0545",9,3
"181bed020ff0545",10,3
"181bed020ff0545",11,3
"181bed020ff0545",12,3
e2171f5401c3287e,1,3
e2171f5401c3287e,2,3
e2171f5401c3287e,3,2
e2171f5401c3287e,4,3
e2171f5401c3287e,5,3
e2171f5401c3287e,6,3
e2171f5401c3287e,7,3
e2171f5401c3287e,8,2
"333d7f4325d9145f",1,2
"333d7f4325d9145f",2,2
"333d7f4325d9145f",3,2
"333d7f4325d9145f",4,2
"333d7f4325d9145f",5,3
"333d7f4325d9145f",6,2
"333d7f4325d9145f",7,3
"333d7f4325d9145f",8,2
"333d7f4325d9145f",9,3
"333d7f4325d9145f",10,3
"333d7f4325d9145f",11,3
"333d7f4325d9145f",12,2
"65500a61e0c496f2",1,2
"65500a61e0c496f2",2,3
"65500a61e0c496f2",3,3
"65500a61e0c496f2",4,3
"65500a61e0c496f2",5,2
"65500a61e0c496f2",6,3
"65500a61e0c496f2",7,2
"65500a61e0c496f2",8,3
"65500a61e0c496f2",9,3
"65500a61e0c496f2",10,3
"65500a61e0c496f2",11,3
"65500a61e0c496f2",12,3
"355557a65edecf7f",1,3
"355557a65edecf7f",2,3
"355557a65edecf7f",3,3
"355557a65edecf7f",4,3
"355557a65edecf7f",5,2
"355557a65edecf7f",6,3
"355557a65edecf7f",7,2
"355557a65edecf7f",8,2
"355557a65edecf7f",9,2
"355557a65edecf7f",10,3
"355557a65edecf7f",11,3
"355557a65edecf7f",12,3
f3f7d892f3ff218,1,3
f3f7d892f3ff218,2,3
f3f7d892f3ff218,3,2
f3f7d892f3ff218,4,3
f3f7d892f3ff218,5,3
f3f7d892f3ff218,6,3
f3f7d892f3ff218,7,3
f3f7d892f3ff218,8,3
f3f7d892f3ff218,9,3
f3f7d892f3ff218,10,3
f3f7d892f3ff218,11,3
f3f7d892f3ff218,12,2
"8138dcf4c13fa8f0",1,2
"8138dcf4c13fa8f0",2,2
"8138dcf4c13fa8f0",3,2
"8138dcf4c13fa8f0",4,3
"8138dcf4c13fa8f0",5,2
"8138dcf4c13fa8f0",6,2
"8138dcf4c13fa8f0",7,2
"8138dcf4c13fa8f0",8,2
"8138dcf4c13fa8f0",9,3
"8138dcf4c13fa8f0",10,2
"8138dcf4c13fa8f0",11,2
"8138dcf4c13fa8f0",12,3
fb12fe4a302e57d9,1,3
fb12fe4a302e57d9,2,3
fb12fe4a302e57d9,3,2
fb12fe4a302e57d9,4,3
fb12fe4a302e57d9,5,2
fb12fe4a302e57d9,6,2
fb12fe4a302e57d9,7,2
fb12fe4a302e57d9,8,2
fb12fe4a302e57d9,9,3
fb12fe4a302e57d9,10,3
fb12fe4a302e57d9,11,2
fb12fe4a302e57d9,12,2
f32782b18168feb2,1,3
f32782b18168feb2,2,2
f32782b18168feb2,3,2
f32782b18168feb2,4,3
f32782b18168feb2,5,3
f32782b18168feb2,6,3
f32782b18168feb2,7,3
f32782b18168feb2,8,3
f32782b18168feb2,9,3
f32782b18168feb2,10,2
f32782b18168feb2,11,3
f32782b18168feb2,12,2
f438fc58aa486c5,1,3
