"id","match_checksum","round_number","tick","frame","message","sender_steam_id","sender_name","sender_is_alive","sender_side"
1,"472ac3e23ebc878b",1,493,563,xave pun,"76561198959824088",bLitz,true,2
2,"472ac3e23ebc878b",1,645,728,hfhf,"76561197991272318",ropz,true,3
3,"472ac3e23ebc878b",1,742,830,hfhf,"76561198838822582",mzinho,true,2
4,"472ac3e23ebc878b",1,827,923,hf,"76561198966340160",Techno4K,true,2
5,"472ac3e23ebc878b",1,955,1059,hfhf,"76561199203563345","910",true,2
6,"472ac3e23ebc878b",1,1269,1391,hfhf,"76561197978835160",flameZ,true,3
7,"472ac3e23ebc878b",13,88490,94557,ghhf,"76561198838822582",mzinho,true,3
8,"472ac3e23ebc878b",13,88600,94676,ghfhf,"76561197978835160",flameZ,true,2
9,"472ac3e23ebc878b",13,88750,94839,ghhf,"76561198966340160",Techno4K,true,3
10,"23c081609773aaf2",1,1553,1673,hfhfhf,"76561198259230534",Muciek,true,2
11,"23c081609773aaf2",1,1766,1898,hfhfhf,"76561198044833408",$$$$$$$$$$$$$$$$,true,3
12,"23c081609773aaf2",1,4538,4811,!t,"76561199037419635",Yoghi,true,2
13,"23c081609773aaf2",4,22551,23767,mouse problem,"76561198180449467",HOLYcs,true,2
14,"23c081609773aaf2",4,27684,29172,r?,"76561198180449467",HOLYcs,true,2
15,"23c081609773aaf2",4,27903,29401,r,"76561198879014050",YASINHOO,true,3
16,"23c081609773aaf2",4,27948,29446,.unpause,"76561198180449467",HOLYcs,true,2
17,"23c081609773aaf2",15,106520,112152,gg,"76561198259230534",Muciek,true,3
18,"23c081609773aaf2",15,106566,112201,gg,"76561198046377195",dumz,false,2
19,"23c081609773aaf2",15,106634,112269,gg,"76561199237946991",St0m4kgod,false,3
20,"568fec5b6649fa4",1,6627,7006,!ct,"76561197991000831",IceBerg,true,3
21,"568fec5b6649fa4",1,8091,8546,hfhfhf!,"76561198102263776",salazar,true,3
22,"568fec5b6649fa4",1,8298,8763,hfhfhf,"76561198067762481",ADDICT-,true,2
23,"568fec5b6649fa4",17,144943,152526,gg,"76561198067762481",ADDICT-,true,3
24,"45959b056841cf0b",1,4438,4709,!ct,"76561198190930470",cabbi,true,2
25,c880448b9d9939bc,1,4988,5344,!ready,"76561198149906662",fleav,true,3
26,c880448b9d9939bc,12,88939,94128,!r,"76561198149906662",fleav,false,3
27,c880448b9d9939bc,12,89064,94243,!readaya,"76561198149906662",fleav,false,3
28,c880448b9d9939bc,12,89150,94337,!ready,"76561198149906662",fleav,false,3
29,c880448b9d9939bc,24,196036,205518,gg,"76561198048917855",Brillo,false,3
30,c880448b9d9939bc,24,196043,205525,gg,"76561198149906662",fleav,false,2
31,c880448b9d9939bc,24,196173,205655,gg,"76561198271046468",yoom,true,3
32,c880448b9d9939bc,24,196179,205661,GG,"76561198888334048",RENDY$KY,false,3
33,fd4642781bb75169,1,5012,5368,!ready,"76561197969438752",ritchiE,true,2
34,fd4642781bb75169,12,101417,106400,!r,"76561198149906662",fleav,false,2
35,fd4642781bb75169,12,101618,106614,!ready,"76561198032071879",n0tice,false,2
36,fd4642781bb75169,17,140548,147743,GG,"76561198048917855",Brillo,true,2
37,fd4642781bb75169,17,140570,147765,gg,"76561199004328083",Wonder,false,2
38,e3542081c758cc39,1,1258,1359,.ready,"76561197962900362",SYDOX,true,2
39,e3542081c758cc39,1,1678,1799,sec,"76561198091819631",Ex1st,false,3
40,e3542081c758cc39,1,3089,3288,!ready,"76561198054929073",SBT,true,3
41,e3542081c758cc39,7,48444,51017,!tac,"76561198054929073",SBT,true,3
42,e3542081c758cc39,8,65982,69470,.tac,"76561197962900362",SYDOX,false,2
43,e3542081c758cc39,12,95402,100448,!ready,"76561198091819631",Ex1st,false,3
44,e3542081c758cc39,12,95529,100584,.r,"76561197962900362",SYDOX,false,2
45,e3542081c758cc39,12,95725,100790,.ready,"76561197962900362",SYDOX,false,2
46,e3542081c758cc39,16,117069,123250,!tac,"76561198054929073",SBT,true,2
47,e3542081c758cc39,18,133771,140826,!tac,"76561198054929073",SBT,true,2
48,e3542081c758cc39,20,150144,158058,.tac,"76561197962900362",SYDOX,true,3
49,e3542081c758cc39,22,171801,180846,.tac,"76561197962900362",SYDOX,true,3
50,"5cb8c0ec2d76bf",2,2460,2631,!stay,"76561198054929073",SBT,true,3
51,"5cb8c0ec2d76bf",2,2987,3185,.ready,"76561197962900362",SYDOX,true,2
52,"5cb8c0ec2d76bf",2,3526,3749,!ready,"76561198091819631",Ex1st,true,3
53,"5cb8c0ec2d76bf",10,45943,48383,.tac,"76561197962900362",SYDOX,true,2
54,"5cb8c0ec2d76bf",14,82585,86961,.ready,"76561197962900362",SYDOX,false,2
55,"5cb8c0ec2d76bf",14,82826,87219,!ready,"76561198091819631",Ex1st,false,3
56,"5cb8c0ec2d76bf",18,107263,112712,gg,"76561199057429019",m0retz,false,3
57,"5cb8c0ec2d76bf",18,107310,112759,gg,"76561198054929073",SBT,true,2
58,"5cb8c0ec2d76bf",18,107323,112772,gg,"76561198806854565",Polo,true,2
59,"5cb8c0ec2d76bf",18,107323,112772,gg,"76561199050039097",blaze,false,3
60,"5cb8c0ec2d76bf",18,107527,112977,gg,"76561198235230328",Sk1tt,true,2
61,"668c692473314dc9",1,3197,3410,.ready,"76561197962900362",SYDOX,true,3
62,"668c692473314dc9",1,3383,3606,!ready,"76561198806854565",Polo,true,2
63,"668c692473314dc9",1,3405,3628,!ready,"76561198091819631",Ex1st,true,2
64,"668c692473314dc9",7,47000,49504,.tac,"76561197962900362",SYDOX,true,3
65,"668c692473314dc9",11,89367,94092,.tac,"76561197962900362",SYDOX,false,3
66,"668c692473314dc9",12,98690,103918,!ready,"76561198806854565",Polo,false,2
67,"668c692473314dc9",12,98793,104027,!ready,"76561198091819631",Ex1st,false,2
68,"668c692473314dc9",12,99920,105215,.ready,"76561197962900362",SYDOX,false,3
69,"668c692473314dc9",16,124001,130331,gg,"76561198806854565",Polo,false,3
70,"668c692473314dc9",16,124017,130347,gg,"76561198054929073",SBT,true,3
71,"668c692473314dc9",16,124026,130356,gg,"76561199057429019",m0retz,false,2
72,"668c692473314dc9",16,124088,130418,gg,"76561199050039097",blaze,false,2
73,"668c692473314dc9",16,124180,130510,gg,"76561198235230328",Sk1tt,true,3
74,edbafc84cda128bd,1,4666,4944,!switch,"76561198212412773",MazeCS,true,2
75,edbafc84cda128bd,2,10182,10749,.tech,"76561198212412773",MazeCS,true,3
76,edbafc84cda128bd,2,10438,11023,volume gate,"76561199439779019",bekker,true,3
77,edbafc84cda128bd,2,12596,13293,r?,"76561198212412773",MazeCS,true,3
78,edbafc84cda128bd,2,12784,13491,y,"76561198164733410",SinKK,true,2
79,edbafc84cda128bd,2,12839,13546,!ready,"76561198019990506",Patti,true,2
80,edbafc84cda128bd,2,12847,13554,!unpause,"76561198212412773",MazeCS,true,3
81,edbafc84cda128bd,6,45741,48157,.tac,"76561198019990506",Patti,true,2
82,edbafc84cda128bd,8,63348,66679,!tac,"76561198019990506",Patti,true,2
83,edbafc84cda128bd,13,114184,120184,.TAC,"76561198212412773",MazeCS,true,2
84,edbafc84cda128bd,21,179985,189404,.tac,"76561198212412773",MazeCS,true,2
85,"4f3a1b10411d51f4",1,4779,5068,ct,"76561197961358863",Lekr0,true,2
86,"4f3a1b10411d51f4",1,4784,5074,.ct,"76561198119388735",draken,true,2
87,"4f3a1b10411d51f4",1,5802,6166,hfhf,"76561198347909753",adeX-,true,2
88,"4f3a1b10411d51f4",1,6004,6378,hfhf,"76561197961358863",Lekr0,true,3
89,"4f3a1b10411d51f4",6,43932,46287,t,"76561198846163106",RQBY,false,2
90,"4f3a1b10411d51f4",6,45840,48293,ns,"76561198028816052",welnic,false,2
91,"4f3a1b10411d51f4",7,46152,48625,tyty,"76561198141811874",HEAP,true,3
92,"4f3a1b10411d51f4",7,51211,53945,#,"76561199092258517",LkShiesty,false,2
93,"4f3a1b10411d51f4",8,55389,58342,.tac,"76561197961358863",Lekr0,true,3
94,"4f3a1b10411d51f4",21,154768,162938,.tac,"76561197961358863",Lekr0,true,2
95,"4f3a1b10411d51f4",21,164607,173289,gg,"76561197961358863",Lekr0,false,2
96,"3d509c234096d43a",1,3011,3202,sup,"76561198044833408",$$$$$$$$$$$$$$$$,true,2
97,"3d509c234096d43a",1,3186,3387,yoooo,"76561198014912532",keenx,true,3
98,"3d509c234096d43a",1,3306,3517,yolo,"76561198067762481",ADDICT-,true,3
99,"3d509c234096d43a",1,3920,4161,!stay,"76561198014912532",keenx,true,3
100,"3d509c234096d43a",1,4259,4520,my brothers from malibu,"76561198044833408",$$$$$$$$$$$$$$$$,true,2
101,"3d509c234096d43a",1,4509,4780,ahahha,"76561198014912532",keenx,true,3
102,"3d509c234096d43a",1,4650,4931,keen,"76561198044833408",$$$$$$$$$$$$$$$$,true,2
103,"3d509c234096d43a",1,4992,5289,my handsome guy,"76561198044833408",$$$$$$$$$$$$$$$$,true,2
104,"3d509c234096d43a",1,5078,5379,.pause,"76561198046377195",dumz,true,2
105,"3d509c234096d43a",1,5171,5476,:*,"76561198014912532",keenx,true,3
106,"3d509c234096d43a",1,6640,7021,hf brothers,"76561198044833408",$$$$$$$$$$$$$$$$,true,2
107,"3d509c234096d43a",1,6946,7347,hfhf,"76561198144493390",shadiy,true,3
108,"3d509c234096d43a",15,90424,95203,GG,"76561198014912532",keenx,true,2
109,"3d509c234096d43a",15,90439,95220,gg,"76561198046377195",dumz,false,3
110,"3d509c234096d43a",15,90514,95298,gg,"76561198067762481",ADDICT-,true,2
111,"3d509c234096d43a",15,90545,95329,gg,"76561199832336022",Dund3r,false,3
112,"2dcf733686e46889",1,8661,9154,hfhfhf,"76561199063238565",magixx,true,2
113,"2dcf733686e46889",1,8740,9234,HF,"76561198252742076",kisserek,true,3
114,"2dcf733686e46889",1,8793,9287,hfhf,"76561198304437116",stressarN,true,3
115,"2dcf733686e46889",1,8943,9447,"67 67 67","76561198252742076",kisserek,true,3
116,"2dcf733686e46889",1,10467,11051,ʕ ᵔᴥᵔ ʔ,"76561198386265483",donk,true,2
117,"2dcf733686e46889",13,122890,129379,hfhfhf,"76561199063238565",magixx,true,3
118,"2dcf733686e46889",13,123010,129509,hfhfhf,"76561198304437116",stressarN,true,2
119,"2dcf733686e46889",13,123062,129561,hf67,"76561198252742076",kisserek,true,2
120,"2dcf733686e46889",13,123235,129744,hfhfhfhf,"76561198350221098",MoDo,true,2
121,"2dcf733686e46889",24,210048,221099,gg,"76561198304437116",stressarN,false,2
122,"2dcf733686e46889",24,210084,221135,gege,"76561198386265483",donk,true,3
123,"3cae720b95a885a8",1,456,522,hfhf,"76561198304437116",stressarN,true,2
124,"3cae720b95a885a8",1,3192,3398,hfhfhf,"76561199063238565",magixx,true,3
125,"3cae720b95a885a8",1,3485,3711,HFHFHHF,"76561198252742076",kisserek,true,2
126,"3cae720b95a885a8",7,55512,58461,ns,"76561198252742076",kisserek,false,2
127,"3cae720b95a885a8",13,118351,124605,hfhfhf,"76561199063238565",magixx,true,2
128,"3cae720b95a885a8",13,118553,124819,hfhf,"76561198304437116",stressarN,true,3
129,"3cae720b95a885a8",18,172560,181652,gege,"76561198386265483",donk,false,2
130,"3cae720b95a885a8",18,172581,181673,gg,"76561198081484775",sh1ro,false,2
131,"3cae720b95a885a8",18,172652,181745,ggwop,"76561198304437116",stressarN,false,3
132,"3cae720b95a885a8",18,172672,181768,gg,"76561198252742076",kisserek,false,3
133,"3cae720b95a885a8",18,172765,181867,gg,"76561198169560297",SHOCK,false,3
134,a5f32090846c4a01,1,118,160,.fixwarmup,"76561199237946991",St0m4kgod,true,3
135,a5f32090846c4a01,1,954,1040,hfhfhf,"76561198259230534",Muciek,true,3
136,a5f32090846c4a01,1,4263,4525,.CT,"76561199037419635",Yoghi,true,3
137,a5f32090846c4a01,7,44188,46536,.tac,"76561198158377244",Zyphon,true,2
138,a5f32090846c4a01,10,74991,78946,!tac,"76561198259230534",Muciek,true,3
139,a5f32090846c4a01,17,137005,144221,gg,"76561198190930470",cabbi,false,3
140,a5f32090846c4a01,17,137186,144412,gg,"76561198259230534",Muciek,false,2
141,a5f32090846c4a01,17,137196,144422,gg,"76561199237946991",St0m4kgod,false,2
142,e2299fe3e7eab280,1,42,84,!ready,"76561198011668639",Boye,true,3
143,e2299fe3e7eab280,1,66,108,!ready,"76561198011668639",Boye,true,3
144,e2299fe3e7eab280,1,90,132,!ready,"76561198011668639",Boye,true,3
145,e2299fe3e7eab280,1,111,153,!ready,"76561198011668639",Boye,true,3
146,e2299fe3e7eab280,1,4541,4813,!ct,"76561198001557762",robiin,true,2
147,e2299fe3e7eab280,1,5810,6165,!unpause,"76561198001557762",robiin,true,3
148,e2299fe3e7eab280,1,6293,6675,hfhf,"76561198014569791",Twinkeey,true,3
149,e2299fe3e7eab280,3,23011,24264,!ready,"76561198126846144",mogv,true,3
150,e2299fe3e7eab280,3,23163,24427,!unpause,"76561198126846144",mogv,true,3
151,e2299fe3e7eab280,12,101850,107227,GH,"76561198011668639",Boye,false,2
152,e2299fe3e7eab280,13,103023,108476,.tac,"76561197991000831",IceBerg,true,3
153,e2299fe3e7eab280,17,134871,141990,ns,"76561198304064574",Leakz,true,3
154,e2299fe3e7eab280,20,169277,178193,GG#,"76561198011668639",Boye,true,3
155,e2299fe3e7eab280,20,169288,178204,gg,"76561199103886088",Nicky Bruhn,false,3
156,e2299fe3e7eab280,20,169321,178240,gg,"76561198014569791",Twinkeey,false,2
157,"30a44e42b240657d",13,86755,91349,tec adm,"76561198359234494",Ltz,true,3
158,"30a44e42b240657d",13,87416,92043,ty,"76561198359234494",Ltz,true,3
159,"30a44e42b240657d",13,88849,93543,broken net problem,"76561198012903465",cLd,true,3
160,"30a44e42b240657d",13,105645,111136,r,"76561198177661881",brokeN,true,3
161,"30a44e42b240657d",13,105655,111148,r,"76561197993759963",rem1x,true,3
162,"30a44e42b240657d",13,105743,111240,r,"76561198087000963",Reix,true,2
163,"30a44e42b240657d",19,165286,173899,gg,"76561198012903465",cLd,false,3
164,"30a44e42b240657d",19,165451,174074,gg,"76561198359234494",Ltz,false,3
165,"30a44e42b240657d",19,165551,174179,gg,"76561198141336852",antonini,false,2
166,"7b0c9960c780b1d3",1,221,277,hfhfhfhf,"76561198012903465",cLd,true,3
167,"7b0c9960c780b1d3",1,933,1021,hfhf,"76561198167081040",nikz,true,2
168,"7b0c9960c780b1d3",1,1937,2081,HhfHFhhFHFHhfHFHhfhfHFHfh,"76561197993759963",rem1x,true,3
169,"7b0c9960c780b1d3",6,49548,52183,!tech,"76561198141336852",antonini,false,2
170,"7b0c9960c780b1d3",7,57056,60068,q q deu guys?,"76561197993759963",rem1x,true,3
171,"7b0c9960c780b1d3",7,70304,73949,!unpause,"76561198087000963",Reix,true,2
172,"7b0c9960c780b1d3",7,70495,74150,r,"76561198087000963",Reix,true,2
173,"7b0c9960c780b1d3",7,71307,75002,!unpause,"76561198857579762",rainny,true,2
174,"7b0c9960c780b1d3",7,71450,75155,!unpause,"76561198177661881",brokeN,true,3
175,"7b0c9960c780b1d3",7,73234,77030,Machado cellphone out of battery,"76561198087000963",Reix,true,2
176,"7b0c9960c780b1d3",7,79067,83166,good?,"76561198134059030",Machado,true,2
177,"7b0c9960c780b1d3",9,109348,115034,eta admin?,"76561197993759963",rem1x,true,3
178,"7b0c9960c780b1d3",9,110754,116512,ty,"76561197993759963",rem1x,true,3
179,"7b0c9960c780b1d3",9,112683,118543,gonna wc till they fix it,"76561197993759963",rem1x,true,3
180,"7b0c9960c780b1d3",9,131366,138207,r,"76561198087000963",Reix,true,2
181,"7b0c9960c780b1d3",9,131736,138596,r,"76561198177661881",brokeN,true,3
182,"7b0c9960c780b1d3",9,131782,138643,!unpause,"76561198087000963",Reix,true,2
183,"7b0c9960c780b1d3",11,150415,158250,cs crash but fixed,"76561198177661881",brokeN,true,3
184,"10a3d1f30f1855c9",1,4435,4709,.ct,"76561199092258517",LkShiesty,true,2
185,"10a3d1f30f1855c9",4,31306,32995,!tac,"76561198019990506",Patti,true,2
186,"10a3d1f30f1855c9",8,64778,68216,!tac,"76561198347909753",adeX-,true,3
187,"10a3d1f30f1855c9",18,143306,150862,wpgg,"76561199092258517",LkShiesty,false,2
188,"10a3d1f30f1855c9",18,143312,150869,gg,"76561198028816052",welnic,false,2
189,"10a3d1f30f1855c9",18,143316,150874,gg,"76561198347909753",adeX-,false,2
190,"10a3d1f30f1855c9",18,143406,150972,GG,"76561197997951486",thamlike,true,3
191,"57a72b6045a04f6f",1,2216,2367,!ready,"76561198251575480",Icarus,true,3
192,"57a72b6045a04f6f",1,3081,3280,.ready,"76561197962900362",SYDOX,false,2
193,"57a72b6045a04f6f",1,3128,3329,sry,"76561197962900362",SYDOX,false,2
194,"57a72b6045a04f6f",5,37822,39838,.tac,"76561197962900362",SYDOX,false,2
195,"57a72b6045a04f6f",9,60850,64071,!tac,"76561198228964552",snapy,true,3
196,"57a72b6045a04f6f",12,99061,104302,!ready,"76561198251575480",Icarus,false,3
197,"57a72b6045a04f6f",12,100436,105748,.READY,"76561197962900362",SYDOX,false,2
198,"57a72b6045a04f6f",19,147936,155738,.tac,"76561197962900362",SYDOX,true,3
199,"57a72b6045a04f6f",23,188716,198431,gg,"76561199057429019",m0retz,false,3
200,"57a72b6045a04f6f",23,188751,198466,gg,"76561199050039097",blaze,false,3
201,"2ab0bdf48a15b7f8",1,1218,1323,!ready,"76561198228964552",snapy,false,2
202,"2ab0bdf48a15b7f8",1,1477,1597,!ready,"76561198228964552",snapy,true,2
203,"2ab0bdf48a15b7f8",1,3068,3273,.ready,"76561197962900362",SYDOX,true,3
204,"2ab0bdf48a15b7f8",7,49100,51712,.tac,"76561197962900362",SYDOX,true,3
205,"2ab0bdf48a15b7f8",12,94251,99248,!ready,"76561198251575480",Icarus,false,2
206,"2ab0bdf48a15b7f8",12,95774,100849,.ready,"76561197962900362",SYDOX,false,3
207,"2ab0bdf48a15b7f8",17,121871,128309,.tac,"76561198047402862",stadodo,true,3
208,"2ab0bdf48a15b7f8",19,143740,151103,gg,"76561199050039097",blaze,false,2
209,"2ab0bdf48a15b7f8",19,143924,151287,gg,"76561198160794709",NOPEEj,false,3
210,"2ab0bdf48a15b7f8",19,144031,151394,gg,"76561199057429019",m0retz,false,2
211,"8b9d8c6cd7136fe",1,137,179,haha,"76561198001557762",robiin,true,3
212,"8b9d8c6cd7136fe",1,1104,1196,har danskarnas rundor ,"76561198014569791",Twinkeey,true,3
213,"8b9d8c6cd7136fe",1,1283,1385,singstar mic å iphone lurar vilken kombo,"76561198001557762",robiin,true,3
214,"8b9d8c6cd7136fe",1,1292,1394,h;r dom b'ttre,"76561198014569791",Twinkeey,true,3
215,"8b9d8c6cd7136fe",1,4071,4324,!ct,"76561198001557762",robiin,true,3
216,"8b9d8c6cd7136fe",1,4310,4573,hf,"76561198044833408",$$$$$$$$$$$$$$$$,true,2
217,"8b9d8c6cd7136fe",15,84875,89374,!tech,"76561198014569791",Twinkeey,false,2
218,"8b9d8c6cd7136fe",16,89952,94712,!unpause,"76561198001557762",robiin,true,2
219,"8b9d8c6cd7136fe",16,90289,95069,hhf,"76561198044833408",$$$$$$$$$$$$$$$$,true,3
220,"8b9d8c6cd7136fe",19,109401,115180,NICE,"76561198126846144",mogv,false,2
221,"8b9d8c6cd7136fe",19,109643,115436,gg,"76561198126846144",mogv,false,2
222,"8b9d8c6cd7136fe",19,109666,115459,gg,"76561199077753791",titulus,true,2
223,"8b9d8c6cd7136fe",19,109691,115484,gg,"76561198046377195",dumz,false,3
224,"8b9d8c6cd7136fe",19,109692,115485,gg,"76561198014569791",Twinkeey,true,2
225,"8b9d8c6cd7136fe",19,109721,115514,gg,"76561198001557762",robiin,true,2
226,"8ebe7370583beaf7",1,224,280,fejtz ready? ,"76561198139620346",zewts1,true,2
227,"8ebe7370583beaf7",1,693,769,alwayz,"76561198055604641",fejtZ,true,3
228,"8ebe7370583beaf7",1,1740,1867,u see,"76561198055604641",fejtZ,true,3
229,"8ebe7370583beaf7",1,1789,1918,ez,"76561198055604641",fejtZ,true,3
230,"8ebe7370583beaf7",1,1909,2042,wtf,"76561198139620346",zewts1,true,2
231,"8ebe7370583beaf7",1,2078,2218,ahaha,"76561198055604641",fejtZ,true,3
542,e7a2e289382096bd,17,131948,138878,gg,"76561198060847355",spinnie,false,2
232,"8ebe7370583beaf7",1,2223,2370,but we are from romania,"76561198139620346",zewts1,true,2
233,"8ebe7370583beaf7",1,5528,5839,!ct,"76561198028290316",-ERSIN,true,2
234,"8ebe7370583beaf7",1,15836,16700,put headset on ,"76561198139620346",zewts1,true,3
235,"8ebe7370583beaf7",1,15891,16755,fejtz,"76561198139620346",zewts1,true,3
236,"8ebe7370583beaf7",1,16186,17070,you hear me,"76561198139620346",zewts1,true,3
237,"8ebe7370583beaf7",1,16571,17475,FSHO,"76561198055604641",fejtZ,true,2
238,"8ebe7370583beaf7",1,43794,46122,"3 mins feels like eternity","76561198139620346",zewts1,true,3
239,"8ebe7370583beaf7",1,44466,46827,usually 2 min is faster no?,"76561197963682761",hs_csgo,true,2
240,"8ebe7370583beaf7",1,44815,47196,ye,"76561198139620346",zewts1,true,3
241,"8ebe7370583beaf7",1,45097,47489,ahaha,"76561198028290316",-ERSIN,true,3
242,"8ebe7370583beaf7",1,52209,54974,lets goo,"76561198139620346",zewts1,true,3
243,"8ebe7370583beaf7",1,52357,55130,vamos,"76561198055604641",fejtZ,true,2
244,"8ebe7370583beaf7",1,52456,55239,hfhf,"76561198055604641",fejtZ,true,2
245,"8ebe7370583beaf7",1,53571,56408,hfhf,"76561198114561749",rain1cs,true,3
246,"8ebe7370583beaf7",1,53756,56602,hf,"76561198139620346",zewts1,true,3
247,"8ebe7370583beaf7",8,102125,107479,coach mic cooked,"76561198876068549",Mizi4#3920,true,2
248,"8ebe7370583beaf7",8,114589,120595,wassup,"76561198114561749",rain1cs,true,3
249,"8ebe7370583beaf7",8,114827,120849,idk,"76561198055604641",fejtZ,true,2
250,"8ebe7370583beaf7",8,115362,121409,Workin,"76561198274417433",Folke-,true,2
251,"8ebe7370583beaf7",8,115561,121619,r,"76561198139620346",zewts1,true,3
252,"8ebe7370583beaf7",8,115641,121708,r,"76561198028290316",-ERSIN,true,3
253,"8ebe7370583beaf7",8,115975,122057,we use 30sec of tac pause,"76561198055604641",fejtZ,true,2
254,"8ebe7370583beaf7",8,119311,125569,r,"76561198055604641",fejtZ,true,2
255,"8ebe7370583beaf7",8,119412,125672,r,"76561198028290316",-ERSIN,true,3
256,"8ebe7370583beaf7",8,119420,125681,rt,"76561198139620346",zewts1,true,3
257,"8ebe7370583beaf7",20,205564,216313,.tac,"76561198028290316",-ERSIN,true,2
258,"8ebe7370583beaf7",22,225084,236848,.tac,"76561198028290316",-ERSIN,true,2
259,"8ebe7370583beaf7",29,282559,297305,ggwp,"76561198139620346",zewts1,false,3
260,"8ebe7370583beaf7",29,282591,297340,ggwp,"76561198114561749",rain1cs,false,3
261,b4afa53cf1a69b90,1,4967,5265,!dance 0,"76561198163665188",-SaVage,true,3
262,b4afa53cf1a69b90,1,5870,6215,!ct,"76561199037419635",Yoghi,true,2
263,b4afa53cf1a69b90,12,101740,107055,gh,"76561198259230534",Muciek,false,3
264,b4afa53cf1a69b90,22,179294,188675,gg,"76561198067762481",ADDICT-,false,3
265,c55d1b52275a924,1,1317,1437,.ready,"76561198356681838",Myggis,true,2
266,c55d1b52275a924,1,5002,5356,!ready,"76561198388875820",chudy,true,3
267,c55d1b52275a924,12,89761,95433,.tac,"76561198356681838",Myggis,true,2
268,c55d1b52275a924,12,98553,104793,!ready,"76561198222656736",oopee,true,2
269,c55d1b52275a924,12,98680,104929,.ready,"76561198242885242",swiz,false,3
270,c55d1b52275a924,12,98799,105050,!ready,"76561198215765908",darchevile,false,3
271,c55d1b52275a924,14,104968,111594,.tech,"76561198356681838",Myggis,true,3
272,c55d1b52275a924,14,109384,116287,!unpause,"76561198222656736",oopee,true,3
273,c55d1b52275a924,14,109429,116339,r,"76561198356681838",Myggis,true,3
274,c55d1b52275a924,14,109578,116493,?,"76561198356681838",Myggis,true,3
275,c55d1b52275a924,14,109710,116635,y,"76561198265986115",Melavi,true,2
276,c55d1b52275a924,14,109870,116807,.unpause,"76561198388875820",chudy,true,2
277,c55d1b52275a924,17,130978,139240,.tac,"76561198215765908",darchevile,true,2
278,c55d1b52275a924,17,134140,142596,y.tgac,"76561198215765908",darchevile,true,2
279,"7a552a402f3cd259",1,4770,5106,!ready,"76561198356681838",Myggis,true,3
280,"7a552a402f3cd259",1,5027,5383,!ready,"76561198388875820",chudy,true,2
281,"7a552a402f3cd259",7,49386,52474,.tac,"76561198356681838",Myggis,true,3
282,"7a552a402f3cd259",9,70301,74703,!tech,"76561198388875820",chudy,false,2
283,"7a552a402f3cd259",10,73768,78386,sry i have to charge mouse 2min,"76561198388875820",chudy,true,2
284,"7a552a402f3cd259",10,73780,78398,.tac,"76561198191247645",𓌹༒︎𓌺 8Juho8,true,3
285,"7a552a402f3cd259",10,76033,80791,!tech,"76561198388875820",chudy,true,2
286,"7a552a402f3cd259",10,76190,80955,!tech,"76561198388875820",chudy,true,2
287,"7a552a402f3cd259",10,76279,81053,.tech,"76561198388875820",chudy,true,2
288,"7a552a402f3cd259",10,76434,81218,.tac,"76561198388875820",chudy,true,2
289,"7a552a402f3cd259",12,95308,101294,.ready,"76561198242885242",swiz,true,2
290,"7a552a402f3cd259",12,95319,101305,!ready,"76561198222656736",oopee,false,3
291,d00a2e6a0b521107,6,36995,38968,.tac,"76561198148986856",maaryy,true,2
292,d00a2e6a0b521107,20,134760,141872,!tech,"76561198111020725",Bukhavez,true,2
293,d00a2e6a0b521107,20,135042,142169,headset died,"76561198111020725",Bukhavez,true,2
294,d00a2e6a0b521107,20,135185,142317,"2 sec","76561198111020725",Bukhavez,true,2
295,d00a2e6a0b521107,20,136562,143767,!unpause,"76561198272908956",Kralle,true,2
296,d00a2e6a0b521107,20,136805,144027,!unpause,"76561198191011338",Nami,true,3
297,d00a2e6a0b521107,30,209398,220429,gg,"76561198249839608",Botman,true,3
298,d00a2e6a0b521107,30,209430,220465,gg,"76561198028522662",markos,false,2
299,d00a2e6a0b521107,30,209461,220500,gg,"76561198111020725",Bukhavez,true,3
300,"387230dbe6161224",1,1508,1630,knife?,"76561198111020725",Bukhavez,true,3
301,"387230dbe6161224",1,1652,1780,yes,"76561198191011338",Nami,true,2
302,"387230dbe6161224",1,1924,2066,tec9+he,"76561198148986856",maaryy,true,2
303,"387230dbe6161224",1,1968,2110,yea,"76561198249839608",Botman,true,3
304,"387230dbe6161224",1,2161,2313,we have money,"76561198111020725",Bukhavez,true,3
305,"387230dbe6161224",1,2350,2512,armor,"76561198063589111",Avou,true,3
306,"387230dbe6161224",1,2614,2793,armor only,"76561198272908956",Kralle,true,3
307,"387230dbe6161224",1,2680,2862,all,"76561198063589111",Avou,true,3
308,"387230dbe6161224",1,4152,4412,!switch,"76561198063589111",Avou,true,3
309,"387230dbe6161224",1,4594,4900,!ready,"76561198272908956",Kralle,true,2
310,"387230dbe6161224",1,4720,5029,!ready,"76561198191011338",Nami,true,3
311,"387230dbe6161224",3,13234,13991,.tac,"76561198148986856",maaryy,true,3
312,"387230dbe6161224",12,83485,87915,!tac,"76561198191011338",Nami,true,3
313,"387230dbe6161224",18,129602,136457,ggg,"76561198028522662",Markoś,true,2
314,"387230dbe6161224",18,129605,136460,gg,"76561198249839608",Botman,false,3
315,"387230dbe6161224",18,129690,136553,gg,"76561198191011338",Nami,true,2
316,b9b3561d5f423246,7,38191,40230,!tech,"76561198063589111",Avou,true,2
317,b9b3561d5f423246,7,38437,40487,dog,"76561198111020725",Bukhavez,true,2
318,b9b3561d5f423246,7,38555,40614,barking,"76561198111020725",Bukhavez,true,2
319,b9b3561d5f423246,7,38900,40974,: ),"76561198169630290",AdrieN,true,3
320,b9b3561d5f423246,7,39381,41481,what breed,"76561198028522662",Markoś,true,3
321,b9b3561d5f423246,7,39848,41970,lil piss one,"76561198272908956",Kralle,true,2
322,b9b3561d5f423246,7,40169,42309,o.O,"76561198028522662",Markoś,true,3
323,b9b3561d5f423246,7,40640,42806,!unpause,"76561198249839608",Botman,true,2
324,b9b3561d5f423246,7,43097,45388,all good,"76561198063589111",Avou,true,2
325,b9b3561d5f423246,7,43099,45390,yea,"76561198249839608",Botman,true,2
326,b9b3561d5f423246,7,43391,45702,"1 wc","76561198028522662",Markoś,true,3
327,b9b3561d5f423246,7,43455,45766,"1 sec","76561198028522662",Markoś,true,3
328,b9b3561d5f423246,7,46084,48536,!unpause,"76561198028522662",Markoś,true,3
329,b9b3561d5f423246,7,46167,48619,hf,"76561198028522662",Markoś,true,3
330,b9b3561d5f423246,7,46343,48805,!ready,"76561198191011338",Nami,true,3
331,b9b3561d5f423246,7,53399,56232,.rethrow,"76561198063589111",Avou,false,2
332,b9b3561d5f423246,28,206432,217293,!tac,"76561198191011338",Nami,true,3
333,b9b3561d5f423246,30,229555,241620,gg,"76561198111020725",Bukhavez,false,2
334,b9b3561d5f423246,30,229560,241625,GG,"76561198028522662",Markoś,false,3
335,ee5f8be378a7deef,7,55871,58833,!tech,"76561198372023214",Magnojez,true,2
336,ee5f8be378a7deef,7,56065,59037,loss ts,"76561198372023214",Magnojez,true,2
337,ee5f8be378a7deef,7,59769,62936,r,"76561198372023214",Magnojez,true,2
338,ee5f8be378a7deef,7,60110,63295,r,"76561198011732823",V$M,true,3
339,ee5f8be378a7deef,7,60237,63424,!unpause,"76561198372023214",Magnojez,true,2
340,ee5f8be378a7deef,13,112714,118666,loss again(,"76561198859428279",d1Ledez,true,3
341,ee5f8be378a7deef,13,124016,130544,!tech,"76561198146207066",Boombl4,true,3
342,ee5f8be378a7deef,13,124482,131036,fixing camera,"76561198146207066",Boombl4,true,3
343,ee5f8be378a7deef,13,127009,133694,r,"76561198372023214",Magnojez,true,3
344,ee5f8be378a7deef,13,127140,133835,R,"76561198015308884",biguzera,true,2
345,ee5f8be378a7deef,13,127159,133854,!ready,"76561198146207066",Boombl4,true,3
346,ee5f8be378a7deef,13,127314,134018,!unpause,"76561198146207066",Boombl4,true,3
347,ee5f8be378a7deef,13,127599,134314,hfhf sry,"76561198372023214",Magnojez,true,3
348,ee5f8be378a7deef,13,127808,134533,np,"76561198015308884",biguzera,true,2
349,ee5f8be378a7deef,18,165966,174690,!tech,"76561198146207066",Boombl4,true,3
350,ee5f8be378a7deef,18,167195,175977,!unpause,"76561198146207066",Boombl4,true,3
351,a07bef37cb31a694,17,145430,153103,gg,"76561198015308884",biguzera,false,3
352,be18716bf830f080,1,6693,7072,!ct,"76561198274417433",Folke-,true,2
353,be18716bf830f080,3,23411,24666,!tech,"76561198367443733",Fewcs,true,3
354,be18716bf830f080,3,23716,24991,lyd,"76561198367443733",Fewcs,true,3
355,be18716bf830f080,3,27606,29082,!unpause,"76561198274417433",Folke-,true,3
356,be18716bf830f080,7,46963,49441,.tac,"76561198212412773",MazeCS,true,2
357,be18716bf830f080,8,62848,66157,.tac,"76561198212412773",MazeCS,false,2
358,be18716bf830f080,10,73491,77347,!tech,"76561198367443733",Fewcs,true,3
359,be18716bf830f080,10,74005,77891,Few mic igen,"76561198274417433",Folke-,true,3
360,be18716bf830f080,10,74336,78238,all right,"76561198058045464",Mol011,true,2
361,be18716bf830f080,12,84980,89432,.tac,"76561198212412773",MazeCS,true,2
362,be18716bf830f080,13,95422,100431,.tac,"76561198212412773",MazeCS,true,3
363,"1787ce744c361d96",1,6031,6246,.ct,"76561198119388735",draken,true,2
364,"1787ce744c361d96",1,6439,6692,hf,"76561198139620346",zewts1,true,2
365,"1787ce744c361d96",1,6480,6738,hfHFhfFFHFHfFFfFhfhfhhFFFFhfhfhfhf,"76561198114561749",rain1cs,true,2
366,"1787ce744c361d96",1,6714,6987,hfhf,"76561197961358863",Lekr0,true,3
367,"1787ce744c361d96",4,27766,29134,.tech,"76561197964249216",Ed1m,true,2
368,"1787ce744c361d96",4,28902,30329,buy menu bug,"76561197964249216",Ed1m,true,2
369,"1787ce744c361d96",4,31425,32979,r?,"76561198114561749",rain1cs,true,2
370,"1787ce744c361d96",4,31664,33234,rt,"76561197961358863",Lekr0,true,3
371,"1787ce744c361d96",4,31791,33362,g,"76561198119388735",draken,true,3
372,"1787ce744c361d96",4,31867,33447,.ready,"76561198028290316",-ERSIN,true,2
373,"1787ce744c361d96",4,31977,33558,.ready,"76561198119388735",draken,true,3
374,"1787ce744c361d96",4,32008,33593,!ready,"76561198028290316",-ERSIN,true,2
375,"1787ce744c361d96",4,32059,33649,.unpause,"76561198119388735",draken,true,3
376,"1787ce744c361d96",7,53150,55842,.tac,"76561197961358863",Lekr0,true,3
377,"1787ce744c361d96",19,144835,152341,mic issue,"76561198114561749",rain1cs,true,3
378,"1787ce744c361d96",20,145686,153231,.tac,"76561198119388735",draken,true,2
379,"1787ce744c361d96",20,146154,153730,tac in tech,"76561198139620346",zewts1,true,3
380,"1787ce744c361d96",20,146213,153789,wtf,"76561198139620346",zewts1,true,3
381,"1787ce744c361d96",20,148161,155837,.tac,"76561198139620346",zewts1,true,3
382,"1787ce744c361d96",22,166593,175232,.tac,"76561197961358863",Lekr0,true,2
383,"1787ce744c361d96",22,166985,175644,ns lekro,"76561198139620346",zewts1,true,3
384,"1787ce744c361d96",22,167115,175784,ty,"76561197961358863",Lekr0,true,2
385,"1787ce744c361d96",22,174604,183664,ggwp,"76561198114561749",rain1cs,true,3
386,"1787ce744c361d96",22,174609,183669,gg,"76561197961358863",Lekr0,false,2
387,b59f58438a50d50a,2,2721,2903,!stay,"76561198324576669",P3R3IIRA,true,3
388,b59f58438a50d50a,2,3290,3501,!ready,"76561198070199303",ragga,true,2
389,b59f58438a50d50a,2,3447,3665,!ready,"76561198427371426",h0t,true,3
390,b59f58438a50d50a,3,5036,5340,hf,"76561198381018139",seabraez,true,3
391,b59f58438a50d50a,3,5185,5494,hfhfh,"76561198324576669",P3R3IIRA,true,3
392,b59f58438a50d50a,3,5630,5967,hfhf],"76561198258044780",ADRON,true,2
393,b59f58438a50d50a,6,22527,23748,?,"76561198427371426",h0t,true,3
394,b59f58438a50d50a,6,23978,25272,pc prob,"76561198070199303",ragga,true,2
395,b59f58438a50d50a,6,25839,27233,!unpause,"76561198161245944",Ciocardau,true,2
396,b59f58438a50d50a,6,26215,27629,!unpause,"76561198427371426",h0t,true,3
397,b59f58438a50d50a,6,33557,35353,!tac,"76561198324576669",P3R3IIRA,false,3
398,b59f58438a50d50a,10,57742,60805,!tech,"76561198451083203",starplajerz,true,2
399,b59f58438a50d50a,10,57956,61029,mouse problem,"76561198451083203",starplajerz,true,2
400,b59f58438a50d50a,10,58025,61103,mouse,"76561198859556525",d1maje,true,2
401,b59f58438a50d50a,10,60572,63785,!unpause,"76561198161245944",Ciocardau,true,2
402,b59f58438a50d50a,10,60790,64013,!UNPAUSE,"76561198427371426",h0t,true,3
403,b59f58438a50d50a,10,71313,75089,!TAC,"76561198324576669",P3R3IIRA,false,3
404,b59f58438a50d50a,14,96131,101218,!ready,"76561198070199303",ragga,true,2
405,b59f58438a50d50a,14,96423,101529,!ready,"76561198324576669",P3R3IIRA,false,3
406,b59f58438a50d50a,16,109053,114591,gg wp,"76561198427371426",h0t,false,2
407,b59f58438a50d50a,16,109152,114690,GG,"76561198161245944",Ciocardau,true,3
408,e5ace43e2b81803c,2,3197,3408,.ct,"76561197961491680",tabseN,true,3
409,e5ace43e2b81803c,2,3306,3517,.ct,"76561198028458803",blameF,true,3
410,e5ace43e2b81803c,2,3436,3657,!stay,"76561198028458803",blameF,true,3
411,e5ace43e2b81803c,2,3643,3874,HF,"76561197961491680",tabseN,true,3
412,e5ace43e2b81803c,2,3761,4002,.r,"76561198190567997",ThozoR,true,2
413,e5ace43e2b81803c,2,3883,4125,!ready,"76561198190567997",ThozoR,true,2
414,e5ace43e2b81803c,3,5126,5438,hfhfhfhfhf,"76561198078771373",JDC,true,3
415,e5ace43e2b81803c,3,5252,5568,hf,"76561198190567997",ThozoR,true,2
416,e5ace43e2b81803c,4,8133,8600,.tech,"76561198352568196",KiMBARREiROS,true,2
417,e5ace43e2b81803c,4,8244,8717,rs,"76561198352568196",KiMBARREiROS,true,2
418,e5ace43e2b81803c,4,8320,8796,ts,"76561198352568196",KiMBARREiROS,true,2
419,e5ace43e2b81803c,4,8905,9412,ts problems,"76561198352568196",KiMBARREiROS,true,2
420,e5ace43e2b81803c,4,9156,9679,npnp,"76561198078771373",JDC,true,3
421,e5ace43e2b81803c,4,10696,11299,.tech,"76561198352568196",KiMBARREiROS,true,2
422,e5ace43e2b81803c,4,11024,11642,.unpause,"76561198352568196",KiMBARREiROS,true,2
423,e5ace43e2b81803c,4,11145,11768,.unpause,"76561198190567997",ThozoR,true,2
424,e5ace43e2b81803c,4,11302,11935,!unpause,"76561198078771373",JDC,true,3
425,e5ace43e2b81803c,4,11375,12009,sr,"76561198190567997",ThozoR,true,2
426,e5ace43e2b81803c,4,11418,12058,hfhfhfhf,"76561198078771373",JDC,true,3
427,e5ace43e2b81803c,4,11461,12104,hf,"76561198190567997",ThozoR,true,2
428,e5ace43e2b81803c,10,55204,58137,.tac,"76561198190567997",ThozoR,false,2
429,e5ace43e2b81803c,14,86911,91521,!R,"76561198190567997",ThozoR,false,2
430,e5ace43e2b81803c,14,87530,92170,!r,"76561198078771373",JDC,true,3
431,e5ace43e2b81803c,14,87617,92262,!ready,"76561198078771373",JDC,true,3
432,e5ace43e2b81803c,14,88209,92887, ! ready,"76561198118196092",faveN,true,3
433,e5ace43e2b81803c,14,88280,92960,!READY,"76561198190567997",ThozoR,false,2
434,e5ace43e2b81803c,18,121138,127317,gg,"76561198370176682",gr1ks,false,2
435,e5ace43e2b81803c,18,121149,127328,gg,"76561197961491680",tabseN,false,2
436,e5ace43e2b81803c,18,121165,127344,gg,"76561198078771373",JDC,false,2
437,a983677928260a67,1,1791,1923,hfhfhf,"76561198259230534",Muciek,true,3
438,a983677928260a67,1,2071,2213,hfhfhfhf,"76561198153651861",nawwkk,true,2
439,a983677928260a67,1,2621,2793,hf.,"76561198014569791",Twinkeey,true,2
440,a983677928260a67,1,3798,4030,!ct,"76561198001557762",robiin,true,2
441,a983677928260a67,1,5092,5413,hf,"76561198014569791",Twinkeey,true,3
442,a983677928260a67,3,16741,17673,headset disconnected,"76561198180449467",HOLYcs,true,2
443,a983677928260a67,3,16787,17721,"1sdec","76561198180449467",HOLYcs,true,2
444,a983677928260a67,3,16789,17723,headset,"76561199237946991",St0m4kgod,true,2
445,a983677928260a67,3,17386,18350,wireless_,"76561198014569791",Twinkeey,true,3
446,a983677928260a67,3,17645,18619,yy,"76561199114024101",hrdina14,true,2
447,a983677928260a67,3,17719,18703,yeah ,"76561199237946991",St0m4kgod,true,2
448,a983677928260a67,3,17880,18870,had same,"76561198014569791",Twinkeey,true,3
449,a983677928260a67,3,18794,19828,r?,"76561198180449467",HOLYcs,true,2
450,a983677928260a67,3,19121,20175,r,"76561198153651861",nawwkk,true,3
451,a983677928260a67,3,19124,20178,r,"76561199077753791",titulus,true,3
452,a983677928260a67,3,19288,20353,redo,"76561198126846144",mogv,true,3
453,a983677928260a67,3,19481,20556,homies,"76561198126846144",mogv,true,3
454,a983677928260a67,4,28853,30420,!,"76561198001557762",robiin,true,3
455,a983677928260a67,4,28993,30563,!tech,"76561198001557762",robiin,true,3
456,a983677928260a67,4,30327,31965,!unpause,"76561198001557762",robiin,true,3
457,a983677928260a67,5,37293,39301,.tac,"76561199037419635",Yoghi,true,2
458,a983677928260a67,12,84105,88558,.TAC,"76561199037419635",Yoghi,true,2
459,a983677928260a67,12,90580,95371,gh,"76561198259230534",Muciek,true,2
460,a983677928260a67,19,131932,138907,nl,"76561199114024101",hrdina14,true,3
461,a983677928260a67,19,131969,138950,nl,"76561199114024101",hrdina14,true,3
462,a983677928260a67,19,132002,138985,nl,"76561199114024101",hrdina14,true,3
463,a983677928260a67,19,132029,139012,nl,"76561199114024101",hrdina14,true,3
464,a983677928260a67,19,132058,139041,nl,"76561199114024101",hrdina14,true,3
465,a983677928260a67,19,132084,139067,nl,"76561199114024101",hrdina14,true,3
466,a983677928260a67,19,132114,139098,nl,"76561199114024101",hrdina14,true,3
467,a983677928260a67,19,132142,139130,nl,"76561199114024101",hrdina14,true,3
468,a983677928260a67,19,132169,139161,l,"76561199114024101",hrdina14,true,3
469,a983677928260a67,19,132190,139183,nl,"76561199237946991",St0m4kgod,true,3
470,a983677928260a67,19,132301,139294,NL,"76561198259230534",Muciek,true,3
471,a983677928260a67,19,132362,139364,NL,"76561198153651861",nawwkk,true,2
472,a983677928260a67,19,132371,139374,headset,"76561199237946991",St0m4kgod,true,3
473,a983677928260a67,19,132636,139649,need restore,"76561198180449467",HOLYcs,true,3
474,a983677928260a67,19,133726,140799,headset keep disconnecting every 15 mins :D,"76561198180449467",HOLYcs,true,3
475,a983677928260a67,19,134093,141185,!admin,"76561198180449467",HOLYcs,true,3
476,a983677928260a67,19,134254,141352,restore,"76561198180449467",HOLYcs,true,3
477,a983677928260a67,19,134660,141782,aaaaadddddmiiiin,"76561199037419635",Yoghi,true,3
478,a983677928260a67,19,135144,142288,ns,"76561199114024101",hrdina14,false,3
479,a983677928260a67,20,135845,143029,.tech,"76561199114024101",hrdina14,true,3
480,a983677928260a67,20,136061,143255,xD,"76561199114024101",hrdina14,true,3
481,a983677928260a67,20,136347,143553,.tech,"76561198126846144",mogv,true,2
482,a983677928260a67,20,136581,143803,.tech,"76561198001557762",robiin,true,2
483,a983677928260a67,20,136675,143899,!adminnnnn,"76561198180449467",HOLYcs,true,3
484,a983677928260a67,20,136697,143921,!pause,"76561198014569791",Twinkeey,true,2
485,a983677928260a67,20,137373,144637,go look irl,"76561198126846144",mogv,true,2
486,a983677928260a67,20,137435,144699,bro,"76561198126846144",mogv,true,2
487,a983677928260a67,20,137731,145013,XD,"76561199114024101",hrdina14,true,3
488,a983677928260a67,20,137786,145070,fr,"76561199114024101",hrdina14,true,3
489,a983677928260a67,20,138303,145615,shout admin kurwa ,"76561198126846144",mogv,true,2
490,a983677928260a67,20,138936,146281,haha,"76561198259230534",Muciek,true,3
491,a983677928260a67,20,139108,146463,pause,"76561198001557762",robiin,true,2
492,a983677928260a67,20,139167,146522,.pause,"76561198126846144",mogv,true,2
493,a983677928260a67,20,139422,146790,we need restore,"76561199114024101",hrdina14,true,3
494,a983677928260a67,20,139579,146954,Nicolai went for admin all good,"76561199237946991",St0m4kgod,true,3
495,a983677928260a67,20,139584,146959,to last rond,"76561199114024101",hrdina14,true,3
496,a983677928260a67,20,139675,147060,go restore 11-7,"76561198153651861",nawwkk,true,2
497,a983677928260a67,20,140252,147665,to last,"76561199114024101",hrdina14,true,3
498,a983677928260a67,20,140310,147723,round,"76561199114024101",hrdina14,true,3
499,a983677928260a67,20,140323,147736,"11-7","76561198180449467",HOLYcs,true,3
500,a983677928260a67,20,140366,147779,"11-7","76561199237946991",St0m4kgod,true,3
501,a983677928260a67,20,140527,147950,r,"76561198014569791",Twinkeey,true,2
502,a983677928260a67,20,141151,148606,gud,"76561198180449467",HOLYcs,true,3
503,a983677928260a67,20,141282,148744,ty ty,"76561199037419635",Yoghi,true,3
504,a983677928260a67,20,141961,149462,herregud,"76561198126846144",mogv,true,2
505,a983677928260a67,20,142146,149657,yea,"76561199077753791",titulus,true,2
506,a983677928260a67,20,142169,149682,yes,"76561198180449467",HOLYcs,true,3
507,a983677928260a67,20,142428,149951,r,"76561198153651861",nawwkk,true,2
508,a983677928260a67,24,180228,189728,gg,"76561198259230534",Muciek,false,3
509,"3a8118441a31dfb4",1,4318,4584,!ct,"76561198190930470",cabbi,true,2
510,"3a8118441a31dfb4",1,6313,6699,NO,"76561198011668639",Boye,true,2
511,"3a8118441a31dfb4",1,8087,8564,no players found,"76561197991000831",IceBerg,true,2
512,"3a8118441a31dfb4",1,10437,11039,not working,"76561197991000831",IceBerg,true,2
513,"3a8118441a31dfb4",1,18160,19169,holder oje med om du kigger op Berg,"76561198190930470",cabbi,true,3
514,"3a8118441a31dfb4",1,18484,19506,lille lus,"76561198190930470",cabbi,true,3
515,"3a8118441a31dfb4",1,18778,19817,m[ gerne se om du hvid,"76561197991000831",IceBerg,true,2
516,"3a8118441a31dfb4",1,18947,19996,vel,"76561197991000831",IceBerg,true,2
517,"3a8118441a31dfb4",1,19044,20093,>D,"76561197991000831",IceBerg,true,2
518,"3a8118441a31dfb4",1,19785,20875,kan ogs[ bare lige lave et kig til h'jre for at tjekke alle jer,"76561198190930470",cabbi,true,3
519,"3a8118441a31dfb4",1,20205,21317,+,"76561198158377244",Zyphon,true,3
520,"3a8118441a31dfb4",1,20468,21598,ja true,"76561197991000831",IceBerg,true,2
521,"3a8118441a31dfb4",1,20745,21885,hvis du vil v;re beskidt,"76561198190930470",cabbi,true,3
522,"3a8118441a31dfb4",1,21137,22297,du altid beskidt,"76561197991000831",IceBerg,true,2
523,"3a8118441a31dfb4",1,21772,22968,"ahhh, det er dig som har v;ret under loop","76561198190930470",cabbi,true,3
524,"3a8118441a31dfb4",1,21849,23049,ikke mig,"76561198190930470",cabbi,true,3
525,"3a8118441a31dfb4",1,22773,24023,jensen,"76561197991000831",IceBerg,true,2
526,"3a8118441a31dfb4",1,23213,24484,havde lige travlt med at lave sjov med dig,"76561198190930470",cabbi,true,3
527,"3a8118441a31dfb4",1,23280,24553,mb,"76561198190930470",cabbi,true,3
528,"3a8118441a31dfb4",1,23573,24864,r,"76561198002942763",acorcs,true,3
529,"3a8118441a31dfb4",12,116099,122229,gh,"76561198011668639",Boye,true,2
530,"3a8118441a31dfb4",19,162582,171156,.tac,"76561198190930470",cabbi,true,2
531,"3a8118441a31dfb4",19,173077,182204,.tac,"76561198190930470",cabbi,false,2
532,"3a8118441a31dfb4",21,185108,194859,.tac,"76561198190930470",cabbi,true,2
533,"3a8118441a31dfb4",21,186118,195927,ns udenfor acor,"76561199103886088",Nicky Bruhn,true,3
534,"3a8118441a31dfb4",21,186974,196823,tyty,"76561198002942763",acorcs,true,2
535,"3a8118441a31dfb4",22,193606,203807,.tac,"76561198190930470",cabbi,true,2
543,"9d312f7c14641658",3,17313,18259,derrubaram a camera do snow,"76561199010372044",Rkzinho,true,3
544,"9d312f7c14641658",3,19749,20818,!tech,"76561198145160088",Lich,true,2
545,"9d312f7c14641658",3,19937,21016,nl,"76561198098407000",xns,true,2
546,"9d312f7c14641658",3,20460,21567,nl,"76561199010372044",Rkzinho,true,3
547,"9d312f7c14641658",3,20774,21901,o monitor do spin tinha desligado,"76561198145160088",Lich,true,2
548,"9d312f7c14641658",3,20776,21903,another,"76561197997138144",lcs,true,3
549,"9d312f7c14641658",3,20863,21990,one,"76561197997138144",lcs,true,3
550,"9d312f7c14641658",3,21227,22373,r,"76561198098407000",xns,true,2
551,a89c662e78f8fec7,1,4247,4505,!ct,"76561198028290316",-ERSIN,true,2
552,a89c662e78f8fec7,1,4894,5195,hfhf,"76561198139620346",zewts1,true,3
553,a89c662e78f8fec7,1,4969,5270,hhfhfHFfFfFfhfhfhHFHffFfFfhfhfhfFfhfhfhf,"76561198114561749",rain1cs,true,3
554,a89c662e78f8fec7,1,5059,5366,hf!w,"76561199439779019",bekker,true,2
555,a89c662e78f8fec7,1,5157,5468,hf,"76561198058045464",Mol011,true,2
556,a89c662e78f8fec7,8,45146,47526,.tac,"76561198212412773",MazeCS,true,2
557,a89c662e78f8fec7,12,82935,87282,.tac,"76561198212412773",MazeCS,true,2
558,a89c662e78f8fec7,16,105617,111157,.tac,"76561198028290316",-ERSIN,true,2
559,a89c662e78f8fec7,17,112655,118563,.tac,"76561198212412773",MazeCS,true,3
560,a89c662e78f8fec7,19,133177,140154,gg,"76561198212412773",MazeCS,true,3
561,a89c662e78f8fec7,19,133196,140173,ggwp,"76561198114561749",rain1cs,false,2
562,a89c662e78f8fec7,19,133219,140196,gg,"76561198139620346",zewts1,false,2
563,"36bf508e95dc5e64",1,232,285,hfhf,"76561198054929073",SBT,true,3
564,"36bf508e95dc5e64",1,2769,2953,!switch,"76561198116280987",Ryujin,true,2
565,"36bf508e95dc5e64",1,3070,3287,!ready,"76561198176456023",Raijin,true,3
566,"36bf508e95dc5e64",1,3227,3454,!ready,"76561198806854565",Polo,true,2
567,"36bf508e95dc5e64",1,4628,4920,hfhf,"76561198245783634",Get_Jeka,true,3
568,"36bf508e95dc5e64",1,4801,5103,hfhf,"76561198231549032",synyx,true,3
569,"36bf508e95dc5e64",1,5454,5786,!tac,"76561198054929073",SBT,true,2
570,"36bf508e95dc5e64",6,35782,37686,!tac,"76561198054929073",SBT,true,2
571,"36bf508e95dc5e64",10,68016,71596,.tech,"76561198116280987",Ryujin,true,3
572,"36bf508e95dc5e64",10,68179,71769,"300 PING","76561198245783634",Get_Jeka,true,3
573,"36bf508e95dc5e64",10,68239,71829,"1 sec","76561198245783634",Get_Jeka,true,3
574,"36bf508e95dc5e64",10,68280,71875,sec ping,"76561198231549032",synyx,true,3
575,"36bf508e95dc5e64",10,69344,72995,.unpause,"76561198245783634",Get_Jeka,true,3
576,"36bf508e95dc5e64",10,69689,73360,!unpause,"76561198806854565",Polo,true,2
577,"36bf508e95dc5e64",10,70572,74282,r,"76561198231549032",synyx,true,3
578,"36bf508e95dc5e64",10,70573,74283,!UNPAUSE,"76561198091819631",Ex1st,true,2
579,"36bf508e95dc5e64",10,70788,74512,r,"76561198054929073",SBT,true,2
580,"36bf508e95dc5e64",10,71245,74992,!unpause,"76561198091819631",Ex1st,true,2
581,"36bf508e95dc5e64",13,98761,103957,.tech,"76561198116280987",Ryujin,true,2
582,"36bf508e95dc5e64",13,99051,104263,Ts,"76561198245783634",Get_Jeka,true,2
583,"36bf508e95dc5e64",13,99112,104324,ts loss,"76561198231549032",synyx,true,2
584,"36bf508e95dc5e64",13,99887,105141,.UNPAUSE,"76561198245783634",Get_Jeka,true,2
585,"36bf508e95dc5e64",13,100005,105268,READy,"76561198245783634",Get_Jeka,true,2
586,"36bf508e95dc5e64",13,100325,105606,!unpause,"76561198091819631",Ex1st,true,3
587,"36bf508e95dc5e64",13,100480,105766,!unpause,"76561198091819631",Ex1st,true,3
588,"36bf508e95dc5e64",19,145343,152957,!tac,"76561198054929073",SBT,true,3
589,"36bf508e95dc5e64",20,166632,175359,gg,"76561198176456023",Raijin,true,2
590,"36bf508e95dc5e64",20,166643,175370,gg,"76561198806854565",Polo,false,3
591,"36bf508e95dc5e64",20,166645,175372,gg,"76561198054929073",SBT,false,3
592,"36bf508e95dc5e64",20,166763,175499,GG,"76561198860030314",DSSj,true,2
593,"36bf508e95dc5e64",20,166770,175507,GG,"76561198245783634",Get_Jeka,true,2
594,"1c05d3f571a5ee83",1,180,230,hfhf,"76561198054929073",SBT,true,2
595,"1c05d3f571a5ee83",1,447,515,hfhf,"76561198231549032",synyx,true,3
596,"1c05d3f571a5ee83",1,484,554,hfhf,"76561198245783634",Get_Jeka,true,3
597,"1c05d3f571a5ee83",17,106045,111648,!tech,"76561198054929073",SBT,true,3
598,"1c05d3f571a5ee83",17,106353,111976,wc,"76561198054929073",SBT,true,3
599,"1c05d3f571a5ee83",17,108552,114287,r?,"76561198054929073",SBT,true,3
600,"1c05d3f571a5ee83",17,108702,114446,!unpause,"76561198091819631",Ex1st,true,3
601,"1c05d3f571a5ee83",17,108774,114523,r,"76561198116280987",Ryujin,true,2
602,"1c05d3f571a5ee83",17,108898,114652,!unpause,"76561198116280987",Ryujin,true,2
603,"1c05d3f571a5ee83",17,108960,114718,.UNPAUSE,"76561198245783634",Get_Jeka,true,2
604,"1c05d3f571a5ee83",24,171037,180044,gg,"76561198054929073",SBT,true,3
605,"9cf2b1cce364afa9",1,82,123,hfhf,"76561198231549032",synyx,true,2
606,"9cf2b1cce364afa9",1,556,620,hfhf,"76561198054929073",SBT,true,3
607,"9cf2b1cce364afa9",1,804,885,HFHF,"76561198245783634",Get_Jeka,true,2
608,"9cf2b1cce364afa9",5,27647,29130,sec ts,"76561198231549032",synyx,true,2
609,"9cf2b1cce364afa9",5,28132,29639,R,"76561198116280987",Ryujin,true,2
610,"9cf2b1cce364afa9",5,28218,29730,R,"76561198806854565",Polo,true,3
611,"9cf2b1cce364afa9",5,28434,29960,!unpause,"76561198806854565",Polo,true,3
612,"9cf2b1cce364afa9",5,28501,30028,!UNPAUSE,"76561198091819631",Ex1st,true,3
613,"9cf2b1cce364afa9",5,28936,30483,!unpause,"76561198116280987",Ryujin,true,2
614,"9cf2b1cce364afa9",15,115740,121844,NS EX1ST,"76561198245783634",Get_Jeka,false,3
615,"9cf2b1cce364afa9",15,115871,121985,ty,"76561198091819631",Ex1st,false,2
616,"9cf2b1cce364afa9",17,136678,143876,gg,"76561198806854565",Polo,false,2
617,"9cf2b1cce364afa9",17,136712,143912,gg,"76561198176456023",Raijin,false,3
618,"9cf2b1cce364afa9",17,136717,143918,gg,"76561198235230328",Sk1tt,false,2
619,"9cf2b1cce364afa9",17,136735,143939,GG,"76561198245783634",Get_Jeka,false,3
620,"9cf2b1cce364afa9",17,136867,144075,gg,"76561198054929073",SBT,false,2
621,"5ef7cf95e5d4a0b7",1,5160,5465,!ct,"76561198879014050",YASINHOO,true,3
622,"5ef7cf95e5d4a0b7",1,6770,7161,hfhfhf!,"76561198102263776",salazar,true,2
623,"5ef7cf95e5d4a0b7",1,6898,7293,hf,"76561198879014050",YASINHOO,true,3
624,"5ef7cf95e5d4a0b7",7,44502,46860,ns ,"76561197991000831",IceBerg,false,2
625,"5ef7cf95e5d4a0b7",17,97917,103086,gg,"76561198011668639",Boye,false,3
626,"5ef7cf95e5d4a0b7",17,98016,103191,ggwp,"76561199103886088",Nicky Bruhn,true,3
627,"5ef7cf95e5d4a0b7",17,98044,103220,gg,"76561198046377195",dumz,false,2
628,"5ef7cf95e5d4a0b7",17,98103,103282,GG,"76561199832336022",Dund3r,false,2
629,ce4178421b6000ff,1,5696,6030,.ct,"76561199092258517",LkShiesty,true,3
630,ce4178421b6000ff,1,6424,6796,hfHFHf,"76561198055604641",fejtZ,true,2
631,ce4178421b6000ff,29,228216,240210,.tech,"76561199092258517",LkShiesty,true,3
632,ce4178421b6000ff,29,228480,240484,headset,"76561199092258517",LkShiesty,true,3
633,ce4178421b6000ff,29,228658,240672,r ?,"76561199092258517",LkShiesty,true,3
634,ce4178421b6000ff,29,228894,240918,r,"76561198274417433",Folke-,true,2
635,ce4178421b6000ff,29,229016,241050,.unpause,"76561199092258517",LkShiesty,true,3
636,ce4178421b6000ff,32,255983,269420,mic,"76561198274417433",Folke-,true,2
637,ce4178421b6000ff,32,256537,270004,!r,"76561198274417433",Folke-,true,2
638,ce4178421b6000ff,32,256750,270227,r,"76561199092258517",LkShiesty,true,3
639,ce4178421b6000ff,32,256952,270440,!unpause,"76561198274417433",Folke-,true,2
640,ce4178421b6000ff,36,289008,304189,gg,"76561198055604641",fejtZ,false,3
641,"755f8554d53a9fbb",4,28205,29706,r,"76561197997951486",thamlike,true,3
642,"755f8554d53a9fbb",4,28301,29809,!unpause,"76561198019990506",Patti,true,3
643,"755f8554d53a9fbb",6,48834,51415,.tac,"76561197961358863",Lekr0,true,2
644,"755f8554d53a9fbb",8,68433,72038,!tac,"76561198251751942",Zanto999,true,3
645,"755f8554d53a9fbb",11,97653,102782,.tac,"76561198019990506",Patti,true,3
646,"755f8554d53a9fbb",12,108694,114404,.tac,"76561197961358863",Lekr0,true,2
647,"755f8554d53a9fbb",14,127145,133835,!tac,"76561198019990506",Patti,true,2
648,"755f8554d53a9fbb",19,167881,176698,.tac,"76561197961358863",Lekr0,true,3
649,"755f8554d53a9fbb",23,202261,212872,.tac,"76561197961358863",Lekr0,true,3
650,"755f8554d53a9fbb",24,223516,235237,gg,"76561197961358863",Lekr0,false,3
651,"8f8c9d172e900f90",1,6278,6644,hf,"76561198360682773",bnox,true,3
652,"8f8c9d172e900f90",1,7448,7874,hf,"76561198200982290",molodoy,true,2
653,"8f8c9d172e900f90",1,7727,8174,HF,"76561198253891911",shield,true,3
654,"8f8c9d172e900f90",22,199991,210485,ggs,"76561197960690195",FalleN,false,3
655,"8f8c9d172e900f90",22,200039,210539,gg,"76561198047198945",kraghen,false,2
656,"8f8c9d172e900f90",22,200107,210611,GG,"76561198360682773",bnox,false,2
657,"5db37f2170255bf8",1,346,399,cau hf,"76561198253891911",shield,true,3
658,"5db37f2170255bf8",1,505,567,hfhf,"76561197960690195",FalleN,true,2
659,"5db37f2170255bf8",1,615,687,hfhf],"76561198360682773",bnox,true,3
660,"5db37f2170255bf8",1,1464,1576,.r,"76561197960690195",FalleN,true,2
661,"5db37f2170255bf8",1,1792,1924,r,"76561197996060155",raalz,true,3
662,"5db37f2170255bf8",1,17955,18937,hfhf,"76561198080449500",cej0t,true,3
663,"5db37f2170255bf8",1,18468,19480,hf,"76561197960690195",FalleN,true,2
664,"5db37f2170255bf8",13,119664,125993,.r,"76561197960690195",FalleN,true,3
665,"5db37f2170255bf8",13,119919,126266,"3 min ye?","76561197996060155",raalz,true,2
666,"5db37f2170255bf8",21,202215,212865,gg,"76561198360682773",bnox,false,2
667,"5db37f2170255bf8",21,202264,212918,gg,"76561197960690195",FalleN,false,3
668,"8b28d6f61a6f4e65",1,3050,3246,!ready,"76561198427371426",h0t,true,2
669,"8b28d6f61a6f4e65",1,3058,3254,.ready,"76561198190567997",ThozoR,true,3
670,"8b28d6f61a6f4e65",12,85383,89908,!READY,"76561198427371426",h0t,false,2
671,"8b28d6f61a6f4e65",12,85497,90032,gh,"76561198427371426",h0t,false,2
672,"8b28d6f61a6f4e65",12,85735,90280,!ready,"76561198190567997",ThozoR,true,3
673,"8b28d6f61a6f4e65",13,88620,93315,.tac,"76561198190567997",ThozoR,true,2
674,"8b28d6f61a6f4e65",21,148489,156316,!TAC,"76561198324576669",P3R3IIRA,true,3
675,"8b28d6f61a6f4e65",23,169524,178236,gege,"76561198979314075",snowiee,false,3
676,"8b28d6f61a6f4e65",23,169649,178361,gg,"76561198134016198",M1KA,true,3
677,"8b28d6f61a6f4e65",23,169706,178418,gg,"76561198190567997",ThozoR,false,2
678,e13101daf8f9056b,1,2939,3130,!ready,"76561198427371426",h0t,true,3
679,e13101daf8f9056b,1,3052,3246,!ready,"76561198190567997",ThozoR,true,2
680,e13101daf8f9056b,1,5212,5524,fhfh,"76561198324576669",P3R3IIRA,true,3
681,e13101daf8f9056b,7,44391,46753,!tac,"76561198324576669",P3R3IIRA,false,3
682,e13101daf8f9056b,10,70089,73795,!tac,"76561198324576669",P3R3IIRA,false,3
683,e13101daf8f9056b,12,84936,89439,!ready,"76561198190567997",ThozoR,false,2
684,e13101daf8f9056b,12,85206,89719,!ready,"76561198324576669",P3R3IIRA,true,3
685,e13101daf8f9056b,18,126202,132862,ns,"76561198427371426",h0t,false,2
686,e13101daf8f9056b,23,157498,165797,!TAC,"76561198324576669",P3R3IIRA,true,2
687,"6eefe38f5c129a16",1,4778,5063,!swap,"76561198019990506",Patti,true,2
688,"6eefe38f5c129a16",1,4802,5090,.switch,"76561197997951486",thamlike,true,2
689,"6eefe38f5c129a16",6,37827,39855,!tac,"76561198019990506",Patti,true,3
690,"6eefe38f5c129a16",10,69968,73682,!tac,"76561198019990506",Patti,true,3
691,"6eefe38f5c129a16",11,80165,84410,!tac,"76561198019990506",Patti,true,3
692,a7d25e8345edc7df,1,4611,4889,.ct,"76561199092258517",LkShiesty,true,2
693,a7d25e8345edc7df,1,5080,5399,hfhFhfFfFhfhfhfHFHFhfhfhfhFFFhfhfhf,"76561198114561749",rain1cs,true,2
694,a7d25e8345edc7df,1,5318,5646,hfhf,"76561198028290316",-ERSIN,true,2
695,a7d25e8345edc7df,1,5442,5780,hff,"76561198846163106",RQBY,true,3
696,a7d25e8345edc7df,1,5444,5782,hf,"76561198347909753",adeX-,true,3
697,a7d25e8345edc7df,1,5522,5860,hf,"76561198028816052",welnic,true,3
698,a7d25e8345edc7df,7,49135,51754,.tac,"76561198028290316",-ERSIN,true,2
699,a7d25e8345edc7df,10,69836,73536,mda,"76561199092258517",LkShiesty,false,3
700,a7d25e8345edc7df,10,70068,73782,"sorry , team chat","76561199092258517",LkShiesty,false,3
701,a7d25e8345edc7df,12,84487,88957,gh,"76561198114561749",rain1cs,true,2
702,a7d25e8345edc7df,18,119650,125973,hjead,"76561198846163106",RQBY,true,2
703,a7d25e8345edc7df,18,119713,126039,phones,"76561198846163106",RQBY,true,2
704,a7d25e8345edc7df,18,121387,127800,.r,"76561199092258517",LkShiesty,true,2
705,a7d25e8345edc7df,18,121407,127820,r?,"76561198846163106",RQBY,true,2
706,a7d25e8345edc7df,18,121495,127918,r,"76561198028290316",-ERSIN,true,3
707,a7d25e8345edc7df,18,121499,127922,r,"76561198114561749",rain1cs,true,3
708,a7d25e8345edc7df,18,121571,127994,r,"76561198139620346",zewts1,true,3
709,a7d25e8345edc7df,18,121774,128207,!tech,"76561198846163106",RQBY,true,2
710,a7d25e8345edc7df,18,121839,128277,.unpause,"76561199092258517",LkShiesty,true,2
711,a7d25e8345edc7df,20,142648,150175,ggs,"76561198028816052",welnic,false,2
712,a7d25e8345edc7df,20,142674,150201,wpgg,"76561199092258517",LkShiesty,false,2
713,a7d25e8345edc7df,20,142675,150202,ggwp,"76561198114561749",rain1cs,true,3
714,a7d25e8345edc7df,20,142687,150214,GG,"76561198347909753",adeX-,false,2
715,a7d25e8345edc7df,20,142744,150273,ggpw,"76561198846163106",RQBY,false,2
716,a7d25e8345edc7df,20,143067,150613,gg,"76561198811581392",RoberttMP,true,3
717,"6df18263276a9b40",1,2528,2702,.dance 0-,"76561198058045464",Mol011,true,3
718,"6df18263276a9b40",1,5078,5382,.ct,"76561198119388735",draken,true,2
719,"6df18263276a9b40",9,68422,72048,.tac,"76561198212412773",MazeCS,true,2
720,"6df18263276a9b40",12,100915,106235,.TAC,"76561198212412773",MazeCS,true,2
721,"6df18263276a9b40",16,128209,134973,.tac,"76561197961358863",Lekr0,true,2
722,"6df18263276a9b40",19,155853,164060,.tac,"76561197961358863",Lekr0,true,2
723,"6df18263276a9b40",19,162302,170851,gg,"76561198212412773",MazeCS,false,3
724,"4c63296d87f275d6",1,7822,8273,!pause,"76561198025578864",PKL,false,2
725,"4c63296d87f275d6",2,9506,10046,ta dando interferencia,"76561198039986599",cold,true,2
726,"4c63296d87f275d6",2,9620,10165,no fone 2p,"76561198039986599",cold,true,2
727,"4c63296d87f275d6",2,10003,10568,ok,"76561198061423730",insani,true,3
728,"4c63296d87f275d6",2,16977,17909,r?,"76561198039986599",cold,true,2
729,"4c63296d87f275d6",2,17058,17990,r,"76561198061423730",insani,true,3
730,"4c63296d87f275d6",2,17075,18008,r,"76561198104626893",LNZ,true,3
731,"4c63296d87f275d6",2,17471,18425,.unpause,"76561198125068631",kl1m,true,3
732,"4c63296d87f275d6",2,19497,20560,.unpause,"76561198039986599",cold,true,2
733,"4c63296d87f275d6",2,19682,20755,hfhf,"76561198039986599",cold,true,2
734,"4c63296d87f275d6",2,19840,20923,hfhf,"76561198855876580",brnz4n,true,3
735,"4c63296d87f275d6",3,31256,32930,teclado pesa,"76561198242601266",detr0it,true,2
736,"4c63296d87f275d6",3,31863,33568,r,"76561198255981498",pesadelo ;),true,2
737,"4c63296d87f275d6",3,31947,33661,.unpause,"76561198039986599",cold,true,2
738,"4c63296d87f275d6",3,32094,33815,!unpause,"76561198104626893",LNZ,true,3
739,"4ceefac6670032b6",1,224,279,ee,"76561198194469042",wizzhehe,true,3
740,"4ceefac6670032b6",1,296,351,glhf,"76561198194469042",wizzhehe,true,3
741,"4ceefac6670032b6",1,370,429,hello,"76561198194469042",wizzhehe,true,3
742,"4ceefac6670032b6",1,571,641,hf,"76561199189100088","7Kick",true,2
743,"4ceefac6670032b6",1,1255,1360,gut lack,"76561198406009188",Kizzzi,true,3
744,"4ceefac6670032b6",4,32414,34145,u see me,"76561198156362373",Fostar,false,2
745,"4ceefac6670032b6",4,32483,34223,in hat?,"76561198156362373",Fostar,false,2
746,"4ceefac6670032b6",5,32644,34391,NO,"76561198406009188",Kizzzi,true,3
747,"4ceefac6670032b6",5,32767,34517,xd,"76561198156362373",Fostar,true,2
748,"4ceefac6670032b6",5,33053,34823,what is this then,"76561198156362373",Fostar,true,2
749,"4ceefac6670032b6",5,33518,35308,why u spraying in hat from heven,"76561198156362373",Fostar,true,2
750,"4ceefac6670032b6",5,33981,35797,lol,"76561198406009188",Kizzzi,true,3
751,"4ceefac6670032b6",5,34140,35961,lol,"76561198156362373",Fostar,true,2
752,"4ceefac6670032b6",11,78126,82245,ns,"76561199189100088","7Kick",false,2
753,"4ceefac6670032b6",17,122952,129408,gg,"76561197980944787",hAdji,false,3
754,"4ceefac6670032b6",17,122995,129454,gg,"76561197982341849",nEMANHA,true,3
755,"4ceefac6670032b6",17,123014,129473,gg,"76561199189100088","7Kick",true,3
756,"4ceefac6670032b6",17,123072,129531,gg,"76561198030119507",m4tthi,false,2
757,"8bc4eee4c905c740",9,60192,63376,elem,"76561197980944787",hAdji,false,3
758,"8bc4eee4c905c740",10,60305,63497,y,"76561197992268482",elem,true,2
759,"8bc4eee4c905c740",10,60327,63519,u dodged flash ramp,"76561197980944787",hAdji,true,3
760,"8bc4eee4c905c740",10,60401,63597,i hear,"76561197992268482",elem,true,2
761,"8bc4eee4c905c740",10,60519,63721,goat,"76561197980944787",hAdji,true,3
762,"8bc4eee4c905c740",10,60870,64092,the helly,"76561197980944787",hAdji,true,3
763,"8bc4eee4c905c740",18,120155,126496,.TAC,"76561197982341849",nEMANHA,false,2
764,"8bc4eee4c905c740",19,123218,129719,.clear,"76561197992268482",elem,true,3
765,"8bc4eee4c905c740",35,248261,261332,gg,"76561199189100088","7Kick",true,2
766,"8bc4eee4c905c740",35,248265,261337,GG,"76561197982341849",nEMANHA,false,2
767,"8bc4eee4c905c740",35,248285,261359,gg,"76561197992268482",elem,false,3
768,"8bc4eee4c905c740",35,248285,261359,gg,"76561198030119507",m4tthi,false,3
769,"8bc4eee4c905c740",35,248343,261417,GG,"76561197980944787",hAdji,true,2
770,"6d7e93763553c4ad",7,44763,47146,!tac,"76561198272032394",deco,true,2
771,"6d7e93763553c4ad",7,47388,49909,!tac,"76561198272032394",deco,true,2
772,"6d7e93763553c4ad",9,65884,69373,!tac,"76561198272032394",deco,true,2
773,"6d7e93763553c4ad",21,165916,174651,gg,"76561199105726612",dott1,false,3
774,"6d7e93763553c4ad",21,165982,174724,GG,"76561198424887725",Lacerda,false,2
803,"5eb526ce6c2105f1",1,3951,4206,!stay,"76561198272032394",deco,true,3
804,"5eb526ce6c2105f1",1,4268,4535,!ready,"76561198910404995",Sakamoto,true,2
805,"5eb526ce6c2105f1",1,7165,7583,"1sec","76561198192191289",atarax1a,true,3
806,"5eb526ce6c2105f1",1,8142,8613,"asking for another phone, sec","76561198272032394",deco,true,3
807,"5eb526ce6c2105f1",1,16454,17364,eta,"76561198426050626",Thuister,true,2
808,"5eb526ce6c2105f1",1,16965,17897,!Ready,"76561198426050626",Thuister,true,2
809,"5eb526ce6c2105f1",1,17011,17950,check adm,"76561198192191289",atarax1a,true,3
810,"5eb526ce6c2105f1",1,17789,18769,!ready !,"76561198272032394",deco,true,3
811,"5eb526ce6c2105f1",1,17873,18853,!ready,"76561198272032394",deco,true,3
812,"5eb526ce6c2105f1",1,19280,20335,hfhfhfhfhf,"76561199105726612",dott1,true,3
813,"5eb526ce6c2105f1",1,19691,20769,HF,"76561198424887725",Lacerda,true,2
814,"5eb526ce6c2105f1",1,19935,21026,gfhfghfdgdf,"76561198375857603",FraGuTy,true,3
815,"5eb526ce6c2105f1",24,172096,181164,gg wp,"76561199105726612",dott1,true,2
816,"5eb526ce6c2105f1",24,172165,181235,gg,"76561198192191289",atarax1a,true,2
817,b61c9a50a50ac1af,1,708,780,hfhfhf,"76561199105726612",dott1,true,2
818,b61c9a50a50ac1af,1,1428,1540,hfhf,"76561198424887725",Lacerda,true,3
819,b61c9a50a50ac1af,5,29360,30933,"lacerda lag, rr cs","76561198426050626",Thuister,true,3
820,b61c9a50a50ac1af,5,29612,31201,np,"76561199105726612",dott1,true,2
821,b61c9a50a50ac1af,5,30402,32031,restore pls,"76561198424887725",Lacerda,true,3
822,b61c9a50a50ac1af,5,31252,32921,r,"76561198426050626",Thuister,true,3
823,b61c9a50a50ac1af,13,99581,104839,lacerda rr pc,"76561198426050626",Thuister,true,2
824,b61c9a50a50ac1af,13,105110,110636,re,"76561198426050626",Thuister,true,2
825,b61c9a50a50ac1af,13,106156,111733,!R,"76561198192191289",atarax1a,true,3
826,b61c9a50a50ac1af,18,157383,165642,gg,"76561199105726612",dott1,false,3
827,b61c9a50a50ac1af,18,157479,165748,gg,"76561198192191289",atarax1a,false,3
828,"958fa9238efe1849",2,3508,3729,!ready,"76561198161245944",Ciocardau,true,3
829,"958fa9238efe1849",9,46381,48842,ns,"76561198258044780",ADRON,false,3
830,"958fa9238efe1849",11,60261,63452,!tac,"76561198451083203",starplajerz,false,3
831,"958fa9238efe1849",14,87034,91644,!ready,"76561198070199303",ragga,false,3
832,"958fa9238efe1849",22,139236,146367,gg,"76561198078771373",JDC,false,3
833,"958fa9238efe1849",22,139363,146494,gg,"76561198451083203",starplajerz,false,2
834,"958fa9238efe1849",22,139414,146545,gg,"76561198258044780",ADRON,false,2
835,"126487747bcfd5c",1,3180,3385,!ready,"76561198070199303",ragga,true,3
836,"126487747bcfd5c",1,4479,4754,hfhfhfhfhfhf,"76561198078771373",JDC,true,2
837,"126487747bcfd5c",1,5144,5449,hfhf,"76561198258044780",ADRON,true,3
838,"126487747bcfd5c",6,48083,50637,!tac,"76561198451083203",starplajerz,false,3
839,"126487747bcfd5c",10,72841,76689,nl,"76561198258044780",ADRON,true,3
840,"126487747bcfd5c",10,72928,76777,nl,"76561198070199303",ragga,true,3
841,"126487747bcfd5c",10,73085,76944,cs crash,"76561198258044780",ADRON,true,3
842,"126487747bcfd5c",10,73253,77122,klk,"76561197961491680",tabseN,true,2
843,"126487747bcfd5c",10,75977,79986,admin ,"76561198078771373",JDC,true,2
844,"126487747bcfd5c",10,76081,80100,restore ,"76561198078771373",JDC,true,2
845,"126487747bcfd5c",10,76163,80182,pls,"76561198078771373",JDC,true,2
846,"126487747bcfd5c",10,76376,80405,restore and r,"76561198070199303",ragga,true,3
847,"126487747bcfd5c",11,85611,90122,!ready,"76561198078771373",JDC,true,2
848,"126487747bcfd5c",11,85736,90254,r,"76561198070199303",ragga,true,3
849,"126487747bcfd5c",11,85828,90352,!unpause,"76561198070199303",ragga,true,3
850,"126487747bcfd5c",13,112812,118768,!ready,"76561198161245944",Ciocardau,false,3
851,"126487747bcfd5c",14,114517,120559,gh hfhfhfhf,"76561198078771373",JDC,true,3
852,"126487747bcfd5c",14,114688,120740,gh,"76561198161245944",Ciocardau,true,2
853,"126487747bcfd5c",20,168704,177583,!tac,"76561198451083203",starplajerz,false,2
854,"126487747bcfd5c",23,197126,207491,!tac,"76561198451083203",starplajerz,false,2
855,"126487747bcfd5c",25,213713,224946,!ready,"76561198070199303",ragga,false,2
856,"126487747bcfd5c",28,241064,253750,!ready,"76561198070199303",ragga,false,2
857,"126487747bcfd5c",31,265193,279142,!ready,"76561198070199303",ragga,false,3
858,"126487747bcfd5c",34,285829,300872,!ready,"76561198070199303",ragga,true,3
859,"126487747bcfd5c",37,314584,330908,ggwp,"76561198078771373",JDC,false,3
860,"126487747bcfd5c",37,314603,330927,ugg,"76561197961491680",tabseN,false,3
861,"126487747bcfd5c",37,314779,331103,GG,"76561198258044780",ADRON,true,2
862,"126487747bcfd5c",37,314806,331130,gg,"76561198161245944",Ciocardau,true,2
863,"15d519902ba3589b",1,3341,3554,!ready,"76561198070199303",ragga,true,2
864,"15d519902ba3589b",12,104647,110185,!ready,"76561198070199303",ragga,false,2
865,"15d519902ba3589b",16,133967,141042,!tac,"76561198451083203",starplajerz,false,3
866,"15d519902ba3589b",23,192322,202223,gg,"76561198451083203",starplajerz,false,3
867,"15d519902ba3589b",23,192337,202238,gg,"76561198370176682",gr1ks,true,2
868,"15d519902ba3589b",23,192354,202255,gg,"76561198078771373",JDC,false,2
869,"15d519902ba3589b",23,192356,202257,g,"76561197961491680",tabseN,false,2
870,"15d519902ba3589b",23,192581,202482,gg,"76561198258044780",ADRON,false,3
871,"170b0765d43fb325",1,227,279,**,"76561198141811874",HEAP,true,3
872,"170b0765d43fb325",1,382,440,hfhf,"76561197961358863",Lekr0,true,3
873,"170b0765d43fb325",1,431,493,hfhf guys,"76561198028290316",-ERSIN,true,2
874,"170b0765d43fb325",1,864,945,hf,"76561198139620346",zewts1,true,2
875,"170b0765d43fb325",1,1187,1287,hfHHfFfFhfhfhFHfhfhFfFFfFfhfhfhfFfhfhfhfhHFhffhffFfhfhf,"76561198114561749",rain1cs,true,2
876,"170b0765d43fb325",1,1882,2013,hffff,"76561197961358863",Lekr0,true,3
877,"170b0765d43fb325",12,85483,89983,gh,"76561198114561749",rain1cs,false,2
878,"170b0765d43fb325",12,85720,90230,gh,"76561197961358863",Lekr0,true,3
879,"170b0765d43fb325",16,112352,118269,ggwp,"76561198114561749",rain1cs,false,3
880,"68706dd3b8edc89f",1,1094,1189,hFhFHfHFHFFfFfhfhfhfFfFFfFfhfhfhfhFfFfhfhfhf,"76561198114561749",rain1cs,true,3
881,"68706dd3b8edc89f",1,1255,1360,hf,"76561198139620346",zewts1,true,3
882,"68706dd3b8edc89f",1,1255,1360,hfhff,"76561197961358863",Lekr0,true,2
883,"68706dd3b8edc89f",8,49535,52163,.tac,"76561197961358863",Lekr0,true,2
884,"68706dd3b8edc89f",14,91760,96610,.tac,"76561198028290316",-ERSIN,true,2
885,"68706dd3b8edc89f",16,106922,112564,gg,"76561198028290316",-ERSIN,false,2
886,"68706dd3b8edc89f",16,106925,112567,gg,"76561198139620346",zewts1,false,2
887,"68706dd3b8edc89f",16,106944,112586,gg,"76561197961358863",Lekr0,true,3
888,"68706dd3b8edc89f",16,107244,112906,GGWP,"76561198114561749",rain1cs,false,2
889,bc264f76fff3cf86,1,815,897,hf!,"76561198126846144",mogv,true,3
890,bc264f76fff3cf86,1,1144,1237,hfhf,"76561198024347602",hazr,true,2
891,bc264f76fff3cf86,1,1156,1251,hfhf,"76561198067762481",ADDICT-,true,2
892,bc264f76fff3cf86,12,99558,104754,ghj,"76561198014912532",keenx,true,2
893,bc264f76fff3cf86,13,106410,111982,ghgh hf!,"76561198163665188",-SaVage,true,3
894,bc264f76fff3cf86,13,106842,112434,.tech,"76561198001557762",robiin,true,2
895,bc264f76fff3cf86,13,107445,113067,!unpause,"76561198001557762",robiin,true,2
896,bc264f76fff3cf86,18,160127,168488,?,"76561198001557762",robiin,false,2
897,bc264f76fff3cf86,19,163383,171910,"tactical timeout vs mix after screaming ur lungs out, baaad looks haha","76561198001557762",robiin,true,2
898,bc264f76fff3cf86,19,164649,173240,sucessful ragebait,"76561198001557762",robiin,true,2
899,bc264f76fff3cf86,19,164947,173558,focus,"76561198163665188",-SaVage,true,3
900,bc264f76fff3cf86,19,164976,173587,"67","76561198001557762",robiin,true,2
901,bc264f76fff3cf86,20,178279,187580,gg,"76561198067762481",ADDICT-,false,3
902,af3138c4f9478cad,1,5825,6166,boink,"76561198126846144",mogv,true,3
903,af3138c4f9478cad,1,6013,6364,ahaha,"76561198014912532",keenx,true,2
904,af3138c4f9478cad,1,6619,7000,!swap,"76561198014912532",keenx,true,2
905,af3138c4f9478cad,1,7650,8098,live?,"76561198153651861",nawwkk,true,2
906,af3138c4f9478cad,5,39769,41893,.tac,"76561198014912532",keenx,true,3
907,af3138c4f9478cad,5,40678,42850,"1/4","76561198001557762",robiin,true,2
908,af3138c4f9478cad,12,102445,107805,gh,"76561198014912532",keenx,true,3
909,af3138c4f9478cad,13,103025,108436,gh,"76561198163665188",-SaVage,true,2
910,af3138c4f9478cad,13,108395,114088,xD,"76561198014569791",Twinkeey,true,3
911,af3138c4f9478cad,21,155948,164119,.tac,"76561198014912532",keenx,true,2
912,af3138c4f9478cad,22,175509,184703,gg,"76561198014569791",Twinkeey,false,3
913,af3138c4f9478cad,22,175678,184882,gg,"76561198014912532",keenx,false,2
914,af3138c4f9478cad,22,175696,184902,GG,"76561198024347602",hazr,false,2
915,af3138c4f9478cad,22,175740,184949,ggwp,"76561198067762481",ADDICT-,false,2
916,af3138c4f9478cad,22,175740,184949,gg,"76561198126846144",mogv,true,3
917,"508a34a389bb6d9b",1,1294,1394,all good mog?,"76561198163665188",-SaVage,true,3
918,"508a34a389bb6d9b",1,1785,1914,all good thanks :D ,"76561198126846144",mogv,true,2
919,"508a34a389bb6d9b",10,62586,65891,!tac,"76561198144493390",shadiy,true,3
920,"508a34a389bb6d9b",10,62589,65895,.TAC,"76561198014912532",keenx,true,3
921,"508a34a389bb6d9b",19,134035,141095,GG,"76561198014912532",keenx,false,2
922,"508a34a389bb6d9b",19,134043,141104,gg,"76561198014569791",Twinkeey,true,3
923,ccaad0683502a557,1,2832,3415,!cT,"76561198104626893",LNZ,true,3
924,ccaad0683502a557,1,2904,3494,gl hfhfhfhf guys,"76561198328958542",nrc666,true,2
925,ccaad0683502a557,1,3137,3736,hfhf,"76561198104626893",LNZ,true,3
926,ccaad0683502a557,1,3147,3746,hfhf,"76561198876068849",desirecs_,true,2
927,ccaad0683502a557,1,3190,3789,hfhfhf,"76561198855876580",brnz4n,true,3
928,ccaad0683502a557,1,3368,3977,hhfhf,"76561198068258286",honorato,true,2
929,ccaad0683502a557,1,3517,4136,hfhf,"76561198285142862",Staalk3,true,2
930,ccaad0683502a557,1,3605,4224,hfhf parceiros,"76561198061423730",insani,true,3
931,ccaad0683502a557,1,4348,5008,hfhfhfhf,"76561198104626893",LNZ,true,3
932,ccaad0683502a557,1,4434,5103,hf tropinha do mal,"76561198218265253",venomzera,true,3
933,ccaad0683502a557,1,4577,5249,fhfhfhf,"76561198104626893",LNZ,true,3
934,ccaad0683502a557,2,8592,9471,vai fazer nosso pistol,"76561198061423730",insani,true,3
935,ccaad0683502a557,2,9111,10020,vai que rola,"76561198876068849",desirecs_,true,2
936,ccaad0683502a557,2,9297,10216,kkkkkkkkkk,"76561198061423730",insani,true,3
937,ccaad0683502a557,2,9328,10247,kkkkk,"76561198876068849",desirecs_,true,2
938,ccaad0683502a557,13,92468,97740,:>,"76561198104626893",LNZ,false,2
939,ccaad0683502a557,14,92750,98039,que susto,"76561198068258286",honorato,true,3
940,ccaad0683502a557,14,92928,98225,KKKKKKKKK,"76561198061423730",insani,true,2
941,ccaad0683502a557,16,117012,123565,gg wp,"76561198047355242",Akira----,false,3
942,ccaad0683502a557,16,117060,123613,gg,"76561198876068849",desirecs_,false,3
943,ccaad0683502a557,16,117070,123623,gg guys,"76561198328958542",nrc666,false,3
944,ccaad0683502a557,16,117102,123659,gg wp,"76561198285142862",Staalk3,false,3
945,ccaad0683502a557,16,117109,123667,gg guys,"76561198061423730",insani,true,2
946,ccaad0683502a557,16,117195,123758,gg,"76561198068258286",honorato,false,3
947,b833a145b9354816,1,2616,3354,!switch,"76561198016806284",ckzao,true,2
948,b833a145b9354816,1,3947,4769,hfhf,"76561198178592795",cerol,true,3
949,b833a145b9354816,2,8366,9458,!Pause,"76561198436609466",fastzinhu,true,3
950,b833a145b9354816,2,8988,10116,fast caiu do ts sepa,"76561198016806284",ckzao,true,3
951,b833a145b9354816,2,9289,10437,n,"76561198436609466",fastzinhu,true,3
952,b833a145b9354816,2,9621,10785,tao n,"76561198016806284",ckzao,true,3
953,b833a145b9354816,2,9636,10801,acabo a bateria do meu fone to pegano o cabo,"76561198436609466",fastzinhu,true,3
954,b833a145b9354816,2,9697,10872,KKKKKKKKKKK,"76561198436609466",fastzinhu,true,3
955,b833a145b9354816,2,10372,11584,r,"76561198436609466",fastzinhu,true,3
956,b833a145b9354816,2,10701,11937,r,"76561198091947107",ninjaZ-,true,2
957,b833a145b9354816,2,11118,12378,perai,"76561198178592795",cerol,true,3
958,b833a145b9354816,2,11553,12839,ck vai pegar o cabo dele tbm,"76561198178592795",cerol,true,3
959,b833a145b9354816,2,11660,12957,o ck foi pega um cabo p carrega o dele tb,"76561198436609466",fastzinhu,true,3
960,b833a145b9354816,2,11727,13024,bl,"76561198091947107",ninjaZ-,true,2
961,b833a145b9354816,2,11803,13110,ngm carreega,"76561198436609466",fastzinhu,true,3
962,b833a145b9354816,2,11903,13212,kkkkkkk,"76561198436609466",fastzinhu,true,3
963,b833a145b9354816,2,17984,19688,!unpause,"76561198436609466",fastzinhu,true,3
964,b833a145b9354816,2,19202,20979,!pause,"76561198201457085",xureba,true,3
965,b833a145b9354816,2,19245,21024,!pause,"76561198436609466",fastzinhu,true,3
966,b833a145b9354816,2,19502,21302,nl,"76561198436609466",fastzinhu,true,3
967,b833a145b9354816,2,19544,21345,nl,"76561198178592795",cerol,true,3
968,b833a145b9354816,2,19600,21401,!restore,"76561198201457085",xureba,true,3
969,b833a145b9354816,2,20028,21857,r,"76561198016806284",ckzao,true,3
970,b833a145b9354816,2,20108,21945,!unpause,"76561198436609466",fastzinhu,true,3
971,b833a145b9354816,2,20131,21968,r,"76561198091947107",ninjaZ-,true,2
972,b833a145b9354816,18,143087,152725,gg,"76561198436609466",fastzinhu,false,2
973,b833a145b9354816,18,143121,152762,gg,"76561198178592795",cerol,false,2
974,b833a145b9354816,18,143135,152776,gg,"76561198091947107",ninjaZ-,false,3
975,b833a145b9354816,18,143201,152842,gg,"76561198130114333",fREQ,false,3
976,b833a145b9354816,18,143212,152853,gg,"76561198839451691",zock,false,3
977,"4f113284d3a60660",1,2728,2911,!ready,"76561198070199303",ragga,true,3
978,"4f113284d3a60660",1,2781,2964,.r,"76561198451083203",starplajerz,true,3
979,"4f113284d3a60660",1,3059,3255,!READY,"76561198324576669",P3R3IIRA,true,2
980,"4f113284d3a60660",10,66935,70473,!tac,"76561198451083203",starplajerz,false,3
981,"4f113284d3a60660",12,86241,90807,!ready,"76561198070199303",ragga,false,3
982,"4f113284d3a60660",12,88999,93713,!ready,"76561198324576669",P3R3IIRA,false,2
983,"4f113284d3a60660",20,139228,146563,!tac,"76561198324576669",P3R3IIRA,true,3
984,"4f113284d3a60660",23,164856,173309,gg,"76561198451083203",starplajerz,false,2
985,b2e61c050ce18062,1,2865,3055,!ready,"76561198451083203",starplajerz,true,2
986,b2e61c050ce18062,1,3085,3285,!ready,"76561198324576669",P3R3IIRA,true,3
987,b2e61c050ce18062,8,58978,62105,!tac,"76561198324576669",P3R3IIRA,false,3
988,b2e61c050ce18062,10,69564,73248,ns,"76561198427371426",h0t,false,3
989,b2e61c050ce18062,12,87804,92462,!ready,"76561198070199303",ragga,false,2
990,b2e61c050ce18062,12,89300,94034,!ready,"76561198070199303",ragga,false,2
991,b2e61c050ce18062,12,89582,94334,!ready,"76561198324576669",P3R3IIRA,true,3
992,b2e61c050ce18062,16,111183,117032,!tech,"76561198451083203",starplajerz,true,3
993,b2e61c050ce18062,16,117169,123334,!unpause,"76561198070199303",ragga,true,3
994,b2e61c050ce18062,16,117221,123391,r,"76561198451083203",starplajerz,true,3
995,b2e61c050ce18062,16,117324,123494,_,"76561198451083203",starplajerz,true,3
996,b2e61c050ce18062,16,117472,123652,!unpause,"76561198427371426",h0t,true,2
997,d17b8c7eeb394f7e,10,82473,86835,QUASE,"76561197996370184",VINI,false,2
998,d17b8c7eeb394f7e,10,82588,86953,AHSUSAHUSA,"76561197983031494",felps,false,3
999,d17b8c7eeb394f7e,12,98610,103817,.READY,"76561197983031494",felps,true,3
1000,d17b8c7eeb394f7e,18,140184,147577,gg,"76561198365118288",try,false,3
1001,d17b8c7eeb394f7e,18,140208,147604,gg,"76561198006379986",Luken,false,2
1002,d17b8c7eeb394f7e,18,140275,147678,gg,"76561198800209567",noway,false,3
1003,d17b8c7eeb394f7e,18,140298,147701,gg,"76561197996370184",VINI,false,3
1004,d17b8c7eeb394f7e,18,140347,147750,gg,"76561198018027263",hen1,false,2
1005,d17b8c7eeb394f7e,18,140465,147878,gg,"76561198036884160",NEKiZ,false,2
1006,"6d4048adecfe5ab1",5,38518,40573,ta com chumbo de colete vinao,"76561197983031494",felps,false,2
1007,"6d4048adecfe5ab1",5,38612,40670,kkkkk,"76561197983031494",felps,false,2
1008,"6d4048adecfe5ab1",6,39168,41251,pior q eu senti o cheiro do porteiro,"76561197996370184",VINI,true,3
1009,"6d4048adecfe5ab1",6,39381,41477,KKKKKKKKKK,"76561197983031494",felps,true,2
1010,"6d4048adecfe5ab1",12,100519,105808,.r,"76561197983031494",felps,false,2
1011,"6d4048adecfe5ab1",12,100945,106254,!ready,"76561197983031494",felps,false,2
1012,"6d4048adecfe5ab1",15,123524,130031,!tac,"76561198054820484",JOTA,true,3
1013,"6d4048adecfe5ab1",23,210850,221909,gg,"76561198018027263",hen1,false,3
1014,"6d4048adecfe5ab1",23,210864,221925,GG,"76561198365118288",try,true,2
1015,"6d4048adecfe5ab1",23,210986,222052,GGG,"76561198036884160",NEKiZ,false,3
1016,"88d974c6d6b8fac3",1,2324,2486,!switch,"76561197995102212",tatazin,true,2
1017,"88d974c6d6b8fac3",1,3319,3551,!ready,"76561198338211599",stax,true,2
1018,"88d974c6d6b8fac3",1,3760,4017,!ready,"76561197961339879",mawth,true,3
1019,"88d974c6d6b8fac3",1,5925,6297,hfhf,"76561198813233208",vinaabeast,true,3
1020,"88d974c6d6b8fac3",1,6338,6730,HF,"76561198169934019",maLLby,true,2
1021,"88d974c6d6b8fac3",11,72691,76554,!tec,"76561198728588606",r3kt,true,2
1022,"88d974c6d6b8fac3",11,73037,76915,!tech,"76561198858681422",pepe,true,2
1023,"88d974c6d6b8fac3",11,73318,77216,r3kt lag,"76561198858681422",pepe,true,2
1024,"88d974c6d6b8fac3",11,80984,85284,!unpause,"76561198338211599",stax,true,2
1025,"88d974c6d6b8fac3",17,129705,136564,gg,"76561198813233208",vinaabeast,true,2
1026,"69cae9aa07ad85b0",23,182646,192212,.tac,"76561197995102212",tatazin,true,2
1027,b74cf1a70c12878a,6,33746,35555,.pause,"76561198074017668",lux,true,3
1028,b74cf1a70c12878a,6,34446,36289,r,"76561198061763596",n1ssim,true,3
1029,b74cf1a70c12878a,6,34625,36479,!unpause,"76561198061763596",n1ssim,true,3
1030,b74cf1a70c12878a,6,35450,37346,!unpause,"76561198307734468",rdnzao,true,2
1031,b74cf1a70c12878a,6,36705,38669,r,"76561198061763596",n1ssim,true,3
1032,b74cf1a70c12878a,6,36714,38678,r,"76561198074017668",lux,true,3
1033,b74cf1a70c12878a,6,36890,38864,R,"76561198135228658",gafolo,true,2
1034,b74cf1a70c12878a,6,36900,38874,malss,"76561198061763596",n1ssim,true,3
1035,b74cf1a70c12878a,6,36946,38920,hfhf,"76561198061763596",n1ssim,true,3
1036,b74cf1a70c12878a,6,36995,38973,!unpause,"76561198135228658",gafolo,true,2
1037,b74cf1a70c12878a,6,37130,39114,!unpause,"76561198061763596",n1ssim,true,3
1038,b74cf1a70c12878a,12,88996,93693,.rethrow,"76561198061763596",n1ssim,false,3
1039,b74cf1a70c12878a,12,89787,94526,!ready,"76561198135228658",gafolo,false,2
1040,"5c149df14353820b",12,112744,118671,!ready,"76561198135228658",gafolo,false,3
1041,"363044199d8a3bcd",1,14799,15611,R,"76561198135998371",Yami,true,2
1042,"363044199d8a3bcd",1,14806,15619,GO,"76561198962416664","957",true,3
1043,"363044199d8a3bcd",1,14818,15632,r,"76561199247418620",efire,true,2
1044,"363044199d8a3bcd",1,14821,15635,go,"76561199092177867",Hack1ng,true,3
1045,"363044199d8a3bcd",1,14849,15663,r,"76561198937352870",ROUX,true,2
1046,"363044199d8a3bcd",1,14911,15725,HF,"76561198962416664","957",true,3
1047,"363044199d8a3bcd",1,14984,15805,r,"76561198376554367",LaiKeXu,true,3
1048,"363044199d8a3bcd",1,16884,17803,hfhf,"76561198842848216",cool4st,true,2
1049,"363044199d8a3bcd",1,17058,17985,hfhfhf,"76561198376554367",LaiKeXu,true,3
1050,"363044199d8a3bcd",13,104514,110014,go,"76561199092177867",Hack1ng,true,2
1051,"363044199d8a3bcd",13,104538,110040,go,"76561198376554367",LaiKeXu,true,2
1052,"363044199d8a3bcd",13,104580,110082,r,"76561198135998371",Yami,true,3
1053,"363044199d8a3bcd",13,104866,110382,r,"76561198937352870",ROUX,true,3
1054,"363044199d8a3bcd",13,104975,110497,g,"76561198937352870",ROUX,true,3
1055,"363044199d8a3bcd",14,115699,121782,gg,"76561198376554367",LaiKeXu,false,2
1056,"363044199d8a3bcd",14,115701,121784,gg,"76561198937352870",ROUX,true,3
1057,"363044199d8a3bcd",14,115742,121825,gg,"76561198962416664","957",false,2
1058,"363044199d8a3bcd",14,115780,121863,gg,"76561198365998848",lyrics,false,2
1059,"363044199d8a3bcd",14,115953,122046,GG,"76561198842848216",cool4st,true,3
1060,"30bc27daf13b2993",1,19892,20968,!ws,"76561198365998848",lyrics,true,2
1061,"30bc27daf13b2993",1,20145,21235,!wp,"76561198937352870",ROUX,true,3
1062,"30bc27daf13b2993",1,20146,21236,.drop,"76561198849807332",VanceKK,true,2
1063,"30bc27daf13b2993",1,20188,21284,.drop,"76561198849807332",VanceKK,true,2
1064,"30bc27daf13b2993",1,20311,21407,.drop,"76561198849807332",VanceKK,true,2
1065,"30bc27daf13b2993",1,20326,21424,.drop,"76561198937352870",ROUX,true,3
1066,"30bc27daf13b2993",1,20521,21630,.fly,"76561198135998371",Yami,true,3
1067,"30bc27daf13b2993",1,20776,21902,.win,"76561198937352870",ROUX,true,3
1068,"30bc27daf13b2993",1,20992,22128,...,"76561198365998848",lyrics,true,2
1069,"30bc27daf13b2993",1,21102,22241,haha,"76561198135998371",Yami,true,3
1070,"30bc27daf13b2993",1,21344,22500,xd,"76561198849807332",VanceKK,true,2
1071,"30bc27daf13b2993",1,22207,23403,ADMIN,"76561198135998371",Yami,true,3
1072,"30bc27daf13b2993",1,22283,23487,eta,"76561198135998371",Yami,true,3
1073,"30bc27daf13b2993",1,23512,24779,r,"76561198849807332",VanceKK,true,2
1074,"30bc27daf13b2993",1,23523,24790,go,"76561198365998848",lyrics,true,2
1075,"30bc27daf13b2993",1,23585,24854,hfhfhfhfhfhfhf,"76561198842848216",cool4st,true,3
1076,"30bc27daf13b2993",1,23590,24859,r,"76561198937352870",ROUX,true,3
1077,"30bc27daf13b2993",1,23613,24886,r,"76561198135998371",Yami,true,3
1078,"30bc27daf13b2993",1,23720,24997,hf,"76561198849807332",VanceKK,true,2
1079,"30bc27daf13b2993",1,23737,25014,GLGL,"76561199092177867",Hack1ng,true,2
1080,"30bc27daf13b2993",1,23817,25101,hf,"76561198365998848",lyrics,true,2
1081,"30bc27daf13b2993",1,23851,25138,HFHF,"76561198135998371",Yami,true,3
1082,"30bc27daf13b2993",1,24084,25381,hfhf,"76561199390439015",Tikuak,true,3
1083,"30bc27daf13b2993",1,24303,25610,funhave,"76561198937352870",ROUX,true,3
1084,"30bc27daf13b2993",1,24870,26207,hf,"76561198376554367",LaiKeXu,true,2
1085,"30bc27daf13b2993",1,32281,34010,playing from where,"76561198937352870",ROUX,true,3
1086,"30bc27daf13b2993",1,32370,34099,guys,"76561198937352870",ROUX,true,3
1087,"30bc27daf13b2993",1,32626,34369,ctg,"76561198937352870",ROUX,true,3
1088,"30bc27daf13b2993",1,32790,34539,mongo,"76561198365998848",lyrics,true,2
1089,"30bc27daf13b2993",1,32801,34552,c,"76561198849807332",VanceKK,true,2
1090,"30bc27daf13b2993",1,32847,34604,SHENZHEN,"76561199092177867",Hack1ng,true,2
1091,"30bc27daf13b2993",1,33303,35082,mongolia,"76561198365998848",lyrics,true,2
1092,"30bc27daf13b2993",1,33421,35208,haha,"76561198937352870",ROUX,true,3
1093,"30bc27daf13b2993",1,33644,35443,we r from zimbabwe,"76561198135998371",Yami,true,3
1094,"30bc27daf13b2993",1,34073,35892,"6666","76561198365998848",lyrics,true,2
1095,"30bc27daf13b2993",1,34210,36039,usa,"76561198135998371",Yami,true,3
1096,"30bc27daf13b2993",1,36741,38701,咋还不开 小哥哥,"76561198365998848",lyrics,true,2
1097,"30bc27daf13b2993",1,38238,40278,we translated,"76561198937352870",ROUX,true,3
1098,"30bc27daf13b2993",1,38398,40444,bro,"76561198937352870",ROUX,true,3
1099,"30bc27daf13b2993",1,39173,41261,whats that meaning,"76561198365998848",lyrics,true,2
1100,"30bc27daf13b2993",1,39471,41572,do u know ?,"76561198365998848",lyrics,true,2
1101,"30bc27daf13b2993",1,39690,41801,咋还不开 小哥哥,"76561198365998848",lyrics,true,2
1102,"30bc27daf13b2993",1,40201,42342,when we start,"76561198842848216",cool4st,true,3
1103,"30bc27daf13b2993",1,40454,42605,NICE,"76561199092177867",Hack1ng,true,2
1104,"30bc27daf13b2993",1,40464,42615,wtf,"76561198365998848",lyrics,true,2
1105,"30bc27daf13b2993",1,40538,42699,"6666","76561198365998848",lyrics,true,2
1106,"30bc27daf13b2993",1,40925,43106,tembudo,"76561198937352870",ROUX,true,3
1107,"30bc27daf13b2993",1,41376,43577,bu ji dao,"76561198842848216",cool4st,true,3
1108,"30bc27daf13b2993",1,41471,43678,xie xie,"76561198135998371",Yami,true,3
1109,"30bc27daf13b2993",1,41546,43757,ni hao,"76561198842848216",cool4st,true,3
1110,"30bc27daf13b2993",1,41557,43768,cao cao,"76561198135998371",Yami,true,3
1111,"30bc27daf13b2993",1,41622,43833,wo ai ni,"76561198842848216",cool4st,true,3
1112,"30bc27daf13b2993",1,41627,43839,fan zamala,"76561198937352870",ROUX,true,3
1113,"30bc27daf13b2993",1,41680,43899,s,"76561198849807332",VanceKK,true,2
1114,"30bc27daf13b2993",1,41696,43917,ni ni mao mao,"76561198135998371",Yami,true,3
1115,"30bc27daf13b2993",1,41829,44052,ns,"76561198849807332",VanceKK,true,2
1116,"30bc27daf13b2993",1,41876,44106,caocao,"76561198365998848",lyrics,true,2
1117,"30bc27daf13b2993",1,41924,44155,oni fan zamala,"76561198937352870",ROUX,true,3
1118,"30bc27daf13b2993",1,42183,44424,cao cao,"76561198376554367",LaiKeXu,true,2
1119,"30bc27daf13b2993",1,42311,44563,good cao cao,"76561198376554367",LaiKeXu,true,2
1120,"30bc27daf13b2993",1,42582,44844,操凸(艹皿艹 ),"76561198365998848",lyrics,true,2
1121,"30bc27daf13b2993",1,42628,44897,baba,"76561198849807332",VanceKK,true,2
1122,"30bc27daf13b2993",1,42953,45235,操操,"76561198376554367",LaiKeXu,true,2
1123,"30bc27daf13b2993",1,44393,46755,jayo,"76561198937352870",ROUX,true,3
1124,"30bc27daf13b2993",1,45012,47404,laylaylaylay,"76561198135998371",Yami,true,3
1125,"30bc27daf13b2993",1,45200,47602,with moto bike guys,"76561198135998371",Yami,true,3
1126,"30bc27daf13b2993",1,45215,47617,jiayou,"76561198376554367",LaiKeXu,true,2
1127,"30bc27daf13b2993",1,45336,47747,laylalyalyayal,"76561198135998371",Yami,true,3
1128,"30bc27daf13b2993",1,45504,47922,jia you,"76561198842848216",cool4st,true,3
1129,"30bc27daf13b2993",1,45672,48097,yesyes,"76561198376554367",LaiKeXu,true,2
1130,"30bc27daf13b2993",1,45749,48181,jia you,"76561198376554367",LaiKeXu,true,2
1131,"30bc27daf13b2993",1,45845,48277,jiayo,"76561198937352870",ROUX,true,3
1132,"30bc27daf13b2993",1,46331,48794,is goodluck ?,"76561198937352870",ROUX,true,3
1133,"30bc27daf13b2993",1,46505,48978,yes,"76561198849807332",VanceKK,true,2
1134,"30bc27daf13b2993",1,46506,48979,加油(ง •_•)ง,"76561198376554367",LaiKeXu,true,2
1135,"30bc27daf13b2993",1,46546,49019,do u drive motobike today?,"76561198365998848",lyrics,true,2
1136,"30bc27daf13b2993",1,46697,49180,(ง •_•)ง,"76561198376554367",LaiKeXu,true,2
1137,"30bc27daf13b2993",1,46908,49401,no,"76561198937352870",ROUX,true,3
1138,"30bc27daf13b2993",1,47064,49566,coolest,"76561199092177867",Hack1ng,true,2
1139,"30bc27daf13b2993",1,47624,50154,^_^,"76561198842848216",cool4st,true,3
1140,"30bc27daf13b2993",1,47715,50248,doyou know like a superstar,"76561199092177867",Hack1ng,true,2
1141,"30bc27daf13b2993",1,48067,50620,do u know,"76561198365998848",lyrics,true,2
1142,"30bc27daf13b2993",1,48285,50848,kris wu?,"76561198365998848",lyrics,true,2
1143,"30bc27daf13b2993",1,48317,50880,kris wu,"76561198842848216",cool4st,true,3
1144,"30bc27daf13b2993",1,48350,50914,du u know,"76561198849807332",VanceKK,true,2
1145,"30bc27daf13b2993",1,48504,51077,nice,"76561199092177867",Hack1ng,true,2
1146,"30bc27daf13b2993",1,48516,51089,i know,"76561198842848216",cool4st,true,3
1147,"30bc27daf13b2993",1,48597,51179,hhhhhhhhh ,"76561199092177867",Hack1ng,true,2
1148,"30bc27daf13b2993",1,48634,51217,holyshithahaha,"76561198365998848",lyrics,true,2
1149,"30bc27daf13b2993",1,48713,51296,hhhhh ,"76561199092177867",Hack1ng,true,2
1150,"30bc27daf13b2993",1,49280,51893,but he is bad guy,"76561198842848216",cool4st,true,3
1151,"30bc27daf13b2993",1,49477,52100,im good guy,"76561198842848216",cool4st,true,3
1152,"30bc27daf13b2993",1,49863,52506,you are bad guy too,"76561199092177867",Hack1ng,true,2
1153,"30bc27daf13b2993",1,50056,52710,no no no no,"76561198842848216",cool4st,true,3
1154,"30bc27daf13b2993",1,50178,52842,coolest in bed turning badboy,"76561198937352870",ROUX,true,3
1155,"30bc27daf13b2993",1,50222,52886,good boy,"76561198365998848",lyrics,true,2
1156,"30bc27daf13b2993",1,50640,53324,coolest,"76561198365998848",lyrics,true,2
1157,"30bc27daf13b2993",1,50907,53611,hundsonboy,"76561198849807332",VanceKK,true,2
1158,"30bc27daf13b2993",1,50935,53639,do u have 4 girlfriend?,"76561198365998848",lyrics,true,2
1159,"30bc27daf13b2993",1,51478,54211,i have wife brother,"76561198842848216",cool4st,true,3
1160,"30bc27daf13b2993",1,51862,54615,oh,"76561199092177867",Hack1ng,true,2
1161,"30bc27daf13b2993",1,52087,54851,how old r u,"76561198849807332",VanceKK,true,2
1162,"30bc27daf13b2993",1,52195,54961,good boy,"76561198365998848",lyrics,true,2
1163,"30bc27daf13b2993",1,52203,54970,"23","76561198842848216",cool4st,true,3
1164,"30bc27daf13b2993",1,52396,55173,coolest's son coming,"76561198937352870",ROUX,true,3
1165,"30bc27daf13b2993",1,52565,55349,WTF,"76561198962416664","957",true,2
1166,"30bc27daf13b2993",1,52704,55498,wow,"76561198376554367",LaiKeXu,true,2
1167,"30bc27daf13b2993",1,52756,55550,:),"76561198842848216",cool4st,true,3
1168,"30bc27daf13b2993",1,53039,55853,wish,"76561198849807332",VanceKK,true,2
1169,"30bc27daf13b2993",1,53183,56003,maybe 1-2month later,"76561198937352870",ROUX,true,3
1170,"30bc27daf13b2993",1,53214,56038,small wu,"76561198365998848",lyrics,true,2
1171,"30bc27daf13b2993",1,53432,56266,nice,"76561198376554367",LaiKeXu,true,2
1172,"30bc27daf13b2993",1,53647,56491,its girl guys,"76561198937352870",ROUX,true,3
1173,"30bc27daf13b2993",1,54039,56904,female u,"76561198937352870",ROUX,true,3
1174,"30bc27daf13b2993",1,54192,57067,wu,"76561198937352870",ROUX,true,3
1175,"30bc27daf13b2993",1,54377,57262,conguatulations,"76561198365998848",lyrics,true,2
1176,"30bc27daf13b2993",1,54673,57568,thank you <3,"76561198842848216",cool4st,true,3
1177,"30bc27daf13b2993",1,54758,57663,female wu,"76561198365998848",lyrics,true,2
1178,"30bc27daf13b2993",1,55012,57927,conguatulations,"76561198849807332",VanceKK,true,2
1179,"30bc27daf13b2993",1,55052,57967, conguatulations bro,"76561198376554367",LaiKeXu,true,2
1180,"30bc27daf13b2993",1,56318,59303,conguatulations bro,"76561198962416664","957",true,2
1181,"30bc27daf13b2993",1,56500,59495,gogo,"76561198842848216",cool4st,true,3
1182,"30bc27daf13b2993",1,56520,59515,go,"76561199092177867",Hack1ng,true,2
1183,"30bc27daf13b2993",1,56552,59547,hf,"76561198962416664","957",true,2
1184,"30bc27daf13b2993",1,56606,59602,gogogo,"76561198365998848",lyrics,true,2
1185,"30bc27daf13b2993",1,56663,59667,hf,"76561198365998848",lyrics,true,2
1186,"30bc27daf13b2993",1,56673,59678,thank you guys,"76561198842848216",cool4st,true,3
1187,"30bc27daf13b2993",1,56715,59720,hfhfhf,"76561198842848216",cool4st,true,3
1188,"30bc27daf13b2993",1,56862,59877,hfhfhf,"76561198376554367",LaiKeXu,true,2
1189,"30bc27daf13b2993",1,57011,60030,hfhfhf,"76561198937352870",ROUX,true,3
1190,"30bc27daf13b2993",14,158963,167315,GG,"76561198135998371",Yami,false,2
1191,"30bc27daf13b2993",14,159025,167386,gg,"76561198842848216",cool4st,false,2
1192,"30bc27daf13b2993",14,159055,167416,gg,"76561199247418620",efire,false,2
1193,"30bc27daf13b2993",14,159198,167567,gg,"76561198365998848",lyrics,false,3
1194,"30bc27daf13b2993",14,159253,167624,gg,"76561198937352870",ROUX,false,2
1195,"5661c2da5c759ce5",1,2670,2844,hfhfhf,"76561198102263776",salazar,true,2
1196,"5661c2da5c759ce5",2,10119,10682,!TECH,"76561197991000831",IceBerg,true,2
1197,"5661c2da5c759ce5",2,13189,13913,!unpause,"76561197991000831",IceBerg,true,2
1198,"5661c2da5c759ce5",3,21919,23105,.tac,"76561198212412773",MazeCS,true,3
1199,"5661c2da5c759ce5",9,75008,78965,IK ALLE DE STATS,"76561198011668639",Boye,false,2
1200,"5661c2da5c759ce5",9,75312,79289,.tac,"76561198212412773",MazeCS,false,3
1201,"5661c2da5c759ce5",10,76644,80691,.ready,"76561198212412773",MazeCS,true,3
1202,"5661c2da5c759ce5",10,77239,81317,det godt,"76561198011668639",Boye,true,2
1203,"5661c2da5c759ce5",12,102715,108123,GH,"76561198011668639",Boye,false,2
1204,"5661c2da5c759ce5",16,120798,127173,.tac,"76561198212412773",MazeCS,true,2
1205,"5661c2da5c759ce5",19,151870,159866,gg,"76561198011668639",Boye,true,3
1206,"5661c2da5c759ce5",19,151934,159934,gg,"76561198058045464",Mol011,false,2
1207,"5661c2da5c759ce5",19,152147,160157,gg,"76561198212412773",MazeCS,false,2
1208,"703e116a4b633ac1",6,43337,45639,sker der F,"76561197991000831",IceBerg,true,3
1209,"703e116a4b633ac1",7,46416,48879,Tak,"76561198102263776",salazar,true,3
1210,"703e116a4b633ac1",13,85543,90073,.tac,"76561198212412773",MazeCS,true,3
1211,"703e116a4b633ac1",17,116494,122640,GG,"76561198011668639",Boye,true,2
1212,"703e116a4b633ac1",17,116512,122661,gg,"76561198058045464",Mol011,false,3
1213,e64b250d5f25d9ed,1,1426,1538,hfhf,"76561198245783634",Get_Jeka,true,2
1214,e64b250d5f25d9ed,1,1584,1706,hfhf,"76561198231549032",synyx,true,2
1215,e64b250d5f25d9ed,1,1789,1921,hf,"76561198052546265",Calyx,true,3
1216,e64b250d5f25d9ed,7,46269,48728,.tech,"76561198052546265",Calyx,true,3
1217,e64b250d5f25d9ed,7,56205,59129,idk what happened,"76561198172837021",rigoN,true,3
1218,e64b250d5f25d9ed,7,56255,59184,no info,"76561198172837021",rigoN,true,3
1219,e64b250d5f25d9ed,7,56513,59455,probably electricity,"76561198172837021",rigoN,true,3
1220,e64b250d5f25d9ed,7,61289,64457,inet down,"76561198172837021",rigoN,true,3
1221,e64b250d5f25d9ed,7,66384,69788,nice stickers u have synyx,"76561198172837021",rigoN,true,3
1222,e64b250d5f25d9ed,7,66609,70025,gxx stickers,"76561198172837021",rigoN,true,3
1223,e64b250d5f25d9ed,7,67082,70522,ahaha,"76561198231549032",synyx,true,2
1224,e64b250d5f25d9ed,7,67339,70788,goat,"76561198245783634",Get_Jeka,true,2
1225,e64b250d5f25d9ed,7,67488,70946,hahahaha,"76561198172837021",rigoN,true,3
1226,e64b250d5f25d9ed,7,67675,71142,Gxx666,"76561198245783634",Get_Jeka,true,2
1227,e64b250d5f25d9ed,7,68104,71589,haram 666,"76561198172837021",rigoN,true,3
1228,e64b250d5f25d9ed,7,68399,71902,gg,"76561198245783634",Get_Jeka,true,2
1229,e64b250d5f25d9ed,7,68672,72184,u in serbia?,"76561198172837021",rigoN,true,3
1230,e64b250d5f25d9ed,7,68903,72426,piter,"76561198245783634",Get_Jeka,true,2
1231,e64b250d5f25d9ed,7,69605,73163,sankt peterburg,"76561198245783634",Get_Jeka,true,2
1232,e64b250d5f25d9ed,7,69847,73414,really?,"76561198172837021",rigoN,true,3
1233,e64b250d5f25d9ed,7,69932,73508,"29 ping?","76561198172837021",rigoN,true,3
1234,e64b250d5f25d9ed,7,70052,73630,yea,"76561198245783634",Get_Jeka,true,2
1235,e64b250d5f25d9ed,7,70223,73808,crazy,"76561198172837021",rigoN,true,3
1236,e64b250d5f25d9ed,7,70612,74215,its close to finland,"76561198245783634",Get_Jeka,true,2
1237,e64b250d5f25d9ed,7,71179,74809,crazy,"76561198172837021",rigoN,true,3
1238,e64b250d5f25d9ed,7,71997,75668,not 8 ping but ok...,"76561198231549032",synyx,true,2
1239,e64b250d5f25d9ed,7,72226,75910,switzerland,"76561198172837021",rigoN,true,3
1240,e64b250d5f25d9ed,7,72584,76283,"10giga internet","76561198172837021",rigoN,true,3
1241,e64b250d5f25d9ed,7,76450,80333,ooo yessss,"76561198172837021",rigoN,true,3
1242,e64b250d5f25d9ed,7,76526,80409,raijin,"76561198172837021",rigoN,true,3
1243,e64b250d5f25d9ed,7,76649,80541,hahahaha,"76561198176456023",Raijin,true,2
1244,e64b250d5f25d9ed,7,76675,80567,ahahaah,"76561198245783634",Get_Jeka,true,2
1245,e64b250d5f25d9ed,7,76680,80572,pARİS,"76561198067348168",imoRR,true,3
1246,e64b250d5f25d9ed,7,76764,80657,ahgahHAHAHAAH,"76561198172837021",rigoN,true,3
1247,e64b250d5f25d9ed,7,76766,80659,hmmm,"76561198067348168",imoRR,true,3
1248,e64b250d5f25d9ed,7,76852,80754,paris,"76561198172837021",rigoN,true,3
1249,e64b250d5f25d9ed,7,76921,80823,hmmmm,"76561198172837021",rigoN,true,3
1250,e64b250d5f25d9ed,7,77008,80917,PARIS,"76561198245783634",Get_Jeka,true,2
1251,e64b250d5f25d9ed,7,77193,81110,paris good money,"76561198172837021",rigoN,true,3
1252,e64b250d5f25d9ed,7,77272,81192,hmmmmmm,"76561198172837021",rigoN,true,3
1253,e64b250d5f25d9ed,7,77398,81326,hahha,"76561198176456023",Raijin,true,2
1254,e64b250d5f25d9ed,7,77405,81334,haahaaha,"76561198245783634",Get_Jeka,true,2
1255,e64b250d5f25d9ed,7,77511,81440,bring back csgo,"76561198172837021",rigoN,true,3
1256,e64b250d5f25d9ed,7,77551,81483,pleasae,"76561198172837021",rigoN,true,3
1257,e64b250d5f25d9ed,7,77653,81591,"0.01 sec i didnt defuse","76561198067348168",imoRR,true,3
1258,e64b250d5f25d9ed,7,78300,82266,and we lose paris rmr,"76561198067348168",imoRR,true,3
1259,e64b250d5f25d9ed,7,78348,82320,gg,"76561198067348168",imoRR,true,3
1260,e64b250d5f25d9ed,7,78587,82570,ropz vs rigon 12-11,"76561198172837021",rigoN,true,3
1261,e64b250d5f25d9ed,7,78648,82631,watch,"76561198172837021",rigoN,true,3
1262,e64b250d5f25d9ed,7,78781,82773,"2v1 clutch","76561198172837021",rigoN,true,3
1263,e64b250d5f25d9ed,7,78987,82988,rigon win,"76561198067348168",imoRR,true,3
1264,e64b250d5f25d9ed,7,79493,83518,"2v1 vs ropz rain","76561198172837021",rigoN,true,3
1265,e64b250d5f25d9ed,7,79599,83627,its in my wall,"76561198172837021",rigoN,true,3
1266,e64b250d5f25d9ed,7,79694,83729,picture,"76561198172837021",rigoN,true,3
1267,e64b250d5f25d9ed,7,79772,83809,hahaahahah,"76561198245783634",Get_Jeka,true,2
1268,e64b250d5f25d9ed,7,80038,84086,hahhahaha,"76561198172837021",rigoN,true,3
1269,e64b250d5f25d9ed,7,80308,84372,no org money yea,"76561198245783634",Get_Jeka,true,2
1270,e64b250d5f25d9ed,7,80638,84716,best,"76561198172837021",rigoN,true,3
1271,e64b250d5f25d9ed,7,80639,84717,u can be second mr.beast,"76561198245783634",Get_Jeka,true,2
1272,e64b250d5f25d9ed,7,80801,84886,org is rigon,"76561198067348168",imoRR,true,3
1273,e64b250d5f25d9ed,7,81052,85153,if u go to major without org,"76561198172837021",rigoN,true,3
1274,e64b250d5f25d9ed,7,81114,85215,best,"76561198172837021",rigoN,true,3
1275,e64b250d5f25d9ed,7,81179,85281,no scam,"76561198172837021",rigoN,true,3
1276,e64b250d5f25d9ed,7,81230,85338,nothing,"76561198172837021",rigoN,true,3
1277,e64b250d5f25d9ed,7,81311,85421,haahahahah,"76561198245783634",Get_Jeka,true,2
1278,e64b250d5f25d9ed,7,81773,85904,directly to your bank account from valve,"76561198172837021",rigoN,true,3
1279,e64b250d5f25d9ed,7,83935,88171,hes in ts,"76561198172837021",rigoN,true,3
1280,e64b250d5f25d9ed,7,84026,88262,inc soon,"76561198172837021",rigoN,true,3
1281,e64b250d5f25d9ed,7,84196,88441,nice,"76561198231549032",synyx,true,2
1282,e64b250d5f25d9ed,7,84754,89027,u like scary movie,"76561198172837021",rigoN,true,3
1283,e64b250d5f25d9ed,7,84848,89124,synyx,"76561198172837021",rigoN,true,3
1284,e64b250d5f25d9ed,7,85619,89931,"50/50 ","76561198231549032",synyx,true,2
1285,e64b250d5f25d9ed,7,85954,90281,this picture which u have,"76561198172837021",rigoN,true,3
1286,e64b250d5f25d9ed,7,86025,90358,good movie,"76561198172837021",rigoN,true,3
1287,e64b250d5f25d9ed,7,86304,90649,ye this i like,"76561198231549032",synyx,true,2
1288,e64b250d5f25d9ed,7,86398,90748,wazaaaaaaaaaaap,"76561198245783634",Get_Jeka,true,2
1289,e64b250d5f25d9ed,7,86600,90960,wazzzzzzzzzzzzzzzzapppppppppp,"76561198172837021",rigoN,true,3
1290,e64b250d5f25d9ed,7,86831,91203,eyooo shortyyyyyyy,"76561198172837021",rigoN,true,3
1291,e64b250d5f25d9ed,7,86943,91316,pick up the phone,"76561198172837021",rigoN,true,3
1292,e64b250d5f25d9ed,7,87053,91434,ahahahh,"76561198245783634",Get_Jeka,true,2
1293,e64b250d5f25d9ed,7,87228,91618,hahahaha,"76561198172837021",rigoN,true,3
1294,e64b250d5f25d9ed,7,91405,95996,we r,"76561198231549032",synyx,true,2
1295,e64b250d5f25d9ed,7,91656,96259,!unpause,"76561198116280987",Ryujin,true,2
1296,e64b250d5f25d9ed,7,91727,96331,r,"76561198172837021",rigoN,true,3
1297,e64b250d5f25d9ed,7,91839,96452,admin,"76561198172837021",rigoN,true,3
1298,e64b250d5f25d9ed,7,92537,97186,hfhf,"76561198245783634",Get_Jeka,true,2
1299,e64b250d5f25d9ed,7,93150,97834,hfhf,"76561198172837021",rigoN,true,3
1300,e64b250d5f25d9ed,28,255837,269066,.tech,"76561198405751018",Emstar,true,3
1301,e64b250d5f25d9ed,28,255957,269194,ping issue,"76561198405751018",Emstar,true,3
1302,e64b250d5f25d9ed,28,256016,269255,sorry!,"76561198405751018",Emstar,true,3
1303,e64b250d5f25d9ed,28,256117,269360,ping,"76561198975452660",Woro2k,true,3
1304,e64b250d5f25d9ed,28,280113,294610,wr,"76561198172837021",rigoN,true,3
1305,e64b250d5f25d9ed,28,280164,294668,r,"76561198231549032",synyx,true,2
1306,e64b250d5f25d9ed,28,280179,294683,r,"76561198172837021",rigoN,true,3
1307,e64b250d5f25d9ed,28,280321,294831,r,"76561198116280987",Ryujin,true,2
1308,e64b250d5f25d9ed,28,280451,294966,.unpause,"76561198116280987",Ryujin,true,2
1309,e64b250d5f25d9ed,29,296616,311976,ns,"76561198231549032",synyx,false,2
1310,e64b250d5f25d9ed,29,296897,312275,gg,"76561198176456023",Raijin,false,2
1311,"28a0374c055ef765",1,816,898,hfhf,"76561198245783634",Get_Jeka,true,3
1312,"28a0374c055ef765",1,930,1017,hffhfh,"76561198172837021",rigoN,true,2
1313,"28a0374c055ef765",1,962,1054,hfhf,"76561198231549032",synyx,true,3
1314,"28a0374c055ef765",23,157452,165739,GG,"76561198176456023",Raijin,true,2
1315,"28a0374c055ef765",23,157475,165765,GG,"76561198860030314",DSSj,false,2
1316,"28a0374c055ef765",23,157577,165870,gg,"76561198245783634",Get_Jeka,true,2
1317,"3edb2a00618fb7f2",1,629,701,HAHA,"76561199114024101",hrdina14,false,2
1318,"3edb2a00618fb7f2",1,774,853,hfhf,"76561198259230534",Muciek,true,2
1319,"3edb2a00618fb7f2",1,1007,1099,:D,"76561198164733410",SinKK,true,3
1320,"3edb2a00618fb7f2",1,1094,1186,hfhf,"76561198164733410",SinKK,true,3
1321,"3edb2a00618fb7f2",2,10200,10773,.tech,"76561198070459137",kwezz,true,3
1322,"3edb2a00618fb7f2",2,10936,11545,volume gate,"76561198164733410",SinKK,true,3
1323,"3edb2a00618fb7f2",2,10992,11606,sec,"76561198164733410",SinKK,true,3
1324,"3edb2a00618fb7f2",2,11008,11622,sec have to fix volume gate,"76561197997951486",thamlike,true,3
1325,"3edb2a00618fb7f2",2,11129,11748,tricked infront of us,"76561197997951486",thamlike,true,3
1326,"3edb2a00618fb7f2",2,13367,14102,r,"76561197997951486",thamlike,true,3
1327,"3edb2a00618fb7f2",2,13566,14311,r,"76561198259230534",Muciek,true,2
1328,"3edb2a00618fb7f2",2,13575,14320,r,"76561199037419635",Yoghi,true,2
1329,"3edb2a00618fb7f2",2,13643,14396,!unpause,"76561197997951486",thamlike,true,3
1330,"3edb2a00618fb7f2",3,20597,21714,!tech,"76561197997951486",thamlike,true,3
1331,"3edb2a00618fb7f2",6,40206,42312,!tac,"76561198019990506",Patti,true,3
1332,"3edb2a00618fb7f2",9,66377,69292,!tac,"76561198251751942",Zanto999,true,3
1333,"3edb2a00618fb7f2",10,82799,86578,guys can u pls do tech,"76561197997951486",thamlike,false,3
1334,"3edb2a00618fb7f2",10,82944,86729,we cant take more,"76561197997951486",thamlike,false,3
1335,"3edb2a00618fb7f2",10,83071,86860,need to fix headset,"76561197997951486",thamlike,false,3
1336,"3edb2a00618fb7f2",10,83383,87192,y,"76561198180449467",HOLYcs,false,2
1337,"3edb2a00618fb7f2",10,83435,87244,yeas,"76561198259230534",Muciek,false,2
1338,"3edb2a00618fb7f2",10,83516,87330,ty,"76561197997951486",thamlike,false,3
1339,"3edb2a00618fb7f2",10,84335,88194,if you still have problem just say nl and ask admin to pause,"76561198180449467",HOLYcs,false,2
1340,"3edb2a00618fb7f2",11,87637,91667,we have now,"76561198180449467",HOLYcs,true,2
1341,"3edb2a00618fb7f2",11,87713,91745,all good,"76561198180449467",HOLYcs,true,2
1342,"3edb2a00618fb7f2",11,88146,92205,unless they don t fix the problem in 250sec,"76561198180449467",HOLYcs,true,2
1343,"3edb2a00618fb7f2",11,88718,92807,theyre not r i think,"76561199114024101",hrdina14,true,2
1344,"3edb2a00618fb7f2",11,96648,101150,all g?#,"76561198180449467",HOLYcs,true,2
1345,"3edb2a00618fb7f2",11,96958,101476,not yet,"76561198164733410",SinKK,true,3
1346,"3edb2a00618fb7f2",11,97915,102482,what happening w headset?,"76561199237946991",St0m4kgod,true,2
1347,"3edb2a00618fb7f2",11,98044,102616,robot voice?,"76561199237946991",St0m4kgod,true,2
1348,"3edb2a00618fb7f2",11,98533,103135,ready,"76561198019990506",Patti,true,3
1349,"3edb2a00618fb7f2",11,98724,103336,keeps disconnecting his headset,"76561198164733410",SinKK,true,3
1350,"3edb2a00618fb7f2",11,98769,103381,connecting and disconnecting headset,"76561198070459137",kwezz,true,3
1351,"3edb2a00618fb7f2",11,98952,103574,ah okay,"76561199237946991",St0m4kgod,true,2
1352,"3edb2a00618fb7f2",11,99179,103811,r,"76561198180449467",HOLYcs,true,2
1353,"3edb2a00618fb7f2",11,99344,103986,same bro,"76561199114024101",hrdina14,true,2
1354,"3edb2a00618fb7f2",11,99678,104340,!unpause,"76561197997951486",thamlike,true,3
1355,"3edb2a00618fb7f2",11,99873,104546,ty,"76561198164733410",SinKK,true,3
1356,"3edb2a00618fb7f2",12,111378,116652,gh,"76561198259230534",Muciek,false,2
1357,"3edb2a00618fb7f2",15,134452,140952,!tech,"76561199037419635",Yoghi,true,3
1358,"3edb2a00618fb7f2",16,134759,141278,nl,"76561198180449467",HOLYcs,true,3
1359,"3edb2a00618fb7f2",16,134839,141359,nl,"76561199114024101",hrdina14,true,3
1360,"3edb2a00618fb7f2",16,134881,141401,nl,"76561199114024101",hrdina14,true,3
1361,"3edb2a00618fb7f2",16,134912,141435,Nl,"76561199237946991",St0m4kgod,true,3
1362,"3edb2a00618fb7f2",16,134975,141505,y,"76561198070459137",kwezz,true,2
1363,"3edb2a00618fb7f2",16,135006,141536,eye,"76561198164733410",SinKK,true,2
1364,"3edb2a00618fb7f2",16,135019,141549,need admin to tech,"76561198180449467",HOLYcs,true,3
1365,"3edb2a00618fb7f2",16,135067,141597,kk,"76561197997951486",thamlike,true,2
1366,"3edb2a00618fb7f2",17,139225,145969,need restore 11-4,"76561198180449467",HOLYcs,true,3
1367,"3edb2a00618fb7f2",18,142473,149387,r,"76561198180449467",HOLYcs,true,3
1368,"3edb2a00618fb7f2",18,142756,149680,sec,"76561198164733410",SinKK,true,2
1369,"3edb2a00618fb7f2",18,142905,149839,r,"76561198070459137",kwezz,true,2
1370,a1de9787d1adc24,1,1187,1288,hfhfhf#,"76561198259230534",Muciek,true,3
1371,a1de9787d1adc24,1,2065,2206,hfhf,"76561197997951486",thamlike,true,2
1372,a1de9787d1adc24,5,29413,30980,.tac,"76561198019990506",Patti,true,2
1373,a1de9787d1adc24,9,68453,72050,!tac,"76561198019990506",Patti,true,2
1374,a1de9787d1adc24,12,100760,106037,gh,"76561198259230534",Muciek,false,3
1375,a1de9787d1adc24,15,112537,118441,.rac,"76561199037419635",Yoghi,true,2
1376,a1de9787d1adc24,22,181021,190489,gg,"76561198259230534",Muciek,false,2
1377,a1de9787d1adc24,22,181398,190886,gg,"76561198070459137",kwezz,false,3
1378,a1de9787d1adc24,22,181549,191047,gg,"76561199237946991",St0m4kgod,false,2
1379,a1de9787d1adc24,22,181833,191344,gg,"76561198164733410",SinKK,true,3
1380,"140a5692e02b6d2d",1,7,54,.ready,"76561198026835980",sugaR,true,2
1381,"140a5692e02b6d2d",2,4879,5234,!SWITCH,"76561198803479269",dwushka,true,2
1382,"140a5692e02b6d2d",2,5133,5500,!r,"76561199214869396",h1kan,true,3
1383,"140a5692e02b6d2d",2,5142,5509,.ready,"76561198026835980",sugaR,true,3
1384,"140a5692e02b6d2d",2,5416,5801,!ready,"76561198072089680",Jackinho,true,2
1385,"140a5692e02b6d2d",4,7913,8454,HF,"76561198071910365",isak,true,2
1386,"140a5692e02b6d2d",4,9472,10112,ns,"76561198072089680",Jackinho,false,2
1387,"140a5692e02b6d2d",15,86443,91924,!ready,"76561198120215734",Dragon,false,2
1388,"140a5692e02b6d2d",15,86627,92118,.ready,"76561198026835980",sugaR,false,3
1389,"140a5692e02b6d2d",24,150600,159661,gg,"76561198065294895",forsyy,false,3
1390,"140a5692e02b6d2d",24,150620,159681,gg,"76561198072089680",Jackinho,false,3
1391,"140a5692e02b6d2d",24,150746,159807,gg,"76561198170577338",fay,false,2
1392,ede1b15d4aacbfeb,1,1711,1855,.readuy,"76561198026835980",sugaR,true,3
1393,ede1b15d4aacbfeb,1,1805,1956,.ready,"76561198026835980",sugaR,true,3
1394,ede1b15d4aacbfeb,1,7319,7818,hf,"76561198072089680",Jackinho,true,2
1395,ede1b15d4aacbfeb,1,7661,8178,hf,"76561198239621484",lov1kus,true,3
1396,ede1b15d4aacbfeb,1,7798,8323,HFFHFH,"76561198071910365",isak,true,2
1397,ede1b15d4aacbfeb,1,7829,8356,hf,"76561198135878798",Plopski,true,2
1398,ede1b15d4aacbfeb,1,8003,8540,hfhf,"76561198120215734",Dragon,true,2
1399,ede1b15d4aacbfeb,1,8609,9185,hf,"76561198026835980",sugaR,true,3
1400,ede1b15d4aacbfeb,12,84764,90141,!ready,"76561198135878798",Plopski,false,2
1401,ede1b15d4aacbfeb,12,84990,90381,.ready,"76561198026835980",sugaR,false,3
1402,"554ec4ef442f415e",1,5066,5427,.ready,"76561198026835980",sugaR,true,2
1403,"554ec4ef442f415e",1,5206,5574,!ready,"76561198120215734",Dragon,true,3
1404,"554ec4ef442f415e",12,96028,102082,!ready,"76561198135878798",Plopski,false,3
1405,"554ec4ef442f415e",12,96257,102323,.ready,"76561198026835980",sugaR,true,2
1406,"554ec4ef442f415e",24,174443,185023,gg,"76561198065294895",forsyy,false,2
1407,"115deb593c2d248e",1,3571,3831,!ready,"76561198801448515",tripex17最強,true,2
1408,"115deb593c2d248e",1,3649,3920,!ready,"76561198801448515",tripex17最強,true,2
1409,"115deb593c2d248e",1,3761,4033,!ready,"76561198801448515",tripex17最強,true,2
1410,"115deb593c2d248e",1,3833,4115,!ready,"76561198801448515",tripex17最強,true,2
1411,"115deb593c2d248e",1,3932,4216,!ready,"76561198801448515",tripex17最強,true,2
1412,"115deb593c2d248e",1,4024,4319,!ready,"76561198801448515",tripex17最強,true,2
1413,"115deb593c2d248e",1,4105,4401,!ready,"76561198801448515",tripex17最強,true,2
1414,"115deb593c2d248e",1,4183,4486,!ready,"76561198888800765",w1dow,true,2
1415,"115deb593c2d248e",1,4185,4488,!ready,"76561198801448515",tripex17最強,true,2
1416,"115deb593c2d248e",1,4259,4567,!ready,"76561198801448515",tripex17最強,true,2
1417,"115deb593c2d248e",1,4281,4589,!ready,"76561198888800765",w1dow,true,2
1418,"115deb593c2d248e",1,4339,4648,!ready,"76561198801448515",tripex17最強,true,2
1419,"115deb593c2d248e",1,4388,4704,!ready,"76561198888800765",w1dow,true,2
1420,"115deb593c2d248e",1,4454,4774,!ready,"76561198888800765",w1dow,true,2
1421,"115deb593c2d248e",1,4465,4785,!ready,"76561198801448515",tripex17最強,true,2
1422,"115deb593c2d248e",1,4544,4867,!ready,"76561198801448515",tripex17最強,true,2
1423,"115deb593c2d248e",1,4619,4951,!ready,"76561198801448515",tripex17最強,true,2
1424,"115deb593c2d248e",1,4730,5064,!ready,"76561198801448515",tripex17最強,true,2
1425,"115deb593c2d248e",1,4812,5156,!ready,"76561198801448515",tripex17最強,true,2
1426,"115deb593c2d248e",1,4864,5208,i think w1dow and tripex are ready,"76561198016138527",JBOEN,true,2
1427,"115deb593c2d248e",1,4914,5259,!ready,"76561198801448515",tripex17最強,true,2
1428,"115deb593c2d248e",1,4917,5263,!ready,"76561198888800765",w1dow,true,2
1429,"115deb593c2d248e",1,5001,5357,!ready,"76561198888800765",w1dow,true,2
1430,"115deb593c2d248e",1,5025,5381,!ready,"76561198801448515",tripex17最強,true,2
1431,"115deb593c2d248e",1,5135,5496,!ready,"76561198888800765",w1dow,true,2
1432,"115deb593c2d248e",1,5184,5552,!ready,"76561198801448515",tripex17最強,true,2
1433,"115deb593c2d248e",1,5211,5579,!ready,"76561198888800765",w1dow,true,2
1434,"115deb593c2d248e",1,5268,5636,!ready,"76561198801448515",tripex17最強,true,2
1435,"115deb593c2d248e",1,5284,5652,!ready,"76561198258225965",naiter,true,3
1436,"115deb593c2d248e",1,5440,5820,!ready,"76561198801448515",tripex17最強,true,3
1437,"115deb593c2d248e",2,17699,18850,how are you not dead ):,"76561198016138527",JBOEN,false,2
1438,"115deb593c2d248e",3,18286,19473,NEO,"76561198079708508",xadoxg0d,true,3
1439,"115deb593c2d248e",5,33712,35864,!tech,"76561198258225965",naiter,false,3
1440,"115deb593c2d248e",6,34282,36469,mouse charge sry,"76561197961277448",miL4nNNNNNN-,true,3
1441,"115deb593c2d248e",6,36743,39087,r,"76561197961277448",miL4nNNNNNN-,true,3
1442,"115deb593c2d248e",6,36959,39315,!unpause,"76561198801448515",tripex17最強,true,2
1443,"115deb593c2d248e",6,36969,39325,!unpause,"76561197961277448",miL4nNNNNNN-,true,3
1444,"115deb593c2d248e",10,62288,66235,xd,"76561198801448515",tripex17最強,false,2
1445,"115deb593c2d248e",11,71020,75519,ns,"76561197961277448",miL4nNNNNNN-,false,3
1446,"115deb593c2d248e",12,75585,80392,!ready,"76561198258225965",naiter,false,3
1447,"115deb593c2d248e",12,80300,85404,!ready,"76561198801448515",tripex17最強,false,2
1448,"115deb593c2d248e",14,89190,94853,!tac,"76561198258225965",naiter,true,2
1449,"115deb593c2d248e",20,133967,142424,!unpause,"76561198801448515",tripex17最強,true,3
1450,"115deb593c2d248e",20,134571,143029,!unpause,"76561198131105028",h1glaiN,true,2
1451,"115deb593c2d248e",20,139944,148562,gg,"76561198178801031",prosus,true,3
1452,"115deb593c2d248e",20,140077,148695,gg,"76561198131105028",h1glaiN,false,2
1453,"32379617abb31e8",2,4999,5352,!switch,"76561198801448515",tripex17最強,true,2
1454,"32379617abb31e8",2,5366,5740,!READY,"76561198131105028",h1glaiN,true,2
1455,"32379617abb31e8",2,5403,5782,!ready,"76561198801448515",tripex17最強,true,3
1456,"32379617abb31e8",8,43118,45859,a ti videl ,"76561199159119164",doni,false,3
1457,"32379617abb31e8",8,43254,46007,menya v yame,"76561199159119164",doni,false,3
1458,"32379617abb31e8",8,43648,46425,ne,"76561198131105028",h1glaiN,false,2
1459,"32379617abb31e8",8,43788,46574,aaaa,"76561199159119164",doni,false,3
1460,"32379617abb31e8",8,43853,46642,kk,"76561199159119164",doni,false,3
1461,"32379617abb31e8",12,70086,74522,!tac,"76561198801448515",tripex17最強,true,3
1462,"32379617abb31e8",15,101693,108128,!ready,"76561198258225965",naiter,false,2
1463,"32379617abb31e8",15,102051,108510,!ready,"76561198801448515",tripex17最強,true,3
1464,"32379617abb31e8",23,145322,154490,!tac,"76561198801448515",tripex17最強,true,2
1465,"6f7c12bb089730f",1,4909,5253,!ready,"76561198016138527",JBOEN^,true,3
1466,"6f7c12bb089730f",1,4983,5334,!ready,"76561198258225965",naiter,true,2
1467,"6f7c12bb089730f",11,83010,88258,!tac,"76561198258225965",naiter,true,2
1468,"6f7c12bb089730f",12,102242,108715,!ready,"76561198258225965",naiter,false,2
1469,"6f7c12bb089730f",12,102690,109187,!ready,"76561198016138527",JBOEN^,false,3
1470,"6f7c12bb089730f",17,134483,142981,ns,"76561197961277448",miL4nNNNNNN-,false,3
1471,"6f7c12bb089730f",17,134625,143133,TY,"76561198801448515",tripex17最強,false,2
1472,"6f7c12bb089730f",18,140700,149583,ns,"76561198131105028",h1glaiN,false,3
1473,"6f7c12bb089730f",24,183595,195176,!ready,"76561198258225965",naiter,false,3
1474,"6f7c12bb089730f",24,183903,195497,!ready,"76561198801448515",tripex17最強,false,2
1475,"6f7c12bb089730f",25,192559,204697,NS!,"76561198801448515",tripex17最強,false,2
1476,"6f7c12bb089730f",27,207063,220130,!ready,"76561198258225965",naiter,true,3
1477,"6f7c12bb089730f",27,210979,224296,!ready,"76561198801448515",tripex17最強,false,2
1478,"6f7c12bb089730f",30,241099,255926,ggwp,"76561198131105028",h1glaiN,false,2
1479,"9e447475d6583bc",10,59344,62487,.tac,"76561198001557762",robiin,true,2
1480,"9e447475d6583bc",24,161446,169943,gg,"76561198055604641",fejtZ,false,2
1481,"693fd86c1955754e",1,1764,1893,hFhfhf,"76561198055604641",fejtZ,true,3
1482,"693fd86c1955754e",1,1917,2052,hfhf,"76561198014569791",Twinkeey,true,2
1483,"693fd86c1955754e",1,2509,2676,hf xqcl,"76561198126846144",mogv,true,2
1484,"693fd86c1955754e",4,27602,29071,.ta ,"76561198055604641",fejtZ,false,3
1485,"693fd86c1955754e",4,27671,29149,.tac,"76561198055604641",fejtZ,false,3
1486,"693fd86c1955754e",18,123822,130309,mizi dmg from hE_,"76561198014569791",Twinkeey,true,3
1487,"693fd86c1955754e",18,125274,131839,ty,"76561198014569791",Twinkeey,true,3
1488,"693fd86c1955754e",29,212818,223953,.tac,"76561198055604641",fejtZ,true,3
1489,"693fd86c1955754e",29,219229,230703,gg,"76561199077753791",titulus,true,2
1490,"693fd86c1955754e",29,219246,230720,gg,"76561198014569791",Twinkeey,true,2
1491,"3a526c675e3b6b13",1,2360,2525,!READY,"76561198377256168",Joey,true,2
1492,"3a526c675e3b6b13",1,3159,3368,!ready,"76561198381018139",seabraez,true,3
1493,"3a526c675e3b6b13",1,3420,3639,!ready,"76561198377256168",Joey,true,2
1494,"3a526c675e3b6b13",1,3462,3681,!ready,"76561198295739416",opdust,true,2
1495,"3a526c675e3b6b13",1,5855,6205,hfhfhf,"76561198254835598",ay0k,true,2
1496,"3a526c675e3b6b13",1,6027,6386,fh,"76561198324576669",P3R3IIRA,true,3
1497,"3a526c675e3b6b13",5,41181,43379,.tac,"76561198295739416",opdust,false,2
1498,"3a526c675e3b6b13",8,64455,67869,.tac,"76561198295739416",opdust,false,2
1499,"3a526c675e3b6b13",12,93407,98356,!ready,"76561198381018139",seabraez,false,3
1500,"3a526c675e3b6b13",15,107606,113297,NSSS,"76561198324576669",P3R3IIRA,false,2
1501,"3a526c675e3b6b13",19,133173,140199,!TAC,"76561198324576669",P3R3IIRA,true,2
1502,"3a526c675e3b6b13",21,151828,159829,.tac,"76561198295739416",opdust,true,3
1503,"3a526c675e3b6b13",23,169088,177773,GGS,"76561198998266210",xelex,false,3
1504,"3a526c675e3b6b13",23,169267,177952,gege,"76561198979314075",snowiee,false,2
1505,d002075c02d4a7e1,1,45,86,pc?,"76561198427371426",h0t,true,2
1506,d002075c02d4a7e1,1,629,700,micro,"76561198295739416",opdust,true,3
1507,d002075c02d4a7e1,1,1753,1883,!ready,"76561198324576669",P3R3IIRA,true,2
1508,d002075c02d4a7e1,1,3346,3557,!ready,"76561198407480534",Nikodeon,false,3
1509,d002075c02d4a7e1,1,3477,3697,!ready,"76561198324576669",P3R3IIRA,true,2
1510,d002075c02d4a7e1,2,8265,8734,.tech,"76561198295739416",opdust,true,3
1511,d002075c02d4a7e1,2,14439,15232,!unpauswe,"76561198427371426",h0t,true,2
1512,d002075c02d4a7e1,2,14584,15382,!unpause,"76561198427371426",h0t,true,2
1513,d002075c02d4a7e1,5,39130,41209,!tac,"76561198324576669",P3R3IIRA,false,2
1514,d002075c02d4a7e1,7,48129,50680,.tac,"76561198295739416",opdust,true,3
1515,d002075c02d4a7e1,12,87166,91779,!ready,"76561198295739416",opdust,false,3
1516,d002075c02d4a7e1,12,87576,92209,!ready,"76561198324576669",P3R3IIRA,false,2
1517,d002075c02d4a7e1,15,106825,112242,ggs,"76561198998266210",xelex,true,2
1518,d002075c02d4a7e1,15,106891,112308,gg,"76561198427371426",h0t,false,3
1519,"7d8dd11b1c0c3898",13,101048,106395,hf,"76561199137143905",yxngstxr,true,3
1520,"7d8dd11b1c0c3898",13,101197,106549,hf,"76561198342718168",susp,true,3
1521,"7d8dd11b1c0c3898",13,101236,106593,hfhf,"76561198015308884",biguzera,true,2
1522,"7d8dd11b1c0c3898",13,101250,106607,gh,"76561198342718168",susp,true,3
1523,"7d8dd11b1c0c3898",16,123705,130238,ns biGu,"76561198178209109",xfl0ud,false,3
1524,"7d8dd11b1c0c3898",16,124053,130602,thxx,"76561198015308884",biguzera,false,2
1525,"7d8dd11b1c0c3898",22,171389,180414,ns,"76561198396338183",piriajr,false,2
1526,"7d8dd11b1c0c3898",30,239505,252118,GG,"76561198178209109",xfl0ud,true,2
1527,"7d8dd11b1c0c3898",30,239515,252128,gg,"76561198015308884",biguzera,false,3
1528,"7d8dd11b1c0c3898",30,239617,252231,gg,"76561198011732823",V$M,false,3
1529,e2e1f4eaf176d94f,1,1152,1254,!tech,"76561198350342505",nqz,true,2
1530,e2e1f4eaf176d94f,1,3330,3536,restarting the game,"76561198350342505",nqz,true,2
1531,e2e1f4eaf176d94f,1,3537,3752,alr,"76561198342718168",susp,true,3
1532,e2e1f4eaf176d94f,1,3886,4120,cfg seems to be wrong,"76561198350342505",nqz,true,2
1533,e2e1f4eaf176d94f,1,4871,5154,all g now,"76561198350342505",nqz,true,2
1534,e2e1f4eaf176d94f,1,4987,5275,we r,"76561198350342505",nqz,true,2
1535,e2e1f4eaf176d94f,1,5411,5724,r,"76561199137143905",yxngstxr,true,3
1536,e2e1f4eaf176d94f,1,6199,6552,hfhf lads,"76561198178209109",xfl0ud,true,3
1537,e2e1f4eaf176d94f,1,6620,6993,hfhf,"76561198015308884",biguzera,true,2
1538,e2e1f4eaf176d94f,1,6727,7107,hfhf,"76561198292598811",Chr1zN,true,3
1539,e2e1f4eaf176d94f,1,6855,7239,hfhfhfhfhfhfhfhfhfhfhfhfhfhfhfhfhfhfhfhfhfhfhfhfhfhfhfhfhfhf,"76561198350342505",nqz,true,2
1540,e2e1f4eaf176d94f,13,122256,128707,HFHF,"76561198178209109",xfl0ud,true,2
1541,e2e1f4eaf176d94f,13,122464,128925,hf,"76561198015308884",biguzera,true,3
1542,e2e1f4eaf176d94f,14,132401,139382,"ns,","76561198178209109",xfl0ud,false,2
1543,e2e1f4eaf176d94f,19,173838,182985,gg,"76561198015308884",biguzera,false,3
1544,e2e1f4eaf176d94f,19,173893,183048,GG,"76561198292598811",Chr1zN,true,2
1545,e2e1f4eaf176d94f,19,173995,183151,gg,"76561198011732823",V$M,false,3
1546,"585ac15106cf7435",1,31,77,okay,"76561198190930470",cabbi,true,3
1547,"585ac15106cf7435",1,1264,1368,.tech,"76561198190930470",cabbi,true,3
1548,"585ac15106cf7435",1,3439,3657,"nothing, dumb coach sry","76561198190930470",cabbi,true,3
1549,"585ac15106cf7435",1,3512,3736,coach confused,"76561198002942763",acorcs,true,3
1550,"585ac15106cf7435",1,3597,3821,getting old,"76561198002942763",acorcs,true,3
1551,"585ac15106cf7435",1,3766,4000,lmao,"76561198119388735",draken,true,2
1552,"585ac15106cf7435",1,4091,4346,r,"76561198190930470",cabbi,true,3
1553,"585ac15106cf7435",1,4143,4398,hfhf,"76561198119388735",draken,true,2
1554,"585ac15106cf7435",1,4504,4779,hfhf,"76561197961358863",Lekr0,true,2
1555,"585ac15106cf7435",1,4649,4934,hf,"76561198002942763",acorcs,true,3
1556,"585ac15106cf7435",4,32013,33723,.tac,"76561198190930470",cabbi,false,3
1557,"585ac15106cf7435",7,58154,61232,.tac,"76561197961358863",Lekr0,true,2
1558,"585ac15106cf7435",9,77184,81259,.tac,"76561197961358863",Lekr0,true,2
1559,"585ac15106cf7435",12,115729,121814,.tac,"76561198190930470",cabbi,false,3
1560,"30e4688a7c450b3c",3,13888,14644,.techj,"76561197961358863",Lekr0,true,3
1561,"30e4688a7c450b3c",3,13989,14747,.tech,"76561197961358863",Lekr0,true,3
1562,"30e4688a7c450b3c",3,14111,14877,mic,"76561197961358863",Lekr0,true,3
1563,"30e4688a7c450b3c",3,14501,15287,.r,"76561198119388735",draken,true,3
1564,"30e4688a7c450b3c",3,14709,15505,!r,"76561198093176122",Beccie,true,2
1565,"30e4688a7c450b3c",6,35211,37073,coach mic not working,"76561198002942763",acorcs,true,2
1566,"30e4688a7c450b3c",10,73515,77367,.tac,"76561198190930470",cabbi,true,2
1567,"30e4688a7c450b3c",15,120829,127159,.tac,"76561198190930470",cabbi,true,3
1568,"30e4688a7c450b3c",17,143523,151038,.tac,"76561197961358863",Lekr0,true,2
1569,"30e4688a7c450b3c",17,153856,161909,gg,"76561198190930470",cabbi,false,3
1570,"30e4688a7c450b3c",17,153956,162015,gg,"76561197961358863",Lekr0,false,2
1571,"13d728b6b0876092",1,1170,1269,hff,"76561198372938462",SPine,true,3
1572,"13d728b6b0876092",1,1328,1432,hf,"76561198824710349",ProKiller,true,2
1573,"13d728b6b0876092",1,1390,1500,hff,"76561198347611594",sayo,true,2
1574,"13d728b6b0876092",1,1807,1937,hf,"76561199012104806",zeroX1n,true,2
1575,"13d728b6b0876092",1,2024,2164,hf,"76561198420739672",SasiKi,true,3
1576,"13d728b6b0876092",1,7021,7422,A_A,"76561198151914303",DANK1NG,true,2
1577,"13d728b6b0876092",1,7222,7633,risk,"76561198372938462",SPine,true,3
1578,"13d728b6b0876092",1,7326,7747,shi ni ma ,"76561198372938462",SPine,true,3
1579,"13d728b6b0876092",1,7661,8095,我能先抽两口吗,"76561198420739672",SasiKi,true,3
1580,"13d728b6b0876092",1,7773,8215,"0.o","76561198824710349",ProKiller,true,2
1581,"13d728b6b0876092",1,7859,8305,是我,"76561198980464786",R1sk,true,2
1582,"13d728b6b0876092",1,8047,8503,along,"76561198980464786",R1sk,true,2
1583,"13d728b6b0876092",1,12471,13159,开了喊我一下,"76561198420739672",SasiKi,true,3
1584,"13d728b6b0876092",1,12624,13317,我吸两口,"76561198420739672",SasiKi,true,3
1585,"13d728b6b0876092",1,12734,13437,我马上灭,"76561198420739672",SasiKi,true,3
1586,"13d728b6b0876092",1,12911,13624,不喊,"76561198980464786",R1sk,true,2
1587,"13d728b6b0876092",1,13059,13778,wo han,"76561198347611594",sayo,true,2
1588,"13d728b6b0876092",1,14274,15057,hff,"76561198372938462",SPine,true,3
1589,"13d728b6b0876092",1,14523,15316,hf,"76561199012104806",zeroX1n,true,2
1590,"13d728b6b0876092",1,14641,15444,gl,"76561198151914303",DANK1NG,true,2
1591,"13d728b6b0876092",13,104593,110103,.D,"76561198980464786",R1sk,true,3
1592,"13d728b6b0876092",13,104745,110261,.DROP,"76561198980464786",R1sk,true,3
1593,"13d728b6b0876092",13,104842,110362,.d,"76561198151914303",DANK1NG,true,3
1594,"13d728b6b0876092",13,105547,111107,.dd,"76561198372938462",SPine,true,2
1595,"13d728b6b0876092",13,105730,111300,.D,"76561198347611594",sayo,true,3
1596,"13d728b6b0876092",13,105761,111331,.D,"76561198347611594",sayo,true,3
1597,"13d728b6b0876092",13,105786,111356,.D,"76561198347611594",sayo,true,3
1598,"13d728b6b0876092",13,105813,111383,.D,"76561198347611594",sayo,true,3
1599,"13d728b6b0876092",13,108360,114063,R,"76561198980464786",R1sk,true,3
1600,"13d728b6b0876092",13,108398,114106,GO,"76561198980464786",R1sk,true,3
1601,"13d728b6b0876092",13,108554,114267,go,"76561198417754488",rubeN,true,2
1602,"13d728b6b0876092",13,109022,114763,hff,"76561198372938462",SPine,true,2
1603,"13d728b6b0876092",13,109586,115357,gl,"76561198151914303",DANK1NG,true,3
1604,"13d728b6b0876092",13,109769,115550,hf,"76561198420739672",SasiKi,true,2
1605,"13d728b6b0876092",13,109848,115629,HF,"76561198980464786",R1sk,true,3
1606,"13d728b6b0876092",17,132505,139464,.pause,"76561198372938462",SPine,true,2
1607,"13d728b6b0876092",20,158968,167308,.pause,"76561198372938462",SPine,true,2
1608,"13d728b6b0876092",20,166247,174969,gg,"76561198372938462",SPine,false,2
1609,"6b0b30d74fce30dc",1,2572,2744,来一根,"76561198980464786",R1sk,true,3
1610,"6b0b30d74fce30dc",1,2645,2817,阿龙,"76561198980464786",R1sk,true,3
1611,"6b0b30d74fce30dc",1,2769,2951,ok,"76561198372938462",SPine,true,2
1612,"6b0b30d74fce30dc",1,11353,11987,go,"76561198980464786",R1sk,true,3
1613,"6b0b30d74fce30dc",1,11453,12087,r,"76561198980464786",R1sk,true,3
1614,"6b0b30d74fce30dc",1,11588,12233,hf,"76561198420739672",SasiKi,true,2
1615,"6b0b30d74fce30dc",1,11600,12245,HFF,"76561198372938462",SPine,true,2
1616,"6b0b30d74fce30dc",1,11730,12384,hf,"76561198980464786",R1sk,true,3
1617,"6b0b30d74fce30dc",1,12446,13132,hfhf,"76561198824710349",ProKiller,true,3
1618,"6b0b30d74fce30dc",1,12732,13437,hf,"76561199012104806",zeroX1n,true,3
1619,"6b0b30d74fce30dc",4,33039,34803,怎么了,"76561198372938462",SPine,true,2
1620,"6b0b30d74fce30dc",4,33974,35785,idk,"76561198347611594",sayo,true,3
1621,"6b0b30d74fce30dc",4,36027,37944,延迟,"76561198980464786",R1sk,true,3
1622,"6b0b30d74fce30dc",4,36199,38126,直播延迟,"76561198980464786",R1sk,true,3
1623,"6b0b30d74fce30dc",4,36369,38306,得调一下,"76561198980464786",R1sk,true,3
1624,"6b0b30d74fce30dc",4,36552,38499,ok,"76561198372938462",SPine,true,2
1625,"6b0b30d74fce30dc",4,36571,38518,一会,"76561198980464786",R1sk,true,3
1626,"6b0b30d74fce30dc",4,40659,42817,risk,"76561198372938462",SPine,true,2
1627,"6b0b30d74fce30dc",4,41495,43702,rage被你读透了上把,"76561198372938462",SPine,true,2
1628,"6b0b30d74fce30dc",4,42587,44847,hhh,"76561198980464786",R1sk,true,3
1629,"6b0b30d74fce30dc",4,43008,45293,当过队友,"76561198980464786",R1sk,true,3
1630,"6b0b30d74fce30dc",4,43329,45628,没办法,"76561198980464786",R1sk,true,3
1631,"6b0b30d74fce30dc",4,43394,45699,把把警察局,"76561198372938462",SPine,true,2
1632,"6b0b30d74fce30dc",4,43478,45787,玩什么,"76561198372938462",SPine,true,2
1633,"6b0b30d74fce30dc",4,43705,46024,"3<","76561198372938462",SPine,true,2
1634,"6b0b30d74fce30dc",4,44246,46595,GOGO,"76561198980464786",R1sk,true,3
1635,"6b0b30d74fce30dc",4,44431,46790,goo,"76561198372938462",SPine,true,2
1636,"6b0b30d74fce30dc",4,44638,47007,go,"76561198420739672",SasiKi,true,2
1637,"6b0b30d74fce30dc",4,44799,47178,.unpause,"76561198372938462",SPine,true,2
1638,"6b0b30d74fce30dc",4,45069,47458,.UNPAUSE,"76561198980464786",R1sk,true,3
1639,"6b0b30d74fce30dc",4,45783,48212,==,"76561198347611594",sayo,true,3
1640,"6b0b30d74fce30dc",4,45863,48294,==,"76561198347611594",sayo,true,3
1641,"6b0b30d74fce30dc",4,47112,49612,gogo,"76561198980464786",R1sk,true,3
1642,"6b0b30d74fce30dc",4,47196,49697,caipan,"76561198980464786",R1sk,true,3
1643,"6b0b30d74fce30dc",4,49501,52122,r,"76561198151914303",DANK1NG,true,3
1644,"6b0b30d74fce30dc",4,50330,53001,等下 俱乐部有蟑螂,"76561198372938462",SPine,true,2
1645,"6b0b30d74fce30dc",4,50518,53198,...,"76561198151914303",DANK1NG,true,3
1646,"6b0b30d74fce30dc",4,50666,53350,......,"76561198347611594",sayo,true,3
1647,"6b0b30d74fce30dc",4,50785,53476,巨大,"76561198372938462",SPine,true,2
1648,"6b0b30d74fce30dc",4,50838,53529,jiao cjz chi diao,"76561198980464786",R1sk,true,3
1649,"6b0b30d74fce30dc",4,50971,53672,".,,,,,,,,,,,,","76561198151914303",DANK1NG,true,3
1650,"6b0b30d74fce30dc",4,51087,53796,huan jing name cha?,"76561198347611594",sayo,true,3
1651,"6b0b30d74fce30dc",4,51127,53838,让sasikii,"76561198151914303",DANK1NG,true,3
1652,"6b0b30d74fce30dc",4,51211,53922,吃了,"76561198151914303",DANK1NG,true,3
1653,"6b0b30d74fce30dc",4,51269,53987,shen zhen,"76561198347611594",sayo,true,3
1654,"6b0b30d74fce30dc",4,51609,54340,.TECH,"76561198358424861",rage,true,2
1655,"6b0b30d74fce30dc",4,51672,54412,。,"76561198372938462",SPine,true,2
1656,"6b0b30d74fce30dc",4,52029,54786,。。。。。。。。,"76561198151914303",DANK1NG,true,3
1657,"6b0b30d74fce30dc",4,52193,54956,弄下蟑螂 有人玩不了了,"76561198358424861",rage,true,2
1658,"6b0b30d74fce30dc",4,52371,55142,。。。。。。。。。。。,"76561198151914303",DANK1NG,true,3
1659,"6b0b30d74fce30dc",4,52696,55487,DANK1NG‎： 让sasikii,"76561198420739672",SasiKi,true,2
1660,"6b0b30d74fce30dc",4,52993,55800,我喂鼻涕虫吃,"76561198420739672",SasiKi,true,2
1661,"6b0b30d74fce30dc",4,53402,56233,bi ti ***** yi hui lai zou ni,"76561198980464786",R1sk,true,3
1662,"6b0b30d74fce30dc",4,53763,56611,好啊,"76561198420739672",SasiKi,true,2
1663,"6b0b30d74fce30dc",4,54744,57645,你们队,"76561198151914303",DANK1NG,true,3
1664,"6b0b30d74fce30dc",4,54768,57670,yi hui dache dao nimen jule bu,"76561198347611594",sayo,true,3
1665,"6b0b30d74fce30dc",4,54927,57837,谁玩不了了,"76561198151914303",DANK1NG,true,3
1666,"6b0b30d74fce30dc",4,54942,57854,yue liang wan?,"76561198347611594",sayo,true,3
1667,"6b0b30d74fce30dc",4,55128,58049,suki,"76561198372938462",SPine,true,2
1668,"6b0b30d74fce30dc",4,55162,58084,怕蟑螂,"76561198151914303",DANK1NG,true,3
1669,"6b0b30d74fce30dc",4,55298,58226,suki,"76561198151914303",DANK1NG,true,3
1670,"6b0b30d74fce30dc",4,55733,58685,你要是在拿击杀,"76561198151914303",DANK1NG,true,3
1671,"6b0b30d74fce30dc",4,56068,59037, 我喂你吃大蟑螂,"76561198151914303",DANK1NG,true,3
1672,"6b0b30d74fce30dc",4,56322,59304,哈哈哈,"76561198372938462",SPine,true,2
1673,"6b0b30d74fce30dc",4,56377,59359,别让我北京看见你,"76561198151914303",DANK1NG,true,3
1674,"6b0b30d74fce30dc",4,56377,59359,go,"76561198372938462",SPine,true,2
1675,"6b0b30d74fce30dc",4,56537,59529,rr,"76561198358424861",rage,true,2
1676,"6b0b30d74fce30dc",4,56539,59531,r,"76561198151914303",DANK1NG,true,3
1677,"6b0b30d74fce30dc",4,56653,59653,.unpause,"76561198372938462",SPine,true,2
1678,"6b0b30d74fce30dc",4,56658,59659,go,"76561198980464786",R1sk,true,3
1679,"6b0b30d74fce30dc",4,56789,59791,.unpause,"76561198980464786",R1sk,true,3
1680,"6b0b30d74fce30dc",4,56973,59985,hffh,"76561198372938462",SPine,true,2
1681,"6b0b30d74fce30dc",4,57113,60135,hf,"76561198420739672",SasiKi,true,2
1682,"6b0b30d74fce30dc",4,57175,60197,glgl,"76561198151914303",DANK1NG,true,3
1683,"6b0b30d74fce30dc",7,86650,91217,hi 裁判,"76561198372938462",SPine,true,2
1684,"6b0b30d74fce30dc",7,91624,96452,hai mei hao ma,"76561198980464786",R1sk,true,3
1685,"6b0b30d74fce30dc",7,91705,96533,cai pan,"76561198980464786",R1sk,true,3
1686,"6b0b30d74fce30dc",7,92438,97307,@admin,"76561199277904177",Suki272,true,2
1687,"6b0b30d74fce30dc",7,92758,97646,？？？,"76561198151914303",DANK1NG,true,3
1688,"6b0b30d74fce30dc",7,93151,98060,@admin,"76561198372938462",SPine,true,2
1689,"6b0b30d74fce30dc",7,93984,98933,go,"76561198372938462",SPine,true,2
1690,"6b0b30d74fce30dc",13,139919,147290,hf,"76561198372938462",SPine,true,3
1691,"6b0b30d74fce30dc",13,140047,147419,hf,"76561198980464786",R1sk,true,2
1692,"6b0b30d74fce30dc",13,148902,156740,g,"76561198358424861",rage,true,3
1693,"6b0b30d74fce30dc",13,148937,156780,hf,"76561198420739672",SasiKi,true,3
1694,"6b0b30d74fce30dc",13,148945,156788,go,"76561198372938462",SPine,true,3
1695,"6b0b30d74fce30dc",13,148981,156824,go,"76561198980464786",R1sk,true,2
1696,"6b0b30d74fce30dc",20,198571,208997,为啥老赞同,"76561198372938462",SPine,true,3
1697,"6b0b30d74fce30dc",20,198755,209191,@admin,"76561198372938462",SPine,true,3
1698,"6b0b30d74fce30dc",20,199714,210201,是不是做了？,"76561198151914303",DANK1NG,true,2
1699,"6b0b30d74fce30dc",20,199947,210445,谁,"76561198372938462",SPine,true,3
1700,"6b0b30d74fce30dc",20,199957,210456,干嘛呢？,"76561198151914303",DANK1NG,true,2
1701,"6b0b30d74fce30dc",20,200356,210877,admin,"76561198151914303",DANK1NG,true,2
1702,"6b0b30d74fce30dc",20,200977,211534,有嫌疑,"76561198372938462",SPine,true,3
1703,"6b0b30d74fce30dc",23,228377,240359,gg,"76561198372938462",SPine,true,3
1704,a9234141511a1532,1,4947,5239,r,"76561198372938462",SPine,true,3
1705,a9234141511a1532,1,5294,5606,r,"76561198151914303",DANK1NG,true,2
1706,a9234141511a1532,1,5312,5624,go,"76561198980464786",R1sk,true,2
1707,a9234141511a1532,1,6267,6629,hff,"76561198372938462",SPine,true,3
1708,a9234141511a1532,1,6271,6633,hf,"76561198980464786",R1sk,true,2
1709,a9234141511a1532,3,15704,16558,go,"76561198358424861",rage,true,3
1710,a9234141511a1532,3,16527,17429,r,"76561198151914303",DANK1NG,true,2
1711,a9234141511a1532,6,45620,48039,.PAUSE,"76561198980464786",R1sk,true,2
1712,a9234141511a1532,10,80196,84420,HAOLA MA,"76561198980464786",R1sk,true,2
1713,a9234141511a1532,10,80313,84547,ADMIN,"76561198980464786",R1sk,true,2
1714,a9234141511a1532,10,83024,87399,go,"76561198358424861",rage,true,3
1715,a9234141511a1532,13,111821,117718,GO,"76561198980464786",R1sk,true,3
1716,a9234141511a1532,13,112026,117935,\hfff,"76561198372938462",SPine,true,2
1717,a9234141511a1532,13,112150,118067,g,"76561198358424861",rage,true,2
1718,a9234141511a1532,13,112156,118073,HF,"76561198980464786",R1sk,true,3
1719,a9234141511a1532,13,112212,118130,hff,"76561198347611594",sayo,true,3
1720,"7d91f03e93747585",1,868,957,hHFHFHHFHFHFHHFHFHF,"76561198036066702",Alv,true,3
1721,"7d91f03e93747585",1,1090,1189,hfhf,"76561198069567550","4X1s",true,3
1722,"7d91f03e93747585",1,1199,1307,HF,"76561199189100088","7Kick",true,2
1723,"7d91f03e93747585",5,33485,35281,ns,"76561197968389863",adamS,false,2
1724,"7d91f03e93747585",6,33720,35525,ty,"76561198036066702",Alv,true,3
1725,"7d91f03e93747585",8,60065,63247,.tech,"76561198156362373",Fostar,false,2
1726,"7d91f03e93747585",9,64868,68300,.unpause,"76561199189100088","7Kick",true,2
1727,"7d91f03e93747585",9,65999,69492,we r,"76561198156362373",Fostar,true,2
1728,"7d91f03e93747585",9,66008,69501,!unpause,"76561197982341849",nEMANHA,true,2
1729,"7d91f03e93747585",9,66728,70261,!unpause,"76561198069567550","4X1s",true,3
1730,"7d91f03e93747585",15,116262,122399,gg,"76561199189100088","7Kick",true,3
1731,"7d91f03e93747585",15,116276,122415,gg,"76561197982341849",nEMANHA,false,3
1732,"7d91f03e93747585",15,116300,122442,gg,"76561198036066702",Alv,false,2
1733,"7d91f03e93747585",15,116379,122525,ggs,"76561198069567550","4X1s",false,2
1734,"8d39e4c8efcaae52",1,560,627,hfhfhfhfhf,"76561198036066702",Alv,true,2
1735,"8d39e4c8efcaae52",14,96199,101255,!tech,"76561198069567550","4X1s",true,3
1736,"8d39e4c8efcaae52",14,103275,108669,R,"76561197982341849",nEMANHA,true,2
1737,"8d39e4c8efcaae52",14,103318,108713,y,"76561198069567550","4X1s",true,3
1738,"8d39e4c8efcaae52",14,103338,108733,r,"76561198069567550","4X1s",true,3
1739,"8d39e4c8efcaae52",20,148315,156043,gg,"76561199189100088","7Kick",true,2
1740,"8d39e4c8efcaae52",20,148317,156045,gg,"76561198036066702",Alv,false,3
1741,"8d39e4c8efcaae52",20,148359,156092,ggs,"76561198069567550","4X1s",false,3
1742,"8d39e4c8efcaae52",20,148390,156126,GG,"76561198156362373",Fostar,true,2
1743,"8d39e4c8efcaae52",20,148398,156134,gg,"76561197982341849",nEMANHA,true,2
1744,c683af478c06491,1,4227,4535,!reay,"76561198055109028",ICY,false,3
1745,c683af478c06491,1,4378,4698,!ready,"76561198055109028",ICY,true,3
1746,c683af478c06491,1,7222,7721,hf,"76561199044291307",noni,true,3
1747,"17f903159982eda1",1,4815,5159,!pause,"76561198055109028",ICY,true,2
1748,"17f903159982eda1",19,136885,144401,gg,"76561198303381179",kade0,false,3
1749,f56f6d6959f09572,1,2409,2574,hfhf,"76561198014569791",Twinkeey,true,3
1750,f56f6d6959f09572,1,2848,3034,hfhfhf,"76561198102263776",salazar,true,2
1751,f56f6d6959f09572,2,11534,12179,Allllrighty,"76561198102263776",salazar,true,2
1752,f56f6d6959f09572,2,12004,12671,we are fine with restore aswell x(,"76561198014569791",Twinkeey,true,3
1753,f56f6d6959f09572,2,12407,13094,O__o,"76561198304064574",Leakz,true,2
1754,f56f6d6959f09572,2,12728,13435,>D,"76561197991000831",IceBerg,true,2
1755,f56f6d6959f09572,2,12877,13592,real stats 0-0,"76561199077753791",titulus,true,3
1756,f56f6d6959f09572,2,13002,13719,letsgo,"76561199077753791",titulus,true,3
1757,f56f6d6959f09572,4,38377,40421,ns,"76561198126846144",mogv,false,3
1758,f56f6d6959f09572,5,39542,41648,ty,"76561198304064574",Leakz,true,2
1759,f56f6d6959f09572,8,66950,70486,We need a new tac,"76561198102263776",salazar,true,2
1760,f56f6d6959f09572,8,67115,70661,.tech,"76561198102263776",salazar,true,2
1761,f56f6d6959f09572,8,67303,70859,We cant hear coach,"76561198102263776",salazar,true,2
1762,f56f6d6959f09572,8,67650,71226,.tech,"76561198102263776",salazar,true,2
1763,f56f6d6959f09572,8,70426,74144,perfedt,"76561197991000831",IceBerg,true,2
1764,f56f6d6959f09572,8,70868,74614,do u unpause,"76561197991000831",IceBerg,true,2
1765,f56f6d6959f09572,8,71015,74764,after 30 sec,"76561197991000831",IceBerg,true,2
1766,f56f6d6959f09572,8,72372,76193,!unpause,"76561197991000831",IceBerg,true,2
1767,f56f6d6959f09572,12,113614,119587,GH,"76561198011668639",Boye,true,2
1768,f56f6d6959f09572,18,149435,157298,We need a tech,"76561198102263776",salazar,true,3
1769,f56f6d6959f09572,18,149585,157458,Cant hear coach,"76561198102263776",salazar,true,3
1770,f56f6d6959f09572,18,149688,157561,skräll,"76561198126846144",mogv,true,2
1771,f56f6d6959f09572,18,150306,158216,.tech,"76561198102263776",salazar,true,3
1772,f56f6d6959f09572,18,150482,158399,We need 30sec,"76561198102263776",salazar,true,3
1773,f56f6d6959f09572,18,150727,158661,"3/4 on mix permaban bad looks","76561198001557762",robiin,true,2
1774,f56f6d6959f09572,18,151765,159749,"9/12 looks kinda bad","76561197991000831",IceBerg,true,3
1775,f56f6d6959f09572,18,152591,160618,"13-13 with no arms is extremely impressive","76561198001557762",robiin,true,2
1776,f56f6d6959f09572,18,152673,160707,thats my goat,"76561199077753791",titulus,true,2
1777,f56f6d6959f09572,19,160522,168967,shooting ur teammates looks kinda bad,"76561198011668639",Boye,true,3
1778,f56f6d6959f09572,19,160838,169295,not false,"76561199077753791",titulus,true,2
1779,f56f6d6959f09572,22,184303,193988,looks kinda bad to full execute with 0 kills,"76561198011668639",Boye,true,3
1780,f56f6d6959f09572,22,184721,194430,"4/4 ","76561198126846144",mogv,true,2
1781,f56f6d6959f09572,22,184924,194643,We ccant hear,"76561198102263776",salazar,true,3
1782,f56f6d6959f09572,22,184991,194710,:D,"76561198102263776",salazar,true,3
1783,f56f6d6959f09572,22,185086,194815,you pracc full time and ur saking against me,"76561198001557762",robiin,true,2
1784,f56f6d6959f09572,22,185391,195130,that says enough,"76561198001557762",robiin,true,2
1785,f56f6d6959f09572,22,185777,195536,shaking!,"76561198001557762",robiin,true,2
1786,f56f6d6959f09572,22,185789,195548,No problemo admin,"76561198102263776",salazar,true,3
1787,f56f6d6959f09572,22,186975,196799,what about mr armstrong,"76561198011668639",Boye,true,3
1788,f56f6d6959f09572,23,200418,210946,gg ez,"76561197991000831",IceBerg,true,3
1789,f56f6d6959f09572,23,200435,210965,gg,"76561198011668639",Boye,true,3
1790,f56f6d6959f09572,23,200442,210973,gg,"76561198014569791",Twinkeey,false,2
1791,f56f6d6959f09572,23,200475,211007,ggwp,"76561199103886088",Nicky Bruhn,false,3
1792,b7cfe32011fa0354,1,2031,2172,hfhfhf,"76561198102263776",salazar,true,3
1793,b7cfe32011fa0354,1,2202,2353,hfhf,"76561198014569791",Twinkeey,true,2
1794,b7cfe32011fa0354,2,7370,7792,.tech,"76561198304064574",Leakz,true,3
1795,b7cfe32011fa0354,2,7370,7792,!TECH,"76561198011668639",Boye,true,3
1796,b7cfe32011fa0354,2,7424,7846,.tech,"76561198102263776",salazar,true,3
1797,b7cfe32011fa0354,2,8482,8965,my game tapped out,"76561197991000831",IceBerg,true,3
1798,b7cfe32011fa0354,2,8657,9148,we back,"76561197991000831",IceBerg,true,3
1799,b7cfe32011fa0354,2,8821,9318,r,"76561198102263776",salazar,true,3
1800,b7cfe32011fa0354,2,8868,9371,?,"76561198102263776",salazar,true,3
1801,b7cfe32011fa0354,2,9053,9566,r,"76561198126846144",mogv,true,2
1802,b7cfe32011fa0354,2,9082,9595,r,"76561198153651861",nawwkk,true,2
1803,b7cfe32011fa0354,2,9177,9690,.unpause,"76561198102263776",salazar,true,3
1804,b7cfe32011fa0354,2,9239,9761,!unpause,"76561197991000831",IceBerg,true,3
1805,b7cfe32011fa0354,3,16882,17801,ns,"76561199103886088",Nicky Bruhn,true,3
1806,b7cfe32011fa0354,3,17085,18016,tyty,"76561198014569791",Twinkeey,true,2
1807,b7cfe32011fa0354,12,78119,82240,gh,"76561198011668639",Boye,false,3
1808,b7cfe32011fa0354,16,95347,100390,.tac,"76561197991000831",IceBerg,true,2
1809,b7cfe32011fa0354,22,136983,144203,.tac,"76561197991000831",IceBerg,true,2
1810,b7cfe32011fa0354,24,153332,161407,!tac,"76561197991000831",IceBerg,true,2
1811,b7cfe32011fa0354,27,190756,200788,gh,"76561198011668639",Boye,true,2
1812,b7cfe32011fa0354,29,202402,213068,gg,"76561198014569791",Twinkeey,false,2
1813,"9b9be817a88c1584",10,67458,71385,!r,"76561198298496976",Girafffe,true,3
1814,"9b9be817a88c1584",19,130926,138516,.rethrow,"76561198298496976",Girafffe,true,2
1815,"9b9be817a88c1584",23,161880,171251,gg,"76561198339865212",bevve,false,2
1816,"9b9be817a88c1584",23,162003,171380,gg,"76561198088906330",arTisT,false,2
1817,"9b9be817a88c1584",23,162035,171412,ggs,"76561197985246786",mynio,true,3
1818,"5d10f4fbd00192bb",1,236,291,hff,"76561198076696741",Kylar,true,3
1819,"5d10f4fbd00192bb",3,10837,11461,!tech,"76561197985246786",mynio,true,3
1820,"5d10f4fbd00192bb",3,11235,11881,mouse broken,"76561198076696741",Kylar,true,3
1821,"5d10f4fbd00192bb",3,14390,15218,r?,"76561197985246786",mynio,true,3
1822,"5d10f4fbd00192bb",3,14495,15329,r,"76561198088906330",arTisT,true,2
1823,"5d10f4fbd00192bb",3,14600,15442,!unpause,"76561197985246786",mynio,true,3
1824,"5d10f4fbd00192bb",3,14642,15487,.unpause,"76561198088906330",arTisT,true,2
1825,"5d10f4fbd00192bb",24,182674,193188,gg,"76561198339865212",bevve,false,3
1826,"5d10f4fbd00192bb",24,183082,193621,gg,"76561198874529807",kunai,false,2
1827,"5d10f4fbd00192bb",24,183214,193761,GG,"76561198190928622",Vacancy ,false,3
1828,"5ef2d1b23ef60496",2,1885,2037,!switch,"76561198088906330",arTisT,true,2
1829,"5ef2d1b23ef60496",4,3713,3986,hfhf,"76561197985246786",mynio,true,2
1830,"5ef2d1b23ef60496",14,79348,83908,.tac,"76561198076696741",Kylar,true,2
1831,"5ef2d1b23ef60496",23,160304,169118,gg,"76561198874529807",kunai,false,3
1832,"5ef2d1b23ef60496",23,160424,169248,gg,"76561198339865212",bevve,false,2
1833,"5ef2d1b23ef60496",23,160434,169258,gg,"76561198088906330",arTisT,false,2
1834,"5ef2d1b23ef60496",23,160560,169387,ggs,"76561197985246786",mynio,false,3
1835,"2b692f403d8a2537",1,2094,2241,hfff,"76561198053126645",NertZ,true,3
1836,"2b692f403d8a2537",1,2269,2424,hfhf,"76561198066693739",EliGE,true,3
1837,"2b692f403d8a2537",1,2274,2430,hefe,"76561198370086461",MartinezSa,true,2
1838,"2b692f403d8a2537",1,2368,2532,hfhf,"76561198417348056",dav1g,true,2
1839,"2b692f403d8a2537",20,195026,205266,ggwp,"76561198053126645",NertZ,false,2
1840,"2b692f403d8a2537",20,195142,205382,ggg,"76561198150673360",siuhy,false,2
1841,"7f742621512ab5d3",1,4828,5121,hefe,"76561198370086461",MartinezSa,true,3
1842,"7f742621512ab5d3",1,5175,5483,hfff,"76561198053126645",NertZ,true,2
1843,"7f742621512ab5d3",22,174310,183497,gg,"76561198066693739",EliGE,true,3
1844,"7f742621512ab5d3",22,174425,183613,ggs,"76561197998197366",mopoz,false,2
1845,f68d4aa10d3c15fc,1,6590,6977,!stay,"76561198001151695",NAF-FLY,true,3
1846,f68d4aa10d3c15fc,16,149315,157191,gg,"76561198066693739",EliGE,false,2
1847,f68d4aa10d3c15fc,16,149553,157439,ggs,"76561197998197366",mopoz,false,3
1848,"9b8261c9e55ad80f",12,65358,68825,!tac,"76561198277725019",slayerhz_cv,true,3
1849,"9b8261c9e55ad80f",16,90009,94776,.rethrow,"76561198953646715","1AYALA",true,2
1850,"9b8261c9e55ad80f",16,92803,97718,gg,"76561198277725019",slayerhz_cv,false,2
1851,"9b8261c9e55ad80f",16,92891,97809,gg,"76561198334928158",NotJuanjo,false,2
1852,fad922bd36c191fc,1,3082,3683,hf,"76561198119388735",draken,true,3
1853,fad922bd36c191fc,8,55947,59309,.tac,"76561197961358863",Lekr0,true,3
1854,fad922bd36c191fc,10,77886,82392,.tac,"76561197961358863",Lekr0,true,3
1855,fad922bd36c191fc,17,128097,135247,!tac,"76561198019990506",Patti,true,3
1856,fad922bd36c191fc,19,147785,155960,!tac,"76561198019990506",Patti,true,3
1857,fad922bd36c191fc,21,168358,177606,.tac,"76561198019990506",Patti,true,3
1858,"8cf67a76a7e8baf5",9,54901,57806,!TAC,"76561198019990506",Patti,true,3
1859,"8cf67a76a7e8baf5",10,66719,70243,!tac,"76561198251751942",Zanto999,true,3
1860,"8cf67a76a7e8baf5",11,87509,92117,.tac,"76561197961358863",Lekr0,false,2
1861,"8cf67a76a7e8baf5",12,91000,95794,.tac,"76561197961358863",Lekr0,true,2
1862,"8cf67a76a7e8baf5",19,133949,141009,.tac,"76561198019990506",Patti,true,2
1863,"8cf67a76a7e8baf5",21,149864,157755,.tac,"76561198019990506",Patti,true,2
1864,"8cf67a76a7e8baf5",22,160420,168861,.tac,"76561197961358863",Lekr0,true,3
1865,"8cf67a76a7e8baf5",24,185845,195621,gg,"76561198070459137",kwezz,false,2
1866,"8cf67a76a7e8baf5",24,186196,195989,gg,"76561197961358863",Lekr0,true,3
1867,"31d6d8bb325cf9f8",2,7590,8021,sec mic,"76561198119388735",draken,true,3
1868,"31d6d8bb325cf9f8",2,7715,8157,mic sec,"76561197961358863",Lekr0,true,3
1869,"31d6d8bb325cf9f8",2,7937,8389,rgr,"76561197997951486",thamlike,true,2
1870,"31d6d8bb325cf9f8",2,8816,9312,r,"76561197961358863",Lekr0,true,3
1871,"31d6d8bb325cf9f8",2,8986,9489,r,"76561197997951486",thamlike,true,2
1872,"31d6d8bb325cf9f8",2,9985,10543,R,"76561198019990506",Patti,true,2
1873,"31d6d8bb325cf9f8",2,10183,10752,.unpause,"76561198119388735",draken,true,3
1874,"31d6d8bb325cf9f8",2,10322,10894,hfhrf,"76561197961358863",Lekr0,true,3
1875,"31d6d8bb325cf9f8",6,38420,40467,.tac,"76561198019990506",Patti,true,2
1876,"31d6d8bb325cf9f8",9,60511,63712,!tac,"76561198019990506",Patti,true,2
1877,"31d6d8bb325cf9f8",17,116614,122762,!tac,"76561198019990506",Patti,true,3
1878,"31d6d8bb325cf9f8",19,133456,140479,!tac,"76561198019990506",Patti,true,3
1879,"31d6d8bb325cf9f8",24,175704,184935,.tac,"76561197961358863",Lekr0,true,2
1880,"31d6d8bb325cf9f8",29,215368,226690,!tac,"76561198019990506",Patti,true,2
1881,"31d6d8bb325cf9f8",30,226594,238507,.tac,"76561197961358863",Lekr0,true,3
1882,"31d6d8bb325cf9f8",30,238302,250828,gg,"76561197961358863",Lekr0,false,3
1883,"5b499e0f4fbdc664",1,477,540,"1tap : D","76561198815764190",eskyy,true,3
1884,"5b499e0f4fbdc664",1,496,559,"1tap : D","76561198815764190",eskyy,true,3
1885,"5b499e0f4fbdc664",2,2748,2931,!stay,"76561198050922008",hades,true,3
1886,"5b499e0f4fbdc664",2,3190,3393,!ready,"76561198806854565",Polo,true,2
1887,"5b499e0f4fbdc664",2,3517,3740,!ready,"76561198077677671",Prism,true,3
1888,"5b499e0f4fbdc664",4,17399,18346,"1tap : D","76561198815764190",eskyy,false,3
1889,"5b499e0f4fbdc664",4,17416,18363,"1tap : D","76561198815764190",eskyy,false,3
1890,"5b499e0f4fbdc664",4,17433,18380,"1tap : D","76561198815764190",eskyy,false,3
1891,"5b499e0f4fbdc664",4,17451,18400,"1tap : D","76561198815764190",eskyy,false,3
1892,"5b499e0f4fbdc664",4,17549,18506,"1tap : D","76561198815764190",eskyy,false,3
1893,"5b499e0f4fbdc664",6,32864,34624,"1tap : D","76561198815764190",eskyy,true,3
1894,"5b499e0f4fbdc664",6,32881,34642,"1tap : D","76561198815764190",eskyy,true,3
1895,"5b499e0f4fbdc664",6,32900,34661,"1tap : D","76561198815764190",eskyy,true,3
1896,"5b499e0f4fbdc664",6,32918,34679,"1tap : D","76561198815764190",eskyy,true,3
1897,"5b499e0f4fbdc664",8,40467,42620,!tac,"76561198054929073",SBT,true,2
1898,"5b499e0f4fbdc664",10,55090,58010,.-tac,"76561198077677671",Prism,true,3
1899,"5b499e0f4fbdc664",10,55146,58073,.tac,"76561198077677671",Prism,true,3
1900,"5b499e0f4fbdc664",12,77466,81559,.tac,"76561198077677671",Prism,true,3
1901,"5b499e0f4fbdc664",14,104749,110290,!ready,"76561198091819631",Ex1st,true,2
1902,"5b499e0f4fbdc664",14,105300,110867,.ready,"76561198077677671",Prism,false,3
1903,"5b499e0f4fbdc664",15,112145,118069,"1tap : D","76561198815764190",eskyy,false,2
1904,"5b499e0f4fbdc664",15,112200,118128,"1tap : D","76561198815764190",eskyy,false,2
1905,"5b499e0f4fbdc664",15,112268,118202,"1tap : D","76561198815764190",eskyy,false,2
1906,"5b499e0f4fbdc664",15,112320,118254,"1tap : D","76561198815764190",eskyy,false,2
1907,"5b499e0f4fbdc664",17,122411,128876,!tac,"76561198054929073",SBT,true,3
1908,"5b499e0f4fbdc664",19,144984,152626,"1tap : D","76561198815764190",eskyy,false,2
1909,"5b499e0f4fbdc664",19,145009,152651,"1tap : D","76561198815764190",eskyy,false,2
1910,"5b499e0f4fbdc664",19,145026,152671,"1tap : D","76561198815764190",eskyy,false,2
1911,"5b499e0f4fbdc664",19,145043,152690,"1tap : D","76561198815764190",eskyy,false,2
1912,"5b499e0f4fbdc664",19,145061,152711,"1tap : D","76561198815764190",eskyy,false,2
1913,"5b499e0f4fbdc664",20,145244,152902,!tac,"76561198054929073",SBT,true,3
1914,"5b499e0f4fbdc664",20,155461,163656,"1tap : D","76561198815764190",eskyy,true,2
1915,"5b499e0f4fbdc664",20,155483,163678,"1tap : D","76561198815764190",eskyy,true,2
1916,"5b499e0f4fbdc664",21,163070,171439,ggg,"76561198815764190",eskyy,true,2
1917,"5b499e0f4fbdc664",21,163101,171470,gg,"76561198050922008",hades,true,2
1918,"5b499e0f4fbdc664",21,163134,171503,"1tap : D","76561198815764190",eskyy,true,2
1919,"5b499e0f4fbdc664",21,163152,171521,"1tap : D","76561198815764190",eskyy,true,2
1920,"5b499e0f4fbdc664",21,163162,171531,GG,"76561198806854565",Polo,false,3
1921,"5b499e0f4fbdc664",21,163537,171906,gg,"76561198054929073",SBT,false,3
1922,"35943b9b1fa54851",1,3039,3240,!ready,"76561198806854565",Polo,true,2
1923,"35943b9b1fa54851",6,38613,40674,.TAC,"76561198077677671",Prism,true,3
1924,"35943b9b1fa54851",9,65732,69212,.tac,"76561198077677671",Prism,true,3
1925,"35943b9b1fa54851",12,97604,102774,!READTY,"76561198091819631",Ex1st,false,2
1926,"35943b9b1fa54851",12,97737,102911,!READY,"76561198091819631",Ex1st,false,2
1927,"35943b9b1fa54851",12,97777,102957,!r,"76561198815764190",eskyy,false,3
1928,"35943b9b1fa54851",12,98911,104148,!ready,"76561198050922008",hades,false,3
1929,"35943b9b1fa54851",15,121580,127779,gg,"76561198077677671",Prism,false,2
1930,"35943b9b1fa54851",15,121591,127790,gg,"76561198054929073",SBT,false,3
1931,"35943b9b1fa54851",15,121674,127873,ggs,"76561198050922008",hades,false,2
1932,"4c0fb74ff1d37488",1,1323,1437,!READY,"76561198091819631",Ex1st,false,3
1933,"4c0fb74ff1d37488",1,1560,1685,clear,"76561198806854565",Polo,true,3
1934,"4c0fb74ff1d37488",1,4185,4447,hfhf,"76561198054929073",SBT,true,3
1935,"4c0fb74ff1d37488",8,63767,67147,!tac,"76561198054929073",SBT,true,3
1936,"4c0fb74ff1d37488",9,81838,86163,"1tap : D","76561198815764190",eskyy,false,2
1937,"4c0fb74ff1d37488",9,81863,86188,"1tap : D","76561198815764190",eskyy,false,2
1938,"4c0fb74ff1d37488",10,83124,87519,.TAC,"76561198077677671",Prism,true,2
1939,"4c0fb74ff1d37488",11,103929,109410,"1tap : D","76561198815764190",eskyy,true,2
1940,"4c0fb74ff1d37488",11,103947,109428,"1tap : D","76561198815764190",eskyy,true,2
1941,"4c0fb74ff1d37488",12,110596,116448,"1tap : D","76561198815764190",eskyy,true,2
1942,"4c0fb74ff1d37488",12,110616,116468,"1tap : D","76561198815764190",eskyy,true,2
1943,"4c0fb74ff1d37488",12,111450,117344,!ready,"76561198091819631",Ex1st,false,3
1944,"4c0fb74ff1d37488",13,117425,123633,"1tap : D","76561198815764190",eskyy,true,3
1945,"4c0fb74ff1d37488",13,117443,123653,"1tap : D","76561198815764190",eskyy,true,3
1946,"4c0fb74ff1d37488",13,117462,123675,"1tap : D","76561198815764190",eskyy,true,3
1947,"4c0fb74ff1d37488",13,117481,123694,"1tap : D","76561198815764190",eskyy,true,3
1948,"4c0fb74ff1d37488",15,123041,129545,.TAC,"76561198077677671",Prism,true,3
1949,"4c0fb74ff1d37488",18,144045,151644,!tac,"76561198054929073",SBT,true,2
1950,"4c0fb74ff1d37488",18,152437,160478,"1tap : D","76561198815764190",eskyy,false,3
1951,"4c0fb74ff1d37488",18,152463,160504,"1tap : D","76561198815764190",eskyy,false,3
1952,"4c0fb74ff1d37488",18,152480,160521,"1tap : D","76561198815764190",eskyy,false,3
1953,"4c0fb74ff1d37488",18,152498,160539,"1tap : D","76561198815764190",eskyy,false,3
1954,"4c0fb74ff1d37488",20,168733,177397,gg,"76561198806854565",Polo,false,2
1955,"4c0fb74ff1d37488",20,168812,177476,gg,"76561198054929073",SBT,false,2
1956,c0165a1c61954a4d,1,712,784,glgl,"76561198445130456",darkk,false,2
1957,c0165a1c61954a4d,1,867,949,HF,"76561199032460571",r1verLaKe,true,2
1958,c0165a1c61954a4d,11,72818,76658,.tac,"76561198128463598",nin9,true,3
1959,c0165a1c61954a4d,19,154785,162921,r,"76561198441362330",Bart4k,true,2
1960,c0165a1c61954a4d,22,187411,197250,r,"76561198441362330",Bart4k,true,2
1961,c0165a1c61954a4d,23,201015,211566,?,"76561198823425843",sk0R,true,2
1962,c0165a1c61954a4d,23,201378,211949,@admin,"76561198358874951",Shad0w,true,3
1963,c0165a1c61954a4d,23,201609,212190,why,"76561198358874951",Shad0w,true,3
1964,c0165a1c61954a4d,23,201840,212435,ok,"76561198358874951",Shad0w,true,3
1965,c0165a1c61954a4d,23,217682,229107,r,"76561198823425843",sk0R,true,2
1966,c0165a1c61954a4d,23,217851,229286,r,"76561198358874951",Shad0w,true,3
1967,c0165a1c61954a4d,24,233285,245523,gg,"76561198128463598",nin9,true,2
1968,c0165a1c61954a4d,24,233383,245631,gg,"76561198362438171",controlez,true,2
1969,c0165a1c61954a4d,24,233508,245758,gg,"76561198445130456",darkk,false,3
1970,c4f4da42623b2204,1,8447,8925,.tech,"76561198441362330",Bart4k,false,3
1971,c4f4da42623b2204,2,9090,9601,ts,"76561198441362330",Bart4k,true,3
1972,c4f4da42623b2204,2,10197,10767,r,"76561198441362330",Bart4k,true,3
1973,c4f4da42623b2204,2,10374,10952,r,"76561198358874951",Shad0w,true,2
1974,c4f4da42623b2204,4,33680,35473,ns,"76561199032460571",r1verLaKe,false,2
1975,c4f4da42623b2204,8,61598,64842,ns,"76561198441362330",Bart4k,false,3
1976,c4f4da42623b2204,13,101305,106637,r,"76561198823425843",sk0R,true,2
1977,c4f4da42623b2204,13,101489,106831,r,"76561198445130456",darkk,true,3
1978,c4f4da42623b2204,22,170632,179575,gg,"76561198362438171",controlez,false,2
1979,c4f4da42623b2204,22,170830,179783,gg,"76561198445130456",darkk,false,3
1980,efdf4f2365128a77,1,3557,3778,gl,"76561198362438171",controlez,true,2
1981,efdf4f2365128a77,1,3739,3970,HF,"76561198445130456",darkk,true,3
1982,efdf4f2365128a77,1,3893,4135,gl,"76561198445130456",darkk,true,3
1983,efdf4f2365128a77,2,8402,8874,.tech,"76561198358874951",Shad0w,true,3
1984,efdf4f2365128a77,2,10899,11495,diaole ,"76561198358874951",Shad0w,true,3
1985,efdf4f2365128a77,2,10985,11590,r,"76561198358874951",Shad0w,true,3
1986,efdf4f2365128a77,2,11067,11673,we r,"76561198358874951",Shad0w,true,3
1987,efdf4f2365128a77,2,11225,11841,r,"76561198362438171",controlez,true,2
1988,efdf4f2365128a77,13,98371,103555,r,"76561198441362330",Bart4k,true,3
1989,efdf4f2365128a77,13,98660,103857,R,"76561199266867937",KunGao,true,2
1990,efdf4f2365128a77,19,141328,148749,ns,"76561198441362330",Bart4k,true,3
1991,efdf4f2365128a77,19,141583,149023,ty,"76561198358874951",Shad0w,true,2
1992,efdf4f2365128a77,21,169358,178244,r,"76561198441362330",Bart4k,true,3
1993,efdf4f2365128a77,21,169449,178345,r,"76561198358874951",Shad0w,true,2
1994,b8d45e4d313edb06,1,3365,4074,.ct,"76561198171689321",smooya,true,2
1995,b8d45e4d313edb06,12,93264,99197,gh,"76561198274726597",Matheos,false,3
1996,b8d45e4d313edb06,12,93358,99296,ghgh,"76561198171689321",smooya,false,3
1997,b8d45e4d313edb06,12,93481,99429,gh,"76561198217764976",danistzz,false,2
1998,b8d45e4d313edb06,22,168574,178859,ggwp,"76561198171689321",smooya,false,2
1999,b8d45e4d313edb06,22,168649,178934,gg,"76561199011712245",h0kz,false,3
2000,"8b5a1e7040012f52",1,3091,3776,!switch,"76561198016138527",JBOEN,true,2
2001,"8b5a1e7040012f52",1,3920,4655,hfhf,"76561198268262038",max4380,true,2
2002,"8b5a1e7040012f52",1,4101,4846,hf,"76561198888800765",w1dow-,true,3
2003,"8b5a1e7040012f52",7,46746,49960,nice duel ct bro :D,"76561198801448515",tripex17-_-,true,3
2004,"8b5a1e7040012f52",7,46797,50013,ahah,"76561198801448515",tripex17-_-,true,3
2005,"8b5a1e7040012f52",17,106844,113546,gg,"76561198801448515",tripex17-_-,true,2
2006,"8b5a1e7040012f52",17,106909,113619,gg,"76561198178801031",prosus,true,2
2007,"97533032f79a57fa",1,2852,3526,.ct,"76561198231705972",eightz999,true,2
2008,"97533032f79a57fa",1,3108,3795,hfhf,"76561198822310767",PsychoDoctor,true,3
2009,"97533032f79a57fa",1,3247,3943,hFF,"76561198231705972",eightz999,true,3
2010,"97533032f79a57fa",1,3296,3993,hfhf,"76561197960710573",NBK,true,2
2011,"97533032f79a57fa",3,17635,19163,!pause,"76561198231705972",eightz999,true,3
2012,"97533032f79a57fa",3,18175,19735,timed out,"76561198231705972",eightz999,true,3
2013,"97533032f79a57fa",3,18374,19945,k,"76561198274686035",Brooxsy,true,2
2014,"97533032f79a57fa",3,18416,19988,kk,"76561197960710573",NBK,true,2
2015,"97533032f79a57fa",3,20647,22351,r?,"76561198231705972",eightz999,true,3
2016,"97533032f79a57fa",3,20783,22491,y,"76561198274686035",Brooxsy,true,2
2017,"97533032f79a57fa",3,20784,22492,rdy,"76561197960710573",NBK,true,2
2018,"97533032f79a57fa",3,20913,22629,!pause,"76561198231705972",eightz999,true,3
2019,"97533032f79a57fa",3,21002,22724,!unpause,"76561198231705972",eightz999,true,3
2020,"97533032f79a57fa",7,55378,59090,!tac,"76561198231705972",eightz999,true,3
2021,"97533032f79a57fa",18,139540,148146,!tac,"76561198231705972",eightz999,true,2
2022,"97533032f79a57fa",23,181556,192595,!tac,"76561198231705972",eightz999,true,2
2023,"97533032f79a57fa",24,193758,205506,!tac,"76561198231705972",eightz999,true,2
2024,"97533032f79a57fa",24,194104,205870,!pause,"76561198231705972",eightz999,true,2
2025,"97533032f79a57fa",24,194254,206025,XD,"76561197960710573",NBK,true,3
2026,"97533032f79a57fa",24,194457,206240,not very sneaky,"76561197960710573",NBK,true,3
2027,"97533032f79a57fa",24,194468,206253,lol,"76561198081528911",Misutaaa,true,3
2028,"97533032f79a57fa",24,194562,206354,WC,"76561198356252021",slaxejezzz,true,2
2029,"97533032f79a57fa",24,194579,206371,unpause pls,"76561197960710573",NBK,true,3
2030,"97533032f79a57fa",24,194840,206645,!unpause,"76561198231705972",eightz999,true,2
2031,"97533032f79a57fa",24,194904,206718,ok haha,"76561198231705972",eightz999,true,2
2032,"97533032f79a57fa",24,203195,215484,gg,"76561197960710573",NBK,false,3
2033,"97533032f79a57fa",24,203324,215620,gg,"76561198822310767",PsychoDoctor,false,2
2034,"97533032f79a57fa",24,203355,215655,gg,"76561198231705972",eightz999,false,2
2035,"8194164e37a349ae",1,364,894,hfhf,"76561198245925350",Qlocuu,true,2
2036,"8194164e37a349ae",1,507,1043,hf,"76561198135878798",Plopski,true,3
2037,"8194164e37a349ae",1,715,1262,hf,"76561198164459186",Coach|-vinS_,false,3
2038,"8194164e37a349ae",1,1774,2380,dont vote insta pls,"76561198120215734",dragon1999,true,3
2039,"8194164e37a349ae",1,3697,4415,ELO,"76561198164459186",Coach|-vinS_,true,3
2040,"8194164e37a349ae",1,3919,4650,cze\,"76561197986829261",innocent,true,2
2041,"8194164e37a349ae",1,3928,4659,yo,"76561198412400644",Flayy-,true,2
2042,"8194164e37a349ae",1,3974,4709,vote last seconds pls,"76561198135878798",Plopski,true,3
2043,"8194164e37a349ae",1,4133,4877,need to resrtart pc,"76561198135878798",Plopski,true,3
2044,"8194164e37a349ae",1,4292,5047,nvm IS US,"76561198135878798",Plopski,true,3
2045,"8194164e37a349ae",1,4591,5366,XD,"76561198150625317",Sobol,true,2
2046,"8194164e37a349ae",1,5988,6851,vins said this after knife,"76561198071910365",isak,true,3
2047,"8194164e37a349ae",1,6087,6954,jestem za mądry dla tych debili,"76561198071910365",isak,true,3
2048,"8194164e37a349ae",1,6548,7447,is good?,"76561198071910365",isak,true,3
2049,"8194164e37a349ae",1,6785,7694,jest za gruby,"76561198212208204",b1elany,true,2
2050,"8194164e37a349ae",1,7344,8288,gruby?,"76561198071910365",isak,true,3
2051,"8194164e37a349ae",1,7834,8809,fat,"76561198212208204",b1elany,true,2
2052,"8194164e37a349ae",1,12957,14251,r?,"76561198072089680",Jackinho,true,3
2053,"8194164e37a349ae",1,13316,14634,sec,"76561198212208204",b1elany,true,2
2054,"8194164e37a349ae",1,13364,14684,!ready,"76561198072089680",Jackinho,true,3
2055,"8194164e37a349ae",1,13549,14880,ok,"76561198072089680",Jackinho,true,3
2056,"8194164e37a349ae",1,14080,15446,r,"76561198150625317",Sobol,true,2
2057,"8194164e37a349ae",1,14106,15472,r,"76561198212208204",b1elany,true,2
2058,"8194164e37a349ae",1,14318,15697,hfhf,"76561198120215734",Dragon,true,3
2059,"8194164e37a349ae",1,14516,15908,hf,"76561198072089680",Jackinho,true,3
2060,"8194164e37a349ae",1,14701,16104,hfhf,"76561198071910365",isak,true,3
2061,"8194164e37a349ae",6,63811,68313,maybe we switch this magnificent server,"76561197986829261",innocent,true,2
2062,"8194164e37a349ae",6,64387,68925,interesting pick on server,"76561198071910365",isak,true,3
2063,"8194164e37a349ae",6,64900,69474,-ger -nl -france,"76561198212208204",b1elany,true,2
2064,"8194164e37a349ae",6,64993,69568,u choosed that mr Paweł,"76561198164459186",Coach|-vinS_,false,3
2065,"8194164e37a349ae",6,65122,69708,that interesting ngl,"76561198212208204",b1elany,true,2
2066,"8194164e37a349ae",6,65185,69772,+fin?,"76561198071910365",isak,true,3
2067,"8194164e37a349ae",6,65361,69960,xd,"76561198212208204",b1elany,true,2
2068,"8194164e37a349ae",6,66032,70677,r?,"76561198150625317",Sobol,true,2
2069,"8194164e37a349ae",6,66262,70921,r,"76561198065294895",forsyy,true,3
2070,"8194164e37a349ae",10,107886,115175,!TECH,"76561198412400644",Flayy-,true,2
2071,"8194164e37a349ae",10,115417,123178,r?,"76561198150625317",Sobol,true,2
2072,"8194164e37a349ae",10,115550,123320,r,"76561198065294895",forsyy,true,3
2073,"8194164e37a349ae",12,137970,147186,ghgh,"76561198245925350",Qlocuu,false,2
2074,"8194164e37a349ae",13,138483,147730,gh,"76561198071910365",isak,true,2
2075,"8194164e37a349ae",13,139584,148896,gh,"76561198072089680",Jackinho,true,2
2076,"8194164e37a349ae",24,233849,249112,GG,"76561198412400644",Flayy-,false,3
2077,"8194164e37a349ae",24,233995,249267,gg,"76561198164459186",Coach|-vinS_,false,2
2078,"8194164e37a349ae",24,234018,249290,gg,"76561198071910365",isak,false,2
2079,"8194164e37a349ae",24,234076,249355,gg,"76561198245925350",Qlocuu,true,3
2080,f273210b73cb7256,1,3373,4126,!stay,"76561198128931118",podi,true,3
2081,f273210b73cb7256,7,57938,62153,ns,"76561199160742584",kEEGAN888,false,2
2082,f273210b73cb7256,8,58965,63243,ty,"76561198971718392",Neityu,true,3
2083,f273210b73cb7256,14,120843,129069,!throw,"76561198963311162",GET-NEKIT777,false,3
2084,f273210b73cb7256,21,173693,185272,!pAUSE,"76561198963311162",GET-NEKIT777,false,3
2085,f273210b73cb7256,22,174744,186389,ts loss,"76561198963311162",GET-NEKIT777,true,3
2086,f273210b73cb7256,22,179019,190929,!unpause,"76561198963311162",GET-NEKIT777,true,3
2087,f273210b73cb7256,22,185716,198048,gg,"76561198252434500",fiklas,false,2
2088,f273210b73cb7256,22,185732,198064,g,"76561198963311162",GET-NEKIT777,false,3
2089,f273210b73cb7256,22,186025,198381,gg,"76561198133225784",Coach|Iqlityxgod,false,3
2090,"13e5f07b85555ae5",1,5958,6866,.stay,"76561198080114546",fame--,true,3
2091,"13e5f07b85555ae5",1,6221,7134,hfhfhf,"76561199181360085",flouzer,true,2
2092,"13e5f07b85555ae5",1,6353,7278,hf,"76561199032610185",ayukiii,true,2
2093,"13e5f07b85555ae5",1,6497,7433,hf,"76561198156774221",z1k4-,true,2
2094,"13e5f07b85555ae5",1,6498,7434,hf,"76561199116332388",tO0RO,true,3
2095,"13e5f07b85555ae5",23,195769,208658,gg,"76561199181360085",flouzer,true,3
2096,ad357f012bd8bbdf,1,2326,2491,!ct,"76561198245773992",masked,true,2
2097,ad357f012bd8bbdf,1,2412,2585,!CT,"76561198191011338",Nami,true,2
2098,ad357f012bd8bbdf,1,2500,2675,!switch,"76561198245773992",masked,true,2
2099,ad357f012bd8bbdf,1,2674,2872,!ready,"76561198245773992",masked,true,3
2100,ad357f012bd8bbdf,1,4442,4734,!ready,"76561199021962584",KusMe,true,2
2101,ad357f012bd8bbdf,4,22149,23370,sup,"76561198245773992",masked,true,3
2102,ad357f012bd8bbdf,4,22314,23541,sup,"76561199181968192",Something,true,2
2103,ad357f012bd8bbdf,4,22637,23878,why pause,"76561198245773992",masked,true,3
2104,ad357f012bd8bbdf,4,22999,24260,split coffe,"76561198096372312",shady,true,2
2105,ad357f012bd8bbdf,4,23207,24479,okay ty,"76561198245773992",masked,true,3
2106,ad357f012bd8bbdf,4,24029,25345,r,"76561198096372312",shady,true,2
2107,ad357f012bd8bbdf,4,24307,25639,R,"76561198191011338",Nami,true,3
2108,ad357f012bd8bbdf,4,24386,25718,r,"76561198245773992",masked,true,3
2109,ad357f012bd8bbdf,4,24484,25826,!UNPAUSE,"76561198184955555",spirit,true,2
2110,ad357f012bd8bbdf,4,24488,25830,!unpause,"76561198245773992",masked,true,3
2111,ad357f012bd8bbdf,12,98685,103903,!tech,"76561198184955555",spirit,true,2
2112,ad357f012bd8bbdf,12,101428,106779,!unpause,"76561198191011338",Nami,true,3
2113,ad357f012bd8bbdf,12,126502,133032,eta,"76561198191011338",Nami,true,3
2114,ad357f012bd8bbdf,12,127555,134139,scholka minutes,"76561198191011338",Nami,true,3
2115,ad357f012bd8bbdf,12,128302,134919,skolka*,"76561198191011338",Nami,true,3
2116,ad357f012bd8bbdf,12,133107,139951,немножко,"76561199021962584",KusMe,true,2
2117,ad357f012bd8bbdf,12,133612,140477,internet issues,"76561198096372312",shady,true,2
2118,ad357f012bd8bbdf,12,134040,140925,waiting any information from something,"76561198096372312",shady,true,2
2119,ad357f012bd8bbdf,12,134301,141202,atliczna,"76561198191011338",Nami,true,3
2120,ad357f012bd8bbdf,12,146540,154017,"1 min","76561198184955555",spirit,true,2
2121,ad357f012bd8bbdf,12,146572,154053,in ts,"76561198096372312",shady,true,2
2122,ad357f012bd8bbdf,12,146681,154162,inc,"76561198184955555",spirit,true,2
2123,ad357f012bd8bbdf,12,151446,159156,!unpause,"76561198245773992",masked,true,3
2124,ad357f012bd8bbdf,12,152230,159978,!unpause,"76561198184955555",spirit,true,2
2125,ad357f012bd8bbdf,12,152451,160209,!unpause,"76561198191011338",Nami,true,3
2126,ad357f012bd8bbdf,12,153030,160818,hf,"76561198028522662",Markoś,true,3
2127,ad357f012bd8bbdf,14,170798,179535,!tech,"76561198191011338",Nami,false,2
2128,ad357f012bd8bbdf,15,174369,183293,!unpause,"76561198245773992",masked,true,2
2129,ad357f012bd8bbdf,15,174411,183335,!unpause,"76561198191011338",Nami,true,2
2130,ad357f012bd8bbdf,17,192627,202505,!TAC,"76561198191011338",Nami,true,2
2131,ad357f012bd8bbdf,20,218247,229466,!tac,"76561198184955555",spirit,true,3
2132,ad357f012bd8bbdf,21,235868,248005,gg,"76561198028522662",Markoś,false,2
2133,ad357f012bd8bbdf,21,235900,248042,gg,"76561198245773992",masked,false,2
2134,ad357f012bd8bbdf,21,235908,248051,gg,"76561198096372312",shady,true,3
2135,c7b076d797b3dbe6,22,168463,177337,LOSS,"76561199021962584",KusMe,true,3
2136,c7b076d797b3dbe6,22,172426,181505,.unpause,"76561199181968192",Something,true,3
2137,c7b076d797b3dbe6,22,172592,181677,!unpause,"76561198245773992",masked,true,2
2138,c7b076d797b3dbe6,25,198534,208978,.TAC,"76561198148986856",maaryy,true,2
2139,c7b076d797b3dbe6,30,252503,265794,gg,"76561198245773992",masked,false,3
2140,c7b076d797b3dbe6,30,252607,265899,gg,"76561198028522662",Markoś,false,3
2141,acba6c83282fbc01,13,97027,102156,hf,"76561198148986856",maaryy,true,2
2142,acba6c83282fbc01,13,97156,102295,gh,"76561198245773992",masked,true,2
2143,acba6c83282fbc01,13,97194,102333,hfg,"76561198245773992",masked,true,2
2144,acba6c83282fbc01,16,123275,129779,gg,"76561198148986856",maaryy,false,2
2145,acba6c83282fbc01,16,123289,129793,gg,"76561198245773992",masked,true,2
2146,acba6c83282fbc01,16,123403,129914,gg,"76561198028522662",Markoś,false,2
2147,eb5a051f41238642,1,630,1232,hfhf,"76561198152411501",cronuss,true,3
2148,eb5a051f41238642,1,800,1412,hefe,"76561198829202374",Sdaim,true,2
2149,eb5a051f41238642,1,2710,3439,w8,"76561198152411501",cronuss,true,3
2150,eb5a051f41238642,1,5831,6750,gogo,"76561198152411501",cron,true,3
2151,eb5a051f41238642,1,5871,6790,ty,"76561198152411501",cron,true,3
2152,eb5a051f41238642,1,6041,6972,!се,"76561198119088041",cologne26,true,2
2153,eb5a051f41238642,1,6185,7128,!ct,"76561198119088041",cologne26,true,2
2154,eb5a051f41238642,1,6774,7749,hf :D,"76561198119088041",cologne26,true,3
2155,eb5a051f41238642,11,100517,107394,!tac,"76561198157261011",Coach|NMV,false,3
2156,eb5a051f41238642,11,104989,112145,ns,"76561199173322766",tex1y,false,3
2157,eb5a051f41238642,12,116900,124842,gh,"76561198119088041",cologne26,false,3
2158,eb5a051f41238642,13,117401,125364,gh,"76561198152411501",cron,true,3
2159,eb5a051f41238642,13,118426,126458,gh,"76561198415498595",yiksrezo,true,2
2160,eb5a051f41238642,16,137932,147183,!tac,"76561198157261011",Coach|NMV,false,2
2161,eb5a051f41238642,17,150762,160823,!tac,"76561198157261011",Coach|NMV,false,2
2162,eb5a051f41238642,20,181745,193761,!pause,"76561198051177616",Coach|cauzb,false,3
2163,eb5a051f41238642,20,182199,194242,!unpause,"76561198152411501",cron,true,3
2164,eb5a051f41238642,23,214133,228182,gg,"76561198119088041",cologne26,false,2
2165,"8c6cdb2c2b4b5282",10,73961,77869,guys,"76561198073963928",predict,false,3
2166,"8c6cdb2c2b4b5282",10,74355,78283,oi,"76561198434437222",nv1n,false,2
2167,"298a9abbb10da3da",1,4158,4418,nao deixem esse pcd vivo,"76561198874308218",reNTU,false,2
2168,"298a9abbb10da3da",1,4444,4720,boa,"76561198146879328",bks,true,3
2169,"298a9abbb10da3da",1,4754,5042,!switch,"76561198158953107",guizk,true,2
2170,"298a9abbb10da3da",1,4889,5187,wc ,"76561198434033257",dudinho,true,3
2171,"298a9abbb10da3da",1,5010,5314,da switch logo ai,"76561198434437222",nv1n,true,2
2172,"298a9abbb10da3da",1,5143,5451,oq é wc?,"76561198434437222",nv1n,true,2
2173,"298a9abbb10da3da",1,5576,5909,banheiro!,"76561198874308218",reNTU,true,2
2174,"298a9abbb10da3da",1,5820,6168,xd,"76561198073963928",predict,true,3
2175,"298a9abbb10da3da",1,6022,6380,wc é sigla para wellington carvalho ?,"76561198158953107",guizk,true,2
2176,"298a9abbb10da3da",1,6116,6474,q isso em dudinho,"76561198434437222",nv1n,true,2
2177,"298a9abbb10da3da",1,6353,6727,vc tá com os termos tecnicos,"76561198434437222",nv1n,true,2
2178,"298a9abbb10da3da",1,6664,7052,aprendeu aonde,"76561198434437222",nv1n,true,2
2179,"298a9abbb10da3da",1,6797,7195,essas girias,"76561198434437222",nv1n,true,2
2180,"298a9abbb10da3da",1,8179,8648,!stay,"76561198146879328",bks,true,3
2181,"298a9abbb10da3da",1,8630,9121,!ready,"76561198424890382",t9mpest,true,3
2182,"298a9abbb10da3da",5,45022,47419,nice rentu!!!,"76561198073963928",predict,false,3
2183,"298a9abbb10da3da",6,45578,48005,ta dificil aq,"76561198874308218",reNTU,true,2
2184,"298a9abbb10da3da",6,46205,48663,affs,"76561198874308218",reNTU,true,2
2185,"298a9abbb10da3da",15,96790,101916,lobeta?,"76561198434437222",nv1n,true,3
2186,a9cecce61970ac6f,1,6666,7626,!stay,"76561198277084708",marat2k-,true,3
2187,a9cecce61970ac6f,1,6934,7907,hHFHFHFHFHFHFHFFHHFHF,"76561198036066702",Alv68,true,2
2188,a9cecce61970ac6f,9,66045,70762,.tac,"76561198277084708",marat2k-,true,3
2189,a9cecce61970ac6f,16,120514,128713,.tac,"76561198277084708",marat2k-,true,2
2190,a9cecce61970ac6f,18,139743,149156,!tech,"76561198069567550","4X1s",true,3
2191,a9cecce61970ac6f,18,139950,149376,sec irl,"76561198069567550","4X1s",true,3
2192,a9cecce61970ac6f,18,146376,156211,r?,"76561198069567550","4X1s",true,3
2193,a9cecce61970ac6f,18,147118,157000,r,"76561198277084708",marat2k-,true,2
2194,a9cecce61970ac6f,18,147118,157000,r,"76561198081994299",amster,true,2
2195,a9cecce61970ac6f,18,147271,157158,!unpause,"76561198069567550","4X1s",true,3
2196,a9cecce61970ac6f,21,170498,181857,.tac,"76561198277084708",marat2k-,true,2
2197,a9cecce61970ac6f,22,185610,197923,gg,"76561198036066702",Alv68,true,3
2198,a9cecce61970ac6f,22,185620,197933,ggs,"76561198069567550","4X1s",false,3
2199,a9cecce61970ac6f,22,185666,197982,гг,"76561198429370895",OneUn1que,false,2
2200,b44ef1aa8056e245,1,1149,1376,.ready,"76561198339808699",BledarD,true,2
2201,b44ef1aa8056e245,1,3002,3320,hfhf,"76561198339479432",Ammar,true,2
2202,b44ef1aa8056e245,1,3132,3460,hfhfhfhf,"76561198078771373",JDC,true,3
2203,b44ef1aa8056e245,1,3200,3528,hfhf,"76561198370176682",gr1ks,true,3
2204,b44ef1aa8056e245,1,3296,3634,hfhf,"76561198339808699",BledarD,true,2
2205,b44ef1aa8056e245,1,3299,3637,HF,"76561198152378187",SENER1,true,2
2206,b44ef1aa8056e245,4,21092,22360,.tech,"76561198028458803",blameF,true,3
2207,b44ef1aa8056e245,4,21112,22383,.tech,"76561197961491680",tabseN,true,3
2208,b44ef1aa8056e245,4,22613,23959,!unpause,"76561198339808699",BledarD,true,2
2209,b44ef1aa8056e245,12,93708,98790,.ready,"76561198339479432",Ammar,false,2
2210,b44ef1aa8056e245,22,174992,184113,GG,"76561198078771373",JDC,false,2
2211,b44ef1aa8056e245,22,175017,184138,gg,"76561198370176682",gr1ks,true,2
2212,b44ef1aa8056e245,22,175041,184162,gg,"76561197961491680",tabseN,false,2
2213,"711bcb01189ff22f",1,2535,2706,r,"76561198152378187",SENER1,true,3
2214,"711bcb01189ff22f",1,3088,3287,write ready,"76561198118196092",faveN,true,2
2215,"711bcb01189ff22f",1,3389,3600,xd,"76561198152378187",SENER1,true,3
2216,"711bcb01189ff22f",1,3510,3731,.ready,"76561198152378187",SENER1,false,3
2217,"711bcb01189ff22f",1,5352,5666,hfhf,"76561198339808699",BledarD,true,3
2218,"711bcb01189ff22f",1,5433,5755,hfhf,"76561198339479432",Ammar,true,3
2219,"711bcb01189ff22f",1,5498,5820,hf,"76561198152378187",SENER1,true,3
2220,"711bcb01189ff22f",1,5574,5903,hfhfhfhfhf,"76561198078771373",JDC,true,2
2221,"711bcb01189ff22f",1,5609,5941,hfhf,"76561198370176682",gr1ks,true,2
2222,"711bcb01189ff22f",9,55728,58683,.tac,"76561198339808699",BledarD,true,3
2223,"711bcb01189ff22f",12,84281,88749,you saw me ,"76561198078771373",JDC,false,2
2224,"711bcb01189ff22f",12,84436,88909,no,"76561198152378187",SENER1,false,3
2225,"711bcb01189ff22f",12,84464,88941,or just random spamm,"76561198078771373",JDC,false,2
2226,"711bcb01189ff22f",12,84630,89114,just expect,"76561198152378187",SENER1,false,3
2227,"711bcb01189ff22f",12,84661,89150,ty,"76561198078771373",JDC,false,2
2228,"711bcb01189ff22f",12,87990,92653,.ready,"76561198339479432",Ammar,false,3
2229,"711bcb01189ff22f",12,88061,92724,.ready,"76561198339808699",BledarD,false,3
2230,"711bcb01189ff22f",13,89528,94271,hfhfhfh,"76561198078771373",JDC,true,3
2231,"711bcb01189ff22f",23,168030,176663,gg,"76561198370176682",gr1ks,false,3
2232,"711bcb01189ff22f",23,168037,176670,gg,"76561198078771373",JDC,true,3
2233,"9ff3df6794bf9a01",1,8112,8576,!stay,"76561197967432889",MAJ3R,true,3
2234,"9ff3df6794bf9a01",3,26445,27863,!tech,"76561198254686734",hypex,true,2
2235,"9ff3df6794bf9a01",3,27390,28859,!r,"76561198254686734",hypex,true,2
2236,"9ff3df6794bf9a01",3,27515,28994,!R,"76561198812513923",Wicadia,true,3
2237,"9ff3df6794bf9a01",3,27615,29095,.unpause,"76561198812513923",Wicadia,true,3
2238,"9ff3df6794bf9a01",6,51187,53902,!tac,"76561197967432889",MAJ3R,true,3
2239,"9ff3df6794bf9a01",8,72388,76215,!tac,"76561197967432889",MAJ3R,true,3
2240,"9ff3df6794bf9a01",10,93342,98268,!tac,"76561197967432889",MAJ3R,true,3
2241,"9ff3df6794bf9a01",11,104001,109480,.r,"76561198044118796",XANTARES,true,3
2242,"9ff3df6794bf9a01",17,163869,172503,!tac,"76561197967432889",MAJ3R,true,2
2243,"9ff3df6794bf9a01",18,175205,184432,gg,"76561198327068178",Soulfly,false,2
2244,"1d2f17af80a4b42d",1,5730,6065,hfhfhf,"76561198044118796",XANTARES,true,2
2245,"1d2f17af80a4b42d",10,76262,80293,!tac,"76561197967432889",MAJ3R,true,2
2246,"1d2f17af80a4b42d",18,151921,159931,!tac,"76561197967432889",MAJ3R,true,3
2247,"1d2f17af80a4b42d",23,204100,214843,gg,"76561198327068178",Soulfly,true,3
2248,"1d2f17af80a4b42d",23,204169,214915,gg,"76561198316706174",Tauson,false,2
2249,"1d2f17af80a4b42d",23,204314,215068,gg#,"76561198254686734",hypex,false,2
2250,a5cfc99d457e271,1,9134,9643,hf,"76561198812513923",Wicadia,true,3
2251,a5cfc99d457e271,1,9156,9665,hfhfhf,"76561198044118796",XANTARES,true,3
2252,a5cfc99d457e271,10,100521,105800,ns,"76561198083485506",woxic,false,3
2253,a5cfc99d457e271,10,100656,105945,ty,"76561197982141573",Snax,false,2
2254,a5cfc99d457e271,20,187308,197134,!tac,"76561197967432889",MAJ3R,true,2
2255,a5cfc99d457e271,29,278148,292728,!tac,"76561197967432889",MAJ3R,true,3
2256,a5cfc99d457e271,29,289457,304630,gg,"76561198254686734",hypex,true,2
2257,a5cfc99d457e271,29,289504,304677,gg,"76561198327068178",Soulfly,false,3
2258,"52104352bb98d527",1,353,907,moin,"76561197960710573",NBK,true,3
2259,"52104352bb98d527",1,542,1108,moin digga,"76561198178801031",prosus,true,2
2260,"52104352bb98d527",1,620,1193,u want ct right,"76561198016138527",JBOEN,true,2
2261,"52104352bb98d527",1,761,1343,jaja,"76561197960710573",NBK,true,3
2262,"52104352bb98d527",1,1203,1812,okay min ven,"76561198016138527",JBOEN,true,2
2263,"52104352bb98d527",1,5468,6348,.stay,"76561197960710573",NBK,true,3
2264,"52104352bb98d527",3,17532,19175,irl 1s,"76561197960710573",NBK,true,3
2265,"52104352bb98d527",3,17606,19250,DJOKO IRL,"76561198274686035",Brooxsy,true,3
2266,"52104352bb98d527",3,17735,19391,np,"76561198801448515",tripex17-_-,true,2
2267,"52104352bb98d527",3,18273,19969,one of us toilet quickly,"76561197973730803",Coach|Spiidi,false,2
2268,"52104352bb98d527",3,18969,20705,rdy?,"76561197960710573",NBK,true,3
2269,"52104352bb98d527",3,19187,20939,W8,"76561199159119164",Donii,true,2
2270,"52104352bb98d527",3,19282,21039,kaka,"76561198888800765",LOCK IN,true,2
2271,"52104352bb98d527",3,19301,21058,"1 wc","76561198801448515",tripex17-_-,true,2
2272,"52104352bb98d527",3,19401,21168,"1s pls ","76561199159119164",Donii,true,2
2273,"52104352bb98d527",3,19642,21423,:D all g,"76561197960710573",NBK,true,3
2274,"52104352bb98d527",3,20559,22399,its prosus all questions to him,"76561198801448515",tripex17-_-,true,2
2275,"52104352bb98d527",3,21329,23217,getting full power,"76561197960710573",NBK,true,3
2276,"52104352bb98d527",3,21429,23318,go,"76561199159119164",Donii,true,2
2277,"52104352bb98d527",3,21478,23373,r,"76561198801448515",tripex17-_-,true,2
2278,"52104352bb98d527",3,21577,23478,ty ,"76561199159119164",Donii,true,2
2279,"52104352bb98d527",3,21643,23546,!unpause,"76561197960710573",NBK,true,3
2280,"52104352bb98d527",3,21693,23603,ty,"76561198801448515",tripex17-_-,true,2
2281,"52104352bb98d527",10,71905,76999,!tac,"76561198801448515",tripex17-_-,true,2
2282,"52104352bb98d527",11,84450,90339,ns,"76561199159119164",Donii,false,2
2283,"52104352bb98d527",11,84670,90576,ty,"76561197960710573",NBK,false,3
2284,"52104352bb98d527",18,144089,153774,ggs,"76561198016138527",JBOEN,false,3
2285,"52104352bb98d527",18,144442,154151,gg,"76561197960710573",NBK,false,2
2286,"52104352bb98d527",18,144477,154186,gg,"76561198081528911",Misutaaa,false,2
2287,"52104352bb98d527",18,144549,154269,gg,"76561198274686035",Brooxsy,false,2
2288,"52104352bb98d527",18,144612,154333,gg,"76561198178801031",prosus,false,3
2289,"52104352bb98d527",18,144615,154336,gg,"76561198801448515",tripex17-_-,false,3
2290,bf84777dac6ba833,1,3652,4442,r?,"76561198801448515",tripex17-_-,true,2
2291,bf84777dac6ba833,1,3834,4636,rdy,"76561197960710573",NBK,true,3
2292,bf84777dac6ba833,1,3941,4755,!switch,"76561198016138527",JBOEN,true,2
2293,bf84777dac6ba833,1,4036,4849,hf,"76561198801448515",tripex17-_-,true,3
2294,bf84777dac6ba833,7,55329,59392,ns,"76561198178801031",prosus,false,3
2295,bf84777dac6ba833,10,75354,80687,!tac,"76561198801448515",tripex17-_-,true,3
2296,bf84777dac6ba833,18,149666,159723,gg,"76561198178801031",prosus,true,2
2297,bf84777dac6ba833,18,149667,159724,gg,"76561197960710573",NBK,false,3
2298,bf84777dac6ba833,18,149674,159731,QUIT,"76561198274686035",Brooxsy,false,3
2299,bf84777dac6ba833,18,149698,159756,gg,"76561197973730803",Coach|Spiidi,false,2
2300,"26b13a9c6ac37a35",1,2594,2776,!ready,"76561198438744159",levantino,true,3
2301,"26b13a9c6ac37a35",1,3043,3245,!ready,"76561198251575480",Icarus,true,2
2302,"26b13a9c6ac37a35",1,6146,6509,nl,"76561198438744159",levantino,true,3
2303,"26b13a9c6ac37a35",1,6550,6934,.stop,"76561198047402862",stadodo,true,2
2304,"26b13a9c6ac37a35",1,7526,7963,r,"76561198047402862",stadodo,true,2
2305,"26b13a9c6ac37a35",1,9832,10390,rRRRRRRRRRRR,"76561198438744159",levantino,true,3
2306,"26b13a9c6ac37a35",7,48030,50586,.tac,"76561198438744159",levantino,true,3
2307,"26b13a9c6ac37a35",8,58767,61884,!tac,"76561198228964552",snapy,true,2
2308,"26b13a9c6ac37a35",12,96640,101756,!ready,"76561198438744159",levantino,false,3
2309,"26b13a9c6ac37a35",12,96789,101915,!ready,"76561198251575480",Icarus,false,2
2310,"26b13a9c6ac37a35",15,120494,126857,.tac,"76561198438744159",levantino,false,2
2311,"26b13a9c6ac37a35",21,164001,172642,.tac,"76561198047402862",stadodo,true,3
2312,"26b13a9c6ac37a35",21,174997,184211,ns,"76561198096933265",OWNER,false,2
2313,"26b13a9c6ac37a35",21,175649,184902,ty,"76561198798935520",tmk,false,3
2314,"26b13a9c6ac37a35",24,194485,204724,.tac,"76561198438744159",levantino,true,2
2315,"26b13a9c6ac37a35",24,205751,216576,!ready,"76561198438744159",levantino,false,2
2316,"26b13a9c6ac37a35",24,205807,216639,!ready,"76561198251575480",Icarus,true,3
2317,"26b13a9c6ac37a35",27,223942,235738,!ready,"76561198251575480",Icarus,false,3
2318,"26b13a9c6ac37a35",27,224120,235926,!ready,"76561198438744159",levantino,true,2
2319,"50a409cd3e4048ee",1,2897,3087,!ready,"76561198438744159",levantino,true,2
2320,"50a409cd3e4048ee",1,3097,3298,!READY,"76561198228964552",snapy,true,3
2321,"50a409cd3e4048ee",6,41984,44219,.tac,"76561198438744159",levantino,true,2
2322,"50a409cd3e4048ee",8,58976,62102,!tac,"76561198228964552",snapy,true,3
2323,"50a409cd3e4048ee",11,87080,91676,!tac,"76561198228964552",snapy,true,3
2324,"50a409cd3e4048ee",12,101221,106581,!ready,"76561198438744159",levantino,false,2
2325,"50a409cd3e4048ee",12,101396,106766,!ready,"76561198798935520",tmk,true,3
2326,"50a409cd3e4048ee",12,101432,106802,!ready,"76561198251575480",Icarus,true,3
2327,"50a409cd3e4048ee",17,136272,143460,.tac,"76561198438744159",levantino,false,3
2328,"50a409cd3e4048ee",20,150489,158421,!tech,"76561198438744159",levantino,true,3
2329,"50a409cd3e4048ee",20,150621,158561,admin,"76561198438744159",levantino,true,3
2330,"50a409cd3e4048ee",20,150995,158955,can igo toilet,"76561198438744159",levantino,true,3
2331,"50a409cd3e4048ee",20,151253,159224,what is the penalty,"76561198438744159",levantino,true,3
2332,"50a409cd3e4048ee",20,151523,159513,"2 rounds","76561198047402862",stadodo,true,2
2333,"50a409cd3e4048ee",20,151758,159758,maybe 3 ,"76561198251575480",Icarus,true,2
2334,"50a409cd3e4048ee",20,152198,160218,map ,"76561198096933265",OWNER,true,3
2335,"50a409cd3e4048ee",20,152435,160471,ahaha,"76561198251575480",Icarus,true,2
2336,"50a409cd3e4048ee",20,152792,160844,!unpause,"76561198438744159",levantino,true,3
2337,"50a409cd3e4048ee",20,154072,162193,go,"76561199152181207",fakerealityy,true,3
2338,"50a409cd3e4048ee",20,154222,162353,!unpause,"76561198228964552",snapy,true,2
2339,"50a409cd3e4048ee",24,186505,196322,.tac,"76561198438744159",levantino,true,3
2340,ada217437d56b8a2,1,586,657,hfhf,"76561198215434685",NEOFRAG,true,3
2341,ada217437d56b8a2,1,740,821,HF,"76561198803479269",dwushka,true,2
2342,ada217437d56b8a2,1,847,936,ра,"76561199105136854",woozzzi,true,3
2343,ada217437d56b8a2,1,930,1021,ра,"76561199105136854",woozzzi,true,3
2344,ada217437d56b8a2,1,1049,1150,да блять,"76561199105136854",woozzzi,true,3
2345,ada217437d56b8a2,1,1103,1204,hf,"76561199105136854",woozzzi,true,3
2346,ada217437d56b8a2,1,1423,1542,who is igl?,"76561198215434685",NEOFRAG,true,3
2347,ada217437d56b8a2,8,50815,53518,ns,"76561198215434685",NEOFRAG,false,3
2348,ada217437d56b8a2,16,118688,124956,gg,"76561199105136854",woozzzi,false,2
2349,ada217437d56b8a2,16,118742,125010,gg,"76561198051727799",MoriiSko,false,2
2350,cd9797b5df00787c,3,14088,14863,\,"76561198026835980",sugar,true,3
2351,cd9797b5df00787c,4,19413,20470,.tech,"76561198026835980",sugar,true,3
2352,cd9797b5df00787c,4,20016,21100,freezing,"76561198026835980",sugar,true,3
2353,cd9797b5df00787c,4,34912,36703,.unpause,"76561198026835980",sugar,true,3
2354,cd9797b5df00787c,4,35097,36898,.unpause,"76561198215434685",NEOFRAG,true,2
2355,cd9797b5df00787c,6,50731,53346,nsň,"76561198182168605",M1key,false,2
2356,cd9797b5df00787c,11,83421,87746,!tac,"76561198182168605",M1key,true,2
2357,cd9797b5df00787c,12,99441,104605,ns,"76561198215434685",NEOFRAG,false,2
2358,cd9797b5df00787c,13,103224,108603,hfhf!!!!!!!!!!!!!!!!!!!! wú,"76561198215434685",NEOFRAG,true,3
2359,cd9797b5df00787c,13,103280,108665,wp,"76561198215434685",NEOFRAG,true,3
2360,cd9797b5df00787c,13,103731,109141,wu,"76561198803479269",dwushka,true,2
2361,cd9797b5df00787c,13,104057,109484,zi,"76561199105136854",woozzzi,true,3
2362,cd9797b5df00787c,13,106900,112472,ns,"76561198239621484",lov1kus,false,2
2363,cd9797b5df00787c,14,111229,117029,!unpause,"76561199105136854",woozzzi,true,3
2364,cd9797b5df00787c,14,111686,117507,w8,"76561199105136854",woozzzi,true,3
2365,cd9797b5df00787c,14,112024,117865,not r,"76561199105136854",woozzzi,true,3
2366,cd9797b5df00787c,14,112530,118401,"1s","76561198170577338",faydett,true,2
2367,cd9797b5df00787c,14,112725,118606,we r,"76561198170577338",faydett,true,2
2368,cd9797b5df00787c,14,113095,118995,r,"76561199105136854",woozzzi,true,3
2369,cd9797b5df00787c,14,113099,119000,r,"76561198129824467",K1-FiDa,true,3
2370,cd9797b5df00787c,14,113233,119135,ty,"76561199105136854",woozzzi,true,3
2371,cd9797b5df00787c,14,113532,119453,np neofrag,"76561198026835980",sugar,true,2
2372,cd9797b5df00787c,14,114290,120251,hf,"76561198215434685",NEOFRAG,true,3
2373,cd9797b5df00787c,17,133415,140375,.tech,"76561198129824467",K1-FiDa,true,3
2374,cd9797b5df00787c,17,133487,140452,rr pc,"76561198129824467",K1-FiDa,true,3
2375,cd9797b5df00787c,17,149774,157514,r,"76561199214869396",h1kaN,true,2
2376,cd9797b5df00787c,17,150837,158628,r,"76561198215434685",NEOFRAG,true,3
2377,cd9797b5df00787c,17,151005,158806,.unpause,"76561198215434685",NEOFRAG,true,3
2378,cd9797b5df00787c,17,151086,158892,!unpause,"76561198239621484",lov1kus,true,2
2379,cd9797b5df00787c,24,196265,206434,.tac,"76561198215434685",NEOFRAG,true,3
2380,cd9797b5df00787c,24,202333,212817,gg,"76561198129824467",K1-FiDa,true,3
2381,cd9797b5df00787c,24,202365,212853,gg,"76561199105136854",woozzzi,true,3
2382,cd9797b5df00787c,24,202502,212993,gg,"76561198051727799",MoriiSko,true,3
2383,f32f48049ea13968,1,112,648,ct,"76561198296417934",kRaSnaL,true,3
2384,f32f48049ea13968,1,5168,6026,!stay,"76561198040577200",somedieyoung,true,3
2385,f32f48049ea13968,1,5336,6203,!stay,"76561198128931118",podi,true,3
2386,f32f48049ea13968,1,7347,8347,!unpause,"76561198040577200",somedieyoung,true,3
2387,f32f48049ea13968,4,23525,25548,!pause,"76561199036285926",senka,true,2
2388,f32f48049ea13968,4,26267,28469,!unpause,"76561198832142602",m1QUSE272,true,2
2389,f32f48049ea13968,7,51418,55219,!pause,"76561197976004330",Coach|tonyblack-,false,2
2390,f32f48049ea13968,8,52555,56434,!unpause,"76561199181360085",flouzer,true,2
2391,f32f48049ea13968,17,116831,124724,!unpause,"76561199181360085",flouzer,true,3
2392,f32f48049ea13968,22,161124,171826,gg,"76561199181360085",flouzer,true,3
2393,f32f48049ea13968,22,161259,171972,gg,"76561199032610185",ayukiii,true,3
2394,"3a4c3f4cdd7388ce",1,3277,4021,!stay,"76561198128931118",podi,true,3
2395,"3a4c3f4cdd7388ce",9,64944,69599,!pause,"76561197976004330",Coach|tonyblack-,false,2
2396,"3a4c3f4cdd7388ce",9,64958,69615,!pause,"76561199036285926",senka,true,2
2397,"3a4c3f4cdd7388ce",9,72579,77715,!unpause,"76561199181360085",flouzer,true,2
2398,"3a4c3f4cdd7388ce",9,73111,78283,!pause,"76561198040577200",somedieyoung,true,3
2399,"3a4c3f4cdd7388ce",9,74684,79953,!Pause,"76561198296417934",kRaSnaL,true,3
2400,"3a4c3f4cdd7388ce",9,74864,80145,!unpause,"76561198296417934",kRaSnaL,true,3
2401,"3a4c3f4cdd7388ce",9,74873,80154,!unpause,"76561198040577200",somedieyoung,true,3
2402,"3a4c3f4cdd7388ce",16,130923,139781,GG EZ =))) ,"76561199181360085",flouzer,false,3
2403,"3a4c3f4cdd7388ce",16,130995,139858,gg,"76561198156774221",z1k4-,false,3
2404,"3a4c3f4cdd7388ce",16,131027,139896,gg,"76561198252434500",F1KU,false,2
2405,"3a4c3f4cdd7388ce",16,131031,139900,GG,"76561199032610185",ayukiii,false,3
2406,"3a4c3f4cdd7388ce",16,131067,139937,GG,"76561199032610185",ayukiii,false,3
2407,"3a4c3f4cdd7388ce",16,131108,139978,GG,"76561199032610185",ayukiii,false,3
2408,"3a4c3f4cdd7388ce",16,131136,140006,gg,"76561199036285926",senka,false,3
2409,"3a4c3f4cdd7388ce",16,131149,140019,GG,"76561199032610185",ayukiii,false,3
2410,"3a4c3f4cdd7388ce",16,131190,140066,gg,"76561198128931118",podi,false,2
2411,"3a4c3f4cdd7388ce",16,131339,140221,gg,"76561199036285926",senka,false,3
2412,"3a4c3f4cdd7388ce",16,131409,140301,connect 65.109.145.168:20025,"76561198971718392","2142",false,2
2413,"3a4c3f4cdd7388ce",16,131505,140399,dont agree 0_0,"76561199181360085",flouzer,false,3
2414,"3a4c3f4cdd7388ce",16,131569,140468,))),"76561199181360085",flouzer,false,3
2415,"447c6ebd65d6fd79",1,388,962,ct,"76561199036285926",senka,true,2
2416,"447c6ebd65d6fd79",1,4076,4888,!ct,"76561199036285926",senka,true,2
2417,"447c6ebd65d6fd79",19,133353,142395,gg,"76561198252434500",F1KU,false,3
2418,"447c6ebd65d6fd79",19,133458,142509,gg,"76561199032610185",ayukiii,false,2
2419,"447c6ebd65d6fd79",19,133517,142571,GG,"76561198156774221",z1k4-,false,2
2420,"143534acb45ed245",1,1083,1689,we are ct,"76561198288540801",Patsi-,true,3
2421,"143534acb45ed245",1,5865,6775,.ct,"76561198288540801",Patsi-,true,3
2422,"143534acb45ed245",12,101051,108009,gh,"76561198245925350",Qlocuu,true,2
2423,"143534acb45ed245",12,101085,108045,gh,"76561198412400644",Flayy-,false,2
2424,"143534acb45ed245",12,101213,108182,gh,"76561198217764976",danistzz,false,3
2425,"143534acb45ed245",19,156963,167459,gg,"76561198412400644",Flayy-,false,3
2426,"143534acb45ed245",19,156985,167485,gg,"76561198245925350",Qlocuu,false,3
2427,"143534acb45ed245",19,156998,167501,gg,"76561199011712245",h0kz,false,2
2428,"143534acb45ed245",19,157126,167632,gg,"76561197990579879",Coach|J_mpy,false,2
2429,"143534acb45ed245",19,157347,167867,gg,"76561198397132290",-R4DYX,false,2
2430,a88599dd16e02133,1,1025,1649,we are ct,"76561198212208204",b1elany,true,2
2431,a88599dd16e02133,1,2696,3427,!switch,"76561197986829261",innocent,true,2
2432,a88599dd16e02133,12,96961,103691,gh,"76561198245925350",Qlocuu,false,3
2433,a88599dd16e02133,21,164676,175689,gg,"76561198245925350",Qlocuu,false,2
2434,a88599dd16e02133,21,164713,175730,gg,"76561199011712245",h0kz,false,3
2435,a88599dd16e02133,21,164721,175738,gg,"76561198212208204",b1elany,false,2
2436,a88599dd16e02133,21,164724,175742,gg,"76561198412400644",Flayy-,false,2
2437,"7b8f423709bdb2a6",1,517,578,hfhf,"76561198070459137",kwezz,true,3
2438,"7b8f423709bdb2a6",1,2171,2322,hfhf,"76561198014569791",Twinkeey,true,2
2439,daf3cadd0361be34,8,42301,44548,!tac,"76561198019990506",Patti,true,2
2440,daf3cadd0361be34,12,74140,78052,ns,"76561198126846144",mogv,false,3
2441,daf3cadd0361be34,12,74315,78235,ty,"76561198070459137",kwezz,true,2
2442,daf3cadd0361be34,17,102959,108393,.tgac,"76561198019990506",Patti,true,3
2443,daf3cadd0361be34,17,103016,108450,.tac,"76561198019990506",Patti,true,3
2444,daf3cadd0361be34,21,125106,131693,!tac,"76561198019990506",Patti,true,3
2445,daf3cadd0361be34,24,151989,159981,!tac,"76561198019990506",Patti,true,3
2446,daf3cadd0361be34,31,204588,215346,!tac,"76561198019990506",Patti,true,2
2447,daf3cadd0361be34,36,252115,265373,gg,"76561198014569791",Twinkeey,false,2
2448,d5d56fbf8156af98,1,3647,3872,W admin,"76561199077753791",titulus,true,3
2449,d5d56fbf8156af98,1,3874,4114,best admin,"76561198126846144",mogv,true,3
2450,d5d56fbf8156af98,1,6467,6834,!ct,"76561197997951486",thamlike,true,2
2451,d5d56fbf8156af98,1,10282,10862,meow,"76561198126846144",mogv,true,2
2452,d5d56fbf8156af98,1,10327,10909,hf,"76561198126846144",mogv,true,2
2453,d5d56fbf8156af98,1,10582,11174,"67","76561198001557762",robiin,true,2
2454,d5d56fbf8156af98,1,10725,11327,hfhf,"76561197997951486",thamlike,true,3
2455,d5d56fbf8156af98,1,10753,11355,hfhf q<>P,"76561198014569791",Twinkeey,true,2
2456,d5d56fbf8156af98,1,11044,11663,hfhf,"76561198070459137",kwezz,true,3
2457,d5d56fbf8156af98,7,49910,52541,!tac,"76561198019990506",Patti,true,3
2458,d5d56fbf8156af98,14,110743,116554,får mman pissa admin,"76561198001557762",robiin,true,3
2459,d5d56fbf8156af98,14,111033,116854,eller blir de flaska,"76561198001557762",robiin,true,3
2460,d5d56fbf8156af98,14,111605,117457,akut,"76561198126846144",mogv,true,3
2461,d5d56fbf8156af98,14,112738,118650,?,"76561198126846144",mogv,true,3
2462,d5d56fbf8156af98,14,112995,118923,!admin,"76561198001557762",robiin,true,3
2463,d5d56fbf8156af98,14,114764,120786,he is running,"76561198001557762",robiin,true,3
2464,d5d56fbf8156af98,14,116362,122465,pissV,"76561198014569791",Twinkeey,true,3
2465,d5d56fbf8156af98,14,116609,122723,^^,"76561198070459137",kwezz,true,2
2466,d5d56fbf8156af98,14,120615,126939,r,"76561198001557762",robiin,true,3
2467,d5d56fbf8156af98,14,120755,127089,R,"76561198019990506",Patti,true,2
2468,d5d56fbf8156af98,14,120852,127189,r,"76561197997951486",thamlike,true,2
2469,d5d56fbf8156af98,14,121168,127522,!unpause,"76561198001557762",robiin,true,3
2470,d5d56fbf8156af98,14,121445,127815,ON,"76561198126846144",mogv,true,3
2471,d5d56fbf8156af98,14,122073,128477,urs on_,"76561198014569791",Twinkeey,true,3
2472,d5d56fbf8156af98,14,122199,128607,YE,"76561197997951486",thamlike,true,2
2473,d5d56fbf8156af98,14,122479,128903,.tac,"76561198001557762",robiin,true,3
2474,d5d56fbf8156af98,15,135059,142136,.tac,"76561198014569791",Twinkeey,true,3
2475,d5d56fbf8156af98,19,169587,178456,.TAC,"76561198019990506",Patti,true,2
2476,d5d56fbf8156af98,20,189561,199472,g,"76561198014569791",Twinkeey,false,3
2477,f930cbc2345c0f13,18,126851,133555,!tech,"76561198858681422",pepe,true,3
2478,f930cbc2345c0f13,18,127356,134081,mouse,"76561198338211599",stax,true,3
2479,f930cbc2345c0f13,18,127489,134224,prob,"76561198338211599",stax,true,3
2480,f930cbc2345c0f13,18,127639,134384,"1s","76561198338211599",stax,true,3
2481,f930cbc2345c0f13,18,130012,136877,!unpause,"76561198338211599",stax,true,3
2482,"7add16800eed57cf",1,49,95,hfhf,"76561198870669960",pazini,true,2
2483,"7add16800eed57cf",1,236,291,hf,"76561198728588606",r3kt,true,3
2484,"7add16800eed57cf",20,137992,145266,gg,"76561198371650378",tsug,false,3
2485,"3e85bd95d3274620",12,95056,100055,.ready,"76561198067763828",chelo,false,3
2486,afc98ee350d6d138,19,146585,154315,!tac,"76561198104626893",LNZ,true,2
2487,afc98ee350d6d138,23,195309,205584,gg,"76561198365118288",try,false,3
2488,c213688551f2be48,1,4246,4508,hfhf,"76561198074762801",m0NESY,true,2
2489,c213688551f2be48,1,4409,4677,hfhf,"76561198138113790",Rainwaker,true,3
2490,c213688551f2be48,1,4624,4905,hF,"76561198057282432",kyxsan,true,2
2491,c213688551f2be48,8,61704,64972,!TAC,"76561198074762801",m0NESY,true,2
2492,c213688551f2be48,8,61761,65029,.tac,"76561198074762801",m0NESY,true,2
2493,c213688551f2be48,8,61814,65087,.tac,"76561197996678278",TeSeS,true,2
2494,c213688551f2be48,13,117307,123508,рара,"76561198074762801",m0NESY,true,3
2495,c213688551f2be48,13,117395,123596,hfhf,"76561198074762801",m0NESY,true,3
2496,c213688551f2be48,13,118060,124301,hfhf,"76561198138113790",Rainwaker,true,2
2497,c213688551f2be48,20,176599,185902,g,"76561198974494129",AZUWU,false,2
2498,c213688551f2be48,20,176606,185910,GG,"76561198093386355",Bymas,false,2
2499,c213688551f2be48,20,176735,186042,GG,"76561198074762801",m0NESY,false,3
2500,efd578ffadcb2e1a,1,9972,10534,hfhf,"76561198138113790",Rainwaker,true,2
2501,efd578ffadcb2e1a,1,10054,10622,hfhf,"76561198074762801",m0NESY,true,3
2502,efd578ffadcb2e1a,1,10092,10660,hfhf,"76561198093386355",Bymas,true,2
2503,efd578ffadcb2e1a,1,10335,10914,hfhf,"76561198041683378",NiKo,true,3
2504,efd578ffadcb2e1a,1,10383,10969,hF,"76561198057282432",kyxsan,true,3
2505,efd578ffadcb2e1a,13,117312,123511,fhhf,"76561198074762801",m0NESY,true,2
2506,efd578ffadcb2e1a,13,117703,123923,hfhf,"76561198138113790",Rainwaker,true,3
2507,efd578ffadcb2e1a,13,117707,123928,hf,"76561198093386355",Bymas,true,3
2508,efd578ffadcb2e1a,15,131074,137993,ns,"76561198035581101",afro,false,3
2509,efd578ffadcb2e1a,15,131150,138075,ty,"76561198074762801",m0NESY,false,2
2510,d6906a29083bb4b1,1,3833,4626,w8 pls,"76561198420829570",Salazar_9,true,3
2511,d6906a29083bb4b1,1,4299,5129,gotchu m8 :D,"76561198119088041",cologne26,true,2
2512,d6906a29083bb4b1,1,6875,7867,!ct,"76561198119088041",cologne26,true,2
2513,d6906a29083bb4b1,1,6931,7926,ty,"76561198420829570",Salazar_9,true,2
2514,d6906a29083bb4b1,1,7335,8358,hfhfhfhfhfhf,"76561198036066702",Alv68,true,2
2515,d6906a29083bb4b1,1,12159,13486,ns,"76561198829202374",Sdaim,false,3
2516,d6906a29083bb4b1,3,22709,24706,ns ,"76561198119088041",cologne26,false,3
2517,d6906a29083bb4b1,15,128936,137682,!tac,"76561198119088041",cologne26,true,2
2518,d6906a29083bb4b1,18,165961,177047,ggs,"76561198069567550","4X1s",false,3
2519,d6906a29083bb4b1,18,166081,177173,gg,"76561198036066702",Alv68,false,3
2520,"8ec72538e5116546",1,648,1224,!ct,"76561199173322766",tex1y,true,2
2521,"8ec72538e5116546",1,870,1458,:D,"76561198119088041",cologne26,true,2
2522,"8ec72538e5116546",1,1199,1808,рофлю :D,"76561198119088041",cologne26,true,2
2523,"8ec72538e5116546",1,1538,2165,:D,"76561198191280271",torox,true,3
2524,"8ec72538e5116546",1,3514,4264,!ct,"76561198069567550","4X1s",true,3
2525,"8ec72538e5116546",1,3585,4340,hfhf,"76561198069567550","4X1s",true,3
2526,"8ec72538e5116546",1,4774,5599,hfhfhfhfhfhf,"76561198036066702",Alv68,true,3
2527,"8ec72538e5116546",1,4933,5769,hefe,"76561198829202374",Sdaim,true,2
2528,"8ec72538e5116546",1,5055,5902,hfsen :DDD,"76561198119088041",cologne26,true,2
2529,"8ec72538e5116546",1,5204,6058,:3,"76561198119088041",cologne26,true,2
2530,"8ec72538e5116546",1,5251,6111,hf,"76561198069567550","4X1s",true,3
2531,"8ec72538e5116546",8,61100,65472,!pause,"76561198829202374",Sdaim,false,2
2532,"8ec72538e5116546",9,63494,68009,!unpause,"76561198157261011",Coach|NMV,false,2
2533,"8ec72538e5116546",9,65370,70006,!pause,"76561198119088041",cologne26,true,2
2534,"8ec72538e5116546",9,67179,71924,!pause,"76561198119088041",cologne26,true,2
2535,"8ec72538e5116546",9,67362,72126,!unpause,"76561198119088041",cologne26,true,2
2536,"8ec72538e5116546",15,124602,132994,nbs,"76561199173322766",tex1y,false,3
2537,"8ec72538e5116546",15,124627,133019,ns,"76561199173322766",tex1y,false,3
2538,"8ec72538e5116546",21,169854,181090,!tech,"76561198069567550","4X1s",true,2
2539,"8ec72538e5116546",21,169887,181123,.tech,"76561198036066702",Alv68,true,2
2540,"8ec72538e5116546",21,170069,181317,pc lagg,"76561198036066702",Alv68,true,2
2541,"8ec72538e5116546",21,174687,186224,r,"76561198829202374",Sd a i m .o.,true,3
2542,"8ec72538e5116546",21,175719,187320,sec,"76561198069567550","4X1s",true,2
2543,"8ec72538e5116546",21,176018,187639,npnp,"76561198829202374",Sd a i m .o.,true,3
2544,"8ec72538e5116546",21,177773,189510,r?,"76561198069567550","4X1s",true,2
2545,"8ec72538e5116546",21,178083,189844,r,"76561198829202374",Sd a i m .o.,true,3
2546,"8ec72538e5116546",21,178122,189883,ГОТОВЫ ,"76561198119088041",cologne26,true,3
2547,"8ec72538e5116546",21,178269,190042,!unpause,"76561198069567550","4X1s",true,2
2548,"8ec72538e5116546",22,187044,199358,ns),"76561199173322766",tex1y,false,3
2549,"8ec72538e5116546",22,187107,199430,ns),"76561199173322766",tex1y,false,3
2550,"8ec72538e5116546",22,191863,204480,gg,"76561198036066702",Alv68,true,2
2551,"8ec72538e5116546",22,191896,204519,ggs,"76561198069567550","4X1s",false,2
2552,"4939860d31f7f1d",1,4844,5691,!ct,"76561198069567550","4X1s",true,3
2553,"4939860d31f7f1d",1,4902,5751,hfhf,"76561198069567550","4X1s",true,3
2554,"4939860d31f7f1d",1,5309,6183,hfhfhfhfhf,"76561198036066702",Alv68,true,3
2555,"4939860d31f7f1d",1,6138,7067,hfsen :DDD,"76561198119088041",cologne26,true,2
2556,"4939860d31f7f1d",8,57680,61869,!tac,"76561198157261011",Coach|NMV,false,2
2557,"4939860d31f7f1d",17,134947,144016,!tech,"76561198069567550","4X1s",true,2
2558,"4939860d31f7f1d",17,135191,144274,sec irl,"76561198069567550","4X1s",true,2
2559,"4939860d31f7f1d",17,136064,145201,looks like min,"76561198069567550","4X1s",true,2
2560,"4939860d31f7f1d",17,136430,145588,bazar,"76561198829202374",Sdaim,true,3
2561,"4939860d31f7f1d",17,136471,145635,got it bro :D,"76561198119088041",cologne26,true,3
2562,"4939860d31f7f1d",17,136699,145878,u from England ?,"76561198119088041",cologne26,true,3
2563,"4939860d31f7f1d",17,137286,146501,yes yes landan capital britan,"76561198036066702",Alv68,true,2
2564,"4939860d31f7f1d",17,137551,146778,landalan >,"76561198119088041",cologne26,true,3
2565,"4939860d31f7f1d",17,142081,151598,r?,"76561198069567550","4X1s",true,2
2566,"4939860d31f7f1d",17,142193,151713,R,"76561198829202374",Sdaim,true,3
2567,"4939860d31f7f1d",17,142304,151833,GOTOVI BOSS ,"76561198119088041",cologne26,true,3
2568,"4939860d31f7f1d",17,142697,152250,!unpause,"76561198069567550","4X1s",true,2
2569,"4939860d31f7f1d",19,163134,173981,!tac,"76561198119088041",cologne26,true,3
2570,"4939860d31f7f1d",21,183114,195227,!tac,"76561198119088041",cologne26,true,3
2571,"4939860d31f7f1d",24,223731,238406,gg,"76561198036066702",Alv68,false,2
2572,a4a0808a07a6cad8,1,4084,4833,﷽﷽ ﷽﷽﷽ ﷽﷽﷽ ﷽﷽﷽ ﷽﷽﷽ ﷽﷽﷽ ﷽﷽﷽ ﷽﷽﷽ ﷽﷽ ﷽﷽ ﷽﷽﷽ ﷽﷽﷽ ﷽﷽﷽ ﷽,"76561198255981498",pesaadelo,true,2
2573,a4a0808a07a6cad8,1,5335,6153,!switch,"76561198025578864",PKL,true,2
2574,a4a0808a07a6cad8,14,110763,117690,nl,"76561199730255728",Coach|-RUGO-,false,3
2575,a4a0808a07a6cad8,14,110784,117717,nl,"76561198939861318",_nacho-,true,3
2576,a4a0808a07a6cad8,14,110866,117805,nñ,"76561198997188511",ivz,true,3
2577,a4a0808a07a6cad8,14,110883,117822,nl,"76561199730255728",Coach|-RUGO-,false,3
2578,a4a0808a07a6cad8,14,110967,117909,nl,"76561198997188511",ivz,true,3
2579,a4a0808a07a6cad8,14,111001,117948,ok,"76561198242601266",detr0ittJ,true,2
2580,a4a0808a07a6cad8,14,111354,118319,!pause,"76561199730255728",Coach|-RUGO-,false,3
2581,a4a0808a07a6cad8,14,117266,124576,confirma,"76561198997188511",ivz,false,3
2582,a4a0808a07a6cad8,14,117351,124671,da confirm no site,"76561198077857805",naz935,false,3
2583,a4a0808a07a6cad8,14,117416,124737,na pag,"76561198997188511",ivz,false,3
2584,a4a0808a07a6cad8,15,122700,130324,r here,"76561198981301404",Javertus,true,3
2585,a4a0808a07a6cad8,15,122703,130328,.unpause,"76561198242601266",detr0ittJ,true,2
2586,a4a0808a07a6cad8,15,122815,130444,r,"76561198025578864",PKL,true,2
2587,a4a0808a07a6cad8,15,122822,130451,r,"76561198249302730",hardzaoo,true,2
2588,a4a0808a07a6cad8,15,123457,131125,unpause admin,"76561198025578864",PKL,true,2
2589,a4a0808a07a6cad8,15,125956,133767,!ready,"76561198939861318",_nacho-,true,3
2590,a4a0808a07a6cad8,15,127296,135189,tem que confirmar no pag,"76561199730255728",Coach|-RUGO-,false,3
2591,a4a0808a07a6cad8,15,127451,135349,chama na fct dnv,"76561198249302730",hardzaoo,true,2
2592,a4a0808a07a6cad8,15,127687,135603,que ficou bom e restore,"76561199730255728",Coach|-RUGO-,false,3
2593,a4a0808a07a6cad8,15,127795,135715,tem q confirmar na pag,"76561198981301404",Javertus,true,3
2594,a4a0808a07a6cad8,15,127890,135818,faceit,"76561198981301404",Javertus,true,3
2595,a4a0808a07a6cad8,21,175041,185691,gg,"76561198939861318",_nacho-,true,3
2596,a4a0808a07a6cad8,21,175069,185719,gg,"76561199730255728",Coach|-RUGO-,false,3
2597,a4a0808a07a6cad8,21,175190,185850,gg,"76561198242601266",detr0ittJ,false,2
2598,"86a83a8d5955abb8",1,4145,4847,!stay,"76561199241953370",CutzMeretz,true,3
2599,"86a83a8d5955abb8",19,167530,177697,gg,"76561198053186000",abr--,false,3
2600,"86a83a8d5955abb8",19,167573,177741,gg,"76561197994888003",danoco,false,2
2601,"90c3cf594f42489b",1,5945,6781,!stay,"76561198003142163",WOOD77,true,3
2602,"90c3cf594f42489b",15,83200,88534,gg,"76561198370183186",nardes,false,2
2603,"90c3cf594f42489b",15,83245,88585,gg,"76561199043122605",diozera,true,2
2604,"90c3cf594f42489b",15,83292,88636,gg,"76561199075107764",PuliNFPS,false,3
2605,"90c3cf594f42489b",15,83318,88662,GG,"76561198179971725",khowy666,false,3
2606,"90c3cf594f42489b",15,83398,88743,GG,"76561199143432199",swords-,false,3
2607,"90c3cf594f42489b",15,83451,88803,gg,"76561198308346611",Coach|cx1-,false,2
2608,"67cf0c69da510ff",1,3554,4268,HFHF,"76561198885430317",history-,true,2
2609,"67cf0c69da510ff",1,3838,4574,hfhf,"76561197993759963",rem1x,true,3
2610,"67cf0c69da510ff",1,3924,4661,hfhf,"76561198012903465",cLLLd,true,3
2611,"67cf0c69da510ff",1,4222,4981,hf,"76561198359234494",Ltz777,true,3
2612,"67cf0c69da510ff",1,4643,5424,hfhf,"76561198251931752",chayJESUS,true,2
2613,"67cf0c69da510ff",13,107845,114606,clon7 wc,"76561198177661881",brokeNN-,true,2
2614,"67cf0c69da510ff",13,108084,114856,safe,"76561198885430317",history-,true,3
2615,"67cf0c69da510ff",13,116112,123355,vamos precisar de rr so,"76561198885430317",history-,true,3
2616,"67cf0c69da510ff",13,116325,123579,q o chay caiu e tava de colete,"76561198885430317",history-,true,3
2617,"67cf0c69da510ff",13,116368,123622,"1s","76561198885430317",history-,true,3
2618,"67cf0c69da510ff",13,116556,123821,de boa,"76561198177661881",brokeNN-,true,2
2619,"67cf0c69da510ff",22,216822,229870,gg,"76561198177661881",brokeNN-,false,2
2620,"6c843bb3d7193e3c",1,2699,3363,!switch,"76561198981301404",-tom1jed,true,2
2621,"6c843bb3d7193e3c",7,45279,48396,!tac,"76561198981301404",-tom1jed,true,3
2622,"6c843bb3d7193e3c",24,190279,201776,gg,"76561198361613212",abizz,false,2
2623,"6c843bb3d7193e3c",24,190500,202008,gg,"76561199730255728",Coach|-RUGO-,false,2
2624,"84946250d1f4aafd",1,155,658,ou wanna choose sides_,"76561198104626893",LNZ,true,3
2625,"84946250d1f4aafd",1,188,692,vm escolher lado?,"76561198061423730",insani,true,3
2626,"84946250d1f4aafd",1,393,908,ao inves de faca,"76561198061423730",insani,true,3
2627,"84946250d1f4aafd",1,582,1108,s,"76561198981301404",-tom1jed,true,2
2628,"84946250d1f4aafd",1,885,1427,dmr,"76561198061423730",insani,true,3
2629,"84946250d1f4aafd",1,904,1449,voces escolhen,"76561198981301404",-tom1jed,true,2
2630,"84946250d1f4aafd",1,979,1527,na nuke,"76561198981301404",-tom1jed,true,2
2631,"84946250d1f4aafd",1,1065,1617,nuke ct,"76561198061423730",insani,true,3
2632,"84946250d1f4aafd",1,1082,1636,nois na inf,"76561198981301404",-tom1jed,true,2
2633,"84946250d1f4aafd",1,1224,1784,boa,"76561198061423730",insani,true,3
2634,"84946250d1f4aafd",1,1268,1832,inf ct,"76561198981301404",-tom1jed,true,2
2635,"84946250d1f4aafd",1,1423,1994,OK TY,"76561198104626893",LNZ,true,3
2636,"84946250d1f4aafd",1,6595,7467,!ct,"76561198104626893",LNZ,true,3
2637,"84946250d1f4aafd",11,80712,85877,teclado,"76561198061423730",insani,true,3
2638,"84946250d1f4aafd",11,80984,86169,ok,"76561199730255728",Coach|-RUGO-,false,2
2639,"84946250d1f4aafd",11,81012,86199,k,"76561198077857805",naz935,true,2
2640,"84946250d1f4aafd",11,81519,86732,r?,"76561198061423730",insani,true,3
2641,"4cf0f3e9bd06aa50",24,185609,197930,gg,"76561199043122605",diozera,false,2
2642,"4cf0f3e9bd06aa50",24,185616,197938,gg,"76561198029203966",naitte,true,2
2643,b88d5d10f2013266,1,1076,1690,tem faca?,"76561198257770857",ksloks,true,3
2644,b88d5d10f2013266,1,1148,1766,n ne,"76561198257770857",ksloks,true,3
2645,b88d5d10f2013266,1,1283,1911,n,"76561198155673341",Bnc77,true,2
2646,b88d5d10f2013266,1,3746,4525,!stay,"76561198003142163",WOOD77,true,3
2647,b88d5d10f2013266,10,70854,75892,nl,"76561198155673341",Bnc77,true,2
2648,b88d5d10f2013266,10,70897,75935,nl,"76561198032448931",Coach|skyzer1,false,2
2649,b88d5d10f2013266,10,70929,75971,nl,"76561198155673341",Bnc77,true,2
2650,b88d5d10f2013266,10,71031,76081,k,"76561198257770857",ksloks,true,3
2651,b88d5d10f2013266,10,71034,76084,OK,"76561198029203966",naitte,true,3
2652,b88d5d10f2013266,10,71037,76087,nl,"76561198266023853",nyezin,true,2
2653,b88d5d10f2013266,10,71201,76263,rcf crash sla,"76561198266023853",nyezin,true,2
2654,b88d5d10f2013266,10,75327,80656,guys precisa confirmar pro restore,"76561198155673341",Bnc77,true,2
2655,b88d5d10f2013266,11,79124,84694,!tech,"76561198155673341",Bnc77,true,2
2656,b88d5d10f2013266,11,83025,88837,r,"76561198053186000",abr--,true,2
2657,b88d5d10f2013266,11,83151,88973,r,"76561198029203966",naitte,true,3
2658,b88d5d10f2013266,11,83176,88998,r,"76561198003142163",WOOD77,true,3
2659,b88d5d10f2013266,11,83226,89051,!ready,"76561198257770857",ksloks,true,3
2660,b88d5d10f2013266,11,83265,89095,!unpause,"76561198029203966",naitte,true,3
2661,b88d5d10f2013266,11,83384,89218,!unpause,"76561198266023853",nyezin,true,2
2662,b88d5d10f2013266,11,83419,89256,!pause,"76561198257770857",ksloks,true,3
2663,b88d5d10f2013266,11,83860,89728,é o admin,"76561198266023853",nyezin,true,2
2664,b88d5d10f2013266,11,84555,90464,pediu p confirmar o unpause ,"76561198266023853",nyezin,true,2
2665,b88d5d10f2013266,11,84663,90581,la no site,"76561198266023853",nyezin,true,2
2666,b88d5d10f2013266,31,248632,264964,gg,"76561198257770857",ksloks,false,3
2667,b88d5d10f2013266,31,248794,265138,gg,"76561198370183186",nardes,false,3
2668,b88d5d10f2013266,31,248817,265161,gg,"76561198266023853",nyezin,false,2
2669,"631872f398737859",1,4563,5316,hfhf,"76561198067722198",luchov,true,3
2670,"631872f398737859",1,4796,5564,hfhf,"76561198130490651",nython,true,2
2671,"631872f398737859",1,4820,5588,hf,"76561198154095163",drg---,true,2
2672,"631872f398737859",1,4957,5734,hfhfhf,"76561198319723208",picklespeek,true,3
2673,"631872f398737859",7,39855,42652,.tac,"76561197969490124",Coach|BIT1,false,3
2674,"631872f398737859",9,57722,61517,.tech,"76561197969490124",Coach|BIT1,false,3
2675,"631872f398737859",10,58819,62672,caiu a luz,"76561197969490124",Coach|BIT1,false,3
2676,"631872f398737859",10,65881,70105,ja voltou?,"76561198130490651",nython,true,2
2677,"631872f398737859",10,66094,70329,nao,"76561197969490124",Coach|BIT1,false,3
2678,"631872f398737859",10,66697,70962,pra eu fumar um cigarro,"76561198130490651",nython,true,2
2679,"631872f398737859",10,66843,71117,da tempo?,"76561198130490651",nython,true,2
2680,"631872f398737859",10,67245,71540,tomara q n,"76561197969490124",Coach|BIT1,false,3
2681,"631872f398737859",10,67295,71590,HAUHUA,"76561197969490124",Coach|BIT1,false,3
2682,"631872f398737859",10,67461,71766,da pra ir,"76561198837142292",urban0,true,3
2683,"631872f398737859",10,67570,71884,mas n sabemos,"76561197969490124",Coach|BIT1,false,3
2684,"631872f398737859",10,78985,83893,pode usar tech? pls,"76561197969490124",Coach|BIT1,false,3
2685,"631872f398737859",10,82816,87925,da pa colocar tech',"76561198216891576",GOATSSJ,true,3
2686,"631872f398737859",10,83017,88136,s,"76561198130490651",nython,true,2
2687,"631872f398737859",10,85060,90289,!tech,"76561198130490651",nython,true,2
2688,"631872f398737859",10,99410,105388,da pra esperar 10min?,"76561197969490124",Coach|BIT1,false,3
2689,"631872f398737859",10,99750,105744,admin perguntou na pagina da faceit,"76561197969490124",Coach|BIT1,false,3
2690,"631872f398737859",10,99798,105797,la,"76561197969490124",Coach|BIT1,false,3
2691,"631872f398737859",10,101502,107591,pede pro admin pausar ai,"76561198130490651",nython,true,2
2692,"631872f398737859",10,101734,107839,la na faceit,"76561198130490651",nython,true,2
2693,"631872f398737859",10,101953,108069,okk vlw,"76561197969490124",Coach|BIT1,false,3
2694,"631872f398737859",10,102765,108922,ele ta indo pra outro lugar,"76561197969490124",Coach|BIT1,false,3
2695,"631872f398737859",10,102839,108998,pra jogar,"76561197969490124",Coach|BIT1,false,3
2696,"631872f398737859",10,105176,111460,admin?,"76561198130490651",nython,true,2
2697,"631872f398737859",10,105186,111471,ele pediu pra confirmar la,"76561197969490124",Coach|BIT1,false,3
2698,"631872f398737859",10,105745,112061,nl,"76561198195642865",meyern,true,3
2699,"631872f398737859",10,105811,112131,nl,"76561198130490651",nython,true,2
2700,"631872f398737859",12,114848,121639,ele ta indo pra casa do irmao pra jogar,"76561197969490124",Coach|BIT1,false,3
2701,"631872f398737859",12,114920,121713,bele?,"76561197969490124",Coach|BIT1,false,3
2702,"631872f398737859",12,131739,139415,ta no uber,"76561197969490124",Coach|BIT1,false,3
2703,"631872f398737859",12,146890,155360,chegou ja,"76561197969490124",Coach|BIT1,false,3
2704,"631872f398737859",12,146968,155438,ta setando,"76561197969490124",Coach|BIT1,false,3
2705,"631872f398737859",12,172779,182605,restore,"76561197969490124",Coach|BIT1,false,3
2706,"631872f398737859",12,191285,202163,tamo,"76561197969490124",Coach|BIT1,false,3
2707,"631872f398737859",12,191433,202321,restore ,"76561198067722198",luchov,true,3
2708,"631872f398737859",12,191498,202387,go,"76561198067722198",luchov,true,3
2709,"631872f398737859",12,191771,202678,"6-3","76561198067722198",luchov,true,3
2710,"631872f398737859",12,198028,209300,confirma na pagina la pls,"76561197969490124",Coach|BIT1,false,3
2711,"631872f398737859",12,200551,211968,valeu,"76561198067722198",luchov,true,3
2712,"631872f398737859",12,200671,212097,pela espera,"76561198067722198",luchov,true,3
2713,"631872f398737859",12,200799,212233,obg,"76561198195642865",meyern,true,3
2714,"631872f398737859",12,200828,212264,obrigado,"76561198319723208",HUA$OPEEK,true,3
2715,"631872f398737859",12,200890,212328,galera,"76561198319723208",HUA$OPEEK,true,3
2716,"631872f398737859",12,201322,212783,restore adm,"76561198067722198",luchov,true,3
2717,"631872f398737859",12,201334,212796,nois,"76561198154095163",drg---,true,2
2718,"631872f398737859",12,201422,212892,gracias,"76561198837142292",urban0,true,3
2719,"631872f398737859",12,201975,213476,r,"76561198067722198",luchov,true,3
2720,"631872f398737859",12,202210,213723,r,"76561199016517194",gbb-,true,2
2721,"631872f398737859",12,205319,217010,admin?,"76561198130490651",nython,true,2
2722,"631872f398737859",12,205860,217586,!unpause,"76561198067722198",luchov,true,3
2723,"631872f398737859",12,206026,217762,!pause,"76561197969490124",Coach|BIT1,false,3
2724,"631872f398737859",12,206147,217888,!unpause,"76561197969490124",Coach|BIT1,false,3
2725,"631872f398737859",14,220234,232813,nl,"76561198319723208",HUA$OPEEK,true,3
2726,"631872f398737859",14,220254,232833,nl,"76561198154095163",drg---,true,2
2727,"631872f398737859",14,220267,232846,bnl,"76561198195642865",meyern,true,3
2728,"631872f398737859",14,220288,232867,nl,"76561198319723208",HUA$OPEEK,true,3
2729,"631872f398737859",14,220587,233188,lagaram?,"76561198067722198",luchov,true,3
2730,"631872f398737859",14,220711,233314,s,"76561198154095163",drg---,true,2
2731,"631872f398737859",14,220736,233342,sim,"76561198067722198",luchov,true,3
2732,"631872f398737859",14,220771,233382,kkk,"76561198067722198",luchov,true,3
2733,"631872f398737859",14,221013,233636,aqui tambem,"76561198067722198",luchov,true,3
2734,"631872f398737859",15,228298,241371,.pause,"76561198319723208",HUA$OPEEK,true,2
2735,"631872f398737859",15,228517,241601,!pause,"76561198067722198",luchov,true,2
2736,"631872f398737859",15,228827,241933,nl,"76561198067722198",luchov,true,2
2737,"631872f398737859",15,228963,242072,n temos pause,"76561198067722198",luchov,true,2
2738,"631872f398737859",15,229415,242554,nos tb nao,"76561198130490651",nython,true,3
2739,"631872f398737859",15,229805,242966,admin durmindo,"76561198067722198",luchov,true,2
2740,"631872f398737859",15,230023,243195,ta lento demais,"76561198067722198",luchov,true,2
2741,"631872f398737859",15,230526,243728,sexto ontem ctz,"76561198130490651",nython,true,3
2742,"631872f398737859",15,231129,244365,r,"76561198067722198",luchov,true,3
2743,"631872f398737859",15,231152,244389,r,"76561198319723208",HUA$OPEEK,true,3
2744,"631872f398737859",15,231292,244535,r,"76561198130490651",nython,true,2
2745,"631872f398737859",15,231497,244753,+1,"76561198067722198",luchov,true,3
2746,"631872f398737859",15,231613,244873,one more,"76561197969490124",Coach|BIT1,false,3
2747,"631872f398737859",15,231792,245062,+1restore,"76561198067722198",luchov,true,3
2748,"631872f398737859",15,231914,245195,+1 restore,"76561198319723208",HUA$OPEEK,true,3
2749,"631872f398737859",15,232228,245523,!mp_restartgame 1,"76561198195642865",meyern,true,3
2750,"631872f398737859",15,232738,246063,.restore 12,"76561198067722198",luchov,true,3
2751,"631872f398737859",15,233233,246589,!!!!!!,"76561198067722198",luchov,true,3
2752,"631872f398737859",15,235214,248682,r,"76561198067722198",luchov,true,3
2753,"631872f398737859",15,235335,248811,r,"76561198154095163",drg---,true,2
2754,"631872f398737859",15,235342,248819,r,"76561198130490651",nython,true,2
2755,"631872f398737859",15,235763,249264,r,"76561197969490124",Coach|BIT1,false,3
2756,"631872f398737859",15,236562,250107,confirma na pagina la pra despausar,"76561197969490124",Coach|BIT1,false,3
2757,"631872f398737859",15,237022,250591,r,"76561198216891576",goat,true,3
2758,"631872f398737859",15,237684,251295,site,"76561198067722198",luchov,true,3
2759,"631872f398737859",15,237764,251389,confirma la,"76561198067722198",luchov,true,3
2760,"631872f398737859",19,265167,280383,.tac,"76561197969490124",Coach|BIT1,false,2
2761,"631872f398737859",23,292581,309388,nl,"76561198130490651",nython,true,3
2762,"631872f398737859",23,292655,309467,nl,"76561198154095163",drg---,true,3
2763,"631872f398737859",23,292852,309675,nl,"76561198195642865",meyern,true,2
2764,"631872f398737859",23,292912,309741,nl,"76561198319723208",HUA$OPEEK,true,2
2765,"631872f398737859",23,293073,309912,planta ae,"76561198130490651",nython,true,3
2766,"631872f398737859",23,293244,310090,pra n acaba a partida,"76561198130490651",nython,true,3
2767,"631872f398737859",23,293527,310389,d,"76561198067722198",luchov,true,2
2768,"631872f398737859",23,293663,310536,ok,"76561198067722198",luchov,true,2
2769,"631872f398737859",23,296171,313190,:3,"76561198319723208",HUA$OPEEK,true,2
2770,"631872f398737859",24,296751,313804,.pause ,"76561198319723208",HUA$OPEEK,true,2
2771,"631872f398737859",24,296795,313848,r,"76561198067722198",luchov,true,2
2772,"631872f398737859",24,299490,316703,espera um puco,"76561198067722198",luchov,true,2
2773,"631872f398737859",24,299583,316804,pra matarme,"76561198067722198",luchov,true,2
2774,"631872f398737859",24,302318,319695,r,"76561197969490124",Coach|BIT1,false,2
2775,"631872f398737859",24,306769,324400,r,"76561198067722198",luchov,true,2
2776,"631872f398737859",24,306893,324533,r,"76561198130490651",nython,true,3
2777,"631872f398737859",24,314165,332221,gg,"76561198067722198",luchov,false,2
2778,"6edb9243025aa23a",1,3732,4461,hfhf,"76561198130490651",nython,true,3
2779,"6edb9243025aa23a",1,4159,4911,!tech,"76561197969490124",Coach|BIT1,false,2
2780,"6edb9243025aa23a",1,4492,5266,"1 sec","76561198216891576",GOATSSJ,true,2
2781,"6edb9243025aa23a",1,4832,5626,!pause,"76561198067722198",luchov,true,2
2782,"6edb9243025aa23a",1,4946,5743,!unpause,"76561198067722198",luchov,true,2
2783,"6edb9243025aa23a",1,5188,6000,hfhf,"76561198130490651",nython,true,3
2784,"6edb9243025aa23a",16,109435,116300,gg,"76561198067722198",luchov,true,3
2785,"6edb9243025aa23a",16,109719,116605,gg,"76561198837142292",urban0,true,3
2786,a5c320ca83b08d5,8,51104,53817,!tac,"76561198857579762",rainny,false,2
2787,"5cd3dc87042dc5fa",1,6062,6406,!swap,"76561197991000831",IceBerg,true,2
2788,"5cd3dc87042dc5fa",2,18479,19480,ns!,"76561198304064574",Leakz,false,3
2789,"5cd3dc87042dc5fa",2,18635,19641,ty,"76561198119388735",draken,false,2
2790,"5cd3dc87042dc5fa",9,69675,73328,cant hear coachø,"76561199103886088",Nicky Bruhn,true,3
2791,"5cd3dc87042dc5fa",9,69724,73382,we need new tack,"76561198102263776",salazar,true,3
2792,"5cd3dc87042dc5fa",9,69929,73599,tac,"76561198102263776",salazar,true,3
2793,"5cd3dc87042dc5fa",9,70700,74411,admin,"76561198102263776",salazar,true,3
2794,"5cd3dc87042dc5fa",9,70826,74539,My friend,"76561198102263776",salazar,true,3
2795,"5cd3dc87042dc5fa",9,71107,74840,.tech,"76561198102263776",salazar,true,3
2796,"5cd3dc87042dc5fa",10,83265,87628,.tac,"76561197961358863",Lekr0,true,2
2797,"5cd3dc87042dc5fa",13,117252,123400,nicky will pee also,"76561197991000831",IceBerg,true,2
2798,"5cd3dc87042dc5fa",13,125264,131833,wasnt for me but took the opportunity,"76561199103886088",Nicky Bruhn,true,2
2799,"5cd3dc87042dc5fa",17,154702,162797,.tech,"76561197961358863",Lekr0,true,3
2800,"5cd3dc87042dc5fa",17,157525,165769,I dont know,"76561198102263776",salazar,true,2
2801,"5cd3dc87042dc5fa",17,157893,166157,spilled,"76561198119388735",draken,true,3
2802,"5cd3dc87042dc5fa",17,159617,167971,ready,"76561198308827247",jocab,true,3
2803,"5cd3dc87042dc5fa",17,159730,168091,R,"76561197991000831",IceBerg,true,2
2804,"5cd3dc87042dc5fa",17,159799,168163,e,"76561198102263776",salazar,true,2
2805,"5cd3dc87042dc5fa",17,160022,168396,r,"76561198102263776",salazar,true,2
2806,"5cd3dc87042dc5fa",17,160435,168829,.tac,"76561197961358863",Lekr0,true,3
2807,"5cd3dc87042dc5fa",17,161194,169628,need another tac,"76561197961358863",Lekr0,true,3
2808,"5cd3dc87042dc5fa",17,161291,169736,nvm,"76561197961358863",Lekr0,true,3
2809,"5cd3dc87042dc5fa",17,169878,178768,.tech,"76561197961358863",Lekr0,true,3
2810,"5cd3dc87042dc5fa",18,170538,179461,HOW MANY OPEN DRINKS U GOT,"76561198011668639",Boye,true,2
2811,"5cd3dc87042dc5fa",18,170575,179498,?,"76561198011668639",Boye,true,2
2812,"5cd3dc87042dc5fa",18,170909,179852,sound died for 30 seconds,"76561197961358863",Lekr0,true,3
2813,"5cd3dc87042dc5fa",18,171026,179972,midround,"76561197961358863",Lekr0,true,3
2814,"5cd3dc87042dc5fa",18,171322,180285,for no reason,"76561197961358863",Lekr0,true,3
2815,"5cd3dc87042dc5fa",18,171652,180635,no way,"76561198011668639",Boye,true,2
2816,"5cd3dc87042dc5fa",18,171876,180869,maybe he just got traded?,"76561198011668639",Boye,true,2
2817,"5cd3dc87042dc5fa",18,172610,181643,r,"76561197961358863",Lekr0,true,3
2818,"5cd3dc87042dc5fa",18,172715,181748,r,"76561197991000831",IceBerg,true,2
2819,"5cd3dc87042dc5fa",18,173349,182419,good until it happends again,"76561197961358863",Lekr0,true,3
2820,"5cd3dc87042dc5fa",22,211679,222738,gg,"76561197961358863",Lekr0,false,3
2821,af3251a6ae94e0c,24,178029,187402,!READY,"76561198074017668",lux,false,2
2822,af3251a6ae94e0c,33,255290,268732,!ready,"76561198074017668",lux,false,3
2823,e35174bc8b5c3b9,11,87516,92140,!tech,"76561198074017668",lux,true,3
2824,e35174bc8b5c3b9,11,88232,92889,"mouse dumau, dar uns min para carregar","76561198074017668",lux,true,3
2825,e35174bc8b5c3b9,11,88730,93417,mals guys,"76561198061763596",n1ssim,true,3
2826,e35174bc8b5c3b9,11,89552,94279,de boa,"76561198061423730",insani,true,2
2827,e35174bc8b5c3b9,11,89570,94297,suable,"76561198855876580",brnz4n,true,2
2828,e35174bc8b5c3b9,11,89894,94641,"dumau's mouse, some minutes to wait for recharging","76561198074017668",lux,true,3
2829,e35174bc8b5c3b9,11,90110,94867,okok,"76561198104626893",LNZ,true,2
2830,e35174bc8b5c3b9,11,91084,95891,dumau bro u need to lock in,"76561198104626893",LNZ,true,2
2831,e35174bc8b5c3b9,11,91759,96606,we told him before,"76561198074017668",lux,true,3
2832,e35174bc8b5c3b9,11,92139,97006,he likes to live on danger,"76561198074017668",lux,true,3
2833,e35174bc8b5c3b9,11,92346,97224,i dont even have pc bro KKKKKKKKKK,"76561198194325317",dumau,true,3
2834,e35174bc8b5c3b9,11,92352,97230,he only focus on gym,"76561198104626893",LNZ,true,2
2835,e35174bc8b5c3b9,11,92669,97561,r,"76561198061423730",insani,true,2
2836,e35174bc8b5c3b9,11,92747,97645,"45cm biceps","76561198100494962",saadzin,true,3
2837,e35174bc8b5c3b9,11,92935,97843,saw the door guy and started running with no mouse,"76561198074017668",lux,true,3
2838,e35174bc8b5c3b9,11,93154,98072,hahahaha,"76561198104626893",LNZ,true,2
2839,e35174bc8b5c3b9,11,93946,98904,adm passou fake news aq,"76561198061423730",insani,true,2
2840,e35174bc8b5c3b9,11,94027,98991,tem q dar uns 5mins sepa o mous dele parou no meio do round,"76561198061763596",n1ssim,true,3
2841,e35174bc8b5c3b9,11,94121,99089,achei q ia dar live,"76561198061423730",insani,true,2
2842,e35174bc8b5c3b9,11,94253,99231,malsss,"76561198061763596",n1ssim,true,3
2843,e35174bc8b5c3b9,11,94418,99403,pqp,"76561198074017668",lux,true,3
2844,e35174bc8b5c3b9,11,95054,100072,"BROZIN TAVA GRITANDO, DUTOO MEU MOUSE JA ERA ","76561198850020186",latto,true,3
2845,e35174bc8b5c3b9,11,95458,100496,kkkkkkkkkkkk,"76561198855876580",brnz4n,true,2
2846,e35174bc8b5c3b9,11,95496,100534,kkkkkkkkk,"76561198074017668",lux,true,3
2847,e35174bc8b5c3b9,11,95814,100872,esse q caiu duto ai,"76561198194325317",dumau,true,3
2848,e35174bc8b5c3b9,11,95945,101008,ia cair fedendo,"76561198194325317",dumau,true,3
2849,e35174bc8b5c3b9,11,96995,102114,so rezei,"76561198855876580",brnz4n,true,2
2850,e35174bc8b5c3b9,11,97373,102512,reza ta forte,"76561198074017668",lux,true,3
2851,e35174bc8b5c3b9,11,97568,102717,tirou ate a bateria do bro,"76561198074017668",lux,true,3
2852,e35174bc8b5c3b9,11,97606,102755,kkkkkkkk,"76561198100494962",saadzin,true,3
2853,e35174bc8b5c3b9,11,97635,102784,kkkkkkkkkkkkkkkkkkk,"76561198855876580",brnz4n,true,2
2854,e35174bc8b5c3b9,11,97922,103091,rato.,"76561198100494962",saadzin,true,3
2855,e35174bc8b5c3b9,11,98375,103564,oscarecasrataria,"76561198855876580",brnz4n,true,2
2856,e35174bc8b5c3b9,11,98751,103960,kkkkkkkkkk,"76561198100494962",saadzin,true,3
2857,e35174bc8b5c3b9,11,107303,112964,r,"76561198074017668",lux,true,3
2858,d77c622e68fdc2ca,1,1947,2110,inc,"76561198111020725",Bukhavez,true,2
2859,d77c622e68fdc2ca,1,2142,2317,np,"76561198184955555",spirit,true,3
2860,d77c622e68fdc2ca,1,5190,5555,r,"76561199181968192",Something,true,3
2861,d77c622e68fdc2ca,1,6384,6824,!unpause,"76561198249839608",Botman,true,2
2862,d77c622e68fdc2ca,12,80699,85797,!tac,"76561198249839608",Botman,true,2
2863,d77c622e68fdc2ca,12,88112,93697,!ready,"76561198272908956",kralle,true,2
2864,d77c622e68fdc2ca,13,94274,100244,ns,"76561198249839608",Botman,false,3
2865,d77c622e68fdc2ca,24,183902,195490,"1 toilet","76561198111020725",Bukhavez,true,3
2866,d77c622e68fdc2ca,27,213055,226491,!ready,"76561198184955555",spirit,false,2
2867,d77c622e68fdc2ca,27,213126,226570,!ready,"76561198272908956",kralle,true,3
2868,d77c622e68fdc2ca,29,226523,240692,!tac,"76561198184955555",spirit,true,3
2869,d77c622e68fdc2ca,29,230853,245024,gg,"76561198111020725",Bukhavez,true,2
2870,d77c622e68fdc2ca,29,230866,245037,gg,"76561198249839608",Botman,false,2
2871,af5c94a9b9b4b6ef,1,325,384,min,"76561198096372312",shady,false,2
2872,af5c94a9b9b4b6ef,1,371,437,"1 min","76561199181968192",Something,true,2
2873,af5c94a9b9b4b6ef,1,378,445,"2mins ","76561198184955555",spirit,false,2
2874,af5c94a9b9b4b6ef,1,459,526,sry,"76561198184955555",spirit,false,2
2875,af5c94a9b9b4b6ef,1,774,865,ok,"76561198063589111",Avou,true,3
2876,af5c94a9b9b4b6ef,1,5372,5751,!tech,"76561199021962584",KusMe,true,2
2877,af5c94a9b9b4b6ef,1,5763,6166,!unpas,"76561198272908956",kralle,true,3
2878,af5c94a9b9b4b6ef,12,91307,96941,!ready,"76561198272908956",kralle,false,3
2879,af5c94a9b9b4b6ef,17,129633,137348,gg,"76561198249839608",Botman,false,2
2880,af5c94a9b9b4b6ef,17,129681,137396,gg,"76561198111020725",Bukhavez,true,2
2881,d56cfd1ffa790539,6,41084,43271,r,"76561198152411501",cronuss,true,2
2882,d56cfd1ffa790539,6,41155,43347,r,"76561198819796522",Kaide,true,3
2883,d56cfd1ffa790539,10,82097,86429,ns,"76561198297313625",oz1k,false,2
2884,d56cfd1ffa790539,10,82348,86693,ty,"76561198819796522",Kaide,false,3
2885,d56cfd1ffa790539,20,176883,186197,gg wp,"76561198028292758",HObbit,false,3
2886,adc3c3f727baba0d,1,705,777,r,"76561198152411501",cronuss,true,3
2887,adc3c3f727baba0d,1,1956,2098,r,"76561198819796522",Kaide,true,2
2888,adc3c3f727baba0d,4,36404,38345,sup?,"76561198152411501",cronuss,true,3
2889,adc3c3f727baba0d,4,53512,56347,r,"76561198152411501",cronuss,true,3
2890,adc3c3f727baba0d,4,53827,56683,r,"76561198819796522",Kaide,true,2
2891,adc3c3f727baba0d,24,217022,228434,gg wp,"76561198028292758",HObbit,false,2
2892,adc3c3f727baba0d,24,217624,229066,gg,"76561198152411501",cronuss,false,2
2893,"25c412f5d33e483",1,11327,11949,.unpause,"76561198110839613",Bibu,true,3
2894,"25c412f5d33e483",1,11491,12119,sup,"76561198139039223",BOROS,true,3
2895,"25c412f5d33e483",1,11550,12187,admin,"76561198139039223",BOROS,true,3
2896,"25c412f5d33e483",1,11555,12192,.ready,"76561198165327895",sinnopsyy,true,3
2897,"25c412f5d33e483",1,11817,12464,.ready,"76561198139039223",BOROS,true,3
2898,"25c412f5d33e483",1,12000,12657,.go,"76561198139039223",BOROS,true,3
2899,"25c412f5d33e483",1,12169,12836,.jijigo,"76561198139039223",BOROS,true,3
2900,"25c412f5d33e483",1,12540,13227,.bigdick,"76561198844081382",skrr,true,2
2901,"25c412f5d33e483",1,12560,13247,r,"76561198002087738",gas,true,2
2902,"25c412f5d33e483",1,12768,13465,r,"76561199024583803","0SAMAS",true,3
2903,"25c412f5d33e483",1,13184,13901,.gl^hf!,"76561198165327895",sinnopsyy,true,3
2904,"25c412f5d33e483",1,13403,14131,gh,"76561198146036157",qqGOD,true,2
2905,"25c412f5d33e483",1,13590,14327,HF,"76561198317824740",sATOR1,true,2
2906,"25c412f5d33e483",1,13619,14360,hf,"76561198844081382",skrr,true,2
2907,"25c412f5d33e483",1,13665,14412,gg,"76561198165327895",sinnopsyy,true,3
2908,"25c412f5d33e483",1,13931,14688,hhhfff,"76561198931794680",Purely,true,2
2909,"25c412f5d33e483",1,14380,15160,hf,"76561198110839613",Bibu,true,3
2910,"25c412f5d33e483",1,16579,17477,look gud no?,"76561198165327895",sinnopsyy,true,3
2911,"25c412f5d33e483",1,17103,18029,awesome,"76561198146036157",qqGOD,true,2
2912,"25c412f5d33e483",1,19132,20160,now good ?,"76561198139039223",BOROS,true,3
2913,"25c412f5d33e483",1,19313,20352,"lets go guys, stay focused stay motivated","76561198146036157",qqGOD,true,2
2914,"25c412f5d33e483",1,19581,20636,lets go,"76561198110839613",Bibu,true,3
2915,"25c412f5d33e483",1,19888,20957,really?,"76561198139039223",BOROS,true,3
2916,"25c412f5d33e483",1,20009,21088,go,"76561198110839613",Bibu,true,3
2917,"25c412f5d33e483",1,20061,21140,.r,"76561198110839613",Bibu,true,3
2918,"25c412f5d33e483",1,20194,21283,.unpause,"76561198110839613",Bibu,true,3
2919,"25c412f5d33e483",1,20283,21372,.go,"76561198110839613",Bibu,true,3
2920,"25c412f5d33e483",1,20366,21463,.gogogo,"76561198110839613",Bibu,true,3
2921,"25c412f5d33e483",1,20386,21485,go admin meshan allah,"76561198139039223",BOROS,true,3
2922,"25c412f5d33e483",1,20447,21546,how,"76561198110839613",Bibu,true,3
2923,"25c412f5d33e483",1,20477,21576,!ready,"76561198165327895",sinnopsyy,true,3
2924,"25c412f5d33e483",1,20663,21772,!unpause,"76561198165327895",sinnopsyy,true,3
2925,"25c412f5d33e483",1,21134,22271,how to unpause,"76561198110839613",Bibu,true,3
2926,"25c412f5d33e483",1,21303,22447,admin,"76561198110839613",Bibu,true,3
2927,"25c412f5d33e483",1,21703,22869,!start,"76561198165327895",sinnopsyy,true,3
2928,"25c412f5d33e483",8,73963,77793,.tac,"76561198110839613",Bibu,true,3
2929,"25c412f5d33e483",12,112359,118159,.ready,"76561198110839613",Bibu,false,3
2930,"25c412f5d33e483",12,112463,118263,.r,"76561198110839613",Bibu,false,3
2931,"25c412f5d33e483",13,113804,119687,r,"76561198110839613",Bibu,true,2
2932,"25c412f5d33e483",13,113846,119729,.unpause,"76561198139039223",BOROS,true,2
2933,"25c412f5d33e483",13,113938,119825,.ready,"76561198139039223",BOROS,true,2
2934,"25c412f5d33e483",13,121700,127995,go,"76561198931794680",Purely,true,3
2935,"25c412f5d33e483",13,121826,128128,r,"76561199024583803","0SAMAS",true,2
2936,"25c412f5d33e483",24,207673,218353,gg,"76561198110839613",Bibu,false,2
2937,"25c412f5d33e483",24,207749,218429,gg,"76561198139039223",BOROS,false,2
2938,"25c412f5d33e483",24,207817,218500,gg,"76561198002087738",gas,true,3
2939,"25c412f5d33e483",24,207992,218683,GG,"76561198146036157",qqGOD,true,3
2940,"755ebe8645dc1b2d",1,4281,4543,r,"76561199024583803","0SAMAS",true,2
2941,"755ebe8645dc1b2d",1,4287,4549,r,"76561198110839613",Bibu,true,2
2942,"755ebe8645dc1b2d",1,4326,4588,gogo,"76561198165327895",sinnopsyy,true,2
2943,"755ebe8645dc1b2d",1,4358,4620,.unpause,"76561198422389693",m1n1,true,2
2944,"755ebe8645dc1b2d",1,4388,4652,R,"76561198002087738",gas,true,3
2945,"755ebe8645dc1b2d",1,4771,5055,hfhf,"76561198002087738",gas,true,3
2946,"755ebe8645dc1b2d",1,4979,5275,LEST DO IT!,"76561198146036157",qqGOD,true,3
2947,"755ebe8645dc1b2d",18,139819,147170,gg,"76561198139039223",BOROS,false,3
2948,"755ebe8645dc1b2d",18,139921,147282,GG,"76561198002087738",gas,false,2
2949,"755ebe8645dc1b2d",18,140342,147723,ghgg,"76561198146036157",qqGOD,false,2
2950,bb33593cba9764fb,1,2388,2549,R,"76561199024583803","0SAMAS",true,3
2951,bb33593cba9764fb,1,2811,2992,hf,"76561198146036157",qqGOD,true,2
2952,bb33593cba9764fb,1,2827,3008,fh,"76561198931794680",Purely,true,2
2953,bb33593cba9764fb,1,3702,3933,HFF,"76561198844081382",skrr,true,2
2954,bb33593cba9764fb,1,4085,4337,hfhf\,"76561198110839613",Bibu,true,3
2955,bb33593cba9764fb,13,89082,93781,r,"76561199024583803","0SAMAS",true,2
2956,bb33593cba9764fb,13,89155,93864,R,"76561198844081382",skrr,true,3
2957,bb33593cba9764fb,16,111843,117733,gg,"76561198139039223",BOROS,false,2
2958,bb33593cba9764fb,16,112017,117917,gg,"76561198002087738",gas,false,3
2959,bb33593cba9764fb,16,112139,118041,GG,"76561198422389693",m1n1,true,2
2960,bb33593cba9764fb,16,112656,118586,gg,"76561198146036157",qqGOD,false,3
2961,"6394adb370a024c4",1,3863,4146,now,"76561198185031271",majkn,false,2
2962,"6394adb370a024c4",1,3967,4251,sorry,"76561198185031271",majkn,false,2
2963,"6394adb370a024c4",1,4054,4349,sry!,"76561198012521573",Leon1das-,false,2
2964,"6394adb370a024c4",1,4175,4472,r?,"76561198185031271",majkn,false,2
2965,"6394adb370a024c4",1,4505,4825,!readyt,"76561199056648975",bsover,true,2
2966,"6394adb370a024c4",1,4624,4954,!ready,"76561199056648975",bsover,true,2
2967,"6394adb370a024c4",1,4630,4961,!fixwarmup,"76561198012521573",Leon1das-,false,2
2968,"6394adb370a024c4",1,5050,5406,!ready,"76561198274417433",Folke,true,3
2969,"6394adb370a024c4",4,33710,35860,ns leonidas,"76561198274726597",Matheos,false,3
2970,"6394adb370a024c4",12,94432,100410,!ready,"76561198274417433",Folke,false,3
2971,"6394adb370a024c4",12,94839,100843,!ready,"76561199056648975",bsover,false,2
2972,"6394adb370a024c4",18,135572,143912,gg,"76561198274726597",Matheos,false,2
2973,"1fe4a7ae89f9e505",1,489,566,!ready,"76561198060923015",smekk,true,2
2974,"1fe4a7ae89f9e505",1,5010,5369,!ready,"76561199056648975",bsover,true,3
2975,"1fe4a7ae89f9e505",2,13382,14266,RAWR,"76561198876068549",Mizi,true,2
2976,"1fe4a7ae89f9e505",12,86609,91193,!ready,"76561198274417433",Folke,true,2
2977,"1fe4a7ae89f9e505",12,86843,91439,gh,"76561198012521573",Leon1das-,false,3
2978,"1fe4a7ae89f9e505",12,87025,91633,!ready,"76561199056648975",bsover,false,3
2979,"1fe4a7ae89f9e505",12,87214,91834,GG,"76561199056648975",bsover,false,3
2980,"1fe4a7ae89f9e505",12,87321,91951,GH*******,"76561199056648975",bsover,false,3
2981,"1fe4a7ae89f9e505",18,125717,132371,gg,"76561198274726597",Matheos,false,3
2982,"1fe4a7ae89f9e505",18,125810,132464,gg,"76561198274417433",Folke,true,3
2983,"1fe4a7ae89f9e505",18,125834,132488,gg,"76561198060923015",smekk,true,3
2984,b3764366fb185cc0,1,175,223,hfhf,"76561198155072056",Ann4,true,3
2985,b3764366fb185cc0,1,277,335,hfhfhfhfhfhfhf,"76561198047829655",tory,true,2
2986,b3764366fb185cc0,1,464,533,hfhfhfhfhfhffhhf,"76561197984057399",Madam,true,3
2987,b3764366fb185cc0,5,22620,23957,!tac,"76561198155072056",Ann4,true,3
2988,b3764366fb185cc0,9,51097,54075,!tac,"76561197984565617",Kaoday,true,3
2989,b3764366fb185cc0,16,106079,112234,gg,"76561198155072056",Ann4,false,2
2990,b3764366fb185cc0,16,106092,112247,GG,"76561198262019877",mikeri,false,2
2991,b3764366fb185cc0,16,106573,112760,gg,"76561198047829655",tory,false,3
2992,"94d81caf12815656",1,3179,3412,!switch,"76561198155072056",Ann4,false,2
2993,"94d81caf12815656",1,5477,5856,hfhfhf,"76561198155072056",Ann4,true,3
2994,"94d81caf12815656",1,5509,5893,hf,"76561198266290430",vicu,true,2
2995,"94d81caf12815656",4,23335,24741,.tech,"76561198266290430",vicu,true,2
2996,"94d81caf12815656",4,23981,25422,cs problem,"76561198266290430",vicu,true,2
2997,"94d81caf12815656",4,24060,25502,"1 sec","76561198266290430",vicu,true,2
2998,"94d81caf12815656",4,27053,28658,r,"76561198266290430",vicu,true,2
2999,"94d81caf12815656",4,27283,28900,r,"76561198155072056",Ann4,true,3
3000,"94d81caf12815656",6,45560,48225,!tac,"76561197984565617",Kaoday,true,3
3001,"94d81caf12815656",11,82893,87710,xd,"76561198262019877",mikeri,false,3
3002,"94d81caf12815656",11,83011,87830,hahahahha,"76561198262019877",mikeri,false,3
3003,"94d81caf12815656",12,90261,95498,gh,"76561198262019877",mikeri,false,3
3004,"94d81caf12815656",17,115229,121920,gg,"76561198155072056",Ann4,false,2
3005,"94d81caf12815656",17,115301,121993,gg,"76561198262019877",mikeri,false,2
3006,"94d81caf12815656",17,115416,122118,gg,"76561197984565617",Kaoday,false,2
3007,"94d81caf12815656",17,115417,122119,gg,"76561198047829655",tory,true,3
3008,"94d81caf12815656",17,115431,122133,GG,"76561198371036559",Kat,true,3
3009,dc1a3ea81c1f9b20,1,174,223,hfhfhfhfhfhfhf,"76561198047829655",tory,true,3
3010,dc1a3ea81c1f9b20,1,770,855,fhfhhfhfhf,"76561198155072056",Ann4,true,2
3011,dc1a3ea81c1f9b20,1,1091,1191,hfhfhfhfhfhfhfhfhfhfhfhfhfhf,"76561197984057399",Madam,true,2
3012,dc1a3ea81c1f9b20,12,85202,90108,GH,"76561198262019877",mikeri,true,2
3013,dc1a3ea81c1f9b20,12,85235,90146,gh,"76561198155072056",Ann4,true,2
3014,dc1a3ea81c1f9b20,12,85438,90362,gh,"76561198047829655",tory,false,3
3015,dc1a3ea81c1f9b20,23,152030,160769,!unpause,"76561198155072056",Ann4,true,3
3016,dc1a3ea81c1f9b20,24,173701,183685,gg,"76561198155072056",Ann4,false,3
3017,dc1a3ea81c1f9b20,24,173816,183805,gg,"76561197984057399",Madam,false,3
3018,dc1a3ea81c1f9b20,24,173877,183872,GG,"76561198262019877",mikeri,false,3
3019,"9b97719b66595b86",1,1750,1881,hf),"76561198408199043",phzy,true,3
3020,"9b97719b66595b86",1,2000,2143,.tech,"76561198253670517",BELCHONOKK,true,2
3021,"9b97719b66595b86",1,2184,2336,zweih sound issue,"76561198253670517",BELCHONOKK,true,2
3022,"9b97719b66595b86",1,2349,2510,"1m","76561198253670517",BELCHONOKK,true,2
3023,"9b97719b66595b86",1,4370,4628,r,"76561198210626739",zweih,true,2
3024,"9b97719b66595b86",1,4515,4782,r,"76561198005107817",Staehr,true,3
3025,"9b97719b66595b86",1,4580,4850,hf,"76561198408199043",phzy,true,3
3026,"9fedeb7256b9e6ea",1,1814,1946,hfhfhf,"76561198408199043",phzy,true,3
3027,"9fedeb7256b9e6ea",1,1941,2082,hf,"76561198005107817",Staehr,true,3
3028,"9fedeb7256b9e6ea",11,92253,97119,.tech,"76561197998926770",HooXi,true,3
3029,"9fedeb7256b9e6ea",21,185008,194749,gg,"76561198141272052",xiELO,false,3
3030,"9fedeb7256b9e6ea",21,185015,194756,gg,"76561198975070027",nota,true,3
3031,"11a93513ed49b67e",1,2866,3088,"hes in, few secs","76561198055085853",wonsz,true,3
3032,"11a93513ed49b67e",1,2924,3149,sry,"76561198055085853",wonsz,true,3
3033,"11a93513ed49b67e",1,3403,3661,.reacyd,"76561198149906662",fleav,true,3
3034,"11a93513ed49b67e",1,3481,3740,.ready,"76561198149906662",fleav,true,3
3035,"11a93513ed49b67e",1,4511,4841,sry guys ,"76561197969438752",ritchiE,true,3
3036,"11a93513ed49b67e",1,5328,5707,!pause,"76561198178801031",prosus,true,2
3037,"11a93513ed49b67e",1,5407,5787,all good ,"76561199159119164",doni,true,2
3038,"11a93513ed49b67e",1,6024,6446,!pause,"76561198178801031",prosus,true,2
3039,"11a93513ed49b67e",1,6171,6599,!unpause,"76561198178801031",prosus,true,2
3040,"11a93513ed49b67e",1,6383,6826,!unpause,"76561198149906662",fleav,true,3
3041,"11a93513ed49b67e",12,93382,99302,!ready,"76561198178801031",prosus,false,2
3042,"11a93513ed49b67e",12,93519,99449,!READY,"76561198149906662",fleav,false,3
3043,"11a93513ed49b67e",16,114744,122001,!tac,"76561198801448515",tripex17最強,true,3
3044,"11a93513ed49b67e",18,133481,141918,UIKAsolpd;g\,"76561199159119164",doni,false,3
3045,"11a93513ed49b67e",19,142710,151726,!r,"76561198801448515",tripex17最強,true,3
3046,"11a93513ed49b67e",19,142891,151919,!unpause,"76561198801448515",tripex17最強,true,3
3047,"11a93513ed49b67e",19,142908,151937,!unpause,"76561198149906662",fleav,true,2
3048,"11a93513ed49b67e",19,150177,159276,gg,"76561198149906662",fleav,false,2
3049,"11a93513ed49b67e",19,150207,159306,gg,"76561198801448515",tripex17最強,false,3
3050,"62fb056c88c365e6",1,2360,2550,.ready,"76561198149906662",fleav,true,2
3051,"62fb056c88c365e6",1,5031,5387,!ready,"76561198801448515",tripex17最強,true,3
3052,"62fb056c88c365e6",9,57087,60710,.tac,"76561197969438752",ritchiE,true,2
3053,"62fb056c88c365e6",11,75667,80455,!unpause,"76561198801448515",tripex17最強,true,3
3054,"62fb056c88c365e6",11,76080,80893,!unpause,"76561198149906662",fleav,true,2
3055,"62fb056c88c365e6",12,86416,91896,!ready,"76561198149906662",fleav,false,2
3056,"62fb056c88c365e6",12,87779,93346,!ready,"76561198178801031",prosus,false,3
3057,"62fb056c88c365e6",12,87796,93365,!ready,"76561198801448515",tripex17最強,true,3
3058,"62fb056c88c365e6",15,107401,113888,gg,"76561198801448515",tripex17最強,true,2
3059,"62fb056c88c365e6",15,107405,113892,GG,"76561198016138527",JBOEN,true,2
3060,ba78f6ee72c75fa7,1,1554,1704,!rady,"76561198975452660",Woro2k,true,3
3061,ba78f6ee72c75fa7,1,1575,1727,.ready,"76561198172837021",rigoN,true,3
3062,ba78f6ee72c75fa7,1,1646,1798,!ready,"76561198975452660",Woro2k,true,3
3063,ba78f6ee72c75fa7,1,3839,4142,gogogogog,"76561198172837021",rigoN,true,3
3064,ba78f6ee72c75fa7,1,5253,5653,!ready,"76561198092690259",KalubeR,true,2
3065,ba78f6ee72c75fa7,1,5559,5979,!ready,"76561198271282649",SKRiMO,true,2
3066,ba78f6ee72c75fa7,1,5635,6061,!ready,"76561198271282649",SKRiMO,true,2
3067,ba78f6ee72c75fa7,1,6559,7048,hf,"76561198092690259",KalubeR,true,2
3068,ba78f6ee72c75fa7,1,6671,7162,hfhf,"76561198183557682",shaiK,true,2
3069,ba78f6ee72c75fa7,1,14144,15143,!tech,"76561198156369374",SPELLAN,false,2
3070,ba78f6ee72c75fa7,1,14340,15352,"1sec teamspeak","76561198156369374",SPELLAN,false,2
3071,ba78f6ee72c75fa7,2,19698,21075,???,"76561198172837021",rigoN,true,3
3072,ba78f6ee72c75fa7,2,19736,21115,hi,"76561198271282649",SKRiMO,true,2
3073,ba78f6ee72c75fa7,2,19796,21184,spirit,"76561198271282649",SKRiMO,true,2
3074,ba78f6ee72c75fa7,2,19869,21259,xaxx,"76561198440676599",AwaykeN,true,2
3075,ba78f6ee72c75fa7,2,20223,21639,new player?,"76561198271282649",SKRiMO,true,2
3076,ba78f6ee72c75fa7,2,20325,21745,for core,"76561198271282649",SKRiMO,true,2
3077,ba78f6ee72c75fa7,2,20398,21827,xD,"76561198975452660",Woro2k,true,3
3078,ba78f6ee72c75fa7,2,21958,23491,rdy?,"76561198156369374",SPELLAN,true,2
3079,ba78f6ee72c75fa7,2,22122,23668,r,"76561198405751018",EMSTAR,true,3
3080,ba78f6ee72c75fa7,2,22757,24342,.unpauise,"76561198092690259",KalubeR,true,2
3081,ba78f6ee72c75fa7,2,22871,24467,.unpause,"76561198092690259",KalubeR,true,2
3082,ba78f6ee72c75fa7,2,23140,24752,.unpause,"76561198172837021",rigoN,true,3
3083,ba78f6ee72c75fa7,12,118095,125609,gh,"76561198183557682",shaiK,true,2
3084,ba78f6ee72c75fa7,12,119106,126689,.ready,"76561198052546265",Calyx,false,3
3085,ba78f6ee72c75fa7,12,120021,127657,.ready,"76561198156369374",SPELLAN,false,2
3086,ba78f6ee72c75fa7,24,224706,238905,.tac,"76561198172837021",rigoN,true,2
3087,ba78f6ee72c75fa7,24,234774,249601,gh,"76561198183557682",shaiK,false,3
3088,ba78f6ee72c75fa7,24,234854,249688,gh,"76561198271282649",SKRiMO,true,3
3089,ba78f6ee72c75fa7,24,236153,251065,.ready,"76561198052546265",Calyx,false,2
3090,ba78f6ee72c75fa7,24,236591,251534,.ready,"76561198156369374",SPELLAN,false,3
3091,ba78f6ee72c75fa7,27,255830,272001,.ready,"76561198052546265",Calyx,true,2
3092,ba78f6ee72c75fa7,27,256088,272273,.readty,"76561198092690259",KalubeR,false,3
3093,ba78f6ee72c75fa7,27,256240,272437,.ready,"76561198092690259",KalubeR,false,3
3094,ba78f6ee72c75fa7,28,258076,274382,.throw,"76561198156369374",SPELLAN,true,2
3095,ba78f6ee72c75fa7,29,267830,284749,!tac,"76561198440676599",AwaykeN,true,2
3096,ba78f6ee72c75fa7,29,268037,284968,.tech,"76561198156369374",SPELLAN,true,2
3097,ba78f6ee72c75fa7,29,268224,285167,?,"76561198172837021",rigoN,true,3
3098,ba78f6ee72c75fa7,29,268786,285765,charging headset 1sec,"76561198156369374",SPELLAN,true,2
3099,ba78f6ee72c75fa7,29,272062,289246,!unpause,"76561198156369374",SPELLAN,true,2
3100,ba78f6ee72c75fa7,29,272241,289437,.unpause,"76561198172837021",rigoN,true,3
3101,"5b5534fa0e89a1cc",1,4996,5352,!ready,"76561198975452660",Woro2k,false,2
3102,"5b5534fa0e89a1cc",1,5027,5383,.ready,"76561198092690259",KalubeR,true,3
3103,"5b5534fa0e89a1cc",1,5943,6359,HF,"76561198183557682",shaiK,true,3
3104,"5b5534fa0e89a1cc",1,5950,6366,hff,"76561198092690259",KalubeR,true,3
3105,"5b5534fa0e89a1cc",1,5973,6389,hfhf,"76561198271282649",SKRiMO,true,3
3106,"5b5534fa0e89a1cc",1,6846,7313,hfhfhf,"76561198172837021",rigoN,true,2
3107,"5b5534fa0e89a1cc",12,115021,122300,.ready,"76561198052546265",Calyx,false,2
3108,"5b5534fa0e89a1cc",12,115102,122385,!r,"76561198271282649",SKRiMO,false,3
3109,"5b5534fa0e89a1cc",12,115230,122524,!ready,"76561198271282649",SKRiMO,false,3
3110,"5b5534fa0e89a1cc",21,177770,188622,gg,"76561198271282649",SKRiMO,false,2
3111,"5b5534fa0e89a1cc",21,177781,188633,gg,"76561198172837021",rigoN,false,3
3112,"5b5534fa0e89a1cc",21,177824,188676,gg,"76561198183557682",shaiK,false,2
3113,b9749b08d65b8d27,1,663,744,!TECH,"76561198191011338",Nami,true,3
3114,b9749b08d65b8d27,1,1032,1135,ping and loss,"76561198245773992",mASKED,true,3
3115,b9749b08d65b8d27,1,1303,1417,for nami,"76561198245773992",mASKED,true,3
3116,b9749b08d65b8d27,1,1519,1644,lol champion,"76561198245773992",mASKED,true,3
3117,b9749b08d65b8d27,1,4365,4656,R,"76561198191011338",Nami,true,3
3118,b9749b08d65b8d27,1,4530,4832,!unpause,"76561198245773992",mASKED,true,3
3119,b9749b08d65b8d27,1,4538,4840,r,"76561198362698732",w4rden,true,2
3120,b9749b08d65b8d27,2,8565,9099,:DD,"76561198799260043",SiKO,true,2
3121,b9749b08d65b8d27,2,8978,9534,;p,"76561198028522662",Markoś,true,3
3122,b9749b08d65b8d27,2,9101,9668,prond,"76561198245773992",mASKED,true,3
3123,b9749b08d65b8d27,2,9667,10267,nami you are such a legend,"76561198799260043",SiKO,true,2
3124,b9749b08d65b8d27,3,11567,12275,ty u siko u too,"76561198191011338",Nami,true,3
3125,b9749b08d65b8d27,4,19785,20963,!tech,"76561198191011338",Nami,true,3
3126,b9749b08d65b8d27,4,19865,21050,loss again,"76561198191011338",Nami,true,3
3127,b9749b08d65b8d27,4,20260,21467,r,"76561198191011338",Nami,true,3
3128,b9749b08d65b8d27,4,20449,21667,r,"76561198362698732",w4rden,true,2
3129,b9749b08d65b8d27,4,20466,21684,!unpause,"76561198245773992",mASKED,true,3
3130,b9749b08d65b8d27,4,20523,21741,!unpause,"76561198191011338",Nami,true,3
3131,b9749b08d65b8d27,6,37804,40016,like you cannot see my web?,"76561198799260043",SiKO,true,2
3132,b9749b08d65b8d27,6,38005,40229,or wrong angle,"76561198799260043",SiKO,true,2
3133,b9749b08d65b8d27,6,40126,42473,now?,"76561198799260043",SiKO,true,2
3134,b9749b08d65b8d27,6,40680,43058,r,"76561198245773992",mASKED,true,3
3135,b9749b08d65b8d27,6,40687,43065,r,"76561198191011338",Nami,true,3
3136,b9749b08d65b8d27,6,40691,43070,y,"76561198362698732",w4rden,true,2
3137,b9749b08d65b8d27,9,67519,71443,on to łeb jest,"76561198245773992",mASKED,true,3
3138,b9749b08d65b8d27,9,68328,72296,!unpause,"76561198245773992",mASKED,true,3
3139,b9749b08d65b8d27,9,68329,72297,r,"76561198362698732",w4rden,true,2
3140,b9749b08d65b8d27,9,68486,72465,!unpause,"76561198362698732",w4rden,true,2
3141,b9749b08d65b8d27,15,103840,109873,!tac,"76561198191011338",Nami,true,2
3142,b9749b08d65b8d27,16,120313,127290,.TAC,"76561198001587935",KAD1M,false,3
3143,b9749b08d65b8d27,21,158289,167450,gg,"76561198119075865",realzen,false,3
3144,b9749b08d65b8d27,21,158352,167519,gg,"76561198028522662",Markoś,false,2
3145,b9749b08d65b8d27,21,158782,167976,gg,"76561198245773992",mASKED,false,2
3146,"28d151d5f23d4b84",7,46903,49645,\,"76561198245773992",mASKED,true,2
3147,"28d151d5f23d4b84",8,49991,52912,ns,"76561198799260043",SiKO,true,3
3148,"28d151d5f23d4b84",11,74287,78604,f,"76561198245773992",mASKED,true,2
3149,"28d151d5f23d4b84",11,74399,78726,úsec,"76561198362698732",w4rden,true,3
3150,"28d151d5f23d4b84",11,74430,78758,r,"76561198245773992",mASKED,true,2
3151,"28d151d5f23d4b84",11,74435,78763,sec,"76561198362698732",w4rden,true,3
3152,"28d151d5f23d4b84",11,74828,79178,r,"76561198362698732",w4rden,true,3
3153,"28d151d5f23d4b84",12,85120,90061,.tac,"76561198119075865",realzen,true,3
3154,"28d151d5f23d4b84",23,172022,181979,sec loss,"76561198362698732",w4rden,true,2
3155,"28d151d5f23d4b84",23,172256,182224,r,"76561198362698732",w4rden,true,2
3156,"28d151d5f23d4b84",23,172839,182841,we r,"76561198362698732",w4rden,true,2
3157,"28d151d5f23d4b84",23,172881,182886,!unpause,"76561198245773992",mASKED,true,3
3158,"28d151d5f23d4b84",23,173046,183059,r,"76561198245773992",mASKED,true,3
3159,"28d151d5f23d4b84",24,185330,196050,GG,"76561198028522662",Markoś,false,3
3160,"28d151d5f23d4b84",24,185429,196160,gg,"76561198245773992",mASKED,false,3
3161,"7c4fd7f0f8f6aae5",1,683,758,.,"76561198377256168",Joey,false,3
3162,"7c4fd7f0f8f6aae5",1,2508,2681,!ready,"76561198407480534",Nikodeon,true,3
3163,"7c4fd7f0f8f6aae5",1,3098,3303,!ready,"76561198077677671",Prism,true,2
3164,"7c4fd7f0f8f6aae5",1,4001,4248,hff,"76561198050922008",hades,true,2
3165,"7c4fd7f0f8f6aae5",1,4192,4449,hfhf,"76561198295739416",opdust,true,3
3166,"7c4fd7f0f8f6aae5",1,9564,10102,"1tap : D","76561198815764190",eskyy,false,2
3167,"7c4fd7f0f8f6aae5",1,9589,10130,"1tap : D","76561198815764190",eskyy,false,2
3168,"7c4fd7f0f8f6aae5",1,9653,10200,"1tap : D","76561198815764190",eskyy,false,2
3169,"7c4fd7f0f8f6aae5",2,10931,11542,!tech,"76561198107012488",Demho,true,2
3170,"7c4fd7f0f8f6aae5",2,11546,12194,"1s keyboard issue on drenq","76561198050922008",hades,true,2
3171,"7c4fd7f0f8f6aae5",2,11868,12527,allg,"76561198377256168",Joey,true,3
3172,"7c4fd7f0f8f6aae5",2,25467,26838,restore and r,"76561198050922008",hades,true,2
3173,"7c4fd7f0f8f6aae5",2,26473,27895,.unpause,"76561198050922008",hades,true,2
3174,"7c4fd7f0f8f6aae5",2,26608,28037,yes sir,"76561198050922008",hades,true,2
3175,"7c4fd7f0f8f6aae5",2,26620,28049,R,"76561198998266210",xelex,true,3
3176,"7c4fd7f0f8f6aae5",5,54061,56927,.tac,"76561198295739416",opdust,false,3
3177,"7c4fd7f0f8f6aae5",7,70627,74359,"1tap : D","76561198815764190",eskyy,false,2
3178,"7c4fd7f0f8f6aae5",7,70652,74387,"1tap : D","76561198815764190",eskyy,false,2
3179,"7c4fd7f0f8f6aae5",7,70672,74410,"1tap : D","76561198815764190",eskyy,false,2
3180,"7c4fd7f0f8f6aae5",7,70693,74433,"1tap : D","76561198815764190",eskyy,false,2
3181,"7c4fd7f0f8f6aae5",7,70712,74452,"1tap : D","76561198815764190",eskyy,false,2
3182,"7c4fd7f0f8f6aae5",7,70730,74470,"1tap : D","76561198815764190",eskyy,false,2
3183,"7c4fd7f0f8f6aae5",7,70748,74488,"1tap : D","76561198815764190",eskyy,false,2
3184,"7c4fd7f0f8f6aae5",7,70766,74506,"1tap : D","76561198815764190",eskyy,false,2
3185,"7c4fd7f0f8f6aae5",8,71867,75667,let's sznorb ,"76561198815764190",eskyy,true,2
3186,"7c4fd7f0f8f6aae5",8,71981,75784,klawery,"76561198815764190",eskyy,true,2
3187,"7c4fd7f0f8f6aae5",10,98217,103394,.TAC,"76561198295739416",opdust,false,3
3188,"7c4fd7f0f8f6aae5",12,119972,126304,.ready,"76561198077677671",Prism,false,2
3189,"7c4fd7f0f8f6aae5",15,142569,150087,"1tap : D","76561198815764190",eskyy,false,3
3190,"7c4fd7f0f8f6aae5",15,142598,150116,"1tap : D","76561198815764190",eskyy,false,3
3191,"7c4fd7f0f8f6aae5",15,142615,150133,"1tap : D","76561198815764190",eskyy,false,3
3192,"7c4fd7f0f8f6aae5",15,142633,150151,"1tap : D","76561198815764190",eskyy,false,3
3193,"7c4fd7f0f8f6aae5",16,142982,150520,wy tez eco_,"76561198815764190",eskyy,true,3
3194,"7c4fd7f0f8f6aae5",17,154277,162407,.TAC,"76561198077677671",Prism,true,3
3195,"7c4fd7f0f8f6aae5",17,164802,173484,.tech,"76561198295739416",opdust,false,2
3196,"7c4fd7f0f8f6aae5",18,166372,175135,!unpause,"76561198295739416",opdust,true,2
3197,"7c4fd7f0f8f6aae5",18,166585,175358,.unpause,"76561198050922008",hades,true,3
3198,"7c4fd7f0f8f6aae5",20,179834,189300,.tac,"76561198077677671",Prism,true,3
3199,"7c4fd7f0f8f6aae5",22,202936,213428,gg,"76561198377256168",Joey,false,2
3200,"7c4fd7f0f8f6aae5",22,202960,213452,ggs,"76561198998266210",xelex,false,2
3201,"7c4fd7f0f8f6aae5",22,203019,213511,ggs,"76561198050922008",hades,false,3
3202,"7c4fd7f0f8f6aae5",22,203022,213514,gg,"76561198815764190",eskyy,false,3
3203,df0b525227844b7c,2,2856,3047,.stay,"76561198295739416",opdust,true,3
3204,df0b525227844b7c,2,3126,3327,!ready,"76561198295739416",opdust,true,3
3205,df0b525227844b7c,2,3488,3709,.ready,"76561198050922008",hades,true,2
3206,df0b525227844b7c,9,53266,56091,jazda klawery ezezez,"76561198815764190",eskyy,false,2
3207,df0b525227844b7c,9,53286,56114,jazda klawery ezezez,"76561198815764190",eskyy,false,2
3208,df0b525227844b7c,10,53737,56589,",tac","76561198295739416",opdust,true,3
3209,df0b525227844b7c,10,53939,56802,.tac,"76561198295739416",opdust,true,3
3210,df0b525227844b7c,13,78267,82405,.TAC,"76561198077677671",Prism,true,2
3211,df0b525227844b7c,13,79337,83526,joey im coming for you,"76561198815764190",eskyy,true,2
3212,df0b525227844b7c,13,79823,84042,be aware ,"76561198815764190",eskyy,true,2
3213,df0b525227844b7c,14,99548,104817,!ready,"76561198295739416",opdust,false,3
3214,df0b525227844b7c,14,99660,104934,.ready,"76561198050922008",hades,true,2
3215,df0b525227844b7c,14,99857,105143,joeyyyy,"76561198815764190",eskyy,false,2
3216,df0b525227844b7c,14,100019,105310,joeeeeyyyyy,"76561198815764190",eskyy,false,2
3217,df0b525227844b7c,18,120267,126620,.TAC,"76561198077677671",Prism,true,3
3218,df0b525227844b7c,20,134013,141082,jooeeyyyy,"76561198815764190",eskyy,true,3
3219,df0b525227844b7c,20,134170,141246,"1tap : D","76561198815764190",eskyy,true,3
3220,df0b525227844b7c,20,134190,141267,"1tap : D","76561198815764190",eskyy,true,3
3221,df0b525227844b7c,20,134209,141288,"1tap : D","76561198815764190",eskyy,true,3
3222,df0b525227844b7c,20,134228,141310,"1tap : D","76561198815764190",eskyy,true,3
3223,df0b525227844b7c,21,139414,146768,.tac,"76561198295739416",opdust,true,2
3224,df0b525227844b7c,25,168589,177468,.tac,"76561198377256168",Joey,true,2
3225,df0b525227844b7c,26,182178,191765,!ready',"76561198050922008",hades,false,3
3226,df0b525227844b7c,26,182287,191884,.ready,"76561198295739416",opdust,true,2
3227,df0b525227844b7c,26,182294,191891,!ready,"76561198050922008",hades,false,3
3228,df0b525227844b7c,27,183723,193390,.tac,"76561198295739416",opdust,true,2
3229,df0b525227844b7c,29,202296,212937,joey,"76561198815764190",eskyy,true,3
3230,df0b525227844b7c,29,202531,213182,byczku,"76561198815764190",eskyy,true,3
3231,df0b525227844b7c,29,202647,213308,co jest_,"76561198815764190",eskyy,true,3
3232,df0b525227844b7c,29,208661,219656,.ready,"76561198050922008",hades,true,3
3233,df0b525227844b7c,29,208865,219870,.ready,"76561198295739416",opdust,false,2
3234,df0b525227844b7c,31,226077,237757,ggs,"76561198998266210",xelex,false,3
3235,df0b525227844b7c,31,226077,237757,gg,"76561198815764190",eskyy,false,2
3236,df0b525227844b7c,31,226118,237798,gg,"76561198050922008",hades,true,2
3237,ce921e308da85cc9,1,3081,3280,.ready,"76561198050922008",hades,true,3
3238,ce921e308da85cc9,1,9326,9857,"1tap : D","76561198815764190",eskyy,true,3
3239,ce921e308da85cc9,1,9343,9874,jazda klawery ezezez,"76561198815764190",eskyy,true,3
3240,ce921e308da85cc9,1,9364,9895,"1tap : D","76561198815764190",eskyy,true,3
3241,ce921e308da85cc9,1,9387,9918,"1tap : D","76561198815764190",eskyy,true,3
3242,ce921e308da85cc9,1,9409,9940,"1tap : D","76561198815764190",eskyy,true,3
3243,ce921e308da85cc9,1,9432,9965,jazda klawery ezezez,"76561198815764190",eskyy,true,3
3244,ce921e308da85cc9,1,9453,9989,jazda klawery ezezez,"76561198815764190",eskyy,true,3
3245,ce921e308da85cc9,1,9474,10013,jazda klawery ezezez,"76561198815764190",eskyy,true,3
3246,ce921e308da85cc9,5,40245,42394,.tac,"76561198295739416",opdust,false,2
3247,ce921e308da85cc9,9,64699,68124,.tac,"76561198077677671",Prism,true,3
3248,ce921e308da85cc9,10,75324,79309,.tac,"76561198295739416",opdust,true,2
3249,ce921e308da85cc9,10,76713,80771,"2-6","76561198377256168",Joey,true,2
3250,ce921e308da85cc9,10,77433,81529,let me cook,"76561198815764190",eskyy,true,3
3251,ce921e308da85cc9,10,80547,84806,"1tap : D","76561198815764190",eskyy,false,3
3252,ce921e308da85cc9,10,80617,84876,"1tap : D","76561198815764190",eskyy,false,3
3253,ce921e308da85cc9,10,83337,87737,jazda klawery ezezez,"76561198815764190",eskyy,false,3
3254,ce921e308da85cc9,10,83367,87771,jazda klawery ezezez,"76561198815764190",eskyy,false,3
3255,ce921e308da85cc9,12,97050,102194,!ready,"76561198295739416",opdust,false,2
3256,ce921e308da85cc9,12,97641,102815,.ready,"76561198077677671",Prism,false,3
3257,ce921e308da85cc9,14,110636,116490,jazda klawery ezezez,"76561198815764190",eskyy,false,2
3258,ce921e308da85cc9,14,110659,116516,jazda klawery ezezez,"76561198815764190",eskyy,false,2
3259,ce921e308da85cc9,14,110678,116535,jazda klawery ezezez,"76561198815764190",eskyy,false,2
3260,ce921e308da85cc9,14,110699,116556,jazda klawery ezezez,"76561198815764190",eskyy,false,2
3261,ce921e308da85cc9,19,143773,151158,gg,"76561198077677671",Prism,false,2
3262,ce921e308da85cc9,19,143820,151205,gg,"76561198815764190",eskyy,false,2
3263,ce921e308da85cc9,19,143828,151213,ggs,"76561198050922008",hades,false,2
3264,ce921e308da85cc9,19,144067,151452,´GGS,"76561198998266210",xelex,false,3
3265,"319b8a24f3d5e3bc",1,12929,13644,hfhfhf,"76561199063238565",magixx,true,3
3266,"319b8a24f3d5e3bc",1,13002,13717,hfhfhfhf,"76561198300474132",onic,true,2
3267,"319b8a24f3d5e3bc",1,13105,13830,hfhf,"76561198136488014",cptkurtka023,true,2
3268,"319b8a24f3d5e3bc",13,108467,114200,hfhfhf,"76561199063238565",magixx,true,2
3269,"319b8a24f3d5e3bc",13,108505,114243,hfhf,"76561198300474132",onic,true,3
3270,"319b8a24f3d5e3bc",13,108605,114344,hfhf,"76561198136488014",cptkurtka023,true,3
3271,"319b8a24f3d5e3bc",18,150852,158802,.tac,"76561199063238565",magixx,true,2
3272,"319b8a24f3d5e3bc",21,187386,197250,GG,"76561198136488014",cptkurtka023,false,3
3273,"319b8a24f3d5e3bc",21,187399,197265,gege,"76561198386265483",donk,true,2
3274,"319b8a24f3d5e3bc",21,187503,197374,GG,"76561199063238565",magixx,false,2
3275,"319b8a24f3d5e3bc",21,187520,197391,gg,"76561198300474132",onic,false,3
3276,"49dd6581ae61cb27",1,3403,3615,hfhfhf,"76561199063238565",magixx,true,2
3277,"49dd6581ae61cb27",1,3563,3785,HFHF,"76561198300474132",onic,true,3
3278,"49dd6581ae61cb27",1,3853,4094,hfhf,"76561199121088563",zeRRoFIX,true,3
3279,"49dd6581ae61cb27",13,111600,117498,я памперс забыл поменять,"76561198300474132",onic,true,2
3280,"49dd6581ae61cb27",13,111723,117631,t say,"76561198300474132",onic,true,2
3281,"49dd6581ae61cb27",13,111889,117807,happens,"76561199063238565",magixx,true,3
3282,"49dd6581ae61cb27",13,111964,117882,окей го теч,"76561198386265483",donk,true,3
3283,"49dd6581ae61cb27",13,112322,118260,ХАХАХа,"76561198233474320",Dawy,true,2
3284,"49dd6581ae61cb27",13,112416,118357,hfhf,"76561198300474132",onic,true,2
3285,"49dd6581ae61cb27",13,112447,118393,hf,"76561198136488014",cptkurtka023,true,2
3286,"49dd6581ae61cb27",13,112591,118540,hfhfhf,"76561199063238565",magixx,true,3
3287,"49dd6581ae61cb27",13,112718,118676,это не т сей был если че,"76561198233474320",Dawy,true,2
3288,"49dd6581ae61cb27",13,113021,118996,да понятно,"76561198386265483",donk,true,3
3289,"49dd6581ae61cb27",18,155086,163265,gg,"76561198136488014",cptkurtka023,false,2
3290,"49dd6581ae61cb27",18,155103,163282,gg,"76561199121088563",zeRRoFIX,false,2
3291,"49dd6581ae61cb27",18,155120,163299,gege,"76561198386265483",donk,true,3
3292,"49dd6581ae61cb27",18,155206,163387,gg,"76561198300474132",onic,false,2
3293,"49dd6581ae61cb27",18,155326,163516,gg,"76561199063238565",magixx,true,3
3294,"32ee618f640f3c34",12,97679,102812,OK,"76561198864933623","4ever",false,3
3295,"32ee618f640f3c34",13,99695,104956,admin wc,"76561198237606914",madness,true,2
3296,"32ee618f640f3c34",13,107074,112717,R,"76561198864933623","4ever",true,2
3297,"60ccb24c67247cda",1,3851,4091,haolema,"76561199016206318",L1haNg,true,3
3298,"60ccb24c67247cda",1,4910,5202,r,"76561198237606914",madness,true,2
3299,"60ccb24c67247cda",1,4940,5232,O(∩_∩)O,"76561199016206318",L1haNg,true,3
3300,"60ccb24c67247cda",1,6013,6365,HFHF,"76561198864933623","4ever",true,2
3301,"60ccb24c67247cda",1,6242,6604,hfhf,"76561199016206318",L1haNg,true,3
3302,"60ccb24c67247cda",1,6651,7033,hfhf,"76561198237606914",madness,true,2
3303,"60ccb24c67247cda",1,7029,7431,hfhf,"76561198352656104",ChildKing,true,3
3304,"60ccb24c67247cda",13,110852,116695,R,"76561198237606914",madness,true,3
3305,"60ccb24c67247cda",13,110993,116842,GH,"76561198237606914",madness,true,3
3306,"2ad829638666b8d4",1,3127,3326,go,"76561198237606914",madness,true,2
3307,"2ad829638666b8d4",1,3515,3734,r,"76561198973527469",TiGeR,true,3
3308,"2ad829638666b8d4",1,3725,3954,hfhf,"76561198237606914",madness,true,2
3309,"2ad829638666b8d4",1,3956,4196,hff】,"76561198352656104",ChildKing,true,3
3310,"2ad829638666b8d4",13,122833,129190,r,"76561198973527469",TiGeR,true,2
3311,"2ad829638666b8d4",13,122911,129278,wait,"76561198237606914",madness,true,3
3312,"2ad829638666b8d4",13,123172,129550,\,"76561198237606914",madness,true,3
3313,"2ad829638666b8d4",13,123301,129689,yi ge wc,"76561198237606914",madness,true,3
3314,"2ad829638666b8d4",13,123421,129809,sry,"76561198237606914",madness,true,3
3315,"2ad829638666b8d4",13,123859,130274,laile,"76561198237606914",madness,true,3
3316,"2ad829638666b8d4",13,123944,130362,rrr,"76561198237606914",madness,true,3
3317,"2ad829638666b8d4",13,124160,130588,GG,"76561198864933623","4ever",true,3
3318,"2ad829638666b8d4",13,124459,130907,r,"76561198973527469",TiGeR,true,2
3319,"2ad829638666b8d4",13,124587,131037,r,"76561198237606914",madness,true,3
3320,"2ad829638666b8d4",13,124656,131114,gh,"76561198237606914",madness,true,3
3321,"2ad829638666b8d4",21,194574,204607,gg,"76561199016206318",L1haNg,false,2
3322,"2ad829638666b8d4",21,194652,204685,gg,"76561198352656104",ChildKing,false,2
3323,"2ad829638666b8d4",21,194822,204865,gg,"76561198237606914",madness,false,3
3324,d58e215792dc7839,1,1063,1159,.tech,"76561198288540801",Patsi,true,3
3325,d58e215792dc7839,1,1161,1267,ts loss ,"76561198288540801",Patsi,true,3
3326,d58e215792dc7839,1,1394,1510,.,"76561199189100088","7Kick",true,2
3327,d58e215792dc7839,1,1973,2119,good,"76561198217764976",danistzz,true,3
3328,d58e215792dc7839,1,2164,2320,hfhfhf,"76561197982341849",nEMANHA,true,2
3329,d58e215792dc7839,1,2227,2383,r,"76561198217764976",danistzz,true,3
3330,d58e215792dc7839,1,2262,2421,.unpause,"76561199189100088","7Kick",true,2
3331,d58e215792dc7839,1,2296,2459,hf,"76561198156362373",Fostar,true,2
3332,d58e215792dc7839,1,2388,2554,hf,"76561199189100088","7Kick",true,2
3333,d58e215792dc7839,1,3108,3314,!unpause,"76561198288540801",Patsi,true,3
3334,d58e215792dc7839,1,4136,4393,!UNPAUSE,"76561197982341849",nEMANHA,true,2
3335,d58e215792dc7839,1,4197,4459,HFHFHF,"76561197982341849",nEMANHA,true,2
3336,d58e215792dc7839,1,4412,4687,hf,"76561198397132290",R4DYX,true,3
3337,d58e215792dc7839,1,4796,5091,hf brate,"76561198217764976",danistzz,true,3
3338,d58e215792dc7839,1,4996,5302,brat moj,"76561197982341849",nEMANHA,true,2
3339,d58e215792dc7839,1,5259,5576,aide beer brate,"76561198156362373",Fostar,true,2
3340,d58e215792dc7839,1,5864,6211,@ADMIN,"76561199189100088","7Kick",true,2
3341,d58e215792dc7839,1,6409,6786,we ready ,"76561199189100088","7Kick",true,2
3342,d58e215792dc7839,1,6837,7234,!unpause,"76561198129084615",clax,true,3
3343,d58e215792dc7839,1,6862,7260,we both ready admin,"76561197980944787",hAdji,true,2
3344,d58e215792dc7839,1,7207,7624,!unpause,"76561198288540801",Patsi,true,3
3345,d58e215792dc7839,1,7765,8213,!unpause,"76561198129084615",clax,true,3
3346,d58e215792dc7839,1,8038,8501,!unpause,"76561198156362373",Fostar,true,2
3347,d58e215792dc7839,1,8415,8897,!unpause,"76561198129084615",clax,true,3
3348,d58e215792dc7839,1,8626,9121,!unpause,"76561198156362373",Fostar,true,2
3349,d58e215792dc7839,1,8804,9307,!unpause,"76561198129084615",clax,true,3
3350,d58e215792dc7839,1,8825,9331,!unpause,"76561198156362373",Fostar,true,2
3351,d58e215792dc7839,1,9018,9534,!unpause,"76561198129084615",clax,true,3
3352,d58e215792dc7839,1,9037,9555,!unpause,"76561198156362373",Fostar,true,2
3353,d58e215792dc7839,1,9054,9572,!unpause,"76561198397132290",R4DYX,true,3
3354,d58e215792dc7839,1,9159,9677,!unpause,"76561198156362373",Fostar,true,2
3355,d58e215792dc7839,1,9194,9717,!start,"76561198217764976",danistzz,true,3
3356,d58e215792dc7839,1,9256,9784,!unpause,"76561198156362373",Fostar,true,2
3357,d58e215792dc7839,1,9339,9867,!unpause,"76561198129084615",clax,true,3
3358,d58e215792dc7839,1,9469,10007,!ready,"76561198288540801",Patsi,true,3
3359,d58e215792dc7839,1,9647,10195,!r,"76561198288540801",Patsi,true,3
3360,d58e215792dc7839,1,9660,10208,/top15,"76561198156362373",Fostar,true,2
3361,d58e215792dc7839,1,9742,10291,!unpause,"76561198129084615",clax,true,3
3362,d58e215792dc7839,1,10231,10809,!order coke,"76561198129084615",clax,true,3
3363,d58e215792dc7839,1,10381,10969,!unpause,"76561198129084615",clax,true,3
3364,d58e215792dc7839,1,10550,11145,!Litenergy ,"76561198217764976",danistzz,true,3
3365,d58e215792dc7839,1,10890,11499,!cancelpause,"76561198397132290",R4DYX,true,3
3366,d58e215792dc7839,1,10926,11540,!litvin,"76561198129084615",clax,true,3
3367,d58e215792dc7839,1,10969,11587,!NOCCO,"76561198156362373",Fostar,true,2
3368,d58e215792dc7839,1,11704,12360,!unpause,"76561199011712245",h0kz,true,3
3369,d58e215792dc7839,1,11746,12405,!unpause,"76561198129084615",clax,true,3
3370,d58e215792dc7839,1,11975,12644,!admin,"76561198288540801",Patsi,true,3
3371,d58e215792dc7839,1,12876,13595,hf,"76561198156362373",Fostar,true,2
3372,d58e215792dc7839,1,13180,13909,hf,"76561199189100088","7Kick",true,2
3373,d58e215792dc7839,7,51778,54524,.tech,"76561197982341849",nEMANHA,true,2
3374,d58e215792dc7839,7,51906,54661,inc,"76561197982341849",nEMANHA,true,2
3375,d58e215792dc7839,7,52905,55708,r,"76561198217764976",danistzz,true,3
3376,d58e215792dc7839,7,53176,55995,!unpause,"76561198288540801",Patsi,true,3
3377,d58e215792dc7839,7,53234,56057,!ready,"76561198156362373",Fostar,true,2
3378,d58e215792dc7839,7,53288,56111,!unpause,"76561197982341849",nEMANHA,true,2
3379,d58e215792dc7839,11,91339,96152,ns,"76561197980944787",hAdji,false,2
3380,d58e215792dc7839,11,91932,96777,ty,"76561198217764976",danistzz,false,3
3381,d58e215792dc7839,16,125057,131655,.tech,"76561198156362373",Fostar,false,3
3382,d58e215792dc7839,17,127306,134024,we r,"76561197982341849",nEMANHA,true,3
3383,d58e215792dc7839,17,129651,136489,r,"76561198217764976",danistzz,true,2
3384,d58e215792dc7839,17,129749,136594,!r,"76561197968389863",adamS,true,3
3385,d58e215792dc7839,17,129873,136721,!unpause,"76561198217764976",danistzz,true,2
3386,d58e215792dc7839,17,130077,136935,sec,"76561197982341849",nEMANHA,true,3
3387,d58e215792dc7839,17,130238,137106,nvm,"76561197968389863",adamS,true,3
3388,d58e215792dc7839,17,130245,137113,"1 afk","76561197980944787",hAdji,true,3
3389,d58e215792dc7839,17,130251,137119,fostar irl pause,"76561197982341849",nEMANHA,true,3
3390,d58e215792dc7839,17,133554,140595,who ,"76561198288540801",Patsi,true,2
3391,d58e215792dc7839,17,133825,140884,we rdy,"76561197980944787",hAdji,true,3
3392,d58e215792dc7839,17,133910,140969,i have 5% battery,"76561199189100088","7Kick",true,3
3393,d58e215792dc7839,17,134072,141141,also,"76561199189100088","7Kick",true,3
3394,d58e215792dc7839,17,134176,141254,it will stop later,"76561199189100088","7Kick",true,3
3395,d58e215792dc7839,17,134720,141824,cant charge it only when pause,"76561199189100088","7Kick",true,3
3396,d58e215792dc7839,17,134826,141936,.ready,"76561199189100088","7Kick",true,3
3397,d58e215792dc7839,17,134830,141940,r,"76561198217764976",danistzz,true,2
3398,d58e215792dc7839,17,134909,142023,.unpasuse,"76561199189100088","7Kick",true,3
3399,d58e215792dc7839,17,135000,142120,.unpause,"76561199189100088","7Kick",true,3
3400,d58e215792dc7839,17,135317,142454,hfhfh,"76561197982341849",nEMANHA,true,3
3401,d58e215792dc7839,23,186859,196689,ns,"76561199189100088","7Kick",false,3
3402,d58e215792dc7839,23,189717,199698,.tac,"76561198156362373",Fostar,false,3
3403,d58e215792dc7839,27,217595,229031,ns,"76561199189100088","7Kick",true,3
3404,d58e215792dc7839,36,284810,299799,gg,"76561199011712245",h0kz,false,2
3405,d58e215792dc7839,36,284925,299917,gg,"76561198397132290",R4DYX,false,2
3406,"6716f721d3b95b26",1,81,131,hfhf,"76561198156362373",Fostar,true,3
3407,"6716f721d3b95b26",1,162,212,hf,"76561199189100088","7Kick",true,3
3408,"6716f721d3b95b26",9,69900,73594,.tech,"76561198156362373",Fostar,false,3
3409,"6716f721d3b95b26",10,75037,79002,wc,"76561197982341849",nEMANHA,true,3
3410,"6716f721d3b95b26",10,75055,79020,r,"76561198217764976",danistzz,true,2
3411,"6716f721d3b95b26",10,75172,79147,swec,"76561197982341849",nEMANHA,true,3
3412,"6716f721d3b95b26",10,75220,79195,sec,"76561197982341849",nEMANHA,true,3
3413,"6716f721d3b95b26",10,78118,82244,r,"76561197982341849",nEMANHA,true,3
3414,"6716f721d3b95b26",10,78161,82288,.unpause,"76561199189100088","7Kick",true,3
3415,"6716f721d3b95b26",10,78199,82331,!unpause,"76561197982341849",nEMANHA,true,3
3416,"6716f721d3b95b26",10,78381,82522,!unpause,"76561198288540801",Patsi,true,2
3417,"6716f721d3b95b26",22,179479,188919,GG,"76561197982341849",nEMANHA,false,2
3418,"6716f721d3b95b26",22,179483,188924,gg,"76561199189100088","7Kick",true,2
3419,"6716f721d3b95b26",22,179693,189147,gg,"76561199011712245",h0kz,false,3
3420,"6716f721d3b95b26",22,179725,189179,G,"76561198397132290",R4DYX,false,3
3421,f0706bd9d0abc1fe,19,127296,134673,ygg,"76561198266023853",nyezin,false,3
3422,f0706bd9d0abc1fe,19,127502,134890,gg,"76561198107541537",lyo,false,2
3423,e46a1f71da43fd96,23,172226,182195,gg,"76561198266023853",nyezin,true,2
3424,acdd50f6a2aae573,1,7348,7770,ready,"76561197987212623",INS,true,3
3425,acdd50f6a2aae573,1,7387,7809,goooo,"76561198065448360",story,true,3
3426,acdd50f6a2aae573,1,7604,8036,go,"76561198069301890",captainMo,true,2
3427,acdd50f6a2aae573,13,101416,106757,GOGO,"76561198052888143",Vexite,true,2
3428,acdd50f6a2aae573,13,101443,106784,gogo,"76561197987212623",INS,true,2
3429,acdd50f6a2aae573,19,150447,158337,gg,"76561198065448360",story,true,2
3430,"37faea3092e1fd7c",1,223,275,hf guys,"76561197977105184",jks,true,3
3431,"37faea3092e1fd7c",1,398,458,gl,"76561198148008942",Aeziyo,true,2
3432,"37faea3092e1fd7c",1,479,541,HG,"76561198317806758","18ym",true,2
3433,"37faea3092e1fd7c",1,613,685,hfhf,"76561197987212623",INS,true,3
3434,"37faea3092e1fd7c",13,87435,92049,g00g,"76561197977105184",jks,true,2
3435,"37faea3092e1fd7c",13,87796,92430,gogo,"76561197977105184",jks,true,2
3436,"37faea3092e1fd7c",13,87835,92469,hf,"76561197977105184",jks,true,2
3437,"37faea3092e1fd7c",13,87975,92619,hf,"76561198148008942",Aeziyo,true,3
3438,"37faea3092e1fd7c",13,88115,92763,GOGOGO,"76561198130248345",DD,true,3
3439,"37faea3092e1fd7c",13,88119,92767,gogogo,"76561198069301890",captainMo,true,3
3440,"37faea3092e1fd7c",13,91422,96247,gg,"76561197987212623",INS,true,2
3441,"37faea3092e1fd7c",13,91482,96307,ggs ,"76561197977105184",jks,true,2
3442,"37faea3092e1fd7c",13,91516,96341,gg,"76561198069301890",captainMo,false,3
3443,"37faea3092e1fd7c",13,91577,96407,GG,"76561198332845251",nettik,true,2
3444,"44c8225491de0038",12,86481,91490,!ready,"76561198161245944",Ciocardau,false,3
3445,"44c8225491de0038",16,115899,122617,.tac,"76561198212412773",Maze,true,3
3446,"44c8225491de0038",20,149283,157916,.tac,"76561198212412773",Maze,true,3
3447,"44c8225491de0038",24,186946,197745,gg,"76561198212412773",Maze,true,3
3448,"44c8225491de0038",24,186993,197799,ugg,"76561198451083203",starplajerz,false,2
3449,ac6924b5f306b714,9,60717,64249,!tac,"76561198451083203",starplajerz,true,2
3450,ac6924b5f306b714,12,93439,98852,),"76561199439779019",bekker,true,3
3451,ac6924b5f306b714,20,134774,142581,.tac,"76561198212412773",Maze,true,2
3452,ac6924b5f306b714,21,145155,153558,!tac,"76561198451083203",starplajerz,true,3
3453,"92c4f18e5b1a21fc",1,295,357,!request monster,"76561199439779019",bekker,true,2
3454,"92c4f18e5b1a21fc",1,1524,1654,!SWITCH,"76561198212412773",Maze,false,2
3455,"92c4f18e5b1a21fc",1,2904,3132,!ready,"76561199439779019",bekker,true,3
3456,"92c4f18e5b1a21fc",9,62900,66569,DNO MATE,"76561198073183768",n1xen,true,3
3457,"92c4f18e5b1a21fc",9,63299,66990,we think so,"76561199439779019",bekker,true,3
3458,"92c4f18e5b1a21fc",9,64536,68289,hes back on ts,"76561198058045464",Mol011,true,3
3459,"92c4f18e5b1a21fc",9,67364,71270,!unpause,"76561198070199303",ragga,true,2
3460,"92c4f18e5b1a21fc",9,68693,72676,r,"76561198257919176",qx,true,3
3461,"92c4f18e5b1a21fc",9,68724,72707,r,"76561198212412773",Maze,true,3
3462,"92c4f18e5b1a21fc",9,68738,72721,y,"76561199439779019",bekker,true,3
3463,"92c4f18e5b1a21fc",19,136008,143884,gg,"76561198161245944",Ciocardau,true,3
3464,"92c4f18e5b1a21fc",19,136016,143893,gg,"76561198058045464",Mol011,false,2
3465,"58127e8e0c40ad30",1,2159,2314,N,"76561197961491680",tabseN,true,3
3466,"58127e8e0c40ad30",1,2184,2343,sec,"76561198370176682",gr1ks,true,3
3467,"58127e8e0c40ad30",1,2201,2362,!ready,"76561198228964552",snapy,true,2
3468,"58127e8e0c40ad30",1,2459,2634,Mic probelm,"76561197961491680",tabseN,true,3
3469,"58127e8e0c40ad30",1,3647,3882,.ready,"76561197961491680",tabseN,true,3
3470,"58127e8e0c40ad30",1,4809,5102,hfhfhfhfhfhf,"76561198078771373",JDC,true,3
3471,"58127e8e0c40ad30",1,5168,5481,hfhf,"76561198370176682",gr1ks,true,3
3472,"58127e8e0c40ad30",1,5227,5540,hfhf,"76561198251575480",Icarus,true,2
3473,"58127e8e0c40ad30",1,5494,5827,hfhf,"76561198228964552",snapy,true,2
3474,"58127e8e0c40ad30",7,52467,55239,!tac,"76561198228964552",snapy,false,2
3475,"58127e8e0c40ad30",9,67192,70733,nsns,"76561198370176682",gr1ks,false,3
3476,"58127e8e0c40ad30",12,93517,98449,!ready,"76561198251575480",Icarus,false,2
3477,"58127e8e0c40ad30",16,127017,133474,gg,"76561198370176682",gr1ks,true,2
3478,"58127e8e0c40ad30",16,127021,133478,gg,"76561197961491680",tabseN,false,2
3479,"7ad1a0392a592f00",1,3026,3224,R,"76561198118196092",faveN,true,2
3480,"7ad1a0392a592f00",1,3227,3436,!ready,"76561198118196092",faveN,true,2
3481,"7ad1a0392a592f00",1,3295,3506,!r,"76561198228964552",snapy,true,3
3482,"7ad1a0392a592f00",1,3395,3611,!ready,"76561198228964552",snapy,true,3
3483,"7ad1a0392a592f00",1,3921,4163,hfhfhf,"76561198228964552",snapy,true,3
3484,"7ad1a0392a592f00",1,4725,5010,hhfhfhfhfhf,"76561198078771373",JDC,true,2
3485,"7ad1a0392a592f00",1,5040,5342,hfhfhfhf,"76561198251575480",Icarus,true,3
3486,"7ad1a0392a592f00",1,5246,5558,hfhf,"76561198370176682",gr1ks,true,2
3487,"7ad1a0392a592f00",6,42135,44376,.tech,"76561198028458803",blameF,true,2
3488,"7ad1a0392a592f00",6,42281,44533,!tech+,"76561197961491680",tabseN,true,2
3489,"7ad1a0392a592f00",6,42397,44658,be ready to restore admin,"76561198118196092",faveN,true,2
3490,"7ad1a0392a592f00",6,42484,44746,when he is back,"76561198118196092",faveN,true,2
3491,"7ad1a0392a592f00",6,47191,49702,r,"76561197961491680",tabseN,true,2
3492,"7ad1a0392a592f00",6,47703,50236,r,"76561198228964552",snapy,true,3
3493,"7ad1a0392a592f00",6,47958,50509,hfhfhfh,"76561198078771373",JDC,true,2
3494,"7ad1a0392a592f00",7,56054,59029,.tecj,"76561198028458803",blameF,true,2
3495,"7ad1a0392a592f00",7,56124,59099,.tech,"76561198028458803",blameF,true,2
3496,"7ad1a0392a592f00",7,56480,59475,admin be ready to restore,"76561198118196092",faveN,true,2
3497,"7ad1a0392a592f00",7,56588,59589,^-^,"76561198118196092",faveN,true,2
3498,"7ad1a0392a592f00",7,57036,60061,pc rr,"76561197961491680",tabseN,true,2
3499,"7ad1a0392a592f00",7,62054,65341,lagging hard ,"76561198370176682",gr1ks,true,2
3500,"7ad1a0392a592f00",7,62182,65479,fixing now ,"76561198370176682",gr1ks,true,2
3501,"7ad1a0392a592f00",7,62323,65623,fck,"76561198228964552",snapy,true,3
3502,"7ad1a0392a592f00",7,62690,66007,"sry boys, happend","76561198370176682",gr1ks,true,2
3503,"7ad1a0392a592f00",7,63213,66560,tauks+#,"76561198118196092",faveN,true,2
3504,"7ad1a0392a592f00",7,63263,66610,tails,"76561198118196092",faveN,true,2
3505,"7ad1a0392a592f00",7,64012,67399,for what are we flipping,"76561198118196092",faveN,true,2
3506,"7ad1a0392a592f00",7,64190,67587,what can i win,"76561198118196092",faveN,true,2
3507,"7ad1a0392a592f00",7,64250,67651,map win,"76561198251575480",Icarus,true,3
3508,"7ad1a0392a592f00",7,64402,67809,hahaha,"76561198118196092",faveN,true,2
3509,"7ad1a0392a592f00",7,64760,68187,fuck!,"76561198251575480",Icarus,true,3
3510,"7ad1a0392a592f00",7,65257,68714,bo3 coinflip,"76561198228964552",snapy,true,3
3511,"7ad1a0392a592f00",7,65382,68841,ok ,"76561198118196092",faveN,true,2
3512,"7ad1a0392a592f00",7,65523,68991,tails again,"76561198118196092",faveN,true,2
3513,"7ad1a0392a592f00",7,66202,69708,"1-1","76561198251575480",Icarus,true,3
3514,"7ad1a0392a592f00",7,66213,69721,you are lying,"76561198118196092",faveN,true,2
3515,"7ad1a0392a592f00",7,66239,69747,"1-1","76561198228964552",snapy,true,3
3516,"7ad1a0392a592f00",7,66360,69871,decider now,"76561198251575480",Icarus,true,3
3517,"7ad1a0392a592f00",7,66415,69933,ok,"76561198118196092",faveN,true,2
3518,"7ad1a0392a592f00",7,66423,69941,tails,"76561198228964552",snapy,true,3
3519,"7ad1a0392a592f00",7,66557,70079,heads then,"76561198118196092",faveN,true,2
3520,"7ad1a0392a592f00",7,66610,70138,now,"76561198228964552",snapy,true,3
3521,"7ad1a0392a592f00",7,67131,70683,ez,"76561198118196092",faveN,true,2
3522,"7ad1a0392a592f00",7,67285,70843,gg,"76561198251575480",Icarus,true,3
3523,"7ad1a0392a592f00",7,67339,70903,"2-0","76561198228964552",snapy,true,3
3524,"7ad1a0392a592f00",7,67404,70972,gg,"76561198228964552",snapy,true,3
3525,"7ad1a0392a592f00",7,67564,71142,gl to final,"76561198228964552",snapy,true,3
3526,"7ad1a0392a592f00",7,67744,71331,hashahahahaahha,"76561198118196092",faveN,true,2
3527,"7ad1a0392a592f00",7,68221,71829,boys ,"76561198370176682",gr1ks,true,2
3528,"7ad1a0392a592f00",7,68322,71939,snapy ,"76561198370176682",gr1ks,true,2
3529,"7ad1a0392a592f00",7,68491,72115,sup,"76561198228964552",snapy,true,3
3530,"7ad1a0392a592f00",7,68763,72401,when i killed u in donut with awp ,"76561198370176682",gr1ks,true,2
3531,"7ad1a0392a592f00",7,69016,72664,from where did u come,"76561198370176682",gr1ks,true,2
3532,"7ad1a0392a592f00",7,69061,72714,ahaha,"76561198228964552",snapy,true,3
3533,"7ad1a0392a592f00",7,69096,72754,window_ ,"76561198370176682",gr1ks,true,2
3534,"7ad1a0392a592f00",7,69195,72854,red,"76561198228964552",snapy,true,3
3535,"7ad1a0392a592f00",7,69377,73046,pizdrc,"76561198370176682",gr1ks,true,2
3536,"7ad1a0392a592f00",7,69674,73363,crazy timing ,"76561198370176682",gr1ks,true,2
3537,"7ad1a0392a592f00",7,69922,73621,"bro i was talking , only 1 donut carefull A ","76561198228964552",snapy,true,3
3538,"7ad1a0392a592f00",7,70178,73887,b,"76561198228964552",snapy,true,3
3539,"7ad1a0392a592f00",7,70305,74024,b,"76561198228964552",snapy,true,3
3540,"7ad1a0392a592f00",7,70617,74354,haha,"76561198370176682",gr1ks,true,2
3541,"7ad1a0392a592f00",7,73018,76878,big guy needs a big pc ,"76561198228964552",snapy,true,3
3542,"7ad1a0392a592f00",7,73375,77255,ahhhaa,"76561198251575480",Icarus,true,3
3543,"7ad1a0392a592f00",7,73498,77386,and he plays in BIG,"76561198118196092",faveN,true,2
3544,"7ad1a0392a592f00",7,73550,77440,...,"76561198118196092",faveN,true,2
3545,"7ad1a0392a592f00",7,75023,78990,restore and go,"76561198370176682",gr1ks,true,2
3546,"7ad1a0392a592f00",7,75391,79375,lets gooo,"76561198228964552",snapy,true,3
3547,"7ad1a0392a592f00",7,75635,79634,hfhf,"76561198228964552",snapy,true,3
3548,"7ad1a0392a592f00",7,76278,80306,!unpause,"76561198251575480",Icarus,true,3
3549,"7ad1a0392a592f00",7,76782,80840,hfhfhfh,"76561198078771373",JDC,true,2
3550,"7ad1a0392a592f00",7,77313,81397,hf,"76561198228964552",snapy,true,3
3551,"7ad1a0392a592f00",9,90397,95168,nl,"76561198370176682",gr1ks,true,2
3552,"7ad1a0392a592f00",9,91821,96663,stuck RL,"76561197961491680",tabseN,true,2
3553,"7ad1a0392a592f00",9,92355,97228,his inears got stuck in the wheel,"76561198078771373",JDC,true,2
3554,"7ad1a0392a592f00",9,92414,97287,another restore,"76561198251575480",Icarus,true,3
3555,"7ad1a0392a592f00",9,92471,97347,"1 more backujp","76561197961491680",tabseN,true,2
3556,"7ad1a0392a592f00",9,92685,97574,sorry guys,"76561198078771373",JDC,true,2
3557,"7ad1a0392a592f00",9,92898,97799,sry ,"76561198370176682",gr1ks,true,2
3558,"7ad1a0392a592f00",9,93145,98057,we r,"76561198228964552",snapy,true,3
3559,"7ad1a0392a592f00",12,117562,123750,!tac,"76561198228964552",snapy,true,3
3560,"7ad1a0392a592f00",12,125929,132579,!ready,"76561198251575480",Icarus,false,3
3561,"7ad1a0392a592f00",12,126285,132955,.ready,"76561197961491680",tabseN,false,2
3562,"7ad1a0392a592f00",18,169526,178236,gg,"76561198370176682",gr1ks,true,3
3563,"7ad1a0392a592f00",18,169543,178253,gg,"76561197961491680",tabseN,true,3
3564,f8eb96495879106,1,279,342,!tp,"76561198072691348",doobs,true,3
3565,f8eb96495879106,9,60515,63720,ns,"76561198070459137",kwezz,true,2
3566,f8eb96495879106,9,60671,63882,ty,"76561198439702876",sn0w,true,3
3567,f8eb96495879106,15,107103,112760,NS,"76561199056648975",bsover,true,2
3568,f8eb96495879106,15,107400,113077,ty,"76561198164733410",SinK,true,3
3569,f8eb96495879106,21,157934,166249,!tac,"76561198019990506",Patti,true,3
3570,f8eb96495879106,22,170473,179440,.tac,"76561198439702876",sn0w,true,2
3571,f8eb96495879106,22,177013,186322,GG,"76561198072691348",doobs,false,2
3572,f8eb96495879106,22,177047,186359,ggs,"76561198439702876",sn0w,true,2
3573,f8eb96495879106,22,177067,186381,gg,"76561197978970283",quix,false,2
3574,"797cb090bf9f0b",2,7921,8373,!tech,"76561198019990506",Patti,true,3
3575,"797cb090bf9f0b",2,9075,9587,coach joining,"76561198164733410",SinK,true,3
3576,"797cb090bf9f0b",2,9443,9975,"1 sec","76561198164733410",SinK,true,3
3577,"797cb090bf9f0b",2,10636,11228,nono,"76561198019990506",Patti,true,3
3578,"797cb090bf9f0b",2,10725,11319,just pov stream,"76561198019990506",Patti,true,3
3579,"797cb090bf9f0b",2,10770,11371,disc stream,"76561198164733410",SinK,true,3
3580,"797cb090bf9f0b",2,10772,11373,hahaha,"76561197997951486",thamlike,true,3
3581,"797cb090bf9f0b",2,10856,11458,:D,"76561198164733410",SinK,true,3
3582,"797cb090bf9f0b",2,10885,11487,yee,"76561197997951486",thamlike,true,3
3583,"797cb090bf9f0b",2,11998,12661,!unpause,"76561197997951486",thamlike,true,3
3584,"797cb090bf9f0b",9,78810,82947,its on?,"76561198439702876",sn0w,false,2
3585,"797cb090bf9f0b",10,79850,84037,!tech,"76561198439702876",sn0w,true,2
3586,"797cb090bf9f0b",10,81902,86197,.unpause,"76561198439702876",sn0w,true,2
3587,"797cb090bf9f0b",10,83327,87698,how,"76561198439702876",sn0w,true,2
3588,"797cb090bf9f0b",10,85874,90380,does it work now? i've refreshed,"76561198439702876",sn0w,true,2
3589,"797cb090bf9f0b",10,87803,92409,it says its on,"76561197978970283",quix,true,2
3590,"797cb090bf9f0b",10,90034,94755,yes,"76561198439702876",sn0w,true,2
3591,"797cb090bf9f0b",10,93523,98430,check,"76561197978970283",quix,true,2
3592,"797cb090bf9f0b",10,93537,98445,it works now?,"76561198439702876",sn0w,true,2
3593,"797cb090bf9f0b",10,93639,98547,r,"76561198439702876",sn0w,true,2
3594,"797cb090bf9f0b",10,93658,98567,r,"76561197978970283",quix,true,2
3595,"797cb090bf9f0b",10,93852,98771,r,"76561198164733410",SinK,true,3
3596,"797cb090bf9f0b",10,93888,98812,r,"76561198070459137",kwezz,true,3
3597,"797cb090bf9f0b",24,200200,210660,gg,"76561198072691348",doobs,false,3
3598,"797cb090bf9f0b",24,200444,210921,ggs,"76561198439702876",sn0w,true,3
3599,bc0f0a87e47cba11,1,10789,11397,hfhfhf,"76561197978835160",flameZ,true,2
3600,bc0f0a87e47cba11,1,10919,11529,hfhf,"76561199132217533",maxster,true,3
3601,bc0f0a87e47cba11,1,10984,11602,HF,"76561198071096426",Ro1f,true,3
3602,bc0f0a87e47cba11,1,11101,11720,hfhf,"76561198031554200",JW,true,3
3603,bc0f0a87e47cba11,1,11156,11783,hfhf23,"76561198060916227",bobeksde,true,3
3604,bc0f0a87e47cba11,1,11417,12055,hfhf,"76561199235199664",dex,true,3
3605,bc0f0a87e47cba11,1,11567,12216,hf67,"76561197991272318",ropz,true,2
3606,bc0f0a87e47cba11,1,11825,12484,aeh,"76561198060916227",bobeksde,true,3
3607,bc0f0a87e47cba11,1,11987,12656,esketit,"76561198031554200",JW,true,3
3608,bc0f0a87e47cba11,13,122611,129085,ghfhf,"76561197978835160",flameZ,true,3
3609,bc0f0a87e47cba11,13,122724,129208,hfhf,"76561198031554200",JW,true,2
3610,bc0f0a87e47cba11,13,122860,129347,hf,"76561199235199664",dex,true,2
3611,bc0f0a87e47cba11,19,164445,173108,.tac,"76561198031554200",JW,true,2
3612,bc0f0a87e47cba11,21,186379,196188,ggwp,"76561199132217533",maxster,false,2
3613,bc0f0a87e47cba11,21,186388,196197,gg,"76561197978835160",flameZ,false,3
3614,bc0f0a87e47cba11,21,186392,196201,GG,"76561198060916227",bobeksde,false,2
3615,bc0f0a87e47cba11,21,186410,196222,ggwp,"76561198031554200",JW,false,2
3616,bc0f0a87e47cba11,21,186473,196292,gg,"76561198071096426",Ro1f,false,2
3617,bc0f0a87e47cba11,21,186516,196335,gg,"76561197973140692",mezii,false,3
3618,bc0f0a87e47cba11,21,187043,196892,gg ,"76561198113666193",ZywOo,true,3
3619,"8e7a743264da3ff5",1,1292,1394,hfhf,"76561197978835160",flameZ,true,2
3620,"8e7a743264da3ff5",1,1511,1625,hfhf,"76561199132217533",maxster,true,3
3621,"8e7a743264da3ff5",1,2426,2588,hfhf,"76561199235199664",dex,true,3
3622,"8e7a743264da3ff5",1,2441,2603,hfhf23,"76561198060916227",bobeksde,true,3
3623,"8e7a743264da3ff5",8,53528,56363,.tac,"76561198031554200",JW,true,3
3624,"8e7a743264da3ff5",13,108118,113835,ghfhf,"76561197978835160",flameZ,true,3
3625,"8e7a743264da3ff5",13,108407,114141,hfgh,"76561198060916227",bobeksde,true,2
3626,"8e7a743264da3ff5",13,108417,114153,hfhf,"76561198031554200",JW,true,2
3627,"8e7a743264da3ff5",20,162882,171463,.tac,"76561198031554200",JW,true,2
3628,"8e7a743264da3ff5",21,171936,180993,.tac,"76561197978835160",flameZ,true,3
3629,"8e7a743264da3ff5",24,196770,207130,.tac,"76561198031554200",JW,true,2
3630,"8e7a743264da3ff5",24,206375,217237,u heard flash dex>?,"76561197978835160",flameZ,false,3
3631,"8e7a743264da3ff5",25,206631,217503,yes,"76561199235199664",dex,true,2
3632,"8e7a743264da3ff5",32,262849,276683,.tech,"76561198031554200",JW,true,3
3633,"8e7a743264da3ff5",32,263009,276853,spilled,"76561198031554200",JW,true,3
3634,"8e7a743264da3ff5",32,268967,283123,gonna be like 3m more?,"76561197978835160",flameZ,true,2
3635,"8e7a743264da3ff5",32,269262,283436,dno,"76561199132217533",maxster,true,3
3636,"8e7a743264da3ff5",32,269574,283760,he didnt say anything,"76561199132217533",maxster,true,3
3637,"8e7a743264da3ff5",32,271777,286083,hes back,"76561199132217533",maxster,true,3
3638,"8e7a743264da3ff5",32,271787,286093,r?,"76561198071096426",Ro1f,true,3
3639,"8e7a743264da3ff5",32,271813,286119,back,"76561198031554200",JW,true,3
3640,"8e7a743264da3ff5",32,271847,286153,sry,"76561198031554200",JW,true,3
3641,"8e7a743264da3ff5",32,271906,286214,r,"76561197978835160",flameZ,true,2
3642,"8e7a743264da3ff5",32,271957,286272,r,"76561197989744167",apEX,true,2
3643,"8e7a743264da3ff5",32,272486,286825,not used to these situations anymore,"76561198031554200",JW,true,3
3644,"8e7a743264da3ff5",35,301690,317575,gege,"76561198060916227",bobeksde,false,2
3645,"8e7a743264da3ff5",35,301732,317623,gg,"76561197978835160",flameZ,true,3
3646,"8e7a743264da3ff5",35,301764,317657,gg,"76561198031554200",JW,false,2
3647,"8e7a743264da3ff5",35,301792,317685,gg,"76561198113666193",ZywOo,true,3
3648,b15a8fb7d3089279,2,7414,7890,nl,"76561198167208419",vzn,true,2
3649,b15a8fb7d3089279,2,7718,8206,ok,"76561199031638172",s1lent,true,3
3650,b15a8fb7d3089279,2,7977,8485,restore,"76561198426050626",Thuister,false,2
3651,b15a8fb7d3089279,2,8011,8521,nl,"76561199031638172",s1lent,true,3
3652,b15a8fb7d3089279,2,8109,8620,adm,"76561198426050626",Thuister,false,2
3653,b15a8fb7d3089279,2,8790,9344,restore,"76561198910404995",Sakamoto,true,2
3654,b15a8fb7d3089279,2,9061,9625,go,"76561198910404995",Sakamoto,true,2
3655,b15a8fb7d3089279,4,29457,31195,cs of sakamoto is crashed,"76561198426050626",Thuister,true,2
3656,b15a8fb7d3089279,4,31889,33765,r,"76561198910404995",Sakamoto,true,2
3657,b15a8fb7d3089279,4,32101,33988,r,"76561199031638172",s1lent,true,3
3658,b15a8fb7d3089279,16,128819,136279,boa protado porra,"76561198837740627",space,false,2
3659,b15a8fb7d3089279,16,129178,136660,opa valeu space,"76561199487960822",protado,false,2
3660,b15a8fb7d3089279,18,144137,152480,gg,"76561199031638172",s1lent,false,2
3661,b15a8fb7d3089279,18,144292,152646,GG,"76561198312384572",LgAAA,true,2
3662,"531cd3c2af13b679",18,117747,124535,!tec,"76561198910404995",Sakamoto,true,2
3663,"531cd3c2af13b679",18,118454,125286,"i lagged, but ok now","76561198426050626",Thuister,true,2
3664,"531cd3c2af13b679",18,118706,125549,.unpause,"76561199031638172",s1lent,true,3
3665,"531cd3c2af13b679",18,119136,126002,!unpause,"76561198910404995",Sakamoto,true,2
3666,"531cd3c2af13b679",18,119214,126091,r,"76561198910404995",Sakamoto,true,2
3667,"531cd3c2af13b679",19,132594,140231,pc crash silent,"76561198837740627",space,true,3
3668,"531cd3c2af13b679",19,143178,151427,restore plz,"76561199031638172",s1lent,true,3
3669,"531cd3c2af13b679",19,143927,152213,r,"76561199031638172",s1lent,true,3
3670,"531cd3c2af13b679",19,144888,153229,r,"76561198910404995",Sakamoto,true,2
3671,"531cd3c2af13b679",19,145030,153380,.unpause,"76561199031638172",s1lent,true,3
3672,"531cd3c2af13b679",19,145527,153910,!tech,"76561198910404995",Sakamoto,true,2
3673,"531cd3c2af13b679",19,145810,154204,thuister,"76561198910404995",Sakamoto,true,2
3674,"531cd3c2af13b679",19,145922,154328,crash,"76561198910404995",Sakamoto,true,2
3675,"531cd3c2af13b679",19,146361,154789,restore again,"76561198426050626",Thuister,true,2
3676,"531cd3c2af13b679",20,161324,170608,domina ai,"76561198910404995",Sakamoto,false,2
3677,"531cd3c2af13b679",21,164162,173608,gg,"76561198312384572",LgAAA,false,3
3678,"436390bf0f4b8576",1,6976,7436,r,"76561198910404995",Sakamoto,true,3
3679,"436390bf0f4b8576",1,7300,7776,r admin,"76561199031638172",s1lent,true,2
3680,"436390bf0f4b8576",29,218649,231323,GG,"76561198424887725",Lacerda,false,3
3681,"436390bf0f4b8576",29,218788,231467,gg,"76561198837740627",space,false,2
3682,"436390bf0f4b8576",29,218815,231496,GG,"76561198312384572",LgAAA,false,2
3683,"2aa325b12c081d6b",1,1683,1820,!stay,"76561198975452660",Woro2k,false,3
3684,"2aa325b12c081d6b",1,1864,2010,!stay,"76561198975452660",Woro2k,true,3
3685,"2aa325b12c081d6b",1,2005,2157,!ready,"76561198975452660",Woro2k,true,3
3686,"2aa325b12c081d6b",1,2050,2206,!ready,"76561198271282649",Skrimo,true,2
3687,"2aa325b12c081d6b",1,2255,2424,!abort,"76561198271282649",Skrimo,true,2
3688,"2aa325b12c081d6b",1,2260,2430,.notready,"76561198156369374",SPELLAN,true,2
3689,"2aa325b12c081d6b",1,3485,3725,"1sec wc","76561198156369374",SPELLAN,true,2
3690,"2aa325b12c081d6b",1,11289,11979,r,"76561198172837021",rigoN,true,3
3691,"2aa325b12c081d6b",1,11319,12012,!ready,"76561198975452660",Woro2k,true,3
3692,"2aa325b12c081d6b",4,32771,34694,u saw me in lower?,"76561198172837021",rigoN,false,3
3693,"2aa325b12c081d6b",4,32920,34850,no,"76561198156369374",SPELLAN,false,2
3694,"2aa325b12c081d6b",4,33347,35303,nikoi ne e vinoven che umirate pomognete na jivite,"76561198156369374",SPELLAN,false,2
3695,"2aa325b12c081d6b",4,33586,35560,ts,"76561198156369374",SPELLAN,false,2
3696,"2aa325b12c081d6b",10,82472,87253,!tech,"76561198440676599",AwaykeN,false,2
3697,"2aa325b12c081d6b",11,83566,88412,awayken irl sry 1min,"76561198156369374",SPELLAN,true,2
3698,"2aa325b12c081d6b",11,90083,95305,RDY?,"76561198156369374",SPELLAN,true,2
3699,"2aa325b12c081d6b",11,90348,95582,r,"76561198172837021",rigoN,true,3
3700,"2aa325b12c081d6b",12,104666,110728,.rethrow,"76561198092690259",KalubeR,false,2
3701,"2aa325b12c081d6b",12,104799,110869,gh,"76561198183557682",shaiK,false,2
3702,"2aa325b12c081d6b",12,104918,110991,gh,"76561198172837021",rigoN,true,3
3703,"2aa325b12c081d6b",18,151742,160532,gg,"76561198172837021",rigoN,true,2
3704,"2aa325b12c081d6b",18,151905,160706,ggwp,"76561198405751018",Emstar,true,2
3705,b1b5c3d3ff0eebcf,2,3990,4262,.rethrow,"76561198092690259",KalubeR,true,3
3706,b1b5c3d3ff0eebcf,2,4143,4426,sry bind,"76561198092690259",KalubeR,true,3
3707,b1b5c3d3ff0eebcf,14,94061,99526,.tac,"76561198052546265",Calyx,true,3
3708,b1b5c3d3ff0eebcf,20,152249,161060,gg,"76561198271282649",Skrimo,true,2
3709,"5c82212d3accfe0d",6,43816,46377,.tech,"76561198052546265",Calyx,true,3
3710,"5c82212d3accfe0d",6,43950,46522,ts loss,"76561198052546265",Calyx,true,3
3711,"5c82212d3accfe0d",6,45986,48674,np br0,"76561198156369374",SPELLAN,true,2
3712,"5c82212d3accfe0d",6,51662,54676,we are ready,"76561198156369374",SPELLAN,true,2
3713,"5c82212d3accfe0d",6,52453,55511,r,"76561198052546265",Calyx,true,3
3714,"5c82212d3accfe0d",6,52571,55640,.unpause,"76561198052546265",Calyx,true,3
3715,"5c82212d3accfe0d",20,168946,178711,[T] ● COACH Fisic0 MILANO [DEAD] : THEY WERE CROUCHING THEY SEEMS ANIMALS,"76561198172837021",rigoN,false,2
3716,"5c82212d3accfe0d",21,169192,178970,tsay,"76561198172837021",rigoN,true,2
3717,"5c82212d3accfe0d",23,191492,202553,gg,"76561198172837021",rigoN,false,2
3718,"5c82212d3accfe0d",23,191515,202580,gg,"76561198183557682",shaiK,false,3
3719,"5c82212d3accfe0d",23,191640,202706,ggwp,"76561198405751018",Emstar,false,2
3720,f1155c4667055301,1,250,306,hfhf,"76561198215434685",NEOFRAG,true,3
3721,f1155c4667055301,1,437,502,hf,"76561198144926364",kyuubii,true,2
3722,f1155c4667055301,1,749,826,hfhf,"76561198129824467",K1-FiDa,true,3
3723,f1155c4667055301,3,17814,18785,!Tech,"76561198182168605",M1key,true,3
3724,f1155c4667055301,4,20038,21129,.unpause,"76561198129824467",K1-FiDa,true,3
3725,f1155c4667055301,4,20323,21424,.unpause,"76561198144926364",kyuubii,true,2
3726,f1155c4667055301,4,20325,21426,!unpause,"76561198209342312",Altekz,true,2
3727,f1155c4667055301,11,70071,73771,.tac,"76561198182462587",k1to,true,2
3728,f1155c4667055301,15,105394,110960,.tac,"76561198215434685",NEOFRAG,false,2
3729,f1155c4667055301,21,147549,155322,.tac,"76561198215434685",NEOFRAG,true,2
3730,f1155c4667055301,22,163122,171709,gg,"76561199105136854",woozzzi,true,2
3731,f1155c4667055301,22,163177,171764,gg,"76561198129824467",K1-FiDa,false,2
3732,"49a58b27d3c7c7fc",9,47678,50212,.tac,"76561198129824467",K1-FiDa,true,2
3733,"49a58b27d3c7c7fc",9,47678,50212,.tac,"76561198215434685",NEOFRAG,true,2
3734,"49a58b27d3c7c7fc",12,69985,73689,hf,"76561198215434685",NEOFRAG,false,2
3735,"49a58b27d3c7c7fc",13,70326,74066,hf,"76561198144926364",kyuubii,true,2
3736,"49a58b27d3c7c7fc",15,92427,97322,gg,"76561199105136854",woozzzi,false,3
3737,"49a58b27d3c7c7fc",15,92463,97361,gg wp,"76561198129824467",K1-FiDa,false,3
3738,a66237217d716c23,1,2143,2295,!switch,"76561198182462587",k1to,true,2
3739,a66237217d716c23,1,3231,3462,!ready,"76561198215434685",NEOFRAG,true,2
3740,a66237217d716c23,1,6289,6681,r,"76561198309727633",pxsl,true,3
3741,a66237217d716c23,1,6302,6694,r,"76561198209342312",Altekz,true,3
3742,a66237217d716c23,1,6396,6788,.ready,"76561198182462587",k1to,true,3
3743,a66237217d716c23,1,6400,6792,!ready,"76561198209342312",Altekz,true,3
3744,a66237217d716c23,1,6662,7073,r,"76561198215434685",NEOFRAG,true,2
3745,a66237217d716c23,1,7711,8173,hfhf,"76561198215434685",NEOFRAG,true,2
3746,a66237217d716c23,6,44392,46773,!tac,"76561198182168605",M1key,true,2
3747,a66237217d716c23,8,62557,65892,.tac,"76561198215434685",NEOFRAG,false,2
3748,a66237217d716c23,11,80524,84794,.tac,"76561198215434685",NEOFRAG,true,2
3749,a66237217d716c23,12,99503,104766,wc,"76561198129824467",K1-FiDa,true,2
3750,a66237217d716c23,12,99566,104835,WC,"76561198182168605",M1key,false,2
3751,a66237217d716c23,13,101393,106777,r?,"76561198129824467",K1-FiDa,true,3
3752,a66237217d716c23,13,101583,106977,no,"76561198182462587",k1to,true,2
3753,a66237217d716c23,13,101657,107051,"1 wc","76561198182462587",k1to,true,2
3754,a66237217d716c23,13,104838,110403,!unpause,"76561198209342312",Altekz,true,2
3755,a66237217d716c23,13,104945,110510,r,"76561198209342312",Altekz,true,2
3756,a66237217d716c23,13,105044,110619,!unpause,"76561198182168605",M1key,true,3
3757,a66237217d716c23,13,106009,111634,hf,"76561198215434685",NEOFRAG,true,3
3758,a66237217d716c23,13,108760,114526,r admon,"76561198209342312",Altekz,true,2
3759,a66237217d716c23,13,110009,115845,sleepingZZZZ,"76561198209342312",Altekz,true,2
3760,a66237217d716c23,13,110552,116414,admin,"76561198215434685",NEOFRAG,true,3
3761,a66237217d716c23,13,110924,116804,.unpauise,"76561198215434685",NEOFRAG,true,3
3762,a66237217d716c23,13,111009,116895,.unpause,"76561198215434685",NEOFRAG,true,3
3763,a66237217d716c23,13,111112,117002,.unpause,"76561198215434685",NEOFRAG,true,3
3764,a66237217d716c23,13,111506,117418,!ready,"76561198209342312",Altekz,true,2
3765,a66237217d716c23,13,112878,118864,school tmrw pls lets go,"76561198209342312",Altekz,true,2
3766,a66237217d716c23,13,113585,119602,ty,"76561198209342312",Altekz,true,2
3767,a66237217d716c23,21,174013,183194,gg,"76561198182462587",k1to,false,2
3768,a66237217d716c23,21,174082,183266,gg,"76561197972819559",delle,true,2
3769,e330e456b4db80a4,6,41581,43800,.TAC,"76561198212412773",Maze,true,2
3770,e330e456b4db80a4,12,88683,93360,ok w8,"76561198239621484",lov1kus,false,3
3771,e330e456b4db80a4,13,90639,95435,now good?,"76561198239621484",lov1kus,true,2
3772,e330e456b4db80a4,13,91226,96054,r,"76561198803479269",dwushka,true,2
3773,e330e456b4db80a4,13,91312,96147,"1s","76561198170577338",faydett,true,2
3774,e330e456b4db80a4,13,92022,96894,r,"76561198257919176",qx,true,3
3775,e330e456b4db80a4,13,92185,97064,r,"76561198803479269",dwushka,true,2
3776,e330e456b4db80a4,13,93757,98721,ty guys,"76561198239621484",lov1kus,true,2
3777,e330e456b4db80a4,22,164936,173613,xD,"76561199439779019",bekker,true,3
3778,e330e456b4db80a4,22,165168,173862,gg,"76561198058045464",Mol011,false,3
3779,e330e456b4db80a4,22,165309,174007,gg,"76561198212412773",Maze,true,3
3780,a2ca8bb245b5a03f,18,109281,115052,gg,"76561198058045464",Mol011,false,2
3781,a2ca8bb245b5a03f,18,110133,115954,GG,"76561198212412773",Maze,false,2
3782,a2ca8bb245b5a03f,18,110145,115966,gg,"76561199214869396",h1kaN,false,3
3783,"5197543f76489ac6",1,1707,1849,!switch,"76561198212412773",Maze,true,2
3784,"5197543f76489ac6",1,2741,2962,.ready,"76561198026835980",sugaR,true,2
3785,"5197543f76489ac6",1,3012,3245,!ready,"76561198058045464",Mol011,true,3
3786,"5197543f76489ac6",1,5866,6264,DONE,"76561199439779019",bekker,true,3
3787,"5197543f76489ac6",1,5888,6287,R,"76561199439779019",bekker,true,3
3788,"5197543f76489ac6",1,6415,6846,!ready,"76561199439779019",bekker,true,3
3789,"5197543f76489ac6",1,6661,7104,!ready,"76561198239621484",lov1kus,true,2
3790,"5197543f76489ac6",1,6895,7350,!request monster,"76561199439779019",bekker,true,3
3791,"5197543f76489ac6",1,7173,7648,.ready,"76561198212412773",Maze,true,3
3792,"5197543f76489ac6",1,7658,8156,we are r,"76561198212412773",Maze,true,3
3793,"5197543f76489ac6",1,9352,9950,.r,"76561198170577338",faydett,true,2
3794,"5197543f76489ac6",1,10814,11499,janicka i say hi from stesso,"76561199439779019",bekker,true,3
3795,"5197543f76489ac6",15,103612,109651,.TECH,"76561198026835980",sugaR,true,3
3796,"5197543f76489ac6",15,104522,110615,r,"76561198026835980",sugaR,true,3
3797,"5197543f76489ac6",15,104741,110845,r,"76561198212412773",Maze,true,2
3798,"5197543f76489ac6",15,104766,110871,.unpause,"76561198026835980",sugaR,true,3
3799,"5197543f76489ac6",16,115549,122274,.tac,"76561198026835980",sugaR,true,3
3800,"5197543f76489ac6",18,137465,145452,ty,"76561198257919176",qx,false,2
3801,"5197543f76489ac6",21,157383,166514,.TAC,"76561198212412773",Maze,true,2
3802,"5197543f76489ac6",23,179287,189679,GG,"76561198212412773",Maze,true,2
3803,"72700f2c46888739",1,3488,3710,!ready,"76561198077677671",Prism,true,3
3804,"72700f2c46888739",1,4557,4837,?,"76561198815764190",eskyy,true,3
3805,"72700f2c46888739",1,4927,5227,hff,"76561198050922008",hades,true,3
3806,"72700f2c46888739",1,5075,5385,hfhfhf,"76561198815764190",eskyy,true,3
3807,"72700f2c46888739",1,5193,5503,hfhfhfhf,"76561198078771373",JDC,true,2
3808,"72700f2c46888739",1,5199,5510,hfhfø,"76561198077677671",Prism,true,3
3809,"72700f2c46888739",1,5440,5768,hfhf,"76561198370176682",gr1ks,true,2
3810,"72700f2c46888739",12,91047,95869,gh,"76561198815764190",eskyy,true,3
3811,"72700f2c46888739",12,92366,97259,!ready,"76561198050922008",hades,true,3
3812,"72700f2c46888739",16,111134,117010,.tac,"76561198077677671",Prism,true,2
3813,"72700f2c46888739",17,120366,126726,.tac,"76561198815764190",eskyy,true,2
3814,"72700f2c46888739",17,120582,126952,xD,"76561198028458803",blameF,true,3
3815,"72700f2c46888739",17,121801,128231,co chudy,"76561198815764190",eskyy,true,2
3816,"72700f2c46888739",17,122918,129409,?,"76561198370176682",gr1ks,true,3
3817,"72700f2c46888739",17,130119,136765,gg,"76561197961491680",tabseN,false,3
3818,"72700f2c46888739",17,130121,136767,gg,"76561198815764190",eskyy,false,2
3819,"72700f2c46888739",17,130138,136784,gg,"76561198077677671",Prism,false,2
3820,"72700f2c46888739",17,130138,136784,ggwp,"76561198050922008",hades,false,2
3821,"72700f2c46888739",17,130167,136813,hgg,"76561198078771373",JDC,true,3
3822,"98eafdda0b5a3641",1,723,794,inc,"76561197961491680",tabseN,true,3
3823,"98eafdda0b5a3641",1,1799,1930,!fixwarmup,"76561197961491680",tabseN,true,3
3824,"98eafdda0b5a3641",1,4466,4738,hfhfhfhfhfhf,"76561198078771373",JDC,true,3
3825,"98eafdda0b5a3641",1,4601,4878,hfh,"76561198370176682",gr1ks,true,3
3826,"98eafdda0b5a3641",1,4662,4944,f,"76561198370176682",gr1ks,true,3
3827,"98eafdda0b5a3641",1,4739,5021,hfhf,"76561198050922008",hades,true,2
3828,"98eafdda0b5a3641",1,4798,5086,hhffh,"76561199107744807",Dr3nquu,true,2
3829,"98eafdda0b5a3641",1,4959,5252,hfhfhfhf,"76561198815764190",eskyy,true,2
3830,"98eafdda0b5a3641",5,35326,37211,.TAC,"76561198077677671",Prism,true,2
3831,"98eafdda0b5a3641",9,68553,72176,.TAC,"76561198077677671",Prism,true,2
3832,"98eafdda0b5a3641",12,104125,109630,!ready,"76561198077677671",Prism,true,2
3833,"98eafdda0b5a3641",15,123125,129624,.tac,"76561198077677671",Prism,true,3
3834,"98eafdda0b5a3641",22,187110,196912,?,"76561198815764190",eskyy,false,3
3835,"98eafdda0b5a3641",22,187129,196931,?,"76561198815764190",eskyy,false,3
3836,"98eafdda0b5a3641",23,190379,200182,_,"76561198370176682",gr1ks,false,2
3837,"98eafdda0b5a3641",23,190583,200386,gg,"76561198815764190",eskyy,false,3
3838,"98eafdda0b5a3641",23,190583,200386,gg,"76561198077677671",Prism,false,3
3839,"98eafdda0b5a3641",23,190611,200414,gg,"76561198078771373",JDC,true,2
3840,"98eafdda0b5a3641",23,190619,200422,gg,"76561198050922008",hades,false,3
3841,efef0fbfef41a301,2,18061,19048,ns,"76561198200982290",molodoy,true,2
3842,efef0fbfef41a301,2,18227,19220,ty,"76561199100725838",dziugss,true,3
3843,"5472be9ae4601bd9",1,11263,11879,hfhf,"76561198972795853",lauNX,true,3
3844,"5472be9ae4601bd9",1,11373,11998,!tech,"76561198200982290",molodoy,true,2
3845,"5472be9ae4601bd9",1,11417,12043,hf boSS,"76561198991278425",Krabeni,true,3
3846,"5472be9ae4601bd9",1,11876,12524,exitlag and r,"76561198134401925",YEKINDAR,true,2
3847,"5472be9ae4601bd9",1,12027,12684,sec need reconnection,"76561197960690195",FalleN,true,2
3848,"5472be9ae4601bd9",1,18602,19586,r,"76561197960690195",FalleN,true,2
3849,"5472be9ae4601bd9",1,18696,19687,r,"76561198972795853",lauNX,true,3
3850,"5472be9ae4601bd9",1,18706,19697,r,"76561198991278425",Krabeni,true,3
3851,"5472be9ae4601bd9",1,18741,19732,r,"76561199313968259",cmtry,true,3
3852,"5472be9ae4601bd9",1,19471,20503,!unpause,"76561198200982290",molodoy,true,2
3853,"5472be9ae4601bd9",23,206810,217669,ggs,"76561197960690195",FalleN,true,3
3854,"1ba8baaf92fca4f",1,5087,5390,!ct,"76561198991278425",Krabeni,true,2
3855,"1ba8baaf92fca4f",19,160517,169002,!TECH,"76561199100725838",dziugss,true,2
3856,"1ba8baaf92fca4f",19,160874,169374,!unpause,"76561198991278425",Krabeni,true,2
3857,"1ba8baaf92fca4f",24,210615,221721,gg,"76561199313968259",cmtry,false,2
3858,"1ba8baaf92fca4f",24,210632,221740,gg,"76561198991278425",Krabeni,false,2
3859,"1ba8baaf92fca4f",24,210639,221747,gg,"76561198972795853",lauNX,false,2
3860,f402302ddb781ab3,1,1637,1774,!pause,"76561198177661881",brokeN,true,2
3861,f402302ddb781ab3,1,1719,1864,TEch,"76561198177661881",brokeN,true,2
3862,f402302ddb781ab3,1,1832,1980,pause dont work,"76561198177661881",brokeN,true,2
3863,f402302ddb781ab3,1,1861,2013,nl,"76561199126187769",n1cks,true,3
3864,f402302ddb781ab3,1,1893,2049,nl,"76561198177661881",brokeN,true,2
3865,f402302ddb781ab3,1,2048,2211,nl,"76561198306021607",CloN7,true,2
3866,f402302ddb781ab3,1,2322,2500,remix cs crash,"76561198177661881",brokeN,true,2
3867,f402302ddb781ab3,1,3583,3834,ve dps ce eh !tech,"76561199126187769",n1cks,true,3
3868,f402302ddb781ab3,1,3792,4056,tentamo,"76561198177661881",brokeN,true,2
3869,f402302ddb781ab3,1,3900,4167,n foi,"76561198177661881",brokeN,true,2
3870,f402302ddb781ab3,1,3956,4228,!medic,"76561197993759963",rem1x,true,2
3871,f402302ddb781ab3,1,4451,4750,o .tech tbm n foi?,"76561199126187769",n1cks,true,3
3872,f402302ddb781ab3,1,4600,4910,lv,"76561197993759963",rem1x,true,2
3873,f402302ddb781ab3,1,4788,5109,puts n testei esse,"76561198177661881",brokeN,true,2
3874,f402302ddb781ab3,1,4842,5163,pdp,"76561198177661881",brokeN,true,2
3875,f402302ddb781ab3,1,4851,5172,hfhf,"76561199126187769",n1cks,true,3
3876,f402302ddb781ab3,1,4926,5253,hf,"76561197993759963",rem1x,true,2
3877,f402302ddb781ab3,1,5056,5388,hfhf,"76561198813233208",vinaabeast,true,3
3878,"23fd82dad5a197ba",1,2785,2981,!switch,"76561197995102212",tatazin,true,2
3879,"23fd82dad5a197ba",1,3649,3914,!ready,"76561197961339879",mawth,true,3
3880,"23fd82dad5a197ba",1,5200,5549,hf,"76561197993759963",rem1x,true,2
3881,"23fd82dad5a197ba",1,5428,5794,hfhf,"76561198813233208",vinaabeast,true,3
3882,"23fd82dad5a197ba",1,5515,5885,hf,"76561198359234494",Ltz,true,2
3883,"23fd82dad5a197ba",16,117872,124685,nl,"76561198177661881",brokeN,true,3
3884,"23fd82dad5a197ba",16,117963,124778,pause bugou,"76561198177661881",brokeN,true,3
3885,"23fd82dad5a197ba",16,118026,124850,@admin,"76561198177661881",brokeN,true,3
3886,"23fd82dad5a197ba",16,118125,124950,!tac,"76561198177661881",brokeN,true,3
3887,"23fd82dad5a197ba",16,118243,125078,.tac,"76561198177661881",brokeN,true,3
3888,"23fd82dad5a197ba",16,118254,125089,.tech,"76561197961339879",mawth,true,2
3889,"23fd82dad5a197ba",16,118438,125284,nl,"76561198177661881",brokeN,true,3
3890,"23fd82dad5a197ba",16,123363,130488,nl,"76561198177661881",brokeN,true,3
3891,"23fd82dad5a197ba",16,123492,130624,tac dont work,"76561198177661881",brokeN,true,3
3892,"23fd82dad5a197ba",16,123574,130713,"1 more","76561199126187769",n1cks,true,2
3893,"23fd82dad5a197ba",16,127390,134742,NL,"76561197995102212",tatazin,true,2
3894,"23fd82dad5a197ba",16,127436,134795,nl,"76561198813233208",vinaabeast,true,2
3895,"23fd82dad5a197ba",16,127499,134859,NL,"76561197995102212",tatazin,true,2
3896,"23fd82dad5a197ba",16,127892,135274,ok,"76561198177661881",brokeN,true,3
3897,"23fd82dad5a197ba",16,128402,135813,one more,"76561199126187769",n1cks,true,2
3898,"23fd82dad5a197ba",16,128439,135850,r,"76561198813233208",vinaabeast,true,2
3899,"23fd82dad5a197ba",16,129183,136638,one more rr admin,"76561199126187769",n1cks,true,2
3900,"23fd82dad5a197ba",16,129374,136840,rr ,"76561198813233208",vinaabeast,true,2
3901,"23fd82dad5a197ba",16,129936,137432,another one,"76561197961339879",mawth,true,2
3902,"23fd82dad5a197ba",16,130872,138418,ty,"76561199126187769",n1cks,true,2
3903,"23fd82dad5a197ba",16,130885,138433,r ,"76561197961339879",mawth,true,2
3904,"23fd82dad5a197ba",16,130927,138476,r,"76561199126187769",n1cks,true,2
3905,"23fd82dad5a197ba",21,169997,179775,!tech,"76561198922682627",lukiz,true,2
3906,"23fd82dad5a197ba",21,170918,180750,tech admin please,"76561199126187769",n1cks,true,2
3907,"23fd82dad5a197ba",21,172150,182055,inc,"76561199126187769",n1cks,true,2
3908,"23fd82dad5a197ba",21,172885,182830,r,"76561199126187769",n1cks,true,2
3909,"23fd82dad5a197ba",21,173331,183306,R,"76561198012903465",cLd,true,3
3910,"23fd82dad5a197ba",25,212063,224252,!pause,"76561197995102212",tatazin,true,2
3911,"23fd82dad5a197ba",33,291520,308277,R,"76561198177661881",brokeN,true,2
3912,"23fd82dad5a197ba",33,291993,308781,r,"76561199126187769",n1cks,true,3
3913,"7aa99739d81badc1",1,282,343,hfhf,"76561198813233208",vinaabeast,true,2
3914,"7aa99739d81badc1",1,485,558,hfhf,"76561198359234494",Ltz,true,3
3915,"7aa99739d81badc1",1,501,576,hfhfhfhfhf,"76561198012903465",cLd,true,3
3916,"7aa99739d81badc1",15,107944,114214,remix wc,"76561198012903465",cLd,true,2
3917,"441c7360bd50c76c",6,36901,38875,!tac,"76561198104626893",LNZ,false,2
3918,"441c7360bd50c76c",12,94152,99115,!ready,"76561198135228658",gafolo,true,3
3919,"441c7360bd50c76c",15,108656,114397,!tac,"76561198104626893",LNZ,true,3
3920,"1405df56c7951e00",12,94034,98981,!ready,"76561198135228658",gafolo,false,2
3921,"5c202255dcaea603",12,76952,81015,!ready,"76561198135228658",gafolo,false,2
3922,"5c202255dcaea603",20,127243,133957,.tech,"76561198061423730",insani,true,2
3923,"5c202255dcaea603",20,127534,134266,kl1m game crashg,"76561198061423730",insani,true,2
3924,"5c202255dcaea603",20,127686,134423,.unpaujse,"76561198061423730",insani,true,2
3925,"5c202255dcaea603",20,127763,134507,!unpause,"76561198104626893",LNZ,true,2
3926,"5c202255dcaea603",20,127769,134513,.unpause,"76561198061423730",insani,true,2
3927,"5c202255dcaea603",20,127891,134639,!UNPAUSE,"76561198135228658",gafolo,true,3
3928,"6faa8241f0e5a560",7,35091,36971,.tech,"76561198135228658",gafolo,true,3
3929,"6faa8241f0e5a560",7,37183,39171,!unpause,"76561198135228658",gafolo,true,3
3930,"6faa8241f0e5a560",7,37341,39334,!unpause,"76561198104626893",LNZ,true,2
3931,"6faa8241f0e5a560",17,105461,111040,!tac,"76561198104626893",LNZ,true,3
3932,c2328076a7334a84,1,6585,6962,sha shi hou kai ,"76561198137783463",z4kr,true,2
3933,c2328076a7334a84,1,6769,7156,admin,"76561198137783463",z4kr,true,2
3934,c2328076a7334a84,1,8173,8631,ovo,"76561198827110386",𝙨𝙪𝙣𝙨𝙠𝙡𝙣𝙜,true,3
3935,c2328076a7334a84,1,9051,9559,lets go,"76561198365498959",Ca1l,true,3
3936,c2328076a7334a84,13,105551,111004,go,"76561198107240040",westmelon,true,3
3937,c2328076a7334a84,13,105556,111009,GO,"76561198365498959",Ca1l,true,2
3938,c2328076a7334a84,17,131707,138488,GG,"76561198816731401",EmiliaQAQ,true,3
3939,c2328076a7334a84,17,131731,138512,GG,"76561198365498959",Ca1l,false,2
3940,c2328076a7334a84,17,131857,138648,gg,"76561197968880753",R3x,false,2
3941,c2328076a7334a84,17,131859,138650,GG,"76561198248618768",ParkRa1n,false,2
3942,c2328076a7334a84,17,131895,138686,gg,"76561199207890962",Daiyuk1ng,false,2
3943,b58fc86e8bbedede,13,97893,103036,ok,"76561198365498959",Ca1l,true,3
3944,b58fc86e8bbedede,14,114880,120908,GG,"76561198816731401",EmiliaQAQ,true,2
3945,b58fc86e8bbedede,14,114977,121009,gg,"76561198365498959",Ca1l,false,3
3946,b58fc86e8bbedede,14,115027,121065,gg,"76561197968880753",R3x,false,3
3947,b58fc86e8bbedede,14,115046,121084,gg,"76561199207890962",Daiyuk1ng,false,3
3948,b58fc86e8bbedede,14,115092,121130,GG,"76561198248618768",ParkRa1n,false,3
3949,ecf6cb964847c53f,1,18124,19109,R,"76561199447136068","3gl",true,2
3950,ecf6cb964847c53f,1,18277,19272,g,"76561198402435818",Salmon,true,2
3951,ecf6cb964847c53f,1,18325,19320,r,"76561198827157023",fury5k,true,3
3952,ecf6cb964847c53f,8,70877,74611,.pause,"76561198402435818",Salmon,true,2
3953,ecf6cb964847c53f,8,81431,85717,.tac,"76561198827157023",fury5k,false,3
3954,ecf6cb964847c53f,13,125777,132388,R,"76561199447136068","3gl",true,3
3955,ecf6cb964847c53f,13,125914,132535,r,"76561198827157023",fury5k,true,2
3956,ecf6cb964847c53f,18,157578,165846,.pause,"76561198402435818",Salmon,true,3
3957,"8a745daf1bcbcb10",1,1642,1763,hf,"76561199447136068","3gl",true,2
3958,"8a745daf1bcbcb10",5,31936,33639,.pause,"76561198402435818",Salmon,true,2
3959,"8a745daf1bcbcb10",5,31947,33650,.pause,"76561198330729329",Trash.^,true,2
3960,"8a745daf1bcbcb10",13,108580,114299,G,"76561198827157023",fury5k,true,2
3961,"8a745daf1bcbcb10",13,108715,114444,G,"76561199447136068","3gl",true,3
3962,"8a745daf1bcbcb10",13,108745,114474,g,"76561198402435818",Salmon,true,3
3963,"512f65d79752db5b",1,992,1090,hfhfhfhf,"76561198047829655",tory,true,2
3964,"512f65d79752db5b",1,1117,1217,hf,"76561198028522662",Markoś,true,3
3965,"512f65d79752db5b",24,148556,157153,gg,"76561198028522662",Markoś,false,2
3966,"512f65d79752db5b",24,148562,157160,gg,"76561198148986856",maaryyy,false,2
3967,"512f65d79752db5b",24,148639,157241,gg,"76561198047829655",tory,true,3
3968,"20fe6144a031b919",1,79,133,hfhf,"76561198231549032",synyx,true,3
3969,"20fe6144a031b919",2,8494,9025,!TECH,"76561199036285926",senka,true,2
3970,"20fe6144a031b919",2,10742,11395,r?,"76561199036285926",senka,true,2
3971,"20fe6144a031b919",2,10801,11463,r,"76561198231549032",synyx,true,3
3972,"20fe6144a031b919",2,10853,11517,r,"76561198116280987",Ryujin,true,3
3973,"20fe6144a031b919",2,10871,11535,r,"76561198245783634",Get_Jeka,true,3
3974,"20fe6144a031b919",15,115754,122433,!unpause,"76561198832142602",m1QUSE,true,3
3975,"20fe6144a031b919",15,115771,122450,irl,"76561198156774221",z1k4,true,3
3976,"20fe6144a031b919",15,116010,122701,r,"76561199181360085",flouzer,true,3
3977,"20fe6144a031b919",15,116167,122868,sec,"76561198231549032",synyx,true,2
3978,"20fe6144a031b919",15,116573,123297,wc,"76561198116280987",Ryujin,true,2
3979,"20fe6144a031b919",15,118162,124979,r,"76561198116280987",Ryujin,true,2
3980,"20fe6144a031b919",15,118397,125230,gogo,"76561199181360085",flouzer,true,3
3981,"20fe6144a031b919",19,171812,181705,gg,"76561199032610185",ayuki,false,3
3982,"20fe6144a031b919",19,171946,181849,gg,"76561198116280987",Ryujin,false,2
3983,"20fe6144a031b919",19,172311,182233,gg,"76561198156774221",z1k4,false,3
3984,f24a8a0c8d3af7fd,1,2156,2322,!ct,"76561199036285926",senka,true,2
3985,f24a8a0c8d3af7fd,1,2516,2702,!switch,"76561199036285926",senka,true,2
3986,f24a8a0c8d3af7fd,1,2813,3035,r,"76561199181360085",flouzer,true,3
3987,f24a8a0c8d3af7fd,1,2881,3104,!ready,"76561199181360085",flouzer,true,3
3988,f24a8a0c8d3af7fd,17,128287,135414,irl,"76561199181360085",flouzer,true,2
3989,f24a8a0c8d3af7fd,17,128559,135708,"1min","76561199181360085",flouzer,true,2
3990,f24a8a0c8d3af7fd,17,128687,135839,.UNPAUSE,"76561198245783634",Get_Jeka,true,3
3991,f24a8a0c8d3af7fd,17,130145,137382,r,"76561199181360085",flouzer,true,2
3992,f24a8a0c8d3af7fd,17,130233,137474,!unpause,"76561199181360085",flouzer,true,2
3993,f24a8a0c8d3af7fd,17,130277,137525,r,"76561198116280987",Ryujin,true,3
3994,f24a8a0c8d3af7fd,17,130539,137798,!unpause,"76561198116280987",Ryujin,true,3
3995,f24a8a0c8d3af7fd,19,156709,165472,gg,"76561198245783634",Get_Jeka,false,3
3996,f24a8a0c8d3af7fd,19,156866,165639,gg,"76561199032610185",ayuki,false,2
3997,f24a8a0c8d3af7fd,19,156884,165657,GG,"76561198176456023",Raijin,true,3
3998,f24a8a0c8d3af7fd,19,156919,165696,GG,"76561198860030314",DSSj,true,3
3999,f24a8a0c8d3af7fd,19,157067,165851,gg,"76561198156774221",z1k4,false,2
4000,"6f0ae805faa2da5d",1,593,666,hfhf,"76561198231549032",synyx,true,2
4001,"6f0ae805faa2da5d",1,801,887,hf,"76561199032610185",ayuki,true,3
4002,"6f0ae805faa2da5d",1,1285,1393,.tech,"76561198116280987",Ryujin,true,2
4003,"6f0ae805faa2da5d",1,1645,1775,go,"76561198245783634",Get_Jeka,true,2
4004,"6f0ae805faa2da5d",1,1908,2054,!unpause,"76561199181360085",flouzer,true,3
4005,"6f0ae805faa2da5d",15,107431,113662,gg,"76561199181360085",flouzer,false,2
4006,"6f0ae805faa2da5d",15,107455,113689,gg,"76561198231549032",synyx,false,3
4007,"6f0ae805faa2da5d",15,107465,113700,gg,"76561199032610185",ayuki,true,2
4008,"6f0ae805faa2da5d",15,107506,113748,gg,"76561198156774221",z1k4,true,2
4009,"6f0ae805faa2da5d",15,107611,113854,gg,"76561198116280987",Ryujin,false,3
4010,ff000c6bcda4e4d7,1,4609,4941,!ready,"76561199011739449",kODAK,true,3
4011,ff000c6bcda4e4d7,1,5021,5381,!ready,"76561198249839608",Botman,true,2
4012,ff000c6bcda4e4d7,1,11457,12213,.pause,"76561199646264565",yoki,false,3
4013,ff000c6bcda4e4d7,2,13998,14916,!unpause,"76561199011739449",kODAK,true,3
4014,ff000c6bcda4e4d7,2,14241,15178,!unpause,"76561198063589111",Avou,true,2
4015,ff000c6bcda4e4d7,6,49909,53079,!pause,"76561198272908956",kralle,false,2
4016,ff000c6bcda4e4d7,7,50406,53607,sound sideways,"76561198272908956",kralle,true,2
4017,ff000c6bcda4e4d7,7,51116,54365,( ☞ ͡° ͜ʖ ͡° ) ☞ gotcha,"76561199011739449",kODAK,true,3
4018,ff000c6bcda4e4d7,7,58625,62344,!unpause,"76561198249839608",Botman,true,2
4019,ff000c6bcda4e4d7,7,58693,62412,!unpause,"76561199011739449",kODAK,true,3
4020,ff000c6bcda4e4d7,9,87134,92638,.tac,"76561199011739449",kODAK,false,3
4021,ff000c6bcda4e4d7,12,117267,124687,inc,"76561198249839608",Botman,true,2
4022,ff000c6bcda4e4d7,12,117658,125102,!ready,"76561198249839608",Botman,true,2
4023,ff000c6bcda4e4d7,12,118154,125626,!ready,"76561199011739449",kODAK,false,3
4024,ff000c6bcda4e4d7,16,144700,153531,gg,"76561198249839608",Botman,false,3
4025,ff000c6bcda4e4d7,16,144722,153553,gg,"76561198111020725",Bukhavez,false,3
4026,ff000c6bcda4e4d7,16,144766,153597,GG,"76561199175852960",FAZERY,false,2
4027,"3aef82602b64df49",1,4863,5212,!ready,"76561198063589111",Avou,true,3
4028,"3aef82602b64df49",1,4987,5339,!ready,"76561199011739449",kODAK,true,2
4029,"3aef82602b64df49",2,13830,14737,ns!,"76561199646264565",yoki,false,2
4030,"3aef82602b64df49",2,13980,14896,ty!,"76561198249839608",Botman,false,3
4031,"3aef82602b64df49",12,76463,81321,!ready,"76561198272908956",kralle,false,3
4032,"3aef82602b64df49",12,76958,81845,!ready,"76561199011739449",kODAK,true,2
4033,"3aef82602b64df49",20,124449,132315,.pause,"76561199175852960",FAZERY,true,3
4034,"3aef82602b64df49",20,124752,132637,!unpause,"76561198272908956",kralle,true,2
4035,"3aef82602b64df49",20,124780,132665,"1min irl sry","76561199011739449",kODAK,true,3
4036,"3aef82602b64df49",20,124926,132823,yy,"76561198272908956",kralle,true,2
4037,"3aef82602b64df49",20,131127,139411,!unpause,"76561199011739449",kODAK,true,3
4038,"3aef82602b64df49",22,145097,153874,gege,"76561199175852960",FAZERY,true,3
4039,ece49016c38ed070,2,4367,4686,!STAY,"76561198272908956",kralle,true,3
4040,ece49016c38ed070,2,4997,5351,!ready,"76561198272908956",kralle,true,3
4041,ece49016c38ed070,2,5339,5717,!ready,"76561199011739449",kODAK,true,2
4042,ece49016c38ed070,4,11336,12081,!PAUSE,"76561198111020725",Bukhavez,true,3
4043,ece49016c38ed070,4,11894,12676,!unpause,"76561198111020725",Bukhavez,true,3
4044,ece49016c38ed070,4,11954,12740,!unpause,"76561199011739449",kODAK,true,2
4045,ece49016c38ed070,6,25326,26947,.tac,"76561199011739449",kODAK,true,2
4046,ece49016c38ed070,11,69930,74341,.tac,"76561199011739449",kODAK,true,2
4047,ece49016c38ed070,14,98526,104746,!ready,"76561199011739449",kODAK,false,2
4048,ece49016c38ed070,14,99156,105414,!ready,"76561198272908956",kralle,false,3
4049,ece49016c38ed070,18,135227,143383,gg,"76561198111020725",Bukhavez,false,2
4050,ece49016c38ed070,18,135415,143571,gg,"76561198997106539",Teoritta x satsu,false,3
4051,ece49016c38ed070,18,135721,143877,GG,"76561198249839608",Botman,true,2
4052,de841a4031883d6d,3,15664,16523,SHiPZ,"76561197972242917","jACKZ,",true,2
4053,de841a4031883d6d,3,15955,16833,mr 1,"76561198107142008",borup,true,2
4054,de841a4031883d6d,3,16630,17539,need restore,"76561198215214621",SHiPZ,true,3
4055,de841a4031883d6d,3,17276,18220,Lovely,"76561198215214621",SHiPZ,true,3
4056,de841a4031883d6d,3,17501,18460,r,"76561197964604204",birdfromsky,true,2
4057,de841a4031883d6d,3,18878,19907,r,"76561198215214621",SHiPZ,true,3
4058,de841a4031883d6d,3,21427,22586,y,"76561198215214621",SHiPZ,true,3
4059,de841a4031883d6d,3,21699,22874,y,"76561198098344244",Keoz,true,2
4060,de841a4031883d6d,8,65248,68697,.tac,"76561197964604204",birdfromsky,true,2
4061,de841a4031883d6d,10,84369,88821,.tac,"76561197964604204",birdfromsky,true,2
4062,de841a4031883d6d,13,115989,122109,!pause,"76561197964604204",birdfromsky,true,3
4063,de841a4031883d6d,13,116120,122250,.tech,"76561197964604204",birdfromsky,true,3
4064,de841a4031883d6d,13,116557,122707,burmy internet,"76561197964604204",birdfromsky,true,3
4065,de841a4031883d6d,13,117182,123368,.ready,"76561197964604204",birdfromsky,true,3
4066,de841a4031883d6d,13,117284,123474,!unpause,"76561197964604204",birdfromsky,true,3
4067,de841a4031883d6d,13,118588,124848,y,"76561198810597446",Burmy,true,3
4068,de841a4031883d6d,13,118641,124901,hf,"76561198810597446",Burmy,true,3
4069,de841a4031883d6d,13,118708,124973,.unpause,"76561198215214621",SHiPZ,true,2
4070,de841a4031883d6d,19,170862,179854,gg,"76561198107142008",borup,true,3
4071,"82827454c17fd39a",15,103327,108796,cam problem,"76561198048720735",REDSTAR /A/,true,3
4072,"82827454c17fd39a",15,111282,117165,ready,"76561198048720735",REDSTAR /A/,true,3
4073,"82827454c17fd39a",15,111366,117255,!unpause,"76561198048720735",REDSTAR /A/,true,3
4074,"82827454c17fd39a",15,111540,117436,!unpause,"76561197964604204",birdfromsky,true,2
4075,"82827454c17fd39a",19,145916,153610,gg,"76561198107142008",borup,true,2
4076,"91b632446276457a",2,16942,17960,kairon call or what,"76561197960710573",NBK-,false,2
4077,"91b632446276457a",2,17310,18350,no,"76561198409543515",SYPH0,false,3
4078,"91b632446276457a",2,17337,18378,yeah mine,"76561198157151718",KaiR0N-,false,3
4079,"91b632446276457a",2,17377,18424,:D,"76561198157151718",KaiR0N-,false,3
4080,"91b632446276457a",2,17459,18510,hahaha,"76561197960710573",NBK-,false,2
4081,"91b632446276457a",2,17587,18648,he is lying,"76561198157151718",KaiR0N-,false,3
4082,"91b632446276457a",17,108572,114878,.tech,"76561198157151718",KaiR0N-,true,2
4083,"91b632446276457a",17,108577,114883,!TECH,"76561198951467648",khaN,true,2
4084,"91b632446276457a",17,109531,115892,sec,"76561198951467648",khaN,true,2
4085,"91b632446276457a",17,109913,116296,r,"76561198889240025",riskyb0b,true,2
4086,"91b632446276457a",17,110061,116454,rdy,"76561197960710573",NBK-,true,3
4087,"91b632446276457a",17,110201,116600,.unpause,"76561198889240025",riskyb0b,true,2
4088,"91b632446276457a",17,110258,116662,!Unpause,"76561198157151718",KaiR0N-,true,2
4089,"91b632446276457a",20,134228,142010,GG,"76561198274686035",Brooxsy,false,3
4090,"91b632446276457a",20,134230,142013,gg,"76561197960710573",NBK-,false,3
4091,"91b632446276457a",20,134265,142050,gg,"76561198951467648",khaN,true,2
4092,"91b632446276457a",20,134290,142075,gg,"76561198889240025",riskyb0b,true,2
4093,"91b632446276457a",20,134353,142138,gg,"76561198409543515",SYPH0,true,2
4094,d013a285af3cd019,1,3361,3599,nl,"76561198951467648",khaN,true,2
4095,d013a285af3cd019,1,3478,3719,nl,"76561198157151718",KaiR0N-,true,2
4096,d013a285af3cd019,1,3603,3852,ts dead,"76561198409543515",SYPH0,true,2
4097,d013a285af3cd019,1,3685,3939,full,"76561198409543515",SYPH0,true,2
4098,d013a285af3cd019,1,3754,4014,k,"76561198161194875",Chucky,true,3
4099,d013a285af3cd019,1,3984,4256,.stop,"76561198889240025",riskyb0b,true,2
4100,d013a285af3cd019,1,6916,7352,need to wait a bit,"76561198409543515",SYPH0,true,2
4101,d013a285af3cd019,1,7060,7507,checking ts,"76561198409543515",SYPH0,true,2
4102,d013a285af3cd019,1,7339,7803,"1m","76561198409543515",SYPH0,true,2
4103,d013a285af3cd019,1,7383,7852,npnp,"76561197960710573",NBK-,true,3
4104,d013a285af3cd019,1,8200,8714,cct ts is working good,"76561198047876970",Djoko,true,3
4105,d013a285af3cd019,1,9597,10188,usually eu ts lagging for us,"76561198951467648",khaN,true,2
4106,d013a285af3cd019,1,9764,10366,"yeah, we have some problems rn in russia, we cannot join eu ts","76561198409543515",SYPH0,true,2
4107,d013a285af3cd019,1,10718,11375,all good,"76561198047876970",Djoko,true,3
4108,d013a285af3cd019,1,13115,13913,r,"76561198889240025",riskyb0b,true,2
4109,d013a285af3cd019,1,13398,14210,"1min","76561197960710573",NBK-,true,3
4110,d013a285af3cd019,1,14951,15851,rdy,"76561197960710573",NBK-,true,3
4111,d013a285af3cd019,1,15070,15981,r,"76561198889240025",riskyb0b,true,2
4112,d013a285af3cd019,1,15072,15983,r,"76561198157151718",KaiR0N-,true,2
4113,d013a285af3cd019,1,15372,16296,sorry hf,"76561198157151718",KaiR0N-,true,2
4114,d013a285af3cd019,1,15562,16497,npnp,"76561197960710573",NBK-,true,3
4115,d013a285af3cd019,1,16252,17230,HFHFHF,"76561198951467648",khaN,true,2
4116,d013a285af3cd019,12,104177,110214,!ready,"76561198889240025",riskyb0b,true,2
4117,d013a285af3cd019,16,118071,124921,.r,"76561197960710573",NBK-,true,2
4118,d013a285af3cd019,19,145436,153865,gg,"76561198889240025",riskyb0b,true,3
4119,d013a285af3cd019,19,145493,153922,gg,"76561197960710573",NBK-,false,2
4120,d013a285af3cd019,19,145570,154002,gg,"76561198409543515",SYPH0,true,3
4121,"62f47ac112ded76c",1,5013,5372,!ready,"76561198120215734",Dragon,true,2
4122,"62f47ac112ded76c",1,7822,8351,hf,"76561198071910365",isak,true,2
4123,"7f45669c9c0ddf0b",1,5354,5727,!ready,"76561198120215734",Dragon,true,3
4124,"7f45669c9c0ddf0b",8,65469,69577,!unpause,"76561198065294895",forsyy,true,3
4125,"7f45669c9c0ddf0b",8,65843,69973,rdy?,"76561198072089680",jackinho,true,3
4126,"7f45669c9c0ddf0b",8,65845,69976,!unpause,"76561199001109911",H4SAN4TOR,true,2
4127,"7f45669c9c0ddf0b",8,66203,70355,hf,"76561198072089680",jackinho,true,3
4128,"7f45669c9c0ddf0b",8,66344,70508,hfhf,"76561199001109911",H4SAN4TOR,true,2
4129,"57fc4ddfd0f33850",17,110934,117367,ns x3,"76561198170577338",faydett,false,3
4130,"57fc4ddfd0f33850",17,111127,117571,ty,"76561198058745493",walleN,false,2
4131,"57fc4ddfd0f33850",19,124738,131963,gg,"76561198072691348",doobs,false,2
4132,"57fc4ddfd0f33850",19,124744,131970,gg,"76561199214869396",h1kaN,true,3
4133,"57fc4ddfd0f33850",19,124793,132025,ggs,"76561198439702876",sn0w,false,2
4134,"57fc4ddfd0f33850",19,124805,132037,gg,"76561198170577338",faydett,true,3
4135,"2ae1cc0d2cda666c",18,122466,129561,now good?,"76561198239621484",lov1kus,true,2
4136,"2ae1cc0d2cda666c",18,122674,129780,r,"76561198439702876",sn0w,true,3
4137,"2ae1cc0d2cda666c",18,122688,129796,r,"76561199056648975",bsover,true,3
4138,"2ae1cc0d2cda666c",23,168174,177898,gg,"76561198072691348",doobs,false,3
4139,"2ae1cc0d2cda666c",23,168179,177903,gg,"76561199214869396",h1kaN,true,2
4140,"2ae1cc0d2cda666c",23,168218,177949,ggs,"76561198439702876",sn0w,false,3
4141,"24868ed375d388a8",1,4951,5311,!ready,"76561197961277448",miL4nNNNNNN-,true,3
4142,"24868ed375d388a8",5,33858,36027,nl,"76561197961277448",miL4nNNNNNN-,true,3
4143,"24868ed375d388a8",5,33859,36028,nl,"76561198258225965",naiter,true,3
4144,"24868ed375d388a8",5,33903,36078,\,"76561198131105028",h1glaiN,true,3
4145,"24868ed375d388a8",5,33912,36089,nl,"76561198079708508",xadoxg0d,true,3
4146,"24868ed375d388a8",5,34054,36236,ok,"76561199004328083",Wonder,true,2
4147,"24868ed375d388a8",5,36295,38617,ty,"76561198079708508",xadoxg0d,true,3
4148,"24868ed375d388a8",5,36492,38826,ty,"76561198360030489",obsward,true,3
4149,"24868ed375d388a8",12,94512,100472,!ready,"76561198258225965",naiter,false,3
4150,"24868ed375d388a8",12,95522,101542,!unready,"76561198131105028",h1glaiN,false,3
4151,"24868ed375d388a8",12,95881,101925,!ready,"76561198131105028",h1glaiN,false,3
4152,"24868ed375d388a8",12,95961,102014,lag?,"76561198258225965",naiter,false,3
4153,"24868ed375d388a8",14,106147,112840,!tac,"76561198258225965",naiter,true,2
4154,"567d936e05038078",1,2190,2365,: !dance 65,"76561198888334048",RENDY$KY,true,3
4155,"567d936e05038078",1,5018,5374,!READY,"76561198258225965",naiter,true,2
4156,"567d936e05038078",1,7513,8025,hfhf,"76561198048917855",Brillo,true,3
4157,"567d936e05038078",1,7656,8179,hf,"76561198258225965",naiter,true,2
4158,"567d936e05038078",1,7659,8183,hf,"76561198131105028",h1glaiN,true,2
4159,"567d936e05038078",2,12496,13322,!tac,"76561198258225965",naiter,true,2
4160,"567d936e05038078",4,28982,30844,!tac,"76561198258225965",naiter,true,2
4161,"567d936e05038078",12,106842,113602,!ready,"76561198258225965",naiter,false,2
4162,"567d936e05038078",12,108798,115685,!READY,"76561199051712199",dezt,false,3
4163,"567d936e05038078",17,135095,143233,gg,"76561198258225965",naiter,false,3
4164,"567d936e05038078",17,135128,143262,gg,"76561199004328083",Wonder,false,2
4165,c0a9626907f6487d,1,323,384,hfhfhfhfhfhf,"76561198047829655",tory,true,2
4166,c0a9626907f6487d,1,537,608,hfffff,"76561198185212081",scolleN,true,3
4167,c0a9626907f6487d,1,604,675,hfhffhf,"76561198977155492",cadnyx,true,3
4168,c0a9626907f6487d,1,654,727,hf,"76561198253912142",darendeli,true,3
4169,c0a9626907f6487d,1,859,944,hf,"76561198929517493",wieenN-,true,2
4170,c0a9626907f6487d,10,64214,67610,ns,"76561198185212081",scolleN,true,3
4171,c0a9626907f6487d,10,64216,67613,ns,"76561198253912142",darendeli,true,3
4172,c0a9626907f6487d,10,64358,67761,ty,"76561198371036559",Kat,true,2
4173,c0a9626907f6487d,10,65307,68761,.tech,"76561198809859276",twenty3,true,2
4174,c0a9626907f6487d,10,65493,68957,!r,"76561198047829655",tory,true,2
4175,c0a9626907f6487d,10,65740,69216,!r,"76561198185212081",scolleN,true,3
4176,c0a9626907f6487d,10,65828,69312,!unpause,"76561198185212081",scolleN,true,3
4177,c0a9626907f6487d,10,66175,69678,.unpause,"76561198266290430",vicu,true,2
4178,c0a9626907f6487d,10,66565,70089,!unpause,"76561198185212081",scolleN,true,3
4179,c0a9626907f6487d,13,87884,92539,!pause,"76561198185212081",scolleN,true,2
4180,c0a9626907f6487d,13,88152,92816,!tech,"76561198185212081",scolleN,true,2
4181,c0a9626907f6487d,13,88989,93693,game res,"76561198282520651",eNs,true,2
4182,c0a9626907f6487d,13,89162,93872,inc,"76561198282520651",eNs,true,2
4183,c0a9626907f6487d,13,90682,95469,r,"76561198185212081",scolleN,true,2
4184,c0a9626907f6487d,13,90730,95522,.unpause,"76561198282520651",eNs,true,2
4185,c0a9626907f6487d,13,90789,95585,!unpause,"76561198185212081",scolleN,true,2
4186,c0a9626907f6487d,13,90876,95673,.unpause,"76561198266290430",vicu,true,3
4187,c0a9626907f6487d,20,142937,150440,GG,"76561198047829655",tory,false,3
4188,c0a9626907f6487d,20,142993,150503,ggwp,"76561198977155492",cadnyx,true,2
4189,c0a9626907f6487d,20,143011,150521,gg,"76561198185212081",scolleN,true,2
4190,c0a9626907f6487d,20,143105,150616,gg,"76561198432524486",Vej,true,2
4191,"5deff1165e818acf",2,5224,5533,.tech,"76561198977155492",cadnyx,true,2
4192,"5deff1165e818acf",2,12294,12944,now yes,"76561198185212081",scolleN,true,2
4193,"5deff1165e818acf",2,12422,13077,!unpause,"76561198185212081",scolleN,true,2
4194,"5deff1165e818acf",2,12424,13079,!unpause,"76561198253912142",darendeli,true,2
4195,"5deff1165e818acf",2,12439,13095,we r,"76561198047829655",tory,true,3
4196,"5deff1165e818acf",2,12450,13108,r,"76561198977155492",cadnyx,true,2
4197,"5deff1165e818acf",2,12675,13345,r,"76561198282520651",eNs,true,2
4198,"5deff1165e818acf",15,117175,123293,gg,"76561198371036559",Kat,false,2
4199,"5deff1165e818acf",15,117192,123310,ggwp,"76561198977155492",cadnyx,true,3
4200,"5deff1165e818acf",15,117296,123424,gg,"76561198185212081",scolleN,true,3
4201,"7dd33b8d61df65e",1,131,182,dobryyy,"76561198131690816",oskar,true,2
4202,"7dd33b8d61df65e",1,564,639,nedavno jsem dal na kz zebrik,"76561198131690816",oskar,true,2
4203,"7dd33b8d61df65e",1,636,720,ezpz,"76561198131690816",oskar,true,2
4204,"7dd33b8d61df65e",1,732,819,to je hlavni,"76561198215434685",NEOFRAG,false,3
4205,"7dd33b8d61df65e",1,945,1044,:D,"76561198215434685",NEOFRAG,true,3
4206,"7dd33b8d61df65e",1,1070,1181,haah,"76561198131690816",oskar,true,2
4207,"7dd33b8d61df65e",1,1981,2149,dal ybch kz,"76561198215434685",NEOFRAG,true,3
4208,"7dd33b8d61df65e",1,2089,2260,dame 1v1,"76561198215434685",NEOFRAG,true,3
4209,"7dd33b8d61df65e",1,2612,2819,neeee,"76561198131690816",oskar,true,2
4210,"7dd33b8d61df65e",1,4836,5181,.ready,"76561198215434685",NEOFRAG,true,3
4211,"7dd33b8d61df65e",1,5059,5421,.ready,"76561198182168605",m1key,true,3
4212,"7dd33b8d61df65e",1,5126,5490,!Ready,"76561198182168605",m1key,true,3
4213,"7dd33b8d61df65e",1,5182,5546,!ready,"76561198084163512",nbqq,true,2
4214,"7dd33b8d61df65e",1,5355,5731,?ready,"76561198182168605",m1key,true,3
4215,"7dd33b8d61df65e",1,5638,6036,.ready,"76561198315324300",MAGILA-888-,true,2
4216,"7dd33b8d61df65e",1,5790,6193,hfhf,"76561198215434685",NEOFRAG,true,3
4217,"7dd33b8d61df65e",1,5984,6400,hfhf,"76561198315324300",MAGILA-888-,true,2
4218,"7dd33b8d61df65e",1,5988,6404,hfhf,"76561198131690816",oskar,true,2
4219,"7dd33b8d61df65e",1,6063,6486,hfhf,"76561198084163512",nbqq,true,2
4220,"7dd33b8d61df65e",12,93455,99372,!ready,"76561198077245619",kreaz,false,2
4221,"7dd33b8d61df65e",12,94434,100414,!ready,"76561198129824467",K1-FiDa,false,3
4222,"7dd33b8d61df65e",12,94612,100602,!ready,"76561198077245619",kreaz,false,2
4223,"7dd33b8d61df65e",17,130391,138627,.tac,"76561198215434685",NEOFRAG,false,2
4224,"7dd33b8d61df65e",20,145301,154467,.tac,"76561198215434685",NEOFRAG,false,2
4225,"7dd33b8d61df65e",23,161518,171459,gg,"76561198315324300",MAGILA-888-,false,3
4226,"7dd33b8d61df65e",23,161537,171478,gg,"76561198077245619",kreaz,true,3
4227,"7dd33b8d61df65e",23,161537,171478,gg,"76561198129824467",K1-FiDa,false,2
4228,"234c16eeca6ac847",1,2687,2902,!ready,"76561198215434685",NEOFRAG,true,2
4229,"234c16eeca6ac847",1,5007,5367,!ready ,"76561198084163512",nbqq,true,3
4230,"234c16eeca6ac847",1,6077,6503,hfhf,"76561198215434685",NEOFRAG,true,2
4231,"234c16eeca6ac847",1,6204,6633,hfhf,"76561198084163512",nbqq,true,3
4232,"234c16eeca6ac847",1,6340,6778,hfhf,"76561198131690816",oskar,true,3
4233,"234c16eeca6ac847",4,31937,33973,!tac,"76561198182168605",m1key,true,2
4234,"234c16eeca6ac847",12,103229,109719,.tac,"76561198215434685",NEOFRAG,true,2
4235,"234c16eeca6ac847",12,111415,118434,.ready,"76561198215434685",NEOFRAG,false,2
4236,"234c16eeca6ac847",12,111721,118764,!ready,"76561198084163512",nbqq,false,3
4237,"234c16eeca6ac847",13,113383,120524,hfgl,"76561198215434685",NEOFRAG,true,3
4238,"234c16eeca6ac847",13,113509,120657,hf,"76561198084163512",nbqq,true,2
4239,"234c16eeca6ac847",18,157151,167022,ns dedku,"76561198215434685",NEOFRAG,true,3
4240,"234c16eeca6ac847",18,157803,167720,dik :D,"76561198131690816",oskar,true,2
4241,"234c16eeca6ac847",20,182457,193525,gg,"76561198077245619",kreaz,true,2
4242,"234c16eeca6ac847",20,182476,193544,GG,"76561198315324300",MAGILA-888-,true,2
4243,"234c16eeca6ac847",20,182551,193619,gg,"76561198084163512",nbqq,true,2
4244,"234c16eeca6ac847",20,182558,193626,gg wp,"76561198129824467",K1-FiDa,false,3
4245,"59ee3086e946cf74",7,55081,58279,timeout ,"76561198176422667",Marix,true,2
4246,"59ee3086e946cf74",7,57898,61253,need restore please,"76561198007184371",bondik,true,2
4247,"59ee3086e946cf74",7,59390,62827,R,"76561198237043662",z1Nny,true,3
4248,"59ee3086e946cf74",7,59399,62836,r,"76561198002372151",kinqie,true,3
4249,"59ee3086e946cf74",7,59418,62855,r,"76561198007184371",bondik,true,2
4250,"59ee3086e946cf74",7,59515,62963,r,"76561198086223064",s4ltovsk1yy,true,2
4251,"59ee3086e946cf74",7,60158,63639,!unpause,"76561198145768818",KIRO,true,3
4252,"59ee3086e946cf74",20,167589,177238,.tac,"76561198002372151",kinqie,true,2
4253,"59ee3086e946cf74",23,193542,204673,.tac,"76561198002372151",kinqie,true,2
4254,"59ee3086e946cf74",24,202801,214461,.tac,"76561198002372151",kinqie,true,2
4255,"59ee3086e946cf74",27,232226,245575,.tac,"76561198002372151",kinqie,true,2
4256,"59ee3086e946cf74",29,257605,272427,gg,"76561198002372151",kinqie,false,3
4257,"59ee3086e946cf74",29,257700,272523,gg,"76561198086223064",s4ltovsk1yy,false,2
4258,"97e55146f7da19fc",12,95151,100667,ETA,"76561199095171343",executor,true,2
4259,"97e55146f7da19fc",12,105604,111721,r,"76561198002372151",kinqie,true,2
4260,"97e55146f7da19fc",12,105622,111739,r,"76561198007184371",bondik,true,3
4261,"97e55146f7da19fc",16,139577,147668,gg,"76561198976881234",bluewh1te,true,3
4262,"97e55146f7da19fc",16,139615,147706,Gg,"76561198002372151",kinqie,true,3
4263,"1831d36c7513cba7",1,6129,6492,!switch,"76561198121570156",Dexter,true,2
4264,"1831d36c7513cba7",1,7298,7736,!ready,"76561198121570156",Dexter,true,3
4265,"1831d36c7513cba7",2,13354,14114,admin,"76561198882612344",trindade,true,2
4266,"1831d36c7513cba7",2,13488,14251,guizo loss,"76561198882612344",trindade,true,2
4267,"1831d36c7513cba7",2,14785,15615,now is fine,"76561198882612344",trindade,true,2
4268,"1831d36c7513cba7",2,15226,16080,!unpause,"76561198121570156",Dexter,true,3
4269,"1831d36c7513cba7",22,144438,152070,gg,"76561198314376345",Ltm,false,3
4270,"1831d36c7513cba7",22,144552,152189,gg,"76561198120646382",ped,false,2
4271,"796014bfc18f028d",7,41319,43521,.PAUSE,"76561198121570156",Dexter,false,2
4272,"5016c13e6eb6a5cb",12,94189,99161,hg,"76561198036066702",Alv,false,2
4273,"5016c13e6eb6a5cb",12,94368,99350,gh,"76561198183557682",shaiK,false,3
4274,"5016c13e6eb6a5cb",20,158562,166915,gg,"76561198036066702",Alv,false,3
4275,"5016c13e6eb6a5cb",20,158663,167018,gg,"76561198183557682",shaiK,false,2
4276,"5016c13e6eb6a5cb",20,158673,167028,gg,"76561198271282649",Skrimo,false,2
4277,"54b35618beb58bdb",1,184,234,hf,"76561198183557682",shaiK,true,2
4278,"54b35618beb58bdb",1,333,387,hf,"76561198092690259",KalubeR,true,2
4279,"54b35618beb58bdb",1,553,620,hHFHFHFHFHFHFHF,"76561198036066702",Alv,true,3
4280,"54b35618beb58bdb",1,980,1074,hfhf,"76561198069567550","4X1s",true,3
4281,"54b35618beb58bdb",18,146288,153939,gg,"76561198271282649",Skrimo,true,3
4282,"54b35618beb58bdb",18,146307,153958,ggs,"76561198069567550","4X1s",false,2
4283,"54b35618beb58bdb",18,146335,153986,gg,"76561198183557682",shaiK,true,3
4284,"54b35618beb58bdb",18,146404,154065,gg,"76561198036066702",Alv,false,2
4285,aa887fec86d43964,1,347,412,hF,"76561198036066702",Alv,true,3
4286,aa887fec86d43964,1,518,593,hff,"76561198092690259",KalubeR,true,2
4287,aa887fec86d43964,1,7878,8335,.switch,"76561198156369374",SPELLAN,true,2
4288,aa887fec86d43964,1,8017,8496,.ready,"76561198156369374",SPELLAN,true,3
4289,aa887fec86d43964,1,8248,8737,!ready,"76561198069567550","4X1s",true,2
4290,aa887fec86d43964,1,9619,10177,hHFHFHF,"76561198036066702",Alv,true,2
4291,aa887fec86d43964,1,10255,10852,hff,"76561198092690259",KalubeR,true,3
4292,aa887fec86d43964,11,87695,92303,.tech,"76561198156369374",SPELLAN,true,3
4293,aa887fec86d43964,11,88205,92840,restarting pc,"76561198156369374",SPELLAN,true,3
4294,aa887fec86d43964,11,88322,92958,sound problem,"76561198156369374",SPELLAN,true,3
4295,aa887fec86d43964,11,101249,106503,r?,"76561198156369374",SPELLAN,true,3
4296,aa887fec86d43964,11,101457,106723,r,"76561198069567550","4X1s",true,2
4297,aa887fec86d43964,11,101738,107014,!unpause,"76561198156369374",SPELLAN,true,3
4298,aa887fec86d43964,11,102152,107449,!unpause,"76561198069567550","4X1s",true,2
4299,aa887fec86d43964,12,122751,129129,gh,"76561198069567550","4X1s",true,2
4300,aa887fec86d43964,12,123204,129605,hg,"76561198036066702",Alv,true,2
4301,aa887fec86d43964,13,123461,129890,gh,"76561198183557682",shaiK,true,2
4302,aa887fec86d43964,18,164280,172844,!TAC,"76561198440676599",AwaykeN,true,2
4303,aa887fec86d43964,20,181660,191128,gg,"76561198036066702",Alv,false,3
4304,aa887fec86d43964,20,181669,191137,ggs,"76561198069567550","4X1s",false,3
4305,aa887fec86d43964,20,181684,191152,гг,"76561198271282649",Skrimo,false,2
4306,aa887fec86d43964,20,181711,191183,gg,"76561198183557682",shaiK,false,2
4307,e89633500c24ccd,6,38413,40465,NL,"76561198434033257",dudinho,true,2
4308,e89633500c24ccd,6,38420,40472,nl,"76561198073963928",predict,true,2
4309,e89633500c24ccd,6,38447,40499,nl,"76561198146879328",bks,true,2
4310,e89633500c24ccd,6,39167,41259,alo,"76561198146879328",bks,true,2
4311,e89633500c24ccd,6,39258,41357,nl,"76561199010372044",Rkzinho,true,3
4312,e89633500c24ccd,6,40816,42998,adm ?,"76561197997138144",lcs,true,3
4313,e89633500c24ccd,6,40838,43020,admin restore round pls,"76561198073963928",predict,true,2
4314,e89633500c24ccd,6,41377,43587,ty,"76561198073963928",predict,true,2
4315,e89633500c24ccd,6,41744,43971,one more,"76561198146879328",bks,true,2
4316,e89633500c24ccd,6,42314,44570,tks,"76561198146879328",bks,true,2
4317,e89633500c24ccd,6,43013,45305,!unpause,"76561197997138144",lcs,true,3
4318,e89633500c24ccd,10,68062,71666,!pause,"76561198146879328",bks,true,2
4319,e89633500c24ccd,10,68392,72009,.tech,"76561198146879328",bks,true,2
4320,e89633500c24ccd,10,68868,72515,internet caindo,"76561198007131317",fp1,true,2
4321,e89633500c24ccd,10,77053,81125,restore pls,"76561198073963928",predict,true,2
4322,e89633500c24ccd,14,109195,114969,meu mouse ta dando umas travada 1 sec,"76561197997138144",lcs,true,2
4323,d80c62ce8d30388d,3,13732,14559,!TECH,"76561198829202374",Sdaim,true,2
4324,d80c62ce8d30388d,3,13905,14743,ts problems,"76561198829202374",Sdaim,true,2
4325,d80c62ce8d30388d,3,15270,16185,!unpause,"76561198119088041",SELLTER,true,2
4326,d80c62ce8d30388d,3,16239,17210,admin r,"76561199181968192",Something,true,3
4327,d80c62ce8d30388d,13,101175,107057,ns ,"76561198119088041",SELLTER,false,3
4328,"3c86ebc2f0e6509b",1,1288,1401,hfsen пацанва :D,"76561198119088041",SELLTER,true,3
4329,"3c86ebc2f0e6509b",1,1383,1503,hefe,"76561198829202374",Sdaim,true,3
4330,"3c86ebc2f0e6509b",1,1426,1546,HF,"76561198096372312",shady,true,2
4331,"3c86ebc2f0e6509b",1,1493,1619,hfhf,"76561198184955555",spirit,true,2
4332,"3c86ebc2f0e6509b",2,7511,7983,.tech,"76561199181968192",Something,true,2
4333,"3c86ebc2f0e6509b",2,7735,8219,"30 loss in ts","76561199181968192",Something,true,2
4334,"3c86ebc2f0e6509b",2,11538,12243,r?,"76561199181968192",Something,true,2
4335,"3c86ebc2f0e6509b",2,11719,12435,ГОТОВЫ ,"76561198119088041",SELLTER,true,3
4336,"3c86ebc2f0e6509b",2,11874,12598,r,"76561198829202374",Sdaim,true,3
4337,"3c86ebc2f0e6509b",12,111413,117863,ns,"76561199173322766",tex1y,false,3
4338,"3c86ebc2f0e6509b",12,111438,117888,ns,"76561199173322766",tex1y,false,3
4339,"3c86ebc2f0e6509b",12,113530,120101,gh ,"76561198119088041",SELLTER,false,3
4340,"3c86ebc2f0e6509b",18,154487,163431,ns,"76561199181968192",Something,false,3
4341,"3c86ebc2f0e6509b",18,154837,163801,ty,"76561198829202374",Sdaim,false,2
4342,"3c86ebc2f0e6509b",21,177629,187907,!pausew,"76561198843372097",mag1k3Y,true,2
4343,f419c1b7c8dcac90,23,176041,185244,ok,"76561198837740627",space,true,3
4344,f419c1b7c8dcac90,29,232590,244762,GG,"76561199031638172",s1lent,true,2
4345,"533b48fe92702f05",14,98710,103957,.clear,"76561198220006596",Tatu,true,3
4346,"533b48fe92702f05",14,103530,109030,gg,"76561198312384572",LgAAA,false,2
4347,"533b48fe92702f05",14,103564,109068,gg!,"76561198371650378",tsug,true,3
4348,"533b48fe92702f05",14,103656,109160,gg,"76561198870669960",pazini,true,3
4349,"8f3c21b20f84062a",1,398,461,hf my bro,"76561199036285926",senka,true,2
4350,"8f3c21b20f84062a",1,609,685,hf senka goat,"76561198215434685",NEOFRAG,true,3
4351,"8f3c21b20f84062a",1,684,760,hf,"76561199032610185",ayuki,true,2
4352,"8f3c21b20f84062a",1,1005,1103,big fan,"76561198215434685",NEOFRAG,true,3
4353,"8f3c21b20f84062a",1,1207,1316,haha,"76561199036285926",senka,true,2
4354,"8f3c21b20f84062a",1,1371,1491,hf17,"76561199181360085",flouzer,true,2
4355,"8f3c21b20f84062a",1,1450,1570,hahahaha,"76561199105136854",woozzzi,true,3
4356,"8f3c21b20f84062a",1,1553,1682,hf,"76561199105136854",woozzzi,true,3
4357,"8f3c21b20f84062a",1,1620,1751,hf23,"76561198051727799",MoriiSko,true,3
4358,"8f3c21b20f84062a",1,1870,2012,hf20,"76561199105136854",woozzzi,true,3
4359,"8f3c21b20f84062a",6,37188,39362,.tac,"76561198215434685",NEOFRAG,true,3
4360,"8f3c21b20f84062a",9,62979,66640,.tac,"76561198129824467",K1-FiDa,true,3
4361,"8f3c21b20f84062a",9,62997,66661,.tac,"76561198215434685",NEOFRAG,true,3
4362,"8f3c21b20f84062a",16,117211,124009,gg,"76561199032610185",ayuki,false,3
4363,"8f3c21b20f84062a",16,117256,124054,GG,"76561199181360085",flouzer,false,3
4364,"8f3c21b20f84062a",16,117331,124134,GG,"76561198156774221",z1k4,true,3
4365,"8f3c21b20f84062a",16,117354,124160,gg,"76561198129824467",K1-FiDa,false,2
4366,"54b45a1874b21831",1,58,106,hfhf senka,"76561198215434685",NEOFRAG,true,3
4367,"54b45a1874b21831",1,412,478,hfhf,"76561199036285926",senka,true,2
4368,"54b45a1874b21831",1,758,841,bratan,"76561199036285926",senka,true,2
4369,"54b45a1874b21831",1,1868,2017,nl,"76561198215434685",NEOFRAG,true,3
4370,"54b45a1874b21831",1,1926,2076,tech,"76561198215434685",NEOFRAG,true,3
4371,"54b45a1874b21831",1,2070,2230,k,"76561199181360085",flouzer,true,2
4372,"54b45a1874b21831",1,2846,3049,r,"76561198215434685",NEOFRAG,true,3
4373,"54b45a1874b21831",1,2889,3094,hfhf,"76561198215434685",NEOFRAG,true,3
4374,"54b45a1874b21831",1,3000,3214,r,"76561199181360085",flouzer,true,2
4375,"54b45a1874b21831",1,3236,3461,sry,"76561198215434685",NEOFRAG,true,3
4376,"54b45a1874b21831",1,3640,3887,hf17,"76561199181360085",flouzer,true,2
4377,"54b45a1874b21831",13,91251,96555,hf,"76561198215434685",NEOFRAG,true,2
4378,"54b45a1874b21831",22,150130,158824,!tAC,"76561198182168605",M1key,true,2
4379,"54b45a1874b21831",22,156641,165710,gg,"76561199032610185",ayuki,false,3
4380,"54b45a1874b21831",22,156663,165732,gege,"76561199181360085",flouzer,true,3
4381,"54b45a1874b21831",22,156674,165743,gg,"76561198129824467",K1-FiDa,false,2
4382,"8329f6b8ad1a48a0",1,1565,1687,hfhfhfhfhfhfhf,"76561198047829655",tory,true,2
4383,"8329f6b8ad1a48a0",1,2577,2749,hf,"76561198048720735",REDSTAR,true,3
4384,"8329f6b8ad1a48a0",6,36281,38217,ns VICU,"76561198048720735",REDSTAR,true,3
4385,"8329f6b8ad1a48a0",6,36613,38564,TY redstar,"76561198266290430",vicu,true,2
4386,"8329f6b8ad1a48a0",12,94593,99578,gh,"76561198047829655",tory,false,2
4387,"8329f6b8ad1a48a0",30,228503,240542,gg,"76561198047829655",tory,false,2
4388,"79e72cc113e197a3",1,268,320,hfhfhfhfhfhfhfhf,"76561198047829655",tory,true,3
4389,"79e72cc113e197a3",2,9121,9634,.ready,"76561198048626572",h4RN,true,2
4390,"79e72cc113e197a3",2,9238,9761,!unpause,"76561198048626572",h4RN,true,2
4391,"79e72cc113e197a3",2,9248,9771,.unpause,"76561198266290430",vicu,true,3
4392,"79e72cc113e197a3",2,10887,11490,!unpause,"76561198048720735",REDSTAR,true,2
4393,"79e72cc113e197a3",2,11699,12350,!admin,"76561198048720735",REDSTAR,true,2
4394,"79e72cc113e197a3",2,11899,12561,.unpause,"76561198266290430",vicu,true,3
4395,"79e72cc113e197a3",7,49053,51654,.tac,"76561198215214621",SHiPZ,true,2
4396,"79e72cc113e197a3",13,92244,97123,gh,"76561198047829655",tory,true,2
4397,"79e72cc113e197a3",13,92759,97668,gh,"76561198048720735",REDSTAR,true,3
4398,"79e72cc113e197a3",20,141970,149447,gg,"76561198215214621",SHiPZ,false,3
4399,"79e72cc113e197a3",20,142189,149678,gg,"76561198047829655",tory,false,2
4400,b9472c5fd681ff1f,6,40994,43603,.PAUSE,"76561198274417433",Folke,true,3
4401,b9472c5fd681ff1f,6,43112,45854,!unpause,"76561198274417433",Folke,true,3
4402,b9472c5fd681ff1f,7,48731,51822,mouse charge,"76561198888334048",RENDY$KY,true,2
4403,b9472c5fd681ff1f,7,52239,55553,!unpause,"76561198274417433",Folke,true,3
4404,b9472c5fd681ff1f,7,54685,58150,.unpause,"76561198888334048",RENDY$KY,true,2
4405,b9472c5fd681ff1f,12,96777,102907,!ready,"76561198367443733",few,false,3
4406,b9472c5fd681ff1f,12,97996,104203,!ready,"76561198274417433",Folke,false,3
4407,b9472c5fd681ff1f,20,155085,164499,gg,"76561198274417433",Folke,true,2
4408,b9472c5fd681ff1f,20,155214,164627,gg,"76561198368341524",OzN3X,false,2
4409,b9472c5fd681ff1f,20,155339,164752,gg,"76561198055604641",fjZ,false,2
4410,b9472c5fd681ff1f,20,155416,164829,gg,"76561199004328083",Wonder,false,3
4411,"1428a19a8f814719",1,4927,5275,!ready,"76561198274417433",Folke,true,2
4412,"1428a19a8f814719",2,18066,19237,.tech,"76561198055604641",fjZ,true,2
4413,"1428a19a8f814719",2,18320,19505,oznex crash,"76561198055604641",fjZ,true,2
4414,"1428a19a8f814719",2,18340,19525,sry,"76561198274417433",Folke,true,2
4415,"1428a19a8f814719",2,18526,19723,yy,"76561198048917855",Brillo,true,3
4416,"1428a19a8f814719",2,18560,19757,npnp,"76561199004328083",Wonder,true,3
4417,"1428a19a8f814719",2,18709,19918,kk,"76561198271046468",yoom,true,3
4418,"1428a19a8f814719",2,18875,20096,!unpause,"76561198274417433",Folke,true,2
4419,"1428a19a8f814719",12,102084,108510,!READY,"76561198274417433",Folke,false,2
4420,"1428a19a8f814719",21,180236,191199,GG,"76561199004328083",Wonder,false,2
4421,"1428a19a8f814719",21,180271,191234,gg,"76561198048917855",Brillo,false,2
4422,"1428a19a8f814719",21,180371,191334,GG,"76561198274417433",Folke,true,3
4423,b5301a91dbc59f81,1,739,822,hf ITS A GREAT PLEASURE TO PLAY WITH YOU !,"76561198245783634",Get_Jeka,true,2
4424,b5301a91dbc59f81,1,957,1051,HFHFHFHFHFHFHFHFHFHFHFHFHFHFHFHFHFHFHFHFHFHFHFHFHFHFHFHF,"76561198350362302",r3salt,true,3
4425,b5301a91dbc59f81,1,994,1093,ohhh,"76561198170577338",faydett,true,3
4426,b5301a91dbc59f81,1,1152,1258,xoroSHEY Igri,"76561198245783634",Get_Jeka,true,2
4427,b5301a91dbc59f81,1,1154,1260,Хорошей игры,"76561198170577338",faydett,true,3
4428,b5301a91dbc59f81,5,19639,20813,?,"76561198350362302",r3salt,true,3
4429,b5301a91dbc59f81,5,19972,21161,?,"76561198245783634",Get_Jeka,true,2
4430,b5301a91dbc59f81,12,80305,84969,gh?,"76561198245783634",Get_Jeka,false,2
4431,b5301a91dbc59f81,12,80568,85246,da,"76561198350362302",r3salt,false,3
4432,b5301a91dbc59f81,12,80712,85402,gh,"76561198245783634",Get_Jeka,false,2
4433,b5301a91dbc59f81,21,150872,159613,gg,"76561198245783634",Get_Jeka,false,3
4434,b5301a91dbc59f81,21,151218,159981,gg,"76561198170577338",faydett,false,2
4435,e097ff1c532969b1,1,4445,4765,!ready,"76561198438744159",levantino,true,2
4436,e097ff1c532969b1,1,4862,5206,!ready,"76561198998266210",xelex,true,3
4437,e097ff1c532969b1,1,6609,7060,hf,"76561199152181207",fakerealityy,true,2
4438,e097ff1c532969b1,1,6761,7224,hf,"76561198998266210",xelex,true,3
4439,e097ff1c532969b1,1,6785,7248,hf!,"76561198377256168",Joey,true,3
4440,e097ff1c532969b1,1,6864,7328,hfhf,"76561198254835598",ay0k,true,3
4441,e097ff1c532969b1,1,7124,7610,hfhf,"76561198295739416",opdust,true,3
4442,e097ff1c532969b1,1,7960,8496,hfhfa,"76561198263442032",Tr0ublE,true,2
4443,e097ff1c532969b1,4,34710,36922,.tac,"76561198438744159",levantino,false,2
4444,e097ff1c532969b1,7,53697,57053,!pause,"76561198263442032",Tr0ublE,true,2
4445,e097ff1c532969b1,7,66059,70176,!unpaused,"76561198407480534",Nikodeon,true,3
4446,e097ff1c532969b1,7,66236,70363,!unpause,"76561198407480534",Nikodeon,true,3
4447,e097ff1c532969b1,7,66666,70821,!unpause,"76561198438744159",levantino,true,2
4448,e097ff1c532969b1,9,80672,85706,nl,"76561198438744159",levantino,true,2
4449,e097ff1c532969b1,9,81100,86158,nl,"76561198295739416",opdust,true,3
4450,e097ff1c532969b1,9,81126,86185,nl,"76561198377256168",Joey,true,3
4451,e097ff1c532969b1,9,81991,87107,.restore,"76561198295739416",opdust,true,3
4452,e097ff1c532969b1,9,82351,87487,!rr,"76561198096933265",OWNER,true,2
4453,e097ff1c532969b1,9,86346,91729,"1 more","76561198377256168",Joey,true,3
4454,e097ff1c532969b1,9,86759,92170,.pause,"76561198295739416",opdust,true,3
4455,e097ff1c532969b1,9,87406,92860,"1 more restore","76561198407480534",Nikodeon,true,3
4456,e097ff1c532969b1,9,88060,93550,good now,"76561198295739416",opdust,true,3
4457,e097ff1c532969b1,9,88800,94338,!r,"76561198377256168",Joey,true,3
4458,e097ff1c532969b1,9,109136,115951,restore?,"76561198998266210",xelex,true,3
4459,e097ff1c532969b1,9,109221,116041,or no,"76561198998266210",xelex,true,3
4460,e097ff1c532969b1,9,109580,116420,"1 restore and r","76561198438744159",levantino,true,2
4461,e097ff1c532969b1,9,113001,120058,admin can you do one restore please?,"76561198295739416",opdust,true,3
4462,e097ff1c532969b1,9,113971,121083,thanks,"76561198295739416",opdust,true,3
4463,e097ff1c532969b1,9,114109,121226,!unpause,"76561198438744159",levantino,true,2
4464,e097ff1c532969b1,9,114213,121335,hfhf,"76561198295739416",opdust,true,3
4465,e097ff1c532969b1,12,139721,148359,!ready,"76561198438744159",levantino,true,2
4466,e097ff1c532969b1,12,140372,149047,!ready,"76561198377256168",Joey,false,3
4467,e097ff1c532969b1,15,157100,166822,!pause,"76561199152181207",fakerealityy,true,3
4468,e097ff1c532969b1,15,157112,166834,!pause,"76561198263442032",Tr0ublE,true,3
4469,e097ff1c532969b1,15,157750,167518,restore and r,"76561198438744159",levantino,true,3
4470,e097ff1c532969b1,15,161959,171990,admin can you restore please and we go live?,"76561198295739416",opdust,true,2
4471,e097ff1c532969b1,15,162318,172369,"AgMuHuCTpaLI,u9","76561199152181207",fakerealityy,true,3
4472,e097ff1c532969b1,15,162631,172702,admin can u be on server with us,"76561198438744159",levantino,true,3
4473,e097ff1c532969b1,15,168910,179377,did you type in discord?,"76561198295739416",opdust,true,2
4474,e097ff1c532969b1,15,169216,179699,no,"76561199152181207",fakerealityy,true,3
4475,e097ff1c532969b1,15,169373,179867,Do it,"76561198407480534",Nikodeon,true,2
4476,e097ff1c532969b1,15,169979,180510,i dont hink we should type in discrod in case of tech but rn we will,"76561198438744159",levantino,true,3
4477,e097ff1c532969b1,15,172173,182845,if is taking so long maybe will help ,"76561198295739416",opdust,true,2
4478,e097ff1c532969b1,15,173345,184090,sure but what is he doing,"76561198438744159",levantino,true,3
4479,e097ff1c532969b1,15,173788,184559,its early,"76561198295739416",opdust,true,2
4480,e097ff1c532969b1,15,175872,186773,!unpause,"76561198438744159",levantino,true,3
4481,e097ff1c532969b1,15,178458,189522,K<AJSLFI,"76561199152181207",fakerealityy,false,3
4482,e097ff1c532969b1,15,178508,189577,TPBRED N,"76561199152181207",fakerealityy,false,3
4483,e097ff1c532969b1,17,193343,204955,ggs,"76561198998266210",xelex,false,2
4484,e097ff1c532969b1,17,193386,204998,gg,"76561198295739416",opdust,false,2
4485,"3d04a3a6026a8e00",1,1252,1380,!ready,"76561198438744159",levantino,true,3
4486,"3d04a3a6026a8e00",2,5450,5829,!stay,"76561198438744159",levantino,true,3
4487,"3d04a3a6026a8e00",2,5771,6165,!ready,"76561198438744159",levantino,true,3
4488,"3d04a3a6026a8e00",2,5787,6183,!ready,"76561198998266210",xelex,true,2
4489,"3d04a3a6026a8e00",2,5797,6194,!ready,"76561198407480534",Nikodeon,true,2
4490,"3d04a3a6026a8e00",6,21807,23210,ns,"76561198263442032",Tr0ublE,true,3
4491,"3d04a3a6026a8e00",7,30776,32742,.tac,"76561198295739416",opdust,true,2
4492,"3d04a3a6026a8e00",7,31309,33306,"0_0","76561198263442032",Tr0ublE,true,3
4493,"3d04a3a6026a8e00",7,31638,33658,ифтвшсфь ,"76561198096933265",OWNER,true,3
4494,"3d04a3a6026a8e00",7,31845,33877,bandicam ,"76561198096933265",OWNER,true,3
4495,"3d04a3a6026a8e00",7,31921,33959,"6 vs 5 ","76561198263442032",Tr0ublE,true,3
4496,"3d04a3a6026a8e00",7,32104,34153,fraps.com,"76561199152181207",fakerealityy,true,3
4497,"3d04a3a6026a8e00",7,33168,35284,.pause,"76561198295739416",opdust,true,2
4498,"3d04a3a6026a8e00",7,33757,35909,!unpause,"76561198438744159",levantino,true,3
4499,"3d04a3a6026a8e00",9,48494,51573,.tac,"76561198295739416",opdust,true,2
4500,"3d04a3a6026a8e00",12,76778,81627,!rethrow,"76561198254835598",ay0k,true,2
4501,"3d04a3a6026a8e00",14,93722,99654,!ready,"76561198438744159",levantino,true,3
4502,"3d04a3a6026a8e00",14,95399,101437,!ready,"76561198295739416",opdust,false,2
4503,"3d04a3a6026a8e00",18,116200,123542,!pause,"76561199152181207",fakerealityy,true,2
4504,"3d04a3a6026a8e00",18,119537,127092,!unpause,"76561198295739416",opdust,true,3
4505,"3d04a3a6026a8e00",18,124036,131868,r?,"76561198377256168",Joey,true,3
4506,"3d04a3a6026a8e00",18,124340,132196,trouble afk,"76561199152181207",fakerealityy,true,2
4507,"3d04a3a6026a8e00",18,124379,132235,sec,"76561199152181207",fakerealityy,true,2
4508,"3d04a3a6026a8e00",18,131518,139820,!UNPAUSE,"76561198438744159",levantino,true,2
4509,"3d04a3a6026a8e00",24,174247,185235,.tac,"76561198438744159",levantino,true,2
4510,"3d04a3a6026a8e00",25,185617,197312,.tac,"76561198295739416",opdust,true,3
4511,"3d04a3a6026a8e00",25,194130,206013,ggs,"76561198998266210",xelex,true,3
4512,"3d04a3a6026a8e00",25,194139,206022,gg,"76561198377256168",Joey,true,3
4513,"3d04a3a6026a8e00",25,194185,206068,gg,"76561198295739416",opdust,false,3
4514,"53f3e34648df5eda",1,4767,5103,!ready,"76561198438744159",levantino,true,3
4515,"53f3e34648df5eda",1,9616,10258,ns,"76561198377256168",Joey,false,2
4516,"53f3e34648df5eda",9,54630,58093,.tac,"76561198295739416",opdust,true,2
4517,"53f3e34648df5eda",12,86596,92087,!pause,"76561199152181207",fakerealityy,false,3
4518,"53f3e34648df5eda",12,89497,95172,!ready,"76561199152181207",fakerealityy,false,3
4519,"53f3e34648df5eda",18,132515,140884,.tac,"76561198295739416",opdust,true,3
4520,"53f3e34648df5eda",18,136013,144599,no,"76561199152181207",fakerealityy,true,2
4521,"53f3e34648df5eda",18,136077,144663,nl,"76561199152181207",fakerealityy,true,2
4522,"53f3e34648df5eda",18,136365,144975,timed out,"76561199152181207",fakerealityy,true,2
4523,"53f3e34648df5eda",18,136374,144984,nl,"76561198295739416",opdust,true,3
4524,"53f3e34648df5eda",18,136435,145045,nl,"76561198377256168",Joey,true,3
4525,"53f3e34648df5eda",18,137027,145673,type on discord,"76561198377256168",Joey,true,3
4526,"53f3e34648df5eda",18,137087,145740,type on discord to restore,"76561198295739416",opdust,true,3
4527,"53f3e34648df5eda",18,138461,147204,restore and r,"76561198438744159",levantino,false,2
4528,"53f3e34648df5eda",19,143564,152619,ns,"76561199152181207",fakerealityy,true,2
4529,"53f3e34648df5eda",19,143761,152828,ty bro,"76561198377256168",Joey,true,3
4530,"53f3e34648df5eda",19,143871,152950,.pause,"76561198295739416",opdust,true,3
4531,"53f3e34648df5eda",19,143875,152954,<3,"76561199152181207",fakerealityy,true,2
4532,"53f3e34648df5eda",19,143890,152969,!tech,"76561198377256168",Joey,true,3
4533,"53f3e34648df5eda",19,145048,154198,!unpause,"76561198438744159",levantino,true,2
4534,"53f3e34648df5eda",19,145109,154259,!R,"76561198438744159",levantino,true,2
4535,"53f3e34648df5eda",19,145612,154798,!unpause,"76561198295739416",opdust,true,3
4536,"53f3e34648df5eda",19,145624,154810,!r,"76561198377256168",Joey,true,3
4537,"53f3e34648df5eda",21,158472,168464,.tac,"76561198438744159",levantino,true,2
4538,"53f3e34648df5eda",25,194296,206301,ggs,"76561198998266210",xelex,false,3
4539,"53f3e34648df5eda",25,194382,206387,gg,"76561198295739416",opdust,false,3
4540,"3020d65d37204122",1,2729,2945,!ready,"76561198178801031",prosus,true,3
4541,"3020d65d37204122",1,4978,5288,!ready,"76561199011739449",kODAK,true,2
4542,"3020d65d37204122",9,70453,73705,.tac,"76561199011739449",kODAK,true,2
4543,"3020d65d37204122",12,97918,102910,!ready,"76561198178801031",prosus,false,3
4544,"3020d65d37204122",12,98569,103601,!ready,"76561199011739449",kODAK,false,2
4545,"3020d65d37204122",19,142109,149558,gg,"76561198801448515",tripex17最強,true,2
4546,"3020d65d37204122",19,142172,149621,gg,"76561199175852960",FAZERY,false,3
4547,"3020d65d37204122",19,142183,149632,GG,"76561198016138527",JBOEN,true,2
4548,"713fb2e544c4220",1,3454,3710,tripex,"76561199175852960",FAZERY,true,3
4549,"713fb2e544c4220",1,3838,4118,!ready,"76561198178801031",prosus,true,2
4550,"713fb2e544c4220",1,4122,4427,a,"76561198801448515",tripex17最強,true,2
4551,"713fb2e544c4220",1,4347,4664,when sub,"76561199175852960",FAZERY,true,3
4552,"713fb2e544c4220",1,4855,5203,never sorry,"76561198801448515",tripex17最強,true,2
4553,"713fb2e544c4220",1,5005,5359,!ready,"76561199011739449",kODAK,true,3
4554,"713fb2e544c4220",1,5042,5401,ggggg,"76561199175852960",FAZERY,true,3
4555,"713fb2e544c4220",1,5381,5758,no money,"76561198801448515",tripex17最強,true,2
4556,"713fb2e544c4220",1,6748,7212,hf,"76561199175852960",FAZERY,true,3
4557,"713fb2e544c4220",1,7101,7586,hfhf,"76561199011739449",kODAK,true,3
4558,"713fb2e544c4220",1,7266,7763,hf,"76561198801448515",tripex17最強,true,2
4559,"713fb2e544c4220",1,7272,7769,hf,"76561198178801031",prosus,true,2
4560,"713fb2e544c4220",6,37224,39601,!pause,"76561198997106539",Teoritta x satsu,true,3
4561,"713fb2e544c4220",6,38363,40812,electricity?,"76561198801448515",tripex17最強,true,2
4562,"713fb2e544c4220",6,38549,41011,+,"76561199175852960",FAZERY,true,3
4563,"713fb2e544c4220",6,43467,46240,yoki a ti so svetom ,"76561198801448515",tripex17最強,true,2
4564,"713fb2e544c4220",6,43531,46306,?,"76561198801448515",tripex17最強,true,2
4565,"713fb2e544c4220",6,43786,46573,-,"76561199646264565",yoki,true,3
4566,"713fb2e544c4220",6,44232,47052,ti tozhe v Kieve? ,"76561199159119164",doni,true,2
4567,"713fb2e544c4220",6,44314,47137,pizdec a et ti gde jivesh,"76561198801448515",tripex17最強,true,2
4568,"713fb2e544c4220",6,44533,47368,nikolaev,"76561199646264565",yoki,true,3
4569,"713fb2e544c4220",6,44713,47560,ooo,"76561199159119164",doni,true,2
4570,"713fb2e544c4220",6,44960,47823,ya pro rayon ,"76561198801448515",tripex17最強,true,2
4571,"713fb2e544c4220",6,44998,47866,proebali,"76561199159119164",doni,true,2
4572,"713fb2e544c4220",6,45044,47915,:D,"76561198801448515",tripex17最強,true,2
4573,"713fb2e544c4220",6,45583,48488,ya ne pomnyu,"76561199646264565",yoki,true,3
4574,"713fb2e544c4220",6,46332,49284,oktb?,"76561198801448515",tripex17最強,true,2
4575,"713fb2e544c4220",6,46652,49620,"-, ingul skoree","76561199646264565",yoki,true,3
4576,"713fb2e544c4220",6,46843,49823,prinyal,"76561198801448515",tripex17最強,true,2
4577,"713fb2e544c4220",6,47133,50137,!unpause,"76561198016138527",JBOEN,true,2
4578,"713fb2e544c4220",6,47433,50449,!unpause,"76561199011739449",kODAK,true,3
4579,"713fb2e544c4220",6,47456,50476,r? ,"76561199159119164",doni,true,2
4580,"713fb2e544c4220",6,47544,50572,rr,"76561199011739449",kODAK,true,3
4581,"713fb2e544c4220",6,47600,50628,r,"76561199011739449",kODAK,true,3
4582,"713fb2e544c4220",8,61788,65668,.techg,"76561199175852960",FAZERY,true,3
4583,"713fb2e544c4220",8,61897,65785,.tech,"76561199175852960",FAZERY,true,3
4584,"713fb2e544c4220",8,67127,71316,!UNPAUSE,"76561198016138527",JBOEN,true,2
4585,"713fb2e544c4220",8,70256,74622,a 4e u nego tam ,"76561199159119164",doni,true,2
4586,"713fb2e544c4220",8,73562,78126,clear,"76561199044598928",-R3ZLOOdObRONX,true,3
4587,"713fb2e544c4220",8,73808,78391,nice,"76561199159119164",doni,true,2
4588,"713fb2e544c4220",8,74007,78603,sps,"76561199044598928",-R3ZLOOdObRONX,true,3
4589,"713fb2e544c4220",8,74535,79161,wassup with him ,"76561199159119164",doni,true,2
4590,"713fb2e544c4220",8,74655,79288,elec again? ,"76561199159119164",doni,true,2
4591,"713fb2e544c4220",8,74793,79438,yep,"76561199044598928",-R3ZLOOdObRONX,true,3
4592,"713fb2e544c4220",8,75129,79793,...,"76561199159119164",doni,true,2
4593,"713fb2e544c4220",8,75195,79864,few mins he said,"76561199044598928",-R3ZLOOdObRONX,true,3
4594,"713fb2e544c4220",8,79461,84395,joining,"76561199175852960",FAZERY,true,3
4595,"713fb2e544c4220",8,80758,85777,r?,"76561199175852960",FAZERY,true,3
4596,"713fb2e544c4220",8,80916,85946,!unpause,"76561198801448515",tripex17最強,true,2
4597,"713fb2e544c4220",8,81072,86109,si,"76561198801448515",tripex17最強,true,2
4598,"713fb2e544c4220",8,81147,86190,!unpause,"76561199011739449",kODAK,true,3
4599,"713fb2e544c4220",12,114280,121421,gh,"76561198997106539",Teoritta x satsu,false,3
4600,"713fb2e544c4220",12,114716,121887,!ready,"76561199011739449",kODAK,false,3
4601,"713fb2e544c4220",12,114773,121944,!ready,"76561198801448515",tripex17最強,false,2
4602,"713fb2e544c4220",17,146490,155650,!tech,"76561198997106539",Teoritta x satsu,true,2
4603,"713fb2e544c4220",17,147030,156226,?,"76561198016138527",JBOEN,true,3
4604,"713fb2e544c4220",17,147357,156577,"1sec irl prob","76561199011739449",kODAK,true,2
4605,"713fb2e544c4220",17,147613,156845,all g,"76561198016138527",JBOEN,true,3
4606,"713fb2e544c4220",17,148297,157575,!unpause,"76561199011739449",kODAK,true,2
4607,"713fb2e544c4220",17,148329,157609,r,"76561199011739449",kODAK,true,2
4608,"713fb2e544c4220",17,148580,157872,!unpause,"76561198801448515",tripex17最強,true,3
4609,"713fb2e544c4220",21,184673,196231,.tac,"76561199011739449",kODAK,true,2
4610,"713fb2e544c4220",22,200101,212479,blya vot sey4as ti pikaesh,"76561198801448515",tripex17最強,false,3
4611,"713fb2e544c4220",22,200447,212825,ya molik missnyl (,"76561198801448515",tripex17最強,false,3
4612,"713fb2e544c4220",22,200698,213076,da,"76561199646264565",yoki,false,2
4613,"713fb2e544c4220",22,200750,213128,anlak,"76561199646264565",yoki,false,2
4614,"713fb2e544c4220",22,203924,216401,GG,"76561199175852960",FAZERY,false,2
4615,"1cc1b0adc17d5a2b",1,272,332,hfhf,"76561198874529807",Kunai,true,2
4616,"1cc1b0adc17d5a2b",1,834,925,hf,"76561198007184371",bondik,true,3
4617,"1cc1b0adc17d5a2b",1,1160,1269,hfhf,"76561198086223064",s4ltovsk1yy,true,3
4618,"1cc1b0adc17d5a2b",1,1400,1522,hfhf,"76561198076696741",Kylar,true,2
4619,"1cc1b0adc17d5a2b",5,32288,34186,nl,"76561198076696741",Kylar,true,2
4620,"1cc1b0adc17d5a2b",5,32336,34240,nl,"76561198076696741",Kylar,true,2
4621,"1cc1b0adc17d5a2b",5,32350,34256,nl,"76561198874529807",Kunai,true,2
4622,"1cc1b0adc17d5a2b",5,32516,34429,nl,"76561198081687729",KEi,true,2
4623,"1cc1b0adc17d5a2b",5,32549,34467,nl,"76561198086223064",s4ltovsk1yy,true,3
4624,"1cc1b0adc17d5a2b",5,32598,34518,OK,"76561198176422667",Marix,true,3
4625,"1cc1b0adc17d5a2b",5,32614,34534,lagg,"76561198076696741",Kylar,true,2
4626,"1cc1b0adc17d5a2b",5,32993,34935,kunai losss,"76561197985246786",mynio,true,2
4627,"1cc1b0adc17d5a2b",5,33923,35919,"1more","76561198176422667",Marix,true,3
4628,"1cc1b0adc17d5a2b",5,46130,48823,he is restarting router,"76561197985246786",mynio,true,2
4629,"1cc1b0adc17d5a2b",5,46236,48939,will rr router,"76561198076696741",Kylar,true,2
4630,"1cc1b0adc17d5a2b",5,46259,48962,we need 5 - 10 mins,"76561198081687729",KEi,true,2
4631,"1cc1b0adc17d5a2b",5,47322,50087,"giga loss, it might be ddos actually in 2026 ","76561197985246786",mynio,true,2
4632,"1cc1b0adc17d5a2b",5,47513,50289,yayx,"76561197985246786",mynio,true,2
4633,"1cc1b0adc17d5a2b",5,47993,50795,:c,"76561198086223064",s4ltovsk1yy,true,3
4634,"1cc1b0adc17d5a2b",5,48799,51645,we've been ddosed whole 25,"76561198007184371",bondik,true,3
4635,"1cc1b0adc17d5a2b",5,48872,51727,:/,"76561198007184371",bondik,true,3
4636,"1cc1b0adc17d5a2b",5,49193,52061,shieet,"76561197985246786",mynio,true,2
4637,"1cc1b0adc17d5a2b",5,63538,67235,inc,"76561197985246786",mynio,true,2
4638,"1cc1b0adc17d5a2b",5,68543,72527,restore and go,"76561197985246786",mynio,true,2
4639,"1cc1b0adc17d5a2b",5,71523,75679,r,"76561198176422667",Marix,true,3
4640,"1cc1b0adc17d5a2b",5,72548,76762,dgl fixing cam,"76561197985246786",mynio,true,2
4641,"1cc1b0adc17d5a2b",5,72608,76822,dgl need to charge his phone,"76561198076696741",Kylar,true,2
4642,"1cc1b0adc17d5a2b",5,72673,76895,;D,"76561198076696741",Kylar,true,2
4643,"1cc1b0adc17d5a2b",5,73010,77248,need wait a bit ,"76561198076696741",Kylar,true,2
4644,"1cc1b0adc17d5a2b",5,75216,79585,sry for delay guys,"76561197985246786",mynio,true,2
4645,"1cc1b0adc17d5a2b",5,76463,80899,allg,"76561198086223064",s4ltovsk1yy,true,3
4646,"1cc1b0adc17d5a2b",5,81850,86597,g,"76561198238366860",DGL,true,2
4647,"1cc1b0adc17d5a2b",5,82196,86963,!unpause,"76561197985246786",mynio,true,2
4648,"1cc1b0adc17d5a2b",5,82329,87107,g,"76561198086223064",s4ltovsk1yy,true,3
4649,"1cc1b0adc17d5a2b",5,82511,87300,hfhf,"76561197985246786",mynio,true,2
4650,"1cc1b0adc17d5a2b",5,82661,87459,hf ty,"76561198874529807",Kunai,true,2
4651,"1cc1b0adc17d5a2b",5,82832,87638,hfhf,"76561198086223064",s4ltovsk1yy,true,3
4652,"1cc1b0adc17d5a2b",20,198844,210340,!tac,"76561197985246786",mynio,true,3
4653,"1cc1b0adc17d5a2b",23,234981,248560,!tech,"76561198874529807",Kunai,false,3
4654,"1cc1b0adc17d5a2b",24,235080,248660,wc,"76561198874529807",Kunai,true,3
4655,"1cc1b0adc17d5a2b",24,239319,253142,!unpause,"76561197985246786",mynio,true,3
4656,"1cc1b0adc17d5a2b",29,294763,311795,gg,"76561198086223064",s4ltovsk1yy,true,3
4657,"98e03c6f9337ec9b",1,219,278,hfhf,"76561198874529807",Kunai,true,2
4658,"98e03c6f9337ec9b",1,1634,1778,hf,"76561198007184371",bondik,true,3
4659,"98e03c6f9337ec9b",1,1652,1796,hfhf,"76561198086223064",s4ltovsk1yy,true,3
4660,"98e03c6f9337ec9b",4,20337,21551,!TECH,"76561197985246786",mynio,true,2
4661,"98e03c6f9337ec9b",4,20470,21694,rr pc,"76561198076696741",Kylar,true,2
4662,"98e03c6f9337ec9b",4,28524,30174,rdy,"76561198076696741",Kylar,true,2
4663,"98e03c6f9337ec9b",4,28587,30237,!ready,"76561197985246786",mynio,true,2
4664,"98e03c6f9337ec9b",4,28682,30341,r,"76561198086223064",s4ltovsk1yy,true,3
4665,"98e03c6f9337ec9b",4,28701,30362,!unpause,"76561197985246786",mynio,true,2
4666,"98e03c6f9337ec9b",6,40245,42568,holy moly,"76561198086223064",s4ltovsk1yy,true,3
4667,"98e03c6f9337ec9b",10,78256,82760,game rr,"76561198176422667",Marix,true,3
4668,"98e03c6f9337ec9b",10,78304,82808,inc,"76561198176422667",Marix,true,3
4669,"98e03c6f9337ec9b",10,88179,93207,r,"76561198086223064",s4ltovsk1yy,true,3
4670,"98e03c6f9337ec9b",10,89289,94380,r,"76561197985246786",mynio,true,2
4671,"98e03c6f9337ec9b",10,89375,94475,r,"76561198081687729",KEi,true,2
4672,"98e03c6f9337ec9b",13,111201,117566,timed out,"76561198176422667",Marix,true,2
4673,"98e03c6f9337ec9b",13,117258,123939,inc,"76561198086223064",s4ltovsk1yy,true,2
4674,"98e03c6f9337ec9b",13,119807,126633,r,"76561198086223064",s4ltovsk1yy,true,2
4675,"98e03c6f9337ec9b",13,120354,127211,"1sec","76561198076696741",Kylar,true,3
4676,"98e03c6f9337ec9b",13,120748,127628,r,"76561197985246786",mynio,true,3
4677,"98e03c6f9337ec9b",13,120778,127659,r,"76561198874529807",Kunai,true,3
4678,"98e03c6f9337ec9b",13,120847,127730,!unpause,"76561197985246786",mynio,true,3
4679,"98e03c6f9337ec9b",22,207481,219345,GG,"76561198007184371",bondik,true,2
4680,"98e03c6f9337ec9b",22,207531,219402,gg,"76561198086223064",s4ltovsk1yy,false,2
4681,"98e03c6f9337ec9b",22,207540,219412,gg,"76561198874529807",Kunai,false,3
4682,"98e03c6f9337ec9b",22,207591,219463,gg,"76561198076696741",Kylar,false,3
4683,b63b5a56035dc118,1,1960,2114,cam good+,"76561198058045464",Mol011,true,2
4684,b63b5a56035dc118,1,2511,2697,!ready,"76561198438744159",levantino,true,3
4685,b63b5a56035dc118,1,3473,3714,!stay,"76561198438744159",levantino,true,3
4686,b63b5a56035dc118,1,4100,4380,!ready,"76561198212412773",Maze,true,2
4687,b63b5a56035dc118,1,6098,6494,!ready,"76561198438744159",levantino,true,3
4688,b63b5a56035dc118,1,6263,6670,go ,"76561198438744159",levantino,true,3
4689,b63b5a56035dc118,1,6441,6858,!ready,"76561198257919176",qx,true,2
4690,b63b5a56035dc118,1,6649,7078,.ready,"76561198212412773",Maze,true,2
4691,b63b5a56035dc118,1,7089,7540,phone is dead,"76561198257919176",qx,true,2
4692,b63b5a56035dc118,1,7301,7763,xd,"76561199152181207",fakerealityy,true,3
4693,b63b5a56035dc118,1,7915,8412,ahah,"76561198058045464",Mol011,true,2
4694,b63b5a56035dc118,1,9632,10227,cant where i have it,"76561198257919176",qx,true,2
4695,b63b5a56035dc118,1,9844,10453,its charging now,"76561198257919176",qx,true,2
4696,b63b5a56035dc118,1,13215,14020,y,"76561198257919176",qx,true,2
4697,b63b5a56035dc118,1,13350,14165,!ready,"76561198438744159",levantino,true,3
4698,b63b5a56035dc118,1,13397,14213,ty,"76561198212412773",Maze,true,2
4699,b63b5a56035dc118,1,13578,14405,!readyt,"76561198212412773",Maze,true,2
4700,b63b5a56035dc118,1,14540,15421,!ready,"76561198438744159",levantino,true,3
4701,b63b5a56035dc118,1,16891,17905,.ready,"76561198058045464",Mol011,true,2
4702,b63b5a56035dc118,1,17920,18993,r,"76561199152181207",fakerealityy,true,3
4703,b63b5a56035dc118,1,17982,19062,y,"76561198058045464",Mol011,true,2
4704,b63b5a56035dc118,1,17997,19077,y,"76561198438744159",levantino,true,3
4705,b63b5a56035dc118,1,18003,19083,r,"76561198257919176",qx,true,2
4706,b63b5a56035dc118,1,18029,19109,y,"76561199439779019",bekker,true,2
4707,b63b5a56035dc118,1,18476,19580,hf fakereality,"76561199439779019",bekker,true,2
4708,b63b5a56035dc118,1,18771,19895,two ​y​,"76561199152181207",fakerealityy,true,3
4709,b63b5a56035dc118,1,19106,20250,yyyyyyyyyyyyyy,"76561199439779019",bekker,true,2
4710,b63b5a56035dc118,1,19320,20478,hf beker,"76561198263442032",Tr0ublE,true,3
4711,b63b5a56035dc118,3,30721,32531,nl,"76561198263442032",Tr0ublE,true,3
4712,b63b5a56035dc118,3,30744,32554,nl,"76561198310258974",maggent,true,3
4713,b63b5a56035dc118,3,30952,32774,NL,"76561199152181207",fakerealityy,true,3
4714,b63b5a56035dc118,3,32093,33980,restore and go,"76561199152181207",fakerealityy,true,3
4715,b63b5a56035dc118,3,33531,35506,???????????,"76561198263442032",Tr0ublE,false,3
4716,b63b5a56035dc118,3,33613,35588,???????,"76561198263442032",Tr0ublE,false,3
4717,b63b5a56035dc118,3,34312,36331,restore @admin,"76561198073183768",n1Xen,true,2
4718,b63b5a56035dc118,3,34374,36393,admin restore,"76561199152181207",fakerealityy,false,3
4719,b63b5a56035dc118,3,34870,36922,"1 more","76561199152181207",fakerealityy,true,3
4720,b63b5a56035dc118,3,34901,36953,!unpause,"76561198438744159",levantino,true,3
4721,b63b5a56035dc118,3,35187,37252,r,"76561198058045464",Mol011,true,2
4722,b63b5a56035dc118,7,64472,68223,.tac,"76561198438744159",levantino,true,3
4723,b63b5a56035dc118,10,89991,95211,nl,"76561198310258974",maggent,true,3
4724,b63b5a56035dc118,10,90011,95231,NL,"76561199152181207",fakerealityy,true,3
4725,b63b5a56035dc118,10,90011,95231,nl,"76561198263442032",Tr0ublE,true,3
4726,b63b5a56035dc118,10,90880,96147,"1m","76561198263442032",Tr0ublE,true,3
4727,b63b5a56035dc118,10,91205,96490,"1more and r","76561199152181207",fakerealityy,true,3
4728,b63b5a56035dc118,10,91384,96680,when he will connect,"76561198263442032",Tr0ublE,true,3
4729,b63b5a56035dc118,10,91547,96854,gogo,"76561199152181207",fakerealityy,true,3
4730,b63b5a56035dc118,10,91615,96922,hes here,"76561199152181207",fakerealityy,true,3
4731,b63b5a56035dc118,10,91781,97099,rr,"76561199152181207",fakerealityy,true,3
4732,b63b5a56035dc118,10,93217,98622,adm?,"76561199152181207",fakerealityy,true,3
4733,b63b5a56035dc118,10,98421,104119,"1 more and go","76561199152181207",fakerealityy,true,3
4734,b63b5a56035dc118,10,98820,104540,he reconnected,"76561199152181207",fakerealityy,true,3
4735,b63b5a56035dc118,10,99339,105085,!unpause,"76561198438744159",levantino,true,3
4736,b63b5a56035dc118,10,99387,105139,!r,"76561199439779019",bekker,true,2
4737,b63b5a56035dc118,10,99466,105218,!unpause,"76561199439779019",bekker,true,2
4738,b63b5a56035dc118,13,128835,136292,"0% charge","76561198310258974",maggent,true,2
4739,b63b5a56035dc118,13,129632,137137,waiting for it to turn on,"76561199152181207",fakerealityy,true,2
4740,b63b5a56035dc118,13,129757,137266,ye,"76561199152181207",fakerealityy,true,2
4741,b63b5a56035dc118,13,130034,137563,"5 min its charging","76561198310258974",maggent,true,2
4742,b63b5a56035dc118,13,134332,142106,r?,"76561198212412773",Maze,true,3
4743,b63b5a56035dc118,13,134598,142387,no,"76561198310258974",maggent,true,2
4744,b63b5a56035dc118,13,135993,143866,[ВСЕМ] ● maggent‎: 5 min its charging,"76561199152181207",fakerealityy,true,2
4745,b63b5a56035dc118,13,136720,144632,can we start just without ?,"76561199439779019",bekker,true,3
4746,b63b5a56035dc118,13,137112,145047,ok he will do it after,"76561199152181207",fakerealityy,true,2
4747,b63b5a56035dc118,13,137534,145495,then her can just turn on when its on again,"76561198212412773",Maze,true,3
4748,b63b5a56035dc118,13,137593,145555,R,"76561199439779019",bekker,true,3
4749,b63b5a56035dc118,13,137595,145557,r,"76561198212412773",Maze,true,3
4750,b63b5a56035dc118,13,137807,145780,"1 min","76561199152181207",fakerealityy,true,2
4751,b63b5a56035dc118,13,138599,146617,r,"76561199152181207",fakerealityy,true,2
4752,b63b5a56035dc118,13,138724,146753,!ready,"76561198438744159",levantino,true,2
4753,b63b5a56035dc118,13,138772,146801,r,"76561198310258974",maggent,true,2
4754,b63b5a56035dc118,13,138897,146937,!unpause,"76561199152181207",fakerealityy,true,2
4755,b63b5a56035dc118,15,154471,163405,тд,"76561198096933265",OWNER,true,2
4756,b63b5a56035dc118,15,154577,163516,nl,"76561198096933265",OWNER,true,2
4757,b63b5a56035dc118,15,154642,163587,unl,"76561199152181207",fakerealityy,true,2
4758,b63b5a56035dc118,15,154682,163627,bl,"76561199152181207",fakerealityy,true,2
4759,b63b5a56035dc118,15,155039,164006,HAHA,"76561199439779019",bekker,true,3
4760,b63b5a56035dc118,15,155266,164244,"0_0","76561198096933265",OWNER,true,2
4761,b63b5a56035dc118,15,155394,164383,we cannot do anything,"76561199152181207",fakerealityy,true,2
4762,b63b5a56035dc118,15,155565,164563,joker game,"76561198096933265",OWNER,true,2
4763,b63b5a56035dc118,15,157853,166981,rr,"76561198310258974",maggent,false,2
4764,b63b5a56035dc118,15,157904,167037,guys you know what ppl doing when nl?,"76561198263442032",Tr0ublE,true,2
4765,b63b5a56035dc118,15,158155,167299,they stay afk on spawn,"76561198263442032",Tr0ublE,true,2
4766,b63b5a56035dc118,15,158433,167595,maybe you don't konw,"76561198263442032",Tr0ublE,true,2
4767,b63b5a56035dc118,15,158498,167664,know,"76561198263442032",Tr0ublE,true,2
4768,b63b5a56035dc118,15,158735,167912,i will teach you then,"76561198263442032",Tr0ublE,true,2
4769,b63b5a56035dc118,15,159246,168456,admin restore hes here,"76561199152181207",fakerealityy,true,2
4770,b63b5a56035dc118,15,159592,168821,if you first time on official ,"76561198263442032",Tr0ublE,true,2
4771,b63b5a56035dc118,15,160222,169486,"1 more","76561199152181207",fakerealityy,true,2
4772,b63b5a56035dc118,15,160922,170225,"10 4 ","76561198096933265",OWNER,true,2
4773,b63b5a56035dc118,15,163167,172597,tyty,"76561198263442032",Tr0ublE,true,2
4774,b63b5a56035dc118,15,163385,172827,its not me i promise,"76561199439779019",bekker,true,3
4775,b63b5a56035dc118,15,163768,173232,fs,"76561199152181207",fakerealityy,true,2
4776,b63b5a56035dc118,15,163897,173371,it's good i teach you ,"76561198263442032",Tr0ublE,true,2
4777,b63b5a56035dc118,15,164015,173498,sry maze dont have many maps on hltv,"76561198073183768",n1Xen,true,3
4778,b63b5a56035dc118,15,164056,173541,sry for bekker,"76561198212412773",Maze,true,3
4779,b63b5a56035dc118,15,164165,173653,he dont know,"76561198073183768",n1Xen,true,3
4780,b63b5a56035dc118,15,164205,173699,he is tyroll,"76561198212412773",Maze,true,3
4781,b63b5a56035dc118,15,164330,173826,and you give me commendation,"76561198263442032",Tr0ublE,true,2
4782,b63b5a56035dc118,15,164443,173950,xD,"76561198058045464",Mol011,true,3
4783,b63b5a56035dc118,15,165206,174758,no problem it's experience ,"76561198263442032",Tr0ublE,true,2
4784,b63b5a56035dc118,15,165548,175120,next nl you will stay afk,"76561198263442032",Tr0ublE,true,2
4785,b63b5a56035dc118,15,166148,175754,!R,"76561198438744159",levantino,true,2
4786,b63b5a56035dc118,15,167743,177437,R,"76561198257919176",qx,true,3
4787,b63b5a56035dc118,15,167759,177453,r,"76561199439779019",bekker,true,3
4788,b63b5a56035dc118,15,167797,177492,r,"76561198212412773",Maze,true,3
4789,b63b5a56035dc118,15,167798,177493,y,"76561198058045464",Mol011,true,3
4790,b63b5a56035dc118,15,167807,177503,r,"76561198438744159",levantino,true,2
4791,b63b5a56035dc118,19,202102,213772,.tac,"76561198438744159",levantino,false,2
4792,b63b5a56035dc118,22,222828,235691,gg,"76561198058045464",Mol011,false,3
4793,b63b5a56035dc118,22,222860,235723,gg,"76561198212412773",Maze,true,3
4794,ca48736f113f2ac,12,74719,79053,!PAUSE,"76561198212412773",Maze,true,3
4795,ca48736f113f2ac,12,74905,79249,!TECH,"76561198212412773",Maze,true,3
4796,ca48736f113f2ac,12,77036,81497,yaeh,"76561198058045464",Mol011,true,3
4797,ca48736f113f2ac,12,77111,81582,r,"76561198212412773",Maze,true,3
4798,ca48736f113f2ac,12,77134,81606,yeah,"76561198058045464",Mol011,true,3
4799,ca48736f113f2ac,12,77492,81985,r,"76561198438744159",levantino,true,2
4800,ca48736f113f2ac,12,84930,89848,!ready,"76561198438744159",levantino,true,2
4801,ca48736f113f2ac,17,110127,116513,.tac,"76561198212412773",Maze,true,2
4802,ca48736f113f2ac,18,117923,124750,NL,"76561198096933265",OWNER,true,3
4803,ca48736f113f2ac,18,117928,124755,nl,"76561198263442032",Tr0ublE,true,3
4804,ca48736f113f2ac,18,117939,124769,nnl,"76561199152181207",fakerealityy,true,3
4805,ca48736f113f2ac,18,119186,126091,restore and go,"76561199152181207",fakerealityy,true,3
4806,ca48736f113f2ac,18,119302,126213,!RR,"76561198096933265",OWNER,true,3
4807,ca48736f113f2ac,18,120716,127708,.rr,"76561198058045464",Mol011,true,2
4808,ca48736f113f2ac,18,120833,127830,!unpause,"76561198438744159",levantino,true,3
4809,ca48736f113f2ac,18,120873,127876,again,"76561198058045464",Mol011,true,2
4810,ca48736f113f2ac,18,121031,128038,rr again,"76561199439779019",bekker,true,2
4811,ca48736f113f2ac,18,121218,128235,!unpause,"76561198438744159",levantino,true,3
4812,ca48736f113f2ac,18,121405,128432,R,"76561198212412773",Maze,true,2
4813,ca48736f113f2ac,18,121623,128665,rrrrrrrr,"76561198096933265",OWNER,true,3
4814,ca48736f113f2ac,20,138529,146545,.tac,"76561198438744159",levantino,true,3
4815,ca48736f113f2ac,24,172379,182337,!ready,"76561198438744159",levantino,true,3
4816,ca48736f113f2ac,28,198684,210173,GG,"76561198212412773",Maze,false,3
4817,ca48736f113f2ac,28,199102,210616,gg,"76561198058045464",Mol011,false,3
4818,dcc113f1689d80de,2,9544,10132,r,"76561198438744159",levantino,true,3
4819,dcc113f1689d80de,2,12535,13299,he is john cena,"76561199152181207",fakerealityy,true,3
4820,dcc113f1689d80de,2,16274,17249,restore,"76561199152181207",fakerealityy,true,3
4821,dcc113f1689d80de,2,16342,17322,please,"76561199152181207",fakerealityy,true,3
4822,dcc113f1689d80de,2,16486,17472,good?,"76561198438744159",levantino,true,3
4823,dcc113f1689d80de,2,18282,19375,guys come on you are wasting time ,"76561199439779019",bekker,true,2
4824,dcc113f1689d80de,2,18738,19856,wdym wasting time,"76561199152181207",fakerealityy,true,3
4825,dcc113f1689d80de,2,18960,20089,sorry boss,"76561198096933265",OWNER,true,3
4826,dcc113f1689d80de,2,18966,20095,he has phone issues,"76561199152181207",fakerealityy,true,3
4827,dcc113f1689d80de,2,19076,20216,he is trolling you,"76561198212412773",Maze,true,2
4828,dcc113f1689d80de,2,19102,20242,hahahahaha,"76561199439779019",bekker,true,2
4829,dcc113f1689d80de,2,19177,20317,relax,"76561198212412773",Maze,true,2
4830,dcc113f1689d80de,2,19232,20379,haha,"76561198212412773",Maze,true,2
4831,dcc113f1689d80de,2,19381,20533,danill dont waste bekkers time,"76561198073183768",n1Xen,true,2
4832,dcc113f1689d80de,2,19436,20596,WRB,"76561198257919176",qx,true,2
4833,dcc113f1689d80de,2,19970,21157,bro id rather kick bekker,"76561199152181207",fakerealityy,true,3
4834,dcc113f1689d80de,2,20021,21215,stop toxic fakereality,"76561199439779019",bekker,true,2
4835,dcc113f1689d80de,2,20083,21279,instead of u,"76561199152181207",fakerealityy,true,3
4836,dcc113f1689d80de,2,20269,21476,hahah ty bro,"76561198073183768",n1Xen,true,2
4837,dcc113f1689d80de,2,20435,21653,appreciate it,"76561198073183768",n1Xen,true,2
4838,dcc113f1689d80de,2,24142,25570,did you try restart?,"76561198212412773",Maze,true,2
4839,dcc113f1689d80de,2,24836,26308,he does not have pc camera,"76561199152181207",fakerealityy,true,3
4840,dcc113f1689d80de,2,25014,26495,You need to allow browser to access camera,"76561199439779019",bekker,true,2
4841,dcc113f1689d80de,2,25158,26644,try to turn phone on and off,"76561198257919176",qx,true,2
4842,dcc113f1689d80de,2,25168,26655,and he just moved to serbia,"76561199152181207",fakerealityy,true,3
4843,dcc113f1689d80de,2,25472,26977,hes playing w phone internet,"76561199152181207",fakerealityy,true,3
4844,dcc113f1689d80de,2,26001,27539,serbia is cold,"76561199439779019",bekker,true,2
4845,dcc113f1689d80de,2,26314,27866,warsaw -15,"76561199152181207",fakerealityy,true,3
4846,dcc113f1689d80de,2,26377,27937,rn,"76561199152181207",fakerealityy,true,3
4847,dcc113f1689d80de,2,26382,27942,do you know denis,"76561199439779019",bekker,true,2
4848,dcc113f1689d80de,2,26806,28388,notineki? ,"76561199152181207",fakerealityy,true,3
4849,dcc113f1689d80de,2,26833,28415,if ur phone disconnect from cam,"76561198073183768",n1Xen,true,2
4850,dcc113f1689d80de,2,26904,28492,xdeniszera,"76561199439779019",bekker,true,2
4851,dcc113f1689d80de,2,27188,28793,did u try chrome browser instead?,"76561198073183768",n1Xen,true,2
4852,dcc113f1689d80de,2,27272,28880,worked for me,"76561198073183768",n1Xen,true,2
4853,dcc113f1689d80de,2,29192,30910,he will,"76561199152181207",fakerealityy,true,3
4854,dcc113f1689d80de,2,29873,31632,@admin ffw soon?,"76561199439779019",bekker,true,2
4855,dcc113f1689d80de,2,31184,33021,he is trying,"76561199152181207",fakerealityy,true,3
4856,dcc113f1689d80de,2,31744,33614,"1 min he said","76561199152181207",fakerealityy,true,3
4857,dcc113f1689d80de,2,31820,33690,rn,"76561199152181207",fakerealityy,true,3
4858,dcc113f1689d80de,2,35011,37069,good?,"76561199152181207",fakerealityy,true,3
4859,dcc113f1689d80de,2,35057,37115,amd,"76561199152181207",fakerealityy,true,3
4860,dcc113f1689d80de,2,35111,37169,adm,"76561199152181207",fakerealityy,true,3
4861,dcc113f1689d80de,2,36550,38696,r,"76561198212412773",Maze,true,2
4862,dcc113f1689d80de,2,36594,38740,nice,"76561199152181207",fakerealityy,true,3
4863,dcc113f1689d80de,2,38834,41111,r,"76561198438744159",levantino,true,3
4864,dcc113f1689d80de,2,39076,41366,restore,"76561198438744159",levantino,true,3
4865,dcc113f1689d80de,2,40215,42567,!r,"76561198438744159",levantino,true,3
4866,dcc113f1689d80de,2,40698,43073,!READY,"76561199439779019",bekker,true,2
4867,dcc113f1689d80de,2,40717,43095,r,"76561198257919176",qx,true,2
4868,dcc113f1689d80de,2,40731,43111,r,"76561198212412773",Maze,true,2
4869,dcc113f1689d80de,2,40740,43121,!unpause,"76561198438744159",levantino,true,3
4870,dcc113f1689d80de,2,40763,43147,r,"76561198058045464",Mol011,true,2
4871,dcc113f1689d80de,2,41113,43514,HF FAKEREALITY,"76561199439779019",bekker,true,2
4872,dcc113f1689d80de,2,41455,43873,HF BEKKER,"76561199152181207",fakerealityy,true,3
4873,dcc113f1689d80de,2,41672,44104,its not me commending ,"76561199439779019",bekker,true,2
4874,dcc113f1689d80de,2,41731,44171,i promise,"76561199439779019",bekker,true,2
4875,dcc113f1689d80de,2,41732,44172,i have two ​y​,"76561199152181207",fakerealityy,true,3
4876,dcc113f1689d80de,4,66534,70394,!tech,"76561198058045464",Mol011,false,2
4877,dcc113f1689d80de,5,72505,76704,R,"76561198212412773",Maze,true,2
4878,dcc113f1689d80de,5,74340,78646,wait,"76561198212412773",Maze,true,2
4879,dcc113f1689d80de,5,74515,78829,restore and r,"76561198438744159",levantino,true,3
4880,dcc113f1689d80de,5,74519,78834,sec',"76561198212412773",Maze,true,2
4881,dcc113f1689d80de,5,76338,80754,!unpause,"76561198438744159",levantino,true,3
4882,dcc113f1689d80de,5,78639,83188,r,"76561198257919176",qx,true,2
4883,dcc113f1689d80de,5,78642,83191,r,"76561198438744159",levantino,true,3
4884,dcc113f1689d80de,5,78676,83225,R,"76561198212412773",Maze,true,2
4885,dcc113f1689d80de,5,78701,83250,r,"76561199439779019",bekker,true,2
4886,dcc113f1689d80de,5,78769,83327,r,"76561198058045464",Mol011,true,2
4887,dcc113f1689d80de,8,103495,109462,.tac,"76561198212412773",Maze,true,2
4888,dcc113f1689d80de,11,131410,138978,!pause,"76561199152181207",fakerealityy,true,3
4889,dcc113f1689d80de,11,131527,139098,!tech,"76561199152181207",fakerealityy,true,3
4890,dcc113f1689d80de,11,132386,140009,restore and we r,"76561199152181207",fakerealityy,true,3
4891,dcc113f1689d80de,11,132438,140061,restore and r,"76561198438744159",levantino,true,3
4892,dcc113f1689d80de,11,133084,140741,!unpause,"76561198438744159",levantino,true,3
4893,dcc113f1689d80de,11,133551,141235,!unpause,"76561198257919176",qx,true,2
4894,dcc113f1689d80de,11,133598,141282,r,"76561198257919176",qx,true,2
4895,dcc113f1689d80de,11,133634,141320,ea,"76561198058045464",Mol011,true,2
4896,dcc113f1689d80de,11,133779,141474,yea,"76561198058045464",Mol011,true,2
4897,dcc113f1689d80de,13,156791,165824,"6 7","76561199439779019",bekker,true,3
4898,dcc113f1689d80de,14,157074,166124,...,"76561199152181207",fakerealityy,true,2
4899,dcc113f1689d80de,14,157511,166586,no wonder u typed this,"76561199152181207",fakerealityy,true,2
4900,dcc113f1689d80de,14,157847,166943,xD,"76561199439779019",bekker,true,3
4901,dcc113f1689d80de,19,190967,201948,!tech,"76561199152181207",fakerealityy,true,2
4902,dcc113f1689d80de,19,192116,203164,restore and r,"76561199152181207",fakerealityy,true,2
4903,dcc113f1689d80de,19,193055,204154,r,"76561198058045464",Mol011,true,3
4904,dcc113f1689d80de,21,213347,225610,gg,"76561198212412773",Maze,true,3
4905,dcc113f1689d80de,21,213419,225683,gg,"76561198058045464",Mol011,false,3
4906,"7b69d8ea98ec60b4",1,5598,5990,.ready,"76561198339808699",BledarD,true,3
4907,"7b69d8ea98ec60b4",1,5669,6068,.ready,"76561198339808699",BledarD,true,3
4908,"7b69d8ea98ec60b4",1,5915,6331,hf,"76561198339808699",BledarD,true,3
4909,"7b69d8ea98ec60b4",1,7259,7759,hf,"76561198152378187",SENER1,true,3
4910,"7b69d8ea98ec60b4",1,7379,7883,hfhf,"76561198217410319",MaSvAl,true,2
4911,"7b69d8ea98ec60b4",1,7393,7899,hfhf,"76561198964621199",sFade8,true,2
4912,"7b69d8ea98ec60b4",4,33160,35287,!ефс,"76561198964621199",sFade8,false,2
4913,"7b69d8ea98ec60b4",4,33222,35349,!tac,"76561198964621199",sFade8,false,2
4914,"7b69d8ea98ec60b4",5,36116,38424,.throw,"76561198853612047",tenzy ( ͡° ͜ʖ ͡°),true,2
4915,"7b69d8ea98ec60b4",12,92266,98118,.ready½connect 10.150.0.44 : 27015,"76561198324713828",Caleyy,false,3
4916,"7b69d8ea98ec60b4",12,92406,98269,.READY,"76561198339808699",BledarD,true,3
4917,"7b69d8ea98ec60b4",16,115620,122930,.tac,"76561198339808699",BledarD,true,2
4918,"7b69d8ea98ec60b4",17,122086,129764,.tech,"76561198152378187",SENER1,true,2
4919,"7b69d8ea98ec60b4",17,122279,129968,elec down,"76561198152378187",SENER1,true,2
4920,"7b69d8ea98ec60b4",17,132296,140563,how much time?,"76561198269361539",AW,true,3
4921,"7b69d8ea98ec60b4",17,132468,140745,he in ts,"76561198269361539",AW,true,3
4922,"7b69d8ea98ec60b4",17,132545,140829,>,"76561198269361539",AW,true,3
4923,"7b69d8ea98ec60b4",17,133198,141517,he is joining,"76561198152378187",SENER1,true,2
4924,"7b69d8ea98ec60b4",17,133253,141575,now,"76561198152378187",SENER1,true,2
4925,"7b69d8ea98ec60b4",17,133471,141808,nice,"76561198217410319",MaSvAl,true,3
4926,"7b69d8ea98ec60b4",17,133556,141896,AWMOROW,"76561198152378187",SENER1,true,2
4927,"7b69d8ea98ec60b4",17,133757,142109,nice,"76561198269361539",AW,true,3
4928,"7b69d8ea98ec60b4",17,134134,142507,meow meow meow,"76561198217410319",MaSvAl,true,3
4929,"7b69d8ea98ec60b4",17,134257,142640,awmoron,"76561198269361539",AW,true,3
4930,"7b69d8ea98ec60b4",17,134467,142862,NOOOO,"76561198152378187",SENER1,true,2
4931,"7b69d8ea98ec60b4",17,134499,142894,sener1 morrow,"76561198964621199",sFade8,true,3
4932,"7b69d8ea98ec60b4",17,134739,143147,AWMORON,"76561198964621199",sFade8,true,3
4933,"7b69d8ea98ec60b4",17,134946,143365,omg,"76561198152378187",SENER1,true,2
4934,"7b69d8ea98ec60b4",17,135184,143619,ahahah,"76561198964621199",sFade8,true,3
4935,"7b69d8ea98ec60b4",17,135235,143674,i will tell to bullet,"76561198152378187",SENER1,true,2
4936,"7b69d8ea98ec60b4",17,135482,143934,u bully AW,"76561198152378187",SENER1,true,2
4937,"7b69d8ea98ec60b4",17,135595,144055,pls no,"76561198269361539",AW,true,3
4938,"7b69d8ea98ec60b4",17,135825,144297,he kill me,"76561198964621199",sFade8,true,3
4939,"7b69d8ea98ec60b4",17,135968,144449,hahaha,"76561198152378187",SENER1,true,2
4940,"7b69d8ea98ec60b4",17,136291,144787,:d,"76561198964621199",sFade8,true,3
4941,"7b69d8ea98ec60b4",17,136362,144866,he touch him,"76561198269361539",AW,true,3
4942,"7b69d8ea98ec60b4",17,136450,144957,"1 shot","76561198269361539",AW,true,3
4943,"7b69d8ea98ec60b4",17,136941,145479,yeah your coach is beast,"76561198152378187",SENER1,true,2
4944,"7b69d8ea98ec60b4",17,137266,145818,yes ser,"76561198269361539",AW,true,3
4945,"7b69d8ea98ec60b4",17,137363,145923,beastik,"76561198964621199",sFade8,true,3
4946,"7b69d8ea98ec60b4",17,137542,146113,ahahhaha,"76561198964621199",sFade8,true,3
4947,"7b69d8ea98ec60b4",17,137754,146336,HAHAHA,"76561198152378187",SENER1,true,2
4948,"7b69d8ea98ec60b4",17,151155,160523,?,"76561198269361539",AW,true,3
4949,"7b69d8ea98ec60b4",17,151767,161171,he his restarting ackros ,"76561198152378187",SENER1,true,2
4950,"7b69d8ea98ec60b4",17,151987,161404,he had update ,"76561198152378187",SENER1,true,2
4951,"7b69d8ea98ec60b4",17,152351,161791,idk why,"76561198152378187",SENER1,true,2
4952,"7b69d8ea98ec60b4",17,152465,161913,thx,"76561198269361539",AW,true,3
4953,"7b69d8ea98ec60b4",17,154234,163795,elec down,"76561198964621199",sFade8,true,3
4954,"7b69d8ea98ec60b4",17,154248,163809,he is in ts,"76561198152378187",SENER1,true,2
4955,"7b69d8ea98ec60b4",17,155902,165564,he coming admi,"76561198269361539",AW,true,3
4956,"7b69d8ea98ec60b4",17,156402,166096,"1min in server","76561198339479432",a1mMar,true,2
4957,"7b69d8ea98ec60b4",17,157276,167026,we r,"76561198152378187",SENER1,true,2
4958,"7b69d8ea98ec60b4",17,157342,167095,sry,"76561198152378187",SENER1,true,2
4959,"7b69d8ea98ec60b4",17,157496,167262,.r,"76561198269361539",AW,true,3
4960,"7b69d8ea98ec60b4",17,157587,167355,r,"76561198269361539",AW,true,3
4961,"7b69d8ea98ec60b4",17,158127,167930,.unpause,"76561198339479432",a1mMar,true,2
4962,"7b69d8ea98ec60b4",17,158128,167931,!unpause,"76561198269361539",AW,true,3
4963,"7b69d8ea98ec60b4",17,158199,168006,!Unpause,"76561198339808699",BledarD,true,2
4964,"7b69d8ea98ec60b4",23,201732,214268,.tech,"76561198152378187",SENER1,true,2
4965,"7b69d8ea98ec60b4",23,203320,215954,pc lag ,"76561198152378187",SENER1,true,2
4966,"7b69d8ea98ec60b4",23,211378,224518,same?,"76561198269361539",AW,true,3
4967,"7b69d8ea98ec60b4",23,212118,225305,no he had ms spiking he res pc now is in ts,"76561198152378187",SENER1,true,2
4968,"7b69d8ea98ec60b4",23,212946,226186,shit elec here ,"76561198152378187",SENER1,true,2
4969,"7b69d8ea98ec60b4",23,213273,226532,tilt,"76561198269361539",AW,true,3
4970,"7b69d8ea98ec60b4",23,213573,226853,"100%","76561198152378187",SENER1,true,2
4971,"7b69d8ea98ec60b4",23,213752,227044,r,"76561198269361539",AW,true,3
4972,"7b69d8ea98ec60b4",23,213828,227123,we r,"76561198152378187",SENER1,true,2
4973,"7b69d8ea98ec60b4",23,213850,227145,.unpause,"76561198339479432",a1mMar,true,2
4974,"7b69d8ea98ec60b4",24,224183,237735,gg,"76561198853612047",tenzy ( ͡° ͜ʖ ͡°),true,3
4975,"3da5477c4831a35",1,3283,3530,!ready,"76561198269361539",AW,true,2
4976,"3da5477c4831a35",1,5334,5714,.ready,"76561198339479432",a1mMar,true,3
4977,"3da5477c4831a35",1,5335,5715,.ready,"76561198339808699",BledarD,true,3
4978,"3da5477c4831a35",1,5696,6100,.ready,"76561198339808699",BledarD,true,3
4979,"3da5477c4831a35",1,5716,6120,.ready,"76561198339808699",BledarD,true,3
4980,"3da5477c4831a35",1,5736,6139,.ready,"76561198339808699",BledarD,true,3
4981,"3da5477c4831a35",1,6690,7153,hf,"76561198339479432",a1mMar,true,3
4982,"3da5477c4831a35",1,6814,7287,hf,"76561198152378187",SENER1,true,3
4983,"3da5477c4831a35",1,6947,7424,hfhf,"76561198217410319",MaSvAl,true,2
4984,"3da5477c4831a35",1,6960,7438,hfhfh,"76561198964621199",sFade8,true,2
4985,"3da5477c4831a35",7,46425,49383,.tac,"76561198339808699",BledarD,true,3
4986,"3da5477c4831a35",12,94139,100106,.ready,"76561198339808699",BledarD,true,3
4987,"3da5477c4831a35",16,115664,122979,nl,"76561198152378187",SENER1,true,2
4988,"3da5477c4831a35",16,115679,122996,nl,"76561198339479432",a1mMar,true,2
4989,"3da5477c4831a35",16,116223,123574,nl,"76561198324713828",Caleyy,true,2
4990,"3da5477c4831a35",16,116423,123786,nl,"76561198217410319",MaSvAl,true,3
4991,"3da5477c4831a35",16,116426,123789,nl,"76561198853612047",tenzy ( ͡° ͜ʖ ͡°),true,3
4992,"3da5477c4831a35",16,119244,126786,"1 MORE","76561198339808699",BledarD,true,2
4993,"3da5477c4831a35",16,119447,127001,pls,"76561198339808699",BledarD,true,2
4994,"3da5477c4831a35",16,119908,127488,ty,"76561198339808699",BledarD,true,2
4995,"3da5477c4831a35",16,119952,127539,r,"76561198339808699",BledarD,true,2
4996,"3da5477c4831a35",16,120033,127622,!unpause,"76561198339808699",BledarD,true,2
4997,"3da5477c4831a35",20,154068,163607,gg,"76561198217410319",MaSvAl,true,3
4998,"3da5477c4831a35",20,154184,163723,ggwp,"76561198964621199",sFade8,false,3
4999,"3da5477c4831a35",20,154337,163876,gg,"76561198339808699",BledarD,false,2
5000,fdee9a7771d80500,1,1393,1516,hfhf,"76561198184955555",spirit,true,3
5001,fdee9a7771d80500,1,1535,1666,hfhf,"76561198217764976",danistzz,true,2
5002,fdee9a7771d80500,1,1558,1689,hf,"76561199011712245",h0kz,true,2
5003,fdee9a7771d80500,1,1696,1838,hfhfhfhfh,"76561198096372312",shady,true,3
5004,fdee9a7771d80500,20,139098,147150,GG,"76561199011712245",h0kz,true,3
5005,"3f5c961aa2f2c03",6,46624,49351,ns,"76561198397132290",R4DYX,false,3
5006,"3f5c961aa2f2c03",6,46788,49524,ty,"76561199021962584",KusMe,false,2
5007,"3f5c961aa2f2c03",23,205932,217840,gg,"76561198397132290",R4DYX,false,2
5008,"3f5c961aa2f2c03",23,205996,217908,gg,"76561199011712245",h0kz,false,2
5009,"7b64d87d2f5d907b",19,130350,137232,nl,"76561198169934019",maLLby,true,3
5010,"7b64d87d2f5d907b",19,130379,137261,nç,"76561198338211599",stax,true,3
5011,"7b64d87d2f5d907b",19,130471,137353,nl,"76561198338211599",stax,true,3
5012,"7b64d87d2f5d907b",19,130569,137462,tok,"76561198424887725",Lacerda,true,2
5013,"7b64d87d2f5d907b",19,130580,137473,nl,"76561198728588606",r3kt,true,3
5014,"7b64d87d2f5d907b",19,130588,137481,NL NL NL NL,"76561198169934019",maLLby,true,3
5015,"7b64d87d2f5d907b",19,130765,137668,OK,"76561198426050626",Thuister,true,2
5016,"7b64d87d2f5d907b",19,130902,137811,pepe caiu,"76561198338211599",stax,true,3
5017,"7b64d87d2f5d907b",19,131265,138191,np,"76561198424887725",Lacerda,true,2
5018,"7b64d87d2f5d907b",19,131578,138521,+1,"76561198858681422",pepe,true,3
5019,"7b64d87d2f5d907b",19,131869,138829,no weapon,"76561198858681422",pepe,true,3
5020,"7b64d87d2f5d907b",19,132000,138963,wrong round,"76561198169934019",maLLby,true,3
5021,"7b64d87d2f5d907b",19,132040,139007,+1,"76561198728588606",r3kt,true,3
5022,"7b64d87d2f5d907b",19,133218,140248,!Unpause,"76561198338211599",stax,true,3
5023,"7b64d87d2f5d907b",19,133398,140436,r,"76561198858681422",pepe,true,3
5024,"7b64d87d2f5d907b",19,133586,140634,!unpause,"76561198910404995",Sakamoto,true,2
5025,c9bc0679f483e0c9,1,41,83,hfhf,"76561198424887725",Lacerda,true,3
5026,c9bc0679f483e0c9,3,9392,9919,sakamoto cam issues,"76561198424887725",Lacerda,true,3
5027,c9bc0679f483e0c9,3,10468,11051,r,"76561198426050626",Thuister,true,3
5028,c9bc0679f483e0c9,3,10572,11163,r,"76561198910404995",Sakamoto,true,3
5029,c9bc0679f483e0c9,3,10648,11241,r,"76561198338211599",stax,true,2
5030,"966daa4193f074e0",1,3339,3552,!stay,"76561198338211599",stax,true,3
5031,"966daa4193f074e0",1,4500,4772,!ready,"76561198424887725",Lacerda,true,2
5032,"966daa4193f074e0",1,5599,5928,!READY,"76561198338211599",stax,true,3
5033,"966daa4193f074e0",8,50821,53496,!tech,"76561198338211599",stax,true,3
5034,"966daa4193f074e0",8,51065,53749,r3kt lag ,"76561198338211599",stax,true,3
5035,"966daa4193f074e0",8,51109,53793,"1s","76561198338211599",stax,true,3
5036,"966daa4193f074e0",8,51403,54105,!unpause,"76561198910404995",Sakamoto,true,2
5037,"966daa4193f074e0",8,53957,56786,!UNPAUSE,"76561198338211599",stax,true,3
5038,"966daa4193f074e0",24,198890,209272,gg,"76561198424887725",Lacerda,false,3
5039,"2c8de8ed23e2a41",1,216,268,hffffff,"76561198185212081",scolleN,true,2
5040,"2c8de8ed23e2a41",7,56568,59573,ns,"76561198185212081",scolleN,false,2
5041,"2c8de8ed23e2a41",7,56730,59744,ty,"76561198107142008",borup,false,3
5042,"2c8de8ed23e2a41",9,65178,68634,.tac,"76561197964604204",birdfromsky,true,3
5043,"2c8de8ed23e2a41",16,132183,139158,ggwp,"76561198977155492",cadnyx,false,3
5044,"2c8de8ed23e2a41",16,132209,139184,gg,"76561198185212081",scolleN,false,3
5045,f280a7aeb507148e,1,1277,1388,hfhf,"76561198282520651",eNs,true,3
5046,f280a7aeb507148e,1,1671,1802,hfhf,"76561197972242917","jACKZ,",true,2
5047,f280a7aeb507148e,1,1713,1844,hfhf,"76561198098344244",Keoz,true,2
5048,f280a7aeb507148e,1,2001,2152,hf,"76561198185212081",scolleN,true,3
5049,f280a7aeb507148e,4,24836,26182,.tech,"76561198977155492",cadnyx,false,3
5050,f280a7aeb507148e,5,30180,31800,pc res,"76561198282520651",eNs,true,3
5051,f280a7aeb507148e,5,30227,31850,inc,"76561198282520651",eNs,true,3
5052,f280a7aeb507148e,5,37004,38949,we are r,"76561198107142008",borup,true,2
5053,f280a7aeb507148e,5,37054,39000,.unpause,"76561198282520651",eNs,true,3
5054,f280a7aeb507148e,5,37233,39188,.upause,"76561197964604204",birdfromsky,true,2
5055,f280a7aeb507148e,5,37244,39200,hf,"76561198810597446",Burmy,true,2
5056,f280a7aeb507148e,5,37313,39277,hf,"76561198185212081",scolleN,true,3
5057,f280a7aeb507148e,5,37402,39367,hf,"76561198253912142",darendeli,true,3
5058,f280a7aeb507148e,5,37722,39706,.unpause,"76561197964604204",birdfromsky,true,2
5059,f280a7aeb507148e,5,39439,41514,.TECH,"76561198977155492",cadnyx,true,3
5060,f280a7aeb507148e,5,39533,41609,srry,"76561198977155492",cadnyx,true,3
5061,f280a7aeb507148e,5,39825,41920,have problem with mosue,"76561198977155492",cadnyx,true,3
5062,f280a7aeb507148e,5,46432,48870,r?,"76561198185212081",scolleN,true,3
5063,f280a7aeb507148e,5,46492,48935,!unpause,"76561198253912142",darendeli,true,3
5064,f280a7aeb507148e,5,46522,48968,r,"76561197964604204",birdfromsky,true,2
5065,f280a7aeb507148e,5,46589,49037,y,"76561198810597446",Burmy,true,2
5066,f280a7aeb507148e,5,46710,49166,.unpause,"76561197964604204",birdfromsky,true,2
5067,f280a7aeb507148e,16,136113,143259,.tac,"76561197964604204",birdfromsky,true,3
5068,f280a7aeb507148e,17,144597,152184,.tac,"76561198977155492",cadnyx,true,2
5069,f280a7aeb507148e,17,147429,155167,.tech,"76561198432524486",Vej,true,2
5070,f280a7aeb507148e,17,147557,155303,ping,"76561198977155492",cadnyx,true,2
5071,f280a7aeb507148e,17,166385,175117,!UNPAUSE,"76561198253912142",darendeli,true,2
5072,f280a7aeb507148e,17,166490,175223,restore and r ,"76561198185212081",scolleN,true,2
5073,f280a7aeb507148e,17,167410,176193,noneed restore go ,"76561198185212081",scolleN,true,2
5074,f280a7aeb507148e,17,167644,176437,!unpause,"76561198185212081",scolleN,true,2
5075,f280a7aeb507148e,17,167758,176561,hfhf,"76561198098344244",Keoz,true,3
5076,f280a7aeb507148e,17,167853,176656,.unpause,"76561197964604204",birdfromsky,true,3
5077,f280a7aeb507148e,17,167887,176694,hff,"76561198185212081",scolleN,true,2
5078,f280a7aeb507148e,17,168434,177267,.unpause,"76561198977155492",cadnyx,true,2
5079,f280a7aeb507148e,18,176475,185730,.tac,"76561197964604204",birdfromsky,true,3
5080,f280a7aeb507148e,18,176823,186099,nl,"76561197964604204",birdfromsky,true,3
5081,f280a7aeb507148e,18,177093,186382,kk,"76561198282520651",eNs,true,2
5082,f280a7aeb507148e,18,177275,186573,n,"76561198977155492",cadnyx,true,2
5083,f280a7aeb507148e,18,177304,186606,l,"76561198977155492",cadnyx,true,2
5084,f280a7aeb507148e,18,177570,186886,admin?,"76561197964604204",birdfromsky,true,3
5085,f280a7aeb507148e,18,178686,188061,"1 more","76561198810597446",Burmy,true,3
5086,f280a7aeb507148e,23,220616,232178,.tac,"76561198977155492",cadnyx,true,2
5087,f280a7aeb507148e,23,220879,232455,admin,"76561198977155492",cadnyx,true,2
5088,f280a7aeb507148e,23,221012,232594,.tech,"76561197964604204",birdfromsky,true,3
5089,f280a7aeb507148e,23,221224,232816,tac,"76561198977155492",cadnyx,true,2
5090,f280a7aeb507148e,23,221319,232921,nlnl,"76561198977155492",cadnyx,true,2
5091,f280a7aeb507148e,23,221325,232927,nl,"76561197964604204",birdfromsky,true,3
5092,f280a7aeb507148e,23,223444,235155,.tac,"76561198977155492",cadnyx,true,2
5093,f280a7aeb507148e,23,223574,235290,"1more","76561198185212081",scolleN,true,2
5094,f280a7aeb507148e,23,223607,235328,"1 more","76561197964604204",birdfromsky,true,3
5095,f280a7aeb507148e,23,224051,235791,.tac,"76561198977155492",cadnyx,true,2
5096,f280a7aeb507148e,23,224685,236455,.tech,"76561198253912142",darendeli,true,2
5097,f280a7aeb507148e,23,224841,236621,still not working,"76561198185212081",scolleN,true,2
5098,f280a7aeb507148e,23,224997,236787,nl,"76561197964604204",birdfromsky,true,3
5099,f280a7aeb507148e,23,225110,236905,nl,"76561198977155492",cadnyx,true,2
5100,f280a7aeb507148e,23,225345,237154,.tac,"76561198977155492",cadnyx,true,2
5101,f280a7aeb507148e,23,225495,237310,.tech,"76561198977155492",cadnyx,true,2
5102,f280a7aeb507148e,23,225950,237789,"1 more","76561198977155492",cadnyx,true,2
5103,f280a7aeb507148e,23,225972,237811,admin can you pause,"76561197964604204",birdfromsky,true,3
5104,f280a7aeb507148e,23,226214,238063,can u pause for 30 sec?,"76561198977155492",cadnyx,true,2
5105,f280a7aeb507148e,23,226427,238287,.tac,"76561198977155492",cadnyx,true,2
5106,f280a7aeb507148e,23,227302,239211,lets use tac now 30 sec,"76561197964604204",birdfromsky,true,3
5107,f280a7aeb507148e,23,227406,239319,then restore,"76561197964604204",birdfromsky,true,3
5108,f280a7aeb507148e,23,227508,239427,gogo,"76561198185212081",scolleN,true,2
5109,f280a7aeb507148e,23,227672,239601,live,"76561198185212081",scolleN,true,2
5110,f280a7aeb507148e,23,227742,239671,so 25,"76561197964604204",birdfromsky,true,3
5111,f280a7aeb507148e,23,227896,239835,nl,"76561197964604204",birdfromsky,true,3
5112,f280a7aeb507148e,23,227949,239888,nl ,"76561198282520651",eNs,true,2
5113,f280a7aeb507148e,23,228002,239948,nlnl,"76561198977155492",cadnyx,true,2
5114,f280a7aeb507148e,23,228010,239957,',"76561198107142008",borup,true,3
5115,f280a7aeb507148e,23,228029,239978,okey,"76561198185212081",scolleN,true,2
5116,f280a7aeb507148e,23,228592,240569,need restore again,"76561197964604204",birdfromsky,true,3
5117,f280a7aeb507148e,23,228700,240678,no gun,"76561197964604204",birdfromsky,true,3
5118,f280a7aeb507148e,23,228906,240894,and then LIVE,"76561198098344244",Keoz,true,3
5119,f280a7aeb507148e,23,230930,243027,go,"76561198185212081",scolleN,true,2
5120,f280a7aeb507148e,23,231024,243121,yes,"76561198185212081",scolleN,true,2
5121,f280a7aeb507148e,23,231029,243127,gogo,"76561198977155492",cadnyx,true,2
5122,f280a7aeb507148e,23,231093,243200,y wait 10 sec and go,"76561197964604204",birdfromsky,true,3
5123,f280a7aeb507148e,23,237509,249947,gg,"76561198107142008",borup,true,3
5124,f280a7aeb507148e,23,237514,249952,ggwp,"76561198977155492",cadnyx,false,2
5125,f280a7aeb507148e,23,237576,250017,GG,"76561198185212081",scolleN,false,2
5126,"293073b8cc6cd179",1,226,278,hfhf,"76561198253912142",darendeli,true,3
5127,"293073b8cc6cd179",1,253,305,hfhfhfhfhfhfhfhf,"76561198977155492",cadnyx,true,3
5128,"293073b8cc6cd179",1,890,978,hf,"76561198185212081",scolleN,true,3
5129,"293073b8cc6cd179",1,2805,2992,!switch,"76561197964604204",birdfromsky,true,2
5130,"293073b8cc6cd179",1,3193,3422,.ready,"76561197964604204",birdfromsky,true,3
5131,"293073b8cc6cd179",1,3472,3719,.READY,"76561198253912142",darendeli,true,2
5132,"293073b8cc6cd179",1,9066,9607,hfhf,"76561198098344244",Keoz,true,3
5133,"293073b8cc6cd179",1,9189,9733,hfhf,"76561198282520651",eNs,true,2
5134,"293073b8cc6cd179",1,9270,9821,hfhfhfhf,"76561198432524486",Vej,true,2
5135,"293073b8cc6cd179",1,9689,10261,hffffff,"76561198185212081",scolleN,true,2
5136,"293073b8cc6cd179",6,49498,52150,.tac,"76561197964604204",birdfromsky,true,3
5137,"293073b8cc6cd179",11,88635,93336,!tech,"76561198185212081",scolleN,true,2
5138,"293073b8cc6cd179",11,88949,93668,net down,"76561198282520651",eNs,true,2
5139,"293073b8cc6cd179",11,93424,98358,!unpause,"76561198253912142",darendeli,true,2
5140,"293073b8cc6cd179",11,93593,98536,r,"76561198253912142",darendeli,true,2
5141,"293073b8cc6cd179",11,93612,98556,!unpause,"76561197964604204",birdfromsky,true,3
5142,"293073b8cc6cd179",15,124834,131430,.tac,"76561198977155492",cadnyx,true,3
5143,"293073b8cc6cd179",18,149678,157572,.tac,"76561198977155492",cadnyx,true,3
5144,"293073b8cc6cd179",22,180880,190408,.tac,"76561198977155492",cadnyx,true,3
5145,"293073b8cc6cd179",22,183247,192895,.tech,"76561198432524486",Vej,true,3
5146,"293073b8cc6cd179",22,183502,193167,ping prob sry,"76561198977155492",cadnyx,true,3
5147,"293073b8cc6cd179",22,195245,205526,restore pls,"76561198977155492",cadnyx,true,3
5148,"293073b8cc6cd179",22,195277,205558,restore and r,"76561198185212081",scolleN,true,3
5149,"293073b8cc6cd179",22,196704,207055,r,"76561198185212081",scolleN,true,3
5150,"293073b8cc6cd179",22,196731,207086,!unpause,"76561197964604204",birdfromsky,true,2
5151,"293073b8cc6cd179",22,196795,207155,!unpause,"76561198185212081",scolleN,true,3
5152,"293073b8cc6cd179",22,196886,207246,yes,"76561198185212081",scolleN,true,3
5153,"293073b8cc6cd179",22,196903,207265,al good,"76561198282520651",eNs,true,3
5154,"293073b8cc6cd179",22,197143,207522,all*,"76561198282520651",eNs,true,3
5155,"293073b8cc6cd179",22,201550,212158,GG,"76561198107142008",borup,true,2
5156,"293073b8cc6cd179",22,201560,212170,gg,"76561198282520651",eNs,false,3
5157,"293073b8cc6cd179",22,201582,212193,ggwp,"76561198977155492",cadnyx,false,3
5158,"293073b8cc6cd179",22,201617,212228,gg,"76561197964604204",birdfromsky,true,2
5159,"293073b8cc6cd179",22,201660,212271,gg,"76561198185212081",scolleN,false,3
5160,"471eef0dc1f5e829",1,4169,4429,!stay,"76561197961339879",mawth,true,2
5161,"471eef0dc1f5e829",1,5237,5554,!ready,"76561197961339879",mawth,true,2
5162,"471eef0dc1f5e829",1,5567,5897,!ready,"76561198266023853",nyezin,true,3
5163,"830ef660344b7bbe",2,12533,13200,R,"76561198813233208",vinaabeast,true,3
5164,"830ef660344b7bbe",5,39578,41661,!tech,"76561198922682627",lukiz,true,3
5165,"830ef660344b7bbe",5,39983,42086,vinaa pc problem,"76561197995102212",tatazin,true,3
5166,"830ef660344b7bbe",5,40266,42378,rr pc,"76561197995102212",tatazin,true,3
5167,"830ef660344b7bbe",17,144209,151750,!pause,"76561197995102212",tatazin,true,2
5168,aa599af01adace51,8,66304,69808,teclado problem,"76561198052570371",prt,true,3
5169,"76823ff6d3e71036",1,493,562,hf,"76561198036066702",Alv,true,2
5170,"76823ff6d3e71036",1,620,696,hfhf,"76561198069567550","4X1s",true,2
5171,"76823ff6d3e71036",1,745,831,HFHFHFHFHFHFHFHFHFHFHFHFHFHFHFHFHFHFHFHFHFHFHFHFHFHFHFHFHFHFHFHFHFHFHFHFHFHFHFHF,"76561198350362302",r3salt,true,3
5172,"76823ff6d3e71036",12,98109,103279,hg,"76561198036066702",Alv,true,2
5173,"76823ff6d3e71036",22,173490,182615,ggs,"76561198069567550","4X1s",true,3
5174,"76823ff6d3e71036",22,173561,182689,gg,"76561198036066702",Alv,true,3
5175,b696a1dd1e3c0251,1,659,741,hHHFHFHHFHFHHFHFHFHHFHFHFHHFHHFHFHFHFHFHF,"76561198036066702",Alv,true,3
5176,b696a1dd1e3c0251,1,914,1009,HFHFHFHFHFHFHFHFHFHFHFHFHFHFHFHFHFHFHFHFHFHFHFHFHFHFHFHFHFHFHFHFHFHFHFHFHFHFHFHFHFHFHFHFHF,"76561198350362302",r3salt,true,2
5177,b696a1dd1e3c0251,1,3296,3511,all g,"76561198350362302",r3salt,true,2
5178,b696a1dd1e3c0251,1,15012,15840,R,"76561198350362302",r3salt,true,2
5179,b696a1dd1e3c0251,1,15196,16034,R,"76561198069567550","4X1s",true,3
5180,b696a1dd1e3c0251,1,15751,16620,hHFHFHF,"76561198036066702",Alv,true,3
5181,b696a1dd1e3c0251,1,16073,16962,HFHFHFHFHFHFHFHFHFHFHFHFHFHFHFHFHFHFHFHFHFHFHFHFHFHFHFHFHFHFHFHFHFHFHFHFHFHFHFHFHFHF,"76561198350362302",r3salt,true,2
5182,b696a1dd1e3c0251,12,112136,118045,hg,"76561198036066702",Alv,false,3
5183,b696a1dd1e3c0251,13,119354,125666,ns,"76561199214869396",h1kaN,false,3
5184,b696a1dd1e3c0251,13,119475,125787,ty,"76561198036066702",Alv,false,2
5185,b696a1dd1e3c0251,13,119552,125874,"4real","76561199214869396",h1kaN,false,3
5186,b696a1dd1e3c0251,13,119845,126177,это флик был?,"76561199214869396",h1kaN,false,3
5187,b696a1dd1e3c0251,13,120195,126547,nu tipo,"76561198036066702",Alv,false,2
5188,b696a1dd1e3c0251,16,140695,148121,gg,"76561198036066702",Alv,false,2
5189,b696a1dd1e3c0251,16,140715,148141,пп,"76561199214869396",h1kaN,true,3
5190,b696a1dd1e3c0251,16,140862,148298,ggs,"76561198069567550","4X1s",false,2
5191,b696a1dd1e3c0251,16,140867,148303,gg,"76561198170577338",faydett,true,3
5192,"36a673862bdb4b0a",1,5218,5530,!STAY,"76561198803479269",dwushka,true,3
5193,"36a673862bdb4b0a",1,7321,7742,!ready,"76561198069567550","4X1s",true,2
5194,"36a673862bdb4b0a",1,7707,8149,.ready,"76561198170577338",faydett,true,3
5195,"36a673862bdb4b0a",1,9279,9800,hFHFHFHFHFHFHFHFHFHFHFFHHFFHFHHFHF,"76561198036066702",Alv,true,2
5196,"36a673862bdb4b0a",1,9685,10226,HFHFHFHFHHFHFHFHFHHFHFHFHFHHFHFHFHFHHFHFHFHFHHFHFHFHFHHFHFHFHFHHFHFHFHFH,"76561198350362302",r3salt,true,3
5197,"36a673862bdb4b0a",20,160050,168476,ggs,"76561198069567550","4X1s",true,3
5198,"36a673862bdb4b0a",20,160175,168604,ggs,"76561198036066702",Alv,true,3
5199,e998a7363f8a47c5,1,315,376,!tech,"76561198272032394",deco,true,2
5200,e998a7363f8a47c5,1,1173,1275,there were 2 Oruga channels in the teamspeak,"76561198272032394",deco,true,2
5201,e998a7363f8a47c5,1,1287,1399,we R now,"76561198272032394",deco,true,2
5202,e998a7363f8a47c5,1,1459,1579,!unpause,"76561198272032394",deco,true,2
5203,e998a7363f8a47c5,1,2791,2980,hfhfhfhfhf,"76561199105726612",dott1,true,2
5204,e998a7363f8a47c5,1,2975,3172,fdgdfgdfgyhds,"76561198375857603",FraGuTy,true,2
5205,e998a7363f8a47c5,1,2981,3179,GLF,"76561198376378272",Hezz,true,2
5206,e998a7363f8a47c5,1,3216,3428,hf,"76561198857579762",rainny,true,3
5207,e998a7363f8a47c5,1,3232,3444,hfhf,"76561198087000963",Reix,true,3
5208,e998a7363f8a47c5,3,19835,20912,!tac,"76561198272032394",deco,true,2
5209,e998a7363f8a47c5,11,86988,91582,!tac,"76561198272032394",deco,true,2
5210,e998a7363f8a47c5,16,125109,131718,!tac,"76561198272032394",deco,true,3
5211,e998a7363f8a47c5,22,180879,190410,gg,"76561199105726612",dott1,false,3
5212,"4f13ea376fe8fa9e",1,702,778,hfhfhfhfhf,"76561199105726612",dott1,true,3
5213,ff9ad644f07ebe1a,1,3691,3929,!ready,"76561198272032394",deco,true,2
5214,ff9ad644f07ebe1a,2,11809,12470,!unpause,"76561198192191289",atarax1a,true,2
5215,ff9ad644f07ebe1a,2,12192,12873,!unpause,"76561198087000963",Reix,true,3
5216,ff9ad644f07ebe1a,9,61231,64474,!tac,"76561198272032394",deco,true,2
5217,ff9ad644f07ebe1a,22,164463,173126,g g g,"76561199105726612",dott1,true,3
5218,ff9ad644f07ebe1a,22,164574,173239,wp,"76561198376378272",Hezz,false,3
5219,"749feb2ea0b7dadc",1,654,726,hfhf,"76561198245783634",Get_Jeka,true,3
5220,"749feb2ea0b7dadc",1,1128,1223,hfsen пацаны :D,"76561198119088041",SELLTER,true,2
5221,"749feb2ea0b7dadc",1,2238,2390,hefe,"76561198829202374",Sdaim,true,2
5222,"749feb2ea0b7dadc",3,20180,21276,.tech,"76561198116280987",Ryujin,false,3
5223,"749feb2ea0b7dadc",4,20467,21573,irl,"76561198116280987",Ryujin,true,3
5224,"749feb2ea0b7dadc",4,24541,25859,r,"76561198116280987",Ryujin,true,3
5225,"749feb2ea0b7dadc",4,24659,25986,!unpause,"76561198116280987",Ryujin,true,3
5226,"749feb2ea0b7dadc",4,25505,26874,!unpause,"76561198829202374",Sdaim,true,2
5227,"749feb2ea0b7dadc",11,82788,87159,!tac,"76561198119088041",SELLTER,true,2
5228,"749feb2ea0b7dadc",16,127690,134425,nsd ,"76561198119088041",SELLTER,false,3
5229,"749feb2ea0b7dadc",23,182230,191818,gg,"76561198116280987",Ryujin,false,2
5230,"1200c1009d4cc65f",1,398,459,hfseN,"76561198245783634",Get_Jeka,true,2
5231,"1200c1009d4cc65f",1,601,673,hefe,"76561198829202374",Sdaim,true,3
5232,"1200c1009d4cc65f",1,1860,2000,ITS A GREAT PLEASURE TO PLAY WITH YOU!,"76561198245783634",Get_Jeka,true,2
5233,"1200c1009d4cc65f",9,57930,61005,!tac,"76561198119088041",SELLTER,true,3
5234,"1200c1009d4cc65f",12,84107,88547,gh,"76561198119088041",SELLTER,false,3
5235,"1200c1009d4cc65f",12,84231,88681,gh,"76561198245783634",Get_Jeka,true,2
5236,"1200c1009d4cc65f",17,118739,125010,ti men9 zastopil ewe,"76561198415498595",yiksrezo,false,2
5237,"1200c1009d4cc65f",17,119324,125626,mc ,"76561198415498595",yiksrezo,false,2
5238,"1200c1009d4cc65f",17,123921,130464,gg,"76561198176456023",Raijin,false,3
5239,"479f0234f1757692",1,4982,5337,!ready,"76561198258225965",naiter,true,3
5240,"479f0234f1757692",1,6100,6525,hfhf,"76561198131105028",h1glaiN,true,3
5241,"479f0234f1757692",12,88368,93972,!ready,"76561198258225965",naiter,false,3
5242,"479f0234f1757692",12,88657,94283,!ready,"76561198272908956",kralle,false,2
5243,"479f0234f1757692",12,88725,94353,!ready,"76561198131105028",h1glaiN,true,3
5244,d34890392be91652,1,3687,3958,!READY,"76561198039795182",Noruyp,true,3
5245,d34890392be91652,1,4984,5335,!READY,"76561198258225965",naiter,true,2
5246,d34890392be91652,8,62247,66153,!TECH,"76561198249839608",Botman,true,3
5247,d34890392be91652,8,62251,66157,!tech,"76561198272908956",kralle,true,3
5248,d34890392be91652,8,64219,68235,pc crash,"76561198111020725",Bukhavez,true,3
5249,d34890392be91652,8,73090,77661,!unpause,"76561198249839608",Botman,true,3
5250,d34890392be91652,8,73300,77884,!unpause,"76561198258225965",naiter,true,2
5251,d34890392be91652,12,109720,116611,!ready,"76561198249839608",Botman,false,3
5252,d34890392be91652,12,109777,116671,!ready,"76561198258225965",naiter,true,2
5253,d34890392be91652,17,144949,153899,ns,"76561197961277448",miL4nNNNNNN-,false,3
5254,d34890392be91652,18,145261,154211,ty,"76561198249839608",Botman,true,2
5255,ad8782671307c111,2,2810,3021,!switch,"76561198303381179",kade0,true,2
5256,ad8782671307c111,2,3238,3477,!ready,"76561198239621484",lov1kus,true,2
5257,ad8782671307c111,2,5688,6080,!ready,"76561198055109028",ICY,true,3
5258,ad8782671307c111,2,5878,6282,.ready,"76561198303381179",kade0,true,3
5259,ad8782671307c111,12,58272,61958,.tac,"76561198154904607",Norwi,true,2
5260,ad8782671307c111,15,91834,97645,!ready,"76561198239621484",lov1kus,false,2
5261,ad8782671307c111,17,105225,111494,gg,"76561198303381179",kade0,false,2
5262,ad8782671307c111,17,105280,111549,gg,"76561198170577338",fay,true,3
5263,c31def158f1ff22a,1,1674,1819,!ready,"76561198239621484",lov1kus,true,3
5264,c31def158f1ff22a,1,1930,2091,!unreadyt,"76561198239621484",lov1kus,true,3
5265,c31def158f1ff22a,1,2005,2174,.notready,"76561198154904607",Norwi,true,3
5266,c31def158f1ff22a,1,2061,2230,!unready,"76561198239621484",lov1kus,true,3
5267,c31def158f1ff22a,1,5300,5674,.ready,"76561198170577338",fay,true,3
5268,c31def158f1ff22a,19,134176,142588,.tac,"76561198154904607",Norwi,true,2
5269,c31def158f1ff22a,27,218514,232234,blya,"76561198303381179",kade0,false,3
5270,c31def158f1ff22a,27,218616,232345,pacani,"76561198303381179",kade0,false,3
5271,c31def158f1ff22a,27,218696,232427,",kz","76561199214869396",h1kan,false,2
5272,c31def158f1ff22a,27,218767,232502,sorry,"76561198303381179",kade0,false,3
5273,c31def158f1ff22a,27,218807,232548,втф,"76561199214869396",h1kan,false,2
5274,c31def158f1ff22a,27,218970,232720,ya slu4aino,"76561198303381179",kade0,false,3
5275,c31def158f1ff22a,27,219034,232789,a kak tak,"76561198303381179",kade0,false,3
5276,c31def158f1ff22a,27,219082,232838,ahhaha,"76561198303381179",kade0,false,3
5277,c31def158f1ff22a,27,219164,232926,ahahhaa,"76561198303381179",kade0,false,3
5278,c31def158f1ff22a,27,219191,232957,не говори,"76561199214869396",h1kan,false,2
5279,c31def158f1ff22a,27,219307,233076,ничего,"76561199214869396",h1kan,false,2
5280,c31def158f1ff22a,27,219456,233235,ya ne uvidel,"76561198303381179",kade0,false,3
5281,c31def158f1ff22a,27,219576,233366,kl9nus,"76561198303381179",kade0,false,3
5282,c31def158f1ff22a,27,219652,233444,vsexc,"76561198303381179",kade0,false,3
5283,c31def158f1ff22a,27,219755,233555,vsem,"76561198303381179",kade0,false,3
5284,c31def158f1ff22a,27,219877,233682,BL9 GO RECUP,"76561198170577338",fay,false,2
5285,c31def158f1ff22a,27,219933,233743,NE?,"76561198170577338",fay,false,2
5286,c31def158f1ff22a,27,222175,236124,ebat ti tip bratan ,"76561198154904607",Norwi,false,2
5287,c31def158f1ff22a,27,222233,236186,hahahha,"76561198154904607",Norwi,false,2
5288,c31def158f1ff22a,27,222486,236457,ahahaha,"76561198303381179",kade0,false,3
5289,c31def158f1ff22a,27,222616,236593,blya,"76561198303381179",kade0,false,3
5290,c31def158f1ff22a,27,222744,236730,ya x3,"76561198303381179",kade0,false,3
5291,c31def158f1ff22a,27,223180,237193,slu4aino knopki najal,"76561198303381179",kade0,false,3
5292,c31def158f1ff22a,27,223434,237466,poka v chat svoim pisal,"76561198303381179",kade0,false,3
5293,c31def158f1ff22a,27,224730,238841,.ready,"76561198170577338",fay,false,2
5294,c31def158f1ff22a,28,227078,241338,!unpause,"76561198154904607",Norwi,true,3
5295,c31def158f1ff22a,30,253918,269470,пп,"76561199214869396",h1kan,false,3
5296,"28de2bc4cbc7bba3",1,4936,5280,!ready,"76561198154904607",Norwi,true,2
5297,"28de2bc4cbc7bba3",9,68624,72968,nl,"76561198173201923",buster,true,3
5298,"28de2bc4cbc7bba3",9,68631,72975,nl,"76561199073314096",kumao,true,3
5299,"28de2bc4cbc7bba3",9,68653,72997,nl,"76561198055109028",ICY,true,3
5300,"28de2bc4cbc7bba3",9,68687,73032,nl,"76561198055109028",ICY,true,3
5301,"28de2bc4cbc7bba3",9,69072,73441,nl,"76561198803479269",dwushka,true,2
5302,"28de2bc4cbc7bba3",9,69353,73746,zavislo u vas?,"76561198303381179",kade0,true,3
5303,"28de2bc4cbc7bba3",9,69390,73783,zavisli ,"76561198173201923",buster,true,3
5304,"28de2bc4cbc7bba3",9,69530,73935,-,"76561198803479269",dwushka,true,2
5305,"28de2bc4cbc7bba3",9,69880,74304,"2 zavislo i otvislo was","76561198303381179",kade0,true,3
5306,"28de2bc4cbc7bba3",9,70152,74593,rr admin,"76561198303381179",kade0,true,3
5307,"28de2bc4cbc7bba3",9,70369,74822,!admin,"76561198055109028",ICY,true,3
5308,"28de2bc4cbc7bba3",9,72862,77471,Admin ?),"76561198055109028",ICY,true,3
5309,"28de2bc4cbc7bba3",9,73490,78137,xd,"76561199214869396",h1kan,true,2
5310,"28de2bc4cbc7bba3",9,74200,78893,"1 more","76561198303381179",kade0,true,3
5311,"28de2bc4cbc7bba3",9,74496,79208,ty,"76561198303381179",kade0,true,3
5312,"28de2bc4cbc7bba3",9,74714,79442,thanks,"76561198055109028",ICY,true,3
5313,"28de2bc4cbc7bba3",12,113615,120798,!ready,"76561198154904607",Norwi,false,2
5314,"9f578dadfd1bf32c",19,129089,135896,ggs,"76561198998266210",xelex,false,3
5315,"9f578dadfd1bf32c",19,129101,135910,gg,"76561198028522662",Markoś,false,2
5316,"9f578dadfd1bf32c",19,129134,135944,gg,"76561198377256168",Joey,true,3
5317,a24d129cf77fb424,1,1921,2058,hff,"76561198148986856",maaryy,true,2
5318,a24d129cf77fb424,11,76960,81017,.tac,"76561198148986856",maaryy,true,2
5319,a24d129cf77fb424,15,110393,116211,!tech,"76561198377256168",Joey,false,2
5320,a24d129cf77fb424,16,114133,120151,!UNPAUSE,"76561198169630290",AdrieN,true,3
5321,a24d129cf77fb424,16,114545,120584,sup,"76561198169630290",AdrieN,true,3
5322,a24d129cf77fb424,16,114948,121007,microphone issue,"76561198377256168",Joey,true,2
5323,a24d129cf77fb424,16,114953,121012,mic issues,"76561198254835598",ay0k ,true,2
5324,a24d129cf77fb424,16,120947,127318,admin?,"76561198377256168",Joey,true,2
5325,a24d129cf77fb424,16,121137,127518,we are r,"76561198998266210",xelex,true,2
5326,a24d129cf77fb424,16,121281,127672,!unpause,"76561198169630290",AdrieN,true,3
5327,a24d129cf77fb424,16,121851,128272,hf,"76561198028522662",Markoś,true,3
5328,a24d129cf77fb424,16,122046,128477,hfhf,"76561198254835598",ay0k ,true,2
5329,a24d129cf77fb424,16,122192,128631,hfhf,"76561198148986856",maaryy,true,3
5330,a24d129cf77fb424,17,129515,136337,.tac,"76561198377256168",Joey,true,2
5331,a24d129cf77fb424,17,129531,136353,.tac,"76561198295739416",opdust,true,2
5332,a24d129cf77fb424,22,157229,165495,.tac,"76561198295739416",opdust,true,2
5333,a24d129cf77fb424,24,169934,178864,.tac,"76561198295739416",opdust,true,2
5334,a24d129cf77fb424,24,175768,185007,gg,"76561198028522662",Markoś,true,3
5335,a24d129cf77fb424,24,175787,185027,GG,"76561198148986856",maaryy,true,3
5336,"942f3a5ec52656ce",1,2117,2269,!switch,"76561198295739416",opdust,true,3
5337,"942f3a5ec52656ce",1,2781,2987,!ready,"76561198998266210",xelex,true,2
5338,"942f3a5ec52656ce",1,3086,3302,!READY,"76561198191011338",Nami,true,3
5339,"942f3a5ec52656ce",1,4109,4385,.ready,"76561198169630290",AdrieN,true,3
5340,"942f3a5ec52656ce",12,82895,87289,.tac,"76561198148986856",maaryy,true,3
5341,"942f3a5ec52656ce",20,142854,150400,.tac,"76561198295739416",opdust,true,3
5342,"942f3a5ec52656ce",23,170102,179074,!tac,"76561198169630290",AdrieN,true,2
5343,"942f3a5ec52656ce",24,179008,188443,!tac,"76561198191011338",Nami,true,2
5344,"942f3a5ec52656ce",33,239159,251764,.tac,"76561198295739416",opdust,true,2
5345,"942f3a5ec52656ce",35,258730,272376,!TECH,"76561198254835598",ay0k ,true,3
5346,"942f3a5ec52656ce",35,259109,272775,sup,"76561198169630290",AdrieN,true,2
5347,"942f3a5ec52656ce",35,259311,272987,phone call,"76561198254835598",ay0k ,true,3
5348,"942f3a5ec52656ce",35,259375,273058,fast ,"76561198254835598",ay0k ,true,3
5349,"942f3a5ec52656ce",35,260430,274166,!unpause,"76561198169630290",AdrieN,true,2
5350,"942f3a5ec52656ce",35,262295,276132,!unpause,"76561198254835598",ay0k ,true,3
5351,"942f3a5ec52656ce",35,262381,276218,r,"76561198254835598",ay0k ,true,3
5352,"942f3a5ec52656ce",35,262504,276351,sry,"76561198254835598",ay0k ,true,3
5353,"942f3a5ec52656ce",36,278166,292830,GG,"76561198191011338",Nami,true,2
5354,"942f3a5ec52656ce",36,278194,292862,ggf,"76561198028522662",Markoś,false,2
5355,cc49035552e3cce9,2,13040,13904,r,"76561198222442504",n0rb3r7,true,3
5356,cc49035552e3cce9,2,13096,13966,r,"76561198217764976",danistzz,true,2
5357,cc49035552e3cce9,5,38305,40728,which camera? ,"76561198288540801",Patsi,true,2
5358,cc49035552e3cce9,5,38620,41070,monitor or room?,"76561198217764976",danistzz,true,2
5359,cc49035552e3cce9,5,38759,41214,for monitor ,"76561198288540801",Patsi,true,2
5360,cc49035552e3cce9,5,38794,41254,he asking,"76561198217764976",danistzz,true,2
5361,cc49035552e3cce9,5,44056,46868,is it good now?,"76561198129084615",clax,true,2
5362,cc49035552e3cce9,5,44136,46953,R,"76561198222442504",n0rb3r7,true,3
5363,cc49035552e3cce9,5,44200,47025,r,"76561198217764976",danistzz,true,2
5364,cc49035552e3cce9,7,65510,69679,:D,"76561198129084615",clax,true,2
5365,cc49035552e3cce9,7,66123,70331,maybe you will change link for him ? ,"76561198288540801",Patsi,true,2
5366,cc49035552e3cce9,7,67512,71811,i didnt have it also it was showing good but was turning of ,"76561198288540801",Patsi,true,2
5367,cc49035552e3cce9,7,69409,73837,"i just turned of vpn and its works for me, but he cant open the ling without vpn ","76561198288540801",Patsi,true,2
5368,cc49035552e3cce9,7,69855,74313,n,"76561198288540801",Patsi,true,2
5369,cc49035552e3cce9,7,77133,82085,check mine camera,"76561198129084615",clax,true,2
5370,cc49035552e3cce9,7,77620,82609,ye ,"76561198288540801",Patsi,true,2
5371,cc49035552e3cce9,7,77759,82757,r,"76561198217764976",danistzz,true,2
5372,cc49035552e3cce9,7,77765,82764,R,"76561198222442504",n0rb3r7,true,3
5601,ee2cfa583112bbed,17,130585,137476,r,"76561198889240025",riskyb0b,true,3
5373,cc49035552e3cce9,11,113897,121210,wait ill try to take another phone ,"76561198129084615",clax,true,2
5374,cc49035552e3cce9,11,124673,132717,few min i think ,"76561198217764976",danistzz,true,2
5375,cc49035552e3cce9,11,125267,133350,changing phone i guess ,"76561198288540801",Patsi,true,2
5376,cc49035552e3cce9,11,125769,133888,not here yet ,"76561198288540801",Patsi,true,2
5377,cc49035552e3cce9,11,127163,135377,r,"76561198288540801",Patsi,true,2
5378,cc49035552e3cce9,11,127210,135424,r,"76561198222442504",n0rb3r7,true,3
5379,cc49035552e3cce9,13,144049,153361,.ready,"76561198222442504",n0rb3r7,true,2
5380,cc49035552e3cce9,13,144560,153906,.ready,"76561198217764976",danistzz,true,3
5381,cc49035552e3cce9,23,230997,245877,R,"76561198222442504",n0rb3r7,true,2
5382,cc49035552e3cce9,23,231288,246190,r,"76561198217764976",danistzz,true,3
5383,cc49035552e3cce9,23,239890,255349,gg,"76561199011712245",h0kz,false,3
5384,cc49035552e3cce9,23,239910,255369,gg,"76561198357173694",kAlash,false,2
5385,a0db0b97f8770cad,5,34467,36663,ns,"76561198153097618",mizu,false,3
5386,a0db0b97f8770cad,6,34794,37012,ty,"76561198288540801",Patsi,true,2
5387,a0db0b97f8770cad,8,52226,55521,wc,"76561198153097618",mizu,true,3
5388,a0db0b97f8770cad,8,52254,55553,к,"76561198217764976",danistzz,true,2
5389,a0db0b97f8770cad,8,52294,55593,sec,"76561198222442504",n0rb3r7,true,3
5390,a0db0b97f8770cad,8,52301,55600,sec,"76561198153097618",mizu,true,3
5391,a0db0b97f8770cad,8,52340,55639,r,"76561198217764976",danistzz,true,2
5392,a0db0b97f8770cad,8,52369,55670,r,"76561198288540801",Patsi,true,2
5393,a0db0b97f8770cad,8,54360,57800,r,"76561198222442504",n0rb3r7,true,3
5394,a0db0b97f8770cad,13,83090,88321,.ready,"76561198222442504",n0rb3r7,true,2
5395,a0db0b97f8770cad,13,83794,89074,.ready,"76561198217764976",danistzz,true,3
5396,a0db0b97f8770cad,18,120003,127523,gg,"76561198397132290",R4DYX,false,3
5397,a0db0b97f8770cad,18,120053,127579,gg,"76561198129084615",clax,false,3
5398,a0db0b97f8770cad,18,120062,127590,gg,"76561199011712245",h0kz,false,3
5399,a0db0b97f8770cad,18,120073,127602,gg,"76561198102158293",dukefissura,true,2
5400,a0db0b97f8770cad,18,120120,127651,gg,"76561197990579879",Jumpy,false,3
5401,a0db0b97f8770cad,18,120208,127741,GG,"76561198802031225",frontales,true,2
5402,"7c61fd2f62b59a72",1,148,224,ty,"76561198012944495",mou,false,2
5403,"7c61fd2f62b59a72",1,397,552,.READY,"76561198222442504",n0rb3r7,true,2
5404,"7c61fd2f62b59a72",1,459,626,all good,"76561198153097618",mizu,true,2
5405,"7c61fd2f62b59a72",1,630,849,.ready,"76561198217764976",danistzz,true,3
5406,"7c61fd2f62b59a72",1,9620,12230,gg,"76561198397132290",R4DYX,false,3
5407,"64924f6ac87b489b",4,20402,21742,battery,"76561198102158293",dukefissura,true,2
5408,"64924f6ac87b489b",4,20494,21836, 1 sec,"76561198102158293",dukefissura,true,2
5409,"64924f6ac87b489b",4,23805,25374,now ?,"76561198102158293",dukefissura,true,2
5410,"64924f6ac87b489b",4,25096,26749,r,"76561198153097618",mizu,true,2
5411,"64924f6ac87b489b",4,25112,26767,r,"76561198222442504",n0rb3r7,true,2
5412,"64924f6ac87b489b",4,25294,26961,r,"76561198217764976",danistzz,true,3
5413,"64924f6ac87b489b",13,94899,100979,.ready,"76561198222442504",n0rb3r7,true,3
5414,"64924f6ac87b489b",13,95217,101321,.ready,"76561198217764976",danistzz,true,2
5415,"2462adad3972e960",1,213,300,good ,"76561198288540801",Patsi,true,2
5416,"2462adad3972e960",1,720,899,sec,"76561198153097618",mizu,true,3
5417,"2462adad3972e960",1,737,925,r,"76561198217764976",danistzz,true,2
5418,"2462adad3972e960",1,956,1192,.ready,"76561198217764976",danistzz,true,2
5419,"2462adad3972e960",1,5731,6932,now?,"76561198222442504",n0rb3r7,true,3
5420,"2462adad3972e960",1,7827,9451,now?,"76561198222442504",n0rb3r7,true,3
5421,"2462adad3972e960",1,8719,10526,r,"76561198217764976",danistzz,true,2
5422,"2462adad3972e960",1,8822,10656,r,"76561198222442504",n0rb3r7,true,3
5423,"2462adad3972e960",1,9186,11089,!ready,"76561198153097618",mizu,true,3
5424,"2462adad3972e960",1,9519,11481,.ready,"76561198222442504",n0rb3r7,true,3
5425,"2462adad3972e960",13,110259,132086,NL,"76561198102158293",dukefissura,true,2
5426,"2462adad3972e960",13,110452,132315,lossi,"76561198153097618",mizu,true,2
5427,"2462adad3972e960",13,111432,133484,NL,"76561198102158293",dukefissura,true,2
5428,"2462adad3972e960",13,111819,133947,ok ,"76561198288540801",Patsi,true,3
5429,"2462adad3972e960",13,112608,134897,admin?,"76561198012944495",mou,false,2
5430,"2462adad3972e960",13,112994,135360,now its ok go rr and go,"76561198102158293",dukefissura,true,2
5431,"84acd108bd0b97e3",1,589,711,.ready,"76561198197951546",X5G7V,true,2
5432,"84acd108bd0b97e3",1,1175,1375,.ready,"76561197996060155",raalz,true,3
5433,"84acd108bd0b97e3",8,60968,69334,.ready,"76561198197951546",X5G7V,true,3
5434,"84acd108bd0b97e3",8,63307,71986,.READY,"76561197996060155",raalz,true,2
5435,"84acd108bd0b97e3",19,147226,167289,!tech,"76561199384986887",relaxxie,true,3
5436,"84acd108bd0b97e3",19,147260,167323,.pause,"76561198197951546",X5G7V,true,3
5437,"84acd108bd0b97e3",19,147739,167878,timed out,"76561198197951546",X5G7V,true,3
5438,"84acd108bd0b97e3",19,147998,168165,np,"76561198047198945",kraghen,true,2
5439,"84acd108bd0b97e3",19,148787,169058,backup and r,"76561198197951546",X5G7V,true,3
5440,"84f556a3d0bb96d2",1,191,268,r,"76561198197951546",X5G7V,true,2
5441,"84f556a3d0bb96d2",1,344,454,r,"76561197996060155",raalz,true,3
5442,"84f556a3d0bb96d2",1,1088,1352,hf,"76561198360682773",bnox,true,3
5443,"84f556a3d0bb96d2",2,6540,7878,same issue,"76561198197951546",X5G7V,true,2
5444,"84f556a3d0bb96d2",2,6704,8069,ye,"76561198080449500",cej0t,true,3
5445,"84f556a3d0bb96d2",2,6836,8240,we need to swap sv,"76561198253891911",Shield,true,3
5446,"84f556a3d0bb96d2",2,6870,8274,just teleporting,"76561198080449500",cej0t,true,3
5447,"84f556a3d0bb96d2",2,9491,11440,ye[,"76561198197951546",X5G7V,true,2
5448,"84f556a3d0bb96d2",2,9515,11464,ye,"76561198080449500",cej0t,true,3
5449,"84f556a3d0bb96d2",2,17653,21243,we can test,"76561198197951546",X5G7V,true,2
5450,"84f556a3d0bb96d2",2,17787,21413,lets try,"76561197996060155",raalz,true,3
5451,"84f556a3d0bb96d2",2,18004,21669,we can try ye,"76561198047198945",kraghen,true,3
5452,"6ddd1f7ec36ec711",12,90278,96455,gonna wait for a long,"76561198197951546",X5G7V,true,3
5453,"6ddd1f7ec36ec711",12,90531,96721,need to charge battery,"76561198197951546",X5G7V,true,3
5454,"6ddd1f7ec36ec711",12,92004,98298,is it on phone,"76561198047198945",kraghen,true,2
5455,"6ddd1f7ec36ec711",12,92433,98754,ye,"76561199164920397",xeedo,true,3
5456,"6ddd1f7ec36ec711",12,106773,114071,eta,"76561198047198945",kraghen,true,2
5457,"6ddd1f7ec36ec711",12,107576,114928,check now,"76561198197951546",X5G7V,true,3
5458,"6ddd1f7ec36ec711",12,116270,124209,nice,"76561198047198945",kraghen,true,2
5459,"6ddd1f7ec36ec711",12,120872,129124,good now?,"76561198197951546",X5G7V,true,3
5460,"6ddd1f7ec36ec711",12,121584,129888,r,"76561198197951546",X5G7V,true,3
5461,"6ddd1f7ec36ec711",12,121642,129946,R,"76561197996060155",raalz,true,2
5462,"6ddd1f7ec36ec711",13,130608,139546,.ready,"76561198197951546",X5G7V,true,2
5463,"6ddd1f7ec36ec711",13,133264,142382,.READY,"76561197996060155",raalz,true,3
5464,"6ddd1f7ec36ec711",19,176569,188588,gg,"76561199167176654",kashl1d,false,2
5465,"6ddd1f7ec36ec711",19,176601,188622,gg,"76561198360682773",bnox,false,3
5466,ab52e6a5dfd130ec,1,365,432,hf,"76561198360682773",bnox,true,3
5467,ab52e6a5dfd130ec,13,89800,95735,.ready,"76561198197951546",X5G7V,true,3
5468,ab52e6a5dfd130ec,13,90275,96243,no,"76561198047198945",kraghen,true,2
5469,ab52e6a5dfd130ec,13,93761,99964,.r,"76561197996060155",raalz,true,2
5470,ab52e6a5dfd130ec,13,93839,100049,.ready,"76561197996060155",raalz,true,2
5471,ab52e6a5dfd130ec,13,98794,105337,gg,"76561199167176654",kashl1d,false,3
5472,"1ebc3efcb2fd27b8",1,554,629,hf,"76561198080449500",cej0t,true,3
5473,"1ebc3efcb2fd27b8",1,675,757,hf,"76561198197951546",X5G7V,true,2
5474,"1ebc3efcb2fd27b8",1,829,923,hf,"76561197996060155",raalz,true,3
5475,"1ebc3efcb2fd27b8",1,994,1101,hfhf\,"76561198360682773",bnox,true,3
5476,"1ebc3efcb2fd27b8",4,19400,20595,.tac,"76561197970141954",BERRY,false,3
5477,db75c50cfcf84926,1,506,663,.ready,"76561198197951546",X5G7V,true,3
5478,db75c50cfcf84926,1,631,794,.R,"76561197996060155",raalz,true,2
5479,db75c50cfcf84926,1,850,1064,.READUY,"76561197996060155",raalz,true,2
5480,db75c50cfcf84926,1,926,1164,.READY,"76561197996060155",raalz,true,2
5481,db75c50cfcf84926,2,26609,32072,i hope everything is ok now,"76561198197951546",X5G7V,true,3
5482,db75c50cfcf84926,2,27870,33574,no,"76561197996060155",raalz,true,2
5483,db75c50cfcf84926,2,29419,35435,r,"76561198197951546",X5G7V,true,3
5484,db75c50cfcf84926,2,30145,36317,"1sec","76561198047198945",kraghen,true,2
5485,db75c50cfcf84926,2,31480,37926,r,"76561197996060155",raalz,true,2
5486,db75c50cfcf84926,2,31779,38288,.ready,"76561198197951546",X5G7V,true,3
5487,db75c50cfcf84926,2,32042,38605,.ready,"76561197996060155",raalz,true,2
5488,db75c50cfcf84926,5,60999,73502,gg,"76561199167176654",kashl1d,false,2
5489,db75c50cfcf84926,5,60999,73502,gg,"76561198360682773",bnox,false,3
5490,"6e376ce7ab748c62",1,4310,4618,.ready,"76561198016138527",JBOEN,true,2
5491,"6e376ce7ab748c62",1,5574,5963,.ready,"76561198991278425",Krabeni,true,3
5492,"6e376ce7ab748c62",1,14363,15300,when do we start mr admin,"76561198972795853",lauNX,true,3
5493,"6e376ce7ab748c62",1,14642,15600,im very excited to play.,"76561198972795853",lauNX,true,3
5494,"6e376ce7ab748c62",1,15172,16162,when you get new tree,"76561198178801031",prosus,true,2
5495,"6e376ce7ab748c62",1,15741,16767,Thank you Admin,"76561198972795853",lauNX,true,3
5496,"6e376ce7ab748c62",1,16062,17105,"11 months prosus","76561198972795853",lauNX,true,3
5497,"6e376ce7ab748c62",1,16414,17481,who is data partner I wanna talk with ceo ,"76561198178801031",prosus,true,2
5498,"6e376ce7ab748c62",1,16851,17943,krabbeni told me I should do it ,"76561198178801031",prosus,true,2
5499,"6e376ce7ab748c62",1,21347,22727,r,"76561198801448515",tripex17,true,2
5500,"6e376ce7ab748c62",1,21658,23052,"not READY, 2 toilet","76561198972795853",lauNX,true,3
5501,"6e376ce7ab748c62",1,21987,23403,HELL NAH,"76561198801448515",tripex17,true,2
5502,"6e376ce7ab748c62",1,22747,24211,"1 is back,1 more","76561198972795853",lauNX,true,3
5503,"6e376ce7ab748c62",1,22849,24321,to come,"76561198972795853",lauNX,true,3
5504,"6e376ce7ab748c62",1,25593,27238,RR,"76561198991278425",Krabeni,true,3
5505,"6e376ce7ab748c62",1,25600,27245,r,"76561198972795853",lauNX,true,3
5506,"6e376ce7ab748c62",1,25649,27294,lets go,"76561198972795853",lauNX,true,3
5507,"6e376ce7ab748c62",1,25680,27326,R,"76561198991278425",Krabeni,true,3
5508,"6e376ce7ab748c62",1,25991,27660,wE rEaDy LaDieS ,"76561198991278425",Krabeni,true,3
5509,"6e376ce7ab748c62",1,26302,27991,ok girl,"76561198178801031",prosus,true,2
5510,"6e376ce7ab748c62",1,26453,28148,CRANK UP THE MACHINE ADMIN,"76561198972795853",lauNX,true,3
5511,"6e376ce7ab748c62",4,60501,64338,.tac,"76561198801448515",tripex17,true,2
5512,"6e376ce7ab748c62",10,114592,121844,.ready,"76561198972795853",lauNX,true,2
5513,"6e376ce7ab748c62",10,116692,124077,.ready,"76561198801448515",tripex17,true,3
5514,"6e376ce7ab748c62",17,165433,175878,gg,"76561198178801031",prosus,true,3
5515,"3ee56e08db4c3cb8",4,14902,15740,!TECH,"76561199100725838",dziugss,true,3
5516,"3ee56e08db4c3cb8",4,15065,15914,!pause,"76561199100725838",dziugss,true,3
5517,"3ee56e08db4c3cb8",4,15089,15938,!pause,"76561199313968259",cmtry,true,3
5518,"3ee56e08db4c3cb8",4,15122,15971,!pause,"76561198991278425",Krabeni,true,3
5519,"3ee56e08db4c3cb8",4,15279,16139,.tech,"76561198972795853",lauNX,true,3
5520,"3ee56e08db4c3cb8",4,15473,16345,cam issues?,"76561198178801031",prosus,true,2
5521,"3ee56e08db4c3cb8",4,15650,16533,hahaa,"76561198991278425",Krabeni,true,3
5522,"3ee56e08db4c3cb8",4,15745,16635,srv lagging,"76561198991278425",Krabeni,true,3
5523,"3ee56e08db4c3cb8",4,16292,17211,we need server change admin if possible,"76561198972795853",lauNX,true,3
5524,"3ee56e08db4c3cb8",4,16384,17311,okok,"76561198178801031",prosus,true,2
5525,"3ee56e08db4c3cb8",4,17142,18113,you take us so serious ? ,"76561198178801031",prosus,true,2
5526,"3ee56e08db4c3cb8",4,18022,19040,Yes top right,"76561198016138527",JBOEN,true,2
5527,"3ee56e08db4c3cb8",4,18077,19103,slow server frame,"76561199100725838",dziugss,true,3
5528,"3ee56e08db4c3cb8",4,18628,19683,Not specifically loss but the server frame is slow and it keeps jittering from time to time,"76561198972795853",lauNX,true,3
5529,"3ee56e08db4c3cb8",4,19205,20294,its not lagging its just top right this server frame and thats all ,"76561198801448515",tripex17,true,2
5530,"3ee56e08db4c3cb8",4,19434,20537,nothing special ,"76561198801448515",tripex17,true,2
5531,"3ee56e08db4c3cb8",4,29714,31401,thanks,"76561198972795853",lauNX,true,3
5532,"3ee56e08db4c3cb8",4,30270,31990,you send discord or here,"76561198801448515",tripex17,true,2
5533,"3ee56e08db4c3cb8",4,30329,32055,?,"76561198801448515",tripex17,true,2
5534,"3ee56e08db4c3cb8",4,30774,32528,k,"76561198801448515",tripex17,true,2
5535,"3ee56e08db4c3cb8",4,30822,32576,ty,"76561198801448515",tripex17,true,2
5536,df630d5eeb08a6d,7,51426,54692,!TECC,"76561198016138527",JBOEN,true,3
5537,df630d5eeb08a6d,7,51527,54801,!TECH,"76561198016138527",JBOEN,true,3
5538,df630d5eeb08a6d,7,51681,54967,.tech,"76561198016138527",JBOEN,true,3
5539,df630d5eeb08a6d,7,54021,57452,we r,"76561198178801031",prosus,true,3
5540,df630d5eeb08a6d,7,54126,57562,.ready,"76561198801448515",tripex17,true,3
5541,df630d5eeb08a6d,7,54136,57574,r,"76561198991278425",Krabeni,true,2
5542,df630d5eeb08a6d,7,54171,57614,r,"76561199313968259",cmtry,true,2
5543,df630d5eeb08a6d,13,109848,116800,.ready,"76561198801448515",tripex17,true,2
5544,df630d5eeb08a6d,13,110209,117183,.ready,"76561198991278425",Krabeni,true,3
5545,"70116a9d8708bbd2",13,98725,104966,.ready,"76561198801448515",tripex17,true,2
5546,"70116a9d8708bbd2",13,98963,105216,.ready,"76561198991278425",Krabeni,true,3
5547,"70116a9d8708bbd2",13,105321,111974,ty,"76561198016138527",JBOEN,true,2
5548,"70116a9d8708bbd2",15,120065,127643,ns,"76561198801448515",tripex17,true,2
5549,"70116a9d8708bbd2",21,167239,177779,GG\],"76561198875633179",dem0n,false,3
5550,"70116a9d8708bbd2",21,167356,177902,gg,"76561198972795853",lauNX,true,3
5551,"70116a9d8708bbd2",21,167400,177951,gg,"76561198178801031",prosus,false,2
5552,a3e6eabee0c9ab0d,1,286,364,r,"76561199032610185",ayuki,true,3
5553,a3e6eabee0c9ab0d,1,337,427,r'=,"76561199181360085",flouzer,true,3
5554,a3e6eabee0c9ab0d,1,866,1016,r,"76561197998197366",mopoz,true,2
5555,a3e6eabee0c9ab0d,1,898,1058,r,"76561199181360085",flouzer,true,3
5556,a3e6eabee0c9ab0d,1,913,1075,r,"76561197991593267",sausoL,true,2
5557,a3e6eabee0c9ab0d,8,63810,71840,gg,"76561199032610185",ayuki,false,3
5558,a3e6eabee0c9ab0d,8,63886,71936,gg wp,"76561197998197366",mopoz,false,2
5559,"2c4b7b99bdc9aa34",8,50671,53892,!tac,"76561199181360085",flouzer,true,3
5560,"2c4b7b99bdc9aa34",13,91790,97614,!ready,"76561199181360085",flouzer,true,2
5561,"2c4b7b99bdc9aa34",13,91915,97740,.ready,"76561199181360085",flouzer,true,2
5562,"2c4b7b99bdc9aa34",13,91934,97762,.ready,"76561197991593267",sausoL,true,3
5563,"2c4b7b99bdc9aa34",13,92070,97907,.READY,"76561197998197366",mopoz,true,3
5564,"2c4b7b99bdc9aa34",18,123961,131798,!TAC,"76561199181360085",flouzer,true,2
5565,"2c4b7b99bdc9aa34",22,159202,169256,gg,"76561199032610185",ayuki,false,2
5566,"2c4b7b99bdc9aa34",22,159217,169271,gg,"76561199036285926",senka,false,2
5567,"2c4b7b99bdc9aa34",22,159287,169341,gg,"76561198156774221",z1k4,false,2
5568,"2c4b7b99bdc9aa34",22,159416,169482,gege,"76561199181360085",flouzer,false,2
5569,"91609a6608f8a293",1,3,50,hf17,"76561199181360085",flouzer,true,2
5570,"91609a6608f8a293",1,788,882,hf,"76561199032610185",ayuki,true,2
5571,"91609a6608f8a293",13,84457,89801,.ready,"76561199181360085",flouzer,true,3
5572,"91609a6608f8a293",13,84876,90248,.ready,"76561197991593267",sausoL,true,2
5573,"91609a6608f8a293",31,230921,245443,!tech,"76561199036285926",senka,true,2
5574,"91609a6608f8a293",31,231040,245566,!pause,"76561199036285926",senka,true,2
5575,"91609a6608f8a293",31,231352,245902,need tech,"76561199036285926",senka,true,2
5576,"91609a6608f8a293",31,231490,246047,nl,"76561199036285926",senka,true,2
5577,"91609a6608f8a293",31,232281,246889,irl senka,"76561199181360085",flouzer,true,2
5578,"91609a6608f8a293",31,232391,247001,something,"76561199181360085",flouzer,true,2
5579,"91609a6608f8a293",31,241823,257025,r,"76561199181360085",flouzer,true,2
5580,"91609a6608f8a293",31,241904,257116,r,"76561199036285926",senka,true,2
5581,"91609a6608f8a293",31,241931,257144,rrr,"76561199032610185",ayuki,true,2
5582,"91609a6608f8a293",31,242382,257619,OR,"76561198417348056",dav1g,true,3
5583,"91609a6608f8a293",31,242465,257713,r,"76561198417348056",dav1g,true,3
5584,"91609a6608f8a293",34,270912,287957,gg,"76561198370086461",MartinezSa,false,2
5585,"91609a6608f8a293",34,271013,288067,gg,"76561197998197366",mopoz,true,2
5586,"91609a6608f8a293",34,271016,288070,gg,"76561199032610185",ayuki,false,3
5587,"91609a6608f8a293",34,271065,288120,gg,"76561198156774221",z1k4,false,3
5588,ef76fcf08c9c41d4,1,319,370,hfhf,"76561199034495166",Sowalio,true,2
5589,ef76fcf08c9c41d4,1,2448,2609,!Ct,"76561198889240025",riskyb0b,true,2
5590,ef76fcf08c9c41d4,1,2608,2779,!switch,"76561198889240025",riskyb0b,true,2
5591,ef76fcf08c9c41d4,1,8433,8925,.ready,"76561198889240025",riskyb0b,true,3
5592,ef76fcf08c9c41d4,18,125348,131974,!tac,"76561198889240025",riskyb0b,true,2
5593,"609799b658f786f7",24,169701,178640,gg,"76561198889240025",riskyb0b,false,3
5594,"609799b658f786f7",24,169749,178688,gg,"76561198951467648",khaN,false,3
5595,ee2cfa583112bbed,1,150,202,hfhfhfhfhf,"76561199034495166",Sowalio,true,2
5596,ee2cfa583112bbed,15,117373,123578,ns sh0n\,"76561198951467648",khaN,false,3
5597,ee2cfa583112bbed,16,123597,130123,!tech,"76561198889240025",riskyb0b,false,3
5598,ee2cfa583112bbed,17,124026,130574,cs crash,"76561198889240025",riskyb0b,true,3
5599,ee2cfa583112bbed,17,125407,132028,lagging,"76561198951467648",khaN,true,3
5600,ee2cfa583112bbed,17,128607,135392,"1min","76561198409543515",SYPH0,true,3
5602,ee2cfa583112bbed,17,130693,137588,!unpause,"76561198889240025",riskyb0b,true,3
5603,ee2cfa583112bbed,24,202710,213371,gg,"76561198889240025",riskyb0b,false,3
5604,ee2cfa583112bbed,24,202742,213404,gg,"76561198951467648",khaN,true,3
5605,"64219c2ff487875e",1,1615,1737,hf,"76561199189100088","7Kick",true,3
5606,"64219c2ff487875e",1,1753,1885,hfhf,"76561199044291307",noni,true,2
5607,"64219c2ff487875e",1,1754,1886,hf,"76561198303381179",kade0,true,2
5608,"64219c2ff487875e",11,76186,80207,!tac,"76561198055109028",ICY,true,2
5609,"64219c2ff487875e",11,76203,80226,.tac,"76561198303381179",kade0,true,2
5610,"64219c2ff487875e",11,78746,82907,.tech,"76561198303381179",kade0,true,2
5611,"64219c2ff487875e",11,78873,83035,restore,"76561198303381179",kade0,true,2
5612,"64219c2ff487875e",11,78946,83117,admin,"76561198303381179",kade0,true,2
5613,"64219c2ff487875e",11,79957,84177,RESTORE again,"76561199189100088","7Kick",true,3
5614,"64219c2ff487875e",11,80693,84953,.unpause,"76561199189100088","7Kick",true,3
5615,"64219c2ff487875e",11,81088,85368,fhffh,"76561197982341849",nEMANHA,true,3
5616,"64219c2ff487875e",11,81405,85701,!unpause,"76561198303381179",kade0,true,2
5617,"64219c2ff487875e",20,149091,156945,GG,"76561199189100088","7Kick",false,2
5618,"64219c2ff487875e",20,149269,157133,gg,"76561198303381179",kade0,false,3
5619,"64219c2ff487875e",20,149301,157165,gg,"76561199073314096",kumao,false,3
5620,"64219c2ff487875e",20,149336,157200,gg,"76561199044291307",noni,false,3
5621,"64219c2ff487875e",20,149401,157267,gg,"76561197982341849",nEMANHA,false,2
5622,"41fe1816bc30c669",1,1513,1635,hff,"76561198156362373",Fostar,true,2
5623,"41fe1816bc30c669",1,1678,1807,hfhf,"76561198055109028",ICY,true,3
5624,"41fe1816bc30c669",1,1746,1878,hf,"76561198303381179",kade0,true,3
5625,"41fe1816bc30c669",1,2334,2496,hf,"76561199189100088","7Kick",true,2
5626,"41fe1816bc30c669",11,77269,81346,.tac,"76561197982341849",nEMANHA,true,2
5627,"41fe1816bc30c669",18,127836,134568,.tac,"76561197982341849",nEMANHA,true,3
5628,"41fe1816bc30c669",24,177235,186547,TGG,"76561199189100088","7Kick",true,3
5629,"41fe1816bc30c669",24,177268,186580,gg,"76561197980944787",hAdji,true,3
5630,"41fe1816bc30c669",24,177401,186723,gg,"76561198303381179",kade0,false,2
5631,f84a029cd835cc79,1,4,50,amareluuuuuuuuuu,"76561199096031141",kye,true,2
5632,f84a029cd835cc79,3,13698,14533,!unpause,"76561199096031141",kye,true,2
5633,f84a029cd835cc79,3,14491,15371,fone xiando,"76561198012618668",@wastzera,true,3
5634,f84a029cd835cc79,3,14623,15508,do larceda agr,"76561198012618668",@wastzera,true,3
5635,f84a029cd835cc79,3,14931,15833,ʕ ᵔᴥᵔ ʔ,"76561198012618668",@wastzera,true,3
5636,f84a029cd835cc79,3,15277,16201,do rk*,"76561198424887725",lacerda,true,3
5637,f84a029cd835cc79,3,15577,16517,perdao ai guys ta rolando bugs de audio,"76561197960839239",waveigl,true,3
5638,f84a029cd835cc79,3,15817,16775,rlx,"76561199096031141",kye,true,2
5639,f84a029cd835cc79,3,16559,17557,e é alto p caralho,"76561198012618668",@wastzera,true,3
5640,f84a029cd835cc79,3,16622,17624,lol,"76561198012618668",@wastzera,true,3
5641,f84a029cd835cc79,3,31741,33614,tem admin ai?,"76561198157388473",lucaozy,true,2
5642,f84a029cd835cc79,3,32005,33891,tem,"76561198012618668",@wastzera,true,3
5643,f84a029cd835cc79,3,32070,33957,correia,"76561198012618668",@wastzera,true,3
5644,f84a029cd835cc79,3,32151,34048,ta aq,"76561198012618668",@wastzera,true,3
5645,f84a029cd835cc79,3,32203,34100,uns 5,"76561198424887725",lacerda,true,3
5646,f84a029cd835cc79,3,32258,34156,man,"76561198012618668",@wastzera,true,3
5647,f84a029cd835cc79,3,32483,34396,nao ajuda ele nao admin,"76561197960839239",waveigl,true,3
5648,f84a029cd835cc79,3,32533,34452,eh uma interferencia louca,"76561198012618668",@wastzera,true,3
5649,f84a029cd835cc79,3,32564,34483,joga com o chiado da nada,"76561198010496342",exit,true,2
5650,f84a029cd835cc79,3,32695,34622,acho q do intra,"76561198012618668",@wastzera,true,3
5651,f84a029cd835cc79,3,32722,34652,xinga esse portugues,"76561198157388473",lucaozy,true,2
5652,f84a029cd835cc79,3,33358,35321,eu joguei jogo passado todo com apito no ouvido kkkk,"76561197960839239",waveigl,true,3
5653,f84a029cd835cc79,3,33473,35446,"temos a opcao de jogar sem chiado, nao exit?","76561198012618668",@wastzera,true,3
5654,f84a029cd835cc79,3,33704,35689,vamos jogar sem!,"76561198012618668",@wastzera,true,3
5655,f84a029cd835cc79,3,34091,36098,crl,"76561198307171910",decenty,true,2
5656,f84a029cd835cc79,3,34151,36158,q marra,"76561198307171910",decenty,true,2
5657,f84a029cd835cc79,3,34386,36407,do vava,"76561198307171910",decenty,true,2
5658,f84a029cd835cc79,3,34436,36464,se a vida te der um limão faça uma limonada,"76561198010496342",exit,true,2
5659,f84a029cd835cc79,3,34789,36836,"prefiro mamao, exit","76561198012618668",@wastzera,true,3
5660,f84a029cd835cc79,3,34809,36859,wawa toxico,"76561197960839239",waveigl,true,3
5661,f84a029cd835cc79,3,35047,37110,ta ligado ne decenty,"76561198012618668",@wastzera,true,3
5662,f84a029cd835cc79,3,35252,37326,"n gostou, vamo ali fora","76561198012618668",@wastzera,true,3
5663,f84a029cd835cc79,3,35278,37352,mó estrelinha slk,"76561198010496342",exit,true,2
5664,f84a029cd835cc79,3,35452,37537,eita,"76561198307171910",decenty,true,2
5665,f84a029cd835cc79,3,35468,37553,KKKKK,"76561198012618668",@wastzera,true,3
5666,f84a029cd835cc79,3,35578,37672,KKKKKKKKKK,"76561198307171910",decenty,true,2
5667,f84a029cd835cc79,3,35642,37738,.!.,"76561199096031141",kye,true,2
5668,f84a029cd835cc79,3,35757,37860,novo rico eh assim,"76561197960839239",waveigl,true,3
5669,f84a029cd835cc79,3,35910,38018,...,"76561199096031141",kye,true,2
5670,f84a029cd835cc79,3,36172,38301,.I.,"76561199096031141",kye,true,2
5671,f84a029cd835cc79,3,36266,38395,.i.,"76561199096031141",kye,true,2
5672,f84a029cd835cc79,3,36545,38695,vc n troca com o exit n wast,"76561198307171910",decenty,true,2
5673,f84a029cd835cc79,3,36875,39039,epa,"76561197960839239",waveigl,true,3
5674,f84a029cd835cc79,3,36952,39125,belford roxo,"76561198307171910",decenty,true,2
5675,f84a029cd835cc79,3,36977,39150,r,"76561199096031141",kye,true,2
5676,f84a029cd835cc79,3,37049,39222,go,"76561199096031141",kye,true,2
5677,f84a029cd835cc79,3,37131,39315,kkkkk,"76561198012618668",@wastzera,true,3
5678,f84a029cd835cc79,3,37231,39415,HFHFHF,"76561197960839239",waveigl,true,3
5679,f84a029cd835cc79,3,37317,39511,mas aqui eh cwb decenty,"76561198012618668",@wastzera,true,3
5680,f84a029cd835cc79,3,37437,39632,xD,"76561198012618668",@wastzera,true,3
5681,f84a029cd835cc79,3,37497,39701,.unpause,"76561198157388473",lucaozy,true,2
5682,f84a029cd835cc79,3,37687,39901,KKKKKKKKKK,"76561198307171910",decenty,true,2
5683,f84a029cd835cc79,3,37818,40035,kkkkkk,"76561198012618668",@wastzera,true,3
5684,f84a029cd835cc79,3,38029,40259,"foi mal rapaziada, pela demora","76561198012618668",@wastzera,true,3
5685,f84a029cd835cc79,3,38100,40339,lv,"76561198012618668",@wastzera,true,3
5686,f84a029cd835cc79,3,38521,40783,np $tar,"76561198010496342",exit,true,2
5687,f84a029cd835cc79,12,119419,126332,.READY,"76561198307171910",decenty,true,2
5688,f84a029cd835cc79,12,119674,126607,.ready,"76561198012618668",@wastzera,false,3
5689,f84a029cd835cc79,13,121369,128412,!unpause,"76561199096031141",kye,true,3
5690,f84a029cd835cc79,19,164955,174505,crl wast ,"76561198010496342",exit,true,3
5691,f84a029cd835cc79,19,165012,174566,"99 in 1","76561198012618668",@wastzera,true,2
5692,f84a029cd835cc79,19,165208,174775,como n morreu exitao,"76561198012618668",@wastzera,true,2
5693,f84a029cd835cc79,19,165339,174912,KKKKKKKKKKKKKKKK,"76561198010496342",exit,true,3
5694,f84a029cd835cc79,19,165348,174921,foi varado:,"76561198012618668",@wastzera,true,2
5695,f84a029cd835cc79,19,165447,175030,nao,"76561198010496342",exit,true,3
5696,f84a029cd835cc79,19,165490,175073,SAKPOSADOADASD,"76561198012618668",@wastzera,true,2
5697,f84a029cd835cc79,19,165620,175213,LOL,"76561198012618668",@wastzera,true,2
5698,f84a029cd835cc79,19,165745,175340,tomeik um susto,"76561198010496342",exit,true,3
5699,f84a029cd835cc79,19,165847,175452,"1 bala s","76561198010496342",exit,true,3
5700,f84a029cd835cc79,19,169291,179095,qota?,"76561198012618668",@wastzera,false,2
5701,f84a029cd835cc79,19,169689,179515,mt mira,"76561198307171910",decenty,false,3
5702,f84a029cd835cc79,19,169976,179814,vcs2,"76561198012618668",@wastzera,false,2
5703,f84a029cd835cc79,20,176990,187235,gg,"76561198012618668",@wastzera,false,2
5704,f84a029cd835cc79,20,177072,187318,GG,"76561198424887725",lacerda,false,2
5705,f84a029cd835cc79,20,177089,187336,ggwp,"76561199028234967",fkS,false,2
5706,f84a029cd835cc79,20,177430,187698,gg jogam mto,"76561197960839239",waveigl,false,2
5707,"4f6c9d02c7bc274",5,32989,34922,.r,"76561198157388473",lucaozy,true,2
5708,"4f6c9d02c7bc274",5,33025,34963,problema no mic do titio wave,"76561198012618668",@wastzera,true,3
5709,"4f6c9d02c7bc274",5,34096,36093,ok,"76561198307171910",decenty,true,2
5710,"4f6c9d02c7bc274",5,34296,36304,ʕ ᵔᴥᵔ ʔ,"76561198012618668",@wastzera,true,3
5711,"4f6c9d02c7bc274",5,38074,40303,.unpause,"76561198424887725",lacerda,true,3
5712,"4f6c9d02c7bc274",5,38169,40399,!unpause,"76561198307171910",decenty,true,2
5713,"4f6c9d02c7bc274",9,73505,77769,.tech,"76561198012618668",@wastzera,true,3
5714,"4f6c9d02c7bc274",9,73800,78084,mic wave,"76561198012618668",@wastzera,true,3
5715,"4f6c9d02c7bc274",9,74880,79226,.r,"76561198012618668",@wastzera,true,3
5716,"4f6c9d02c7bc274",9,75074,79431,.unpause,"76561198307171910",decenty,true,2
5717,"4f6c9d02c7bc274",9,75235,79599,.unpause,"76561198012618668",@wastzera,true,3
5718,"4f6c9d02c7bc274",9,80221,84871,.tec,"76561197960839239",waveigl,false,3
5719,"4f6c9d02c7bc274",10,80923,85616,.tech,"76561198012618668",@wastzera,true,3
5720,"4f6c9d02c7bc274",10,81222,85934,carai,"76561198307171910",decenty,true,2
5721,"4f6c9d02c7bc274",10,81300,86015,mic de novo,"76561198307171910",decenty,true,2
5722,"4f6c9d02c7bc274",10,81335,86050,mic wave  again,"76561198012618668",@wastzera,true,3
5723,"4f6c9d02c7bc274",10,81406,86128,kkkkkkkkk,"76561198012618668",@wastzera,true,3
5724,"4f6c9d02c7bc274",10,81655,86392,xdxd,"76561199028234967",fkS,true,3
5725,"4f6c9d02c7bc274",10,82285,87055,primeira vez na lan,"76561198157388473",lucaozy,true,2
5726,"4f6c9d02c7bc274",10,82704,87496,mta coisa,"76561198012618668",@wastzera,true,3
5727,"4f6c9d02c7bc274",10,82830,87633,depois de 10 anos,"76561199028234967",fkS,true,3
5728,"4f6c9d02c7bc274",10,83047,87861,"25","76561198012618668",@wastzera,true,3
5729,"4f6c9d02c7bc274",10,83090,87904,kkkkkkkkkkkkk,"76561198157388473",lucaozy,true,2
5730,"4f6c9d02c7bc274",10,83428,88264,faz tempo que nao voltava,"76561198424887725",lacerda,true,3
5731,"4f6c9d02c7bc274",10,83811,88669,ta se readptando,"76561198424887725",lacerda,true,3
5732,"4f6c9d02c7bc274",10,84603,89506,.need,"76561198012618668",@wastzera,true,3
5733,"4f6c9d02c7bc274",10,84778,89692,kkkkkkk,"76561198307171910",decenty,true,2
5734,"4f6c9d02c7bc274",10,84865,89786,kkkkkkkkkkkkkkk,"76561198307171910",decenty,true,2
5735,"4f6c9d02c7bc274",10,99880,105667,cade o hellboy,"76561199096031141",kye,true,2
5736,"4f6c9d02c7bc274",10,100213,106016,nao veio,"76561198424887725",lacerda,true,3
5737,"4f6c9d02c7bc274",10,100491,106311,no canto do nip],"76561199028234967",fkS,true,3
5738,"4f6c9d02c7bc274",10,100762,106594,ta voltando?,"76561198157388473",lucaozy,true,2
5739,"4f6c9d02c7bc274",10,100791,106628,no peru?,"76561198424887725",lacerda,true,3
5740,"4f6c9d02c7bc274",10,100932,106774,q q deu ,"76561198157388473",lucaozy,true,2
5741,"4f6c9d02c7bc274",10,101999,107907,ta chiando no ouvido dele,"76561198424887725",lacerda,true,3
5742,"4f6c9d02c7bc274",10,102738,108688,tem uns 5 staff aq ,"76561199028234967",fkS,true,3
5743,"4f6c9d02c7bc274",10,102977,108940,resolvendo o b.o,"76561199028234967",fkS,true,3
5744,"4f6c9d02c7bc274",10,103092,109060,pc desligou,"76561198012618668",@wastzera,true,3
5745,"4f6c9d02c7bc274",10,103106,109076,jogador caro,"76561199096031141",kye,true,2
5746,"4f6c9d02c7bc274",10,103241,109215,kkkkkkkkkkkk,"76561198307171910",decenty,true,2
5747,"4f6c9d02c7bc274",10,103728,109736,ele ta usando ate voicemetter aq,"76561198012618668",@wastzera,true,3
5748,"4f6c9d02c7bc274",10,104136,110166,dj né pai,"76561199096031141",kye,true,2
5749,"4f6c9d02c7bc274",10,104262,110300,ta de cinema a qualidade do homem,"76561198012618668",@wastzera,true,3
5750,"4f6c9d02c7bc274",10,104709,110772,eu avisei q eh coisa da idade o xiado ,"76561199028234967",fkS,true,3
5751,"4f6c9d02c7bc274",10,104817,110885,ele insiste,"76561199028234967",fkS,true,3
5752,"4f6c9d02c7bc274",10,105048,111132,kkkkkkkkk,"76561198012618668",@wastzera,true,3
5753,"4f6c9d02c7bc274",10,105522,111629,kkkkkkkkk,"76561199422519262",zevy,true,2
5754,"4f6c9d02c7bc274",10,122070,129128,jogador caro é assim,"76561198012618668",@wastzera,true,3
5755,"4f6c9d02c7bc274",10,122323,129401,vinao chegou agr p resolver,"76561198012618668",@wastzera,true,3
5756,"4f6c9d02c7bc274",10,130268,137800,.r,"76561198157388473",lucaozy,true,2
5757,"4f6c9d02c7bc274",10,130515,138058,.unpause,"76561198012618668",@wastzera,true,3
5758,"4f6c9d02c7bc274",12,155440,164420,.ready,"76561198307171910",decenty,false,2
5759,"4f6c9d02c7bc274",12,155932,164945,.R,"76561198157388473",lucaozy,true,2
5760,"4f6c9d02c7bc274",19,203481,215248,gg,"76561198012618668",@wastzera,false,2
5761,"4f6c9d02c7bc274",19,203646,215425,GGWP,"76561199028234967",fkS,false,2
5762,b1885df0ee45aa54,12,94445,99919,.ready,"76561198025578864",PKL,false,2
5763,b1885df0ee45aa54,12,94663,100149,!ready ,"76561199099962277",revoltz,false,3
5764,d10ce9b4b35db17b,12,85469,90425,!ready ,"76561199099962277",revoltz,true,2
5765,be41d72a8cdd50e8,3,14100,14957,.r,"76561198255981498",pesadelo,true,3
5766,be41d72a8cdd50e8,3,14247,15109,.unpause,"76561198255981498",pesadelo,true,3
5767,be41d72a8cdd50e8,3,15004,15910,.!tech,"76561198025578864",PKL,true,3
5768,be41d72a8cdd50e8,3,15253,16176,.tech,"76561198242601266",detr0ittJ,true,3
5769,be41d72a8cdd50e8,3,21512,22794,!unpause,"76561198086856525",teleD,true,2
5770,be41d72a8cdd50e8,3,32555,34476,.unpause,"76561198039986599",coldzera,true,3
5771,be41d72a8cdd50e8,3,32556,34477,.unpause,"76561198249302730",hardzao,true,3
5772,be41d72a8cdd50e8,4,44195,46780,nl,"76561198063479252",j0w,true,2
5773,be41d72a8cdd50e8,4,44259,46852,NL,"76561198039986599",coldzera,true,3
5774,be41d72a8cdd50e8,4,48696,51537,r,"76561199142644208",angelo,true,2
5775,be41d72a8cdd50e8,4,48748,51589,g,"76561198242601266",detr0ittJ,true,3
5776,be41d72a8cdd50e8,4,48937,51789,g,"76561199099962277",revoltz,true,2
5777,be41d72a8cdd50e8,12,125206,132440,!ready ,"76561199099962277",revoltz,false,2
5778,be41d72a8cdd50e8,19,177672,187871,libera o mic do coach ,"76561198086856525",teleD,true,3
5779,be41d72a8cdd50e8,19,177725,187924,n ta saindo mic,"76561198063479252",j0w,true,3
5780,be41d72a8cdd50e8,19,177817,188026,do coach,"76561198063479252",j0w,true,3
5781,"42c95ab5bb33fbc9",1,176,227,HFHF,"76561198245925350",Qlocuu,true,3
5782,"42c95ab5bb33fbc9",10,60859,65002,ns,"76561198412400644",Flayy-,true,3
5783,"42c95ab5bb33fbc9",12,78701,84050,ghgh,"76561198245925350",Qlocuu,false,3
5784,"42c95ab5bb33fbc9",12,79442,84838,GH,"76561198132026180",fear,false,2
5785,"42c95ab5bb33fbc9",13,79625,85050,gh,"76561198412400644",Flayy-,true,2
5786,"42c95ab5bb33fbc9",13,79997,85445,.r,"76561198412400644",Flayy-,true,2
5787,"42c95ab5bb33fbc9",13,80105,85566,.ready,"76561198412400644",Flayy-,true,2
5788,"42c95ab5bb33fbc9",13,80520,86007,.ready,"76561198132026180",fear,true,3
5789,"42c95ab5bb33fbc9",15,99758,106540,gg,"76561198412400644",Flayy-,false,2
5790,"42c95ab5bb33fbc9",15,99775,106557,ggs,"76561198031651584",KRIMZ,false,3
5791,"42c95ab5bb33fbc9",15,99787,106572,gg,"76561197986829261",innocent,false,2
5792,"42c95ab5bb33fbc9",15,99796,106582,gg,"76561197979820713",SZPERO,false,2
5793,"42c95ab5bb33fbc9",15,99820,106611,gg,"76561198132026180",fear,false,3
5794,"42c95ab5bb33fbc9",15,99846,106642,ggg,"76561198245925350",Qlocuu,true,2
5795,"9e69fe42c6a759fb",1,247,299,.ready,"76561198132026180",fear,true,2
5796,"9e69fe42c6a759fb",1,811,902,.ready,"76561197986829261",innocent,true,3
5797,"9e69fe42c6a759fb",1,3508,3781,R,"76561198165452027",maden,true,2
5798,"9e69fe42c6a759fb",1,12635,13526,wander,"76561198165452027",maden,true,2
5799,"9e69fe42c6a759fb",1,12719,13619,sleepink :D,"76561198165452027",maden,true,2
5800,"9e69fe42c6a759fb",1,18126,19391,r,"76561198245925350",Qlocuu,true,3
5801,"9e69fe42c6a759fb",1,18131,19396,R,"76561198165452027",maden,true,2
5802,"9e69fe42c6a759fb",1,18158,19423,r,"76561198132026180",fear,true,2
5803,"9e69fe42c6a759fb",6,62576,66844,ghgh,"76561198245925350",Qlocuu,false,3
5804,"9e69fe42c6a759fb",6,62719,66993,gh,"76561198132026180",fear,false,2
5805,"9e69fe42c6a759fb",7,63367,67710,GH,"76561198412400644",Flayy-,true,2
5806,"9e69fe42c6a759fb",7,64338,68746,how long is a break admin,"76561198800253526",jambo,true,3
5807,"9e69fe42c6a759fb",7,64494,68913,"3m","76561197986829261",innocent,true,2
5808,"9e69fe42c6a759fb",7,64611,69032,ty,"76561198800253526",jambo,true,3
5809,"9e69fe42c6a759fb",7,65542,70029,or not,"76561197986829261",innocent,true,2
5810,"9e69fe42c6a759fb",7,65835,70346,we can start? :d,"76561197986829261",innocent,true,2
5811,"9e69fe42c6a759fb",7,65936,70449,oh maden went wc ,"76561198132026180",fear,true,3
5812,"9e69fe42c6a759fb",7,66071,70597,ah alr,"76561197986829261",innocent,true,2
5813,"9e69fe42c6a759fb",7,66076,70602,need 30s,"76561198132026180",fear,true,3
5814,"9e69fe42c6a759fb",7,66249,70788,he went pee,"76561198132026180",fear,true,3
5815,"9e69fe42c6a759fb",7,68465,73148,.r,"76561198031651584",KRIMZ,true,3
5816,"9e69fe42c6a759fb",7,68509,73200,r,"76561198132026180",fear,true,3
5817,"9e69fe42c6a759fb",7,68530,73224,.ready,"76561197986829261",innocent,true,2
5818,"9e69fe42c6a759fb",7,68753,73461,"sorry, ghf","76561198132026180",fear,true,3
5819,"9e69fe42c6a759fb",7,69134,73869,.ready,"76561198132026180",fear,true,3
5820,"9e69fe42c6a759fb",7,69409,74157,HFHFHF,"76561198031651584",KRIMZ,true,3
5821,"9e69fe42c6a759fb",16,147200,157207,gg,"76561198245925350",Qlocuu,true,2
5822,"9e69fe42c6a759fb",16,147226,157237,GGS,"76561198031651584",KRIMZ,false,3
5823,"9e69fe42c6a759fb",16,147264,157280,gg,"76561198412400644",Flayy-,true,2
5824,"9e69fe42c6a759fb",16,147332,157348,GG,"76561198446445284",jackasmo,false,3
5825,"654d40ac61c0eaed",1,137,182,hf,"76561198036066702",Alv,true,2
5826,"654d40ac61c0eaed",1,166,215,hfhf,"76561197997981170",Sober,true,3
5827,"654d40ac61c0eaed",1,472,542,hfhf,"76561198044045107",e1,true,3
5828,"654d40ac61c0eaed",9,72691,77606,!tECH,"76561198860760060",krazy,true,3
5829,"654d40ac61c0eaed",9,72846,77774,.tac,"76561197997981170",Sober,true,3
5830,"654d40ac61c0eaed",9,72853,77781,.TECH,"76561198860760060",krazy,true,3
5831,"654d40ac61c0eaed",9,74023,79030,cant pause,"76561197997981170",Sober,true,3
5832,"654d40ac61c0eaed",9,74122,79140,r,"76561197997981170",Sober,true,3
5833,"654d40ac61c0eaed",9,74440,79475,w8,"76561198036066702",Alv,true,2
5834,"654d40ac61c0eaed",9,75017,80091,"1wc","76561198036066702",Alv,true,2
5835,"654d40ac61c0eaed",9,76390,81559,r,"76561198420829570",SLZ,true,2
5836,"654d40ac61c0eaed",13,114661,122434,R,"76561198034202275",s1mple,true,2
5837,"654d40ac61c0eaed",13,115061,122860,r,"76561198069567550","4X1s",true,3
5838,"654d40ac61c0eaed",30,260029,277632,!tech,"76561198069567550","4X1s",true,2
5839,"654d40ac61c0eaed",30,260097,277704,.tech,"76561198036066702",Alv,true,2
5840,"654d40ac61c0eaed",30,260230,277848,ts loss,"76561198420829570",SLZ,true,2
5841,"654d40ac61c0eaed",30,260302,277922,ts loss,"76561198036066702",Alv,true,2
5842,"654d40ac61c0eaed",30,262173,279924,y,"76561198036066702",Alv,true,2
5843,"654d40ac61c0eaed",30,264784,282707,Y,"76561198034202275",s1mple,true,3
5844,"654d40ac61c0eaed",30,264894,282827,r,"76561198069567550","4X1s",true,2
5845,"654d40ac61c0eaed",30,265062,283009,sec,"76561198069567550","4X1s",true,2
5846,"654d40ac61c0eaed",30,265269,283229,nvm,"76561198069567550","4X1s",true,2
5847,"654d40ac61c0eaed",30,265292,283252,rt,"76561198069567550","4X1s",true,2
5848,"654d40ac61c0eaed",30,265416,283388,hfhf,"76561198069567550","4X1s",true,2
5849,"654d40ac61c0eaed",30,265489,283462,all g,"76561198036066702",Alv,true,2
5850,"654d40ac61c0eaed",30,265520,283495,hf,"76561198036066702",Alv,true,2
5851,"654d40ac61c0eaed",30,273074,291562,ggs,"76561198069567550","4X1s",true,2
5852,"654d40ac61c0eaed",30,273268,291769,gg,"76561198036066702",Alv,true,2
5853,"8f9d7916bf0b1742",1,3,47,hf,"76561198036066702",Alv,true,2
5854,"8f9d7916bf0b1742",1,32,76,hfhf,"76561198069567550","4X1s",true,2
5855,"8f9d7916bf0b1742",1,635,718,hfhf,"76561197997981170",MUTiRiS,true,3
5856,"8f9d7916bf0b1742",13,91540,97787,r,"76561198034202275",s1mple,true,2
5857,"8f9d7916bf0b1742",13,91575,97824,R,"76561198044045107",electronic,true,2
5858,"8f9d7916bf0b1742",13,91843,98105,"1min","76561198069567550","4X1s",true,3
5859,"8f9d7916bf0b1742",13,96222,102785,r,"76561198069567550","4X1s",true,3
5860,"8f9d7916bf0b1742",21,168767,180128,ns,"76561198069567550","4X1s",false,3
5861,"8f9d7916bf0b1742",24,194552,207642,ппы,"76561198069567550","4X1s",true,3
5862,"8f9d7916bf0b1742",24,194613,207710,ggss,"76561198069567550","4X1s",true,3
5863,"8f9d7916bf0b1742",24,194660,207761,gg,"76561198036066702",Alv,false,3
5864,"8f9d7916bf0b1742",24,194717,207820,gg,"76561198044045107",electronic,false,2
5865,"8f9d7916bf0b1742",24,194724,207827,gg,"76561197997981170",MUTiRiS,false,2
5866,"92de1b53f67fffcd",3,14443,15238,!tec,"76561198266023853",nyezin,true,3
5867,"92de1b53f67fffcd",3,14552,15348,!tceh,"76561198266023853",nyezin,true,3
5868,"92de1b53f67fffcd",3,14694,15500,nl,"76561198155673341",bnc,true,3
5869,"92de1b53f67fffcd",3,14816,15631,nl,"76561198314376345",Ltm,true,2
5870,"92de1b53f67fffcd",3,15295,16129,+1 rr,"76561198314376345",Ltm,true,2
5871,"92de1b53f67fffcd",3,15767,16627,"1sec","76561198155673341",bnc,true,3
5872,"92de1b53f67fffcd",3,15911,16775,safe,"76561198314376345",Ltm,true,2
5873,"92de1b53f67fffcd",4,18651,19628,ta foda aqui,"76561198053186000",abr,true,3
5874,"92de1b53f67fffcd",4,18925,19914,kkkkk,"76561198314376345",Ltm,true,2
5875,"92de1b53f67fffcd",4,18933,19922,é a luz?,"76561198882612344",trindade,true,2
5876,"92de1b53f67fffcd",4,18953,19943,tem como aguardar uns 2 min ai,"76561198053186000",abr,true,3
5877,"92de1b53f67fffcd",4,19096,20094,p ver se estabiliza,"76561198053186000",abr,true,3
5878,"92de1b53f67fffcd",4,19323,20332,d boa,"76561198314376345",Ltm,true,2
5879,"92de1b53f67fffcd",4,19677,20706,tao no evento ja?,"76561198314376345",Ltm,true,2
5880,"92de1b53f67fffcd",5,21699,22805,admin?,"76561198882612344",trindade,true,2
5881,"92de1b53f67fffcd",5,22236,23358,tamo tentando arrumar aqui guyys,"76561198155673341",bnc,true,3
5882,"92de1b53f67fffcd",5,22423,23552,suave,"76561198882612344",trindade,true,2
5883,"92de1b53f67fffcd",5,22526,23661,é só,"76561198882612344",trindade,true,2
5884,"92de1b53f67fffcd",5,22599,23735,suaves,"76561198314376345",Ltm,true,2
5885,"92de1b53f67fffcd",5,22623,23759,pra trocar,"76561198882612344",trindade,true,2
5886,"92de1b53f67fffcd",5,22768,23910,pq eu q dei tech,"76561198882612344",trindade,true,2
5887,"92de1b53f67fffcd",5,22832,23977,pra vcs,"76561198882612344",trindade,true,2
5888,"92de1b53f67fffcd",5,23060,24216,e tá contando nosso tempo,"76561198882612344",trindade,true,2
5889,"92de1b53f67fffcd",6,30933,32398,restore 1-1 adm,"76561198155673341",bnc,true,3
5890,"92de1b53f67fffcd",6,31207,32683,se pa resolveu aqui,"76561198155673341",bnc,true,3
5891,"92de1b53f67fffcd",6,34365,36005,r,"76561198053186000",abr,true,3
5892,"92de1b53f67fffcd",6,34367,36007,r,"76561198882612344",trindade,true,2
5893,"92de1b53f67fffcd",8,49816,52265,vai dar rr pc rapidao guys,"76561198053186000",abr,true,3
5894,"92de1b53f67fffcd",8,50008,52468,deu merda aq no pc,"76561198053186000",abr,true,3
5895,"92de1b53f67fffcd",8,50058,52518,np,"76561198882612344",trindade,true,2
5896,"92de1b53f67fffcd",8,63196,66348,restore e go,"76561198155673341",bnc,true,3
5897,"92de1b53f67fffcd",10,75611,79406,!tech,"76561198155673341",bnc,true,3
5898,"92de1b53f67fffcd",10,75806,79611,ts caiu ae ?,"76561198155673341",bnc,true,3
5899,"92de1b53f67fffcd",10,76148,79972,nao,"76561198882612344",trindade,true,2
5900,"92de1b53f67fffcd",10,76917,80782,lol,"76561198155673341",bnc,true,3
5901,"92de1b53f67fffcd",10,79175,83160,adm can you join on our server ts?,"76561198155673341",bnc,true,3
5902,"92de1b53f67fffcd",10,79943,83968,we cant join on ts of cct,"76561198155673341",bnc,true,3
5903,"92de1b53f67fffcd",10,84713,88989,r,"76561198155673341",bnc,true,3
5904,"9c8d21e21c3390e1",14,82543,86923,!tech,"76561198155673341",bnc,false,3
5905,"9c8d21e21c3390e1",15,85330,89853,problem audio,"76561198155673341",bnc,true,3
5906,"9c8d21e21c3390e1",15,85462,89993,"1 sec","76561198155673341",bnc,true,3
5907,"9c8d21e21c3390e1",15,87929,92590,!unpause,"76561198053186000",abr,true,3
5908,"9c8d21e21c3390e1",22,129108,135921,!tech,"76561198155673341",bnc,true,3
5909,"9c8d21e21c3390e1",22,129197,136017,loss,"76561198155673341",bnc,true,3
5910,"9c8d21e21c3390e1",24,147421,155196,!tech,"76561198155673341",bnc,true,3
5911,"9c8d21e21c3390e1",24,147680,155465,mt loss,"76561198155673341",bnc,true,3
5912,"9c8d21e21c3390e1",24,154155,162282,!unpause,"76561198266023853",nyezin,true,3
5913,edcd62cbccc337c2,1,1592,1714,!pause,"76561198345978555",AntyVirus,true,3
5914,edcd62cbccc337c2,1,1736,1868,!tac,"76561198014062117",Frontsiderr,true,3
5915,edcd62cbccc337c2,1,1749,1881,!tac,"76561198345978555",AntyVirus,true,3
5916,edcd62cbccc337c2,2,12287,12971,!pause,"76561198345978555",AntyVirus,true,3
5917,edcd62cbccc337c2,2,12457,13148,!tech,"76561198345978555",AntyVirus,true,3
5918,edcd62cbccc337c2,2,12793,13498,micr problem,"76561198219424312",suonko,true,3
5919,edcd62cbccc337c2,2,15245,16080,!ready,"76561198345978555",AntyVirus,true,3
5920,edcd62cbccc337c2,2,15343,16185,!unpause,"76561198345978555",AntyVirus,true,3
5921,edcd62cbccc337c2,2,16188,17074,r,"76561198345978555",AntyVirus,true,3
5922,edcd62cbccc337c2,2,16357,17253,!unpause,"76561198976881234",bluewh1te,true,2
5923,edcd62cbccc337c2,5,41330,43531,.tac,"76561198002372151",kinqie,true,2
5924,edcd62cbccc337c2,20,139664,147025,!tac,"76561198014062117",Frontsiderr,true,2
5925,edcd62cbccc337c2,24,169540,178463,!tac,"76561198014062117",Frontsiderr,true,2
5926,edcd62cbccc337c2,25,182756,192367,ns,"76561198237043662",z1Nny,false,3
5927,edcd62cbccc337c2,27,196682,207025,.TECH,"76561199095171343",executor,true,3
5928,edcd62cbccc337c2,27,198067,208480,nosebleed,"76561199095171343",executor,true,3
5929,edcd62cbccc337c2,27,205063,215844,.r,"76561198002372151",kinqie,true,3
5930,edcd62cbccc337c2,27,207353,218252,nl,"76561198345978555",AntyVirus,true,2
5931,edcd62cbccc337c2,27,207593,218509,nl,"76561198219424312",suonko,true,2
5932,edcd62cbccc337c2,27,207600,218516,nlnl,"76561198345978555",AntyVirus,true,2
5933,edcd62cbccc337c2,27,207646,218562,ping,"76561198345978555",AntyVirus,true,2
5934,edcd62cbccc337c2,27,207665,218581,nl,"76561198219424312",suonko,true,2
5935,edcd62cbccc337c2,27,208510,219470,!tech,"76561198014062117",Frontsiderr,true,2
5936,edcd62cbccc337c2,27,208607,219572,one more,"76561199134711371",SpavaQu,true,2
5937,edcd62cbccc337c2,27,208650,219615,!pause,"76561198014062117",Frontsiderr,true,2
5938,edcd62cbccc337c2,27,208886,219865,!pause,"76561198345978555",AntyVirus,true,2
5939,edcd62cbccc337c2,27,209037,220022,!tech,"76561198345978555",AntyVirus,true,2
5940,edcd62cbccc337c2,27,209078,220067,we have ping,"76561198014062117",Frontsiderr,true,2
5941,edcd62cbccc337c2,27,209155,220150,!,"76561198345978555",AntyVirus,true,2
5942,edcd62cbccc337c2,27,209275,220274,!pause,"76561198345978555",AntyVirus,true,2
5943,edcd62cbccc337c2,27,209351,220356,.tech,"76561199095171343",executor,true,3
5944,edcd62cbccc337c2,27,209457,220465,gg,"76561198345978555",AntyVirus,true,2
5945,edcd62cbccc337c2,27,209494,220507,nlnl,"76561198002372151",kinqie,true,3
5946,edcd62cbccc337c2,27,209740,220765,nl,"76561198145768818",KIRO,true,3
5947,edcd62cbccc337c2,27,209754,220779,nl,"76561198014062117",Frontsiderr,true,2
5948,edcd62cbccc337c2,27,210803,221881,rr and r,"76561198219424312",suonko,true,2
5949,edcd62cbccc337c2,27,210888,221973,rr,"76561198345978555",AntyVirus,true,2
5950,edcd62cbccc337c2,27,212086,223232,rr and go,"76561198345978555",AntyVirus,false,2
5951,edcd62cbccc337c2,27,212141,223289,admin,"76561198345978555",AntyVirus,false,2
5952,edcd62cbccc337c2,27,212778,223964,restore and r,"76561198219424312",suonko,true,2
5953,edcd62cbccc337c2,27,212879,224065,!unpause,"76561198345978555",AntyVirus,false,2
5954,edcd62cbccc337c2,27,213723,224958,type unpause maybe,"76561198345978555",AntyVirus,false,2
5955,edcd62cbccc337c2,27,214341,225607,no guns,"76561199095171343",executor,true,3
5956,edcd62cbccc337c2,27,214423,225689,one more,"76561199095171343",executor,true,3
5957,edcd62cbccc337c2,27,214425,225691,one more ,"76561199134711371",SpavaQu,true,2
5958,edcd62cbccc337c2,27,216001,227351,r,"76561198219424312",suonko,true,2
5959,edcd62cbccc337c2,27,216147,227502,r,"76561198002372151",kinqie,true,3
5960,edcd62cbccc337c2,27,216248,227613,!unpause,"76561198345978555",AntyVirus,true,2
5961,edcd62cbccc337c2,30,247620,260647,!tech,"76561198345978555",AntyVirus,false,3
5962,edcd62cbccc337c2,31,253858,267206,R,"76561198976881234",bluewh1te,true,2
5963,edcd62cbccc337c2,31,254491,267875,toilet ,"76561198345978555",AntyVirus,true,3
5964,edcd62cbccc337c2,31,254545,267933,one,"76561198345978555",AntyVirus,true,3
5965,edcd62cbccc337c2,31,255321,268749,.unpause,"76561198219424312",suonko,true,3
5966,edcd62cbccc337c2,36,300002,315780,gg,"76561198345978555",AntyVirus,false,2
5967,edcd62cbccc337c2,36,300117,315905,gg,"76561198002372151",kinqie,true,3
5968,edcd62cbccc337c2,36,300256,316050,gg,"76561199134711371",SpavaQu,false,2
5969,"42d8bad9b90e9c7",16,83726,88161,.tac,"76561198002372151",kinqie,true,2
5970,"42d8bad9b90e9c7",20,120486,126841,gg,"76561198976881234",bluewh1te,false,2
5971,"42d8bad9b90e9c7",20,120501,126858,gg,"76561198002372151",kinqie,false,2
5972,"42d8bad9b90e9c7",20,120565,126928,gg,"76561198345978555",AntyVirus,false,3
5973,"21dcf45a9eed6d84",2,6327,6733,.tech,"76561198012618668",@wastzera,true,3
5974,"21dcf45a9eed6d84",2,9891,10503,fone fks,"76561198012618668",@wastzera,true,3
5975,"21dcf45a9eed6d84",2,11389,12083,.unpause,"76561198012618668",@wastzera,true,3
5976,"21dcf45a9eed6d84",2,11639,12354,.unpause,"76561199163957904",deemO,true,2
5977,"21dcf45a9eed6d84",12,87730,92821,!ready ,"76561199099962277",revoltz,true,2
5978,"21dcf45a9eed6d84",16,109031,115372,!tac,"76561198063479252",j0w,true,3
5979,"2e0ccb276a0f195d",1,662,737,viado,"76561199163957904",deemO,true,2
5980,"2e0ccb276a0f195d",6,26002,27535,sem som,"76561198012618668",@wastzera,true,3
5981,"2e0ccb276a0f195d",6,26560,28126,!unpause,"76561198012618668",@wastzera,true,3
5982,"2e0ccb276a0f195d",6,26693,28270,volto jka,"76561198424887725",lacerda,true,3
5983,"2e0ccb276a0f195d",6,26829,28412,!Unpause ,"76561199099962277",revoltz,true,2
5984,"2e0ccb276a0f195d",6,28046,29701,!unpause,"76561199163957904",deemO,true,2
5985,"2e0ccb276a0f195d",12,64328,68068,!ready,"76561199163957904",deemO,true,2
5986,"2e0ccb276a0f195d",12,64555,68306,.ready,"76561198012618668",@wastzera,false,3
5987,"2e0ccb276a0f195d",17,89930,95170,gg,"76561198012618668",@wastzera,false,2
5988,"2e0ccb276a0f195d",17,90286,95543,GG,"76561197960839239",waveigl,false,2
5989,"313f9694f6044536",6,33924,35741,mic problem,"76561199181968192",Something,true,2
5990,"313f9694f6044536",6,34096,35923,npnp,"76561198063589111",Avou,true,3
5991,"313f9694f6044536",6,39462,41571,r,"76561199181968192",Something,true,2
5992,"313f9694f6044536",6,39603,41718,r,"76561198272908956",Kralle,true,3
5993,"313f9694f6044536",19,141612,149078,!tech,"76561199021962584",KusMe,true,3
5994,"313f9694f6044536",19,143411,150972,!UNPAUSE,"76561199181968192",Something,true,3
5995,"313f9694f6044536",19,143588,151157,!Unpause,"76561198249839608",Botman,true,2
5996,"313f9694f6044536",54,418781,440844,gg,"76561198249839608",Botman,false,3
5997,"313f9694f6044536",54,418811,440876,gg,"76561198111020725",Bukhavez,false,3
5998,"4cd3de9691838b8b",13,88724,94770,WE R,"76561198991278425",Krabeni,true,3
5999,"4cd3de9691838b8b",13,88727,94773,.ready,"76561198197951546",X5G7V,true,2
6000,"4cd3de9691838b8b",13,88794,94844,!readfy,"76561198991278425",Krabeni,true,3
6001,"4cd3de9691838b8b",13,88859,94916,!ready,"76561198991278425",Krabeni,true,3
6002,"4cd3de9691838b8b",13,89041,95110,.ready,"76561198991278425",Krabeni,true,3
6003,"4cd3de9691838b8b",15,101482,108386,GG,"76561198991278425",Krabeni,false,3
6004,"4cd3de9691838b8b",15,101611,108520,gg,"76561199167176654",kashl1d,false,2
6005,"4cd3de9691838b8b",15,101614,108523,gg,"76561198972795853",lauNX,true,3
6006,"6c39cfc7f9d8bab6",1,619,749,.ready,"76561198991278425",Krabeni,true,2
6007,"6c39cfc7f9d8bab6",1,732,866,.ready,"76561198197951546",X5G7V,true,3
6008,"6c39cfc7f9d8bab6",1,959,1129,admin start pls thx,"76561198197951546",X5G7V,true,3
6009,"6c39cfc7f9d8bab6",1,5429,6210,eta admin?,"76561198972795853",lauNX,true,2
6010,"6c39cfc7f9d8bab6",1,7820,8914,not  ready,"76561198972795853",lauNX,true,2
6011,"6c39cfc7f9d8bab6",1,7824,8918,yes,"76561198197951546",X5G7V,true,3
6012,"6c39cfc7f9d8bab6",1,7870,8978,"1 toilet","76561198972795853",lauNX,true,2
6013,"6c39cfc7f9d8bab6",1,11259,12821,r,"76561198991278425",Krabeni,true,2
6014,"6c39cfc7f9d8bab6",8,64694,73479,gg,"76561198972795853",lauNX,false,2
6015,"6c39cfc7f9d8bab6",8,64840,73639,g,"76561199167176654",kashl1d,false,3
6016,"6c39cfc7f9d8bab6",8,64898,73711,g,"76561199167176654",kashl1d,false,3
6017,"33de35c026ecd383",13,91832,97658,.ready,"76561198156778414",ArtFr0st,true,3
6018,"33de35c026ecd383",13,92093,97931,.ready,"76561197960710573",NBK-,true,2
6019,"33de35c026ecd383",13,92127,97970,.ready,"76561198274686035",Brooxsy,true,2
6020,"33de35c026ecd383",15,112513,119545,k,"76561198161194875",Chucky ,true,2
6021,"33de35c026ecd383",15,112697,119739,i did,"76561198372023214",Magnojez,true,3
6022,"33de35c026ecd383",15,114361,121493,r,"76561198372023214",Magnojez,true,3
6023,"33de35c026ecd383",15,114446,121589,rdy,"76561197960710573",NBK-,true,2
6024,"33de35c026ecd383",34,254130,269345,battery died,"76561197960710573",NBK-,true,2
6025,"33de35c026ecd383",34,254344,269570,)),"76561197960710573",NBK-,true,2
6026,"33de35c026ecd383",34,258277,273735,!ready,"76561198167785069",s1ren,true,3
6027,"33de35c026ecd383",34,262410,278100,good now?,"76561197960710573",NBK-,true,2
6028,"33de35c026ecd383",34,264581,280399,he's logged in on his end,"76561197960710573",NBK-,true,2
6029,"33de35c026ecd383",34,266867,282816,ye doing it,"76561197960710573",NBK-,true,2
6030,"33de35c026ecd383",34,266892,282844,yt,"76561198274686035",Brooxsy,true,2
6031,"33de35c026ecd383",34,268606,284655,good ?,"76561198274686035",Brooxsy,true,2
6032,"33de35c026ecd383",34,268624,284676,now?,"76561197960710573",NBK-,true,2
6033,"33de35c026ecd383",34,268990,285062,y,"76561198274686035",Brooxsy,true,2
6034,"33de35c026ecd383",34,269026,285103,rdy,"76561197960710573",NBK-,true,2
6035,"33de35c026ecd383",34,269031,285108,r,"76561198372023214",Magnojez,true,3
6036,"33de35c026ecd383",34,269066,285143,r,"76561198156778414",ArtFr0st,true,3
6037,"2c371ad452ad8bd6",13,80751,85875,y,"76561198274686035",Brooxsy,true,3
6038,"2c371ad452ad8bd6",13,80869,86005,r,"76561198372023214",Magnojez,true,2
6039,"2c371ad452ad8bd6",13,80881,86017,rdy,"76561197960710573",NBK-,true,3
6040,"2c371ad452ad8bd6",13,81348,86508,!ready,"76561198372023214",Magnojez,true,2
6041,"2c371ad452ad8bd6",24,167447,177969,gg,"76561197960710573",NBK-,false,3
6042,"19200d3ab2e99adc",1,847,1068,r,"76561198372023214",Magnojez,true,3
6043,"19200d3ab2e99adc",1,1670,2091,r,"76561198047876970",Djoko,true,2
6044,"19200d3ab2e99adc",1,1727,2168,r,"76561198156778414",ArtFr0st,true,3
6045,"19200d3ab2e99adc",1,1814,2255,rdy,"76561197960710573",NBK-,true,2
6046,"19200d3ab2e99adc",6,42649,52552,!tech,"76561198146207066",Boombl4,true,2
6047,"19200d3ab2e99adc",6,42805,52752,!pause,"76561198146207066",Boombl4,true,2
6048,"19200d3ab2e99adc",6,42933,52912,.tech,"76561198146207066",Boombl4,true,2
6049,"19200d3ab2e99adc",6,43866,54049,stream for coach,"76561198146207066",Boombl4,true,2
6050,"19200d3ab2e99adc",6,43892,54091,discord issue,"76561198372023214",Magnojez,true,2
6051,"19200d3ab2e99adc",6,43930,54141,is lagging,"76561198146207066",Boombl4,true,2
6052,"19200d3ab2e99adc",6,45340,55859,r,"76561198372023214",Magnojez,true,2
6053,"19200d3ab2e99adc",6,45491,56054,rdy,"76561197960710573",NBK-,true,3
6054,"19200d3ab2e99adc",6,45974,56637,Y,"76561198274686035",Brooxsy,true,3
6055,"19200d3ab2e99adc",6,54973,67695,gg,"76561197960710573",NBK-,false,3
6056,e2bf3b12c9a923b7,13,100306,106659,.ready,"76561198156778414",ArtFr0st,true,3
6057,e2bf3b12c9a923b7,13,100481,106846,.ready,"76561197960710573",NBK-,true,2
6058,e2bf3b12c9a923b7,13,100647,107021,r,"76561198372023214",Magnojez,true,3
6059,e2bf3b12c9a923b7,15,111367,118411,.pause,"76561198146207066",Boombl4,true,3
6060,e2bf3b12c9a923b7,15,111552,118606,exit lag change loc,"76561198146207066",Boombl4,true,3
6061,e2bf3b12c9a923b7,15,111616,118679,"5sec","76561198146207066",Boombl4,true,3
6062,e2bf3b12c9a923b7,15,111767,118835,kk,"76561197960710573",NBK-,true,2
6063,e2bf3b12c9a923b7,15,116624,123977,r,"76561198372023214",Magnojez,true,3
6064,e2bf3b12c9a923b7,15,116884,124250,r,"76561198274686035",Brooxsy,true,2
6065,e2bf3b12c9a923b7,24,184468,195823,gg,"76561198372023214",Magnojez,false,3
6066,e2bf3b12c9a923b7,24,184469,195824,GG,"76561198274686035",Brooxsy,false,2
6067,e2bf3b12c9a923b7,24,184528,195887,gg,"76561197960710573",NBK-,false,2
6068,e2bf3b12c9a923b7,24,184534,195894,gg,"76561198081528911",misutaaa,false,2
6069,e2bf3b12c9a923b7,24,184578,195943,gg,"76561198124884044",wasiNk,false,2
6070,c7345237a5dfa992,1,1095,1204,.ready,"76561198029203966",naitte,true,2
6071,c7345237a5dfa992,1,1153,1270,.ready,"76561198014498951",Noktse,true,3
6072,c7345237a5dfa992,1,2773,2998,.r,"76561198003142163",WOOD7,true,2
6073,c7345237a5dfa992,3,16838,18040,.r,"76561198003142163",WOOD7,true,3
6074,c7345237a5dfa992,3,16990,18205,.ready,"76561198014498951",Noktse,true,2
6075,c7345237a5dfa992,3,18443,19752,.READY,"76561198029203966",naitte,true,3
6076,c7345237a5dfa992,5,32259,34506,.tac,"76561198014498951",Noktse,true,2
6077,f42b390caf907f03,4,20794,22249,r,"76561198148561509",cass1n,true,3
6078,f42b390caf907f03,4,20800,22256,r,"76561198003142163",WOOD7,true,2
6079,f42b390caf907f03,4,20806,22262,r,"76561198029203966",naitte,true,2
6080,f42b390caf907f03,4,20844,22306,r,"76561198199343350",buda,true,3
6081,f42b390caf907f03,11,69819,74608,nl,"76561198003142163",WOOD7,true,2
6082,f42b390caf907f03,11,69906,74696,ta pausado,"76561198003142163",WOOD7,true,2
6083,f42b390caf907f03,11,70006,74807,nao contou,"76561198003142163",WOOD7,true,2
6084,f42b390caf907f03,11,70010,74812,!tech,"76561198422434044",tomaszin,true,3
6085,f42b390caf907f03,11,70060,74863,o pause,"76561198003142163",WOOD7,true,2
6086,f42b390caf907f03,11,70113,74916,as 2x,"76561198003142163",WOOD7,true,2
6087,f42b390caf907f03,11,70138,74944,npnp,"76561198422434044",tomaszin,true,3
6088,f42b390caf907f03,11,70190,75003,.TEC,"76561198029203966",naitte,true,2
6089,f42b390caf907f03,11,70272,75088,ta,"76561198014498951",Noktse,true,3
6090,d1f2b40914788553,10,58451,62457,.tech,"76561198003142163",WOOD7,true,3
6091,d1f2b40914788553,10,58730,62755,pause n ta funcionando,"76561198003142163",WOOD7,true,3
6092,d1f2b40914788553,10,58995,63040,e vote,"76561198014498951",Noktse,true,2
6093,d1f2b40914788553,10,59049,63094,eh vote,"76561198148561509",cass1n,true,2
6094,d1f2b40914788553,10,59141,63196,ss,"76561198257770857",ksloks,true,3
6095,d1f2b40914788553,10,59319,63385,!tech,"76561198003142163",WOOD7,true,3
6096,d1f2b40914788553,10,59449,63520,tamo votando e n vai,"76561198257770857",ksloks,true,3
6097,d1f2b40914788553,10,59467,63539,.r,"76561198003142163",WOOD7,true,3
6098,d1f2b40914788553,10,59677,63765,ah pdp,"76561198148561509",cass1n,true,2
6099,d1f2b40914788553,10,59840,63937,.r,"76561198014498951",Noktse,true,2
6100,d1f2b40914788553,13,79117,84548,r,"76561198257770857",ksloks,true,2
6101,d1f2b40914788553,13,79192,84628,r,"76561198014498951",Noktse,true,3
6102,d1f2b40914788553,13,79303,84747,.READY,"76561198029203966",naitte,true,2
6103,d1f2b40914788553,13,79613,85081,.ready,"76561198014498951",Noktse,true,3
6104,d1f2b40914788553,16,106442,113727,.tac,"76561198003142163",WOOD7,true,2
6105,d1f2b40914788553,23,159175,170042,gg,"76561198370183186",nardes,false,2
6106,ac043a7b8a12fa2c,1,29,73,hefe,"76561198829202374",Sdaim,true,2
6107,ac043a7b8a12fa2c,1,378,443,hfhf,"76561199132217533",maxster,true,3
6108,ac043a7b8a12fa2c,1,635,718,hfhf,"76561198060916227",bobeksde,true,3
6109,ac043a7b8a12fa2c,1,745,834,hf,"76561199235199664",dex,true,3
6110,ac043a7b8a12fa2c,1,871,967,"23","76561198060916227",bobeksde,true,3
6111,ac043a7b8a12fa2c,1,1374,1509,"21","76561198119088041",SELLTER,true,2
6112,ac043a7b8a12fa2c,3,13800,14768,!tech ,"76561198119088041",SELLTER,true,2
6113,ac043a7b8a12fa2c,3,13990,14971,!pause,"76561198119088041",SELLTER,true,2
6114,ac043a7b8a12fa2c,3,14196,15192,all good,"76561198843372097",mag1k3Y,true,2
6115,ac043a7b8a12fa2c,3,14214,15213,nvm ,"76561198119088041",SELLTER,true,2
6116,ac043a7b8a12fa2c,9,66104,70609,!tac,"76561198119088041",SELLTER,true,2
6117,ac043a7b8a12fa2c,13,117107,125083,!READY,"76561198829202374",Sdaim,true,3
6118,ac043a7b8a12fa2c,13,117300,125289,.ready,"76561198031554200",JW,true,2
6119,ac043a7b8a12fa2c,13,117591,125605,.ready,"76561198829202374",Sdaim,true,3
6120,ac043a7b8a12fa2c,13,117592,125606,.r,"76561199173322766",tex1y,true,3
6121,ac043a7b8a12fa2c,13,119811,127972,hf,"76561199235199664",dex,true,2
6122,ac043a7b8a12fa2c,13,126781,135422,ns\,"76561199173322766",tex1y,false,3
6123,ac043a7b8a12fa2c,16,135697,144931,!tech,"76561198119088041",SELLTER,true,3
6124,ac043a7b8a12fa2c,16,135727,144962,!pause,"76561198157261011",NMV,false,3
6125,ac043a7b8a12fa2c,16,135783,145027,!pause,"76561198119088041",SELLTER,true,3
6126,ac043a7b8a12fa2c,16,135900,145148,!tech,"76561198157261011",NMV,false,3
6127,ac043a7b8a12fa2c,16,135976,145233,.tech,"76561198829202374",Sdaim,true,3
6128,ac043a7b8a12fa2c,16,135978,145236,.tech,"76561198119088041",SELLTER,true,3
6129,ac043a7b8a12fa2c,16,136323,145599,ts problems,"76561198829202374",Sdaim,true,3
6130,ac043a7b8a12fa2c,16,136482,145769,loss ,"76561198119088041",SELLTER,true,3
6131,ac043a7b8a12fa2c,16,138694,148137,are we allowed to speak during tech admin?,"76561198031554200",JW,true,2
6132,ac043a7b8a12fa2c,16,141290,150903,trying exit for ts,"76561198157261011",NMV,false,3
6133,ac043a7b8a12fa2c,16,148401,158497,changing ts ,"76561198119088041",SELLTER,true,3
6134,ac043a7b8a12fa2c,16,154884,165423,can we go now ?,"76561198119088041",SELLTER,true,3
6135,ac043a7b8a12fa2c,16,155073,165625,we R,"76561199235199664",dex,true,2
6136,ac043a7b8a12fa2c,16,155250,165815,!ready,"76561198843372097",mag1k3Y,true,3
6137,ac043a7b8a12fa2c,16,155530,166112,.unpause,"76561198119088041",SELLTER,true,3
6138,ac043a7b8a12fa2c,16,155541,166126,.ready,"76561198843372097",mag1k3Y,true,3
6139,ac043a7b8a12fa2c,16,155680,166272,!unpause,"76561198119088041",SELLTER,true,3
6140,ac043a7b8a12fa2c,16,156130,166757,we R aswell,"76561198119088041",SELLTER,true,3
6141,ac043a7b8a12fa2c,16,159624,170489,hefe,"76561198829202374",Sdaim,true,3
6142,"38ca2c43af583894",1,67,111,rolf i think u smell just fine man tbh ,"76561198119088041",SELLTER,true,2
6143,"38ca2c43af583894",1,467,537,hahahahaha,"76561198060916227",bobeksde,true,3
6144,"38ca2c43af583894",1,524,595,hfhf23,"76561198060916227",bobeksde,true,3
6145,"38ca2c43af583894",1,753,843,thanks ,"76561198071096426",Ro1f,true,3
6146,"38ca2c43af583894",1,1143,1260,"21","76561198119088041",SELLTER,true,2
6147,"38ca2c43af583894",10,61344,65515,!throw,"76561199235199664",dex,true,3
6148,"38ca2c43af583894",10,61719,65917,bind,"76561199235199664",dex,true,3
6149,"38ca2c43af583894",13,101856,108794,.ready,"76561198119088041",SELLTER,true,3
6150,"38ca2c43af583894",13,108019,115377,hf21,"76561198119088041",SELLTER,true,3
6151,"38ca2c43af583894",13,108275,115648,ghf,"76561198829202374",Sdaim,true,3
6152,"38ca2c43af583894",13,108536,115925,hfhf,"76561198060916227",bobeksde,true,2
6153,"5c3bb5c9692c9cc8",1,220,294,R,"76561198119088041",SELLTER,true,3
6154,"5c3bb5c9692c9cc8",1,1040,1222,r,"76561198031554200",JW,true,2
6155,"5c3bb5c9692c9cc8",1,1197,1405,R,"76561198119088041",SELLTER,true,3
6156,"5c3bb5c9692c9cc8",1,1279,1493,r,"76561198071096426",Ro1f,true,2
6157,"5c3bb5c9692c9cc8",1,1280,1494,yes,"76561198843372097",mag1k3Y,true,3
6158,"5c3bb5c9692c9cc8",1,1606,1866,hf21 boys sorry ,"76561198119088041",SELLTER,true,3
6159,"5c3bb5c9692c9cc8",1,2178,2516,hfhfhfhfhfhhhfhfhfhfhfhfhfhhfhfh23,"76561198060916227",bobeksde,true,2
6160,"5c3bb5c9692c9cc8",1,2196,2534,hfhf,"76561199132217533",maxster,true,2
6161,"5c3bb5c9692c9cc8",1,2543,2933,eeeeeennnnjjjjjjjoooooooyyyyyyyyy,"76561199132217533",maxster,true,2
6162,"5c3bb5c9692c9cc8",4,27293,31032,he is charging ,"76561198119088041",SELLTER,true,3
6163,"5c3bb5c9692c9cc8",4,28648,32571,pita good?,"76561198031554200",JW,true,2
6164,"5c3bb5c9692c9cc8",4,28665,32590,good?,"76561199132217533",maxster,true,2
6165,"5c3bb5c9692c9cc8",4,30718,34915,iphone so bad in 2026,"76561199173322766",tex1y,true,3
6166,"5c3bb5c9692c9cc8",4,30931,35161,ong,"76561199235199664",dex,true,2
6167,"5c3bb5c9692c9cc8",4,31695,36029,for how long will he charge?,"76561199132217533",maxster,true,2
6168,"5c3bb5c9692c9cc8",4,31939,36307,i have 12%,"76561199235199664",dex,true,2
6169,"5c3bb5c9692c9cc8",4,32830,37314,"1 min","76561198829202374",Sdaim,true,3
6170,"5c3bb5c9692c9cc8",4,32905,37403,and r,"76561198829202374",Sdaim,true,3
6171,"5c3bb5c9692c9cc8",4,37927,43104,now check,"76561198157261011",NMV,false,3
6172,"5c3bb5c9692c9cc8",4,37938,43117,gg,"76561198829202374",Sdaim,true,3
6173,"5c3bb5c9692c9cc8",4,38375,43608,couple mins cause the 2nd phone is from ancient times ,"76561198119088041",SELLTER,true,3
6174,"5c3bb5c9692c9cc8",4,38656,43936,BROR,"76561199235199664",dex,true,2
6175,"5c3bb5c9692c9cc8",4,39062,44394,i need to charge ,"76561199235199664",dex,true,2
6176,"5c3bb5c9692c9cc8",4,39187,44537,minmaxing here,"76561199235199664",dex,true,2
6177,"5c3bb5c9692c9cc8",4,39695,45111,can u do it on the way?,"76561198119088041",SELLTER,true,3
6178,"5c3bb5c9692c9cc8",4,40482,46002,he is joining camera already ,"76561198119088041",SELLTER,true,3
6179,"5c3bb5c9692c9cc8",4,41065,46663,the phone is just REALLY old ,"76561198119088041",SELLTER,true,3
6180,"5c3bb5c9692c9cc8",4,41241,46865,i cant charge while playing,"76561199235199664",dex,true,2
6181,"5c3bb5c9692c9cc8",4,41399,47047,my phone iscooked,"76561199235199664",dex,true,2
6182,"5c3bb5c9692c9cc8",4,41797,47499,what phone ,"76561198119088041",SELLTER,true,3
6183,"5c3bb5c9692c9cc8",4,41883,47601,net to spin the cable around the phone 3x to charge,"76561199235199664",dex,true,2
6184,"5c3bb5c9692c9cc8",4,41967,47693,iphone 13,"76561199235199664",dex,true,2
6185,"5c3bb5c9692c9cc8",4,42035,47767,honor v400 lite ,"76561198119088041",SELLTER,true,3
6186,"5c3bb5c9692c9cc8",4,42366,48147,:D,"76561198829202374",Sdaim,true,3
6187,"5c3bb5c9692c9cc8",4,42857,48710,HONOR,"76561198071096426",Ro1f,true,2
6188,"5c3bb5c9692c9cc8",4,43032,48905,:D,"76561198829202374",Sdaim,true,3
6189,"5c3bb5c9692c9cc8",4,43567,49506,u have honor rolf ?,"76561198119088041",SELLTER,true,3
6190,"5c3bb5c9692c9cc8",4,43849,49832,yes,"76561198071096426",Ro1f,true,2
6191,"5c3bb5c9692c9cc8",4,44127,50142,honor  v8000,"76561198071096426",Ro1f,true,2
6192,"5c3bb5c9692c9cc8",4,44537,50610,how many megapixels camera ,"76561198119088041",SELLTER,true,3
6193,"5c3bb5c9692c9cc8",4,45061,51206,"248mp","76561198071096426",Ro1f,true,2
6194,"5c3bb5c9692c9cc8",4,45163,51328,good for him?,"76561198829202374",Sdaim,true,3
6195,"5c3bb5c9692c9cc8",4,45259,51430,check now admin ,"76561198119088041",SELLTER,true,3
6196,"5c3bb5c9692c9cc8",4,45838,52087,r,"76561198031554200",JW,true,2
6197,"5c3bb5c9692c9cc8",4,45934,52203,.unpause,"76561198829202374",Sdaim,true,3
6198,"5c3bb5c9692c9cc8",4,45957,52226,WE R,"76561198119088041",SELLTER,true,3
6199,"5c3bb5c9692c9cc8",4,45973,52242,.r,"76561198829202374",Sdaim,true,3
6200,"5c3bb5c9692c9cc8",4,46235,52537,u can see jupiter,"76561198071096426",Ro1f,true,2
6201,"5c3bb5c9692c9cc8",4,48811,55471,red light green light ,"76561198119088041",SELLTER,true,3
6202,"5c3bb5c9692c9cc8",4,48907,55573,hfhf21,"76561198119088041",SELLTER,true,3
6203,"5c3bb5c9692c9cc8",4,48952,55624,HF,"76561199235199664",dex,true,2
6204,"5c3bb5c9692c9cc8",4,49081,55771,"67","76561199235199664",dex,true,2
6205,"5c3bb5c9692c9cc8",4,49293,56011,hfhf95,"76561199132217533",maxster,true,2
6206,"5c3bb5c9692c9cc8",4,49741,56523,hfhf,"76561198060916227",bobeksde,true,2
6207,"5c3bb5c9692c9cc8",8,85652,97291,gg,"76561198060916227",bobeksde,true,2
6208,"4644991b2742d7b6",1,723,864,r,"76561198071096426",Ro1f,true,2
6209,"4644991b2742d7b6",1,727,870,yyy r,"76561198031554200",JW,true,2
6210,"4644991b2742d7b6",1,910,1075,r,"76561198843372097",mag1k3Y,true,3
6211,"4644991b2742d7b6",3,21292,24212,!tac,"76561198119088041",SELLTER,true,3
6212,"4644991b2742d7b6",3,21610,24564,.tac,"76561198119088041",SELLTER,true,3
6213,"4644991b2742d7b6",7,64676,73462,GG,"76561198060916227",bobeksde,false,2
6214,"4644991b2742d7b6",7,64783,73571,пп,"76561198829202374",Sdaim,false,3
6215,"4644991b2742d7b6",7,64842,73650,gg,"76561198829202374",Sdaim,false,3
6216,"16abf70c8fc8f663",1,260,320,r,"76561198031554200",JW,true,3
6217,"16abf70c8fc8f663",1,949,1109,.tech ,"76561198119088041",SELLTER,true,2
6218,"16abf70c8fc8f663",1,1143,1329,wc sry ,"76561198119088041",SELLTER,true,2
6219,"16abf70c8fc8f663",1,1787,2053,R ,"76561198119088041",SELLTER,true,2
6220,"16abf70c8fc8f663",1,1834,2112,go ,"76561198119088041",SELLTER,true,2
6221,"16abf70c8fc8f663",1,1909,2199,r,"76561198031554200",JW,true,3
6222,"16abf70c8fc8f663",1,2048,2358,.unpause,"76561198829202374",Sdaim,true,2
6223,"16abf70c8fc8f663",1,2722,3116,.ready,"76561199173322766",tex1y,true,2
6224,"16abf70c8fc8f663",1,3137,3585,rrrr,"76561198031554200",JW,true,3
6225,"16abf70c8fc8f663",1,4113,4696,R,"76561198119088041",SELLTER,true,2
6226,"16abf70c8fc8f663",4,37200,42249,ns,"76561199173322766",tex1y,false,2
6227,"16abf70c8fc8f663",4,37241,42292,ns,"76561199173322766",tex1y,false,2
6228,"16abf70c8fc8f663",4,37529,42614,ty,"76561198031554200",JW,false,3
6229,"16abf70c8fc8f663",14,113997,129462,ns,"76561199173322766",tex1y,false,2
6230,"16abf70c8fc8f663",14,114643,130188,ty,"76561199235199664",dex,false,3
6231,"16abf70c8fc8f663",20,159435,181057,GG,"76561199235199664",dex,false,2
6232,"16abf70c8fc8f663",20,159528,181170,gg,"76561198060916227",bobeksde,true,2
6233,"16abf70c8fc8f663",20,159555,181197,ns,"76561198031554200",JW,false,2
6234,"16abf70c8fc8f663",20,159573,181215,GG,"76561198071096426",Ro1f,true,2
6235,"16abf70c8fc8f663",20,159598,181240,gg,"76561198031554200",JW,false,2
6236,"16abf70c8fc8f663",20,159685,181343,ggwp,"76561199132217533",maxster,true,2
6237,"3fc881868233db88",12,90160,96280,.ready,"76561198217764976",danistzz,false,2
6238,"3fc881868233db88",13,92348,98629,.READTY,"76561199181360085",flouzer,true,2
6239,"3fc881868233db88",13,92830,99147,.ready,"76561198217764976",danistzz,true,3
6240,"3fc881868233db88",16,119634,127751,gg,"76561199011712245",h0kz,false,3
6241,"3fc881868233db88",16,119646,127765,gg,"76561199032610185",ayuki,true,2
6242,"3fc881868233db88",16,119680,127803,GEGE,"76561199181360085",flouzer,true,2
6243,"3fc881868233db88",16,119692,127815,ggwp,"76561197990579879",Jumpy,false,3
6244,"3fc881868233db88",16,119720,127843,gg,"76561198156774221",z1k4,true,2
6245,"630088bb1b27ebff",1,181,244,good now,"76561198217764976",danistzz,true,3
6246,"630088bb1b27ebff",1,277,356,had loss,"76561198217764976",danistzz,true,3
6247,"630088bb1b27ebff",1,515,630,!ready,"76561198288540801",Patsi,true,3
6248,"630088bb1b27ebff",1,602,719,r,"76561199181360085",flouzer,true,2
6249,"630088bb1b27ebff",1,730,871,.ready,"76561198217764976",danistzz,true,3
6250,c86922d0f8fea8c6,13,79834,85259,.ready,"76561198217764976",danistzz,true,3
6251,c86922d0f8fea8c6,13,79885,85312,"1min","76561199181360085",flouzer,true,2
6252,c86922d0f8fea8c6,13,79955,85392,wc,"76561199181360085",flouzer,true,2
6253,c86922d0f8fea8c6,13,83342,89005,r,"76561199181360085",flouzer,true,2
6254,c86922d0f8fea8c6,13,83740,89433,.ready,"76561199181360085",flouzer,true,2
6255,c86922d0f8fea8c6,13,84861,90626,!pause,"76561198217764976",danistzz,true,3
6256,c86922d0f8fea8c6,13,85167,90957,nlnl,"76561198217764976",danistzz,true,3
6257,a68ee15d9071726e,13,78930,84312,.ready,"76561199181360085",flouzer,true,3
6258,a68ee15d9071726e,13,79284,84691,.ready,"76561198217764976",danistzz,true,2
6259,a68ee15d9071726e,20,136285,145090,tech adm,"76561199181360085",flouzer,true,3
6260,a68ee15d9071726e,20,136483,145249,!tech,"76561199036285926",senka,true,3
6261,a68ee15d9071726e,20,137582,146164,yep,"76561199181360085",flouzer,true,3
6262,a68ee15d9071726e,20,137763,146323,inc,"76561199181360085",flouzer,true,3
6263,a68ee15d9071726e,20,140424,148688,r,"76561199032610185",ayuki,true,3
6264,a68ee15d9071726e,20,140429,148693,r,"76561199181360085",flouzer,true,3
6265,a68ee15d9071726e,20,140840,149045,r,"76561198288540801",Patsi,true,2
6266,a68ee15d9071726e,22,163610,173246,GG,"76561198397132290",R4DYX,false,2
6267,a68ee15d9071726e,22,163660,173302,gg,"76561199011712245",h0kz,false,2
6268,a68ee15d9071726e,22,163729,173375,gg,"76561199032610185",ayuki,false,3
6269,a68ee15d9071726e,22,163749,173395,gg,"76561198156774221",z1k4,false,3
6270,a68ee15d9071726e,22,164022,173687,gg,"76561199036285926",senka,false,3
6271,"6e0e8a618cacdda5",1,132,181,ty,"76561199032610185",ayuki,true,2
6272,"6e0e8a618cacdda5",1,188,277,good,"76561199181360085",flouzer,true,2
6273,"6e0e8a618cacdda5",1,212,305,r,"76561199181360085",flouzer,true,2
6274,"6e0e8a618cacdda5",1,780,1029,.ready,"76561198217764976",danistzz,true,3
6275,"6e0e8a618cacdda5",10,75111,95447,gg,"76561199011712245",h0kz,false,3
6276,"6e0e8a618cacdda5",10,75227,95591,gg,"76561199032610185",ayuki,false,2
6277,"56f0db56dffd44dd",1,5,48,np ,"76561198981301404",Tom1jed,true,2
6278,"56f0db56dffd44dd",1,301,399,but same round,"76561198077857805",naz,true,2
6279,"56f0db56dffd44dd",1,499,645,we have no guns,"76561198077857805",naz,true,2
6280,"56f0db56dffd44dd",1,1075,1365,we won last round,"76561198307171910",decenty,true,3
6281,"56f0db56dffd44dd",1,1140,1466,mb,"76561198077857805",naz,true,2
6282,"56f0db56dffd44dd",1,1333,1707,r,"76561198077857805",naz,true,2
6283,"56f0db56dffd44dd",1,1406,1788,r,"76561198307171910",decenty,true,3
6284,"56f0db56dffd44dd",1,1463,1849,.ready,"76561198307171910",decenty,true,3
6285,"56f0db56dffd44dd",1,1560,1990,r,"76561198981301404",Tom1jed,true,2
6286,"56f0db56dffd44dd",1,1633,2067,!ready,"76561198981301404",Tom1jed,true,2
6287,"56f0db56dffd44dd",4,35548,44561,gg,"76561198361613212",abizz,false,3
6288,"56f0db56dffd44dd",4,35581,44594,gg,"76561199730255728",RUGO,false,3
6289,"56f0db56dffd44dd",4,35611,44628,gg,"76561198939861318",nacho,false,3
6290,"56f0db56dffd44dd",4,35723,44780,gg,"76561198010496342",exit,false,2
6291,"9ec6d7983bdd57bc",3,26137,27820,lagou p vcs,"76561198939861318",nacho,true,2
6292,"9ec6d7983bdd57bc",3,26185,27869,tb,"76561198939861318",nacho,true,2
6293,"9ec6d7983bdd57bc",4,26260,27945,?,"76561198939861318",nacho,true,2
6294,"9ec6d7983bdd57bc",4,26409,28104,não,"76561198010496342",exit,true,3
6295,"9ec6d7983bdd57bc",4,26497,28200,!pause,"76561198307171910",decenty,true,3
6296,"9ec6d7983bdd57bc",4,26525,28232,!tec,"76561199096031141",kye,true,3
6297,"9ec6d7983bdd57bc",4,26663,28374,!tech,"76561199096031141",kye,true,3
6298,"9ec6d7983bdd57bc",4,26670,28382,.tech,"76561198010496342",exit,true,3
6299,"9ec6d7983bdd57bc",4,26689,28404,!tech,"76561198307171910",decenty,true,3
6300,"9ec6d7983bdd57bc",4,26894,28624,lagou mt no meio de round,"76561198939861318",nacho,true,2
6301,"9ec6d7983bdd57bc",4,26931,28663,mic zevy,"76561198307171910",decenty,true,3
6302,"9ec6d7983bdd57bc",4,26941,28673,lol,"76561198939861318",nacho,true,2
6303,"9ec6d7983bdd57bc",4,28174,29979,mic problem,"76561198307171910",decenty,true,3
6304,"9ec6d7983bdd57bc",4,28303,30119,mic problem,"76561198157388473",Lucaozy,true,3
6305,"9ec6d7983bdd57bc",4,29942,31860,.ready,"76561198307171910",decenty,true,3
6306,"9ec6d7983bdd57bc",4,30259,32195,"30s","76561198157388473",Lucaozy,true,3
6307,"9ec6d7983bdd57bc",4,30427,32375,we r,"76561198307171910",decenty,true,3
6308,"9ec6d7983bdd57bc",4,30555,32515,r,"76561198997188511",ivz,true,2
6309,"9ec6d7983bdd57bc",4,30576,32536,r,"76561198981301404",Tom1jed,true,2
6310,"9ec6d7983bdd57bc",4,30676,32638,r,"76561199096031141",kye,true,3
6311,"9ec6d7983bdd57bc",4,30684,32647,!unpause,"76561198981301404",Tom1jed,true,2
6312,"9ec6d7983bdd57bc",4,30875,32851,.unpause,"76561198307171910",decenty,true,3
6313,"9ec6d7983bdd57bc",5,39292,41795,mic again,"76561198157388473",Lucaozy,true,3
6314,"9ec6d7983bdd57bc",5,39450,41965,!tech,"76561199096031141",kye,true,3
6315,"9ec6d7983bdd57bc",5,39462,41977,!tech,"76561198157388473",Lucaozy,true,3
6316,"9ec6d7983bdd57bc",5,39465,41980,.tech,"76561198010496342",exit,true,3
6317,"9ec6d7983bdd57bc",5,40746,43345,the microphone just stop,"76561199096031141",kye,true,3
6318,"9ec6d7983bdd57bc",5,41280,43911,idk why,"76561199096031141",kye,true,3
6319,"9ec6d7983bdd57bc",5,43499,46267,y,"76561199096031141",kye,true,3
6320,"9ec6d7983bdd57bc",5,44478,47306,R,"76561198157388473",Lucaozy,true,3
6321,"9ec6d7983bdd57bc",5,44544,47380,r,"76561198307171910",decenty,true,3
6322,"9ec6d7983bdd57bc",5,44660,47500,r,"76561198981301404",Tom1jed,true,2
6323,"9ec6d7983bdd57bc",5,44809,47661,.unpause,"76561198307171910",decenty,true,3
6324,"9ec6d7983bdd57bc",10,92301,98128,r,"76561199096031141",kye,true,3
6325,"9ec6d7983bdd57bc",10,92344,98177,go,"76561199096031141",kye,true,3
6326,"9ec6d7983bdd57bc",10,92366,98202,r,"76561198010496342",exit,true,3
6327,"9ec6d7983bdd57bc",10,92773,98635,r,"76561198981301404",Tom1jed,true,2
6328,"9ec6d7983bdd57bc",13,117754,125198,.ready,"76561198307171910",decenty,true,2
6329,"9ec6d7983bdd57bc",13,117757,125201,"1sec","76561199096031141",kye,true,2
6330,"9ec6d7983bdd57bc",13,118020,125484,monitor zevy,"76561199096031141",kye,true,2
6331,"9ec6d7983bdd57bc",13,118414,125902,r,"76561199096031141",kye,true,2
6332,"9ec6d7983bdd57bc",13,118451,125939,r,"76561198307171910",decenty,true,2
6333,"9ec6d7983bdd57bc",13,118565,126063,"1s wc","76561198981301404",Tom1jed,true,3
6334,"9ec6d7983bdd57bc",13,118727,126233,not r,"76561198077857805",naz,true,3
6335,"9ec6d7983bdd57bc",13,121513,129194,.ready,"76561198157388473",Lucaozy,true,2
6336,"9ec6d7983bdd57bc",13,122298,130028,!ready,"76561198981301404",Tom1jed,true,3
6337,"9ec6d7983bdd57bc",13,122444,130185,.ready,"76561198981301404",Tom1jed,true,3
6338,"9ec6d7983bdd57bc",13,122855,130620,r here,"76561198981301404",Tom1jed,true,3
6339,"9ec6d7983bdd57bc",13,123145,130929,r,"76561198157388473",Lucaozy,true,2
6340,"9ec6d7983bdd57bc",13,123237,131027,-r,"76561198981301404",Tom1jed,true,3
6341,"9ec6d7983bdd57bc",13,123291,131083,.r,"76561198981301404",Tom1jed,true,3
6342,"9ec6d7983bdd57bc",13,123431,131233,!ready,"76561199096031141",kye,true,2
6343,"9ec6d7983bdd57bc",13,127419,135474,?,"76561198157388473",Lucaozy,true,2
6344,"9ec6d7983bdd57bc",13,127536,135594,lv,"76561198010496342",exit,true,2
6345,"9ec6d7983bdd57bc",13,127536,135594,?,"76561198981301404",Tom1jed,true,3
6346,"9ec6d7983bdd57bc",13,127591,135656,nl?,"76561199730255728",RUGO,false,3
6347,"9ec6d7983bdd57bc",13,127603,135670,nl?,"76561198981301404",Tom1jed,true,3
6348,"9ec6d7983bdd57bc",13,127713,135782,lv,"76561198307171910",decenty,true,2
6349,"9ec6d7983bdd57bc",13,127756,135830,lv,"76561198307171910",decenty,true,2
6350,"9ec6d7983bdd57bc",13,127846,135925,lv ok,"76561198981301404",Tom1jed,true,3
6351,"9ec6d7983bdd57bc",15,144411,153527,cellphone without battery,"76561199730255728",RUGO,false,3
6352,"9ec6d7983bdd57bc",15,144775,153914,sec,"76561199730255728",RUGO,false,3
6353,"9ec6d7983bdd57bc",15,147522,156834,on it,"76561199730255728",RUGO,false,3
6354,"9ec6d7983bdd57bc",15,147683,157004,yep,"76561198361613212",abizz,true,3
6355,"9ec6d7983bdd57bc",15,148151,157506,fixing,"76561198077857805",naz,true,3
6356,"9ec6d7983bdd57bc",15,156536,166413,few mins ,"76561198077857805",naz,true,3
6357,"9ec6d7983bdd57bc",15,156581,166464,"2-3 ","76561198077857805",naz,true,3
6358,"9ec6d7983bdd57bc",15,160889,171040,turning on cellphone,"76561199730255728",RUGO,false,3
6359,"9ec6d7983bdd57bc",15,161461,171648,"1-2 min and go","76561199730255728",RUGO,false,3
6360,"9ec6d7983bdd57bc",15,164522,174901,eta?,"76561198157388473",Lucaozy,true,2
6361,"9ec6d7983bdd57bc",15,165237,175665,"1","76561198077857805",naz,true,3
6362,"9ec6d7983bdd57bc",15,165635,176087,can u check adm,"76561198077857805",naz,true,3
6363,"9ec6d7983bdd57bc",15,165728,176182,all good?,"76561199730255728",RUGO,false,3
6364,"9ec6d7983bdd57bc",15,165779,176239,if its good now,"76561198077857805",naz,true,3
6365,"9ec6d7983bdd57bc",15,166040,176516,r,"76561198157388473",Lucaozy,true,2
6366,"9ec6d7983bdd57bc",15,167441,178003,he is r,"76561198077857805",naz,true,3
6367,"9ec6d7983bdd57bc",15,167856,178443,r,"76561198077857805",naz,true,3
6368,"9ec6d7983bdd57bc",15,167890,178481,r,"76561198157388473",Lucaozy,true,2
6369,"9ec6d7983bdd57bc",23,228954,243374,.tech,"76561198010496342",exit,true,2
6370,"9ec6d7983bdd57bc",23,229110,243536,loss,"76561198010496342",exit,true,2
6371,"9ec6d7983bdd57bc",23,230297,244800,no,"76561198077857805",naz,true,3
6372,"9ec6d7983bdd57bc",23,231390,245960,entire fluxo,"76561198010496342",exit,true,2
6373,"9ec6d7983bdd57bc",23,231636,246224,we are at the same place,"76561198010496342",exit,true,2
6374,"9ec6d7983bdd57bc",23,235484,250314,high ping,"76561199422519262",Zevy,true,2
6375,"9ec6d7983bdd57bc",23,235521,250354,a little bit but not 100%,"76561198010496342",exit,true,2
6376,"9ec6d7983bdd57bc",23,236200,251071,we gonna wait more 5 minutes ok?,"76561198307171910",decenty,true,2
6377,"9ec6d7983bdd57bc",23,241596,256806,variation,"76561199422519262",Zevy,true,2
6378,"9ec6d7983bdd57bc",23,242605,257883,ping and loss,"76561199422519262",Zevy,true,2
6379,"9ec6d7983bdd57bc",23,243042,258345,if dont spike in 20 sec we can go,"76561198307171910",decenty,true,2
6380,"9ec6d7983bdd57bc",23,243365,258690,we r lf solutions,"76561199422519262",Zevy,true,2
6381,"9ec6d7983bdd57bc",23,243999,259362,no we are not,"76561198010496342",exit,true,2
6382,"9ec6d7983bdd57bc",23,244858,260273,its another tournament's area that we are using,"76561198010496342",exit,true,2
6383,"9ec6d7983bdd57bc",23,245164,260599,maybe they are downloading something,"76561198010496342",exit,true,2
6384,"9ec6d7983bdd57bc",23,246429,261946,r,"76561198157388473",Lucaozy,true,2
6385,"9ec6d7983bdd57bc",23,246627,262157,r,"76561198981301404",Tom1jed,true,3
6386,"9ec6d7983bdd57bc",23,246833,262377,r,"76561198307171910",decenty,true,2
6387,"1d5f18612c41478e",3,19135,20364,!pause,"76561198157388473",Lucaozy,false,2
6388,"1d5f18612c41478e",4,19261,20503,!tac,"76561198157388473",Lucaozy,true,2
6389,"1d5f18612c41478e",12,81811,86975,.ready,"76561198307171910",decenty,false,2
6390,"1d5f18612c41478e",12,81816,86980,r,"76561199096031141",kye,false,2
6391,"1d5f18612c41478e",13,81989,87182,r,"76561198981301404",Tom1jed,true,2
6392,"1d5f18612c41478e",13,82165,87368,.ready,"76561198307171910",decenty,true,3
6393,"1d5f18612c41478e",13,83483,88766,!tac,"76561198157388473",Lucaozy,true,3
6394,"1d5f18612c41478e",13,83523,88812,.tech,"76561198010496342",exit,true,3
6395,"1d5f18612c41478e",13,84171,89499,r,"76561199096031141",kye,true,3
6396,"1d5f18612c41478e",13,84382,89722,!unpause,"76561199096031141",kye,true,3
6397,"1d5f18612c41478e",13,84386,89726,r,"76561198981301404",Tom1jed,true,2
6398,"1d5f18612c41478e",13,84463,89809,.ready,"76561198307171910",decenty,true,3
6399,"1d5f18612c41478e",25,179197,190484,!tech,"76561198307171910",decenty,true,3
6400,"1d5f18612c41478e",25,179375,190674,!tech,"76561199096031141",kye,true,3
6401,"1d5f18612c41478e",25,179664,190976,.TECH,"76561198010496342",exit,true,3
6402,"1d5f18612c41478e",25,179674,190988,!tech,"76561199096031141",kye,true,3
6403,"1d5f18612c41478e",25,179748,191071,nl,"76561198997188511",ivz,true,2
6404,"1d5f18612c41478e",25,182890,194406,r,"76561198981301404",Tom1jed,true,2
6405,"1d5f18612c41478e",25,183091,194619,"1s","76561198307171910",decenty,true,3
6406,"1d5f18612c41478e",25,184852,196491,we r,"76561198077857805",naz,true,2
6407,"1d5f18612c41478e",25,185577,197262,"1 wc","76561199096031141",kye,true,3
6408,"1d5f18612c41478e",25,185730,197427,"10 sec","76561199096031141",kye,true,3
6409,"1d5f18612c41478e",25,186072,197793,.r,"76561198157388473",Lucaozy,true,3
6410,"1d5f18612c41478e",25,186336,198069,!ready,"76561198157388473",Lucaozy,true,3
6411,"1d5f18612c41478e",25,186522,198267,r,"76561198981301404",Tom1jed,true,2
6412,"1d5f18612c41478e",27,206714,219723,nl,"76561198157388473",Lucaozy,true,3
6413,"1d5f18612c41478e",27,206822,219843,pode ser?,"76561198157388473",Lucaozy,true,3
6414,"1d5f18612c41478e",27,207032,220065,tem danho,"76561198981301404",Tom1jed,true,2
6415,"1d5f18612c41478e",27,207295,220340,"po, eu sei","76561198157388473",Lucaozy,true,3
6416,"1d5f18612c41478e",27,207457,220515,mas é em vcs,"76561198157388473",Lucaozy,true,3
6417,"1d5f18612c41478e",27,207656,220726,e a net dos mlks caiy,"76561198157388473",Lucaozy,true,3
6418,"1d5f18612c41478e",27,208115,221216,bora nl,"76561198981301404",Tom1jed,true,2
6419,"1d5f18612c41478e",27,208382,221500,vlw!,"76561198157388473",Lucaozy,true,3
6420,"1d5f18612c41478e",27,208986,222140,guys,"76561198307171910",decenty,false,3
6421,"1d5f18612c41478e",27,209179,222345,net caiu,"76561198307171910",decenty,false,3
6422,"1d5f18612c41478e",27,209335,222513,pode fair play:,"76561198307171910",decenty,false,3
6423,"1d5f18612c41478e",27,209340,222518,np,"76561198981301404",Tom1jed,true,2
6424,"1d5f18612c41478e",27,209448,222631,sim,"76561199730255728",RUGO,false,2
6425,"1d5f18612c41478e",27,209453,222637,?,"76561198307171910",decenty,false,3
6426,"1d5f18612c41478e",27,209510,222700,NL,"76561199730255728",RUGO,false,2
6427,"1d5f18612c41478e",27,209616,222807,ty guys,"76561199096031141",kye,false,3
6428,"1d5f18612c41478e",27,209630,222824,jogo ta mo daora,"76561198307171910",decenty,false,3
6429,"1d5f18612c41478e",27,211201,224496,internet down on fluxo,"76561199730255728",RUGO,false,2
6430,"1d5f18612c41478e",27,211268,224567,restore,"76561198077857805",naz,true,2
6431,"1d5f18612c41478e",27,211326,224625,our internet went down,"76561198010496342",exit,false,3
6432,"1d5f18612c41478e",27,211545,224859,we want restore ,"76561198010496342",exit,false,3
6433,"1d5f18612c41478e",27,212016,225363,both teams agree,"76561198307171910",decenty,false,3
6434,"7840dabee8ab3148",1,94,144,vlw,"76561198388056582",drop,true,3
6435,"7840dabee8ab3148",6,55512,61960,.ready,"76561198388056582",drop,true,2
6436,"7840dabee8ab3148",6,56780,63368,.ready,"76561198135228658",gafolo,true,3
6437,"7840dabee8ab3148",16,142388,158416,!tech,"76561198251931752",chay,true,2
6438,"7840dabee8ab3148",16,142496,158534,!pause,"76561198251931752",chay,true,2
6439,"7840dabee8ab3148",16,142565,158609,.tech,"76561198307734468",rdnzao,true,3
6440,"7840dabee8ab3148",16,142580,158624,.tech,"76561198135228658",gafolo,true,3
6441,"7840dabee8ab3148",16,142622,158668,.tec,"76561198251931752",chay,true,2
6442,"7840dabee8ab3148",16,146548,163047,!unpause,"76561198135228658",gafolo,true,3
6443,"7840dabee8ab3148",16,146905,163446,"1s","76561198251931752",chay,true,2
6444,"7840dabee8ab3148",16,146910,163451,r,"76561198135228658",gafolo,true,3
6445,"7840dabee8ab3148",16,147661,164286,r,"76561198251931752",chay,true,2
6446,"7840dabee8ab3148",24,221651,246774,.tec,"76561198251931752",chay,true,3
6447,"7840dabee8ab3148",24,221733,246878,.tech,"76561198251931752",chay,true,3
6448,"7840dabee8ab3148",24,222206,247395,.r,"76561198251931752",chay,true,3
6449,"7840dabee8ab3148",24,222294,247503,!unpause,"76561198388056582",drop,true,3
6450,"7840dabee8ab3148",24,222456,247675,!unpause,"76561198135228658",gafolo,true,2
6451,"7840dabee8ab3148",24,222800,248056,.ready,"76561198135228658",gafolo,true,2
6452,"2ec3d9f47144d6b0",1,577,652,hfhf,"76561198885430317",history,true,3
6453,"2ec3d9f47144d6b0",1,700,779,hfhf,"76561198809462276",koala,true,2
6454,"2ec3d9f47144d6b0",3,22606,23938,aight,"76561198388056582",drop,false,3
6455,"2ec3d9f47144d6b0",4,24352,25783,era tech,"76561198251931752",chay,true,3
6456,"2ec3d9f47144d6b0",4,24870,26332,can u check?,"76561198388056582",drop,true,3
6457,"2ec3d9f47144d6b0",4,26535,28096,!tech,"76561198385657675",kauez,true,3
6458,"2ec3d9f47144d6b0",4,26653,28216,!tec,"76561198385657675",kauez,true,3
6459,"2ec3d9f47144d6b0",4,26780,28352,!pause,"76561198251931752",chay,true,3
6460,"2ec3d9f47144d6b0",4,26882,28462,.tec,"76561198385657675",kauez,true,3
6461,"2ec3d9f47144d6b0",4,26998,28582,.tech,"76561198251931752",chay,true,3
6462,"2ec3d9f47144d6b0",4,27040,28626,!tech,"76561199030972198",maxxkor,true,2
6463,"2ec3d9f47144d6b0",4,30231,32002,now?,"76561198388056582",drop,true,3
6464,"2ec3d9f47144d6b0",4,42255,44721,any news?,"76561198809462276",koala,true,2
6465,"2ec3d9f47144d6b0",4,43057,45569,ta trocando a cam,"76561198385657675",kauez,true,3
6466,"2ec3d9f47144d6b0",4,48853,51696,good now?,"76561198385657675",kauez,true,3
6467,"2ec3d9f47144d6b0",4,49720,52613,r,"76561198135228658",gafolo,true,2
6468,"2ec3d9f47144d6b0",4,49770,52668,=D,"76561198385657675",kauez,true,3
6469,"2ec3d9f47144d6b0",4,49812,52710,r,"76561198251931752",chay,true,3
6470,"2ec3d9f47144d6b0",8,88088,93175,.tac,"76561198388056582",drop,true,3
6471,"2ec3d9f47144d6b0",8,88336,93443,nl,"76561198885430317",history,true,3
6472,"2ec3d9f47144d6b0",8,88357,93466,nL,"76561198388056582",drop,true,3
6473,"2ec3d9f47144d6b0",8,88666,93787,ok,"76561198809462276",koala,true,2
6474,"2ec3d9f47144d6b0",8,88803,93934,ok,"76561198135228658",gafolo,true,2
6475,"2ec3d9f47144d6b0",8,89228,94381,vcs pausaram com !pause ou tac?,"76561198388056582",drop,true,3
6476,"2ec3d9f47144d6b0",8,89527,94702,votacao,"76561198135228658",gafolo,true,2
6477,"4b9f468f018eb6d7",1,200,254,hfhf,"76561198809462276",koala,true,3
6478,"4b9f468f018eb6d7",1,325,382,hfhf,"76561198885430317",history,true,2
6479,"4b9f468f018eb6d7",1,328,385,hfhf,"76561198251931752",chay,true,2
6480,"4727868233e005e",17,123699,130172,we dont now what happen,"76561198371650378",tsug,true,2
6481,"4727868233e005e",17,124142,130637,wainting markz message,"76561198371650378",tsug,true,2
6482,"4727868233e005e",18,139666,146947,markz monitor,"76561198371650378",tsug,true,2
6483,"4727868233e005e",18,140024,147325,r,"76561198371650378",tsug,true,2
6484,"4727868233e005e",18,140355,147676,!Unpause,"76561198087000963",Reix,true,3
6485,"4727868233e005e",22,172558,181553,gg,"76561198220006596",Tatu,false,2
6486,"8797b74c6a944569",10,67886,71479,nl?,"76561198870669960",pazini,true,3
6487,"8797b74c6a944569",10,68424,72047,to  miaudo,"76561198134059030",Machado,true,2
6488,"8797b74c6a944569",11,73039,76900,joining,"76561198371650378",tsug,true,3
6489,"8797b74c6a944569",11,76339,80369,r,"76561198371650378",tsug,true,3
6490,"8797b74c6a944569",11,76492,80532,wc,"76561198087000963",Reix,true,2
6491,"8797b74c6a944569",11,76890,80951,r,"76561198134059030",Machado,true,2
6492,"8797b74c6a944569",20,153362,161445,gg,"76561198371650378",tsug,false,2
6493,"8797b74c6a944569",20,153424,161512,gg,"76561198870669960",pazini,false,2
6494,"8797b74c6a944569",20,153495,161583,gg,"76561198087000963",Reix,true,3
6495,"8797b74c6a944569",20,153507,161595,gg guys,"76561198141336852",antonini,true,3
6496,"8797b74c6a944569",20,153800,161909,gg,"76561198338251862",Markz,false,2
6497,cc96bd94935ccadc,1,60,111,hfhf,"76561198054929073",SBT,true,2
6498,cc96bd94935ccadc,7,42572,44844,.tac,"76561198052546265",Calyx,true,3
6499,cc96bd94935ccadc,9,62612,65930,!tac,"76561198054929073",SBT,true,2
6500,cc96bd94935ccadc,10,71554,75341,b,"76561198405751018",Emstar,true,3
6501,cc96bd94935ccadc,10,71751,75548,sry tsay,"76561198405751018",Emstar,true,3
6502,cc96bd94935ccadc,19,133967,141035,.tac,"76561198052546265",Calyx,true,2
6503,cc96bd94935ccadc,21,155284,163467,.tech,"76561198052546265",Calyx,true,2
6504,cc96bd94935ccadc,21,155719,163922,ping,"76561198833268012",LugseN,true,2
6505,cc96bd94935ccadc,21,157966,166290,i go wc fast,"76561198806854565",Polo,true,3
6506,cc96bd94935ccadc,21,167690,176520,r,"76561198091819631",Ex1st,true,3
6507,cc96bd94935ccadc,21,168312,177178,R,"76561198172837021",rigoN,true,2
6508,cc96bd94935ccadc,21,168494,177370,.ready,"76561198172837021",rigoN,true,2
6509,cc96bd94935ccadc,21,168552,177428,!unpause,"76561198091819631",Ex1st,true,3
6510,cc96bd94935ccadc,21,176921,186237,gg,"76561198054929073",SBT,false,3
6511,"6ee1894cb4d6bdee",1,3343,3562,!stay,"76561198975452660",Woro2k,true,3
6512,"6ee1894cb4d6bdee",1,3493,3716,!ready,"76561198975452660",Woro2k,true,3
6513,"6ee1894cb4d6bdee",1,3884,4128,!ready,"76561198091819631",Ex1st,true,2
6514,"6ee1894cb4d6bdee",1,4347,4621,.read,"76561198052546265",Calyx,true,3
6515,"6ee1894cb4d6bdee",1,4424,4698,.ready,"76561198052546265",Calyx,true,3
6516,"6ee1894cb4d6bdee",1,5224,5536,hfhf,"76561198054929073",SBT,true,2
6517,"6ee1894cb4d6bdee",9,53969,56826,.tech,"76561198172837021",rigoN,true,3
6518,"6ee1894cb4d6bdee",9,54192,57060,emstar lagging,"76561198172837021",rigoN,true,3
6519,"6ee1894cb4d6bdee",9,54262,57139,crashing,"76561198172837021",rigoN,true,3
6520,"6ee1894cb4d6bdee",9,58804,61913,r,"76561198405751018",Emstar,true,3
6521,"6ee1894cb4d6bdee",9,58861,61978,i guess,"76561198405751018",Emstar,true,3
6522,"6ee1894cb4d6bdee",9,58914,62032,r,"76561198806854565",Polo,true,2
6523,"6ee1894cb4d6bdee",9,58959,62077,r,"76561198091819631",Ex1st,true,2
6524,"6ee1894cb4d6bdee",9,59094,62222,.unpause,"76561198172837021",rigoN,true,3
6525,"6ee1894cb4d6bdee",9,59159,62287,sorry sometimes crashes game,"76561198405751018",Emstar,true,3
6526,"6ee1894cb4d6bdee",9,59274,62412,teleprorting,"76561198405751018",Emstar,true,3
6527,"6ee1894cb4d6bdee",11,78584,82710,ns,"76561198172837021",rigoN,true,3
6528,"6ee1894cb4d6bdee",12,89824,93731,gh,"76561198806854565",Polo,false,2
6529,"6ee1894cb4d6bdee",12,89949,93863,gh,"76561198054929073",SBT,false,2
6530,"6ee1894cb4d6bdee",16,114448,119659,gg,"76561198235230328",Sk1tt,false,3
6531,"6ee1894cb4d6bdee",16,114480,119691,gg,"76561198172837021",rigoN,true,2
6532,"6ee1894cb4d6bdee",16,114488,119699,gg,"76561198054929073",SBT,false,3
6533,"6ee1894cb4d6bdee",16,114514,119725,ggwpğ,"76561198405751018",Emstar,false,2
6534,f105089e01a366e2,1,257,309,hfhf,"76561198054929073",SBT,true,3
6535,f105089e01a366e2,5,35031,36900,!tac,"76561198975452660",Woro2k,true,2
6536,f105089e01a366e2,11,86170,90709,.tac,"76561198172837021",rigoN,true,2
6537,f105089e01a366e2,11,86172,90711,.tac,"76561198052546265",Calyx,true,2
6538,f105089e01a366e2,16,127006,133703,!pause,"76561198054929073",SBT,true,2
6539,f105089e01a366e2,16,127234,133946,!tech,"76561198091819631",Ex1st,true,2
6540,f105089e01a366e2,16,127421,134142,camera issue,"76561198091819631",Ex1st,true,2
6541,f105089e01a366e2,16,127519,134244,camera fall,"76561198054929073",SBT,true,2
6542,f105089e01a366e2,16,128559,135338,!unpause,"76561198091819631",Ex1st,true,2
6543,f105089e01a366e2,16,128574,135355,r?,"76561198054929073",SBT,true,2
6544,f105089e01a366e2,16,128703,135488,r,"76561198172837021",rigoN,true,3
6545,f105089e01a366e2,19,150274,158190,!tac,"76561198054929073",SBT,true,2
6546,f105089e01a366e2,22,179642,189092,gg,"76561198806854565",Polo,false,2
6547,f105089e01a366e2,22,179723,189177,gg,"76561198172837021",rigoN,false,3
6548,f105089e01a366e2,22,179826,189285,gg,"76561198054929073",SBT,false,2
6549,f105089e01a366e2,22,179851,189313,ggwp,"76561198405751018",Emstar,false,3
6550,e0d75302c1915558,13,88391,93867,.READY,"76561198222442504",n0rb3r7,true,2
6551,e0d75302c1915558,13,88426,93907,r,"76561197998197366",mopoz,true,3
6552,f4717d3bec87a9f5,10,67618,71549,battery off,"76561197998197366",mopoz,true,2
6553,f4717d3bec87a9f5,10,67691,71622,battery off,"76561198417348056",dav1g,true,2
6554,f4717d3bec87a9f5,10,71878,76052,r,"76561197998197366",mopoz,true,2
6555,f4717d3bec87a9f5,10,71902,76076,R,"76561198222442504",n0rb3r7,true,3
6556,f4717d3bec87a9f5,13,90931,96219,R,"76561197998197366",mopoz,true,3
6557,f4717d3bec87a9f5,13,91015,96312,.READY,"76561198222442504",n0rb3r7,true,2
6558,f4717d3bec87a9f5,23,159260,168481,!tech,"76561198222442504",n0rb3r7,true,2
6559,f4717d3bec87a9f5,23,159406,168638,!pause,"76561198222442504",n0rb3r7,true,2
6560,f4717d3bec87a9f5,23,159528,168765,.tech,"76561198222442504",n0rb3r7,true,2
6561,f4717d3bec87a9f5,23,160021,169286,lagged,"76561198153097618",mizu,true,2
6562,f4717d3bec87a9f5,23,160354,169641,kk,"76561197998197366",mopoz,true,3
6563,f4717d3bec87a9f5,23,160441,169728,r?,"76561198222442504",n0rb3r7,true,2
6564,f4717d3bec87a9f5,23,160757,170066,.ready,"76561198222442504",n0rb3r7,true,2
6565,f4717d3bec87a9f5,23,160905,170224,r,"76561198417348056",dav1g,true,3
6566,f4717d3bec87a9f5,23,160987,170307,.unpause,"76561198222442504",n0rb3r7,true,2
6567,f4717d3bec87a9f5,24,176465,186680,GG,"76561198102158293",dukefissura,false,2
6568,f4717d3bec87a9f5,24,176475,186690,gg wp,"76561197998197366",mopoz,false,3
6569,"52adbfbb4ba3aaef",1,32,78,hf,"76561198154095163",drg,true,3
6570,"52adbfbb4ba3aaef",1,224,281,hfhf,"76561198809462276",koala,true,2
6571,"52adbfbb4ba3aaef",12,81428,86159,!ready,"76561198135228658",gafolo,true,2
6572,fbcda64af4f459e9,1,140,195,hfhf,"76561198130490651",nython,true,2
6573,fbcda64af4f459e9,1,270,327,HFHF,"76561198809462276",koala,true,3
6574,fbcda64af4f459e9,1,306,368,hf,"76561198154095163",drg,true,2
6575,fbcda64af4f459e9,10,70442,74538,!READY,"76561198049794434",destiny,true,2
6576,fbcda64af4f459e9,10,70700,74807,.ready,"76561198135228658",gafolo,true,3
6577,fbcda64af4f459e9,10,70952,75074,!unpause,"76561198130490651",nython,true,2
6578,fbcda64af4f459e9,10,71078,75207,!unpause,"76561198135228658",gafolo,true,3
6579,"76609dbef55c685a",1,185,239,hfhf,"76561198885430317",history,true,2
6580,"76609dbef55c685a",1,386,453,hfhf,"76561197996370184",VINI,true,3
6581,"76609dbef55c685a",1,501,572,hfehfen,"76561198365118288",try,true,3
6582,"76609dbef55c685a",1,544,618,hfhffh,"76561198067763828",chelo,true,3
6583,"76609dbef55c685a",1,1530,1668,hfhf,"76561198251931752",chay,true,2
6584,"76609dbef55c685a",13,106596,113342,.ready,"76561197996370184",VINI,true,2
6585,"76609dbef55c685a",13,112475,119587,.ready,"76561198388056582",drop,true,3
6586,"76609dbef55c685a",17,144057,153150,.tac,"76561198365118288",try,true,2
6587,"76609dbef55c685a",17,144184,153286,!tac,"76561198365118288",try,true,2
6588,"76609dbef55c685a",17,144231,153336,!tac,"76561197996370184",VINI,true,2
6589,"76609dbef55c685a",20,176858,188010,GG,"76561198365118288",try,false,2
6590,"2cb0358094e6e7d",1,778,870,hfhf,"76561198885430317",history,true,3
6591,"2cb0358094e6e7d",1,1028,1135,hf,"76561197996370184",VINI,true,2
6592,"2cb0358094e6e7d",13,111570,118623,.ready,"76561198388056582",drop,true,2
6593,"2cb0358094e6e7d",13,111853,118920,.ready,"76561197996370184",VINI,true,3
6594,"2cb0358094e6e7d",14,129805,138000,lol,"76561198120491311",dav1deuS,false,2
6595,"2cb0358094e6e7d",14,129933,138131,xddd,"76561198365118288",try,false,3
6596,"2cb0358094e6e7d",23,204956,217855,GG,"76561198365118288",try,false,3
6597,addeab3e73dfac5,1,81,124,hfhf,"76561198885430317",history,true,2
6598,addeab3e73dfac5,13,99460,105748,.ready,"76561198388056582",drop,true,3
6599,addeab3e73dfac5,13,100244,106584,.ready,"76561197996370184",VINI,true,2
6600,addeab3e73dfac5,13,103076,109590,fixed,"76561198251931752",chay,true,3
6601,addeab3e73dfac5,13,104320,110918,phone died,"76561198251931752",chay,true,3
6602,addeab3e73dfac5,13,104548,111158,sec,"76561198385657675",kauez,true,3
6603,addeab3e73dfac5,13,105523,112193,.notready,"76561198388056582",drop,true,3
6604,addeab3e73dfac5,13,105835,112527,yeah,"76561198251931752",chay,true,3
6605,addeab3e73dfac5,13,107566,114368,we have to charge,"76561198385657675",kauez,true,3
6606,addeab3e73dfac5,13,107848,114663,no battery :P,"76561198388056582",drop,true,3
6607,addeab3e73dfac5,13,108752,115627,environment cam fixed,"76561198385657675",kauez,true,3
6608,addeab3e73dfac5,13,114946,122206,fixing,"76561198385657675",kauez,true,3
6609,addeab3e73dfac5,13,115182,122455,just a sec,"76561198385657675",kauez,true,3
6610,addeab3e73dfac5,13,122838,130592,.ready,"76561198388056582",drop,true,3
6611,addeab3e73dfac5,13,123012,130779,=D,"76561198385657675",kauez,true,3
6612,addeab3e73dfac5,13,123064,130833,hfhf,"76561198251931752",chay,true,3
6613,addeab3e73dfac5,13,123316,131107,hf galera,"76561198385657675",kauez,true,3
6614,addeab3e73dfac5,13,123866,131689,hfhf,"76561198365118288",try,true,2
6615,addeab3e73dfac5,17,152989,162631,!tech,"76561198388056582",drop,true,3
6616,addeab3e73dfac5,17,153078,162732,.tech,"76561198388056582",drop,true,3
6617,addeab3e73dfac5,20,177425,188602,.tech,"76561198388056582",drop,true,3
6618,addeab3e73dfac5,23,204874,217771,gg,"76561198365118288",try,false,2
6619,addeab3e73dfac5,23,205273,218196,gg,"76561198251931752",chay,false,3
6620,"78bd79f95393a72b",13,90121,96302,.ready,"76561198981301404",Tom1jed,true,3
6621,"78bd79f95393a72b",13,90942,97175,.ready,"76561198014498951",Noktse,true,2
6622,"78bd79f95393a72b",16,114887,122749,.tac,"76561198014498951",Noktse,true,2
6623,"78bd79f95393a72b",17,120640,128893,lpm timo,"76561198361613212",abizz,true,3
6624,"78bd79f95393a72b",17,120810,129074,me cagfaste el ace,"76561198361613212",abizz,true,3
6625,"78bd79f95393a72b",19,144047,153890,gg,"76561199730255728",RUGO,false,3
6626,a8c57cc52209161f,3,10562,11321,.tech,"76561198148561509",cass1n,true,2
6627,a8c57cc52209161f,3,13570,14513,r,"76561198014498951",Noktse,true,2
6628,a8c57cc52209161f,3,13757,14712,.unpause,"76561198014498951",Noktse,true,2
6629,a8c57cc52209161f,3,13807,14768,.r,"76561198981301404",Tom1jed,true,3
6630,a8c57cc52209161f,3,14057,15036,murio el admin,"76561199730255728",RUGO,false,3
6631,a8c57cc52209161f,3,14064,15043,falta el admin,"76561198077857805",naz,true,3
6632,a8c57cc52209161f,3,14131,15110,le mandamos,"76561198077857805",naz,true,3
6633,a8c57cc52209161f,3,14167,15149,?,"76561198077857805",naz,true,3
6634,a8c57cc52209161f,3,14265,15256,ss,"76561198148561509",cass1n,true,2
6635,a8c57cc52209161f,13,93085,99035,.ready,"76561198981301404",Tom1jed,true,2
6636,a8c57cc52209161f,13,93503,99478,"1SEC","76561198148561509",cass1n,true,3
6637,a8c57cc52209161f,13,97989,104244,"1 min admin our ac just broke and it's pooring water over us","76561198014498951",Noktse,true,3
6638,a8c57cc52209161f,13,102025,108533,we r,"76561198014498951",Noktse,true,3
6639,a8c57cc52209161f,13,102168,108685,.ready,"76561198014498951",Noktse,true,3
6640,a8c57cc52209161f,23,196920,209377,gg,"76561199730255728",RUGO,false,2
6641,"1aaf42cdb6da602c",7,42766,45707,.tac,"76561198014498951",Noktse,true,2
6642,"1aaf42cdb6da602c",13,88195,94239,.ready,"76561198981301404",Tom1jed,true,2
6643,"1aaf42cdb6da602c",13,88410,94471,.ready,"76561198014498951",Noktse,true,3
6644,d48a853d9c1e877e,12,89991,96147,gh,"76561198119088041",SELLTER,false,2
6645,d48a853d9c1e877e,13,90725,96958,.ready,"76561198034202275",s1mple,true,2
6646,d48a853d9c1e877e,13,91801,98103,hahaha,"76561198034202275",s1mple,true,2
6647,d48a853d9c1e877e,13,92388,98731,тебе нравится это всё сейчас ?,"76561198119088041",SELLTER,true,3
6648,d48a853d9c1e877e,13,92755,99123,kaifyy,"76561198034202275",s1mple,true,2
6649,d48a853d9c1e877e,13,93140,99534,выхавыхахвыахыва,"76561198119088041",SELLTER,true,3
6650,d48a853d9c1e877e,13,96253,102860,GOOD?,"76561198829202374",Sdaim,true,3
6651,d48a853d9c1e877e,13,97250,103927,gUd,"76561197997981170",MUTiRiS,true,2
6652,d48a853d9c1e877e,13,98794,105576,electronic kids gonna wake up to watch papa soon,"76561197997981170",MUTiRiS,true,2
6653,d48a853d9c1e877e,13,102284,109302,.ready,"76561198829202374",Sdaim,true,3
6654,d48a853d9c1e877e,19,157559,168336,GG,"76561198044045107",electronic,false,2
6655,baa6bbea8b2ffb45,13,89977,96148,!r,"76561198034202275",s1mple,true,3
6656,baa6bbea8b2ffb45,13,90088,96272,!ready,"76561198034202275",s1mple,true,3
6657,baa6bbea8b2ffb45,13,90169,96353,.ready,"76561198034202275",s1mple,true,3
6658,baa6bbea8b2ffb45,13,90273,96470,.ready,"76561198829202374",Sdaim,true,2
6659,baa6bbea8b2ffb45,13,96233,102835,good?,"76561198829202374",Sdaim,true,2
6660,baa6bbea8b2ffb45,13,97877,104584,tex1y's phone is dead ,"76561198119088041",SELLTER,true,2
6661,baa6bbea8b2ffb45,13,98131,104862,charging now ,"76561198119088041",SELLTER,true,2
6662,baa6bbea8b2ffb45,13,98491,105243,xd,"76561198034202275",s1mple,true,3
6663,baa6bbea8b2ffb45,13,98587,105345,we'll wait for him?,"76561198044045107",electronic,true,3
6664,baa6bbea8b2ffb45,13,98861,105637,i mean for his phone,"76561198044045107",electronic,true,3
6665,baa6bbea8b2ffb45,13,99303,106113,ну бля они вроде не начинаю без двух вебок ,"76561198119088041",SELLTER,true,2
6666,baa6bbea8b2ffb45,13,99538,106361,=|,"76561198044045107",electronic,true,3
6667,baa6bbea8b2ffb45,13,99825,106667,третье бо3 за сегодня телефону пизда уже ,"76561198119088041",SELLTER,true,2
6668,baa6bbea8b2ffb45,13,100202,107070,ta da ponimayu,"76561198044045107",electronic,true,3
6669,baa6bbea8b2ffb45,13,107134,114474,do we wait for his phone to charge admin ?,"76561198119088041",SELLTER,true,2
6670,baa6bbea8b2ffb45,13,108180,115591,"3% rn ","76561198119088041",SELLTER,true,2
6671,baa6bbea8b2ffb45,13,108717,116167,it will take some time 4real ,"76561198119088041",SELLTER,true,2
6672,baa6bbea8b2ffb45,13,112159,119844,"no, because the charging station is too far from the pc ","76561198119088041",SELLTER,true,2
6673,baa6bbea8b2ffb45,13,113634,121412,mejdy kartami zaryajat` mojno?,"76561198034202275",s1mple,true,3
6674,baa6bbea8b2ffb45,13,113951,121753,ili ne razrewayt?,"76561198034202275",s1mple,true,3
6675,baa6bbea8b2ffb45,13,114228,122049,ты думаешь мы не делаем ,"76561198119088041",SELLTER,true,2
6676,baa6bbea8b2ffb45,13,114652,122506,"у кого-то старые телефоны, они быстро сажаются ","76561198119088041",SELLTER,true,2
6677,baa6bbea8b2ffb45,13,115881,123814,vse good ,"76561198044045107",electronic,true,3
6678,baa6bbea8b2ffb45,13,118285,126386,"10","76561198119088041",SELLTER,true,2
6679,baa6bbea8b2ffb45,13,121894,130234,in the process rn ,"76561198119088041",SELLTER,true,2
6680,baa6bbea8b2ffb45,13,123927,132408,r,"76561198829202374",Sdaim,true,2
6681,baa6bbea8b2ffb45,13,124046,132539,check now ,"76561198119088041",SELLTER,true,2
6682,baa6bbea8b2ffb45,13,124473,132993,we are r if everything is okay ,"76561198119088041",SELLTER,true,2
6683,baa6bbea8b2ffb45,13,124919,133465,r,"76561198044045107",electronic,true,3
6684,baa6bbea8b2ffb45,13,127899,136654,hf21,"76561198119088041",SELLTER,true,2
6685,baa6bbea8b2ffb45,13,128263,137042,ghf,"76561198044045107",electronic,true,3
6686,baa6bbea8b2ffb45,24,211323,225742,ns,"76561199173322766",tex1y,false,2
6687,baa6bbea8b2ffb45,24,213612,228187,gg,"76561199173322766",tex1y,false,2
6688,"2b695c1803b50d24",1,78,126,hf21,"76561198119088041",SELLTER,true,3
6689,"2b695c1803b50d24",1,214,274,hfhf,"76561197997981170",MUTiRiS,true,2
6690,"2b695c1803b50d24",3,13842,14824,.tech,"76561197997981170",MUTiRiS,true,2
6691,"2b695c1803b50d24",3,13858,14842,.TECH,"76561198044045107",electronic,true,2
6692,"2b695c1803b50d24",3,15469,16558,!unpause,"76561198034202275",s1mple,true,2
6693,"2b695c1803b50d24",3,15652,16754,К,"76561198119088041",SELLTER,true,3
6694,"2b695c1803b50d24",3,15723,16831,R,"76561198119088041",SELLTER,true,3
6695,"2b695c1803b50d24",3,16066,17194,.unpause,"76561198829202374",Sdaim,true,3
6696,"2b695c1803b50d24",3,16222,17363,hf21,"76561198119088041",SELLTER,true,3
6697,"2b695c1803b50d24",7,55354,59150,ns,"76561199173322766",tex1y,false,3
6698,"2b695c1803b50d24",13,109032,116483,.ready,"76561198829202374",Sdaim,true,2
6699,"2b695c1803b50d24",13,114098,121897,!READY,"76561198860760060",krazy,true,3
6700,"2b695c1803b50d24",13,114402,122217,.ready,"76561198860760060",krazy,true,3
6701,"2b695c1803b50d24",13,114918,122769,.r,"76561199173322766",tex1y,true,2
6702,"2b695c1803b50d24",13,115075,122939,!ready,"76561199173322766",tex1y,true,2
6703,"653656c267079f32",1,47,90,can we start,"76561198367443733",few,true,2
6704,"653656c267079f32",1,5002,5355,!ready,"76561198274417433",Folke,true,2
6705,"653656c267079f32",9,62265,66212,!tac,"76561198249839608",Botman,true,3
6706,"653656c267079f32",12,87643,93200,!ready,"76561198249839608",Botman,false,3
6707,"653656c267079f32",12,87838,93407,!ready,"76561198274417433",Folke,false,2
6708,"653656c267079f32",16,103753,110285,!tech,"76561198272908956",kralle,true,2
6709,"653656c267079f32",16,111792,118830,!ready,"76561198249839608",Botman,true,2
6710,"653656c267079f32",16,111912,118961,!unpause,"76561198249839608",Botman,true,2
6711,"653656c267079f32",16,112162,119224,!unpause,"76561198055604641",fjZ,true,3
6712,"653656c267079f32",17,123213,130578,gg,"76561198274417433",Folke,true,3
6713,"5fcf39d9e0b4c677",1,4969,5322,!ready,"76561198274417433",Folke,true,3
6714,"5fcf39d9e0b4c677",7,45980,48910,!tech,"76561198063589111",Avou,true,2
6715,"5fcf39d9e0b4c677",7,46116,49057,headset,"76561198063589111",Avou,true,2
6716,"5fcf39d9e0b4c677",7,50163,53359,we good,"76561198063589111",Avou,true,2
6717,"5fcf39d9e0b4c677",7,50381,53589,r,"76561198367443733",few,true,3
6718,"5fcf39d9e0b4c677",7,50417,53625,!unpause,"76561198055604641",fjZ,true,3
6719,"5fcf39d9e0b4c677",12,94030,99932,!READY,"76561198274417433",Folke,false,3
6720,"5fcf39d9e0b4c677",12,94540,100472,!ready,"76561198063589111",Avou,false,2
6721,"5fcf39d9e0b4c677",12,94554,100486,!READY,"76561198249839608",Botman,false,2
6722,"5fcf39d9e0b4c677",14,102665,109038,!tac,"76561198274417433",Folke,true,2
6723,f3818ed6890c4ee3,1,512,591,everyone afk,"76561198156369374",SPELLAN,true,2
6724,f3818ed6890c4ee3,1,548,631,idk,"76561198156369374",SPELLAN,true,2
6725,f3818ed6890c4ee3,1,1720,1875,teodor <3,"76561199181968192",Something,true,3
6726,f3818ed6890c4ee3,1,3812,4099,nice ,"76561199181968192",Something,true,3
6727,f3818ed6890c4ee3,1,3882,4170,.ready,"76561199181968192",Something,true,3
6728,f3818ed6890c4ee3,1,5024,5384,.ready,"76561198092690259",KalubeR,true,2
6729,f3818ed6890c4ee3,1,6210,6640,hff,"76561198092690259",KalubeR,true,2
6730,f3818ed6890c4ee3,9,80101,85159,`,"76561198096372312",shady,true,3
6731,f3818ed6890c4ee3,12,110256,117220,gh,"76561198271282649",SKRiMO,false,2
6732,f3818ed6890c4ee3,12,110620,117608,gh,"76561198183557682",shaiK,false,2
6733,f3818ed6890c4ee3,12,111905,118978,.ready,"76561198156369374",SPELLAN,false,2
6734,f3818ed6890c4ee3,17,148512,157336,GG,"76561198271282649",SKRiMO,false,3
6735,f3818ed6890c4ee3,17,148538,157362,gg,"76561198183557682",shaiK,false,3
6736,"3bcc579735571249",1,3129,3389,.READY,"76561198156369374",SPELLAN,true,3
6737,"3bcc579735571249",1,4628,4984,.ready,"76561199181968192",Something,true,2
6738,"3bcc579735571249",6,47168,50198,!pause,"76561198440676599",AwaykeN,true,3
6739,"3bcc579735571249",6,48623,51738,"tech, awayken headset","76561198183557682",shaiK,true,3
6740,"3bcc579735571249",6,48880,52016,np,"76561199181968192",Something,true,2
6741,"3bcc579735571249",6,49150,52301,r?,"76561198183557682",shaiK,true,3
6742,"3bcc579735571249",6,49172,52323,!unpause,"76561198156369374",SPELLAN,true,3
6743,"3bcc579735571249",6,49456,52628,r,"76561199181968192",Something,true,2
6744,"3bcc579735571249",11,85196,90611,!tech,"76561198184955555",spirit,true,2
6745,"3bcc579735571249",11,88886,94530,sup,"76561198271282649",SKRiMO,true,3
6746,"3bcc579735571249",11,88889,94533,r?,"76561198096372312",shady,true,2
6747,"3bcc579735571249",11,88897,94541,r?,"76561199181968192",Something,true,2
6748,"3bcc579735571249",11,88997,94649,!r,"76561198271282649",SKRiMO,true,3
6749,"3bcc579735571249",11,89177,94839,!ready,"76561198271282649",SKRiMO,true,3
6750,"3bcc579735571249",11,89343,95013,!unpause,"76561198271282649",SKRiMO,true,3
6751,"3bcc579735571249",12,102614,109059,int prob,"76561199021962584",KusMe,true,2
6752,"3bcc579735571249",12,102801,109257,kk,"76561198156369374",SPELLAN,true,3
6753,"3bcc579735571249",12,122657,130287,ETA,"76561198271282649",SKRiMO,true,3
6754,"3bcc579735571249",12,122719,130349,inc,"76561198184955555",spirit,true,2
6755,"3bcc579735571249",12,125663,133482,r?,"76561198184955555",spirit,true,2
6756,"3bcc579735571249",12,126411,134274,!unpause,"76561198271282649",SKRiMO,true,3
6757,"3bcc579735571249",12,126783,134669,!unpause,"76561198184955555",spirit,true,2
6758,"3bcc579735571249",12,137541,146121,!ready,"76561198184955555",spirit,false,2
6759,"3bcc579735571249",12,137822,146425,.ready,"76561198156369374",SPELLAN,false,3
6760,"3bcc579735571249",18,179426,190633,ns spellan,"76561199181968192",Something,false,3
6761,"3bcc579735571249",19,180344,191607,ty,"76561198156369374",SPELLAN,true,2
6762,"3bcc579735571249",19,180759,192050,nP!,"76561199181968192",Something,true,3
6763,"3bcc579735571249",21,199885,212378,!pause,"76561198156369374",SPELLAN,true,2
6764,"3bcc579735571249",21,200117,212622,sup,"76561199181968192",Something,true,3
6765,"3bcc579735571249",21,200637,213178,mb,"76561199181968192",Something,true,3
6766,"3bcc579735571249",22,218770,232057,gg,"76561198183557682",shaiK,false,2
6767,"3bcc579735571249",22,218941,232229,GG,"76561198271282649",SKRiMO,true,2
6768,b68f1042be97f620,1,2636,2818,.switch,"76561197960710573",NBK-,true,2
6769,b68f1042be97f620,1,3210,3436,!ready,"76561198215434685",NEOFRAG,true,2
6770,b68f1042be97f620,1,3219,3445,!READY,"76561198182168605",M1key,true,2
6771,b68f1042be97f620,1,3708,3964,.ready,"76561197960710573",NBK-,true,3
6772,b68f1042be97f620,1,3879,4146,!ready,"76561198215434685",NEOFRAG,true,2
6773,b68f1042be97f620,1,3946,4213,!ready,"76561198215434685",NEOFRAG,true,2
6774,b68f1042be97f620,1,4009,4279,!ready,"76561198215434685",NEOFRAG,true,2
6775,b68f1042be97f620,1,4511,4808,hfhf,"76561198215434685",NEOFRAG,true,2
6776,b68f1042be97f620,2,8459,8965,ns,"76561198182168605",M1key,true,2
6777,b68f1042be97f620,2,9216,9760,ty,"76561197960710573",NBK-,true,3
6778,b68f1042be97f620,5,30644,32306,.tac,"76561198215434685",NEOFRAG,true,2
6779,b68f1042be97f620,10,68287,71918,ns misuta ,"76561198215434685",NEOFRAG,false,2
6780,b68f1042be97f620,10,68360,71998,goat,"76561198215434685",NEOFRAG,false,2
6781,b68f1042be97f620,10,68577,72228,TY,"76561198081528911",misutaaa,false,3
6782,b68f1042be97f620,11,71183,74965,.tac,"76561198215434685",NEOFRAG,true,2
6783,b68f1042be97f620,13,86931,91558,hfhf,"76561198215434685",NEOFRAG,true,3
6784,b68f1042be97f620,21,137949,145245,!Tac,"76561198182168605",M1key,true,3
6785,b68f1042be97f620,21,144007,151624,GG,"76561198274686035",Brooxsy,false,2
6786,b68f1042be97f620,21,144025,151643,gg,"76561197960710573",NBK-,true,2
6787,b0c63ae71f799073,1,11,57,hfhf,"76561198215434685",NEOFRAG,true,3
6788,b0c63ae71f799073,1,108,162,fplc goat diviiiiiiiiiiiiii,"76561198182168605",M1key,true,3
6789,b0c63ae71f799073,1,157,209,hfhf,"76561198274686035",Brooxsy,true,2
6790,b0c63ae71f799073,1,269,331,hahaha,"76561198274686035",Brooxsy,true,2
6791,b0c63ae71f799073,1,370,432,hfhf,"76561198161194875",Chucky,true,2
6792,b0c63ae71f799073,1,539,611,hfhfhf,"76561198129824467",K1-FiDa,true,3
6793,b0c63ae71f799073,3,11515,12153,.pause,"76561197960710573",NBK-,true,2
6794,b0c63ae71f799073,3,11809,12468,.tech,"76561197960710573",NBK-,true,2
6795,b0c63ae71f799073,3,12087,12756,mouse problem,"76561197960710573",NBK-,true,2
6796,b0c63ae71f799073,3,12439,13128,?,"76561198161194875",Chucky,true,2
6797,b0c63ae71f799073,3,17989,18969,rdy?,"76561197960710573",NBK-,true,2
6798,b0c63ae71f799073,3,18100,19086,yse,"76561198215434685",NEOFRAG,true,3
6799,b0c63ae71f799073,3,18134,19124,r,"76561198182168605",M1key,true,3
6800,b0c63ae71f799073,3,18205,19195,we,"76561198215434685",NEOFRAG,true,3
6801,b0c63ae71f799073,3,18245,19235,are,"76561198215434685",NEOFRAG,true,3
6802,b0c63ae71f799073,3,18293,19289,ready,"76561198215434685",NEOFRAG,true,3
6803,b0c63ae71f799073,12,82656,86995,.tech,"76561198161194875",Chucky,true,2
6804,b0c63ae71f799073,12,84037,88446,mouse again,"76561197960710573",NBK-,true,2
6805,b0c63ae71f799073,12,87625,92224,ready,"76561197960710573",NBK-,true,2
6806,b0c63ae71f799073,12,87764,92365,r,"76561198182168605",M1key,true,3
6807,b0c63ae71f799073,12,87803,92410,r,"76561198215434685",NEOFRAG,true,3
6808,b0c63ae71f799073,18,134232,141266,gg,"76561198274686035",Brooxsy,false,3
6809,b0c63ae71f799073,18,134243,141277,gg,"76561198129824467",K1-FiDa,true,2
6810,b0c63ae71f799073,18,134252,141286,gg,"76561197960710573",NBK-,false,3
6811,b0c63ae71f799073,18,134269,141303,gg,"76561199105136854",woozzzi,true,2
6812,d78e33ef6effe70c,1,64,110,hfhf,"76561198215434685",NEOFRAG,true,3
6813,d78e33ef6effe70c,13,82156,86512,hf,"76561198215434685",NEOFRAG,true,2
6814,d78e33ef6effe70c,16,104871,110411,.tac,"76561198215434685",NEOFRAG,false,2
6815,d78e33ef6effe70c,20,131742,138686,.tac,"76561198215434685",NEOFRAG,true,2
6816,d78e33ef6effe70c,20,131746,138690,.tac,"76561198129824467",K1-FiDa,true,2
6817,d78e33ef6effe70c,24,180286,189768,gg,"76561199105136854",woozzzi,false,2
6818,d78e33ef6effe70c,24,180676,190179,gg,"76561197960710573",NBK-,false,3
6819,d78e33ef6effe70c,24,180714,190217,gg,"76561198274686035",Brooxsy,true,3
6820,"963672906ef564fe",1,781,861,hfhf,"76561198254835598",ay0k ,true,3
6821,"963672906ef564fe",1,911,1001,hf,"76561198303381179",kade0,true,2
6822,"963672906ef564fe",1,1182,1285,hfhf,"76561198295739416",opdust,true,3
6823,"963672906ef564fe",5,29535,31120,.tac,"76561198295739416",opdust,true,3
6824,"963672906ef564fe",9,62170,65462,.tac,"76561198295739416",opdust,true,3
6825,"963672906ef564fe",19,138967,146293,gg,"76561198377256168",Joey,false,2
6826,"963672906ef564fe",19,139070,146396,ggs,"76561198998266210",xelex,false,2
6827,"963672906ef564fe",19,139127,146460,gg,"76561198303381179",kade0,true,3
6828,"963672906ef564fe",19,139139,146473,gg,"76561199073314096",kumao,false,3
6829,"71ecb1e5aada9a15",1,3298,3510,!switch,"76561198295739416",opdust,true,2
6830,"71ecb1e5aada9a15",1,3554,3800,!r,"76561198295739416",opdust,true,3
6831,"71ecb1e5aada9a15",1,3695,3943,!ready,"76561198377256168",Joey,true,3
6832,"71ecb1e5aada9a15",10,75515,79523,ns :),"76561198295739416",opdust,true,3
6833,"71ecb1e5aada9a15",15,115331,121440,.tech,"76561198998266210",xelex,true,2
6834,"71ecb1e5aada9a15",15,115537,121658,loss,"76561198254835598",ay0k ,true,2
6835,"71ecb1e5aada9a15",15,115735,121867,xelex loss,"76561198295739416",opdust,true,2
6836,"71ecb1e5aada9a15",15,119988,126344,restpre,"76561198998266210",xelex,true,2
6837,"71ecb1e5aada9a15",15,120068,126424,and re,"76561198998266210",xelex,true,2
6838,"71ecb1e5aada9a15",15,121212,127628,yea I dont have lags anymore so im good,"76561198998266210",xelex,true,2
6839,"71ecb1e5aada9a15",15,122291,128767,yea,"76561198998266210",xelex,true,2
6840,"71ecb1e5aada9a15",15,122561,129047,and ready,"76561198998266210",xelex,true,2
6841,"71ecb1e5aada9a15",15,127160,133888,!unpause,"76561198998266210",xelex,true,2
6842,"71ecb1e5aada9a15",15,127656,134413,!UNPAUSE,"76561199044291307",noni,true,3
6843,"71ecb1e5aada9a15",15,127840,134606,no restore need,"76561198254835598",ay0k ,true,2
6844,"71ecb1e5aada9a15",15,130354,137252,We are ready,"76561198407480534",Nikodeon,true,2
6845,"71ecb1e5aada9a15",15,130676,137587,we too,"76561199073314096",kumao,true,3
6846,"71ecb1e5aada9a15",15,131860,138835,admin,"76561198407480534",Nikodeon,true,2
6847,"71ecb1e5aada9a15",15,131945,138924,!unpause,"76561198377256168",Joey,true,2
6848,"71ecb1e5aada9a15",15,132119,139108,admin chilling,"76561199073314096",kumao,true,3
6849,"71ecb1e5aada9a15",15,132780,139800,hf,"76561198254835598",ay0k ,true,2
6850,"71ecb1e5aada9a15",22,177689,187059,.tac,"76561198295739416",opdust,true,2
6851,"71ecb1e5aada9a15",22,187988,197900,gg,"76561198303381179",kade0,false,3
6852,"71ecb1e5aada9a15",22,187993,197905,ggs,"76561198998266210",xelex,true,2
6853,"71ecb1e5aada9a15",22,187995,197907,gg,"76561198377256168",Joey,false,2
6854,"71ecb1e5aada9a15",22,188045,197957,gg,"76561199073314096",kumao,false,3
6855,"28f3eb233c069079",4,32356,34085,NS,"76561198254835598",ay0k ,false,3
6856,"28f3eb233c069079",19,137572,144824,ggs,"76561198998266210",xelex,true,2
6857,"28f3eb233c069079",19,137577,144829,gg,"76561198377256168",Joey,true,2
6858,"28f3eb233c069079",19,137583,144836,gg,"76561198295739416",opdust,true,2
6859,"28f3eb233c069079",19,137598,144853,gg,"76561198303381179",kade0,false,3
6860,"28f3eb233c069079",19,137695,144957,GGS,"76561198254835598",ay0k ,true,2
6861,"28f3eb233c069079",19,137788,145053,gg,"76561198173201923",buster,false,3
6862,ef0a2055d4debc35,4,16569,17563,.pause,"76561199076105068",Luan,true,3
6863,ef0a2055d4debc35,4,19184,20323,.unpause,"76561198125068631",kl1m,true,2
6864,ef0a2055d4debc35,4,20290,21496,checking fone,"76561197965117963",Doutor Clever,true,3
6865,ef0a2055d4debc35,4,31849,33718,eae,"76561198061423730",insani,true,2
6866,ef0a2055d4debc35,4,32304,34202,tudo certo ai?,"76561198061423730",insani,true,2
6867,ef0a2055d4debc35,4,32799,34723,"oi, ajeitando o fone do Luan, pessoal do tech","76561197965117963",Doutor Clever,true,3
6868,ef0a2055d4debc35,4,32872,34802,um dos fones nao esta funcionando,"76561198973820896",Falt,true,3
6869,ef0a2055d4debc35,4,33096,35042,demoro,"76561198061423730",insani,true,2
6870,ef0a2055d4debc35,4,33181,35127,o abafador?,"76561198061423730",insani,true,2
6871,ef0a2055d4debc35,4,33421,35380,fone mesmo,"76561197965117963",Doutor Clever,true,3
6872,ef0a2055d4debc35,4,33484,35452,intra,"76561197965117963",Doutor Clever,true,3
6873,ef0a2055d4debc35,4,33630,35603,podepa,"76561198061423730",insani,true,2
6874,ef0a2055d4debc35,4,34005,35998,ta escutando invertido kk,"76561197965117963",Doutor Clever,true,3
6875,ef0a2055d4debc35,4,34358,36370,kkkkkkk,"76561198061423730",insani,true,2
6876,ef0a2055d4debc35,4,34429,36450,ai é foda,"76561198061423730",insani,true,2
6877,ef0a2055d4debc35,4,34469,36492,oloco ai ele ta na bolha,"76561198218265253",venomzera,true,2
6878,ef0a2055d4debc35,4,34551,36574,comprou na 25 deu isso ai,"76561198978288908",P3C0,true,3
6879,ef0a2055d4debc35,4,35218,37286,se trocar e continuar ai é ele mesmo que ta errado kk,"76561197965117963",Doutor Clever,true,3
6880,ef0a2055d4debc35,4,41231,43641,"agora cs nao ta abrindo kk, mas tão lidando ali","76561197965117963",Doutor Clever,true,3
6881,ef0a2055d4debc35,4,43378,45910,"foi, sorry","76561197965117963",Doutor Clever,true,3
6882,ef0a2055d4debc35,4,43572,46115,r,"76561198061423730",insani,true,2
6883,ef0a2055d4debc35,4,43745,46299,all g,"76561198104626893",LNZ,true,2
6884,ef0a2055d4debc35,4,43937,46502,.unpause,"76561199076105068",Luan,true,3
6885,ef0a2055d4debc35,4,44411,47007,y,"76561199076105068",Luan,true,3
6886,ef0a2055d4debc35,12,108373,114633,LoL,"76561197965117963",Doutor Clever,false,3
6887,ef0a2055d4debc35,12,108583,114854,.READY,"76561199076105068",Luan,false,3
6888,ef0a2055d4debc35,12,108770,115052,xD,"76561199076105068",Luan,false,3
6889,ef0a2055d4debc35,12,108782,115064,.ready,"76561198004870673",borillejr,false,3
6890,ef0a2055d4debc35,12,108955,115248,.READY,"76561197965117963",Doutor Clever,false,3
6891,ef0a2055d4debc35,12,109780,116117,!ready,"76561198004870673",borillejr,false,3
6892,ef0a2055d4debc35,12,109985,116333,!ready,"76561199076105068",Luan,false,3
6893,ef0a2055d4debc35,12,110216,116577,.ready,"76561198104626893",LNZ,false,2
6894,ef0a2055d4debc35,14,117889,124705,gg,"76561199076105068",Luan,false,2
6895,ef0a2055d4debc35,14,118157,124987,disconnect,"76561199076105068",Luan,false,2
6896,cce09abab8ab8363,8,34912,36381,!pause,"76561199076105068",Luan,true,2
6897,cce09abab8ab8363,8,35776,37298,salve guys,"76561199076105068",Luan,true,2
6898,cce09abab8ab8363,8,36041,37574,eae,"76561198061423730",insani,true,3
6899,cce09abab8ab8363,8,36610,38176,tech,"76561199076105068",Luan,true,2
6900,cce09abab8ab8363,8,36821,38399,vindo ruido aqui,"76561199076105068",Luan,true,2
6901,cce09abab8ab8363,8,42886,44817,.unpause,"76561199076105068",Luan,true,2
6902,cce09abab8ab8363,12,70533,74054,!ready,"76561197965117963",Doutor Clever,false,2
6903,cce09abab8ab8363,12,70584,74105,!ready,"76561198973820896",Falt,false,2
6904,cce09abab8ab8363,12,70599,74120,.ready,"76561198104626893",LNZ,true,3
6905,cce09abab8ab8363,12,70834,74389,!ready,"76561199076105068",Luan,false,2
6906,cce09abab8ab8363,13,71021,74586,.ready,"76561199076105068",Luan,true,3
6907,"62445b77e1210be9",7,45162,47563,.tech,"76561199181968192",Something,true,2
6908,"62445b77e1210be9",7,51650,54389,r,"76561199181968192",Something,true,2
6909,"62445b77e1210be9",7,51901,54654,R,"76561198874529807",Kunai,true,3
6910,"62445b77e1210be9",8,61964,65240,!TECH,"76561198184955555",spirit,true,2
6911,"62445b77e1210be9",8,62137,65422,pc prob,"76561198096372312",shady,true,2
6912,"62445b77e1210be9",8,62145,65430,pc prob,"76561198184955555",spirit,true,2
6913,"62445b77e1210be9",8,62157,65442,pc reboot,"76561199181968192",Something,true,2
6914,"62445b77e1210be9",8,73800,77656,r,"76561197985246786",mynio,true,3
6915,"62445b77e1210be9",8,76038,80012,"1S","76561198860321247",demente,true,2
6916,"62445b77e1210be9",8,78184,82271,r,"76561198860321247",demente,true,2
6917,"62445b77e1210be9",8,78290,82377,!unpause,"76561198081687729",KEi,true,3
6918,"62445b77e1210be9",8,78307,82396,r,"76561197985246786",mynio,true,3
6919,"62445b77e1210be9",8,80051,84232,nl,"76561198860321247",demente,true,2
6920,"62445b77e1210be9",8,80059,84242,nl,"76561199181968192",Something,true,2
6921,"62445b77e1210be9",8,80111,84298,nl,"76561198184955555",spirit,true,2
6922,"62445b77e1210be9",8,80618,84828,o9k,"76561198076696741",Kylar,true,3
6923,"62445b77e1210be9",8,81160,85398,"1more","76561198076696741",Kylar,true,3
6924,"62445b77e1210be9",8,82443,86749,r,"76561199181968192",Something,true,2
6925,"62445b77e1210be9",8,82562,86875,r,"76561197985246786",mynio,true,3
6926,"62445b77e1210be9",12,128432,135143,laaaaag,"76561198076696741",Kylar,true,3
6927,"62445b77e1210be9",12,129001,135741,=|,"76561197985246786",mynio,true,3
6928,"62445b77e1210be9",13,132767,139727,hfhf,"76561197985246786",mynio,true,2
6929,"91043e961834be5c",1,192,245,hyfh,"76561198076696741",Kylar,true,2
6930,"91043e961834be5c",1,395,459,hf,"76561198076696741",Kylar,true,2
6931,"91043e961834be5c",1,535,607,HF,"76561198874529807",Kunai,true,2
6932,"91043e961834be5c",14,96871,101997,!tech,"76561197985246786",mynio,true,3
6933,"91043e961834be5c",14,97587,102753,!unpause,"76561197985246786",mynio,true,3
6934,"91043e961834be5c",19,129456,136289,!tac,"76561197985246786",mynio,true,3
6935,"91043e961834be5c",20,149945,157853,gg,"76561198874529807",Kunai,false,3
6936,"2c61e42af43466e6",2,11587,12292,.tech,"76561199241953370",CutzMeretz,false,2
6937,"2c61e42af43466e6",3,11851,12567,som do bartin ,"76561199241953370",CutzMeretz,true,2
6938,"2c61e42af43466e6",3,11902,12625,"1sec","76561199241953370",CutzMeretz,true,2
6939,"2c61e42af43466e6",3,14046,14894,!ready,"76561199241953370",CutzMeretz,true,2
6940,"2c61e42af43466e6",3,14251,15110,!unpause,"76561199241953370",CutzMeretz,true,2
6941,"2c61e42af43466e6",12,86345,91346,!Ready,"76561199241953370",CutzMeretz,false,2
6942,"2c61e42af43466e6",13,91395,96711,!UNPAUSE,"76561199241953370",CutzMeretz,true,3
6943,"2c61e42af43466e6",13,100788,106644,gg],"76561197994888003",danoco,false,3
6944,"387f04e3e824906a",17,126641,133984,!tech,"76561199241953370",CutzMeretz,true,3
6945,"387f04e3e824906a",17,128353,135794,jogo do lash travando e tem 10 candango falando do lado do bartin aqui ,"76561199241953370",CutzMeretz,true,3
6946,"387f04e3e824906a",17,128406,135855,perae,"76561199241953370",CutzMeretz,true,3
6947,"387f04e3e824906a",17,128932,136407,kkkk,"76561198319723208",HUASOPEEK,true,2
6948,"387f04e3e824906a",17,129276,136770,ta vazando tudo no mic dele,"76561199241953370",CutzMeretz,true,3
6949,"387f04e3e824906a",17,129789,137315,grave matiass,"76561199241953370",CutzMeretz,true,3
6950,"387f04e3e824906a",17,130883,138473,r:,"76561199241953370",CutzMeretz,true,3
6951,"387f04e3e824906a",20,153341,162222,!tech,"76561199241953370",CutzMeretz,true,3
6952,"387f04e3e824906a",20,153466,162352,pc do lash,"76561199241953370",CutzMeretz,true,3
6953,"387f04e3e824906a",20,153553,162448,travando ,"76561199241953370",CutzMeretz,true,3
6954,"387f04e3e824906a",20,153652,162550,dnv,"76561199241953370",CutzMeretz,true,3
6955,"387f04e3e824906a",20,153864,162773,np,"76561198319723208",HUASOPEEK,true,2
6956,"387f04e3e824906a",20,159949,169211,guys,"76561199241953370",CutzMeretz,true,3
6957,"387f04e3e824906a",20,160301,169584,pedimos pra dar live no round em nl,"76561199241953370",CutzMeretz,true,3
6958,"387f04e3e824906a",20,160589,169884,corre meio tava bomba aqui ,"76561199241953370",CutzMeretz,true,3
6959,"387f04e3e824906a",20,160698,170003,pra ver ,"76561199241953370",CutzMeretz,true,3
6960,"387f04e3e824906a",20,160876,170192,bora,"76561198216891576",dgt,true,2
6961,"387f04e3e824906a",20,161084,170411,se vai continuar,"76561199241953370",CutzMeretz,true,3
6962,"387f04e3e824906a",20,161244,170582,sim,"76561198242950384",max,true,2
6963,"387f04e3e824906a",20,161285,170624,ta,"76561198319723208",HUASOPEEK,true,2
6964,"387f04e3e824906a",20,161349,170689,ty,"76561199241953370",CutzMeretz,true,3
6965,"387f04e3e824906a",20,162457,171863,g,"76561199241953370",CutzMeretz,true,3
6966,"387f04e3e824906a",20,162576,171991,e nl?,"76561198067722198",luchov,true,2
6967,"387f04e3e824906a",20,162649,172066,vamos testar,"76561198242950384",max,true,2
6968,"387f04e3e824906a",20,162723,172142,nl,"76561199241953370",CutzMeretz,true,3
6969,"387f04e3e824906a",20,162768,172194,s,"76561199241953370",CutzMeretz,true,3
6970,"387f04e3e824906a",20,162834,172262,nl,"76561198242950384",max,true,2
6971,"387f04e3e824906a",20,162844,172272,ta,"76561198067722198",luchov,true,2
6972,"387f04e3e824906a",20,162876,172304,nl,"76561199241953370",CutzMeretz,true,3
6973,"387f04e3e824906a",20,162894,172322,go,"76561198242950384",max,true,2
6974,"387f04e3e824906a",20,163064,172503,go nl ,"76561198319723208",HUASOPEEK,true,2
6975,"387f04e3e824906a",20,165768,175362,ta bem_,"76561198319723208",HUASOPEEK,true,2
6976,"387f04e3e824906a",20,166576,176218,ta vendo ainda,"76561198130084582",b4rtiN,true,3
6977,"387f04e3e824906a",20,170076,179923,"1 rr masa","76561198319723208",HUASOPEEK,true,2
6978,"387f04e3e824906a",20,170081,179928,ty guys ,"76561199241953370",CutzMeretz,true,3
6979,"387f04e3e824906a",20,170320,180179,mas,"76561198319723208",HUASOPEEK,true,2
6980,"387f04e3e824906a",20,170400,180261,+1 rr y go,"76561199241953370",CutzMeretz,true,3
6981,"387f04e3e824906a",20,171114,181016,!unpause,"76561199241953370",CutzMeretz,true,3
6982,"387f04e3e824906a",24,207040,219008,vamos previsdar de tec,"76561199241953370",CutzMeretz,true,3
6983,"387f04e3e824906a",24,207169,219147,o var do lash ,"76561199241953370",CutzMeretz,true,3
6984,"387f04e3e824906a",24,207287,219271,ta indo pra 50,"76561199241953370",CutzMeretz,true,3
6985,"387f04e3e824906a",24,207474,219470,vamo pedir pra trocar o pc ,"76561199241953370",CutzMeretz,true,3
6986,"387f04e3e824906a",24,208252,220293,adm falouj q vai ter q jogar,"76561199241953370",CutzMeretz,true,3
6987,"387f04e3e824906a",24,208466,220521,se travar dnv pausamos,"76561199241953370",CutzMeretz,true,3
6988,"387f04e3e824906a",24,208521,220578,osso,"76561199241953370",CutzMeretz,true,3
6989,"387f04e3e824906a",24,208574,220631,go,"76561198328716965",lash,true,3
6990,"387f04e3e824906a",24,208683,220750,nossa,"76561198067722198",luchov,false,2
6991,"387f04e3e824906a",24,210914,223105,"1sec","76561198242950384",max,false,2
6992,"387f04e3e824906a",24,213667,226021,.ready,"76561198067722198",luchov,false,2
6993,"387f04e3e824906a",24,213677,226031,.ready,"76561199241953370",CutzMeretz,true,3
6994,"387f04e3e824906a",25,215023,227454,!pause,"76561198067722198",luchov,true,2
6995,"387f04e3e824906a",25,215886,228363,!unpause,"76561199241953370",CutzMeretz,true,3
6996,"387f04e3e824906a",25,216236,228735,!unpause,"76561198319723208",HUASOPEEK,true,2
6997,"387f04e3e824906a",25,216527,229046,!tech,"76561199241953370",CutzMeretz,true,3
6998,"387f04e3e824906a",25,218271,230890,!unpause,"76561199241953370",CutzMeretz,true,3
6999,"387f04e3e824906a",25,218307,230926,r,"76561198328716965",lash,true,3
7000,"387f04e3e824906a",25,218478,231108,!unpause,"76561198319723208",HUASOPEEK,true,2
7001,"387f04e3e824906a",25,227081,240207,!tech,"76561199241953370",CutzMeretz,false,3
7002,"387f04e3e824906a",26,229312,242562,trocando o pc guys,"76561198324810333",t9rnay,true,3
7003,"387f04e3e824906a",26,229623,242894,n parou de lagar ,"76561198324810333",t9rnay,true,3
7004,"387f04e3e824906a",26,229856,243139,suave,"76561198242950384",max,true,2
7005,"387f04e3e824906a",26,229885,243168,np,"76561198319723208",HUASOPEEK,true,2
7006,"387f04e3e824906a",26,270066,285664,r,"76561198216891576",dgt,true,2
7007,"387f04e3e824906a",26,276665,292644,acabando aqui ,"76561199241953370",CutzMeretz,true,3
7008,"387f04e3e824906a",26,278094,294151,correa,"76561199241953370",CutzMeretz,true,3
7009,"387f04e3e824906a",26,278234,294302,rr plz ,"76561199241953370",CutzMeretz,true,3
7010,"387f04e3e824906a",26,278340,294415,e go ,"76561199241953370",CutzMeretz,true,3
7011,"9bf0eddddeed8ff7",13,76671,81476,.ready,"76561197960710573",NBK-,true,3
7012,"9bf0eddddeed8ff7",13,76732,81537,.READY,"76561197991593267",sausoL,true,2
7013,"9bf0eddddeed8ff7",19,117943,125297,gg,"76561198274686035",Brooxsy,false,3
7014,"9bf0eddddeed8ff7",19,117965,125319,gg,"76561197960710573",NBK-,false,3
7015,eae6dc83883100f7,13,81680,86803,r,"76561198274686035",Brooxsy,true,2
7016,eae6dc83883100f7,13,81779,86912,r,"76561197998197366",mopoz,true,3
7017,eae6dc83883100f7,20,128905,136954,GG,"76561198274686035",Brooxsy,false,2
7018,eae6dc83883100f7,20,128938,136992,gg,"76561197960710573",NBK-,false,2
7019,eae6dc83883100f7,20,128955,137011,GG,"76561198124884044",wasiNk,false,2
7020,eae6dc83883100f7,20,128986,137045,gg,"76561198081528911",misutaaa,false,2
7021,eae6dc83883100f7,20,129022,137082,ggs,"76561197998197366",mopoz,true,3
7022,"6453198612798e06",1,4930,5286,!ready,"76561198258225965",naiter,true,2
7023,"6453198612798e06",9,60337,64165,!tac,"76561198258225965",naiter,true,2
7024,"6453198612798e06",12,93380,99301,!READY,"76561198258225965",naiter,true,2
7025,"6453198612798e06",12,94599,100594,!notready,"76561198131105028",h1glaiN,false,2
7026,"6453198612798e06",12,94770,100776,!unready,"76561198258225965",naiter,true,2
7027,"6453198612798e06",12,94915,100932,!ready,"76561198055604641",fjZ,false,3
7028,"6453198612798e06",12,98148,104370,!ready,"76561197961277448",miL4nNNNNNN-,true,2
7029,"2f0c34cd76cb0d68",1,3716,3997,!ready,"76561198274417433",Folke,true,2
7030,"2f0c34cd76cb0d68",1,4984,5340,!ready,"76561198258225965",naiter,true,3
7031,"2f0c34cd76cb0d68",3,27299,29032,!tech,"76561198258225965",naiter,false,3
7032,"2f0c34cd76cb0d68",4,31640,33645,Sup?,"76561198274417433",Folke,true,2
7033,"2f0c34cd76cb0d68",4,31806,33823,.TAC,"76561198131105028",h1glaiN,true,3
7034,"2f0c34cd76cb0d68",4,32160,34200,DDOS,"76561198079708508",xadoxg0d,true,3
7035,"2f0c34cd76cb0d68",12,91982,95073,xd,"76561197963682761",HS,true,2
7036,"2f0c34cd76cb0d68",12,92697,95837,!ready,"76561198258225965",naiter,false,3
7037,"2f0c34cd76cb0d68",12,92725,95865,!ready,"76561198131105028",h1glaiN,false,3
7038,"2f0c34cd76cb0d68",12,93116,96280,!READY,"76561198274417433",Folke,true,2
7039,"2f0c34cd76cb0d68",14,107744,111824,!tac,"76561198258225965",naiter,true,2
7040,"2f0c34cd76cb0d68",15,111023,115306,!tac,"76561198258225965",naiter,true,2
7041,"2f0c34cd76cb0d68",21,155887,162982,!TAC,"76561198258225965",naiter,true,2
7042,d023384934f11de9,1,97,149,hfhfhfhf,"76561198177661881",brokeN,true,3
7043,d023384934f11de9,20,164154,172751,gg,"76561198278441856",Leomonster,false,3
7044,d023384934f11de9,20,164233,172836,GG,"76561198012903465",cLd,false,2
7045,d023384934f11de9,20,164346,172953,GG,"76561198026011807",zmb,false,3
7046,"55bb74eeb004bfcd",8,54337,57219,fdp,"76561198026011807",zmb,false,3
7047,"55bb74eeb004bfcd",9,54524,57415,suadhusahdaushd,"76561197993759963",rem1x,true,2
7048,"55bb74eeb004bfcd",11,70455,74180,.tac,"76561198278441856",Leomonster,true,3
7049,"55bb74eeb004bfcd",22,164958,173642,gg,"76561198026011807",zmb,false,2
7050,e9bbf2ce87ebb9e5,1,267,357,.ready,"76561198991278425",Krabeni,true,3
7051,e9bbf2ce87ebb9e5,1,785,980,.ready,"76561198031554200",JW,true,2
7052,e9bbf2ce87ebb9e5,1,4098,4966,hfhfhf,"76561198060916227",bobeksde,true,2
7053,e9bbf2ce87ebb9e5,6,39305,47313,gg,"76561198060916227",bobeksde,false,2
7054,e9bbf2ce87ebb9e5,6,39306,47314,gg,"76561198991278425",Krabeni,false,3
7055,e9bbf2ce87ebb9e5,6,39317,47325,gg,"76561198031554200",JW,false,2
7056,e9bbf2ce87ebb9e5,6,39365,47373,ggwp,"76561199132217533",maxster,false,2
7057,e9bbf2ce87ebb9e5,6,39400,47411,gg,"76561199313968259",cmtry,false,3
7058,"616a486dd559b3ab",1,63,107,hfhf,"76561198972795853",lauNX,true,2
7059,"616a486dd559b3ab",1,1100,1210,hfhf,"76561199132217533",maxster,true,3
7060,"616a486dd559b3ab",1,1384,1519,HF,"76561199235199664",dex,true,3
7061,"616a486dd559b3ab",12,86918,92863,!tech,"76561198972795853",lauNX,true,2
7062,"616a486dd559b3ab",12,87027,92984,.tech,"76561198972795853",lauNX,true,2
7063,"616a486dd559b3ab",12,87681,93677,do restore,"76561198991278425",Krabeni,true,2
7064,"5e04d12b8d884d33",1,834,991,R,"76561199100725838",dziugss,true,2
7065,"5e04d12b8d884d33",1,858,1015,r,"76561198875633179",dem0n,true,2
7066,"5e04d12b8d884d33",1,898,1055,r,"76561198031554200",JW,true,3
7067,"5e04d12b8d884d33",2,22495,25633,.ready,"76561198972795853",lauNX,true,3
7068,"2f0d782c4c89b6aa",1,1007,1116,hfhf,"76561199132217533",maxster,true,3
7069,"2f0d782c4c89b6aa",1,1128,1242,hfhf,"76561198972795853",lauNX,true,2
7070,"2f0d782c4c89b6aa",1,1130,1245,hf,"76561199313968259",cmtry,true,2
7071,"2f0d782c4c89b6aa",1,1163,1282,hf,"76561198991278425",Krabeni,true,2
7072,"2f0d782c4c89b6aa",2,14946,15995,ns,"76561199313968259",cmtry,false,2
7073,"2f0d782c4c89b6aa",3,15687,16780,ty,"76561198060916227",bobeksde,true,3
7074,"2f0d782c4c89b6aa",13,109053,116456,!ready,"76561198875633179",dem0n,true,3
7075,"2f0d782c4c89b6aa",13,109182,116591,.ready,"76561198875633179",dem0n,true,3
7076,"2f0d782c4c89b6aa",13,109200,116610,.ready,"76561198972795853",lauNX,true,3
7077,"2f0d782c4c89b6aa",13,109302,116724,.r,"76561198875633179",dem0n,true,3
7078,"2f0d782c4c89b6aa",13,109406,116830,!r,"76561198875633179",dem0n,true,3
7079,"2f0d782c4c89b6aa",13,110831,118357,.tech,"76561198875633179",dem0n,true,3
7080,"2f0d782c4c89b6aa",13,111027,118566,!tech,"76561198875633179",dem0n,true,3
7081,"2f0d782c4c89b6aa",13,111109,118648,.tech,"76561198875633179",dem0n,true,3
7082,"2f0d782c4c89b6aa",13,111232,118784,.pause,"76561198875633179",dem0n,true,3
7083,"2f0d782c4c89b6aa",13,111246,118798,RR pc,"76561198991278425",Krabeni,true,3
7084,"2f0d782c4c89b6aa",13,111315,118868,.tech,"76561198031554200",JW,true,2
7085,"2f0d782c4c89b6aa",13,111677,119256,can you take tech pause admin,"76561198031554200",JW,true,2
7086,"2f0d782c4c89b6aa",13,111967,119572,nl,"76561198875633179",dem0n,true,3
7087,"2f0d782c4c89b6aa",13,112042,119647,nl,"76561198031554200",JW,true,2
7088,"2f0d782c4c89b6aa",13,112194,119812,nl,"76561198071096426",Ro1f,true,2
7089,"8ba463dcb9448fb7",1,421,554,ready ,"76561198875633179",dem0n,true,3
7090,"8ba463dcb9448fb7",1,1093,1346,r,"76561198991278425",Krabeni,true,3
7091,"8ba463dcb9448fb7",1,2880,3508,.ready,"76561198991278425",Krabeni,true,3
7092,"8ba463dcb9448fb7",7,45061,54256,.tech,"76561198031554200",JW,true,2
7093,"8ba463dcb9448fb7",7,45725,55073,suP?,"76561198991278425",Krabeni,true,3
7094,"8ba463dcb9448fb7",7,45906,55287,r,"76561198031554200",JW,true,2
7095,"8ba463dcb9448fb7",7,46099,55523,r,"76561198991278425",Krabeni,true,3
7096,"8ba463dcb9448fb7",7,46162,55589,mouse bug,"76561199235199664",dex,true,2
7097,"8ba463dcb9448fb7",7,46199,55626,.ready,"76561198991278425",Krabeni,true,3
7098,"8ba463dcb9448fb7",7,46254,55699,something with mouse,"76561198031554200",JW,true,2
7099,"8ba463dcb9448fb7",7,46378,55844,some mental problems,"76561198071096426",Ro1f,true,2
7100,"8ba463dcb9448fb7",10,77250,93003,gege,"76561198060916227",bobeksde,true,2
7101,"8ba463dcb9448fb7",10,77263,93016,GG,"76561198071096426",Ro1f,true,2
7102,"44bbd5e76428761",1,324,381,HFHF,"76561198245925350",Qlocuu,true,2
7103,"44bbd5e76428761",1,489,559,hf,"76561198412400644",Flayy-,true,2
7104,"44bbd5e76428761",1,633,716,fhf,"76561199032610185",ayuki,true,3
7105,"44bbd5e76428761",5,28457,30432,ns,"76561198412400644",Flayy-,true,2
7106,"44bbd5e76428761",5,28590,30571,ty,"76561198832142602",m1QUSE,true,3
7107,"44bbd5e76428761",12,91724,97993,ghgh,"76561198245925350",Qlocuu,false,2
7108,"44bbd5e76428761",13,92347,98686,.ready,"76561197986829261",innocent,true,3
7109,"44bbd5e76428761",13,93326,99731,.READY,"76561199181360085",flouzer,true,2
7110,"44bbd5e76428761",29,217875,232767,GG,"76561198412400644",Flayy-,false,2
7111,"44bbd5e76428761",29,217887,232781,gg,"76561198245925350",Qlocuu,false,2
7112,"44bbd5e76428761",29,217896,232791,gg,"76561199181360085",flouzer,true,3
7113,"44bbd5e76428761",29,217958,232856,gg,"76561199032610185",ayuki,false,3
7114,aefbb00921cba058,1,153,204,hf,"76561199032610185",ayuki,true,3
7115,aefbb00921cba058,13,93757,100192,.ready,"76561197986829261",innocent,true,3
7116,aefbb00921cba058,13,93977,100429,.ready,"76561198832142602",m1QUSE,true,2
7117,aefbb00921cba058,20,158032,168838,gg wp,"76561198245925350",Qlocuu,false,3
7118,aefbb00921cba058,20,158119,168931,GG,"76561199181360085",flouzer,true,2
7119,aefbb00921cba058,20,158120,168932,gg,"76561199032610185",ayuki,true,2
7120,aefbb00921cba058,20,158139,168953,gg,"76561198412400644",Flayy-,false,3
7121,d580b4141bd005e6,1,245,298,!tech,"76561198091819631",Ex1st,true,2
7122,d580b4141bd005e6,1,1573,1695,can we switch server?,"76561198091819631",Ex1st,true,2
7123,d580b4141bd005e6,1,1596,1720,only on sv,"76561198806854565",Polo,true,2
7124,d580b4141bd005e6,1,1697,1829,ts is good,"76561198806854565",Polo,true,2
7125,d580b4141bd005e6,1,2038,2190,np for us,"76561198063589111",Avou,true,3
7126,d580b4141bd005e6,1,6697,7090,hes rr router,"76561198806854565",Polo,true,2
7127,d580b4141bd005e6,1,7237,7660,if it doesnt help we need to switch,"76561198806854565",Polo,true,2
7128,d580b4141bd005e6,1,24385,25703,everybody loss now,"76561198806854565",Polo,true,2
7129,d580b4141bd005e6,1,24426,25744,xd,"76561198806854565",Polo,true,2
7130,d580b4141bd005e6,1,24728,26066,lol,"76561198272908956",Kralle,true,3
7131,d580b4141bd005e6,1,24863,26208,we need different server,"76561198091819631",Ex1st,true,2
7132,d580b4141bd005e6,1,24892,26240,Xd,"76561198039795182",Noruyp,true,3
7133,d580b4141bd005e6,1,25245,26610,now its good,"76561198806854565",Polo,true,2
7134,d580b4141bd005e6,1,25872,27270,but idk if we wanna play this one,"76561198806854565",Polo,true,2
7135,d580b4141bd005e6,1,26152,27560,if everyone has spikes,"76561198806854565",Polo,true,2
7136,d580b4141bd005e6,1,26507,27935,i think we should change anyway,"76561198091819631",Ex1st,true,2
7137,d580b4141bd005e6,1,28487,30020,yy,"76561198272908956",Kralle,true,3
7138,d580b4141bd005e6,1,28550,30089,ok,"76561198091819631",Ex1st,true,2
7139,d580b4141bd005e6,1,28661,30201,YY,"76561198039795182",Noruyp,true,3
7140,d580b4141bd005e6,1,28688,30232,y r,"76561198806854565",Polo,true,2
7141,d580b4141bd005e6,1,28694,30239,we r then,"76561198091819631",Ex1st,true,2
7142,d580b4141bd005e6,1,28729,30278,HFHF,"76561198039795182",Noruyp,true,3
7143,d580b4141bd005e6,1,28845,30394,r,"76561198249839608",Botman,true,3
7144,d580b4141bd005e6,1,28940,30499,!unpause,"76561198249839608",Botman,true,3
7145,d580b4141bd005e6,1,29534,31123,!unpause,"76561198054929073",SBT,true,2
7146,d580b4141bd005e6,1,30135,31754,!unpause,"76561198091819631",Ex1st,true,2
7147,d580b4141bd005e6,1,31335,33015,hfhf,"76561198054929073",SBT,true,2
7148,d580b4141bd005e6,4,55930,58897,ns,"76561198249839608",Botman,false,3
7149,d580b4141bd005e6,5,56058,59032,TY,"76561198091819631",Ex1st,true,2
7150,d580b4141bd005e6,7,68560,72187,ns,"76561198111020725",Bukhavez,true,3
7151,d580b4141bd005e6,7,69173,72832,ty,"76561198054929073",SBT,true,2
7152,d580b4141bd005e6,20,156551,164796,!tac,"76561198054929073",SBT,true,3
7153,d580b4141bd005e6,22,179874,189334,gg,"76561198806854565",Polo,true,3
7154,d580b4141bd005e6,22,179997,189467,gg,"76561198249839608",Botman,false,2
7155,d580b4141bd005e6,22,180604,190105,gg,"76561198054929073",SBT,true,3
7156,"2a4000e42a26bb5c",17,117735,123954,!tac,"76561198054929073",SBT,true,2
7157,"2a4000e42a26bb5c",35,258185,271782,gg,"76561198806854565",Polo,false,2
7158,"2a4000e42a26bb5c",35,258207,271807,gg,"76561198054929073",SBT,false,2
7159,"2a4000e42a26bb5c",35,258225,271827,gg,"76561198111020725",Bukhavez,true,3
7160,"2a4000e42a26bb5c",35,258227,271829,tgg,"76561198235230328",Sk1tt,false,2
7161,"7a90d0854306e8b9",1,2559,2737,!switch,"76561198054929073",SBT,true,2
7162,"7a90d0854306e8b9",1,3317,3550,!r,"76561198806854565",Polo,true,3
7163,"7a90d0854306e8b9",1,3406,3644,!ready,"76561198806854565",Polo,true,3
7164,"7a90d0854306e8b9",1,3537,3784,!ready,"76561198249839608",Botman,true,2
7165,"7a90d0854306e8b9",16,106286,111854,!tech,"76561198054929073",SBT,true,2
7166,"7a90d0854306e8b9",16,106375,111945,loss,"76561198054929073",SBT,true,2
7167,"7a90d0854306e8b9",16,108253,113924,y,"76561198091819631",Ex1st,true,2
7168,"7a90d0854306e8b9",16,108272,113943,ye,"76561198806854565",Polo,true,2
7169,"7a90d0854306e8b9",16,108295,113966,yeah,"76561198054929073",SBT,true,2
7170,"7a90d0854306e8b9",16,108304,113975,me,"76561198806854565",Polo,true,2
7171,"7a90d0854306e8b9",16,108333,114004,y,"76561198235230328",Sk1tt,true,2
7172,"7a90d0854306e8b9",16,108462,114143,np here,"76561198063589111",Avou,true,3
7173,"7a90d0854306e8b9",16,108747,114441,estabilish connection,"76561198806854565",Polo,true,2
7174,"7a90d0854306e8b9",16,108866,114567,all the time,"76561198806854565",Polo,true,2
7175,"7a90d0854306e8b9",16,111068,116885,its g,"76561198806854565",Polo,true,2
7176,"7a90d0854306e8b9",16,111132,116953,r,"76561198091819631",Ex1st,true,2
7177,"7a90d0854306e8b9",16,111166,116987,r?,"76561198806854565",Polo,true,2
7178,"7a90d0854306e8b9",16,111248,117073,r,"76561198249839608",Botman,true,3
7179,"7a90d0854306e8b9",16,111288,117119,r,"76561198063589111",Avou,true,3
7180,"7a90d0854306e8b9",16,111302,117133,!unpause,"76561198091819631",Ex1st,true,2
7181,"7a90d0854306e8b9",16,111465,117304,!unpause,"76561198806854565",Polo,true,2
7182,"7a90d0854306e8b9",16,111524,117366,!unpause,"76561198249839608",Botman,true,3
7183,"7a90d0854306e8b9",23,162668,171180,gg,"76561198249839608",Botman,false,3
7184,"7a90d0854306e8b9",23,162692,171206,gg,"76561198054929073",SBT,true,2
7185,"7a90d0854306e8b9",23,162745,171267,gg,"76561198111020725",Bukhavez,false,3
7186,"7a90d0854306e8b9",23,162869,171391,gg,"76561198806854565",Polo,true,2
7187,"1ecc6fdb1ad6756c",2,3767,4023,!p,"76561198973820896",Falt,true,3
7188,"1ecc6fdb1ad6756c",2,3844,4107,!pause,"76561198004870673",borillejr,true,3
7189,"1ecc6fdb1ad6756c",2,3850,4113,.pause,"76561199076105068",Luan,true,3
7190,"1ecc6fdb1ad6756c",2,4291,4576,!unpause,"76561199241953370",CutzMeretz,true,2
7191,"1ecc6fdb1ad6756c",2,6864,7300,o que rolou guys:,"76561199241953370",CutzMeretz,true,2
7192,"1ecc6fdb1ad6756c",2,7115,7565,fone,"76561198973820896",Falt,true,3
7193,"1ecc6fdb1ad6756c",2,7230,7686,safe,"76561199241953370",CutzMeretz,true,2
7194,"1ecc6fdb1ad6756c",2,7732,8216,.unpause,"76561199076105068",Luan,true,3
7195,"1ecc6fdb1ad6756c",2,7738,8222,.unpause,"76561197965117963",Doutor Clever,true,3
7196,"1ecc6fdb1ad6756c",2,7925,8420,go,"76561198973820896",Falt,true,3
7197,"1ecc6fdb1ad6756c",2,8076,8582,g,"76561199241953370",CutzMeretz,true,2
7198,"1ecc6fdb1ad6756c",2,8214,8729,o,"76561199241953370",CutzMeretz,true,2
7199,"1ecc6fdb1ad6756c",2,8424,8952,thks,"76561197965117963",Doutor Clever,true,3
7200,"1ecc6fdb1ad6756c",12,64381,68122,!ready,"76561199241953370",CutzMeretz,true,2
7201,"1ecc6fdb1ad6756c",12,64401,68142,.ready,"76561199076105068",Luan,false,3
7202,"1ecc6fdb1ad6756c",12,64515,68267,.ready,"76561197965117963",Doutor Clever,false,3
7203,"1ecc6fdb1ad6756c",12,64907,68705,.ready,"76561198004870673",borillejr,false,3
7204,"1ecc6fdb1ad6756c",14,74050,78369,gg,"76561197994888003",danoco,true,3
7205,"1ecc6fdb1ad6756c",14,74180,78508,gg,"76561199076105068",Luan,false,2
7206,"826ad4f39da55f0",14,81944,86718,gg,"76561197994888003",danoco,true,2
7207,"826ad4f39da55f0",14,82155,86943,gg,"76561199076105068",Luan,false,3
7208,"826ad4f39da55f0",14,82404,87208,ggwp,"76561198973820896",Falt,false,3
7209,"6aca9ea7f4956b5c",1,76,123,hf21,"76561198119088041",SELLTER,true,2
7210,"6aca9ea7f4956b5c",1,321,380,hf,"76561198801448515",tripex17,true,3
7211,"6aca9ea7f4956b5c",1,431,502,hfcringe,"76561198178801031",prosus,true,3
7212,"6aca9ea7f4956b5c",4,20502,21811,ns),"76561199173322766",tex1y,false,2
7213,"6aca9ea7f4956b5c",4,20884,22217,  ) ,"76561198178801031",prosus,false,3
7214,"6aca9ea7f4956b5c",4,20969,22312,ty ) ,"76561198178801031",prosus,false,3
7215,"6aca9ea7f4956b5c",8,47204,50170,"20 fleshek?","76561198801448515",tripex17,true,3
7216,"6aca9ea7f4956b5c",8,47282,50256,;D,"76561198801448515",tripex17,true,3
7217,"6aca9ea7f4956b5c",8,47453,50439,:D,"76561198119088041",SELLTER,true,2
7218,"6aca9ea7f4956b5c",8,47561,50547,LUL,"76561198829202374",Sdaim,true,2
7219,"6aca9ea7f4956b5c",9,62989,66943,ns),"76561199173322766",tex1y,false,2
7220,"6aca9ea7f4956b5c",12,82920,88106,.ready ,"76561198119088041",SELLTER,false,2
7221,"6aca9ea7f4956b5c",13,83463,88703,.ready,"76561199173322766",tex1y,true,3
7222,"6aca9ea7f4956b5c",13,83574,88817,.notready,"76561198801448515",tripex17,true,2
7223,"6aca9ea7f4956b5c",13,84915,90243,R,"76561198119088041",SELLTER,true,3
7224,"6aca9ea7f4956b5c",13,85135,90476,"1min","76561198888800765",w1dow,true,2
7225,"6aca9ea7f4956b5c",13,89534,95151,.ready,"76561198801448515",tripex17,true,2
7226,"6aca9ea7f4956b5c",13,89762,95395,r,"76561198801448515",tripex17,true,2
7227,"6aca9ea7f4956b5c",13,90078,95731,hf21,"76561198119088041",SELLTER,true,3
7228,"3e4cf0c48bb4395b",3,16984,18077,ns,"76561198829202374",Sdaim,false,3
7229,"3e4cf0c48bb4395b",4,17589,18714,ty,"76561198801448515",tripex17,true,2
7230,"3e4cf0c48bb4395b",4,18977,20189,what issue,"76561198801448515",tripex17,true,2
7231,"3e4cf0c48bb4395b",4,18995,20210,?,"76561198016138527",JBOEN,true,2
7232,"3e4cf0c48bb4395b",4,19039,20260,?,"76561198801448515",tripex17,true,2
7233,"3e4cf0c48bb4395b",4,19065,20286,sup with coach,"76561199159119164",doni,true,2
7234,"3e4cf0c48bb4395b",4,20489,21795,r,"76561198829202374",Sdaim,true,3
7235,"3e4cf0c48bb4395b",4,20553,21868,r,"76561199173322766",tex1y,true,3
7236,"3e4cf0c48bb4395b",4,20973,22315,r,"76561198016138527",JBOEN,true,2
7237,"3e4cf0c48bb4395b",13,100814,107130,.ready,"76561198016138527",JBOEN,true,3
7238,"3e4cf0c48bb4395b",13,101234,107575,.ready,"76561198119088041",SELLTER,true,2
7239,"3e4cf0c48bb4395b",13,109776,116646,NS,"76561198178801031",prosus,false,3
7240,"429989c4d318ba58",2,6136,6555,.tech,"76561198801448515",tripex17,true,3
7241,"429989c4d318ba58",2,6409,6844,lagging for him,"76561198801448515",tripex17,true,3
7242,"429989c4d318ba58",2,7410,7902,R,"76561198829202374",Sdaim,true,2
7243,"429989c4d318ba58",2,7614,8118,r,"76561198801448515",tripex17,true,3
7244,"429989c4d318ba58",13,90154,95805,.ready,"76561198119088041",SELLTER,true,3
7245,"429989c4d318ba58",13,90305,95968,n,"76561198178801031",prosus,true,2
7246,"429989c4d318ba58",13,90397,96060,wc,"76561198178801031",prosus,true,2
7247,"429989c4d318ba58",13,90607,96282,r,"76561198829202374",Sdaim,true,3
7248,"429989c4d318ba58",13,98699,104882,.ready,"76561198801448515",tripex17,true,2
7249,"429989c4d318ba58",13,98768,104957,R,"76561198119088041",SELLTER,true,3
7250,"429989c4d318ba58",13,98929,105129,.ready,"76561198119088041",SELLTER,true,3
7251,"429989c4d318ba58",13,98949,105150,y,"76561198801448515",tripex17,true,2
7252,"429989c4d318ba58",22,165043,175336,!tech,"76561198829202374",Sdaim,true,3
7253,"429989c4d318ba58",22,165104,175397,.tech ,"76561198119088041",SELLTER,true,3
7254,"429989c4d318ba58",22,165323,175635,"1 min ","76561198119088041",SELLTER,true,3
7255,"429989c4d318ba58",22,165962,176316,WC,"76561198829202374",Sdaim,true,3
7256,"429989c4d318ba58",22,166484,176869,we also go toilet then,"76561198801448515",tripex17,true,2
7257,"429989c4d318ba58",22,166772,177174,okey,"76561198829202374",Sdaim,true,3
7258,"429989c4d318ba58",22,167128,177554,.ready,"76561199173322766",tex1y,true,3
7259,"429989c4d318ba58",22,170194,180813,R ,"76561198119088041",SELLTER,true,3
7260,"429989c4d318ba58",22,170485,181117,"1s","76561199159119164",doni,true,2
7261,"429989c4d318ba58",22,170530,181170,sec,"76561198801448515",tripex17,true,2
7262,"429989c4d318ba58",22,173627,184463,r,"76561198801448515",tripex17,true,2
7263,"429989c4d318ba58",22,174016,184876,R,"76561198119088041",SELLTER,true,3
7264,"429989c4d318ba58",22,174217,185089,hf21,"76561198119088041",SELLTER,true,3
7265,"429989c4d318ba58",25,209774,222857,"24-24 incoming again","76561198801448515",tripex17,true,2
7266,"429989c4d318ba58",25,209816,222899,:D,"76561198801448515",tripex17,true,2
7267,"429989c4d318ba58",25,210086,223191,рофлю :D,"76561198119088041",SELLTER,true,3
7268,"429989c4d318ba58",31,267584,284287,.tech,"76561198829202374",Sdaim,true,2
7269,"429989c4d318ba58",31,268738,285514,r,"76561198829202374",Sdaim,true,2
7270,"429989c4d318ba58",31,268752,285529,"1s","76561199159119164",doni,true,3
7271,"429989c4d318ba58",31,269018,285811,wc,"76561199159119164",doni,true,3
7272,"429989c4d318ba58",31,277549,294877,R,"76561198119088041",SELLTER,true,2
7273,"429989c4d318ba58",31,277573,294905,r,"76561198829202374",Sdaim,true,2
7274,"429989c4d318ba58",31,277962,295318,r,"76561199159119164",doni,true,3
7275,"429989c4d318ba58",32,289207,307261,y vas jitter est`,"76561198801448515",tripex17,true,3
7276,"429989c4d318ba58",32,289255,307313,?,"76561198801448515",tripex17,true,3
7277,"429989c4d318ba58",32,289477,307552,ебанутый,"76561198119088041",SELLTER,true,2
7278,"429989c4d318ba58",32,289572,307650,:D,"76561198801448515",tripex17,true,3
7279,"429989c4d318ba58",32,290039,308148,lega,"76561199159119164",doni,true,3
7280,"429989c4d318ba58",35,320922,340954,gg,"76561199159119164",doni,false,2
7281,"14b70b5c45febf48",1,6150,6510,hfhf,"76561198066693739",EliGE,true,3
7282,"14b70b5c45febf48",1,6361,6734,hfhfh2,"76561199091825101",Nucleonz,true,2
7283,"14b70b5c45febf48",1,6463,6836,hfhf,"76561198074762801",m0NESY,true,2
7284,"14b70b5c45febf48",1,6609,6992,hF,"76561198057282432",kyxsan,true,2
7285,"14b70b5c45febf48",1,6635,7018,hfhf,"76561198041683378",NiKo,true,2
7286,"14b70b5c45febf48",1,6717,7106,hfhfhf,"76561198150673360",siuhy,true,3
7287,"14b70b5c45febf48",1,6913,7312,hfff,"76561198053126645",NertZ,true,3
7288,"14b70b5c45febf48",13,116533,122695,hfhf,"76561198066693739",EliGE,true,2
7289,"14b70b5c45febf48",13,116756,122928,hfhf,"76561198074762801",m0NESY,true,3
7290,"14b70b5c45febf48",13,116800,122972,hfhf,"76561199091825101",Nucleonz,true,3
7291,"14b70b5c45febf48",15,131421,138357,ns,"76561198053126645",NertZ,false,2
7292,"14b70b5c45febf48",15,131600,138546,ty,"76561198041683378",NiKo,false,3
7293,"14b70b5c45febf48",21,183314,192970,gg,"76561198150673360",siuhy,false,2
7294,"14b70b5c45febf48",21,183446,193105,ggwp,"76561198053126645",NertZ,false,2
7295,e8f474c3c333dd85,1,2077,2224,r,"76561198074762801",m0NESY,true,3
7296,e8f474c3c333dd85,1,2143,2299,r,"76561198066693739",EliGE,true,2
7297,e8f474c3c333dd85,1,7610,8047,hf,"76561198066693739",EliGE,true,2
7298,e8f474c3c333dd85,1,7753,8201,hfhf,"76561199091825101",Nucleonz,true,3
7299,e8f474c3c333dd85,1,7799,8247,hfff,"76561198053126645",NertZ,true,2
7300,e8f474c3c333dd85,1,8603,9092,hF,"76561198057282432",kyxsan,true,3
7301,e8f474c3c333dd85,1,8685,9183,hf,"76561198074762801",m0NESY,true,3
7302,e8f474c3c333dd85,1,8792,9290,hfhf,"76561198041683378",NiKo,true,3
7303,e8f474c3c333dd85,2,12677,13383,.tech,"76561198150673360",siuhy,true,2
7304,e8f474c3c333dd85,2,13508,14257,.r,"76561198150673360",siuhy,true,2
7305,e8f474c3c333dd85,3,25109,26461,!tech,"76561198074762801",m0NESY,true,3
7306,e8f474c3c333dd85,3,33022,34792,r,"76561198057282432",kyxsan,true,3
7307,e8f474c3c333dd85,3,33127,34901,r,"76561198066693739",EliGE,true,2
7308,e8f474c3c333dd85,3,33134,34908,r,"76561198001151695",NAF-FLY,true,2
7309,e8f474c3c333dd85,12,117305,123483,gh,"76561198053126645",NertZ,false,2
7310,e8f474c3c333dd85,16,152393,160432,ns,"76561198053126645",NertZ,false,3
7311,e8f474c3c333dd85,16,152629,160681,ty,"76561198057282432",kyxsan,false,2
7312,e8f474c3c333dd85,28,264216,278131,hf,"76561198066693739",EliGE,true,2
7313,e8f474c3c333dd85,30,289343,304571,gg,"76561198150673360",siuhy,false,2
7314,e8f474c3c333dd85,30,289355,304585,gg,"76561198053126645",NertZ,false,2
7315,e8f474c3c333dd85,30,289506,304741,gg,"76561199091825101",Nucleonz,false,3
7316,"91b389a446a4dbd",1,246,303,hfhf,"76561198360682773",bnox,true,3
7317,"91b389a446a4dbd",1,420,490,hf,"76561198222442504",n0rb3r7,true,2
7318,"91b389a446a4dbd",1,600,682,hfhf,"76561198357173694",kAlash,true,2
7319,"91b389a446a4dbd",13,101449,108404,.READY,"76561197996060155",raalz,true,2
7320,"91b389a446a4dbd",13,101659,108627,.ready,"76561198222442504",n0rb3r7,true,3
7321,"91b389a446a4dbd",14,124893,133440,gg,"76561198357173694",kAlash,false,3
7322,"91b389a446a4dbd",14,124945,133493,gg,"76561198802031225",frontales,true,3
7323,"91b389a446a4dbd",14,124985,133534,GG,"76561197996060155",raalz,false,2
7324,"91b389a446a4dbd",14,125053,133613,gg,"76561198360682773",bnox,false,2
7325,"37a84f08a2399ebc",1,918,1021,hfhf,"76561198360682773",bnox,true,2
7326,"37a84f08a2399ebc",1,1052,1165,hfhf ,"76561198357173694",kAlash,true,3
7327,"37a84f08a2399ebc",1,1114,1230,hf,"76561198222442504",n0rb3r7,true,3
7328,"37a84f08a2399ebc",7,40866,43683,.tech,"76561198080449500",cej0t,true,2
7329,"37a84f08a2399ebc",7,41027,43852,phone dropped,"76561198080449500",cej0t,true,2
7330,"37a84f08a2399ebc",7,45138,48248,r,"76561198080449500",cej0t,true,2
7331,"37a84f08a2399ebc",7,45147,48259,r,"76561198222442504",n0rb3r7,true,3
7332,"37a84f08a2399ebc",13,106813,114130,i fix,"76561198080449500",cej0t,true,3
7333,"37a84f08a2399ebc",13,108169,115578,.READY,"76561198222442504",n0rb3r7,true,2
7334,"37a84f08a2399ebc",13,114909,122774,.ready,"76561197996060155",raalz,true,3
7335,"37a84f08a2399ebc",19,180744,193083,gg,"76561198047198945",kraghen,false,3
7336,"37a84f08a2399ebc",19,180837,193187,gg,"76561198357173694",kAlash,false,2
7337,"7074e878a9d9d9d2",1,46,95,hf,"76561199189100088","7Kick",true,2
7338,"7074e878a9d9d9d2",1,397,460,hf,"76561198028522662",Markoś,true,3
7339,"7074e878a9d9d9d2",1,932,1021,hf,"76561198156362373",Fostar,true,2
7340,"7074e878a9d9d9d2",1,1746,1880,hfhf,"76561198148986856",maaryy,true,3
7341,"7074e878a9d9d9d2",4,17919,18901,!tac,"76561198191011338",Nami,true,3
7342,"7074e878a9d9d9d2",4,18517,19529,.tech,"76561198169630290",AdrieN,true,3
7343,"7074e878a9d9d9d2",4,18827,19853,"nami 100 ping, we still have tech?","76561198169630290",AdrieN,true,3
7344,"7074e878a9d9d9d2",4,19342,20395,dont think so,"76561197980944787",hAdji,true,2
7345,"7074e878a9d9d9d2",4,19561,20624,!admin,"76561197980944787",hAdji,true,2
7346,"7074e878a9d9d9d2",4,20142,21235,hf,"76561198156362373",Fostar,true,2
7347,"7074e878a9d9d9d2",4,20292,21395,admin?,"76561198169630290",AdrieN,true,3
7348,"7074e878a9d9d9d2",4,20644,21767,.tech,"76561198169630290",AdrieN,true,3
7349,"7074e878a9d9d9d2",4,22114,23314,thanks mr admin,"76561198028522662",Markoś,true,3
7350,"7074e878a9d9d9d2",4,22358,23571,:O,"76561198169630290",AdrieN,true,3
7351,"7074e878a9d9d9d2",4,22525,23748,;ooo,"76561198169630290",AdrieN,true,3
7352,"7074e878a9d9d9d2",4,29919,31524,need on exit lag i guess,"76561198169630290",AdrieN,true,3
7353,"7074e878a9d9d9d2",4,34384,36225,lets try netherland sv if u want,"76561197968389863",adamS,true,2
7354,"7074e878a9d9d9d2",4,34482,36328,:P,"76561197968389863",adamS,true,2
7355,"7074e878a9d9d9d2",4,34800,36666,y plz,"76561198169630290",AdrieN,true,3
7356,"7074e878a9d9d9d2",4,35387,37284,no we dont want,"76561198156362373",Fostar,true,2
7357,"7074e878a9d9d9d2",4,35546,37449,we have laggs,"76561198156362373",Fostar,true,2
7358,"7074e878a9d9d9d2",4,35616,37523,sry,"76561198156362373",Fostar,true,2
7359,"7074e878a9d9d9d2",4,35714,37624,nvm,"76561197968389863",adamS,true,2
7360,"7074e878a9d9d9d2",4,35778,37695,xaxaxa,"76561198169630290",AdrieN,true,3
7361,"7074e878a9d9d9d2",4,36184,38121,he forgot that 2 players have laggs,"76561198156362373",Fostar,true,2
7362,"7074e878a9d9d9d2",4,36355,38302,on this shit server,"76561198156362373",Fostar,true,2
7363,"7074e878a9d9d9d2",4,36636,38593,he try exit lag,"76561198148986856",maaryy,true,3
7364,"7074e878a9d9d9d2",4,36928,38905,if doesn't help we play,"76561198148986856",maaryy,true,3
7365,"7074e878a9d9d9d2",4,37183,39170,ok,"76561198156362373",Fostar,true,2
7366,"7074e878a9d9d9d2",4,39144,41232,r,"76561198148986856",maaryy,true,3
7367,"7074e878a9d9d9d2",4,39261,41359,n1ce,"76561197968389863",adamS,true,2
7368,"7074e878a9d9d9d2",4,39323,41421,!unpause,"76561197982341849",nEMANHA,true,2
7369,"7074e878a9d9d9d2",4,39330,41428,"1readt","76561198191011338",Nami,true,3
7370,"7074e878a9d9d9d2",4,39332,41430,essa admin,"76561198169630290",AdrieN,true,3
7371,"7074e878a9d9d9d2",4,39548,41658,rr,"76561198191011338",Nami,true,3
7372,"7074e878a9d9d9d2",4,39969,42104,b4ckup,"76561198169630290",AdrieN,true,3
7373,"7074e878a9d9d9d2",4,43694,46022,!ready,"76561198191011338",Nami,true,3
7374,"7074e878a9d9d9d2",4,43716,46044,rdy,"76561197980944787",hAdji,true,2
7375,"7074e878a9d9d9d2",4,43762,46090,.unpause,"76561199189100088","7Kick",true,2
7376,"7074e878a9d9d9d2",4,43841,46179,!ready,"76561197980944787",hAdji,true,2
7377,"7074e878a9d9d9d2",4,44026,46374,hfhfhf,"76561197982341849",nEMANHA,true,2
7378,"7074e878a9d9d9d2",4,44153,46502,.unpause,"76561198191011338",Nami,true,3
7379,"7074e878a9d9d9d2",4,44458,46826,TY!,"76561198169630290",AdrieN,true,3
7380,"7074e878a9d9d9d2",4,44599,46977,hf,"76561198169630290",AdrieN,true,3
7381,"7074e878a9d9d9d2",4,44820,47208,hf,"76561197968389863",adamS,true,2
7382,"7074e878a9d9d9d2",4,45513,47935,"7hfhf","76561198148986856",maaryy,true,3
7383,"7074e878a9d9d9d2",4,53249,56079,.tech,"76561197982341849",nEMANHA,false,2
7384,"7074e878a9d9d9d2",5,53442,56282,.tech,"76561197980944787",hAdji,true,2
7385,"7074e878a9d9d9d2",5,53559,56400,adam lagging too,"76561197982341849",nEMANHA,true,2
7386,"7074e878a9d9d9d2",5,58809,61920,!unpause,"76561197982341849",nEMANHA,true,2
7387,"7074e878a9d9d9d2",5,58844,61955,.ready,"76561197980944787",hAdji,true,2
7388,"7074e878a9d9d9d2",5,58972,62088,.ready,"76561198148986856",maaryy,true,3
7389,"7074e878a9d9d9d2",5,59110,62231,"7hf7","76561198169630290",AdrieN,true,3
7390,"7074e878a9d9d9d2",5,59286,62417,.unpause,"76561198148986856",maaryy,true,3
7391,"7074e878a9d9d9d2",5,59715,62868,!unpause,"76561198169630290",AdrieN,true,3
7392,"7074e878a9d9d9d2",5,59819,62980,restore,"76561197982341849",nEMANHA,true,2
7393,"7074e878a9d9d9d2",5,60164,63345,!unpause,"76561197982341849",nEMANHA,true,2
7394,"7074e878a9d9d9d2",5,60325,63513,restore and go,"76561197982341849",nEMANHA,true,2
7395,"7074e878a9d9d9d2",5,62199,65481,.unpause,"76561199189100088","7Kick",true,2
7396,"7074e878a9d9d9d2",5,62427,65723,.unpause,"76561198191011338",Nami,true,3
7397,"7074e878a9d9d9d2",7,84668,89126,.tac,"76561197982341849",nEMANHA,false,2
7398,"7074e878a9d9d9d2",8,88007,92643,.tac,"76561198148986856",maaryy,true,3
7399,"7074e878a9d9d9d2",9,100649,105945,xd,"76561198156362373",Fostar,true,2
7400,"7074e878a9d9d9d2",10,102056,107425,?,"76561198191011338",Nami,true,3
7401,"7074e878a9d9d9d2",10,102397,107786,XD,"76561198169630290",AdrieN,true,3
7402,"7074e878a9d9d9d2",11,107604,113264,ready,"76561199189100088","7Kick",true,2
7403,"7074e878a9d9d9d2",11,107744,113410,it felt down the phoneh,"76561199189100088","7Kick",true,2
7404,"7074e878a9d9d9d2",13,119866,126188,admin,"76561197982341849",nEMANHA,true,3
7405,"7074e878a9d9d9d2",13,120410,126762,next time check,"76561197982341849",nEMANHA,true,3
7406,"7074e878a9d9d9d2",13,120564,126924,before match,"76561197982341849",nEMANHA,true,3
7407,"7074e878a9d9d9d2",13,120624,126986,pls,"76561197982341849",nEMANHA,true,3
7408,"7074e878a9d9d9d2",13,120950,127330,:d,"76561198169630290",AdrieN,true,2
7409,"7074e878a9d9d9d2",13,121031,127413,good ?,"76561197980944787",hAdji,true,3
7410,"7074e878a9d9d9d2",13,121099,127483,chill chill,"76561198191011338",Nami,true,2
7411,"7074e878a9d9d9d2",13,121325,127724,shut up,"76561197982341849",nEMANHA,true,3
7412,"7074e878a9d9d9d2",13,121555,127967,xaxaxaxa,"76561198169630290",AdrieN,true,2
7413,"7074e878a9d9d9d2",13,121578,127990,.ready,"76561197980944787",hAdji,true,3
7414,"7074e878a9d9d9d2",16,137883,145147,.TECH,"76561198148986856",maaryy,true,2
7415,"7074e878a9d9d9d2",16,140171,147556,medic and r,"76561198148986856",maaryy,true,2
7416,"7074e878a9d9d9d2",16,140953,148378,.UNPAUSE,"76561199189100088","7Kick",true,3
7417,"7074e878a9d9d9d2",16,141353,148798,@admin,"76561198148986856",maaryy,true,2
7418,"7074e878a9d9d9d2",16,141788,149253,need restore ,"76561198148986856",maaryy,true,2
7419,"7074e878a9d9d9d2",16,141846,149314,.unpause,"76561198191011338",Nami,true,2
7420,"7074e878a9d9d9d2",16,142491,149997,u need restore for -1death bro?,"76561199189100088","7Kick",true,3
7421,"7074e878a9d9d9d2",16,142574,150079,or did u buy,"76561199189100088","7Kick",true,3
7422,"7074e878a9d9d9d2",16,142813,150332,bought,"76561198169630290",AdrieN,true,2
7423,"7074e878a9d9d9d2",16,143006,150536,HE BOUGHT,"76561198148986856",maaryy,true,2
7424,"7074e878a9d9d9d2",16,143411,150964,.unpause,"76561198148986856",maaryy,true,2
7425,"7074e878a9d9d9d2",16,143579,151138,!unpause,"76561197982341849",nEMANHA,true,3
7426,"7074e878a9d9d9d2",16,143586,151146,.unpause,"76561199189100088","7Kick",true,3
7427,"7074e878a9d9d9d2",20,175527,184758,gg,"76561198028522662",Markoś,true,2
7428,a1d78f7cde4e833b,1,207,257,HF,"76561199189100088","7Kick",true,3
7429,a1d78f7cde4e833b,1,444,506,hf,"76561198028522662",Markoś,true,2
7430,a1d78f7cde4e833b,2,4649,4931,.tac,"76561198148986856",maaryy,true,2
7431,a1d78f7cde4e833b,3,11043,11656,!unpause,"76561198169630290",AdrieN,true,2
7432,a1d78f7cde4e833b,3,11356,11989,.unpause,"76561199189100088","7Kick",true,3
7433,a1d78f7cde4e833b,3,11944,12608,who,"76561198191011338",Nami,true,2
7434,a1d78f7cde4e833b,8,49591,52222,!TAC,"76561198169630290",AdrieN,true,2
7435,a1d78f7cde4e833b,17,114394,120434,\,"76561198191011338",Nami,false,3
7436,a1d78f7cde4e833b,17,120944,127326,ns fostarini,"76561198191011338",Nami,false,3
7437,a1d78f7cde4e833b,18,122888,129371,.tac,"76561198148986856",maaryy,true,3
7438,a1d78f7cde4e833b,21,151434,159411,gg,"76561198148986856",maaryy,true,3
7439,a1d78f7cde4e833b,21,151439,159417,gg,"76561198191011338",Nami,true,3
7440,a1d78f7cde4e833b,21,151502,159480,GG,"76561197982341849",nEMANHA,false,2
7441,a1d78f7cde4e833b,21,151511,159489,gg,"76561198028522662",Markoś,true,3
7442,c9b9157b5c59f89a,1,1153,1264,hHFHHFHFHFHHFHFHF,"76561198036066702",Alv,true,2
7443,c9b9157b5c59f89a,1,1255,1370,hf,"76561198859428279",d1Ledez,true,3
7444,c9b9157b5c59f89a,1,1284,1399,hfhf,"76561198069567550","4X1s",true,2
7445,dc37112aceedfa21,1,203,279,r,"76561198372023214",Magnojez,true,3
7446,dc37112aceedfa21,1,272,351,not r,"76561198069567550","4X1s",true,2
7447,dc37112aceedfa21,1,327,424,.ready],"76561198156778414",ArtFr0st,true,3
7448,dc37112aceedfa21,1,2699,3243,.ready,"76561198069567550","4X1s",true,2
7449,dc37112aceedfa21,1,3028,3635,.ready,"76561198156778414",ArtFr0st,true,3
7450,dc37112aceedfa21,1,3240,3889,r,"76561198372023214",Magnojez,true,3
7451,dc37112aceedfa21,5,43626,51823,gg,"76561198146207066",Boombl4,false,3
7452,dc37112aceedfa21,5,43633,51830,gg,"76561198003521527",Jyo,false,2
7453,dc37112aceedfa21,5,43739,51966,ggs,"76561198069567550","4X1s",false,2
7454,dc37112aceedfa21,5,43857,52093,gg,"76561198372023214",Magnojez,true,3
7455,dc37112aceedfa21,5,43989,52258,ggs,"76561198036066702",Alv,false,2
7456,dc37112aceedfa21,5,44123,52418,gg,"76561198859428279",d1Ledez,false,3
7457,fbfd61a8bfb2556,1,238,299,okay boss,"76561198372023214",Magnojez,true,3
7458,fbfd61a8bfb2556,1,518,617,.ready,"76561198156778414",ArtFr0st,true,3
7459,fbfd61a8bfb2556,1,606,715,r,"76561198372023214",Magnojez,true,3
7460,fbfd61a8bfb2556,1,690,809,r,"76561198069567550","4X1s",true,2
7461,fbfd61a8bfb2556,1,943,1100,.ready,"76561198069567550","4X1s",true,2
7462,fbfd61a8bfb2556,4,27166,30577,.tech,"76561198069567550","4X1s",true,2
7463,fbfd61a8bfb2556,4,27232,30661,idk,"76561198069567550","4X1s",true,2
7464,fbfd61a8bfb2556,4,27518,30973,torox irl,"76561198003521527",Jyo,true,2
7465,fbfd61a8bfb2556,4,27560,31021,torox didn't say why,"76561198069567550","4X1s",true,2
7466,fbfd61a8bfb2556,4,27810,31311,irl we guess,"76561198338914091",deeN,true,2
7467,fbfd61a8bfb2556,4,27877,31380,but he asked for tech,"76561198069567550","4X1s",true,2
7468,fbfd61a8bfb2556,4,28395,31970,r,"76561198069567550","4X1s",true,2
7469,fbfd61a8bfb2556,4,28878,32501,r,"76561198372023214",Magnojez,true,3
7470,fbfd61a8bfb2556,9,84757,95355,gh,"76561198069567550","4X1s",true,2
7471,fbfd61a8bfb2556,9,84949,95571,hg,"76561198036066702",Alv,false,2
7472,fbfd61a8bfb2556,9,85159,95811,gh,"76561198859428279",d1Ledez,false,3
7473,fbfd61a8bfb2556,10,85239,95938,.ready,"76561198156778414",ArtFr0st,true,2
7474,fbfd61a8bfb2556,10,85902,96691,.ready,"76561198069567550","4X1s",true,3
7475,fbfd61a8bfb2556,11,94466,106316,.tech ,"76561198069567550","4X1s",true,3
7476,fbfd61a8bfb2556,11,94670,106548,camera fall down,"76561198069567550","4X1s",true,3
7477,fbfd61a8bfb2556,11,94706,106594,ca,"76561198338914091",deeN,true,3
7478,fbfd61a8bfb2556,11,99237,111684,r,"76561198372023214",Magnojez,true,2
7479,fbfd61a8bfb2556,11,99781,112298,r,"76561198069567550","4X1s",true,3
7480,fbfd61a8bfb2556,21,198349,223120,gg,"76561198372023214",Magnojez,false,2
7481,fbfd61a8bfb2556,21,198423,223206,ggs,"76561198069567550","4X1s",false,3
7482,fbfd61a8bfb2556,21,198677,223488,gg,"76561198036066702",Alv,false,3
7483,c3f44fe1eab22c53,2,5302,5663,!еуср,"76561198338914091",deeN,true,3
7484,c3f44fe1eab22c53,2,5391,5762,!tech,"76561198338914091",deeN,true,3
7485,c3f44fe1eab22c53,2,5545,5923,.tech,"76561198036066702",Alv,true,3
7486,c3f44fe1eab22c53,2,5571,5952,.tech,"76561198069567550","4X1s",true,3
7487,c3f44fe1eab22c53,2,5652,6037,loss,"76561198036066702",Alv,true,3
7488,c3f44fe1eab22c53,2,5658,6043,loss,"76561198191280271",torox,true,3
7489,c3f44fe1eab22c53,2,6174,6595,backup after need,"76561198036066702",Alv,true,3
7490,c3f44fe1eab22c53,2,11201,11935,restore,"76561198036066702",Alv,true,3
7491,"87ce682ad0c8870c",1,364,449,.ready,"76561198372023214",Magnojez,true,2
7492,"87ce682ad0c8870c",1,433,530,r,"76561198372023214",Magnojez,true,2
7493,"87ce682ad0c8870c",1,619,740,.ready,"76561198069567550","4X1s",true,3
7494,f7c9277945f487de,20,128552,135339,!tac,"76561198063479252",j0w,true,2
7495,f7c9277945f487de,22,142513,150025,!TAC,"76561198063479252",j0w,true,2
7496,e84bb6eb99f991ea,8,40236,42376,.tac,"76561198063479252",j0w,true,2
7497,e84bb6eb99f991ea,10,57653,60707,!tac,"76561198063479252",j0w,true,2
7498,"5628916f864f3096",1,3685,3919,!ready,"76561199163957904",deemO,true,3
7499,"5628916f864f3096",1,4456,4752,!switch,"76561198338211599",stax,true,3
7500,"5628916f864f3096",1,4847,5163,!ready,"76561198338211599",stax,true,3
7501,"5628916f864f3096",1,4908,5224,!ready ,"76561199099962277",revoltz,true,2
7502,"5628916f864f3096",1,5116,5442,!ready,"76561198063479252",j0w,true,2
7503,"5628916f864f3096",5,32207,33952,!tech,"76561198338211599",stax,true,3
7504,"5628916f864f3096",5,32565,34328,pepe with dog problems,"76561198338211599",stax,true,3
7505,"5628916f864f3096",5,32612,34380,"1s","76561198338211599",stax,true,3
7506,"5628916f864f3096",5,33666,35489,!unpause,"76561198338211599",stax,true,3
7507,"5628916f864f3096",5,33717,35540,r,"76561198338211599",stax,true,3
7508,"5628916f864f3096",5,33868,35701,!unpaUSE,"76561198348587735",card,true,3
7509,"5628916f864f3096",5,34125,35970,!UNPAUSE,"76561199163957904",deemO,true,2
7510,"5628916f864f3096",18,128814,135636,!TAC,"76561198063479252",j0w,true,3
7511,"845921b1f3d24654",13,105124,112315,.ready,"76561197996370184",VINI,true,3
7512,"845921b1f3d24654",13,105754,112991,.READY,"76561198029203966",naitte,true,2
7513,"845921b1f3d24654",13,116030,123965,!tech,"76561199043122605",diozera,true,2
7514,"845921b1f3d24654",13,116191,124139,.tech,"76561198257770857",ksloks,true,2
7515,"845921b1f3d24654",13,117331,125357,mic problem,"76561198029203966",naitte,true,2
7516,"845921b1f3d24654",13,135116,144347,.r,"76561198003142163",WOOD7,true,2
7517,"845921b1f3d24654",13,135409,144661,r,"76561198800209567",noway,true,3
7518,"845921b1f3d24654",13,135552,144817,.ready,"76561198800209567",noway,true,3
7519,"845921b1f3d24654",13,135753,145031,.unpause,"76561198029203966",naitte,true,2
7520,"845921b1f3d24654",18,171925,183649,gg,"76561198365118288",try,true,3
7521,"845921b1f3d24654",18,171987,183717,gg,"76561198370183186",nardes,false,2
7522,"845921b1f3d24654",18,172018,183754,gg,"76561198257770857",ksloks,false,2
7523,"2b156f6b9eaefa9f",3,14482,15504,!tech,"76561198257770857",ksloks,true,3
7524,"2b156f6b9eaefa9f",3,14605,15638,.tech,"76561198257770857",ksloks,true,3
7525,"2b156f6b9eaefa9f",3,17935,19192,can you check again,"76561199043122605",diozera,true,3
7526,"2b156f6b9eaefa9f",3,22869,24464,its good now?,"76561199043122605",diozera,true,3
7527,"2b156f6b9eaefa9f",3,26407,28238,.r,"76561198003142163",WOOD7,true,3
7528,"2b156f6b9eaefa9f",3,26555,28398,.R,"76561198800209567",noway,true,2
7529,"2b156f6b9eaefa9f",3,28795,30790,g,"76561198365118288",try,true,2
7530,"2b156f6b9eaefa9f",3,28907,30907,G,"76561198029203966",naitte,true,3
7531,"2b156f6b9eaefa9f",3,37388,39963,xD,"76561197996370184",VINI,true,2
7532,"2b156f6b9eaefa9f",3,37724,40324,its live,"76561197993533482",zakk,false,2
7533,"2b156f6b9eaefa9f",3,37818,40426,it was unpaused,"76561197996370184",VINI,true,2
7534,"2b156f6b9eaefa9f",13,118755,126876,.ready,"76561198003142163",WOOD7,true,2
7535,"2b156f6b9eaefa9f",13,121667,129984,.ready,"76561197996370184",VINI,true,3
7536,"2b156f6b9eaefa9f",22,203450,217318,gg,"76561198365118288",try,false,3
7537,"810ebc215df37e73",1,232,293,hfhf,"76561199235199664",dex,true,3
7538,"810ebc215df37e73",1,389,460,hf,"76561199032610185",ayuki,true,2
7539,"810ebc215df37e73",1,1063,1176,hfhf,"76561199132217533",maxster,true,3
7540,"810ebc215df37e73",3,14981,16040,if they can use just one camera why he needs 2,"76561198031554200",JW,true,3
7541,"810ebc215df37e73",3,15034,16096,does flouzer have 2 cams,"76561198060916227",bobeksde,true,3
7542,"810ebc215df37e73",3,15507,16598,),"76561199181360085",flouzer,true,2
7543,"810ebc215df37e73",3,16441,17595,funny moment ,"76561199036285926",senka,true,2
7544,"810ebc215df37e73",3,17844,19096,r,"76561198060916227",bobeksde,true,3
7545,"810ebc215df37e73",3,18262,19545,r,"76561199032610185",ayuki,true,2
7546,"810ebc215df37e73",3,18363,19647,nvfm,"76561198060916227",bobeksde,true,3
7547,"810ebc215df37e73",3,18393,19680,sec,"76561198060916227",bobeksde,true,3
7548,"810ebc215df37e73",3,18432,19725,jw,"76561198060916227",bobeksde,true,3
7549,"810ebc215df37e73",3,18587,19888,nvm,"76561198060916227",bobeksde,true,3
7550,"810ebc215df37e73",3,18655,19965,again,"76561198060916227",bobeksde,true,3
7551,"810ebc215df37e73",3,18678,19988,R,"76561198060916227",bobeksde,true,3
7552,"810ebc215df37e73",3,19562,20931,hf17\,"76561199181360085",flouzer,true,2
7553,"810ebc215df37e73",3,19735,21114,hf22,"76561199032610185",ayuki,true,2
7554,"810ebc215df37e73",3,20226,21641,hfhf23,"76561198060916227",bobeksde,true,3
7555,"810ebc215df37e73",13,106247,113512,.ready,"76561199181360085",flouzer,true,3
7556,"810ebc215df37e73",13,106884,114189,.ready,"76561198031554200",JW,true,2
7557,"810ebc215df37e73",19,157382,168108,gg,"76561198060916227",bobeksde,false,2
7558,"810ebc215df37e73",19,157428,168157,gg,"76561199032610185",ayuki,false,3
7559,"6001a40aad334cc",1,548,623,hfhf,"76561199235199664",dex,true,2
7560,"6001a40aad334cc",1,694,777,hfhf23,"76561198060916227",bobeksde,true,2
7561,"6001a40aad334cc",1,890,986,hfhf,"76561199132217533",maxster,true,2
7562,"6001a40aad334cc",1,1215,1337,hf,"76561199032610185",ayuki,true,3
7563,"6001a40aad334cc",13,67452,72094,.ready,"76561198031554200",JW,true,3
7564,"6001a40aad334cc",13,67530,72172,.ready,"76561199181360085",flouzer,true,2
7565,"6001a40aad334cc",20,128206,136970,gg,"76561198060916227",bobeksde,false,3
7566,"6001a40aad334cc",20,128227,136992,gg,"76561198071096426",Ro1f,false,3
7567,"6001a40aad334cc",20,128408,137185,gg,"76561199032610185",ayuki,false,2
7568,cb0cc59f3947d2f8,1,1299,1423,hfhf,"76561199132217533",maxster,true,2
7569,cb0cc59f3947d2f8,1,1567,1715,hf17,"76561199181360085",flouzer,true,3
7570,cb0cc59f3947d2f8,1,1709,1863,hf,"76561199235199664",dex,true,2
7571,cb0cc59f3947d2f8,1,1711,1865,hfhf23,"76561198060916227",bobeksde,true,2
7572,cb0cc59f3947d2f8,13,90639,96862,.ready,"76561198031554200",JW,true,3
7573,cb0cc59f3947d2f8,13,90844,97080,"1MIN","76561199181360085",flouzer,true,2
7574,cb0cc59f3947d2f8,13,90889,97125,wc,"76561199181360085",flouzer,true,2
7575,cb0cc59f3947d2f8,13,92164,98492,.ready,"76561199181360085",flouzer,true,2
7576,cb0cc59f3947d2f8,19,135906,145207,GG,"76561199181360085",flouzer,true,2
7577,cb0cc59f3947d2f8,19,135908,145209,ggwp,"76561199132217533",maxster,false,3
7578,cb0cc59f3947d2f8,19,135946,145248,gg,"76561199032610185",ayuki,true,2
7579,cb0cc59f3947d2f8,19,136006,145308,GG,"76561198156774221",z1k4,true,2
7580,"61c59eecc0f9f095",6,34182,36341,.tech,"76561198119088041",SELLTER,true,2
7581,"61c59eecc0f9f095",6,34605,36792,cam ,"76561198119088041",SELLTER,true,2
7582,"61c59eecc0f9f095",6,35958,38229,.unpause,"76561198829202374",Sdaim,true,2
7583,"61c59eecc0f9f095",6,36804,39123,check,"76561198415498595",yiksrezo,true,2
7584,"61c59eecc0f9f095",6,38430,40858,will rr now ,"76561198119088041",SELLTER,true,2
7585,"61c59eecc0f9f095",6,41501,44121,r,"76561198417348056",dav1g,true,3
7586,"61c59eecc0f9f095",6,41509,44129,r,"76561198829202374",Sdaim,true,2
7587,"61c59eecc0f9f095",6,41636,44260,R,"76561198119088041",SELLTER,true,2
7588,"61c59eecc0f9f095",6,41771,44403,R,"76561197998197366",mopoz,true,3
7589,ee9898773ef07a6a,1,172,233,HFHFHFHF,"76561197998197366",mopoz,true,2
7590,ee9898773ef07a6a,1,240,313,R,"76561198119088041",SELLTER,true,3
7591,ee9898773ef07a6a,1,315,400,hf,"76561198829202374",Sdaim,true,3
7592,"5c24f4bc1eb6dbef",7,50376,53539,ns,"76561199173322766",tex1y,false,3
7593,"5c24f4bc1eb6dbef",13,98016,104149,.ready,"76561197991593267",sausoL,true,3
7594,"5c24f4bc1eb6dbef",13,99838,106090,.notready,"76561197998197366",mopoz,true,3
7595,"5c24f4bc1eb6dbef",13,100326,106605,.READY,"76561197991593267",sausoL,true,3
7596,"5c24f4bc1eb6dbef",13,103176,109633,good?,"76561198829202374",Sdaim,true,2
7597,"5c24f4bc1eb6dbef",13,105002,111580,r,"76561197991593267",sausoL,true,3
7598,"5c24f4bc1eb6dbef",13,106239,112889,i restart,"76561198829202374",Sdaim,true,2
7599,"5c24f4bc1eb6dbef",13,106381,113043,must be good,"76561198829202374",Sdaim,true,2
7600,"5c24f4bc1eb6dbef",13,106417,113079,now,"76561198829202374",Sdaim,true,2
7601,"5c24f4bc1eb6dbef",13,109882,116761,now?,"76561198829202374",Sdaim,true,2
7602,"5c24f4bc1eb6dbef",13,114685,121865,he is trying with vpn now ,"76561198119088041",SELLTER,true,2
7603,"5c24f4bc1eb6dbef",13,114774,121965,check now ,"76561198119088041",SELLTER,true,2
7604,"5c24f4bc1eb6dbef",13,115563,122804,R,"76561198119088041",SELLTER,true,2
7605,"5c24f4bc1eb6dbef",13,115580,122821,r,"76561197998197366",mopoz,true,3
7606,"5c24f4bc1eb6dbef",22,185561,197118,GGS,"76561197998197366",mopoz,false,3
7607,"5c24f4bc1eb6dbef",22,185761,197331,gg,"76561198119088041",SELLTER,false,2
7608,"43f512ea70b4ce7a",1,1045,1148,hfhf,"76561198067722198",luchov,true,2
7609,"43f512ea70b4ce7a",1,1296,1412,hfhf,"76561199730255728",RUGO,false,3
7610,"43f512ea70b4ce7a",1,1325,1445,hfhf,"76561198319723208",HUASOPEEK,true,2
7611,"43f512ea70b4ce7a",4,15444,16450,!tech,"76561199730255728",RUGO,false,3
7612,"43f512ea70b4ce7a",4,15475,16481,wtf,"76561198997188511",ivz,true,3
7613,"43f512ea70b4ce7a",4,15785,16808,!tech,"76561198981301404",Tom1jed,true,3
7614,"43f512ea70b4ce7a",4,15861,16884,.tech,"76561198981301404",Tom1jed,true,3
7615,"43f512ea70b4ce7a",4,15863,16886,.tech,"76561198077857805",naz,true,3
7616,"43f512ea70b4ce7a",4,16238,17281,la re bajo,"76561198319723208",HUASOPEEK,true,2
7617,"43f512ea70b4ce7a",4,16303,17350,watefak,"76561198319723208",HUASOPEEK,true,2
7618,"43f512ea70b4ce7a",4,17490,18606,f,"76561198997188511",ivz,true,3
7619,"43f512ea70b4ce7a",4,17675,18801,yes,"76561198319723208",HUASOPEEK,true,2
7620,"43f512ea70b4ce7a",4,18773,19961,tendrian q haber alquilado un inet aparte estos dias ,"76561198997188511",ivz,true,3
7621,"43f512ea70b4ce7a",4,19081,20289,los d circuit,"76561198997188511",ivz,true,3
7622,"43f512ea70b4ce7a",4,23666,25156,r,"76561198242950384",max,true,2
7623,"43f512ea70b4ce7a",4,24054,25566,r,"76561198981301404",Tom1jed,true,3
7624,"43f512ea70b4ce7a",4,26195,27840,"2x0 4v4","76561198067722198",luchov,true,2
7625,"43f512ea70b4ce7a",4,26269,27918,"no, midround","76561198242950384",max,true,2
7626,"43f512ea70b4ce7a",4,27757,29499,"4v3 en nuestra tela","76561199730255728",RUGO,false,3
7627,"43f512ea70b4ce7a",4,28076,29841,muere huaso y cayeron los demas,"76561199730255728",RUGO,false,3
7628,"43f512ea70b4ce7a",4,33334,35419,r here,"76561198981301404",Tom1jed,true,3
7629,"43f512ea70b4ce7a",4,43658,46392,go adm,"76561198242950384",max,true,2
7630,"43f512ea70b4ce7a",6,61335,65176,r,"76561198319723208",HUASOPEEK,true,2
7631,"43f512ea70b4ce7a",6,61722,65588,r,"76561198361613212",abizz,true,3
7632,"43f512ea70b4ce7a",6,61805,65678,r,"76561198981301404",Tom1jed,true,3
7633,"43f512ea70b4ce7a",12,113496,120612,!tech,"76561198981301404",Tom1jed,true,3
7634,"43f512ea70b4ce7a",12,113713,120841,.tech,"76561198981301404",Tom1jed,true,3
7635,"43f512ea70b4ce7a",12,113736,120864,.tech,"76561199730255728",RUGO,false,3
7636,"43f512ea70b4ce7a",12,113884,121024,loss ivz,"76561198981301404",Tom1jed,true,3
7637,"43f512ea70b4ce7a",12,128303,136346,exitlag capaz?,"76561198067722198",luchov,true,2
7638,"43f512ea70b4ce7a",12,131030,139243,ta viendo eso 1s,"76561198981301404",Tom1jed,true,3
7639,"43f512ea70b4ce7a",12,134045,142449,r here,"76561198981301404",Tom1jed,true,3
7640,"43f512ea70b4ce7a",12,134181,142592,.unpause,"76561198981301404",Tom1jed,true,3
7641,"43f512ea70b4ce7a",12,134493,142923,r,"76561198242950384",max,true,2
7642,"43f512ea70b4ce7a",12,134556,142991,!unpause,"76561198319723208",HUASOPEEK,true,2
7643,"43f512ea70b4ce7a",13,142333,151274,.ready,"76561198981301404",Tom1jed,true,2
7644,"43f512ea70b4ce7a",13,149045,158407,!ready,"76561198319723208",HUASOPEEK,true,3
7645,"43f512ea70b4ce7a",13,149247,158621,.ready,"76561198319723208",HUASOPEEK,true,3
7646,"43f512ea70b4ce7a",14,157642,167546,.tech,"76561199730255728",RUGO,false,2
7647,"43f512ea70b4ce7a",14,157925,167841,!tech,"76561198981301404",Tom1jed,true,2
7648,"43f512ea70b4ce7a",14,157989,167913,.tech,"76561198077857805",naz,true,2
7649,"43f512ea70b4ce7a",14,158785,168755,he is fixing loss problem,"76561198077857805",naz,true,2
7650,"43f512ea70b4ce7a",14,158975,168956,installing exitlag admin,"76561198077857805",naz,true,2
7651,"43f512ea70b4ce7a",14,159042,169024,"2min","76561198077857805",naz,true,2
7652,"43f512ea70b4ce7a",14,167084,177536,r,"76561198981301404",Tom1jed,true,2
7653,"43f512ea70b4ce7a",14,167368,177837,.unpause,"76561198981301404",Tom1jed,true,2
7654,"43f512ea70b4ce7a",14,167891,178392,r,"76561198242950384",max,true,3
7655,"8dc0a562688b2e7a",1,388,455,hfhf,"76561198067722198",luchov,true,3
7656,"8dc0a562688b2e7a",1,2305,2492,wena plimo,"76561199730255728",RUGO,false,2
7657,"8dc0a562688b2e7a",1,11038,11771,good',"76561198067722198",luchov,true,3
7658,"8dc0a562688b2e7a",1,11924,12717,is good now,"76561198319723208",HUASOPEEK,true,3
7659,"8dc0a562688b2e7a",1,12540,13370,k,"76561199730255728",RUGO,false,2
7660,"8dc0a562688b2e7a",1,21188,22560,what happened,"76561198077857805",naz,true,2
7661,"8dc0a562688b2e7a",1,22520,23976,ok,"76561198077857805",naz,true,2
7662,"8dc0a562688b2e7a",1,22613,24071,all good,"76561198077857805",naz,true,2
7663,"8dc0a562688b2e7a",1,27077,28820,ok,"76561198077857805",naz,true,2
7664,"8dc0a562688b2e7a",3,38127,40558,!tech,"76561198981301404",Tom1jed,true,2
7665,"8dc0a562688b2e7a",3,38305,40748,.tech,"76561198981301404",Tom1jed,true,2
7666,"8dc0a562688b2e7a",3,38493,40949,loss ivz ,"76561198981301404",Tom1jed,true,2
7667,"8dc0a562688b2e7a",3,39741,42276,loss on ts3,"76561199730255728",RUGO,false,2
7668,"8dc0a562688b2e7a",3,42195,44880,.unpause,"76561198981301404",Tom1jed,true,2
7669,"8dc0a562688b2e7a",3,42267,44964,r here,"76561198981301404",Tom1jed,true,2
7670,"8dc0a562688b2e7a",3,42343,45040,R,"76561198242950384",max,true,3
7671,"8dc0a562688b2e7a",3,43623,46404,R,"76561198242950384",max,true,3
7672,"8dc0a562688b2e7a",3,43680,46461,r,"76561198319723208",HUASOPEEK,true,3
7673,"8dc0a562688b2e7a",12,125720,133643,.ready,"76561198981301404",Tom1jed,false,2
7674,"8dc0a562688b2e7a",13,126309,134291,.notready,"76561198067722198",luchov,true,2
7675,"8dc0a562688b2e7a",13,126987,135013,.ready,"76561198939861318",nacho,true,3
7676,"8dc0a562688b2e7a",13,132401,140769,.ready,"76561198319723208",HUASOPEEK,true,2
7677,"8dc0a562688b2e7a",23,221041,234959,GG,"76561198939861318",nacho,false,3
7678,"8dc0a562688b2e7a",23,221373,235313,gg,"76561199730255728",RUGO,false,3
7679,"8dc0a562688b2e7a",23,221409,235350,gg,"76561198319723208",HUASOPEEK,false,2
7680,"527e8f5956881611",1,368,424,hfhf,"76561198152411501",cronuss,true,3
7681,"527e8f5956881611",1,576,644,hf,"76561198144926364",kyuubii,true,2
7682,"527e8f5956881611",11,78233,82363,.tac,"76561198182462587",k1to,true,2
7683,"527e8f5956881611",13,102733,108168,ns,"76561198028292758",HObbit,false,2
7684,"527e8f5956881611",17,126539,133219,.tac,"76561198182462587",k1to,true,3
7685,"527e8f5956881611",23,184982,194716,GG,"76561198152411501",cronuss,false,2
7686,"527e8f5956881611",23,185139,194883,gg,"76561198144926364",kyuubii,false,3
7687,"81c42a2ea887ddf8",1,375,435,hf,"76561198144926364",kyuubii,true,3
7688,"81c42a2ea887ddf8",1,457,526,hfhf,"76561198152411501",cronuss,true,2
7689,"81c42a2ea887ddf8",1,508,578,hfhf,"76561198208074320",interz,true,2
7690,"81c42a2ea887ddf8",4,29820,31424,.tac,"76561198182462587",k1to,true,3
7691,"81c42a2ea887ddf8",7,68541,72168,.tac,"76561198182462587",k1to,false,3
7692,"81c42a2ea887ddf8",16,143801,151385,GG,"76561198182462587",k1to,false,2
7693,"81c42a2ea887ddf8",16,143940,151533,gg,"76561198152411501",cronuss,false,3
7694,"81c42a2ea887ddf8",16,144144,151747,gg,"76561198028292758",HObbit,true,3
7695,"9633b2940e86c1a8",6,31456,33305,.P,"76561198145467769",Liminha,true,3
7696,"9633b2940e86c1a8",12,74181,78493,.ready,"76561197983031494",felps,true,2
7697,"9633b2940e86c1a8",13,80381,85066,.tech,"76561198058204642",SHOOWTiME,true,2
7698,"9633b2940e86c1a8",13,85071,90023,oi,"76561198016394968",Donkgordo,true,2
7699,"9633b2940e86c1a8",13,85150,90110,sim,"76561198016394968",Donkgordo,true,2
7700,"9633b2940e86c1a8",13,85295,90259,r,"76561197960612308",Fly,true,2
7701,"9633b2940e86c1a8",13,85498,90475,ta com o palhaço ainda mas quando morrer acho q sai,"76561198016394968",Donkgordo,true,2
7702,"9633b2940e86c1a8",13,85830,90826,malzs ai guys esqueci de tiraar,"76561198016394968",Donkgordo,true,2
7703,"9633b2940e86c1a8",13,86398,91427,deboa,"76561198054820484",JOTA,true,3
7704,"9633b2940e86c1a8",15,95767,101339,.tac,"76561198145467769",Liminha,true,2
7705,"9633b2940e86c1a8",15,100857,106721,canalhas,"76561197960612308",Fly,false,2
7706,"54fd1f5e1a2b5bed",4,17056,18082,.,"76561197960612308",Fly,false,2
7707,"54fd1f5e1a2b5bed",4,17168,18205,.!.,"76561197960612308",Fly,false,2
7708,"54fd1f5e1a2b5bed",6,26454,28020,.tac,"76561198145467769",Liminha,true,2
7709,"54fd1f5e1a2b5bed",12,69021,72433,.ready,"76561197983031494",felps,false,3
7710,"54fd1f5e1a2b5bed",12,69250,72674,.ready,"76561198058204642",SHOOWTiME,false,2
7711,"54fd1f5e1a2b5bed",13,74899,78665,gg,"76561198018027263",HEN1,true,2
7712,"54fd1f5e1a2b5bed",13,75249,79034,gg,"76561198874474141",Brunakiller,false,3
7713,aae5c8235df84555,1,2296,2453,rejoining,"76561197960690195",FalleN,true,3
7714,aae5c8235df84555,1,7857,8306,hf,"76561198744962365",yxngstxr,true,2
7715,aae5c8235df84555,1,7957,8411,hf,"76561197960690195",FalleN,true,3
7716,aae5c8235df84555,1,8069,8531,HF,"76561198178209109",xfl0ud,true,2
7717,aae5c8235df84555,5,36203,38134,!tech,"76561198200982290",molodoy,true,3
7718,aae5c8235df84555,5,36339,38280,nl,"76561198200982290",molodoy,true,3
7719,aae5c8235df84555,5,36868,38837,kk,"76561198342718168",susp,true,2
7720,aae5c8235df84555,5,38096,40127,r,"76561197960690195",FalleN,true,3
7721,aae5c8235df84555,5,38300,40341,one more,"76561198200982290",molodoy,true,3
7722,aae5c8235df84555,5,38330,40371,"1 more rr","76561198744962365",yxngstxr,true,2
7723,aae5c8235df84555,5,38480,40532,"1 more restore","76561197960690195",FalleN,true,3
7724,aae5c8235df84555,5,39201,41292,r,"76561198200982290",molodoy,true,3
7725,aae5c8235df84555,5,39381,41481,r,"76561198292598811",Chr1zN,true,2
7726,aae5c8235df84555,16,146849,154588,.tech,"76561198342718168",susp,true,3
7727,"2c50b73b764f1dfe",1,4961,5260,!ct,"76561198342718168",susp,true,2
7728,"2c50b73b764f1dfe",1,16384,17303,hfhf,"76561198178209109",xfl0ud,true,3
7729,"2c50b73b764f1dfe",22,201640,212278,gg,"76561198292598811",Chr1zN,false,2
7730,d7fdcb079df7beb6,8,50628,53313,.TAC,"76561198292598811",Chr1zN,true,3
7731,d7fdcb079df7beb6,13,113978,120004,hfhf,"76561198744962365",yxngstxr,true,2
7732,d7fdcb079df7beb6,13,114506,120556,hfhf,"76561198292598811",Chr1zN,true,2
7733,d7fdcb079df7beb6,13,114854,120924,gh,"76561198200982290",molodoy,true,3
7734,d7fdcb079df7beb6,15,134077,141152,ggs,"76561197960690195",FalleN,true,3
7735,d7fdcb079df7beb6,15,134306,141394,gg,"76561198342718168",susp,false,2
7736,"41cf74bf5a9da5f3",8,44779,47164,.r,"76561198091947107",ninjaZ,true,2
7737,"41cf74bf5a9da5f3",16,110347,116176,kkkkkkk,"76561198839451691",zock,false,3
7738,"41cf74bf5a9da5f3",16,110497,116336,joga com essa ai pai,"76561198839451691",zock,false,3
7739,"41cf74bf5a9da5f3",16,110608,116454,toma mauro,"76561198167208419",vzn,false,2
7740,"41cf74bf5a9da5f3",16,110711,116560,q isso,"76561198839451691",zock,false,3
7741,"305ce9e799abb7e2",9,65624,69093,.tac,"76561198091947107",ninjaZ,true,2
7742,"305ce9e799abb7e2",21,169361,178272,gg,"76561198127570649",KAISER,true,3
7743,"528422fb7b9b9ea1",1,298,353,hF,"76561198036066702",Alv,true,2
7744,"528422fb7b9b9ea1",5,40125,42658,now?,"76561198420829570",Salazar ,true,2
7745,"528422fb7b9b9ea1",5,40244,42782,r,"76561197991593267",sausoL,true,3
7746,"528422fb7b9b9ea1",5,40758,43332,notr,"76561198036066702",Alv,true,2
7747,"528422fb7b9b9ea1",5,41289,43896,r,"76561198036066702",Alv,true,2
7748,"528422fb7b9b9ea1",13,117939,125323,.readyç,"76561197991593267",sausoL,true,2
7749,"528422fb7b9b9ea1",13,118028,125416,.ready,"76561197991593267",sausoL,true,2
7750,"528422fb7b9b9ea1",13,118229,125629,.ready,"76561198069567550","4X1s",true,3
7751,"528422fb7b9b9ea1",13,123276,130993,not r,"76561198069567550","4X1s",true,3
7752,"528422fb7b9b9ea1",13,126445,134363,we r,"76561198338914091",deeN,true,3
7753,"528422fb7b9b9ea1",24,222942,236831,GGÇ,"76561198000984547",alex,true,2
7754,"528422fb7b9b9ea1",24,223053,236949,ggs,"76561198069567550","4X1s",true,3
7755,"528422fb7b9b9ea1",24,223119,237018,gg,"76561198370086461",MartinezSa,true,2
7756,"528422fb7b9b9ea1",24,223173,237080,gg,"76561198036066702",Alv,false,3
7757,"528422fb7b9b9ea1",24,223195,237103,ggs,"76561197998197366",mopoz,true,2
7758,"5a8350ea0e7528ce",1,413,484,hF,"76561198036066702",Alv,true,3
7759,"5a8350ea0e7528ce",1,1183,1302,hfhf,"76561198069567550","4X1s",true,3
7760,"5a8350ea0e7528ce",13,100684,106990,sure,"76561198069567550","4X1s",true,2
7761,"5a8350ea0e7528ce",13,109260,116102,.ready,"76561197991593267",sausoL,true,3
7762,"5a8350ea0e7528ce",13,109658,116526,.notready,"76561197998197366",mopoz,true,3
7763,"5a8350ea0e7528ce",13,110089,116985,.READY,"76561197991593267",sausoL,true,3
7764,"5a8350ea0e7528ce",13,112446,119487,.ready,"76561198069567550","4X1s",true,2
7765,"5a8350ea0e7528ce",17,151002,160438,gg,"76561198370086461",MartinezSa,false,3
7766,"5a8350ea0e7528ce",17,151033,160469,gg,"76561198036066702",Alv,false,2
7767,"5a8350ea0e7528ce",17,151061,160497,ggs,"76561197998197366",mopoz,false,3
7768,ff002e9b4ba80ab6,1,2328,2490,!stay,"76561199021962584",KusMe,true,3
7769,ff002e9b4ba80ab6,1,4641,4924,.ready,"76561199181968192",Something,true,3
7770,ff002e9b4ba80ab6,1,4717,5000,.ready,"76561199181968192",Something,true,3
7771,ff002e9b4ba80ab6,1,5602,5935,.ready,"76561198172837021",rigoN,false,2
7772,ff002e9b4ba80ab6,1,10205,10779,!ready,"76561198975452660",Woro2k,true,2
7773,ff002e9b4ba80ab6,16,117265,123458,n s rigon,"76561199181968192",Something,true,2
7774,ff002e9b4ba80ab6,16,117583,123796,ty bro,"76561198172837021",rigoN,true,3
7775,ff002e9b4ba80ab6,20,146662,154395,.tac,"76561198172837021",rigoN,true,3
7776,"315c2968095fe213",12,83204,87592,r,"76561198096372312",shady,true,3
7777,"315c2968095fe213",12,83614,88025,r,"76561198975452660",Woro2k,true,2
7778,"315c2968095fe213",12,83940,88365,!unpause,"76561198975452660",Woro2k,true,2
7779,"315c2968095fe213",17,117454,123649,.tac,"76561198405751018",Emstar,true,3
7780,"315c2968095fe213",21,155632,163823,gg,"76561198172837021",rigoN,true,3
7781,"93f6caa90cb3f862",12,88638,93321,r,"76561199181968192",Something,true,2
7782,"93f6caa90cb3f862",12,88755,93438,r,"76561198172837021",rigoN,true,3
7783,"93f6caa90cb3f862",20,149448,157327,!tac,"76561198975452660",Woro2k,true,2
7784,"93f6caa90cb3f862",20,151667,159658,.tech,"76561199181968192",Something,true,3
7785,"93f6caa90cb3f862",20,152746,160796,toilet,"76561198052546265",Calyx,true,2
7786,"93f6caa90cb3f862",20,152749,160799,"2 min irl problem","76561199181968192",Something,true,3
7787,"93f6caa90cb3f862",20,158868,167240,r,"76561199181968192",Something,true,3
7788,"93f6caa90cb3f862",20,160503,168957,WE R,"76561198096372312",shady,true,3
7789,"93f6caa90cb3f862",20,160613,169075,r,"76561198172837021",rigoN,true,2
7790,"93f6caa90cb3f862",20,160904,169380,!unpause,"76561198975452660",Woro2k,true,2
7791,"93f6caa90cb3f862",20,161074,169557,hfffffffff,"76561198096372312",shady,true,3
7792,"93f6caa90cb3f862",20,161773,170296,!unpause,"76561198975452660",Woro2k,true,2
7793,f3a209789b9e1563,7,51261,54514,r,"76561198014498951",Noktse,true,2
7794,f3a209789b9e1563,7,51596,54866,r,"76561198251931752",chay,true,3
7795,f3a209789b9e1563,19,147338,156635,gg,"76561198422434044",tomaszin,false,3
7796,dd1e9d956253db5e,5,34081,36258,!tehc,"76561198388056582",drop,true,2
7797,dd1e9d956253db5e,5,34183,36369,!tech,"76561198388056582",drop,true,2
7798,dd1e9d956253db5e,5,34268,36457,!tec,"76561198388056582",drop,true,2
7799,dd1e9d956253db5e,5,34341,36534,.tech,"76561198388056582",drop,true,2
7800,dd1e9d956253db5e,5,37925,40343,we are playing with the same camms we played yesterday,"76561198385657675",kauez,true,2
7801,dd1e9d956253db5e,5,38137,40567,can u check now?,"76561198385657675",kauez,true,2
7802,dd1e9d956253db5e,13,122472,130213,.ready,"76561198388056582",drop,true,3
7803,"63489421a548b044",12,70250,74336,.ready,"76561197983031494",felps,false,3
7804,"63489421a548b044",12,70644,74752,!ready,"76561198980137093",agt,true,2
7805,"63489421a548b044",14,85792,90795,gg,"76561198018027263",HEN1,false,2
7806,"7608fcdf4c7642d4",12,86828,91864,.ready,"76561197983031494",felps,false,2
7807,"7608fcdf4c7642d4",12,89250,94429,!ready,"76561198980137093",agt,false,3
7808,"7608fcdf4c7642d4",21,156301,165359,gg[,"76561198018027263",HEN1,true,3
7809,e7a1c6d322024c54,1,50,98,hfhf,"76561198365118288",try,true,2
7810,e7a1c6d322024c54,1,552,631,hfhf,"76561199730255728",RUGO,false,3
7811,e7a1c6d322024c54,12,85253,91079,.ready,"76561198981301404",Tom1jed,false,3
7812,e7a1c6d322024c54,13,87788,93804,.ready,"76561198981301404",Tom1jed,true,2
7813,e7a1c6d322024c54,36,292215,312143,GG,"76561198939861318",nacho,true,2
7814,"181bed020ff0545",13,96884,103521,.ready,"76561198981301404",Tom1jed,true,3
7815,"181bed020ff0545",13,102125,109123,!ready,"76561198365118288",try,true,2
7816,"181bed020ff0545",13,102479,109498,.ready,"76561198365118288",try,true,2
7817,"181bed020ff0545",13,102533,109561,.ready,"76561197996370184",VINI,true,2
7818,"181bed020ff0545",22,166625,178001,.pause,"76561198067763828",chelo,true,2
7819,"181bed020ff0545",22,166634,178011,.TECH,"76561197996370184",VINI,true,2
7820,"181bed020ff0545",22,166819,178208,ts,"76561198365118288",try,true,2
7821,"181bed020ff0545",22,167005,178406,cs crash,"76561198067763828",chelo,true,2
7822,"181bed020ff0545",22,167165,178573,ok,"76561198981301404",Tom1jed,true,3
7823,"181bed020ff0545",22,171418,183118,restore,"76561197996370184",VINI,true,2
7824,"181bed020ff0545",22,171472,183179,and go,"76561197996370184",VINI,true,2
7825,e2171f5401c3287e,1,132,204,r,"76561198800209567",noway,true,2
7826,e2171f5401c3287e,1,917,1093,.ready,"76561197996370184",VINI,true,2
7827,e2171f5401c3287e,1,1098,1300,.ready,"76561198981301404",Tom1jed,true,3
7828,e2171f5401c3287e,8,60563,68864,gg,"76561199730255728",RUGO,false,2
7829,e2171f5401c3287e,8,60856,69189,gg,"76561198365118288",try,false,3
7830,"333d7f4325d9145f",1,1185,1307,hf,"76561199032610185",ayuki,true,2
7831,"333d7f4325d9145f",1,1311,1437,hf,"76561198360682773",bnox,true,3
7832,"333d7f4325d9145f",1,1409,1544,hfhf,"76561197970141954",BERRY,false,3
7833,"333d7f4325d9145f",1,1705,1859,hf17,"76561199181360085",flouzer,true,2
7834,"333d7f4325d9145f",3,15651,16752,r,"76561197996060155",raalz,true,3
7835,"333d7f4325d9145f",3,15713,16818,да,"76561199032610185",ayuki,true,2
7836,"333d7f4325d9145f",3,15854,16968,r,"76561198156774221",z1k4,true,2
7837,"333d7f4325d9145f",3,15978,17105,ready,"76561199181360085",flouzer,true,2
7838,"333d7f4325d9145f",4,29293,31320,good now?,"76561198156774221",z1k4,true,2
7839,"333d7f4325d9145f",4,30317,32415,admin,"76561199181360085",flouzer,true,2
7840,"333d7f4325d9145f",4,31479,33658,what,"76561199181360085",flouzer,true,2
7841,"333d7f4325d9145f",4,31830,34030,ok,"76561199181360085",flouzer,true,2
7842,"333d7f4325d9145f",4,31872,34078,go,"76561199181360085",flouzer,true,2
7843,"333d7f4325d9145f",4,31890,34098,да,"76561199032610185",ayuki,true,2
7844,"333d7f4325d9145f",4,31894,34103,r,"76561197996060155",raalz,true,3
7845,"333d7f4325d9145f",4,32479,34728,tech,"76561199181360085",flouzer,true,2
7846,"333d7f4325d9145f",4,32566,34815,!tech,"76561199181360085",flouzer,true,2
7847,"333d7f4325d9145f",4,32619,34874,tech,"76561198156774221",z1k4,true,2
7848,"333d7f4325d9145f",4,32681,34943,loss,"76561198156774221",z1k4,true,2
7849,"333d7f4325d9145f",4,32778,35041,senka,"76561198156774221",z1k4,true,2
7850,"333d7f4325d9145f",4,32831,35102,loss,"76561199032610185",ayuki,true,2
7851,"333d7f4325d9145f",4,33156,35444,loss SENKa,"76561199181360085",flouzer,true,2
7852,"333d7f4325d9145f",4,33841,36181,"1min","76561199181360085",flouzer,true,2
7853,"333d7f4325d9145f",4,35956,38440,r,"76561199181360085",flouzer,true,2
7854,"333d7f4325d9145f",4,35970,38454,go,"76561199032610185",ayuki,true,2
7855,"333d7f4325d9145f",4,36080,38571,r,"76561197996060155",raalz,true,3
7856,"333d7f4325d9145f",4,36093,38585,r,"76561198080449500",cej0t,true,3
7857,"333d7f4325d9145f",4,36230,38728,pognali,"76561199181360085",flouzer,true,2
7858,"333d7f4325d9145f",4,36278,38782,lesgo,"76561199181360085",flouzer,true,2
7859,"333d7f4325d9145f",5,48268,51587,ns,"76561199032610185",ayuki,false,2
7860,"333d7f4325d9145f",9,79790,85249,r,"76561198080449500",cej0t,true,3
7861,"333d7f4325d9145f",9,79802,85261,GO,"76561197996060155",raalz,true,3
7862,"333d7f4325d9145f",9,79821,85282,r,"76561198156774221",z1k4,true,2
7863,"333d7f4325d9145f",12,106954,114263,.READY,"76561199181360085",flouzer,false,2
7864,"333d7f4325d9145f",12,107092,114407,.REASDY,"76561197996060155",raalz,false,3
7865,"333d7f4325d9145f",12,107188,114513,.READY,"76561197996060155",raalz,false,3
7866,"333d7f4325d9145f",24,198575,212131,gege,"76561199181360085",flouzer,false,3
7867,"333d7f4325d9145f",24,198628,212188,gg,"76561199032610185",ayuki,true,3
7868,"65500a61e0c496f2",13,85038,90885,.ready,"76561199181360085",flouzer,true,3
7869,"65500a61e0c496f2",13,88169,94225,.ready,"76561197996060155",raalz,true,2
7870,"65500a61e0c496f2",13,91249,97514,.notready,"76561197996060155",raalz,true,2
7871,"65500a61e0c496f2",13,92760,99129,now?,"76561197976004330",tonyblack,false,3
7872,"65500a61e0c496f2",13,93830,100271,yes,"76561197976004330",tonyblack,false,3
7873,"65500a61e0c496f2",13,94440,100925,r,"76561199036285926",senka,true,3
7874,"65500a61e0c496f2",13,94524,101011,.ready,"76561197996060155",raalz,true,2
7875,"65500a61e0c496f2",13,97703,104410,r,"76561199181360085",flouzer,true,3
7876,"65500a61e0c496f2",13,97823,104533,r,"76561197996060155",raalz,true,2
7877,"65500a61e0c496f2",19,144690,154586,gg,"76561199032610185",ayuki,false,3
7878,"65500a61e0c496f2",19,144743,154647,gg,"76561198360682773",bnox,true,2
7879,"355557a65edecf7f",3,20907,22366,!tech,"76561199181360085",flouzer,false,2
7880,"355557a65edecf7f",3,20942,22406,wc,"76561199181360085",flouzer,false,2
7881,"355557a65edecf7f",4,23464,25100,!tech,"76561197976004330",tonyblack,false,2
7882,"355557a65edecf7f",4,23584,25224,!tech,"76561199036285926",senka,true,2
7883,"355557a65edecf7f",4,23963,25629,!tech,"76561199036285926",senka,true,2
7884,"355557a65edecf7f",4,24018,25691,tech adm,"76561199032610185",ayuki,true,2
7885,"355557a65edecf7f",4,24227,25915,.pause,"76561198047198945",kraghen,true,3
7886,"355557a65edecf7f",4,24277,25965,.pause,"76561198253891911",Shield,true,3
7887,"355557a65edecf7f",4,25605,27384,r,"76561199181360085",flouzer,true,2
7888,"355557a65edecf7f",4,26822,28680,r,"76561197996060155",raalz,true,3
7889,"355557a65edecf7f",13,102111,109110,.READY,"76561199181360085",flouzer,true,3
7890,"355557a65edecf7f",13,103546,110643,.r,"76561197996060155",raalz,true,2
7891,"355557a65edecf7f",13,103618,110719,.ready,"76561197996060155",raalz,true,2
7892,"355557a65edecf7f",15,112413,120115,.pause,"76561197996060155",raalz,true,2
7893,"355557a65edecf7f",15,112418,120120,.tech,"76561198047198945",kraghen,true,2
7894,"355557a65edecf7f",15,113392,121159,mic issue,"76561198047198945",kraghen,true,2
7895,"355557a65edecf7f",15,113599,121379,.unpause,"76561197996060155",raalz,true,2
7896,"355557a65edecf7f",15,113694,121479,its fixed,"76561198047198945",kraghen,true,2
7897,"355557a65edecf7f",15,113709,121496,.ready,"76561197996060155",raalz,true,2
7898,"355557a65edecf7f",15,113777,121570,we r,"76561198253891911",Shield,true,2
7899,"355557a65edecf7f",15,113865,121661,R,"76561199181360085",flouzer,true,3
7900,"355557a65edecf7f",16,123064,131487,.pause,"76561197996060155",raalz,true,2
7901,"355557a65edecf7f",16,123239,131674,mic,"76561197996060155",raalz,true,2
7902,"355557a65edecf7f",16,124597,133124,.r,"76561197996060155",raalz,true,2
7903,"355557a65edecf7f",16,124877,133426,"1min","76561199181360085",flouzer,true,3
7904,"355557a65edecf7f",16,124913,133463,wc,"76561199181360085",flouzer,true,3
7905,"355557a65edecf7f",16,127390,136110,r,"76561198080449500",cej0t,true,2
7906,"355557a65edecf7f",16,127409,136129,r,"76561199181360085",flouzer,true,3
7907,"355557a65edecf7f",16,127565,136297,r,"76561198253891911",Shield,true,2
7908,"355557a65edecf7f",22,185292,197943,gg,"76561199036285926",senka,false,3
7909,"355557a65edecf7f",22,185323,197978,GG,"76561198360682773",bnox,false,2
7910,"355557a65edecf7f",22,185378,198039,GG,"76561198156774221",z1k4,false,3
7911,"355557a65edecf7f",22,185383,198044,gg,"76561199032610185",ayuki,false,3
7912,f3f7d892f3ff218,1,2727,2929,qm tava na faca ai,"76561198251931752",chayJESUS,false,3
7913,f3f7d892f3ff218,1,2890,3099,quase tomei na garganta,"76561198251931752",chayJESUS,false,3
7914,f3f7d892f3ff218,1,3027,3244,qm ce acha,"76561198058204642",SHOOWTiME,false,2
7915,f3f7d892f3ff218,1,3096,3318,UHSAHSAHUSAUHSA,"76561198058204642",SHOOWTiME,false,2
7916,f3f7d892f3ff218,1,3210,3438,kjkkkkkkkkkkkkkkkk,"76561198251931752",chayJESUS,false,3
7917,f3f7d892f3ff218,1,3811,4072,kkkk,"76561198145467769",Liminha,false,2
7918,f3f7d892f3ff218,6,39426,41732,caga demais,"76561198120491311",dav1deuS,false,3
7919,f3f7d892f3ff218,7,39778,42098,q ota,"76561198874474141",Brunakiller,true,2
7920,f3f7d892f3ff218,7,40358,42712,>p,"76561198120491311",dav1deuS,true,3
7921,f3f7d892f3ff218,8,47776,50552,.tac,"76561198145467769",Liminha,false,2
7922,f3f7d892f3ff218,10,56410,59678,rush b,"76561198251931752",chayJESUS,true,3
7923,f3f7d892f3ff218,12,73764,78028,.ready,"76561198058204642",SHOOWTiME,true,2
7924,f3f7d892f3ff218,15,95193,100701,gg,"76561198016394968",Donkgordo,false,3
7925,f3f7d892f3ff218,15,95614,101144,gostaria de pedir WO,"76561197960612308",Fly,false,3
7926,"8138dcf4c13fa8f0",2,4433,4732,.tech,"76561198058204642",SHOOWTiME,true,3
7927,"8138dcf4c13fa8f0",2,4968,5294,vai tomar no seu cu,"76561197960612308",Fly,true,3
7928,"8138dcf4c13fa8f0",2,5148,5484,KKKKKKKKK,"76561198874474141",Brunakiller,true,3
7929,"8138dcf4c13fa8f0",2,5307,5651,.unpause,"76561198058204642",SHOOWTiME,true,3
7930,"8138dcf4c13fa8f0",2,5337,5683,kkkkkkkkkkkkkkkk,"76561198251931752",chayJESUS,true,2
7931,"8138dcf4c13fa8f0",2,5367,5717,DÁ MEU PREMIUM,"76561198388056582",drop,true,2
7932,"8138dcf4c13fa8f0",2,5680,6046,KKKKKKKKKKKKKKKKK,"76561198120491311",dav1deuS,true,2
7933,"8138dcf4c13fa8f0",2,5686,6052,serio memo,"76561198145467769",Liminha,true,3
7934,"8138dcf4c13fa8f0",2,6008,6396,tinha que ter dado wo,"76561198145467769",Liminha,true,3
7935,"8138dcf4c13fa8f0",2,6146,6542,nesssaa porra,"76561198145467769",Liminha,true,3
7936,"8138dcf4c13fa8f0",2,6210,6609,zoado...,"76561198388056582",drop,true,2
7937,"8138dcf4c13fa8f0",2,6329,6735,HHUEASUHASHUEASHUSAE,"76561198251931752",chayJESUS,true,2
7938,"8138dcf4c13fa8f0",2,6428,6838,KKKKKKKKKKKK,"76561198385657675",kauez,true,2
7939,"8138dcf4c13fa8f0",2,7158,7612,.ready,"76561197960612308",Fly,true,3
7940,"8138dcf4c13fa8f0",2,7287,7747,.unpause,"76561198058204642",SHOOWTiME,true,3
7941,"8138dcf4c13fa8f0",2,7419,7884,.ready,"76561198145467769",Liminha,true,3
7942,"8138dcf4c13fa8f0",2,7565,8041,pessima comunicacao do meu time,"76561197960612308",Fly,true,3
7943,"8138dcf4c13fa8f0",2,7606,8082,.tirarpausa,"76561198016394968",Donkgordo,true,3
7944,"8138dcf4c13fa8f0",3,21443,22715,DKJWAHDKJAWHDKJAWDAW,"76561198874474141",Brunakiller,false,3
7945,"8138dcf4c13fa8f0",9,56758,60062,Isso q meu pai é eletricista ,"76561198016394968",Donkgordo,false,3
7946,"8138dcf4c13fa8f0",9,56914,60229,toma no cu,"76561198016394968",Donkgordo,false,3
7947,"8138dcf4c13fa8f0",9,57038,60363,kkkkkkkkkkkkk,"76561198016394968",Donkgordo,false,3
7948,"8138dcf4c13fa8f0",9,57123,60449,kkkkkkkkkkkkkkkkkkkkkkkkk,"76561198251931752",chayJESUS,false,2
7949,"8138dcf4c13fa8f0",9,57215,60549,kkkkkkkkkkkkkkkk,"76561198385657675",kauez,false,2
7950,"8138dcf4c13fa8f0",11,67571,71500,.TAC,"76561198145467769",Liminha,true,3
7951,"8138dcf4c13fa8f0",12,78330,82879,.ready,"76561198058204642",SHOOWTiME,true,3
7952,"8138dcf4c13fa8f0",13,81638,86395,KKKKKKKKKKKKKK,"76561198885430317",history,true,3
7953,"8138dcf4c13fa8f0",13,81704,86464,kkkkkkkkkkkkkkkkk,"76561198388056582",drop,true,3
7954,"8138dcf4c13fa8f0",13,81819,86585,gostei,"76561197960612308",Fly,true,2
7955,"8138dcf4c13fa8f0",13,83812,88693,devolva nosso ouro,"76561197960612308",Fly,true,2
7956,"8138dcf4c13fa8f0",13,84566,89492,horas pois fooooudase,"76561198016394968",Donkgordo,true,2
7957,"8138dcf4c13fa8f0",13,85011,89959,vamo fazer aquela,"76561197960612308",Fly,true,2
7958,"8138dcf4c13fa8f0",16,101741,107650,.TAC,"76561198145467769",Liminha,true,2
7959,"8138dcf4c13fa8f0",16,102797,108771,depois pausa aih pra gente ganhar mais tempo de tela,"76561197960612308",Fly,true,2
7960,"8138dcf4c13fa8f0",16,103118,109107,kkkkkkkkkkkkkkkkk,"76561198388056582",drop,true,3
7961,"8138dcf4c13fa8f0",16,104909,111005,"tamo pensando, calma","76561197960612308",Fly,true,2
7962,"8138dcf4c13fa8f0",16,107051,113268,vc n vai rushar B nenhum round limas?,"76561198388056582",drop,true,3
7963,"8138dcf4c13fa8f0",17,114788,121448,.tac,"76561198885430317",history,true,3
7964,fb12fe4a302e57d9,1,411,512,.ready,"76561198981301404",Tom1jed,true,3
7965,fb12fe4a302e57d9,13,100370,114076,!tech,"76561198981301404",Tom1jed,true,2
7966,fb12fe4a302e57d9,13,100512,114230,.tech,"76561198981301404",Tom1jed,true,2
7967,fb12fe4a302e57d9,13,101181,114997,r,"76561198077857805",naz,true,2
7968,fb12fe4a302e57d9,13,101340,115178,r,"76561198014498951",Noktse,true,3
7969,fb12fe4a302e57d9,17,132664,150751,.tech,"76561198422434044",tomaszin,true,3
7970,fb12fe4a302e57d9,17,133111,151254,which,"76561198042665796",pino,false,3
7971,fb12fe4a302e57d9,17,134317,152622,no battery,"76561198422434044",tomaszin,true,3
7972,fb12fe4a302e57d9,17,134379,152700,sec,"76561198422434044",tomaszin,true,3
7973,fb12fe4a302e57d9,17,134637,152989,he need to charge,"76561198422434044",tomaszin,true,3
7974,fb12fe4a302e57d9,17,143026,162520,now its fine adm?,"76561198014498951",Noktse,true,3
7975,fb12fe4a302e57d9,17,144667,164373,ok ty,"76561198148561509",cass1n,true,3
7976,fb12fe4a302e57d9,17,144773,164501,go,"76561198148561509",cass1n,true,3
7977,fb12fe4a302e57d9,17,144807,164539,R,"76561198148561509",cass1n,true,3
7978,fb12fe4a302e57d9,17,144940,164694,r,"76561198981301404",Tom1jed,true,2
7979,fb12fe4a302e57d9,20,172757,196280,gg,"76561198148561509",cass1n,false,3
7980,fb12fe4a302e57d9,20,172802,196332,GG,"76561198997188511",ivz,false,2
7981,fb12fe4a302e57d9,20,172927,196471,gg,"76561199730255728",RUGO,false,2
7982,f32782b18168feb2,4,23403,25034,.tech,"76561198981301404",Tom1jed,true,2
7983,f32782b18168feb2,4,23578,25219,which one,"76561198077857805",naz,true,2
7984,f32782b18168feb2,4,24514,26217,r,"76561198077857805",naz,true,2
7985,f32782b18168feb2,4,24619,26335,r,"76561198981301404",Tom1jed,true,2
7986,f32782b18168feb2,4,24731,26451,.unpause,"76561198981301404",Tom1jed,true,2
7987,f32782b18168feb2,13,92052,98366,wc 1 min admin,"76561199730255728",RUGO,false,3
7988,f32782b18168feb2,13,92264,98592,ok,"76561199730255728",RUGO,false,3
7989,f32782b18168feb2,13,101461,108415,.ready,"76561198981301404",Tom1jed,true,3
7990,f32782b18168feb2,26,200004,213643,ns,"76561198939861318",nacho,false,3
7991,f438fc58aa486c5,2,8226,8823,.tech,"76561198148561509",cass1n,true,2
7992,f438fc58aa486c5,2,8541,9159,rr cs,"76561198199343350",buda,true,2
7993,f438fc58aa486c5,2,8991,9639,ok,"76561199730255728",RUGO,false,3
7994,f438fc58aa486c5,2,19872,21260,medic ,"76561198014498951",Noktse,true,2
7995,f438fc58aa486c5,2,20019,21420,r,"76561198014498951",Noktse,true,2
7996,f438fc58aa486c5,2,20401,21828,r,"76561198981301404",Tom1jed,true,3
