"id","match_checksum","number","start_tick","start_frame","freeze_time_end_tick","freeze_time_end_frame","end_tick","end_frame","end_officially_tick","end_officially_frame","team_a_name","team_b_name","team_a_score","team_b_score","team_a_side","team_b_side","team_a_start_money","team_b_start_money","team_a_equipment_value","team_b_equipment_value","team_a_money_spent","team_b_money_spent","team_a_economy_type","team_b_economy_type","duration","end_reason","winner_name","winner_side","overtime_number"
1,"472ac3e23ebc878b",1,1025,1134,2304,2500,7631,8185,8079,8669,Team Vitality,The MongolZ,1,0,3,2,4000,4000,4300,4450,3300,3350,pistol,pistol,103118,8,Team Vitality,3,0
2,"472ac3e23ebc878b",2,8079,8669,9359,10031,14462,15484,14910,15958,Team Vitality,The MongolZ,2,0,3,2,19700,10450,22100,1000,19000,0,semi,eco,99667,8,Team Vitality,3,0
3,"472ac3e23ebc878b",3,14910,15958,16190,17329,23426,25057,23874,25535,Team Vitality,The MongolZ,2,1,3,2,19700,22450,24800,23700,4900,22300,full,full,133069,1,The MongolZ,2,0
4,"472ac3e23ebc878b",4,23874,25535,25154,26902,33501,35814,33949,36292,Team Vitality,The MongolZ,2,2,3,2,22350,19150,25500,25000,20400,9200,full,full,150327,1,The MongolZ,2,0
5,"472ac3e23ebc878b",5,33949,36292,35229,37660,40859,43672,41307,44155,Team Vitality,The MongolZ,2,3,3,2,12550,28950,7400,27250,2400,14050,semi,full,107930,9,The MongolZ,2,0
6,"472ac3e23ebc878b",6,41307,44155,42587,45518,47113,50353,47561,50828,Team Vitality,The MongolZ,3,3,3,2,23250,32950,23850,27850,22850,11800,full,full,90643,8,Team Vitality,3,0
7,"472ac3e23ebc878b",7,47561,50828,48841,52197,52251,55842,52699,56316,Team Vitality,The MongolZ,4,3,3,2,19200,28750,28050,24500,14700,23100,full,full,73328,7,Team Vitality,3,0
8,"472ac3e23ebc878b",8,52699,56316,53979,57688,57615,61570,58063,62046,Team Vitality,The MongolZ,5,3,3,2,24850,18750,28500,19000,8450,17800,full,force-buy,76838,8,Team Vitality,3,0
9,"472ac3e23ebc878b",9,58063,62046,59343,63415,61986,66235,62434,66717,Team Vitality,The MongolZ,6,3,3,2,35200,13550,30250,4250,13200,4050,full,eco,61262,8,Team Vitality,3,0
10,"472ac3e23ebc878b",10,64354,68767,65634,70131,71071,75941,71519,76415,Team Vitality,The MongolZ,6,4,3,2,40800,24550,32350,24950,9700,23750,full,full,104917,9,The MongolZ,2,0
11,"472ac3e23ebc878b",11,71519,76415,72799,77785,78103,83445,78551,83928,Team Vitality,The MongolZ,6,5,3,2,39350,18850,28200,25750,27200,14700,full,full,102811,9,The MongolZ,2,0
12,"472ac3e23ebc878b",12,80471,85978,81751,87341,84385,90154,88225,94265,Team Vitality,The MongolZ,6,6,3,2,22200,21800,22650,27750,21350,10300,full,full,61072,9,The MongolZ,2,0
13,"472ac3e23ebc878b",13,88225,94265,89505,95646,91411,97679,91859,98156,Team Vitality,The MongolZ,6,7,2,3,4000,4000,4650,4000,3350,3400,pistol,pistol,49928,8,The MongolZ,3,0
14,"472ac3e23ebc878b",14,91859,98156,93139,99525,99295,106101,99743,106575,Team Vitality,The MongolZ,6,8,2,3,10150,19600,1100,22250,300,19250,eco,semi,116193,8,The MongolZ,3,0
15,"472ac3e23ebc878b",15,99743,106575,101023,107947,105307,112518,105755,112994,Team Vitality,The MongolZ,6,9,2,3,21850,19650,22500,25750,21500,5500,full,full,86914,8,The MongolZ,3,0
16,"472ac3e23ebc878b",16,105755,112994,107035,114362,111451,119079,111899,119555,Team Vitality,The MongolZ,7,9,2,3,16050,33450,8350,29150,8050,24050,semi,full,88991,9,Team Vitality,2,0
17,"472ac3e23ebc878b",17,114400,122226,115680,123595,121544,129858,121992,130337,Team Vitality,The MongolZ,8,9,2,3,26950,18300,25500,16150,20600,9950,full,semi,111615,1,Team Vitality,2,0
18,"472ac3e23ebc878b",18,121992,130337,123272,131704,131520,140512,131968,140992,Team Vitality,The MongolZ,8,10,2,3,25350,18750,27850,22300,13500,17900,full,force-buy,148806,7,The MongolZ,3,0
19,"472ac3e23ebc878b",19,131968,140992,133248,142356,139144,148650,139592,149132,Team Vitality,The MongolZ,9,10,2,3,25250,21700,23250,28200,22550,13400,full,full,111995,9,Team Vitality,2,0
20,"472ac3e23ebc878b",20,139592,149132,140872,150495,145766,155728,146214,156203,Team Vitality,The MongolZ,10,10,2,3,20750,17500,21600,17950,17900,17150,full,force-buy,96464,9,Team Vitality,2,0
21,"472ac3e23ebc878b",21,146214,156203,147494,157574,151573,161927,152021,162402,Team Vitality,The MongolZ,11,10,2,3,20900,10750,27350,1500,13200,700,full,eco,83711,9,Team Vitality,2,0
22,"472ac3e23ebc878b",22,153941,164452,155221,165822,160006,170933,160454,171407,Team Vitality,The MongolZ,11,11,2,3,25750,22600,27450,23300,8100,22300,full,full,94782,8,The MongolZ,3,0
23,"472ac3e23ebc878b",23,160454,171407,161734,172779,165818,177137,166266,177617,Team Vitality,The MongolZ,12,11,2,3,25350,19300,24950,26500,23550,16500,full,full,83799,9,Team Vitality,2,0
24,"472ac3e23ebc878b",24,166266,177617,167546,178981,172692,184479,173332,185160,Team Vitality,The MongolZ,12,12,2,3,19550,13500,25400,14900,13000,13000,full,force-buy,100354,8,The MongolZ,3,0
25,"472ac3e23ebc878b",25,173332,185160,174612,186530,181217,193582,181665,194066,Team Vitality,The MongolZ,13,12,2,3,50000,50000,26750,28650,25750,27250,full,full,123169,9,Team Vitality,2,1
26,"472ac3e23ebc878b",26,183772,196314,185052,197676,189746,202694,190194,203168,Team Vitality,The MongolZ,14,12,2,3,42300,34250,27250,28600,21650,27200,full,full,93305,9,Team Vitality,2,1
27,"472ac3e23ebc878b",27,190194,203168,191474,204539,198677,212226,199317,212926,Team Vitality,The MongolZ,14,13,2,3,38300,19600,27350,20100,8400,19100,full,force-buy,132470,8,The MongolZ,3,1
28,"472ac3e23ebc878b",28,199317,212926,200597,214301,207514,221688,207962,222166,Team Vitality,The MongolZ,15,13,3,2,50000,50000,30000,26950,29000,26250,full,full,128141,7,Team Vitality,3,1
29,"472ac3e23ebc878b",29,207962,222166,209242,223533,212563,227078,212563,227078,Team Vitality,The MongolZ,16,13,3,2,37900,25050,30100,25500,20800,25300,full,full,71836,8,Team Vitality,3,1
62,"45959b056841cf0b",1,4818,5120,6097,6469,10575,11178,11023,11653,SashiEsport,megoshort!,0,1,3,2,0,0,4000,4750,3400,3350,eco,eco,89928,9,megoshort!,2,0
63,"45959b056841cf0b",2,11023,11653,12303,12996,17893,18878,18341,19355,SashiEsport,megoshort!,1,1,3,2,12550,18700,11650,19000,11150,18300,force-buy,semi,107251,8,SashiEsport,3,0
64,"45959b056841cf0b",3,18341,19355,19621,20697,24913,26269,25361,26737,SashiEsport,megoshort!,2,1,3,2,20400,8300,23300,8300,14250,8000,full,force-buy,102635,8,SashiEsport,3,0
65,"45959b056841cf0b",4,25361,26737,26641,28086,30797,32461,31245,32932,SashiEsport,megoshort!,3,1,3,2,25450,11000,24000,1000,17900,0,full,eco,84970,8,SashiEsport,3,0
66,"45959b056841cf0b",5,31245,32932,32525,34279,38796,40874,39244,41348,SashiEsport,megoshort!,4,1,3,2,27450,23300,28800,24100,9250,23100,full,full,117895,7,SashiEsport,3,0
67,"45959b056841cf0b",6,39244,41348,40524,42691,43573,45901,44021,46372,SashiEsport,megoshort!,5,1,3,2,38350,19200,30400,10250,23250,9850,full,semi,67587,8,SashiEsport,3,0
68,"45959b056841cf0b",7,44021,46372,45301,47719,52562,55362,53010,55830,SashiEsport,megoshort!,6,1,3,2,33900,26650,31500,25100,8800,24400,full,full,133452,7,SashiEsport,3,0
69,"45959b056841cf0b",8,53010,55830,54290,57180,60805,64036,61253,64504,SashiEsport,megoshort!,7,1,3,2,45450,23750,30950,23900,24550,22900,full,full,121814,8,SashiEsport,3,0
70,"45959b056841cf0b",9,61253,64504,62533,65855,66123,69632,66571,70104,SashiEsport,megoshort!,8,1,3,2,39500,18750,30850,12650,18600,12750,full,semi,76122,8,SashiEsport,3,0
71,"45959b056841cf0b",10,66571,70104,67851,71449,75502,79498,75950,79974,SashiEsport,megoshort!,8,2,3,2,39700,23300,30850,24200,10200,22900,full,full,139449,9,megoshort!,2,0
72,"45959b056841cf0b",11,75950,79974,77230,81317,83952,88390,84400,88866,SashiEsport,megoshort!,8,3,3,2,37600,18450,30800,26950,29800,12900,full,full,124931,1,megoshort!,2,0
73,"45959b056841cf0b",12,86320,90886,87600,92228,91148,95965,91692,96549,SashiEsport,megoshort!,9,3,3,2,18200,24550,24900,27650,17850,14650,full,full,75395,8,SashiEsport,3,0
74,"45959b056841cf0b",13,91692,96549,93388,98343,96911,102051,97359,102525,SashiEsport,megoshort!,9,4,2,3,4000,4000,4300,4400,3300,3400,pistol,pistol,81674,8,megoshort!,3,0
75,"45959b056841cf0b",14,97359,102525,98639,103868,104568,110105,105016,110583,SashiEsport,megoshort!,9,5,2,3,10200,19600,1000,23050,0,19000,eco,full,112521,8,megoshort!,3,0
76,"45959b056841cf0b",15,105016,110583,106296,111923,112997,118975,113445,119450,SashiEsport,megoshort!,10,5,2,3,22200,19600,22500,26350,21500,6100,full,full,124575,9,SashiEsport,2,0
77,"45959b056841cf0b",16,113445,119450,114725,120792,117211,123409,117659,123882,SashiEsport,megoshort!,10,6,2,3,18750,22150,23700,22700,14100,21700,full,full,58769,8,megoshort!,3,0
78,"45959b056841cf0b",17,117659,123882,118939,125226,122358,128826,122806,129294,SashiEsport,megoshort!,10,7,2,3,14450,19250,3150,28800,2750,11850,eco,full,73391,8,megoshort!,3,0
79,"45959b056841cf0b",18,125308,131928,126588,133277,133533,140584,133981,141058,SashiEsport,megoshort!,10,8,2,3,23700,26000,24000,30000,23000,5100,full,full,128494,8,megoshort!,3,0
80,"45959b056841cf0b",19,133981,141058,135261,142402,140118,147515,140566,147988,SashiEsport,megoshort!,10,9,2,3,15800,39700,8000,30350,8600,16100,semi,full,95851,7,megoshort!,3,0
81,"45959b056841cf0b",20,140566,147988,141846,149332,148761,156609,149209,157082,SashiEsport,megoshort!,11,9,2,3,28100,43600,25400,30550,21400,13900,full,full,127974,9,SashiEsport,2,0
82,"45959b056841cf0b",21,149209,157082,150489,158428,155271,163459,155719,163934,SashiEsport,megoshort!,12,9,2,3,24750,37250,27550,30000,8400,29200,full,full,94663,9,SashiEsport,2,0
83,"45959b056841cf0b",22,155719,163934,156999,165276,163778,172414,164226,172882,SashiEsport,megoshort!,12,10,2,3,34400,18650,27550,20300,11800,18400,full,force-buy,125881,7,megoshort!,3,0
84,"45959b056841cf0b",23,164226,172882,165506,174232,171996,181059,171996,181059,SashiEsport,megoshort!,13,10,2,3,30100,9100,27150,26250,26150,19000,full,full,121383,9,SashiEsport,2,0
109,fd4642781bb75169,1,5980,6396,7675,8196,11695,12469,12143,12945,FUT AC,ChickenBurger,1,0,3,2,4000,4000,4000,4200,3400,3400,pistol,pistol,90282,7,FUT AC,3,0
110,fd4642781bb75169,2,12143,12945,13423,14305,16723,17814,17171,18286,FUT AC,ChickenBurger,2,0,3,2,21150,14300,22300,15200,20900,14000,semi,force-buy,72383,8,FUT AC,3,0
111,fd4642781bb75169,3,17171,18286,18451,19650,25383,27016,25831,27488,FUT AC,ChickenBurger,3,0,3,2,19250,12300,27400,3950,7300,3950,full,eco,129782,8,FUT AC,3,0
112,fd4642781bb75169,4,25831,27488,27111,28853,35284,37536,35732,38016,FUT AC,ChickenBurger,4,0,3,2,30950,24300,30400,24700,15400,23700,full,full,149376,7,FUT AC,3,0
113,fd4642781bb75169,5,35732,38016,37012,39371,42882,45611,43330,46084,FUT AC,ChickenBurger,5,0,3,2,35700,22100,30350,21900,22600,21500,full,full,112909,8,FUT AC,3,0
114,fd4642781bb75169,6,43330,46084,44610,47447,49572,52722,50020,53195,FUT AC,ChickenBurger,5,1,3,2,32100,18800,29850,12300,23450,11900,full,semi,98682,1,ChickenBurger,2,0
115,fd4642781bb75169,7,50020,53195,51300,54559,56222,59787,56670,60266,FUT AC,ChickenBurger,5,2,3,2,17700,25600,27600,25950,16450,25250,full,full,97998,1,ChickenBurger,2,0
116,fd4642781bb75169,8,59179,62932,60459,64291,68817,73172,69265,73648,FUT AC,ChickenBurger,6,2,3,2,12150,19050,12650,24350,1600,17200,semi,full,152230,7,FUT AC,3,0
117,fd4642781bb75169,9,72169,76432,73449,77647,81153,84895,81601,85321,FUT AC,ChickenBurger,6,3,3,2,30700,17950,30950,18700,24500,17700,full,force-buy,125813,1,ChickenBurger,2,0
118,fd4642781bb75169,10,81601,85321,82881,86676,89219,93412,89667,93893,FUT AC,ChickenBurger,7,3,3,2,15000,19250,22450,22200,14500,17000,force-buy,full,120283,7,FUT AC,3,0
119,fd4642781bb75169,11,89667,93893,90947,95248,96927,101630,97375,102103,FUT AC,ChickenBurger,8,3,3,2,21450,16250,27400,16800,19550,16000,full,force-buy,115020,7,FUT AC,3,0
120,fd4642781bb75169,12,97375,102103,98655,103466,100977,105933,102883,107959,FUT AC,ChickenBurger,9,3,3,2,21850,16750,28200,17550,19950,16550,full,force-buy,56937,8,FUT AC,3,0
121,fd4642781bb75169,13,102883,107959,104579,109762,108158,113565,108606,114042,FUT AC,ChickenBurger,9,4,2,3,4000,4000,4700,4300,3400,3300,pistol,pistol,83340,8,ChickenBurger,3,0
122,fd4642781bb75169,14,108606,114042,109886,115401,118170,124207,118618,124681,FUT AC,ChickenBurger,10,4,2,3,10700,19700,1500,22100,700,19000,eco,semi,151115,1,FUT AC,2,0
123,fd4642781bb75169,15,118618,124681,119898,126043,126712,133280,127160,133758,FUT AC,ChickenBurger,11,4,2,3,29000,11050,23550,11550,22850,10750,full,force-buy,127835,9,FUT AC,2,0
124,fd4642781bb75169,16,129709,136468,130989,137826,134862,141913,135310,142361,FUT AC,ChickenBurger,12,4,2,3,23900,12050,25200,12550,16500,11950,full,force-buy,80946,9,FUT AC,2,0
125,fd4642781bb75169,17,135310,142361,136590,143641,140467,147662,140467,147662,FUT AC,ChickenBurger,13,4,2,3,40400,15600,25700,12500,2800,11900,full,force-buy,78806,9,FUT AC,2,0
150,"5cb8c0ec2d76bf",1,1,1,582,653,1914,2055,2362,2523,Team A,Team B,1,0,3,2,0,0,3250,3250,0,0,pistol,pistol,30506,8,Team A,3,0
151,"5cb8c0ec2d76bf",3,4478,4750,5756,6097,8461,8943,8909,9414,MINLATE,SAW,1,1,3,2,4000,4000,4050,4850,3450,3350,eco,eco,62276,9,SAW,2,0
152,"5cb8c0ec2d76bf",4,8909,9414,10189,10761,13600,14353,14048,14821,MINLATE,SAW,2,1,3,2,11150,18700,11800,21150,10600,18350,force-buy,full,73356,8,MINLATE,3,0
153,"5cb8c0ec2d76bf",5,14048,14821,15328,16171,21175,22320,21623,22797,MINLATE,SAW,3,1,3,2,20450,7950,26350,7550,15400,7550,full,force-buy,111378,8,MINLATE,3,0
154,"5cb8c0ec2d76bf",6,21623,22797,22903,24138,24268,25577,24716,26052,MINLATE,SAW,4,1,3,2,24050,10500,26300,2100,12650,1400,full,eco,41289,8,MINLATE,3,0
155,"5cb8c0ec2d76bf",7,24716,26052,25996,27395,33306,35089,33754,35562,MINLATE,SAW,4,2,3,2,30400,21100,26700,21800,3500,20800,full,full,134221,9,SAW,2,0
156,"5cb8c0ec2d76bf",8,33754,35562,35034,36908,40374,42524,40822,43001,MINLATE,SAW,5,2,3,2,36400,18050,30850,21700,30050,16500,full,full,103402,8,MINLATE,3,0
157,"5cb8c0ec2d76bf",9,40822,43001,42102,44342,45433,47853,45881,48322,MINLATE,SAW,6,2,3,2,25150,11650,30050,1600,14300,800,full,eco,72064,8,MINLATE,3,0
158,"5cb8c0ec2d76bf",10,47869,50411,49149,51760,54801,57708,55249,58182,MINLATE,SAW,6,3,3,2,29850,23150,30350,24400,10100,23000,full,full,108378,9,SAW,2,0
159,"5cb8c0ec2d76bf",11,55249,58182,56529,59526,60601,63814,61049,64283,MINLATE,SAW,7,3,3,2,28000,18200,26700,23800,25700,15600,full,full,83649,8,MINLATE,3,0
160,"5cb8c0ec2d76bf",12,61049,64283,62329,65633,63990,67375,64438,67852,MINLATE,SAW,8,3,3,2,20700,12100,30450,2650,7850,2050,full,eco,45923,8,MINLATE,3,0
161,"5cb8c0ec2d76bf",13,64438,67852,65718,69194,73182,77050,73630,77523,MINLATE,SAW,9,3,3,2,31650,22050,31050,22450,4800,21450,full,full,136613,7,MINLATE,3,0
162,"5cb8c0ec2d76bf",14,73630,77523,74910,78868,81818,86154,84122,88578,MINLATE,SAW,10,3,3,2,47200,19600,32250,19700,38150,19000,full,force-buy,128191,8,MINLATE,3,0
163,"5cb8c0ec2d76bf",15,84122,88578,85818,90362,90360,95145,90808,95613,MINLATE,SAW,11,3,2,3,4000,4000,4550,4200,3350,3400,pistol,pistol,97536,9,MINLATE,2,0
164,"5cb8c0ec2d76bf",16,90808,95613,92088,96963,98111,103298,98559,103774,MINLATE,SAW,12,3,2,3,18700,11750,19750,12050,18250,11450,semi,force-buy,114141,9,MINLATE,2,0
165,"5cb8c0ec2d76bf",17,98559,103774,99839,105116,102844,108282,103292,108740,MINLATE,SAW,13,3,2,3,18800,15100,19800,15600,16000,14800,semi,force-buy,66954,9,MINLATE,2,0
166,"5cb8c0ec2d76bf",18,103292,108740,104572,110021,107216,112665,107216,112665,MINLATE,SAW,14,3,2,3,24550,17850,23400,17600,14950,16800,full,force-buy,58295,9,MINLATE,2,0
226,"3d509c234096d43a",1,7001,7402,8281,8753,12158,12831,12606,13299,SEMPERFI2,Hemmaplan,0,1,3,2,0,0,4350,4250,3550,3250,eco,eco,80559,9,Hemmaplan,2,0
227,"3d509c234096d43a",2,12606,13299,13886,14648,20380,21484,20828,21952,SEMPERFI2,Hemmaplan,0,2,3,2,11600,18800,12200,19950,11400,18650,force-buy,semi,121455,9,Hemmaplan,2,0
228,"3d509c234096d43a",3,20828,21952,22108,23302,25013,26358,25461,26826,SEMPERFI2,Hemmaplan,1,2,3,2,14450,17900,4750,23550,3900,14950,eco,full,65379,8,SEMPERFI2,3,0
229,"3d509c234096d43a",4,25461,26826,26741,28176,29148,30705,29596,31182,SEMPERFI2,Hemmaplan,2,2,3,2,29550,10250,31050,7550,18750,7550,full,semi,57559,8,SEMPERFI2,3,0
230,"3d509c234096d43a",5,31516,33202,32796,34543,38805,40872,39253,41341,SEMPERFI2,Hemmaplan,3,2,3,2,29400,13400,30150,3350,21900,3150,full,eco,113813,8,SEMPERFI2,3,0
231,"3d509c234096d43a",6,39253,41341,40533,42690,42651,44920,43099,45388,SEMPERFI2,Hemmaplan,4,2,3,2,26300,22250,31150,22600,4600,21600,full,full,53107,8,SEMPERFI2,3,0
232,"3d509c234096d43a",7,43099,45388,44379,46737,46123,48572,46571,49040,SEMPERFI2,Hemmaplan,5,2,3,2,40700,15750,31250,6400,12900,6400,full,semi,47246,8,SEMPERFI2,3,0
233,"3d509c234096d43a",8,46571,49040,47851,50390,50652,53333,51100,53810,SEMPERFI2,Hemmaplan,6,2,3,2,46800,26350,31650,25900,3200,24900,full,full,63702,8,SEMPERFI2,3,0
234,"3d509c234096d43a",9,51100,53810,52380,55150,54418,57298,54866,57766,SEMPERFI2,Hemmaplan,7,2,3,2,62400,18850,30750,7100,20550,7100,full,semi,51757,8,SEMPERFI2,3,0
235,"3d509c234096d43a",10,54866,57766,56146,59116,59728,62887,60176,63357,SEMPERFI2,Hemmaplan,8,2,3,2,60850,28750,31550,26250,4000,25250,full,full,75989,7,SEMPERFI2,3,0
236,"3d509c234096d43a",11,60176,63357,61456,64705,65070,68504,65518,68980,SEMPERFI2,Hemmaplan,9,2,3,2,74250,24500,31250,24600,20850,23300,full,full,76375,8,SEMPERFI2,3,0
237,"3d509c234096d43a",12,65518,68980,66798,70322,70374,74086,70918,74670,SEMPERFI2,Hemmaplan,10,2,3,2,69300,19400,31150,20200,32050,19200,full,full,75766,8,SEMPERFI2,3,0
238,"3d509c234096d43a",13,70918,74670,72614,76464,76930,81002,77378,81476,SEMPERFI2,Hemmaplan,11,2,2,3,4000,4000,4350,4000,3350,3200,pistol,pistol,93958,1,SEMPERFI2,2,0
239,"3d509c234096d43a",14,77378,81476,78658,82820,86974,91574,87422,92046,SEMPERFI2,Hemmaplan,12,2,2,3,19650,13050,20400,13200,19400,12600,full,force-buy,149841,9,SEMPERFI2,2,0
240,"3d509c234096d43a",15,87422,92046,88702,93392,90337,95111,90337,95111,SEMPERFI2,Hemmaplan,13,2,2,3,19850,15050,21100,16100,16200,15300,full,force-buy,45480,9,SEMPERFI2,2,0
241,"2dcf733686e46889",1,352,405,9726,10270,13910,14675,14358,15143,SINNERS ESPORT,Team Spirit,1,0,3,2,4000,4000,4400,4250,3400,3450,pistol,pistol,212035,7,SINNERS ESPORT,3,0
242,"2dcf733686e46889",2,14358,15143,15638,16494,21253,22400,21701,22875,SINNERS ESPORT,Team Spirit,2,0,3,2,21150,13950,23600,13200,20850,13300,full,force-buy,107830,8,SINNERS ESPORT,3,0
243,"2dcf733686e46889",3,21701,22875,22981,24218,29571,31156,30019,31628,SINNERS ESPORT,Team Spirit,3,0,3,2,19300,13250,28100,4000,14700,3800,full,eco,123045,7,SINNERS ESPORT,3,0
244,"2dcf733686e46889",4,30019,31628,31299,32975,38659,40721,39107,41189,SINNERS ESPORT,Team Spirit,4,0,3,2,25150,27850,30250,25300,15850,24600,full,full,135111,12,SINNERS ESPORT,3,0
245,"2dcf733686e46889",5,41296,43496,42576,44839,49325,51942,49773,52417,SINNERS ESPORT,Team Spirit,5,0,3,2,26800,13450,30650,22300,6400,13300,full,full,125497,7,SINNERS ESPORT,3,0
246,"2dcf733686e46889",6,49773,52417,51053,53761,58098,61175,58546,61647,SINNERS ESPORT,Team Spirit,5,1,3,2,40950,21050,30350,20900,13700,20200,full,full,130133,1,Team Spirit,2,0
247,"2dcf733686e46889",7,58546,61647,59826,62993,66913,70452,67361,70922,SINNERS ESPORT,Team Spirit,6,1,3,2,34250,19250,30350,23300,13100,5400,full,full,130831,7,SINNERS ESPORT,3,0
248,"2dcf733686e46889",8,69646,73326,70926,74676,79678,83886,80126,84358,SINNERS ESPORT,Team Spirit,6,2,3,2,41300,32250,30450,26750,15000,25750,full,full,156909,1,Team Spirit,2,0
249,"2dcf733686e46889",9,82420,86773,83700,88117,86736,91310,87184,91786,SINNERS ESPORT,Team Spirit,6,3,3,2,34750,25100,29400,27350,21850,16900,full,full,67414,9,Team Spirit,2,0
250,"2dcf733686e46889",10,87184,91786,88464,93129,96972,102087,97420,102557,SINNERS ESPORT,Team Spirit,6,4,3,2,22400,26050,22950,27550,21950,4800,full,full,153060,9,Team Spirit,2,0
251,"2dcf733686e46889",11,97420,102557,98700,103905,103775,109244,104223,109713,SINNERS ESPORT,Team Spirit,6,5,3,2,13150,39100,2600,27950,2400,13850,eco,full,99360,9,Team Spirit,2,0
252,"2dcf733686e46889",12,104223,109713,105503,111062,110023,115820,110567,116403,SINNERS ESPORT,Team Spirit,6,6,3,2,25800,43000,27150,29050,25450,8350,full,full,90742,9,Team Spirit,2,0
253,"2dcf733686e46889",13,110567,116403,123941,130487,127267,133987,127715,134455,SINNERS ESPORT,Team Spirit,6,7,2,3,4000,4000,4750,4350,3350,3550,pistol,pistol,261277,7,Team Spirit,3,0
254,"2dcf733686e46889",14,127715,134455,128995,135805,130945,137856,131393,138326,SINNERS ESPORT,Team Spirit,6,8,2,3,13450,21000,13700,24250,13100,20600,force-buy,full,50534,8,Team Spirit,3,0
255,"2dcf733686e46889",15,131393,138326,132673,139674,137017,144249,137465,144717,SINNERS ESPORT,Team Spirit,6,9,2,3,12350,19700,2100,26150,1700,4300,eco,full,88008,8,Team Spirit,3,0
256,"2dcf733686e46889",16,137465,144717,138745,146068,143209,150763,143657,151231,SINNERS ESPORT,Team Spirit,6,10,2,3,25450,34700,25700,30350,24700,10350,full,full,89836,8,Team Spirit,3,0
257,"2dcf733686e46889",17,143657,151231,144937,152581,150275,158201,150723,158669,SINNERS ESPORT,Team Spirit,7,10,2,3,18050,42950,11600,29650,11700,9100,semi,full,103565,1,SINNERS ESPORT,2,0
258,"2dcf733686e46889",18,150723,158669,152003,160019,160296,168744,160744,169212,SINNERS ESPORT,Team Spirit,8,10,2,3,25350,41400,27750,29800,11900,23900,full,full,149702,1,SINNERS ESPORT,2,0
259,"2dcf733686e46889",19,162728,171304,164008,172647,169550,178481,169998,178952,SINNERS ESPORT,Team Spirit,9,10,2,3,32450,27900,28050,29800,13600,22450,full,full,106641,9,SINNERS ESPORT,2,0
260,"2dcf733686e46889",20,169998,178952,171278,180299,179302,188745,179750,189213,SINNERS ESPORT,Team Spirit,9,11,2,3,36900,19450,27250,19800,20400,18800,full,force-buy,145512,7,Team Spirit,3,0
261,"2dcf733686e46889",21,179750,189213,181030,190564,186578,196403,187026,196871,SINNERS ESPORT,Team Spirit,9,12,2,3,30200,21500,27150,27900,26150,17500,full,full,106834,8,Team Spirit,3,0
262,"2dcf733686e46889",22,187026,196871,188306,198222,192699,202846,193147,203314,SINNERS ESPORT,Team Spirit,10,12,2,3,16350,23000,17900,30650,15800,11100,force-buy,full,88781,9,SINNERS ESPORT,2,0
263,"2dcf733686e46889",23,193147,203314,194427,204664,201574,212183,202022,212651,SINNERS ESPORT,Team Spirit,11,12,2,3,18300,20550,25700,21150,14700,19850,full,force-buy,131782,1,SINNERS ESPORT,2,0
264,"2dcf733686e46889",24,202022,212651,203302,214001,209952,220999,209952,220999,SINNERS ESPORT,Team Spirit,11,13,2,3,21900,18450,27750,16000,7900,10950,full,force-buy,124041,8,Team Spirit,3,0
283,a5f32090846c4a01,1,4805,5093,6084,6435,9705,10247,10153,10718,HEROIC Academy26,SashiEsport,0,1,3,2,0,0,4300,4200,3300,3400,eco,eco,76511,9,SashiEsport,2,0
284,a5f32090846c4a01,2,10153,10718,11433,12065,13752,14505,14200,14978,HEROIC Academy26,SashiEsport,0,2,3,2,10750,18650,1200,20550,200,17200,eco,full,56218,9,SashiEsport,2,0
285,a5f32090846c4a01,3,14200,14978,15480,16323,22840,24069,23288,24543,HEROIC Academy26,SashiEsport,1,2,3,2,22550,19800,23450,22450,21950,3100,full,full,134956,12,HEROIC Academy26,3,0
286,a5f32090846c4a01,4,23288,24543,24568,25887,27382,28847,27830,29320,HEROIC Academy26,SashiEsport,1,3,3,2,19050,22600,27600,25050,10700,20150,full,full,63893,9,SashiEsport,2,0
287,a5f32090846c4a01,5,27830,29320,29110,30665,36421,38358,36869,38833,HEROIC Academy26,SashiEsport,2,3,3,2,18400,20000,19150,27350,17850,6900,force-buy,full,134170,8,HEROIC Academy26,3,0
288,a5f32090846c4a01,6,36869,38833,38149,40176,43492,45801,43940,46271,HEROIC Academy26,SashiEsport,3,3,3,2,19550,20400,29700,8400,11600,7400,full,semi,103440,8,HEROIC Academy26,3,0
289,a5f32090846c4a01,7,46111,48560,47391,49901,52828,55628,53276,56096,HEROIC Academy26,SashiEsport,3,4,3,2,26950,22800,30850,21850,9600,20650,full,full,104925,9,SashiEsport,2,0
290,a5f32090846c4a01,8,53276,56096,54556,57446,63762,67133,64210,67602,HEROIC Academy26,SashiEsport,3,5,3,2,26550,19900,26350,24250,25350,16600,full,full,163845,1,SashiEsport,2,0
291,a5f32090846c4a01,9,64210,67602,65490,68952,73712,77601,74160,78075,HEROIC Academy26,SashiEsport,3,6,3,2,12650,22100,16750,27250,12300,16300,force-buy,full,148436,1,SashiEsport,2,0
292,a5f32090846c4a01,10,76917,80973,78197,82323,85557,90065,86005,90537,HEROIC Academy26,SashiEsport,4,6,3,2,13200,24200,26500,26550,11500,10450,full,full,134971,12,HEROIC Academy26,3,0
293,a5f32090846c4a01,11,86005,90537,87285,91882,93362,98281,93810,98749,HEROIC Academy26,SashiEsport,4,7,3,2,18650,17750,24650,27050,17500,11800,full,full,114960,9,SashiEsport,2,0
294,a5f32090846c4a01,12,93810,98749,95090,100098,99623,104864,100167,105448,HEROIC Academy26,SashiEsport,4,8,3,2,11000,23800,11400,28250,11000,9600,force-buy,full,90777,9,SashiEsport,2,0
295,a5f32090846c4a01,13,100167,105448,101863,107242,105977,111567,106425,112040,HEROIC Academy26,SashiEsport,4,9,2,3,4000,4000,4350,4000,3350,3400,pistol,pistol,90837,7,SashiEsport,3,0
296,a5f32090846c4a01,14,106425,112040,107705,113386,110801,116642,111249,117118,HEROIC Academy26,SashiEsport,4,10,2,3,14650,21150,14850,22500,14050,21000,force-buy,full,68317,8,SashiEsport,3,0
297,a5f32090846c4a01,15,111249,117118,112529,118460,115024,121085,115472,121562,HEROIC Academy26,SashiEsport,4,11,2,3,12900,19150,3500,23700,3500,7850,eco,full,58890,8,SashiEsport,3,0
298,a5f32090846c4a01,16,115472,121562,116752,122904,122927,129405,123375,129879,HEROIC Academy26,SashiEsport,4,12,2,3,23900,30300,24500,25500,23300,4000,full,full,116430,8,SashiEsport,3,0
299,a5f32090846c4a01,17,129955,136799,131235,138150,137392,144628,137392,144628,HEROIC Academy26,SashiEsport,4,13,2,3,17150,38950,19900,31450,18500,25450,force-buy,full,116222,7,SashiEsport,3,0
503,"7a552a402f3cd259",1,5979,6394,7673,8191,13908,14817,14356,15291,CSDIILIT,japczany,0,1,3,2,4000,4000,4300,4350,3300,3350,pistol,pistol,124023,9,japczany,2,0
504,"7a552a402f3cd259",2,14356,15291,15636,16654,21290,22662,21738,23141,CSDIILIT,japczany,0,2,3,2,11850,18400,11850,19350,11050,17700,force-buy,semi,108533,1,japczany,2,0
505,"7a552a402f3cd259",3,21738,23141,23018,24498,27727,29504,28175,29977,CSDIILIT,japczany,0,3,3,2,12800,18800,10900,21750,2050,4700,semi,full,93691,1,japczany,2,0
506,"7a552a402f3cd259",4,28175,29977,29455,31337,34659,36824,35107,37298,CSDIILIT,japczany,0,4,3,2,25250,33400,27000,21850,24400,2800,full,full,100817,1,japczany,2,0
507,"7a552a402f3cd259",5,35107,37298,36387,38657,40755,43302,41203,43774,CSDIILIT,japczany,1,4,3,2,18200,49700,14450,27950,8550,11550,semi,full,88405,8,CSDIILIT,3,0
508,"7a552a402f3cd259",6,41203,43774,42483,45139,48854,51907,49302,52381,CSDIILIT,japczany,1,5,3,2,28650,45650,29600,27650,18000,27150,full,full,119753,1,japczany,2,0
509,"7a552a402f3cd259",7,51313,54522,52593,55880,59953,63704,60401,64176,CSDIILIT,japczany,2,5,3,2,25700,37000,29350,27750,20300,9700,full,full,135199,12,CSDIILIT,3,0
510,"7a552a402f3cd259",8,60401,64176,61681,65541,64657,68698,65105,69179,CSDIILIT,japczany,2,6,3,2,23650,33500,28950,27550,13600,20600,full,full,66583,9,japczany,2,0
511,"7a552a402f3cd259",9,65105,69179,66385,70535,73282,77865,73730,78345,CSDIILIT,japczany,2,7,3,2,22050,30750,22450,27650,21650,2350,force-buy,full,127896,1,japczany,2,0
512,"7a552a402f3cd259",10,78357,83263,79637,84618,85120,90449,85568,90921,CSDIILIT,japczany,2,8,3,2,15450,47400,9100,27550,6050,8300,semi,full,105809,9,japczany,2,0
513,"7a552a402f3cd259",11,85568,90921,86848,92285,89780,95421,90228,95900,CSDIILIT,japczany,2,9,3,2,28050,57150,28250,27850,26950,15800,full,full,66259,9,japczany,2,0
514,"7a552a402f3cd259",12,90228,95900,91508,97256,95037,101009,96603,102674,CSDIILIT,japczany,2,10,3,2,19200,59200,20450,26800,18950,13850,force-buy,full,75226,9,japczany,2,0
515,"7a552a402f3cd259",13,96603,102674,98299,104475,101467,107838,101915,108319,CSDIILIT,japczany,3,10,2,3,4000,4000,4750,4250,3350,3250,pistol,pistol,76036,9,CSDIILIT,2,0
516,"7a552a402f3cd259",14,101915,108319,103195,109674,109038,115889,109486,116363,CSDIILIT,japczany,4,10,2,3,18700,10800,20350,3750,18300,3750,full,eco,111463,1,CSDIILIT,2,0
517,"7a552a402f3cd259",15,109486,116363,110766,117725,118241,125670,118689,126144,CSDIILIT,japczany,5,10,2,3,19100,20150,24600,21750,13000,15950,full,semi,137039,1,CSDIILIT,2,0
518,"7a552a402f3cd259",16,118689,126144,119969,127506,128596,136673,129044,137149,CSDIILIT,japczany,5,11,2,3,24800,19800,25400,26250,13000,16900,full,full,155033,7,japczany,3,0
519,"7a552a402f3cd259",17,129044,137149,130324,138509,136799,145343,137247,145791,CSDIILIT,japczany,5,12,2,3,23300,22900,25450,26350,20750,20350,full,full,120651,7,japczany,3,0
520,"7a552a402f3cd259",18,137247,145791,138527,147071,142144,150689,142144,150689,CSDIILIT,japczany,5,13,2,3,13050,21050,15600,26850,15200,19400,force-buy,full,72120,8,japczany,3,0
599,ee5f8be378a7deef,1,356,410,7917,8371,14078,14853,14526,15321,paiN Gaming,BetBoom Team,1,0,3,2,4000,4000,4750,4300,3550,3300,pistol,pistol,214480,8,paiN Gaming,3,0
600,ee5f8be378a7deef,2,14526,15321,15806,16672,19761,20832,20209,21306,paiN Gaming,BetBoom Team,2,0,3,2,19450,10800,20600,1500,19200,700,semi,eco,81838,8,paiN Gaming,3,0
601,ee5f8be378a7deef,3,20209,21306,21489,22650,28201,29713,28649,30188,paiN Gaming,BetBoom Team,3,0,3,2,19850,22400,26150,23300,10700,22100,full,full,124844,8,paiN Gaming,3,0
602,ee5f8be378a7deef,4,28649,30188,29929,31531,33891,35701,34339,36171,paiN Gaming,BetBoom Team,4,0,3,2,28150,14800,28000,5650,6000,5450,full,semi,81868,7,paiN Gaming,3,0
603,ee5f8be378a7deef,5,34339,36171,35619,37520,44876,47259,45324,47735,paiN Gaming,BetBoom Team,4,1,3,2,42700,30550,28400,27250,18000,26250,full,full,164658,1,BetBoom Team,2,0
604,ee5f8be378a7deef,6,45324,47735,46604,49078,55399,58335,55847,58805,paiN Gaming,BetBoom Team,4,2,3,2,34450,23100,29850,23300,25200,22300,full,full,157411,9,BetBoom Team,2,0
605,ee5f8be378a7deef,7,55847,58805,61999,65281,68562,72190,69010,72659,paiN Gaming,BetBoom Team,4,3,3,2,20750,18850,8200,21450,7800,16650,semi,full,198768,1,BetBoom Team,2,0
606,ee5f8be378a7deef,8,69010,72659,70290,74009,78791,82953,79239,83421,paiN Gaming,BetBoom Team,5,3,3,2,26400,21500,26600,27050,25600,16600,full,full,152867,7,paiN Gaming,3,0
607,ee5f8be378a7deef,9,79239,83421,80519,84771,82838,87211,83286,87679,paiN Gaming,BetBoom Team,6,3,3,2,21150,18600,28200,19000,17700,17700,full,force-buy,56281,8,paiN Gaming,3,0
608,ee5f8be378a7deef,10,83286,87679,84566,89030,93844,98790,94292,99267,paiN Gaming,BetBoom Team,6,4,3,2,22450,12900,30300,2800,6300,2400,full,eco,164999,9,BetBoom Team,2,0
609,ee5f8be378a7deef,11,94292,99267,95572,100608,102209,107597,102657,108065,paiN Gaming,BetBoom Team,6,5,3,2,24250,28550,24350,28350,23350,16000,full,full,123701,9,BetBoom Team,2,0
610,ee5f8be378a7deef,12,102657,108065,103937,109416,111259,117119,111803,117703,paiN Gaming,BetBoom Team,6,6,3,2,11500,30600,11650,29050,11250,15100,force-buy,full,134452,9,BetBoom Team,2,0
611,ee5f8be378a7deef,13,111803,117703,128766,135541,136317,143490,136765,143962,paiN Gaming,BetBoom Team,7,6,2,3,4000,3200,4350,4100,3350,3300,pistol,pistol,382939,9,paiN Gaming,2,0
612,ee5f8be378a7deef,14,136765,143962,138045,145308,143374,150913,143822,151390,paiN Gaming,BetBoom Team,8,6,2,3,18700,11850,19900,11100,18150,11000,semi,force-buy,103223,9,paiN Gaming,2,0
613,ee5f8be378a7deef,15,143822,151390,145102,152731,150719,158647,151167,159118,paiN Gaming,BetBoom Team,9,6,2,3,19200,15650,20750,7600,16250,6550,full,semi,107767,1,paiN Gaming,2,0
614,ee5f8be378a7deef,16,151167,159118,152447,160465,157127,165389,157575,165858,paiN Gaming,BetBoom Team,9,7,2,3,20750,24150,23300,28050,9100,21750,full,full,93125,7,BetBoom Team,3,0
615,ee5f8be378a7deef,17,157575,165858,158855,167208,165113,173793,165561,174266,paiN Gaming,BetBoom Team,10,7,2,3,22850,22550,24750,28450,22650,17850,full,full,117835,9,paiN Gaming,2,0
616,ee5f8be378a7deef,18,169687,178600,170967,179949,178905,188300,179353,188777,paiN Gaming,BetBoom Team,11,7,2,3,18050,18150,25750,11950,15300,11350,full,semi,144046,1,paiN Gaming,2,0
617,ee5f8be378a7deef,19,179353,188777,180633,190119,186840,196656,187288,197124,paiN Gaming,BetBoom Team,11,8,2,3,21450,21300,26250,25250,4900,20200,full,full,117004,8,BetBoom Team,3,0
618,ee5f8be378a7deef,20,187288,197124,188568,198475,196743,207073,197191,207548,paiN Gaming,BetBoom Team,12,8,2,3,23850,19700,24300,29000,22700,11900,full,full,147743,9,paiN Gaming,2,0
619,ee5f8be378a7deef,21,199771,210261,201051,211611,210215,221250,210215,221250,paiN Gaming,BetBoom Team,13,8,2,3,19350,15650,22500,23550,17900,21750,full,full,163187,9,paiN Gaming,2,0
653,"1787ce744c361d96",1,6431,6684,7710,8034,13781,14422,14229,14894,Johnny Speeds,aimclub.,0,1,3,2,0,0,4400,4200,3400,3400,eco,eco,114925,1,aimclub.,2,0
654,"1787ce744c361d96",2,14229,14894,15509,16240,21816,22874,22264,23350,Johnny Speeds,aimclub.,0,2,3,2,12850,19600,14650,17950,12500,17250,force-buy,semi,118519,1,aimclub.,2,0
655,"1787ce744c361d96",3,22264,23350,23544,24693,26514,27821,26962,28290,Johnny Speeds,aimclub.,0,3,3,2,12350,20750,12350,19450,500,4100,semi,semi,66403,9,aimclub.,2,0
656,"1787ce744c361d96",4,26962,28290,33351,35006,37767,39653,38215,40126,Johnny Speeds,aimclub.,1,3,3,2,27250,36200,27800,25800,26800,14250,full,full,168764,8,Johnny Speeds,3,0
657,"1787ce744c361d96",5,38215,40126,39495,41472,43874,46078,44322,46553,Johnny Speeds,aimclub.,1,4,3,2,19250,28950,29650,24700,6600,24000,full,full,88399,9,aimclub.,2,0
658,"1787ce744c361d96",6,44322,46553,45602,47895,52397,55050,52845,55520,Johnny Speeds,aimclub.,1,5,3,2,25550,23000,26200,26550,25200,10800,full,full,126198,1,aimclub.,2,0
659,"1787ce744c361d96",7,55073,57866,56353,59209,58837,61824,59285,62298,Johnny Speeds,aimclub.,2,5,3,2,15400,30600,28000,27050,13100,8800,full,full,58784,8,Johnny Speeds,3,0
660,"1787ce744c361d96",8,59285,62298,60565,63642,62273,65441,62721,65912,Johnny Speeds,aimclub.,3,5,3,2,20900,29400,29100,25450,12900,23850,full,full,46680,8,Johnny Speeds,3,0
661,"1787ce744c361d96",9,62721,65912,64001,67258,70927,74546,71375,75019,Johnny Speeds,aimclub.,4,5,3,2,26800,15050,30350,6300,5100,5700,full,semi,128232,8,Johnny Speeds,3,0
662,"1787ce744c361d96",10,71375,75019,72655,76364,77890,81874,78338,82348,Johnny Speeds,aimclub.,4,6,3,2,40500,21350,30650,21150,4300,19950,full,full,101810,1,aimclub.,2,0
663,"1787ce744c361d96",11,78338,82348,79618,83691,85845,90246,86293,90715,Johnny Speeds,aimclub.,5,6,3,2,44850,20400,30850,26050,25550,16850,full,full,117301,7,Johnny Speeds,3,0
664,"1787ce744c361d96",12,86293,90715,87573,92064,92737,97500,93281,98084,Johnny Speeds,aimclub.,6,6,3,2,39650,17050,31650,15900,23250,15800,full,force-buy,100771,7,Johnny Speeds,3,0
665,"1787ce744c361d96",13,93281,98084,94977,99874,98440,103518,98888,103992,Johnny Speeds,aimclub.,6,7,2,3,4000,4000,4150,4000,3350,3400,pistol,pistol,80706,8,aimclub.,3,0
666,"1787ce744c361d96",14,98888,103992,100168,105336,104007,109376,104455,109850,Johnny Speeds,aimclub.,6,8,2,3,10150,19600,9750,22450,9750,19200,force-buy,semi,79963,7,aimclub.,3,0
667,"1787ce744c361d96",15,104455,109850,105735,111193,112559,118379,113007,118847,Johnny Speeds,aimclub.,6,9,2,3,16000,21250,4350,28800,4350,10300,eco,full,126673,8,aimclub.,3,0
668,"1787ce744c361d96",16,113007,118847,114287,120197,122649,128991,123097,129469,Johnny Speeds,aimclub.,7,9,2,3,26750,29950,26050,29700,25350,14200,full,full,150659,1,Johnny Speeds,2,0
669,"1787ce744c361d96",17,123097,129469,124377,130809,130729,137495,131177,137971,Johnny Speeds,aimclub.,8,9,2,3,20200,24200,25650,26950,15200,21850,full,full,119202,1,Johnny Speeds,2,0
670,"1787ce744c361d96",18,131177,137971,132457,139313,139216,146429,139664,146900,Johnny Speeds,aimclub.,9,9,2,3,23800,12400,26650,10000,9200,1650,full,semi,125618,9,Johnny Speeds,2,0
671,"1787ce744c361d96",19,139664,146900,140944,148246,144468,151954,144916,152422,Johnny Speeds,aimclub.,9,10,2,3,31850,24400,26850,24750,16900,23750,full,full,75062,8,aimclub.,3,0
672,"1787ce744c361d96",20,150084,157861,151364,159211,157828,166013,158276,166485,Johnny Speeds,aimclub.,9,11,2,3,22250,19650,21500,30050,21000,9300,full,full,121074,8,aimclub.,3,0
673,"1787ce744c361d96",21,158276,166485,159556,167831,166081,174696,166529,175169,Johnny Speeds,aimclub.,9,12,2,3,11050,28950,1700,29550,1300,8500,eco,full,121950,8,aimclub.,3,0
674,"1787ce744c361d96",22,168516,177255,169796,178606,174521,183575,174521,183575,Johnny Speeds,aimclub.,9,13,2,3,15050,39200,23800,30750,22400,17200,full,full,93865,8,aimclub.,3,0
883,"9cf2b1cce364afa9",1,82,123,1776,1907,5005,5305,5325,5637,Minlate,ARCRED,1,0,3,2,4000,4000,4550,4500,3550,3300,pistol,pistol,76789,8,Minlate,3,0
884,"9cf2b1cce364afa9",2,5325,5637,6605,6987,8633,9121,8953,9456,Minlate,ARCRED,2,0,3,2,19450,10200,22100,1100,19150,300,semi,eco,51627,8,Minlate,3,0
885,"9cf2b1cce364afa9",3,8953,9456,10233,10806,19387,20438,19707,20773,Minlate,ARCRED,2,1,3,2,19300,22200,27900,23200,10100,21800,full,full,162737,9,ARCRED,2,0
886,"9cf2b1cce364afa9",4,19707,20773,20987,22122,26139,27545,26459,27876,Minlate,ARCRED,2,2,3,2,18400,19650,19250,23450,17950,18150,force-buy,full,100351,9,ARCRED,2,0
887,"9cf2b1cce364afa9",5,26459,27876,30399,32026,33447,35235,33767,35567,Minlate,ARCRED,2,3,3,2,9950,19350,1000,25850,0,4900,eco,full,109049,9,ARCRED,2,0
888,"9cf2b1cce364afa9",6,33767,35567,35047,36915,38325,40363,38645,40704,Minlate,ARCRED,3,3,3,2,23050,32500,23650,27750,22650,12500,full,full,71069,8,Minlate,3,0
889,"9cf2b1cce364afa9",7,38645,40704,39925,42048,46989,49480,47309,49820,Minlate,ARCRED,3,4,3,2,19400,27600,26250,26050,13500,24750,full,full,130047,9,ARCRED,2,0
890,"9cf2b1cce364afa9",8,47309,49820,48589,51167,58284,61367,58604,61707,Minlate,ARCRED,3,5,3,2,17600,20400,18300,25050,17300,17800,force-buy,full,171110,1,ARCRED,2,0
891,"9cf2b1cce364afa9",9,58604,61707,59884,63050,65597,69062,65917,69402,Minlate,ARCRED,3,6,3,2,14050,21600,9100,27050,4150,16600,semi,full,108990,9,ARCRED,2,0
892,"9cf2b1cce364afa9",10,68277,71881,69557,73232,76607,80649,76927,80984,Minlate,ARCRED,3,7,3,2,24950,22850,25500,28250,24500,8300,full,full,129929,9,ARCRED,2,0
893,"9cf2b1cce364afa9",11,76927,80984,78207,82334,84442,88891,84762,89231,Minlate,ARCRED,3,8,3,2,18000,32400,7900,27550,7500,8700,semi,full,117170,1,ARCRED,2,0
894,"9cf2b1cce364afa9",12,87495,92103,88775,93454,96135,101196,96680,101781,Minlate,ARCRED,4,8,3,2,28050,42200,30150,28050,27400,10400,full,full,134745,12,Minlate,3,0
895,"9cf2b1cce364afa9",13,96680,101781,98376,103576,102531,107944,102851,108282,Minlate,ARCRED,4,9,2,3,4000,4000,4350,4300,3350,3300,pistol,pistol,91326,7,ARCRED,3,0
896,"9cf2b1cce364afa9",14,102851,108282,104131,109632,107580,113262,107900,113593,Minlate,ARCRED,4,10,2,3,14050,21250,14100,23150,13700,20450,force-buy,full,73796,8,ARCRED,3,0
897,"9cf2b1cce364afa9",15,107900,113593,109180,114942,117076,123250,117396,123590,Minlate,ARCRED,4,11,2,3,12650,19000,3000,30350,2800,11200,eco,full,143102,7,ARCRED,3,0
898,"9cf2b1cce364afa9",16,117396,123590,118676,124933,126036,132681,126356,133015,Minlate,ARCRED,4,12,2,3,28550,28150,27050,30450,26250,17900,full,full,134715,12,ARCRED,3,0
899,"9cf2b1cce364afa9",17,126356,133015,127636,134362,136686,143884,136686,143884,Minlate,ARCRED,4,13,2,3,21800,36400,22850,30450,15900,10700,full,full,161063,7,ARCRED,3,0
900,"5ef7cf95e5d4a0b7",1,5814,6155,7093,7498,9768,10313,10216,10788,Hemmaplan,TRICKEDcs2,0,1,3,2,0,0,4250,4250,3250,3250,eco,eco,61725,9,TRICKEDcs2,2,0
901,"5ef7cf95e5d4a0b7",2,10216,10788,11496,12130,14111,14883,14559,15352,Hemmaplan,TRICKEDcs2,0,2,3,2,11900,18800,2700,20300,2300,18050,eco,full,60790,9,TRICKEDcs2,2,0
902,"5ef7cf95e5d4a0b7",3,14559,15352,15839,16702,19803,20877,20251,21345,Hemmaplan,TRICKEDcs2,0,3,3,2,22150,19700,23000,25050,22000,8200,full,full,82018,9,TRICKEDcs2,2,0
903,"5ef7cf95e5d4a0b7",4,20251,21345,21531,22694,25767,27151,26215,27619,Hemmaplan,TRICKEDcs2,0,4,3,2,15200,29550,4600,25250,3950,7800,eco,full,86190,1,TRICKEDcs2,2,0
904,"5ef7cf95e5d4a0b7",5,26215,27619,27495,28970,35086,36953,35534,37429,Hemmaplan,TRICKEDcs2,0,5,3,2,28250,41050,29150,26800,27650,6750,full,full,138563,9,TRICKEDcs2,2,0
905,"5ef7cf95e5d4a0b7",6,35534,37429,36814,38770,39675,41782,40123,42255,Hemmaplan,TRICKEDcs2,0,6,3,2,19200,51750,17450,25700,16650,20800,semi,full,64620,9,TRICKEDcs2,2,0
906,"5ef7cf95e5d4a0b7",7,40123,42255,41403,43600,44111,46449,44559,46925,Hemmaplan,TRICKEDcs2,1,6,3,2,19550,49000,8350,25800,8350,3800,semi,full,62259,8,Hemmaplan,3,0
907,"5ef7cf95e5d4a0b7",8,44559,46925,45839,48266,49124,51724,49572,52200,Hemmaplan,TRICKEDcs2,1,7,3,2,30200,52800,28900,25300,15350,24300,full,full,71241,9,TRICKEDcs2,2,0
908,"5ef7cf95e5d4a0b7",9,49572,52200,50852,53543,54027,56887,54475,57355,Hemmaplan,TRICKEDcs2,1,8,3,2,29700,46550,28100,25300,27100,8900,full,full,69578,9,TRICKEDcs2,2,0
909,"5ef7cf95e5d4a0b7",10,54475,57355,55755,58704,59668,62818,60116,63295,Hemmaplan,TRICKEDcs2,2,8,3,2,19950,55700,18600,25100,17800,9400,semi,full,81098,7,Hemmaplan,3,0
910,"5ef7cf95e5d4a0b7",11,60116,63295,61396,64635,66863,70394,67311,70862,Hemmaplan,TRICKEDcs2,2,9,3,2,22400,57500,24600,25600,20050,25100,full,full,105384,9,TRICKEDcs2,2,0
911,"5ef7cf95e5d4a0b7",12,67311,70862,68591,72212,73651,77534,74195,78118,Hemmaplan,TRICKEDcs2,3,9,3,2,19050,50450,19550,28050,18550,21700,force-buy,full,99045,7,Hemmaplan,3,0
912,"5ef7cf95e5d4a0b7",13,74195,78118,75891,79912,79425,83627,79873,84099,Hemmaplan,TRICKEDcs2,4,9,2,3,4000,4000,4100,4300,3300,3300,pistol,pistol,81781,9,Hemmaplan,2,0
913,"5ef7cf95e5d4a0b7",14,79873,84099,81153,85445,85253,89761,85701,90234,Hemmaplan,TRICKEDcs2,4,10,2,3,18750,11300,19850,9900,18350,9700,semi,force-buy,84052,8,TRICKEDcs2,3,0
914,"5ef7cf95e5d4a0b7",15,85701,90234,86981,91579,89884,94636,90332,95106,Hemmaplan,TRICKEDcs2,4,11,2,3,8000,20600,7050,26550,7050,15400,force-buy,full,65347,8,TRICKEDcs2,3,0
915,"5ef7cf95e5d4a0b7",16,90332,95106,91612,96453,93499,98437,93947,98911,Hemmaplan,TRICKEDcs2,4,12,2,3,10750,24200,10500,31550,10200,12850,force-buy,full,49448,8,TRICKEDcs2,3,0
916,"5ef7cf95e5d4a0b7",17,93947,98911,95227,100255,97910,103078,97910,103078,Hemmaplan,TRICKEDcs2,4,13,2,3,15250,38300,13300,32650,12700,9600,force-buy,full,61859,8,TRICKEDcs2,3,0
1084,a7d25e8345edc7df,1,5132,5450,6410,6798,9793,10358,10241,10830,INFINITECS2,aimclub.,1,0,3,2,0,0,4300,4300,3300,3300,eco,eco,72855,7,INFINITECS2,3,0
1085,a7d25e8345edc7df,2,10241,10830,11521,12177,16758,17689,17206,18157,INFINITECS2,aimclub.,2,0,3,2,21250,14100,22100,14400,20700,13600,semi,force-buy,101816,8,INFINITECS2,3,0
1086,a7d25e8345edc7df,3,17206,18157,18486,19506,24732,26075,25180,26552,INFINITECS2,aimclub.,3,0,3,2,19550,12800,25900,3000,8500,2800,full,eco,117536,8,INFINITECS2,3,0
1087,a7d25e8345edc7df,4,25180,26552,26460,27893,34092,35926,34539,36396,INFINITECS2,aimclub.,3,1,3,2,30050,25100,29550,25400,17500,24400,full,full,139149,9,aimclub.,2,0
1088,a7d25e8345edc7df,5,34539,36396,35819,37743,43179,45488,43627,45963,INFINITECS2,aimclub.,4,1,3,2,21350,18750,21350,23650,20550,16000,force-buy,full,134963,12,INFINITECS2,3,0
1089,a7d25e8345edc7df,6,43627,45963,44907,47306,48039,50606,48487,51074,INFINITECS2,aimclub.,5,1,3,2,18700,10050,27750,18100,12900,8750,full,force-buy,68921,8,INFINITECS2,3,0
1090,a7d25e8345edc7df,7,51058,53779,52338,55125,55285,58227,55733,58701,INFINITECS2,aimclub.,6,1,3,2,24800,16300,29350,9750,16800,9550,full,semi,66026,8,INFINITECS2,3,0
1091,a7d25e8345edc7df,8,55733,58701,57013,60044,60520,63738,60968,64206,INFINITECS2,aimclub.,6,2,3,2,27000,24350,29650,24300,12800,23300,full,full,74770,9,aimclub.,2,0
1092,a7d25e8345edc7df,9,60968,64206,62248,65557,64777,68216,65225,68684,INFINITECS2,aimclub.,7,2,3,2,23000,18800,21950,24250,20650,16900,semi,full,59525,8,INFINITECS2,3,0
1093,a7d25e8345edc7df,10,65225,68684,66505,70034,71624,75421,72072,75892,INFINITECS2,aimclub.,7,3,3,2,20750,17300,27050,16500,17600,15600,full,force-buy,100005,1,aimclub.,2,0
1094,a7d25e8345edc7df,11,72072,75892,73352,77239,80257,84504,80705,84977,INFINITECS2,aimclub.,7,4,3,2,10150,20400,18950,26200,8600,5300,force-buy,full,127837,9,aimclub.,2,0
1095,a7d25e8345edc7df,12,80705,84977,81985,86323,84384,88846,84928,89431,INFINITECS2,aimclub.,7,5,3,2,11950,33150,12850,27650,11350,17050,force-buy,full,57432,9,aimclub.,2,0
1096,a7d25e8345edc7df,13,84928,89431,86624,91223,93400,98352,93848,98828,INFINITECS2,aimclub.,7,6,2,3,4000,4000,4350,4000,3350,3400,pistol,pistol,132424,7,aimclub.,3,0
1097,a7d25e8345edc7df,14,93848,98828,95128,100169,99774,105062,100222,105533,INFINITECS2,aimclub.,7,7,2,3,13750,21150,13800,24850,13000,20400,force-buy,full,92538,8,aimclub.,3,0
1098,a7d25e8345edc7df,15,100222,105533,101502,106880,104795,110346,105243,110814,INFINITECS2,aimclub.,7,8,2,3,13350,20050,2100,25150,1700,12000,eco,full,71444,8,aimclub.,3,0
1099,a7d25e8345edc7df,16,105243,110814,106523,112164,112523,118476,112971,118944,INFINITECS2,aimclub.,7,9,2,3,26450,27050,25800,29600,25100,9100,full,full,113735,8,aimclub.,3,0
1100,a7d25e8345edc7df,17,115090,121173,116370,122523,118643,124916,119091,125385,INFINITECS2,aimclub.,7,10,2,3,19250,36750,9200,29750,9300,18200,semi,full,55561,8,aimclub.,3,0
1101,a7d25e8345edc7df,18,119091,125385,123125,129629,129419,136253,129867,136721,INFINITECS2,aimclub.,7,11,2,3,26550,37350,26000,30150,25000,2000,full,full,161326,7,aimclub.,3,0
1102,a7d25e8345edc7df,19,129867,136721,131147,138071,136373,143568,136821,144042,INFINITECS2,aimclub.,7,12,2,3,22250,55700,22700,30250,21700,13200,full,full,101637,8,aimclub.,3,0
1103,a7d25e8345edc7df,20,136821,144042,138101,145386,142589,150113,142589,150113,INFINITECS2,aimclub.,7,13,2,3,17850,56600,19200,30850,18200,20950,force-buy,full,90118,8,aimclub.,3,0
1143,"741062afc2a69cbc",1,1,1,1,31,5761,6100,6209,6571,Team A,Team B,0,1,3,2,0,0,4500,4350,3400,3350,pistol,pistol,90499,9,Team B,2,0
1144,"741062afc2a69cbc",2,6209,6571,7489,7918,16831,17746,17279,18221,Team A,Team B,0,2,3,2,11200,18700,9850,19650,10150,18050,force-buy,semi,165819,1,Team B,2,0
1145,"741062afc2a69cbc",3,17279,18221,18559,19564,24090,25387,24538,25857,Team A,Team B,0,3,3,2,13600,19650,5500,22050,2100,7650,semi,full,106332,9,Team B,2,0
1146,"741062afc2a69cbc",4,24538,25857,25818,27205,32407,34137,32855,34614,Team A,Team B,0,4,3,2,26550,31250,27450,24000,25950,7300,full,full,122862,9,Team B,2,0
1147,"741062afc2a69cbc",5,32855,34614,34135,35955,41066,43251,41514,43725,Team A,Team B,0,5,3,2,18850,41800,10450,27850,9850,16600,semi,full,128159,1,Team B,2,0
1148,"741062afc2a69cbc",6,41514,43725,42794,45070,49666,52299,50114,52775,Team A,Team B,1,5,3,2,26850,43600,28200,27850,21350,6700,full,full,127224,8,Team A,3,0
1149,"741062afc2a69cbc",7,50114,52775,51394,54118,58294,61380,58742,61854,Team A,Team B,1,6,3,2,23700,44800,30350,27550,17700,26850,full,full,127684,9,Team B,2,0
1150,"741062afc2a69cbc",8,60928,64153,62208,65501,69250,72908,69698,73383,Team A,Team B,1,7,3,2,22150,35600,23700,25300,21500,16000,full,full,129910,9,Team B,2,0
1151,"741062afc2a69cbc",9,69698,73383,70978,74726,75000,78959,75448,79433,Team A,Team B,2,7,3,2,18750,37650,10600,25000,10200,11700,semi,full,82739,8,Team A,3,0
1152,"741062afc2a69cbc",10,75448,79433,76728,80777,81429,85730,81877,86198,Team A,Team B,2,8,3,2,27550,33550,28150,26250,15650,25750,full,full,93437,1,Team B,2,0
1153,"741062afc2a69cbc",11,84208,88649,85488,90000,90843,95636,91291,96104,Team A,Team B,2,9,3,2,27500,26600,28450,27050,23200,11100,full,full,103676,1,Team B,2,0
1154,"741062afc2a69cbc",12,91291,96104,92571,97455,97200,102325,99918,105194,Team A,Team B,2,10,3,2,22400,34200,27500,27950,19350,16800,full,full,92309,9,Team B,2,0
1155,"741062afc2a69cbc",13,99918,105194,102341,107753,104300,109816,104748,110284,Team A,Team B,2,11,2,3,4000,4000,4200,4350,3400,3550,pistol,pistol,68583,8,Team B,3,0
1156,"741062afc2a69cbc",14,104748,110284,106028,111634,114451,120498,114899,120967,Team A,Team B,3,11,2,3,10700,19450,10750,21150,10550,18800,force-buy,semi,151559,1,Team A,2,0
1157,"741062afc2a69cbc",15,114899,120967,116179,122317,120236,126586,120684,127054,Team A,Team B,3,12,2,3,19450,9850,23300,9850,17850,9350,full,force-buy,83377,8,Team B,3,0
1158,"741062afc2a69cbc",16,120684,127054,121964,128404,127964,134716,127964,134716,Team A,Team B,3,13,2,3,10400,24000,8800,28000,8600,13250,force-buy,full,113691,8,Team B,3,0
1176,"8bc4eee4c905c740",1,122,169,1817,1949,5326,5647,5646,5979,illwill,petardka,1,0,3,2,4000,4000,4350,4700,3350,3400,pistol,pistol,81307,8,illwill,3,0
1177,"8bc4eee4c905c740",2,5646,5979,6926,7328,11215,11838,11535,12179,illwill,petardka,2,0,3,2,19650,10700,18550,1500,15600,700,semi,eco,86962,8,illwill,3,0
1178,"8bc4eee4c905c740",3,11535,12179,12815,13527,17194,18132,17514,18469,illwill,petardka,3,0,3,2,23050,22300,28850,22800,14350,21800,full,full,88358,8,illwill,3,0
1179,"8bc4eee4c905c740",4,17514,18469,18794,19818,23899,25186,24219,25525,illwill,petardka,4,0,3,2,27300,15000,29650,9450,5700,9250,full,semi,99697,7,illwill,3,0
1180,"8bc4eee4c905c740",5,24219,25525,25499,26875,30110,31727,30430,32058,illwill,petardka,5,0,3,2,41950,26950,31050,26100,19450,25100,full,full,92053,8,illwill,3,0
1181,"8bc4eee4c905c740",6,32602,34349,33882,35689,38689,40749,39009,41088,illwill,petardka,6,0,3,2,41300,19050,30450,11900,12400,11800,full,semi,94992,8,illwill,3,0
1182,"8bc4eee4c905c740",7,39009,41088,40289,42438,43222,45522,43542,45861,illwill,petardka,7,0,3,2,47300,25150,30550,25000,13850,24000,full,full,65812,8,illwill,3,0
1183,"8bc4eee4c905c740",8,46054,48503,47334,49846,51735,54476,52055,54816,illwill,petardka,7,1,3,2,52050,19050,30950,15100,19600,14300,full,semi,88655,9,petardka,2,0
1184,"8bc4eee4c905c740",9,52055,54816,53335,56165,59896,63069,60216,63404,illwill,petardka,8,1,3,2,40900,22800,27850,24300,26850,16200,full,full,122496,8,illwill,3,0
1185,"8bc4eee4c905c740",10,60216,63404,61496,64749,66143,69638,66463,69977,illwill,petardka,9,1,3,2,33050,21700,30100,21250,16650,20650,full,full,92528,7,illwill,3,0
1186,"8bc4eee4c905c740",11,66463,69977,67743,71326,70754,74490,71074,74828,illwill,petardka,9,2,3,2,36050,22550,29900,22500,25450,21500,full,full,66984,9,petardka,2,0
1187,"8bc4eee4c905c740",12,71074,74828,72354,76178,82080,86408,82624,86991,illwill,petardka,9,3,3,2,17600,18800,18250,25800,17250,8700,force-buy,full,171877,1,petardka,2,0
1188,"8bc4eee4c905c740",13,82624,86991,84320,88785,86203,90769,86523,91105,illwill,petardka,9,4,2,3,4000,4000,4550,4300,3450,3300,pistol,pistol,56075,8,petardka,3,0
1189,"8bc4eee4c905c740",14,86523,91105,87803,92448,90280,95056,90600,95396,illwill,petardka,9,5,2,3,10050,19700,9800,21800,9950,19500,force-buy,semi,58643,8,petardka,3,0
1190,"8bc4eee4c905c740",15,90600,95396,91880,96738,98665,103882,98985,104216,illwill,petardka,9,6,2,3,12400,19200,2300,23600,2300,8300,eco,full,125954,8,petardka,3,0
1191,"8bc4eee4c905c740",16,98985,104216,100265,105563,105863,111452,106183,111792,illwill,petardka,9,7,2,3,25500,29900,25200,27500,24500,18550,full,full,107401,7,petardka,3,0
1192,"8bc4eee4c905c740",17,106183,111792,107463,113139,112292,118222,112612,118555,illwill,petardka,9,8,2,3,22200,31700,23100,29850,22100,18000,full,full,95438,8,petardka,3,0
1193,"8bc4eee4c905c740",18,112612,118555,113892,119901,120011,126342,120331,126680,illwill,petardka,9,9,2,3,17700,32100,10650,29350,10450,12300,semi,full,115579,8,petardka,3,0
1194,"8bc4eee4c905c740",19,122251,128700,123531,130043,130299,137168,130619,137503,illwill,petardka,10,9,2,3,25750,38400,24600,30550,24200,22600,full,full,125687,1,illwill,2,0
1195,"8bc4eee4c905c740",20,130619,137503,131899,138852,139259,146594,139579,146934,illwill,petardka,10,10,2,3,20550,25150,20000,25050,19300,24050,full,full,134934,12,petardka,3,0
1196,"8bc4eee4c905c740",21,139579,146934,140859,148279,144285,151882,144605,152220,illwill,petardka,10,11,2,3,14050,20100,8000,23300,7800,14700,semi,full,73441,7,petardka,3,0
1197,"8bc4eee4c905c740",22,147458,155224,148738,156571,151919,159916,152239,160256,illwill,petardka,10,12,2,3,27750,25700,27450,28450,25400,23350,full,full,69641,8,petardka,3,0
1198,"8bc4eee4c905c740",23,152239,160256,153519,161599,160451,168896,160771,169229,illwill,petardka,11,12,2,3,20350,21150,21600,26100,20300,19350,full,full,128240,1,illwill,2,0
1199,"8bc4eee4c905c740",24,160771,169229,162051,170579,168308,177162,168852,177732,illwill,petardka,12,12,2,3,18750,10200,25100,19650,13300,9550,full,force-buy,117746,9,illwill,2,0
1200,"8bc4eee4c905c740",25,168852,177732,170548,179518,177429,186761,177749,187101,illwill,petardka,12,13,2,3,62500,62500,27450,27000,26450,26000,full,full,134014,8,petardka,3,1
1201,"8bc4eee4c905c740",26,177749,187101,179029,188441,188241,198135,188561,198475,illwill,petardka,13,13,2,3,46550,55100,27250,30800,26550,23850,full,full,163773,1,illwill,2,1
1202,"8bc4eee4c905c740",27,188561,198475,189841,199824,196018,206324,196562,206908,illwill,petardka,14,13,2,3,38800,40450,27850,31050,23850,24300,full,full,116499,9,illwill,2,1
1203,"8bc4eee4c905c740",28,196562,206908,198258,208695,202470,213126,202790,213465,illwill,petardka,14,14,3,2,62500,62500,29350,27250,28550,27050,full,full,92291,9,petardka,2,1
1204,"8bc4eee4c905c740",29,202790,213465,204070,214816,209390,220410,209710,220747,illwill,petardka,14,15,3,2,44550,52600,29350,27350,28550,12600,full,full,103082,9,petardka,2,1
1205,"8bc4eee4c905c740",30,209710,220747,210990,222096,212885,224090,213429,224660,illwill,petardka,15,15,3,2,29650,57650,28950,27750,28150,17900,full,full,49618,8,illwill,3,1
1206,"8bc4eee4c905c740",31,213429,224660,215125,226443,220977,232606,221297,232939,illwill,petardka,16,15,3,2,62500,62500,28300,27450,27300,26950,full,full,117939,8,illwill,3,2
1207,"8bc4eee4c905c740",32,221297,232939,222577,234285,229393,241461,229713,241793,illwill,petardka,17,15,3,2,53800,45050,30400,29100,8750,28700,full,full,126488,7,illwill,3,2
1208,"8bc4eee4c905c740",33,229713,241793,230993,243144,235695,248090,236239,248672,illwill,petardka,18,15,3,2,65200,31950,28800,26200,15100,25800,full,full,93464,7,illwill,3,2
1209,"8bc4eee4c905c740",34,236239,248672,237935,250467,241021,253714,241341,254050,illwill,petardka,18,16,2,3,62500,62500,27050,29700,27150,28900,full,full,74836,8,petardka,3,2
1210,"8bc4eee4c905c740",35,241341,254050,242621,255394,248171,261235,248171,261235,illwill,petardka,19,16,2,3,36250,47600,27250,32900,26550,12000,full,full,106644,9,illwill,2,2
1286,"958fa9238efe1849",1,1,1,517,581,2083,2231,2531,2702,Team A,Team B,1,0,3,2,0,0,3250,3250,0,0,pistol,pistol,33115,8,Team A,3,0
1287,"958fa9238efe1849",3,4477,4748,5756,6097,9504,10036,9952,10510,HyperSpirit,BIG,1,1,3,2,4000,4000,4200,4350,3400,3350,eco,eco,78527,9,BIG,2,0
1288,"958fa9238efe1849",4,9952,10510,11232,11854,14087,14860,14535,15331,HyperSpirit,BIG,1,2,3,2,11750,18700,2000,19600,1400,17850,eco,semi,64598,9,BIG,2,0
1289,"958fa9238efe1849",5,14535,15331,15815,16679,20505,21615,20953,22088,HyperSpirit,BIG,2,2,3,2,22600,18900,23450,21900,22150,7400,full,full,93318,8,HyperSpirit,3,0
1290,"958fa9238efe1849",6,20953,22088,22233,23433,27518,28995,27966,29465,HyperSpirit,BIG,2,3,3,2,19450,19400,25600,20300,15600,19100,full,full,102570,1,BIG,2,0
1291,"958fa9238efe1849",7,27966,29465,29246,30813,34025,35843,34473,36311,HyperSpirit,BIG,3,3,3,2,13900,18700,26700,24900,12700,9400,full,full,94714,8,HyperSpirit,3,0
1292,"958fa9238efe1849",8,36589,38537,37869,39887,42326,44576,42774,45049,HyperSpirit,BIG,4,3,3,2,20200,16300,27900,16900,5450,15900,full,force-buy,89680,8,HyperSpirit,3,0
1293,"958fa9238efe1849",9,42774,45049,44054,46394,47035,49536,47483,50004,HyperSpirit,BIG,5,3,3,2,33550,11100,30150,2100,22600,1700,full,eco,66632,7,HyperSpirit,3,0
1294,"958fa9238efe1849",10,47483,50004,48763,51354,54178,57051,54626,57519,HyperSpirit,BIG,6,3,3,2,31300,25000,30950,24900,8900,23900,full,full,104649,8,HyperSpirit,3,0
1295,"958fa9238efe1849",11,54626,57519,55906,58869,60938,64162,61386,64633,HyperSpirit,BIG,6,4,3,2,41000,16200,30150,8450,14100,8450,full,semi,98649,1,BIG,2,0
1296,"958fa9238efe1849",12,63306,66653,64586,68000,68327,71939,68775,72410,HyperSpirit,BIG,7,4,3,2,35000,27050,28550,26100,27750,14900,full,full,78498,8,HyperSpirit,3,0
1297,"958fa9238efe1849",13,68775,72410,70055,73758,78869,83032,79317,83505,HyperSpirit,BIG,7,5,3,2,26250,25650,32050,23650,17750,21150,full,full,157738,1,BIG,2,0
1298,"958fa9238efe1849",14,79317,83505,80597,84850,86775,91375,88175,92845,HyperSpirit,BIG,7,6,3,2,15850,21100,21700,28350,15700,10300,force-buy,full,116870,9,BIG,2,0
1299,"958fa9238efe1849",15,88175,92845,89871,94631,91592,96442,92040,96910,HyperSpirit,BIG,7,7,2,3,4000,4000,4450,4250,3450,3250,pistol,pistol,53416,8,BIG,3,0
1300,"958fa9238efe1849",16,92040,96910,93320,98261,95083,100114,95531,100584,HyperSpirit,BIG,7,8,2,3,10350,19750,1500,22100,700,18900,eco,semi,47579,8,BIG,3,0
1301,"958fa9238efe1849",17,95531,100584,96811,101932,101380,106742,101828,107210,HyperSpirit,BIG,7,9,2,3,21950,19550,22700,27200,21700,12800,full,full,91447,8,BIG,3,0
1302,"958fa9238efe1849",18,101828,107210,103108,108560,105213,110776,105661,111244,HyperSpirit,BIG,7,10,2,3,15650,25750,6950,28750,6750,18650,semi,full,52955,8,BIG,3,0
1303,"958fa9238efe1849",19,105661,111244,106941,112594,114302,120337,114750,120810,HyperSpirit,BIG,7,11,2,3,25900,26100,25950,29750,24950,4400,full,full,135032,7,BIG,3,0
1304,"958fa9238efe1849",20,114750,120810,116030,122156,123393,129907,123841,130379,HyperSpirit,BIG,8,11,2,3,21550,41650,22200,30150,21200,10300,full,full,135092,1,HyperSpirit,2,0
1305,"958fa9238efe1849",21,123841,130379,125121,131725,129527,136360,129975,136834,HyperSpirit,BIG,8,12,2,3,19050,39450,25300,30150,13000,18700,full,full,88818,8,BIG,3,0
1306,"958fa9238efe1849",22,129975,136834,131255,138178,139354,146485,139354,146485,HyperSpirit,BIG,8,13,2,3,18050,49150,20700,30050,19900,9900,full,full,143319,7,BIG,3,0
1367,"170b0765d43fb325",1,981,1070,2675,2849,5111,5412,5559,5885,Johnny Speeds,aimclub.,1,0,3,2,4000,4000,4700,4350,3400,3350,pistol,pistol,64440,8,Johnny Speeds,3,0
1368,"170b0765d43fb325",2,5559,5885,6839,7230,12798,13501,13246,13975,Johnny Speeds,aimclub.,2,0,3,2,19600,11050,20850,3050,19150,2450,semi,eco,113030,8,Johnny Speeds,3,0
1369,"170b0765d43fb325",3,13246,13975,14526,15318,20262,21356,20710,21826,Johnny Speeds,aimclub.,3,0,3,2,20050,21200,24550,22100,12300,20800,full,full,109542,8,Johnny Speeds,3,0
1370,"170b0765d43fb325",4,20710,21826,21990,23173,24376,25685,24824,26158,Johnny Speeds,aimclub.,4,0,3,2,27350,15500,27900,9850,13800,9650,full,semi,57272,8,Johnny Speeds,3,0
1371,"170b0765d43fb325",5,24824,26158,26104,27503,33759,35556,34207,36033,Johnny Speeds,aimclub.,4,1,3,2,32550,22850,28800,23250,4400,22250,full,full,139477,1,aimclub.,2,0
1372,"170b0765d43fb325",6,34207,36033,35487,37374,39215,41302,39663,41770,Johnny Speeds,aimclub.,4,2,3,2,36250,19600,30150,26950,24150,12400,full,full,78198,9,aimclub.,2,0
1373,"170b0765d43fb325",7,39663,41770,40943,43120,48064,50610,48512,51078,Johnny Speeds,aimclub.,5,2,3,2,22850,25250,23650,25300,22350,15100,full,full,131196,8,Johnny Speeds,3,0
1374,"170b0765d43fb325",8,48512,51078,49792,52427,55246,58163,55694,58639,Johnny Speeds,aimclub.,6,2,3,2,19300,23050,25950,21250,16500,20250,full,full,105149,8,Johnny Speeds,3,0
1375,"170b0765d43fb325",9,55694,58639,56974,59980,60612,63809,61060,64284,Johnny Speeds,aimclub.,7,2,3,2,21600,17600,29100,9750,9700,9850,full,semi,76729,8,Johnny Speeds,3,0
1376,"170b0765d43fb325",10,61060,64284,62340,65628,70759,74487,71207,74957,Johnny Speeds,aimclub.,7,3,3,2,30500,25350,30150,25550,14900,24550,full,full,151424,1,aimclub.,2,0
1377,"170b0765d43fb325",11,71207,74957,72487,76304,78462,82591,78910,83065,Johnny Speeds,aimclub.,8,3,3,2,23150,19300,29600,27150,17350,9600,full,full,113297,8,Johnny Speeds,3,0
1378,"170b0765d43fb325",12,78910,83065,80190,84408,85395,89885,85939,90469,Johnny Speeds,aimclub.,9,3,3,2,24600,24900,31550,23600,22100,22700,full,full,101217,8,Johnny Speeds,3,0
1379,"170b0765d43fb325",13,85939,90469,87635,92263,92399,97275,92847,97747,Johnny Speeds,aimclub.,10,3,2,3,4000,4000,4650,4000,3450,3400,pistol,pistol,101009,1,Johnny Speeds,2,0
1380,"170b0765d43fb325",14,92847,97747,94127,99092,97579,102725,98027,103197,Johnny Speeds,aimclub.,11,3,2,3,19550,10100,21350,10900,18850,9650,full,force-buy,73879,9,Johnny Speeds,2,0
1381,"170b0765d43fb325",15,98027,103197,99307,104543,105122,110664,105570,111132,Johnny Speeds,aimclub.,12,3,2,3,19050,13850,23850,5700,10950,5500,full,semi,110819,9,Johnny Speeds,2,0
1382,"170b0765d43fb325",16,105570,111132,106850,112481,112268,118181,112268,118181,Johnny Speeds,aimclub.,13,3,2,3,33850,18300,28050,24400,9850,23100,full,full,104615,9,Johnny Speeds,2,0
1419,af3138c4f9478cad,1,7101,7519,8379,8867,16405,17315,16853,17783,SEMPERFI2,megoshort!,0,1,3,2,0,0,4350,4300,3550,3300,eco,eco,145503,9,megoshort!,2,0
1420,af3138c4f9478cad,2,16853,17783,18133,19133,23497,24778,23945,25247,SEMPERFI2,megoshort!,0,2,3,2,11600,18750,12100,20250,10750,18450,force-buy,full,103899,9,megoshort!,2,0
1421,af3138c4f9478cad,3,23945,25247,25225,26595,31955,33678,32403,34146,SEMPERFI2,megoshort!,0,3,3,2,13950,18650,2900,21100,2500,8900,eco,full,125228,9,megoshort!,2,0
1422,af3138c4f9478cad,4,32403,34146,33683,35495,38734,40807,39182,41276,SEMPERFI2,megoshort!,0,4,3,2,26500,28700,27400,24800,26200,12000,full,full,98938,1,megoshort!,2,0
1423,af3138c4f9478cad,5,41697,43922,42977,45270,49502,52136,49950,52608,SEMPERFI2,megoshort!,1,4,3,2,18950,35400,26150,24900,15700,17200,full,full,122005,7,SEMPERFI2,3,0
1424,af3138c4f9478cad,6,49950,52608,51230,53945,57477,60490,57925,60957,SEMPERFI2,megoshort!,1,5,3,2,23800,29400,29550,24800,18900,24100,full,full,117073,1,megoshort!,2,0
1425,af3138c4f9478cad,7,57925,60957,59205,62306,66800,70294,67248,70768,SEMPERFI2,megoshort!,2,5,3,2,19750,24300,23650,27650,18900,8200,full,full,138685,7,SEMPERFI2,3,0
1426,af3138c4f9478cad,8,67248,70768,68528,72111,75888,79859,76336,80331,SEMPERFI2,megoshort!,3,5,3,2,21200,27300,28450,25950,17600,25250,full,full,135031,12,SEMPERFI2,3,0
1427,af3138c4f9478cad,9,76336,80331,77616,81678,84034,88431,84482,88900,SEMPERFI2,megoshort!,4,5,3,2,21850,9850,30100,8550,15900,1300,full,semi,120311,8,SEMPERFI2,3,0
1428,af3138c4f9478cad,10,84482,88900,85762,90249,91286,96064,91734,96532,SEMPERFI2,megoshort!,4,6,3,2,24750,20950,30400,22200,14450,20700,full,full,106409,9,megoshort!,2,0
1429,af3138c4f9478cad,11,91734,96532,93014,97883,96886,101956,97334,102424,SEMPERFI2,megoshort!,5,6,3,2,18950,18300,19950,23600,18450,15800,force-buy,full,80564,8,SEMPERFI2,3,0
1430,af3138c4f9478cad,12,97334,102424,98614,103773,102198,107544,102742,108127,SEMPERFI2,megoshort!,6,6,3,2,20400,12900,26750,12550,18750,12550,full,force-buy,76049,8,SEMPERFI2,3,0
1431,af3138c4f9478cad,13,102742,108127,104438,109920,108054,113727,108502,114195,SEMPERFI2,megoshort!,6,7,2,3,4000,4000,4400,4350,3400,3550,pistol,pistol,83178,8,megoshort!,3,0
1432,af3138c4f9478cad,14,108502,114195,109782,115544,113700,119664,114148,120141,SEMPERFI2,megoshort!,6,8,2,3,10400,19450,9900,22400,9700,19050,force-buy,semi,81232,7,megoshort!,3,0
1433,af3138c4f9478cad,15,114148,120141,115428,121482,119959,126253,120407,126721,SEMPERFI2,megoshort!,6,9,2,3,16600,21550,6100,29200,5900,16050,semi,full,90783,7,megoshort!,3,0
1434,af3138c4f9478cad,16,120407,126721,121687,128071,128196,134922,128644,135390,SEMPERFI2,megoshort!,6,10,2,3,26750,25850,24300,30550,23200,18400,full,full,121812,8,megoshort!,3,0
1435,af3138c4f9478cad,17,128644,135390,129924,136739,134970,142047,135418,142519,SEMPERFI2,megoshort!,7,10,2,3,21450,26450,22500,30550,20700,18300,full,full,98878,9,SEMPERFI2,2,0
1436,af3138c4f9478cad,18,135418,142519,136698,143864,141663,149090,142111,149559,SEMPERFI2,megoshort!,8,10,2,3,18800,16800,27350,17250,15900,16450,full,force-buy,97601,9,SEMPERFI2,2,0
1437,af3138c4f9478cad,19,142111,149559,143391,150909,145522,153150,145970,153622,SEMPERFI2,megoshort!,9,10,2,3,20750,10200,27650,1300,11000,500,full,eco,53338,9,SEMPERFI2,2,0
1438,af3138c4f9478cad,20,145970,153622,147250,154968,154762,162872,155210,163346,SEMPERFI2,megoshort!,9,11,2,3,27100,21700,27750,22600,1400,21100,full,full,137393,7,megoshort!,3,0
1439,af3138c4f9478cad,21,157871,166143,159151,167491,166633,175365,167081,175834,SEMPERFI2,megoshort!,9,12,2,3,39200,21150,25200,27600,24500,17550,full,full,136977,7,megoshort!,3,0
1440,af3138c4f9478cad,22,167081,175834,168361,177183,175615,184819,175615,184819,SEMPERFI2,megoshort!,9,13,2,3,21700,19450,25100,29450,24100,21850,full,full,133457,8,megoshort!,3,0
1476,b833a145b9354816,1,2710,3447,4405,5251,6693,7683,7141,8150,FOLHA AMARELA,Bounty Hunters Esports,1,0,3,2,96000,96000,4400,4300,3400,3300,eco,eco,62202,8,FOLHA AMARELA,3,0
1477,b833a145b9354816,2,7141,8150,21388,23303,22534,24520,22982,25002,FOLHA AMARELA,Bounty Hunters Esports,2,0,3,2,19600,10500,22950,1000,19300,0,semi,eco,240380,8,FOLHA AMARELA,3,0
1478,b833a145b9354816,3,22982,25002,24262,26354,29988,32424,30436,32913,FOLHA AMARELA,Bounty Hunters Esports,3,0,3,2,19300,22800,25700,23400,8700,22400,semi,force-buy,108986,8,FOLHA AMARELA,3,0
1479,b833a145b9354816,4,30436,32913,31716,34270,37459,40378,37907,40859,FOLHA AMARELA,Bounty Hunters Esports,4,0,3,2,29600,15800,29100,9650,19300,9050,full,semi,109617,8,FOLHA AMARELA,3,0
1480,b833a145b9354816,5,37907,40859,39187,42214,44259,47610,44707,48083,FOLHA AMARELA,Bounty Hunters Esports,4,1,3,2,28900,24950,29650,24000,17400,23000,full,full,99133,9,Bounty Hunters Esports,2,0
1481,b833a145b9354816,6,44707,48083,45987,49452,52782,56678,53230,57152,FOLHA AMARELA,Bounty Hunters Esports,4,2,3,2,18500,20000,18350,27650,17550,4000,force-buy,full,126210,9,Bounty Hunters Esports,2,0
1482,b833a145b9354816,7,53230,57152,54510,58515,58257,62498,58705,62973,FOLHA AMARELA,Bounty Hunters Esports,4,3,3,2,12700,33850,1750,26000,950,15450,eco,full,78501,9,Bounty Hunters Esports,2,0
1483,b833a145b9354816,8,58705,62973,59985,64333,68598,73488,69046,73968,FOLHA AMARELA,Bounty Hunters Esports,5,3,3,2,24300,36050,25400,27550,23900,7700,force-buy,full,154404,7,FOLHA AMARELA,3,0
1484,b833a145b9354816,9,69046,73968,70326,75325,77686,83156,78134,83630,FOLHA AMARELA,Bounty Hunters Esports,6,3,3,2,20750,41850,28300,27550,17850,27050,full,full,134918,12,FOLHA AMARELA,3,0
1485,b833a145b9354816,10,80182,85807,81462,87171,87694,93803,88142,94275,FOLHA AMARELA,Bounty Hunters Esports,7,3,3,2,20600,22300,29500,27550,10350,16400,full,full,117415,8,FOLHA AMARELA,3,0
1486,b833a145b9354816,11,88142,94275,89422,95639,93602,100108,94050,100582,FOLHA AMARELA,Bounty Hunters Esports,8,3,3,2,28650,20700,30350,11400,10800,11000,full,semi,85653,7,FOLHA AMARELA,3,0
1487,b833a145b9354816,12,94050,100582,95330,101944,99269,106129,99813,106706,FOLHA AMARELA,Bounty Hunters Esports,9,3,3,2,38400,30900,31350,27550,29000,27250,full,full,81453,8,FOLHA AMARELA,3,0
1488,b833a145b9354816,13,99813,106706,101509,108514,107346,114724,107794,115203,FOLHA AMARELA,Bounty Hunters Esports,9,4,2,3,4800,4800,4200,4400,3400,3400,pistol,pistol,117738,7,Bounty Hunters Esports,3,0
1489,b833a145b9354816,14,107794,115203,109074,116560,113658,121430,114106,121911,FOLHA AMARELA,Bounty Hunters Esports,10,4,2,3,14300,21150,7450,23150,7250,21100,semi,semi,91438,1,FOLHA AMARELA,2,0
1490,b833a145b9354816,15,116026,123952,117306,125307,124860,133352,125308,133824,FOLHA AMARELA,Bounty Hunters Esports,10,5,2,3,25550,8150,27650,16200,19850,7400,full,force-buy,138031,7,Bounty Hunters Esports,3,0
1491,b833a145b9354816,16,125308,133824,126588,135187,130078,138894,130526,139366,FOLHA AMARELA,Bounty Hunters Esports,11,5,2,3,16700,20750,20100,26700,15600,17600,force-buy,semi,74449,9,FOLHA AMARELA,2,0
1492,b833a145b9354816,17,130526,139366,131806,140737,138001,147317,138449,147794,FOLHA AMARELA,Bounty Hunters Esports,12,5,2,3,17850,10700,27950,11250,9200,10350,full,force-buy,116754,9,FOLHA AMARELA,2,0
1493,b833a145b9354816,18,138449,147794,139729,149153,142936,152565,142936,152565,FOLHA AMARELA,Bounty Hunters Esports,13,5,2,3,34700,17300,27950,11450,12900,10450,full,force-buy,70058,9,FOLHA AMARELA,2,0
1576,"88d974c6d6b8fac3",1,4819,5131,6097,6479,13317,14071,13637,14411,Vasco,Prison Breakers,0,1,3,2,4000,4000,5250,4300,3450,3500,semi,eco,132609,1,Prison Breakers,2,0
1577,"88d974c6d6b8fac3",2,13637,14411,14917,15759,19878,20978,20198,21314,Vasco,Prison Breakers,0,2,3,2,11150,19500,11350,19450,10250,18650,force-buy,semi,97409,1,Prison Breakers,2,0
1578,"88d974c6d6b8fac3",3,20198,21314,21478,22664,24160,25487,24480,25820,Vasco,Prison Breakers,1,2,3,2,13450,19250,11750,20400,2800,6850,semi,full,61899,8,Vasco,3,0
1579,"88d974c6d6b8fac3",4,24480,25820,25760,27167,29820,31438,30140,31778,Vasco,Prison Breakers,2,2,3,2,30250,19400,27150,19700,15600,19100,full,force-buy,83333,8,Vasco,3,0
1580,"88d974c6d6b8fac3",5,30140,31778,31420,33126,33892,35725,34212,36061,Vasco,Prison Breakers,3,2,3,2,33750,10400,29950,1800,14150,1200,full,eco,58546,7,Vasco,3,0
1581,"88d974c6d6b8fac3",6,34212,36061,35492,37411,41332,43552,41652,43892,Vasco,Prison Breakers,4,2,3,2,40150,24800,30250,24900,7700,23900,full,full,111115,8,Vasco,3,0
1582,"88d974c6d6b8fac3",7,41652,43892,42932,45239,48556,51158,48876,51493,Vasco,Prison Breakers,5,2,3,2,51250,15700,30450,8050,10300,8050,full,semi,107778,7,Vasco,3,0
1583,"88d974c6d6b8fac3",8,51141,53874,52421,55224,58230,61335,58550,61675,Vasco,Prison Breakers,6,2,3,2,60350,29150,32500,27450,25550,22700,full,full,110670,8,Vasco,3,0
1584,"88d974c6d6b8fac3",9,58550,61675,59830,63020,66297,69823,66617,70163,Vasco,Prison Breakers,6,3,3,2,53800,23750,30350,22700,11800,22000,full,full,120861,1,Prison Breakers,2,0
1585,"88d974c6d6b8fac3",10,66617,70163,67897,71510,71753,75569,72073,75900,Vasco,Prison Breakers,6,4,3,2,49900,20750,29750,26950,24650,12900,full,full,80188,9,Prison Breakers,2,0
1586,"88d974c6d6b8fac3",11,72073,75900,82637,87017,85972,90533,86292,90864,Vasco,Prison Breakers,7,4,3,2,36200,25900,29300,27150,28300,16700,full,full,217054,8,Vasco,3,0
1587,"88d974c6d6b8fac3",12,86292,90864,87572,92212,94316,99308,94860,99892,Vasco,Prison Breakers,8,4,3,2,26700,21200,31350,21550,15050,20500,full,full,125251,8,Vasco,3,0
1588,"88d974c6d6b8fac3",13,94860,99892,96556,101686,99693,104986,100013,105324,Vasco,Prison Breakers,9,4,2,3,4000,4000,4500,4250,3500,3250,pistol,pistol,75560,9,Vasco,2,0
1589,"88d974c6d6b8fac3",14,100013,105324,101293,106666,104978,110545,105298,110882,Vasco,Prison Breakers,10,4,2,3,18550,10800,19400,1800,18200,1200,semi,eco,77444,9,Vasco,2,0
1590,"88d974c6d6b8fac3",15,105298,110882,106578,112232,113095,119091,113415,119422,Vasco,Prison Breakers,11,4,2,3,18100,22150,21800,22900,8000,21900,full,full,121766,1,Vasco,2,0
1591,"88d974c6d6b8fac3",16,113415,119422,114695,120771,121173,127591,121493,127924,Vasco,Prison Breakers,12,4,2,3,29100,15300,24200,19250,8500,15000,full,force-buy,121172,9,Vasco,2,0
1592,"88d974c6d6b8fac3",17,121493,127924,122773,129270,129571,136425,129571,136425,Vasco,Prison Breakers,13,4,2,3,40000,18400,25200,19750,16700,18750,full,force-buy,126097,9,Vasco,2,0
1661,e83d3bbfedc9df7a,1,1,1,1,31,6871,7272,7319,7741,Team A,Team B,1,0,3,2,0,0,4250,4750,3450,3450,pistol,pistol,107904,8,Team A,3,0
1662,e83d3bbfedc9df7a,2,7319,7741,8599,9090,13584,14336,14032,14804,Team A,Team B,1,1,3,2,19550,11250,21750,10950,19400,11050,semi,force-buy,97872,1,Team B,2,0
1663,e83d3bbfedc9df7a,3,14032,14804,15312,16154,23550,24825,23998,25293,Team A,Team B,1,2,3,2,7700,18900,13200,25850,7200,11200,force-buy,full,148716,1,Team B,2,0
1664,e83d3bbfedc9df7a,4,23998,25293,25278,26643,30285,31911,30733,32380,Team A,Team B,1,3,3,2,11650,27000,1400,23950,400,14650,eco,full,98214,9,Team B,2,0
1665,e83d3bbfedc9df7a,5,30733,32380,32013,33730,40284,42433,40732,42902,Team A,Team B,1,4,3,2,23800,31000,24400,27550,23400,9350,full,full,149191,1,Team B,2,0
1666,e83d3bbfedc9df7a,6,43319,45628,44599,46973,50022,52683,50470,53151,Team A,Team B,2,4,3,2,16900,40450,12000,27250,8250,20800,semi,full,104699,8,Team A,3,0
1667,e83d3bbfedc9df7a,7,52875,55684,56376,59368,65216,68670,65664,69139,Team A,Team B,2,5,3,2,27650,27450,30050,26550,24000,25550,full,full,192718,1,Team B,2,0
1668,e83d3bbfedc9df7a,8,65664,69139,66944,70489,75418,79405,75866,79874,Team A,Team B,2,6,3,2,16200,20900,9500,27250,4600,10000,semi,full,152352,1,Team B,2,0
1669,e83d3bbfedc9df7a,9,75866,79874,77146,81224,82038,86372,82486,86845,Team A,Team B,2,7,3,2,26350,29100,28650,27350,25950,9100,full,full,96433,9,Team B,2,0
1670,e83d3bbfedc9df7a,10,82486,86845,83766,88190,92250,97122,92698,97590,Team A,Team B,2,8,3,2,18850,37850,10050,27250,9450,16000,semi,full,152515,1,Team B,2,0
1671,e83d3bbfedc9df7a,11,92698,97590,93978,98939,99661,104913,100109,105390,Team A,Team B,2,9,3,2,27800,40850,28450,28250,26150,13400,full,full,108676,9,Team B,2,0
1672,e83d3bbfedc9df7a,12,100109,105390,101389,106732,106799,112427,109649,115437,Team A,Team B,2,10,3,2,20100,45200,21100,28450,19900,17500,force-buy,full,104432,9,Team B,2,0
1673,e83d3bbfedc9df7a,13,109649,115437,112772,118730,115654,121763,116102,122231,Team A,Team B,2,11,2,3,4000,4000,4400,4400,3400,3400,pistol,pistol,93880,8,Team B,3,0
1674,e83d3bbfedc9df7a,14,116102,122231,117382,123581,122625,129095,123073,129569,Team A,Team B,2,12,2,3,11300,19600,10750,21400,10850,19300,force-buy,semi,101864,8,Team B,3,0
1675,e83d3bbfedc9df7a,15,123073,129569,124353,130914,127168,133880,127168,133880,Team A,Team B,2,13,2,3,15000,21250,13450,26850,12850,16100,force-buy,full,63977,8,Team B,3,0
1693,"363044199d8a3bcd",1,1018,1109,17595,18550,20195,21291,20515,21623,CTG,CW,0,1,3,2,4000,4000,4300,4350,3300,3350,pistol,pistol,299442,9,CW,2,0
1694,"363044199d8a3bcd",2,20515,21623,21795,22969,27541,29017,27861,29356,CTG,CW,0,2,3,2,10750,18700,1800,20050,1200,18350,eco,full,109705,9,CW,2,0
1695,"363044199d8a3bcd",3,27861,29356,29141,30695,35676,37573,35996,37912,CTG,CW,0,3,3,2,22100,18100,22850,23400,21850,9200,full,full,121916,9,CW,2,0
1696,"363044199d8a3bcd",4,35996,37912,37276,39260,39940,42062,40260,42395,CTG,CW,0,4,3,2,16400,26950,7600,25300,7000,16700,semi,full,61574,9,CW,2,0
1697,"363044199d8a3bcd",5,40260,42395,41540,43743,45790,48214,46110,48555,CTG,CW,0,5,3,2,27500,28000,27550,25200,26750,11600,full,full,86337,9,CW,2,0
1698,"363044199d8a3bcd",6,46110,48555,47390,49894,49882,52516,50202,52856,CTG,CW,0,6,3,2,18650,34450,11200,27450,10600,11800,semi,full,58769,9,CW,2,0
1699,"363044199d8a3bcd",7,50202,52856,51482,54204,60962,64176,61282,64516,CTG,CW,0,7,3,2,26150,40100,26550,27650,25550,13150,full,full,167956,1,CW,2,0
1700,"363044199d8a3bcd",8,61282,64516,62562,65857,67252,70796,67572,71130,CTG,CW,0,8,3,2,18500,45750,22450,28050,15750,13150,semi,full,93177,1,CW,2,0
1701,"363044199d8a3bcd",9,67572,71130,68852,72475,75916,79911,76236,80249,CTG,CW,1,8,3,2,20850,51400,24850,28450,19200,12100,full,full,130284,8,CTG,3,0
1702,"363044199d8a3bcd",10,76236,80249,77516,81590,82292,86617,82612,86957,CTG,CW,1,9,3,2,20450,46700,29950,27250,13500,26550,full,full,94482,9,CW,2,0
1703,"363044199d8a3bcd",11,82612,86957,83892,88298,87590,92193,87910,92525,CTG,CW,1,10,3,2,22500,38000,22900,27950,21900,17300,full,full,77687,9,CW,2,0
1704,"363044199d8a3bcd",12,87910,92525,89190,93872,93401,98304,96889,101983,CTG,CW,1,11,3,2,18700,38550,19600,25500,18600,15900,force-buy,full,85743,9,CW,2,0
1705,"363044199d8a3bcd",13,96889,101983,106685,112297,110932,116765,111252,117105,CTG,CW,1,12,2,3,4000,4000,4750,4300,3350,3300,pistol,pistol,219322,7,CW,3,0
1706,"363044199d8a3bcd",14,111252,117105,112532,118446,115585,121658,115585,121658,CTG,CW,1,13,2,3,12650,18100,14900,22600,14000,20900,force-buy,full,67553,8,CW,3,0
1721,"5661c2da5c759ce5",1,1008,1099,2702,2881,9174,9687,9622,10164,AaB esport...,TRICKEDcs2,1,0,3,2,4000,4000,4950,5100,3550,3300,pistol,pistol,127459,7,AaB esport...,3,0
1722,"5661c2da5c759ce5",2,9622,10164,14475,15269,20441,21547,20889,22015,AaB esport...,TRICKEDcs2,1,1,3,2,21000,15900,20900,16050,19900,15250,semi,force-buy,168941,1,TRICKEDcs2,2,0
1723,"5661c2da5c759ce5",3,23842,25129,25122,26471,32172,33891,32620,34362,AaB esport...,TRICKEDcs2,1,2,3,2,9750,19950,12550,24200,8800,16200,force-buy,full,130041,1,TRICKEDcs2,2,0
1724,"5661c2da5c759ce5",4,32620,34362,33900,35708,39235,41325,39683,41793,AaB esport...,TRICKEDcs2,1,3,3,2,10700,22450,7200,25000,1100,7700,semi,full,103341,1,TRICKEDcs2,2,0
1725,"5661c2da5c759ce5",5,39683,41793,40963,43143,44997,47388,45445,47856,AaB esport...,TRICKEDcs2,1,4,3,2,21600,33450,22350,24500,21250,4950,force-buy,full,83038,9,TRICKEDcs2,2,0
1726,"5661c2da5c759ce5",6,45445,47856,46725,49206,52565,55347,53013,55824,AaB esport...,TRICKEDcs2,1,5,3,2,17050,46250,8750,27250,8150,20800,semi,full,111177,9,TRICKEDcs2,2,0
1727,"5661c2da5c759ce5",7,53013,55824,54293,57166,61025,64251,61473,64728,AaB esport...,TRICKEDcs2,2,5,3,2,25700,43500,26150,27250,25150,5100,full,full,125069,8,AaB esport...,3,0
1728,"5661c2da5c759ce5",8,61473,64728,62753,66070,67756,71335,68204,71810,AaB esport...,TRICKEDcs2,2,6,3,2,19350,46000,28900,27250,13750,26550,full,full,98057,9,TRICKEDcs2,2,0
1729,"5661c2da5c759ce5",9,68204,71810,69484,73153,75029,78986,75477,79463,AaB esport...,TRICKEDcs2,2,7,3,2,21200,37300,22100,27250,20600,13300,force-buy,full,106502,1,TRICKEDcs2,2,0
1730,"5661c2da5c759ce5",10,77397,81484,78677,82825,84432,88881,84880,89358,AaB esport...,TRICKEDcs2,2,8,3,2,20350,42800,13450,27050,11650,26650,semi,full,109782,1,TRICKEDcs2,2,0
1731,"5661c2da5c759ce5",11,84880,89358,86160,90699,94204,99165,94652,99638,AaB esport...,TRICKEDcs2,2,9,3,2,25700,35150,28000,27350,23450,2400,full,full,145550,9,TRICKEDcs2,2,0
1732,"5661c2da5c759ce5",12,94652,99638,95932,100983,102632,108035,103176,108619,AaB esport...,TRICKEDcs2,2,10,3,2,20900,50600,22050,27850,20550,18100,force-buy,full,124624,9,TRICKEDcs2,2,0
1733,"5661c2da5c759ce5",13,103176,108619,104872,110414,108155,113868,108603,114336,AaB esport...,TRICKEDcs2,3,10,2,3,4000,4000,4300,4200,3300,3400,pistol,pistol,77903,9,AaB esport...,2,0
1734,"5661c2da5c759ce5",14,108603,114336,109883,115686,112502,118440,112950,118914,AaB esport...,TRICKEDcs2,4,10,2,3,18750,11750,18850,2050,17750,200,semi,eco,60909,9,AaB esport...,2,0
1735,"5661c2da5c759ce5",15,112950,118914,114230,120257,119379,125674,119827,126151,AaB esport...,TRICKEDcs2,4,11,2,3,19350,23550,20850,24350,4100,23350,full,full,100328,7,TRICKEDcs2,3,0
1736,"5661c2da5c759ce5",16,122721,129196,124001,130538,128001,134748,128449,135222,AaB esport...,TRICKEDcs2,5,11,2,3,25850,20750,25850,28300,24850,12300,full,full,82400,9,AaB esport...,2,0
1737,"5661c2da5c759ce5",17,131164,138081,132444,139422,139535,146884,139983,147360,AaB esport...,TRICKEDcs2,6,11,2,3,18850,19600,26850,20050,15800,19250,full,force-buy,130649,1,AaB esport...,2,0
1738,"5661c2da5c759ce5",18,139983,147360,141263,148701,143824,151401,144272,151871,AaB esport...,TRICKEDcs2,6,12,2,3,21450,12900,27450,14600,8500,1450,full,semi,59974,8,TRICKEDcs2,3,0
1739,"5661c2da5c759ce5",19,144272,151871,145552,153218,151811,159801,151811,159801,AaB esport...,TRICKEDcs2,6,13,2,3,14000,35600,21050,30400,19850,14150,full,full,117693,7,TRICKEDcs2,3,0
1786,"28a0374c055ef765",1,83,125,1778,1910,6175,6538,6495,6873,ARCRED,ETERNAL FIRE,0,1,3,2,4000,4000,4300,4300,3300,3300,pistol,pistol,95178,9,ETERNAL FIRE,2,0
1787,"28a0374c055ef765",2,6495,6873,7775,8218,15786,16651,16106,16987,ARCRED,ETERNAL FIRE,0,2,3,2,10750,18750,9250,19650,9250,18350,force-buy,semi,145120,1,ETERNAL FIRE,2,0
1788,"28a0374c055ef765",3,19302,20348,20582,21698,22513,23729,22833,24066,ARCRED,ETERNAL FIRE,1,2,3,2,13500,18800,8650,22450,2600,5200,semi,full,50179,8,ARCRED,3,0
1789,"28a0374c055ef765",4,22833,24066,24113,25409,31924,33632,32244,33970,ARCRED,ETERNAL FIRE,1,3,3,2,29900,20900,28450,21900,11650,20900,full,full,141974,1,ETERNAL FIRE,2,0
1790,"28a0374c055ef765",5,32244,33970,33524,35312,37077,39056,37397,39389,ARCRED,ETERNAL FIRE,2,3,3,2,29400,19000,30100,21550,24000,13450,full,full,75484,8,ARCRED,3,0
1791,"28a0374c055ef765",6,37397,39389,38677,40736,43471,45781,43791,46121,ARCRED,ETERNAL FIRE,3,3,3,2,24200,13750,28950,2000,21400,1400,full,eco,94867,7,ARCRED,3,0
1792,"28a0374c055ef765",7,43791,46121,45071,47464,49086,51687,49406,52027,ARCRED,ETERNAL FIRE,4,3,3,2,23350,25650,27950,26150,21950,25150,full,full,82608,7,ARCRED,3,0
1793,"28a0374c055ef765",8,49406,52027,50686,53376,53699,56541,54019,56881,ARCRED,ETERNAL FIRE,5,3,3,2,21750,16700,30050,8500,17850,8800,full,semi,66994,7,ARCRED,3,0
1794,"28a0374c055ef765",9,54019,56881,55299,58231,61649,64913,61969,65246,ARCRED,ETERNAL FIRE,5,4,3,2,24250,26300,30950,26150,12500,25150,full,full,119207,9,ETERNAL FIRE,2,0
1795,"28a0374c055ef765",10,61969,65246,63249,66592,71259,75024,71579,75358,ARCRED,ETERNAL FIRE,5,5,3,2,19850,18700,21800,27650,19600,12300,force-buy,full,145120,1,ETERNAL FIRE,2,0
1796,"28a0374c055ef765",11,71579,75358,72859,76704,77106,81173,77426,81513,ARCRED,ETERNAL FIRE,5,6,3,2,11400,25200,6250,27050,1100,16100,semi,full,86303,9,ETERNAL FIRE,2,0
1797,"28a0374c055ef765",12,77426,81513,78706,82860,84442,88893,84986,89477,ARCRED,ETERNAL FIRE,6,6,3,2,23400,27150,24800,28450,23300,14300,full,full,109530,7,ARCRED,3,0
1798,"28a0374c055ef765",13,84986,89477,86682,91272,88915,93621,89235,93956,ARCRED,ETERNAL FIRE,6,7,2,3,4000,4000,4300,4300,3300,3300,pistol,pistol,61503,8,ETERNAL FIRE,3,0
1799,"28a0374c055ef765",14,89235,93956,90515,95306,91471,96312,91791,96646,ARCRED,ETERNAL FIRE,6,8,2,3,10200,19700,1000,21200,0,17150,eco,semi,34966,8,ETERNAL FIRE,3,0
1800,"28a0374c055ef765",15,91791,96646,93071,97992,96134,101216,96454,101556,ARCRED,ETERNAL FIRE,6,9,2,3,22200,21550,23700,29650,21900,9050,full,full,67825,8,ETERNAL FIRE,3,0
1801,"28a0374c055ef765",16,96454,101556,97734,102898,102657,108079,102977,108419,ARCRED,ETERNAL FIRE,6,10,2,3,15700,31100,7900,30050,8000,17700,semi,full,96811,8,ETERNAL FIRE,3,0
1802,"28a0374c055ef765",17,102977,108419,104257,109762,111538,117423,111858,117763,ARCRED,ETERNAL FIRE,7,10,2,3,25600,32200,25550,30450,24650,18100,full,full,133633,9,ARCRED,2,0
1803,"28a0374c055ef765",18,111858,117763,113138,119111,122724,129197,123044,129531,ARCRED,ETERNAL FIRE,8,10,2,3,18800,23300,24650,23650,17100,22650,full,full,169698,1,ARCRED,2,0
1804,"28a0374c055ef765",19,123044,129531,124324,130881,128493,135270,128813,135601,ARCRED,ETERNAL FIRE,9,10,2,3,20500,11250,27350,9150,13200,2200,full,semi,85175,9,ARCRED,2,0
1805,"28a0374c055ef765",20,130926,137824,132206,139174,137646,144895,137966,145235,ARCRED,ETERNAL FIRE,10,10,2,3,24850,22500,27450,23850,16500,22150,full,full,104944,1,ARCRED,2,0
1806,"28a0374c055ef765",21,137966,145235,139246,146584,146266,153967,146586,154307,ARCRED,ETERNAL FIRE,11,10,2,3,27150,15400,27550,11200,7600,6550,full,semi,129596,1,ARCRED,2,0
1807,"28a0374c055ef765",22,146586,154307,147866,155653,153411,161486,153731,161824,ARCRED,ETERNAL FIRE,12,10,2,3,38350,26400,27350,27100,8100,24950,full,full,106547,9,ARCRED,2,0
1808,"28a0374c055ef765",23,153731,161824,155011,163173,157362,165644,157362,165644,ARCRED,ETERNAL FIRE,13,10,2,3,46350,10350,27850,20700,19500,19700,full,force-buy,56694,9,ARCRED,2,0
1894,"554ec4ef442f415e",1,5978,6394,7673,8192,12250,13057,12698,13536,Metizsport,Bebop,1,0,3,2,4000,4000,4300,4200,3300,3400,pistol,pistol,98025,7,Metizsport,3,0
1895,"554ec4ef442f415e",2,12698,13536,13978,14892,17623,18766,18071,19245,Metizsport,Bebop,2,0,3,2,21250,14300,23450,14550,20950,13750,full,force-buy,76943,8,Metizsport,3,0
1896,"554ec4ef442f415e",3,18071,19245,19351,20603,25230,26855,25678,27327,Metizsport,Bebop,3,0,3,2,19300,12850,28200,3550,10100,3150,full,eco,111957,8,Metizsport,3,0
1897,"554ec4ef442f415e",4,25678,27327,26958,28691,29115,30980,29563,31455,Metizsport,Bebop,3,1,3,2,28200,25200,28350,24900,8550,23900,full,full,53742,9,Bebop,2,0
1898,"554ec4ef442f415e",5,29563,31455,30843,32817,35770,38057,36218,38529,Metizsport,Bebop,3,2,3,2,28300,19050,28400,24700,27400,14700,full,full,97128,1,Bebop,2,0
1899,"554ec4ef442f415e",6,36218,38529,37498,39888,45533,48401,45981,48878,Metizsport,Bebop,3,3,3,2,10950,23350,7850,25400,700,7600,semi,full,145236,1,Bebop,2,0
1900,"554ec4ef442f415e",7,45981,48878,47261,50237,50712,53904,51160,54381,Metizsport,Bebop,3,4,3,2,22950,34750,27500,25000,20750,11900,full,full,73942,9,Bebop,2,0
1901,"554ec4ef442f415e",8,51160,54381,52440,55740,58361,62030,58809,62512,Metizsport,Bebop,4,4,3,2,18350,40900,9200,27150,9000,16200,semi,full,112531,8,Metizsport,3,0
1902,"554ec4ef442f415e",9,58809,62512,60089,63866,65804,69942,66252,70418,Metizsport,Bebop,4,5,3,2,28350,32300,30450,27050,16300,26050,full,full,109309,9,Bebop,2,0
1903,"554ec4ef442f415e",10,66252,70418,67532,71777,75807,80570,76255,81049,Metizsport,Bebop,4,6,3,2,24950,24100,23750,27350,22750,12000,full,full,149355,1,Bebop,2,0
1904,"554ec4ef442f415e",11,76255,81049,77535,82407,85599,90977,86047,91456,Metizsport,Bebop,4,7,3,2,17600,30500,25300,27350,13100,13200,full,full,146060,1,Bebop,2,0
1905,"554ec4ef442f415e",12,88377,93934,89657,95288,95013,101005,97540,103689,Metizsport,Bebop,4,8,3,2,22600,36000,30400,27250,20100,14450,full,full,104028,9,Bebop,2,0
1906,"554ec4ef442f415e",13,97540,103689,99236,105492,102503,108964,102951,109437,Metizsport,Bebop,5,8,2,3,4000,4000,4450,4250,3450,3250,pistol,pistol,77605,9,Metizsport,2,0
1907,"554ec4ef442f415e",14,102951,109437,104231,110801,109956,116883,110404,117359,Metizsport,Bebop,6,8,2,3,18600,11350,20500,2600,17700,1800,full,eco,109545,9,Metizsport,2,0
1908,"554ec4ef442f415e",15,110404,117359,111684,118719,115006,122249,115454,122723,Metizsport,Bebop,6,9,2,3,18950,22650,24450,23400,12900,22400,full,full,71941,8,Bebop,3,0
1909,"554ec4ef442f415e",16,115454,122723,116734,124086,119001,126496,119449,126971,Metizsport,Bebop,6,10,2,3,13650,19050,6350,28850,5550,14850,semi,full,55508,8,Bebop,3,0
1910,"554ec4ef442f415e",17,119449,126971,120729,128332,125156,133037,125604,133510,Metizsport,Bebop,7,10,2,3,18500,23000,18400,29200,17900,16250,force-buy,full,89242,9,Metizsport,2,0
1911,"554ec4ef442f415e",18,125604,133510,126884,134874,132226,140548,132674,141025,Metizsport,Bebop,8,10,2,3,18650,15000,25500,14700,15150,14000,full,force-buy,103542,9,Metizsport,2,0
1912,"554ec4ef442f415e",19,132674,141025,133954,142383,138737,147466,139185,147945,Metizsport,Bebop,9,10,2,3,21850,11050,27150,2500,7400,1900,full,eco,94759,9,Metizsport,2,0
1913,"554ec4ef442f415e",20,139185,147945,140465,149302,147592,156878,148040,157354,Metizsport,Bebop,10,10,2,3,32500,21900,27450,22550,7900,21550,full,full,131421,1,Metizsport,2,0
1914,"554ec4ef442f415e",21,148040,157354,149320,158713,156327,166159,156775,166633,Metizsport,Bebop,10,11,2,3,43300,15400,27650,13450,8300,5650,full,semi,129538,8,Bebop,3,0
1915,"554ec4ef442f415e",22,156775,166633,158055,167996,162152,172349,162600,172829,Metizsport,Bebop,11,11,2,3,42300,28750,27250,31350,26950,13800,full,full,84093,9,Metizsport,2,0
1916,"554ec4ef442f415e",23,162600,172829,163880,174184,168896,179474,169344,179923,Metizsport,Bebop,12,11,2,3,33400,28600,25000,27250,15700,26250,full,full,97760,9,Metizsport,2,0
1917,"554ec4ef442f415e",24,169344,179923,170624,181203,174357,184937,174357,184937,Metizsport,Bebop,13,11,2,3,38050,18800,27950,18150,15450,17350,full,force-buy,73765,9,Metizsport,2,0
1938,"32379617abb31e8",1,736,818,2431,2619,4548,4869,4996,5349,Truck Drivers,BIG AC,0,1,3,2,4000,4000,3250,3250,0,0,pistol,pistol,59687,9,BIG AC,2,0
1939,"32379617abb31e8",4,6391,6831,7670,8188,12981,13831,13429,14308,BIG AC,Truck Drivers,0,2,3,2,4000,4000,5200,4200,3400,3400,force-buy,eco,103138,1,Truck Drivers,2,0
1940,"32379617abb31e8",5,13429,14308,14709,15667,19206,20450,19654,20926,BIG AC,Truck Drivers,0,3,3,2,11750,19600,12700,19500,11250,17750,force-buy,semi,90496,1,Truck Drivers,2,0
1941,"32379617abb31e8",6,19654,20926,20934,22286,24152,25702,24600,26183,BIG AC,Truck Drivers,1,3,3,2,13900,21150,9950,20900,2700,8300,semi,full,70370,8,BIG AC,3,0
1942,"32379617abb31e8",7,24600,26183,25880,27538,33958,36124,34406,36605,BIG AC,Truck Drivers,1,4,3,2,30200,20150,26500,20200,13850,19200,full,full,146471,1,Truck Drivers,2,0
1943,"32379617abb31e8",8,34406,36605,35686,37960,43726,46503,44174,46984,BIG AC,Truck Drivers,2,4,3,2,27500,19950,29400,24400,19900,15800,full,full,145838,7,BIG AC,3,0
1944,"32379617abb31e8",9,44174,46984,45454,48339,49238,52364,49686,52837,BIG AC,Truck Drivers,3,4,3,2,27950,15650,29400,3150,21750,2750,full,eco,79269,8,BIG AC,3,0
1945,"32379617abb31e8",10,49686,52837,50966,54201,59266,63019,59714,63498,BIG AC,Truck Drivers,4,4,3,2,25200,22400,31250,23150,5250,21750,full,full,150022,7,BIG AC,3,0
1946,"32379617abb31e8",11,59714,63498,60994,64855,68557,72897,69005,73372,BIG AC,Truck Drivers,4,5,3,2,40300,16950,30750,8250,23300,8050,full,semi,138485,1,Truck Drivers,2,0
1947,"32379617abb31e8",12,72011,76568,73291,77924,79979,85033,80427,85509,BIG AC,Truck Drivers,4,6,3,2,25650,28350,29050,28150,23950,18000,full,full,124724,9,Truck Drivers,2,0
1948,"32379617abb31e8",13,80427,85509,81707,86869,87237,92748,87685,93220,BIG AC,Truck Drivers,4,7,3,2,11200,28200,1800,28550,1200,4400,eco,full,106660,9,Truck Drivers,2,0
1949,"32379617abb31e8",14,87685,93220,88965,94585,94015,99948,94463,100427,BIG AC,Truck Drivers,4,8,3,2,22250,41850,23250,28550,22050,7000,full,full,99131,9,Truck Drivers,2,0
1950,"32379617abb31e8",15,94463,100427,95743,101804,101260,107671,103412,109955,BIG AC,Truck Drivers,5,8,3,2,16350,52700,16900,28350,16100,16000,force-buy,full,106733,8,BIG AC,3,0
1951,"32379617abb31e8",16,103412,109955,105108,111759,109424,116340,109872,116822,BIG AC,Truck Drivers,6,8,2,3,4000,4000,4750,4300,3350,3300,pistol,pistol,94077,9,BIG AC,2,0
1952,"32379617abb31e8",17,109872,116822,111152,118176,114553,121794,115001,122267,BIG AC,Truck Drivers,7,8,2,3,18700,12650,19250,3000,18250,2800,semi,eco,73257,9,BIG AC,2,0
1953,"32379617abb31e8",18,115001,122267,116281,123631,119441,126988,119889,127468,BIG AC,Truck Drivers,7,9,2,3,19400,22400,22350,23150,8000,22150,full,full,69559,8,Truck Drivers,3,0
1954,"32379617abb31e8",19,119889,127468,121169,128824,128023,136108,128471,136585,BIG AC,Truck Drivers,7,10,2,3,17900,18850,18050,28650,17450,6650,force-buy,full,127302,8,Truck Drivers,3,0
1955,"32379617abb31e8",20,128471,136585,129751,137943,131411,139712,131859,140184,BIG AC,Truck Drivers,7,11,2,3,10050,31200,1050,30450,50,9900,eco,full,46073,8,Truck Drivers,3,0
1956,"32379617abb31e8",21,131859,140184,133139,141548,140052,148895,140500,149367,BIG AC,Truck Drivers,8,11,2,3,22000,40300,22300,30450,21900,2000,full,full,128348,1,BIG AC,2,0
1957,"32379617abb31e8",22,140500,149367,141780,150731,144347,153455,144795,153933,BIG AC,Truck Drivers,8,12,2,3,19100,46750,23900,29050,14900,23850,full,full,60233,8,Truck Drivers,3,0
1958,"32379617abb31e8",23,147243,156532,148523,157896,152589,162176,153037,162624,BIG AC,Truck Drivers,8,13,2,3,13700,41700,6600,29650,6400,4800,semi,full,83159,8,Truck Drivers,3,0
1959,"32379617abb31e8",24,153037,162624,154317,163904,158080,167668,158080,167668,BIG AC,Truck Drivers,8,14,2,3,15150,52200,19950,29550,19250,10850,force-buy,full,74318,8,Truck Drivers,3,0
2043,"3a526c675e3b6b13",1,4062,4315,5757,6097,9937,10498,10385,10967,FC FAMALICÃO,MOUZ NXT,1,0,3,2,4000,4000,4000,4200,3400,3400,pistol,pistol,91849,7,FC FAMALICÃO,3,0
2044,"3a526c675e3b6b13",2,10385,10967,11665,12317,18528,19541,18976,20009,FC FAMALICÃO,MOUZ NXT,1,1,3,2,20600,14900,21550,16450,20350,14650,semi,force-buy,127367,1,MOUZ NXT,2,0
2045,"3a526c675e3b6b13",3,18976,20009,20256,21360,26416,27841,26864,28309,FC FAMALICÃO,MOUZ NXT,1,2,3,2,8350,19250,12250,22050,7950,12300,force-buy,full,116345,1,MOUZ NXT,2,0
2046,"3a526c675e3b6b13",4,26864,28309,28144,29659,33722,35528,34170,35996,FC FAMALICÃO,MOUZ NXT,1,3,3,2,11550,25950,6150,22550,1650,16000,semi,full,107239,1,MOUZ NXT,2,0
2047,"3a526c675e3b6b13",5,34170,35996,35450,37347,40863,43041,41311,43512,FC FAMALICÃO,MOUZ NXT,2,3,3,2,23000,28950,26250,25700,21350,12800,full,full,104654,8,FC FAMALICÃO,3,0
2048,"3a526c675e3b6b13",6,43231,45533,44511,46880,49223,51842,49671,52311,FC FAMALICÃO,MOUZ NXT,3,3,3,2,20250,24350,24700,21850,17200,21050,full,full,93721,7,FC FAMALICÃO,3,0
2049,"3a526c675e3b6b13",7,49671,52311,50951,53661,55867,58829,56315,59304,FC FAMALICÃO,MOUZ NXT,4,3,3,2,23400,17300,29150,10450,18200,9950,full,semi,96825,8,FC FAMALICÃO,3,0
2050,"3a526c675e3b6b13",8,56315,59304,57595,60647,64258,67662,64706,68130,FC FAMALICÃO,MOUZ NXT,5,3,3,2,24000,19950,30400,20750,14250,19750,full,full,124159,8,FC FAMALICÃO,3,0
2051,"3a526c675e3b6b13",9,66626,70150,67906,71500,70447,74172,70895,74645,FC FAMALICÃO,MOUZ NXT,6,3,3,2,28750,15600,29800,8450,18950,9050,full,semi,59747,8,FC FAMALICÃO,3,0
2052,"3a526c675e3b6b13",10,70895,74645,72175,75990,77570,81667,78018,82143,FC FAMALICÃO,MOUZ NXT,6,4,3,2,28200,24150,31000,24000,14200,23300,full,full,104312,1,MOUZ NXT,2,0
2053,"3a526c675e3b6b13",11,78018,82143,79298,83485,83308,87706,83756,88179,FC FAMALICÃO,MOUZ NXT,6,5,3,2,21000,19850,26850,27150,19950,4600,full,full,82639,9,MOUZ NXT,2,0
2054,"3a526c675e3b6b13",12,83756,88179,85036,89525,90803,95612,94700,99718,FC FAMALICÃO,MOUZ NXT,7,5,3,2,11450,33300,12050,28450,11050,14950,force-buy,full,110418,8,FC FAMALICÃO,3,0
2055,"3a526c675e3b6b13",13,94700,99718,96396,101499,100956,106296,101404,106770,FC FAMALICÃO,MOUZ NXT,7,6,2,3,4000,4000,4950,4300,3450,3300,pistol,pistol,97717,7,MOUZ NXT,3,0
2056,"3a526c675e3b6b13",14,101404,106770,102684,108114,103809,109300,104257,109771,FC FAMALICÃO,MOUZ NXT,7,7,2,3,13950,21250,15150,23350,13850,20550,force-buy,full,37583,8,MOUZ NXT,3,0
2057,"3a526c675e3b6b13",15,104257,109771,105537,111117,108837,114588,109285,115064,FC FAMALICÃO,MOUZ NXT,7,8,2,3,12400,19700,3300,25050,3300,7500,eco,full,71557,8,MOUZ NXT,3,0
2058,"3a526c675e3b6b13",16,109285,115064,110565,116406,114860,120931,115308,121401,FC FAMALICÃO,MOUZ NXT,8,8,2,3,23900,31800,24400,30350,23700,11450,full,full,87155,9,FC FAMALICÃO,2,0
2059,"3a526c675e3b6b13",17,115308,121401,116588,122750,123478,129999,123926,130471,FC FAMALICÃO,MOUZ NXT,9,8,2,3,18250,29000,23700,28500,15450,27500,full,full,127724,9,FC FAMALICÃO,2,0
2060,"3a526c675e3b6b13",18,123926,130471,125206,131817,132357,139344,132805,139812,FC FAMALICÃO,MOUZ NXT,10,8,2,3,20850,12650,25200,1800,16400,1200,full,eco,131809,1,FC FAMALICÃO,2,0
2061,"3a526c675e3b6b13",19,135096,142223,136376,143573,142406,149915,142854,150386,FC FAMALICÃO,MOUZ NXT,10,9,2,3,22850,24550,24900,26100,13250,19100,full,full,114265,7,MOUZ NXT,3,0
2062,"3a526c675e3b6b13",20,142854,150386,144134,151733,151140,159109,151588,159579,FC FAMALICÃO,MOUZ NXT,10,10,2,3,20800,25800,20850,29650,20350,19000,full,full,129581,8,MOUZ NXT,3,0
2063,"3a526c675e3b6b13",21,153750,161852,155030,163202,156698,164956,157146,165428,FC FAMALICÃO,MOUZ NXT,10,11,2,3,10850,25800,1100,28100,300,16450,eco,full,46110,8,MOUZ NXT,3,0
2064,"3a526c675e3b6b13",22,157146,165428,158426,166774,163093,171686,163541,172154,FC FAMALICÃO,MOUZ NXT,10,12,2,3,22850,27750,22900,29650,22000,7100,full,full,92963,8,MOUZ NXT,3,0
2065,"3a526c675e3b6b13",23,163541,172154,164821,173504,168952,177636,168952,177636,FC FAMALICÃO,MOUZ NXT,10,13,2,3,19150,36150,15900,29950,15300,20650,force-buy,full,81435,8,MOUZ NXT,3,0
2081,"7d8dd11b1c0c3898",1,358,412,3969,4212,5448,5771,5896,6239,paiN Gaming,HEROIC,1,0,3,2,4000,4000,4950,4350,3450,3350,pistol,pistol,79585,8,paiN Gaming,3,0
2082,"7d8dd11b1c0c3898",2,5896,6239,7176,7589,11811,12466,12259,12936,paiN Gaming,HEROIC,2,0,3,2,19550,10750,21900,1100,19400,300,semi,eco,92476,8,paiN Gaming,3,0
2083,"7d8dd11b1c0c3898",3,12259,12936,13539,14284,17926,18902,18374,19370,paiN Gaming,HEROIC,2,1,3,2,19150,22450,26000,23200,6000,22200,full,full,88600,9,HEROIC,2,0
2084,"7d8dd11b1c0c3898",4,18374,19370,19654,20721,29127,30686,29575,31161,paiN Gaming,HEROIC,2,2,3,2,22350,18300,23050,22100,22050,17000,full,full,168052,1,HEROIC,2,0
2085,"7d8dd11b1c0c3898",5,29575,31161,30855,32505,36035,37956,36483,38430,paiN Gaming,HEROIC,2,3,3,2,12100,20300,5050,23000,1250,18000,semi,full,100911,9,HEROIC,2,0
2086,"7d8dd11b1c0c3898",6,36483,38430,37763,39774,45123,47522,45571,47994,paiN Gaming,HEROIC,3,3,3,2,22850,20350,23900,23500,22400,4600,full,full,135024,12,paiN Gaming,3,0
2087,"7d8dd11b1c0c3898",7,45571,47994,46851,49341,51444,54173,51892,54647,paiN Gaming,HEROIC,4,3,3,2,18900,21950,26800,23800,14000,19800,full,full,91763,8,paiN Gaming,3,0
2088,"7d8dd11b1c0c3898",8,51892,54647,53172,55991,57190,60218,57638,60695,paiN Gaming,HEROIC,5,3,3,2,23900,11950,27400,1000,10200,0,full,eco,82734,8,paiN Gaming,3,0
2089,"7d8dd11b1c0c3898",9,57638,60695,58918,62037,65303,68761,65751,69230,paiN Gaming,HEROIC,5,4,3,2,32700,24550,29850,25650,14950,24250,full,full,119787,9,HEROIC,2,0
2090,"7d8dd11b1c0c3898",10,65751,69230,67031,70579,73644,77535,74092,78006,paiN Gaming,HEROIC,5,5,3,2,25650,18150,25850,27350,24850,12800,full,full,123336,9,HEROIC,2,0
2091,"7d8dd11b1c0c3898",11,74092,78006,75372,79353,80043,84268,80491,84743,paiN Gaming,HEROIC,5,6,3,2,12300,23200,1800,26850,1200,20000,eco,full,92996,9,HEROIC,2,0
2092,"7d8dd11b1c0c3898",12,80491,84743,81771,86087,88250,92904,88794,93489,paiN Gaming,HEROIC,6,6,3,2,23100,21250,23700,28450,22700,4100,full,full,121198,8,paiN Gaming,3,0
2093,"7d8dd11b1c0c3898",13,88794,93489,101534,106901,106266,111884,106714,112352,paiN Gaming,HEROIC,6,7,2,3,4000,4000,4250,4200,3450,3400,pistol,pistol,273181,7,HEROIC,3,0
2094,"7d8dd11b1c0c3898",14,106714,112352,107994,113703,111764,117670,112212,118142,paiN Gaming,HEROIC,6,8,2,3,14250,21150,2700,23000,2300,21050,eco,full,78976,8,HEROIC,3,0
2095,"7d8dd11b1c0c3898",15,112212,118142,113492,119488,117137,123324,117585,123796,paiN Gaming,HEROIC,7,8,2,3,24250,19100,24200,28400,23400,9550,full,full,76957,9,paiN Gaming,2,0
2096,"7d8dd11b1c0c3898",16,117585,123796,118865,125142,124318,130881,124766,131349,paiN Gaming,HEROIC,8,8,2,3,18900,17100,25400,17900,8400,16600,full,force-buy,105218,1,paiN Gaming,2,0
2097,"7d8dd11b1c0c3898",17,124766,131349,126046,132699,132501,139492,132949,139964,paiN Gaming,HEROIC,9,8,2,3,29500,11650,26650,6450,17950,300,full,semi,120930,9,paiN Gaming,2,0
2098,"7d8dd11b1c0c3898",18,135066,142192,136346,143539,143624,151196,144072,151670,paiN Gaming,HEROIC,10,8,2,3,29600,23900,27350,24950,8500,23550,full,full,133717,9,paiN Gaming,2,0
2099,"7d8dd11b1c0c3898",19,144072,151670,145352,153014,150528,158461,150976,158936,paiN Gaming,HEROIC,11,8,2,3,38950,16500,27350,7950,16850,7750,full,semi,100852,1,paiN Gaming,2,0
2100,"7d8dd11b1c0c3898",20,150976,158936,152256,160279,157260,165546,157708,166020,paiN Gaming,HEROIC,11,9,2,3,40200,25750,27650,28200,2600,22500,full,full,98164,8,HEROIC,3,0
2101,"7d8dd11b1c0c3898",21,157708,166020,158988,167365,167336,176150,167784,176618,paiN Gaming,HEROIC,11,10,2,3,44900,22350,27150,30700,26450,9550,full,full,150439,7,HEROIC,3,0
2102,"7d8dd11b1c0c3898",22,167784,176618,169064,177969,171145,180160,171593,180628,paiN Gaming,HEROIC,12,10,2,3,32150,33350,27050,30650,26350,18900,full,full,52601,9,paiN Gaming,2,0
2103,"7d8dd11b1c0c3898",23,171593,180628,172873,181979,180233,189720,180681,190194,paiN Gaming,HEROIC,12,11,2,3,23150,27550,27350,28100,10600,26900,full,full,135024,12,HEROIC,3,0
2104,"7d8dd11b1c0c3898",24,182884,192512,184164,193860,191524,201604,192069,202180,paiN Gaming,HEROIC,12,12,2,3,18250,19100,22750,31400,17650,15400,full,full,135024,12,HEROIC,3,0
2105,"7d8dd11b1c0c3898",25,192069,202180,193765,203964,200732,211294,201180,211762,paiN Gaming,HEROIC,12,13,2,3,62500,62500,27050,29350,26650,28350,full,full,135350,8,HEROIC,3,1
2106,"7d8dd11b1c0c3898",26,203296,213988,204576,215339,212040,223195,212488,223663,paiN Gaming,HEROIC,12,14,2,3,45650,52950,26950,31350,26450,16150,full,full,136732,7,HEROIC,3,1
2107,"7d8dd11b1c0c3898",27,212488,223663,213768,225013,215441,226773,215985,227355,paiN Gaming,HEROIC,12,15,2,3,35700,57350,27950,32050,28350,36350,full,full,46186,8,HEROIC,3,1
2108,"7d8dd11b1c0c3898",28,215985,227355,217681,229149,224079,235882,224527,236357,paiN Gaming,HEROIC,13,15,3,2,62500,62500,30500,25200,30100,24200,full,full,126633,7,paiN Gaming,3,1
2109,"7d8dd11b1c0c3898",29,224527,236357,225807,237700,232595,244847,233043,245315,paiN Gaming,HEROIC,14,15,3,2,52750,52300,30800,25500,26350,25000,full,full,126083,8,paiN Gaming,3,1
2110,"7d8dd11b1c0c3898",30,235100,247483,236380,248828,239418,252022,239418,252022,paiN Gaming,HEROIC,14,16,3,2,27750,30000,31650,27750,24450,28050,full,full,67408,9,HEROIC,2,1
2166,"13d728b6b0876092",1,1018,1109,14555,15349,19103,20137,19423,20478,MORNING STAR,EGG GAMING,0,1,3,2,4000,4000,4150,4300,3550,3300,pistol,pistol,282428,9,EGG GAMING,2,0
2167,"13d728b6b0876092",2,19423,20478,20703,21817,25446,26810,25766,27150,MORNING STAR,EGG GAMING,0,2,3,2,10500,18750,1000,18700,0,16600,eco,semi,93984,1,EGG GAMING,2,0
2168,"13d728b6b0876092",3,25766,27150,27046,28492,29362,30930,29682,31266,MORNING STAR,EGG GAMING,1,2,3,2,23600,21450,23650,23250,21400,10450,full,full,56105,8,MORNING STAR,3,0
2169,"13d728b6b0876092",4,29682,31266,30962,32615,34050,35863,34370,36199,MORNING STAR,EGG GAMING,1,3,3,2,21500,18300,26200,16900,10100,16300,full,semi,68232,9,EGG GAMING,2,0
2170,"13d728b6b0876092",5,34370,36199,35650,37542,40577,42730,40897,43066,MORNING STAR,EGG GAMING,2,3,3,2,22300,19350,23050,26550,22000,13900,full,full,96938,8,MORNING STAR,3,0
2171,"13d728b6b0876092",6,40897,43066,42177,44408,49385,51998,49705,52331,MORNING STAR,EGG GAMING,2,4,3,2,19300,12850,27650,12050,15350,11650,full,force-buy,132575,9,EGG GAMING,2,0
2172,"13d728b6b0876092",7,49705,52331,50985,53677,58186,61257,58506,61590,MORNING STAR,EGG GAMING,3,4,3,2,13150,19250,1000,21650,0,16900,eco,full,132486,8,MORNING STAR,3,0
2173,"13d728b6b0876092",8,58506,61590,59786,62938,64207,67590,64527,67928,MORNING STAR,EGG GAMING,3,5,3,2,31950,10250,30050,7400,23650,7400,full,semi,89056,9,EGG GAMING,2,0
2174,"13d728b6b0876092",9,64527,67928,65807,69269,70226,73919,70546,74259,MORNING STAR,EGG GAMING,3,6,3,2,16200,20600,16350,26400,15550,13600,force-buy,full,88923,9,EGG GAMING,2,0
2175,"13d728b6b0876092",10,70546,74259,71826,75606,77667,81750,77987,82090,MORNING STAR,EGG GAMING,3,7,3,2,10700,25050,1000,29250,0,9650,eco,full,111187,1,EGG GAMING,2,0
2176,"13d728b6b0876092",11,77987,82090,79267,83431,85256,89737,85576,90070,MORNING STAR,EGG GAMING,4,7,3,2,22950,34100,23500,29050,22500,8400,full,full,113502,8,MORNING STAR,3,0
2177,"13d728b6b0876092",12,85576,90070,86856,91418,95565,100579,99053,104265,MORNING STAR,EGG GAMING,5,7,3,2,19450,33200,28100,27450,17650,27050,full,full,155982,7,MORNING STAR,3,0
2178,"13d728b6b0876092",13,99053,104265,109932,115720,112309,118221,112629,118559,MORNING STAR,EGG GAMING,5,8,2,3,4000,4000,5000,4000,3300,3400,pistol,pistol,207145,8,EGG GAMING,3,0
2179,"13d728b6b0876092",14,112629,118559,113909,119899,119422,125704,119742,126043,MORNING STAR,EGG GAMING,5,9,2,3,10800,19600,1200,21550,200,18150,eco,semi,106051,8,EGG GAMING,3,0
2180,"13d728b6b0876092",15,119742,126043,121022,127382,123584,130085,123904,130416,MORNING STAR,EGG GAMING,5,10,2,3,22900,20750,23600,25350,22400,10150,full,full,59994,8,EGG GAMING,3,0
2181,"13d728b6b0876092",16,123904,130416,125184,131763,131114,138005,131434,138342,MORNING STAR,EGG GAMING,6,10,2,3,15300,30000,8200,29350,8200,11400,semi,full,112641,9,MORNING STAR,2,0
2182,"13d728b6b0876092",17,134489,141553,135769,142899,144477,152064,144797,152399,MORNING STAR,EGG GAMING,7,10,2,3,24950,27800,27650,26900,21200,25900,full,full,156012,1,MORNING STAR,2,0
2183,"13d728b6b0876092",18,144797,152399,146077,153748,151596,159555,151916,159888,MORNING STAR,EGG GAMING,7,11,2,3,22250,11750,27450,10550,9300,1500,full,semi,106214,8,EGG GAMING,3,0
2184,"13d728b6b0876092",19,151916,159888,153196,161236,157957,166249,158277,166580,MORNING STAR,EGG GAMING,7,12,2,3,22750,29250,23700,29850,22500,12700,full,full,94414,8,EGG GAMING,3,0
2185,"13d728b6b0876092",20,160952,169392,162232,170743,166146,174859,166146,174859,MORNING STAR,EGG GAMING,7,13,2,3,15250,34100,13800,30350,12700,19200,force-buy,full,81145,8,EGG GAMING,3,0
2441,"7f742621512ab5d3",1,333,385,4511,4784,7247,7660,7695,8137,Gentle Mates,Liquid,1,0,3,2,4000,4000,4450,4250,3550,3450,pistol,pistol,108067,8,Gentle Mates,3,0
2442,"7f742621512ab5d3",2,7695,8137,8975,9479,14256,15041,14704,15509,Gentle Mates,Liquid,2,0,3,2,19450,10950,20800,1500,19100,700,semi,eco,102556,8,Gentle Mates,3,0
2443,"7f742621512ab5d3",3,14704,15509,15984,16860,20589,21706,21037,22174,Gentle Mates,Liquid,2,1,3,2,19650,22550,27550,23200,10600,22000,full,full,92053,9,Liquid,2,0
2444,"7f742621512ab5d3",4,21037,22174,22317,23524,27979,29478,28427,29954,Gentle Mates,Liquid,2,2,3,2,17150,18600,17700,24800,16900,12800,force-buy,full,108497,1,Liquid,2,0
2445,"7f742621512ab5d3",5,31018,32678,32298,34028,34517,36357,34965,36835,Gentle Mates,Liquid,2,3,3,2,10600,23900,14800,25100,0,8700,semi,full,54650,9,Liquid,2,0
2446,"7f742621512ab5d3",6,34965,36835,36245,38176,42246,44496,42694,44967,Gentle Mates,Liquid,3,3,3,2,23700,33250,24650,25300,22850,12300,full,full,113801,8,Gentle Mates,3,0
2447,"7f742621512ab5d3",7,42694,44967,43974,46314,49255,51869,49703,52339,Gentle Mates,Liquid,3,4,3,2,19650,28250,29250,26650,10250,25650,full,full,102526,9,Liquid,2,0
2448,"7f742621512ab5d3",8,49703,52339,50983,53688,57120,60146,57568,60615,Gentle Mates,Liquid,4,4,3,2,19800,19950,21400,27250,19400,12700,force-buy,full,115969,8,Gentle Mates,3,0
2449,"7f742621512ab5d3",9,60294,63488,61574,64832,65129,68577,65577,69046,Gentle Mates,Liquid,5,4,3,2,20100,14850,28300,3000,16000,2600,full,eco,75595,8,Gentle Mates,3,0
2450,"7f742621512ab5d3",10,65577,69046,66857,70396,71848,75648,72296,76116,Gentle Mates,Liquid,5,5,3,2,23800,21750,29800,21700,4400,20900,full,full,98070,9,Liquid,2,0
2451,"7f742621512ab5d3",11,72296,76116,73576,77467,78358,82499,78806,82968,Gentle Mates,Liquid,5,6,3,2,28400,18900,26900,23950,25900,16500,full,full,94816,1,Liquid,2,0
2452,"7f742621512ab5d3",12,80965,85238,82245,86588,89698,94433,90242,95017,Gentle Mates,Liquid,6,6,3,2,12000,20500,29650,27850,10300,8750,full,full,136587,7,Gentle Mates,3,0
2453,"7f742621512ab5d3",13,90242,95017,103132,108589,107213,112881,107660,113357,Gentle Mates,Liquid,6,7,2,3,4000,4000,4600,4150,3500,3550,pistol,pistol,265362,8,Liquid,3,0
2454,"7f742621512ab5d3",14,107660,113357,108940,114699,110814,116673,111262,117143,Gentle Mates,Liquid,6,8,2,3,10300,19450,1000,21250,0,18900,eco,semi,49257,8,Liquid,3,0
2455,"7f742621512ab5d3",15,111262,117143,112542,118492,119902,126236,120350,126712,Gentle Mates,Liquid,6,9,2,3,22300,19550,22400,25750,21700,5500,full,full,135072,12,Liquid,3,0
2456,"7f742621512ab5d3",16,122961,129454,124241,130804,132136,139111,132584,139582,Gentle Mates,Liquid,6,10,2,3,12800,32500,9750,29350,5850,17250,semi,full,143450,7,Liquid,3,0
2457,"7f742621512ab5d3",17,132584,139582,133864,140929,139431,146788,139879,147259,Gentle Mates,Liquid,6,11,2,3,28150,35800,26650,30150,25650,18100,full,full,107042,8,Liquid,3,0
2458,"7f742621512ab5d3",18,139879,147259,141159,148606,147053,154812,147501,155280,Gentle Mates,Liquid,7,11,2,3,20100,36300,20450,32600,19750,14800,full,full,112196,1,Gentle Mates,2,0
2459,"7f742621512ab5d3",19,147501,155280,148781,156630,154722,162883,155170,163351,Gentle Mates,Liquid,7,12,2,3,19050,30150,26300,32150,15700,20100,full,full,112939,8,Liquid,3,0
2460,"7f742621512ab5d3",20,155170,163351,156450,164701,160783,169255,161231,169732,Gentle Mates,Liquid,8,12,2,3,19050,28850,19800,29850,18800,21800,force-buy,full,87701,9,Gentle Mates,2,0
2461,"7f742621512ab5d3",21,161231,169732,162511,171074,167313,176127,167761,176604,Gentle Mates,Liquid,9,12,2,3,18300,15150,26100,2450,11750,2050,full,eco,94995,1,Gentle Mates,2,0
2462,"7f742621512ab5d3",22,170702,179697,171982,181046,174049,183217,174049,183217,Gentle Mates,Liquid,9,13,2,3,22700,19950,27750,25300,13550,21500,full,full,52288,8,Liquid,3,0
2479,"698ae7f08e02241e",1,86,128,1781,1913,4058,4311,4378,4642,HereWeGoAgain,ELITES,1,0,3,2,4000,4000,4250,5150,3250,3350,pistol,pistol,62029,8,HereWeGoAgain,3,0
2480,"698ae7f08e02241e",2,4378,4642,5658,5990,6917,7316,7237,7649,HereWeGoAgain,ELITES,2,0,3,2,19750,10150,22650,1000,19400,0,full,eco,39652,8,HereWeGoAgain,3,0
2481,"698ae7f08e02241e",3,7237,7649,8517,9000,13590,14334,13910,14674,HereWeGoAgain,ELITES,2,1,3,2,19350,22750,26350,23100,12850,22400,full,full,99130,9,ELITES,2,0
2482,"698ae7f08e02241e",4,16959,17884,18239,19230,23282,24539,23602,24873,HereWeGoAgain,ELITES,3,1,3,2,15700,18400,16150,20600,15550,15800,force-buy,full,98685,8,HereWeGoAgain,3,0
2483,"698ae7f08e02241e",5,23602,24873,24882,26219,27757,29245,28077,29585,HereWeGoAgain,ELITES,4,1,3,2,19150,12100,29050,2600,8250,2400,full,eco,64831,8,HereWeGoAgain,3,0
2484,"698ae7f08e02241e",6,28077,29585,29357,30927,33567,35356,33887,35695,HereWeGoAgain,ELITES,5,1,3,2,29700,21700,29450,21550,2800,21150,full,full,85577,7,HereWeGoAgain,3,0
2485,"698ae7f08e02241e",7,33887,35695,35167,37046,37438,39433,37758,39767,HereWeGoAgain,ELITES,6,1,3,2,47250,19550,30650,10100,22300,10800,full,semi,55430,8,HereWeGoAgain,3,0
2486,"698ae7f08e02241e",8,37758,39767,39038,41118,44077,46418,44397,46758,HereWeGoAgain,ELITES,7,1,3,2,43750,26350,29900,24300,12250,23300,full,full,98626,8,HereWeGoAgain,3,0
2487,"698ae7f08e02241e",9,44397,46758,45677,48100,48399,50968,48719,51300,HereWeGoAgain,ELITES,8,1,3,2,50100,20650,30850,20500,13800,19800,full,full,62429,8,HereWeGoAgain,3,0
2488,"698ae7f08e02241e",10,51583,54315,52863,55665,54956,57869,55276,58202,HereWeGoAgain,ELITES,9,1,3,2,55300,19050,30350,8600,24750,8900,full,semi,52701,8,HereWeGoAgain,3,0
2489,"698ae7f08e02241e",11,55276,58202,56556,59549,59360,62504,59680,62835,HereWeGoAgain,ELITES,10,1,3,2,49350,27750,33600,26350,14550,25350,full,full,63793,8,HereWeGoAgain,3,0
2490,"698ae7f08e02241e",12,59680,62835,60960,64183,64365,67769,64909,68353,HereWeGoAgain,ELITES,11,1,3,2,53400,19400,34950,19900,30200,19100,full,force-buy,73165,7,HereWeGoAgain,3,0
2491,"698ae7f08e02241e",13,64909,68353,66605,70150,67933,71547,68253,71878,HereWeGoAgain,ELITES,11,2,2,3,4000,4000,4250,4250,3250,3250,pistol,pistol,47363,8,ELITES,3,0
2492,"698ae7f08e02241e",14,68253,71878,69533,73228,72592,76447,72912,76784,HereWeGoAgain,ELITES,11,3,2,3,10550,19750,3300,22400,3300,19450,eco,semi,67752,8,ELITES,3,0
2493,"698ae7f08e02241e",15,72912,76784,74192,78128,77100,81189,77420,81527,HereWeGoAgain,ELITES,12,3,2,3,19550,19300,20000,28000,19300,10500,full,full,65321,9,HereWeGoAgain,2,0
2494,"698ae7f08e02241e",16,77420,81527,78700,82876,82307,86670,82627,87004,HereWeGoAgain,ELITES,12,4,2,3,18000,17450,22650,19350,14050,17250,full,force-buy,76264,7,ELITES,3,0
2495,"698ae7f08e02241e",17,82627,87004,83907,88354,87208,91826,87208,91826,HereWeGoAgain,ELITES,13,4,2,3,18750,11850,18150,26100,17550,16500,force-buy,full,71504,9,HereWeGoAgain,2,0
2533,"8cf67a76a7e8baf5",1,997,1088,2691,2868,5315,5627,5763,6101,STATE ESPORT,Johnny Speeds,1,0,3,2,4000,4000,4300,4650,3300,3350,pistol,pistol,67382,7,STATE ESPORT,3,0
2534,"8cf67a76a7e8baf5",2,5763,6101,7043,7445,8998,9503,9446,9979,STATE ESPORT,Johnny Speeds,2,0,3,2,21250,14050,24100,15350,20900,13850,full,force-buy,50503,8,STATE ESPORT,3,0
2535,"8cf67a76a7e8baf5",3,9446,9979,10726,11320,16337,17229,16785,17699,STATE ESPORT,Johnny Speeds,3,0,3,2,19350,12500,28200,3000,8800,2800,full,eco,107627,8,STATE ESPORT,3,0
2536,"8cf67a76a7e8baf5",4,16785,17699,18065,19047,24676,26002,25124,26472,STATE ESPORT,Johnny Speeds,3,1,3,2,29550,24200,29700,25600,4300,24000,full,full,123259,9,Johnny Speeds,2,0
2537,"8cf67a76a7e8baf5",5,25124,26472,26404,27819,31585,33272,32033,33742,STATE ESPORT,Johnny Speeds,4,1,3,2,34450,17950,29500,20900,28500,15800,full,full,100947,7,STATE ESPORT,3,0
2538,"8cf67a76a7e8baf5",6,32033,33742,33313,35090,40496,42649,40944,43123,STATE ESPORT,Johnny Speeds,4,2,3,2,26300,18350,29950,8550,17600,8550,full,semi,132226,1,Johnny Speeds,2,0
2539,"8cf67a76a7e8baf5",7,40944,43123,42224,44467,46298,48759,46746,49227,STATE ESPORT,Johnny Speeds,4,3,3,2,17700,28400,21750,27250,16650,20800,force-buy,full,83667,9,Johnny Speeds,2,0
2540,"8cf67a76a7e8baf5",8,46746,49227,48026,50576,54307,57181,54755,57657,STATE ESPORT,Johnny Speeds,4,4,3,2,11100,24950,1000,27650,0,7600,eco,full,118078,9,Johnny Speeds,2,0
2541,"8cf67a76a7e8baf5",9,56824,59830,58104,61176,65464,68923,65912,69396,STATE ESPORT,Johnny Speeds,5,4,3,2,23650,35400,24650,27650,23350,9300,full,full,134987,12,STATE ESPORT,3,0
2542,"8cf67a76a7e8baf5",10,68642,72266,69922,73617,77754,81856,78202,82329,STATE ESPORT,Johnny Speeds,6,4,3,2,19300,32700,26150,27250,17950,26550,full,full,142365,7,STATE ESPORT,3,0
2543,"8cf67a76a7e8baf5",11,78202,82329,79482,83673,87565,92181,88013,92651,STATE ESPORT,Johnny Speeds,7,4,3,2,21700,19950,26200,20750,18400,19650,full,full,146254,7,STATE ESPORT,3,0
2544,"8cf67a76a7e8baf5",12,92923,97818,94203,99163,97773,102924,98317,103508,STATE ESPORT,Johnny Speeds,8,4,3,2,23650,16300,31150,16850,22950,16050,full,force-buy,75799,8,STATE ESPORT,3,0
2545,"8cf67a76a7e8baf5",13,98317,103508,100013,105303,102064,107457,102512,107932,STATE ESPORT,Johnny Speeds,8,5,2,3,4000,4000,4300,4250,3300,3250,pistol,pistol,58623,8,Johnny Speeds,3,0
2546,"8cf67a76a7e8baf5",14,102512,107932,103792,109276,106242,111853,106690,112326,STATE ESPORT,Johnny Speeds,8,6,2,3,10800,19750,3500,19100,700,16800,eco,semi,58208,8,Johnny Speeds,3,0
2547,"8cf67a76a7e8baf5",15,106690,112326,107970,113671,112702,118654,113150,119122,STATE ESPORT,Johnny Speeds,8,7,2,3,22400,21950,23000,29750,22000,11450,full,full,93940,8,Johnny Speeds,3,0
2548,"8cf67a76a7e8baf5",16,113150,119122,114430,120472,117639,123848,118087,124320,STATE ESPORT,Johnny Speeds,8,8,2,3,15200,29500,6250,29750,6050,10200,semi,full,70158,7,Johnny Speeds,3,0
2549,"8cf67a76a7e8baf5",17,118087,124320,119367,125666,126586,133260,127034,133733,STATE ESPORT,Johnny Speeds,9,8,2,3,30050,39650,27250,30450,26250,12500,full,full,132716,1,STATE ESPORT,2,0
2550,"8cf67a76a7e8baf5",18,127034,133733,128314,135079,133066,140082,133514,140550,STATE ESPORT,Johnny Speeds,9,9,2,3,23100,35600,26150,28600,15700,27600,full,full,94252,8,Johnny Speeds,3,0
2551,"8cf67a76a7e8baf5",19,135874,143035,137154,144380,141572,149029,142020,149503,STATE ESPORT,Johnny Speeds,9,10,2,3,22200,26800,21900,29700,20500,11600,full,full,88982,7,Johnny Speeds,3,0
2552,"8cf67a76a7e8baf5",20,142020,149503,143300,150847,149339,157206,149787,157676,STATE ESPORT,Johnny Speeds,10,10,2,3,22900,35550,24250,29950,22550,18000,full,full,114352,1,STATE ESPORT,2,0
2553,"8cf67a76a7e8baf5",21,151791,159783,153071,161130,159479,167874,159927,168348,STATE ESPORT,Johnny Speeds,11,10,2,3,18250,24550,27050,30350,5800,9800,full,full,120112,1,STATE ESPORT,2,0
2554,"8cf67a76a7e8baf5",22,162343,170886,163623,172234,169396,178309,169844,178780,STATE ESPORT,Johnny Speeds,11,11,2,3,31150,25600,27250,29850,15700,17200,full,full,110195,7,Johnny Speeds,3,0
2555,"8cf67a76a7e8baf5",23,169844,178780,171124,180127,178484,187872,178932,188347,STATE ESPORT,Johnny Speeds,11,12,2,3,31050,28950,26750,30350,25750,9500,full,full,134972,12,Johnny Speeds,3,0
2556,"8cf67a76a7e8baf5",24,178932,188347,180212,189689,185687,195453,185687,195453,STATE ESPORT,Johnny Speeds,11,13,2,3,18900,45400,24350,31150,12700,9200,full,full,105490,8,Johnny Speeds,3,0
2666,c4f4da42623b2204,1,1018,1109,3686,3916,8128,8590,8448,8926,THE HUNS,TEAM XDM,0,1,3,2,4000,4000,4250,4300,3250,3300,pistol,pistol,111029,9,TEAM XDM,2,0
2667,c4f4da42623b2204,2,8448,8926,12138,12810,17709,18672,18029,19005,THE HUNS,TEAM XDM,0,2,3,2,11350,18750,1200,19350,200,17050,eco,semi,144644,1,TEAM XDM,2,0
2668,c4f4da42623b2204,3,18029,19005,19309,20351,24858,26191,25178,26531,THE HUNS,TEAM XDM,0,3,3,2,24250,21000,25050,24550,23650,14250,full,full,106650,9,TEAM XDM,2,0
2669,c4f4da42623b2204,4,25178,26531,32403,34126,36694,38647,37014,38978,THE HUNS,TEAM XDM,1,3,3,2,15650,24300,6100,27450,5700,9100,semi,full,179819,8,THE HUNS,3,0
2670,c4f4da42623b2204,5,37014,38978,38294,40326,46800,49275,47120,49615,THE HUNS,TEAM XDM,2,3,3,2,28950,22800,30000,22650,16250,21850,full,full,152822,7,THE HUNS,3,0
2671,c4f4da42623b2204,6,47120,49615,48400,50961,51341,54055,51661,54393,THE HUNS,TEAM XDM,3,3,3,2,32850,14250,30150,9450,17800,9450,full,semi,65896,8,THE HUNS,3,0
2672,c4f4da42623b2204,7,51661,54393,52941,55733,55978,58931,56298,59271,THE HUNS,TEAM XDM,4,3,3,2,33850,16900,30050,7050,13800,7050,full,semi,67350,8,THE HUNS,3,0
2673,c4f4da42623b2204,8,56298,59271,57578,60612,61727,64980,62047,65320,THE HUNS,TEAM XDM,5,3,3,2,38650,25450,30950,24500,9400,23500,full,full,84729,7,THE HUNS,3,0
2674,c4f4da42623b2204,9,62047,65320,63327,66659,67021,70551,67341,70883,THE HUNS,TEAM XDM,5,4,3,2,49600,23450,29950,24050,22000,23050,full,full,77635,9,TEAM XDM,2,0
2675,c4f4da42623b2204,10,67341,70883,68621,72232,76629,80661,76949,80993,THE HUNS,TEAM XDM,5,5,3,2,36250,17950,28150,23800,27550,13800,full,full,145119,9,TEAM XDM,2,0
2676,c4f4da42623b2204,11,76949,80993,78229,82341,81379,85654,81699,85992,THE HUNS,TEAM XDM,6,5,3,2,19600,22000,19350,23800,18850,18800,force-buy,full,69176,8,THE HUNS,3,0
2677,c4f4da42623b2204,12,81699,85992,82979,87340,88758,93421,92246,97100,THE HUNS,TEAM XDM,6,6,3,2,19750,15800,27600,15700,15300,15300,full,force-buy,110257,9,TEAM XDM,2,0
2678,c4f4da42623b2204,13,92246,97100,102665,108067,105983,111560,106303,111896,THE HUNS,TEAM XDM,6,7,2,3,4000,4000,4250,4200,3450,3400,pistol,pistol,214607,8,TEAM XDM,3,0
2679,c4f4da42623b2204,14,106303,111896,107583,113245,111002,116842,111322,117174,THE HUNS,TEAM XDM,6,8,2,3,10350,19600,1550,19950,750,17250,eco,semi,73405,8,TEAM XDM,3,0
2680,c4f4da42623b2204,15,111322,117174,112602,118523,120198,126516,120518,126851,THE HUNS,TEAM XDM,7,8,2,3,21600,21950,22500,22950,21500,5800,full,full,138648,9,THE HUNS,2,0
2681,c4f4da42623b2204,16,120518,126851,121798,128199,128790,135553,129110,135893,THE HUNS,TEAM XDM,8,8,2,3,18150,23150,25100,24600,5000,22300,full,full,129150,9,THE HUNS,2,0
2682,c4f4da42623b2204,17,129110,135893,130390,137238,136209,143362,136529,143698,THE HUNS,TEAM XDM,9,8,2,3,31200,10350,27350,1300,3800,500,full,eco,110850,9,THE HUNS,2,0
2683,c4f4da42623b2204,18,136529,143698,137809,145040,141810,149252,142130,149593,THE HUNS,TEAM XDM,9,9,2,3,45150,21550,27250,22200,4400,21200,full,force-buy,82429,7,TEAM XDM,3,0
2684,c4f4da42623b2204,19,142130,149593,143410,150934,149463,157306,149783,157644,THE HUNS,TEAM XDM,9,10,2,3,51650,20900,27250,29050,26550,14200,full,full,114472,8,TEAM XDM,3,0
2685,c4f4da42623b2204,20,149783,157644,151063,158985,159401,167765,159721,168096,THE HUNS,TEAM XDM,9,11,2,3,34900,25500,25200,29150,25000,9000,full,full,150210,7,TEAM XDM,3,0
2686,c4f4da42623b2204,21,159721,168096,161001,169443,164931,173578,165251,173915,THE HUNS,TEAM XDM,9,12,2,3,25800,36850,23900,29550,23000,14100,full,full,81360,8,TEAM XDM,3,0
2687,c4f4da42623b2204,22,165251,173915,166531,175263,170467,179400,170467,179400,THE HUNS,TEAM XDM,9,13,2,3,20250,48400,16250,30350,15850,10700,force-buy,full,81405,8,TEAM XDM,3,0
2732,"8b5a1e7040012f52",1,3188,3881,4883,5674,7837,8799,8285,9269,BIG ACD,LFO,1,0,3,2,4000,4000,4200,4400,3400,3350,eco,eco,72312,8,BIG ACD,3,0
2733,"8b5a1e7040012f52",2,8285,9269,9565,10625,12545,13776,12993,14252,BIG ACD,LFO,2,0,3,2,19600,10750,21850,10150,18950,10050,semi,force-buy,66269,7,BIG ACD,3,0
2734,"8b5a1e7040012f52",3,12993,14252,14273,15605,20603,22299,21051,22779,BIG ACD,LFO,3,0,3,2,21500,16600,27850,17250,13600,16250,full,force-buy,118320,7,BIG ACD,3,0
2735,"8b5a1e7040012f52",4,21051,22779,22331,24129,28071,30198,28519,30677,BIG ACD,LFO,4,0,3,2,28450,18750,28800,8300,13900,8300,full,semi,109086,8,BIG ACD,3,0
2736,"8b5a1e7040012f52",5,28519,30677,29799,32028,36479,39094,36927,39569,BIG ACD,LFO,4,1,3,2,33550,28050,30850,26350,16150,25650,full,full,123760,9,LFO,2,0
2737,"8b5a1e7040012f52",6,36927,39569,38207,40923,45036,48152,45484,48623,BIG ACD,LFO,5,1,3,2,24950,20450,25800,27650,24600,8800,force-buy,full,126201,7,BIG ACD,3,0
2738,"8b5a1e7040012f52",7,45484,48623,46764,49979,49713,53097,50161,53572,BIG ACD,LFO,6,1,3,2,20150,29850,28350,27550,14450,20800,full,full,65784,8,BIG ACD,3,0
2739,"8b5a1e7040012f52",8,50161,53572,51441,54924,54809,58489,55257,58961,BIG ACD,LFO,7,1,3,2,24500,26650,29850,24100,13150,23100,full,full,72297,8,BIG ACD,3,0
2740,"8b5a1e7040012f52",9,55257,58961,59655,63615,64791,69050,65239,69522,BIG ACD,LFO,8,1,3,2,30150,21450,29850,21700,18100,20700,full,full,148344,8,BIG ACD,3,0
2741,"8b5a1e7040012f52",10,65239,69522,66519,70877,70350,74932,70798,75405,BIG ACD,LFO,9,1,3,2,30450,18350,30650,19150,14700,17750,full,force-buy,79546,8,BIG ACD,3,0
2742,"8b5a1e7040012f52",11,70798,75405,72078,76774,74068,78881,74516,79356,BIG ACD,LFO,9,2,3,2,34550,18500,30750,19250,19100,18250,full,force-buy,51109,9,LFO,2,0
2743,"8b5a1e7040012f52",12,74516,79356,75796,80709,77959,83000,78503,83574,BIG ACD,LFO,9,3,3,2,23900,17800,24150,25950,23150,16600,force-buy,full,53580,9,LFO,2,0
2744,"8b5a1e7040012f52",13,78503,83574,80199,85366,82168,87454,82616,87924,BIG ACD,LFO,10,3,2,3,4800,4000,4600,4000,3400,3400,pistol,pistol,57050,9,BIG ACD,2,0
2745,"8b5a1e7040012f52",14,82616,87924,83896,89280,86959,92522,87407,92993,BIG ACD,LFO,11,3,2,3,18650,11200,20350,11700,18100,10800,semi,force-buy,67607,9,BIG ACD,2,0
2746,"8b5a1e7040012f52",15,87407,92993,88687,94349,92865,98767,93313,99244,BIG ACD,LFO,12,3,2,3,18600,13800,24600,14600,13000,13600,full,force-buy,84898,9,BIG ACD,2,0
2747,"8b5a1e7040012f52",16,93313,99244,94593,100593,98273,104487,98721,104960,BIG ACD,LFO,12,4,2,3,23650,15550,24800,16150,9100,15150,full,force-buy,77091,8,LFO,3,0
2748,"8b5a1e7040012f52",17,98721,104960,100001,106314,106733,113434,106733,113434,BIG ACD,LFO,13,4,2,3,23050,14250,21500,26100,20700,17450,force-buy,full,124598,9,BIG ACD,2,0
2893,acba6c83282fbc01,1,82,132,1777,1912,3271,3482,3591,3822,Los Kogutos,FORZE Reload,1,0,3,2,4000,4000,4000,4350,3400,3350,pistol,pistol,49711,8,Los Kogutos,3,0
2894,acba6c83282fbc01,2,3591,3822,4871,5169,9226,9748,9546,10088,Los Kogutos,FORZE Reload,2,0,3,2,19600,10750,22150,1000,19450,0,semi,eco,87938,8,Los Kogutos,3,0
2895,acba6c83282fbc01,3,9546,10088,10826,11436,20542,21657,20862,21997,Los Kogutos,FORZE Reload,2,1,3,2,19450,23050,27600,23400,9100,22200,full,full,171676,1,FORZE Reload,2,0
2896,acba6c83282fbc01,4,20862,21997,22142,23342,28369,29895,28689,30234,Los Kogutos,FORZE Reload,3,1,3,2,18450,19850,23900,25200,18000,13100,full,full,117201,8,Los Kogutos,3,0
2897,acba6c83282fbc01,5,28689,30234,29969,31575,35563,37464,35883,37801,Los Kogutos,FORZE Reload,4,1,3,2,19550,17150,28250,5600,17000,5400,full,semi,107288,8,Los Kogutos,3,0
2898,acba6c83282fbc01,6,35883,37801,37163,39150,43166,45465,43486,45805,Los Kogutos,FORZE Reload,5,1,3,2,21350,23950,30350,23000,13700,22300,full,full,113729,8,Los Kogutos,3,0
2899,acba6c83282fbc01,7,43486,45805,44766,47147,46939,49439,47259,49770,Los Kogutos,FORZE Reload,6,1,3,2,26650,16450,30450,8900,9800,8900,full,semi,53926,8,Los Kogutos,3,0
2900,acba6c83282fbc01,8,47259,49770,48539,51118,56975,59996,57295,60335,Los Kogutos,FORZE Reload,6,2,3,2,35850,24550,31350,24900,4100,23900,full,full,151747,1,FORZE Reload,2,0
2901,acba6c83282fbc01,9,60183,63375,61463,64717,68823,72467,69143,72799,Los Kogutos,FORZE Reload,7,2,3,2,39100,19050,31050,25100,13600,8600,full,full,134919,12,Los Kogutos,3,0
2902,acba6c83282fbc01,10,69143,72799,70423,74147,78439,82585,78759,82918,Los Kogutos,FORZE Reload,7,3,3,2,43000,19750,31150,26100,13900,16400,full,full,145218,9,FORZE Reload,2,0
2903,acba6c83282fbc01,11,78759,82918,80039,84265,87399,92010,87719,92347,Los Kogutos,FORZE Reload,8,3,3,2,37550,21200,29650,25850,28650,16150,full,full,134919,12,Los Kogutos,3,0
2904,acba6c83282fbc01,12,87719,92347,88999,93697,94829,99828,95373,100412,Los Kogutos,FORZE Reload,9,3,3,2,27150,15250,31750,19950,17400,15050,full,force-buy,111013,8,Los Kogutos,3,0
2905,acba6c83282fbc01,13,95373,100412,97069,102201,101194,106544,101514,106881,Los Kogutos,FORZE Reload,10,3,2,3,4000,4000,4750,4750,3350,3450,pistol,pistol,90995,9,Los Kogutos,2,0
2906,acba6c83282fbc01,14,101514,106881,102794,108223,108681,114422,109001,114759,Los Kogutos,FORZE Reload,11,3,2,3,18700,11700,19350,10750,18350,10150,semi,force-buy,111903,1,Los Kogutos,2,0
2907,acba6c83282fbc01,15,109001,114759,110281,116102,118202,124440,118522,124775,Los Kogutos,FORZE Reload,12,3,2,3,19350,15250,21600,21450,12600,14700,full,force-buy,143660,9,Los Kogutos,2,0
2908,acba6c83282fbc01,16,118522,124775,119802,126125,123178,129674,123178,129674,Los Kogutos,FORZE Reload,13,3,2,3,30150,19200,25400,17050,13200,15750,full,force-buy,72698,9,Los Kogutos,2,0
2932,"8c6cdb2c2b4b5282",1,60,101,1754,1885,6328,6700,6648,7038,lospegadinhas,internet kings,1,0,3,2,4000,4000,4100,4300,3300,3300,pistol,pistol,97947,7,lospegadinhas,3,0
2933,"8c6cdb2c2b4b5282",2,6648,7038,7928,8381,12209,12890,12529,13223,lospegadinhas,internet kings,2,0,3,2,21250,14700,22450,15400,21050,13900,semi,force-buy,86860,7,lospegadinhas,3,0
2934,"8c6cdb2c2b4b5282",3,12529,13223,13809,14573,20338,21444,20658,21781,lospegadinhas,internet kings,3,0,3,2,20450,17000,22250,17750,17150,16750,semi,force-buy,122022,7,lospegadinhas,3,0
2935,"8c6cdb2c2b4b5282",4,20658,21781,21938,23123,25170,26526,25490,26866,lospegadinhas,internet kings,3,1,3,2,24450,18950,27750,19000,18750,18600,full,force-buy,70429,9,internet kings,2,0
2936,"8c6cdb2c2b4b5282",5,25490,26866,26770,28209,34414,36252,34734,36593,lospegadinhas,internet kings,3,2,3,2,13600,18400,14300,26850,13200,11900,force-buy,full,139314,9,internet kings,2,0
2937,"8c6cdb2c2b4b5282",6,36973,38949,38253,40292,40300,42450,40620,42787,lospegadinhas,internet kings,3,3,3,2,11550,24150,1600,25500,1000,15150,eco,full,51964,9,internet kings,2,0
2938,"8c6cdb2c2b4b5282",7,40620,42787,41900,44130,47117,49621,47437,49959,lospegadinhas,internet kings,3,4,3,2,24200,27050,24500,27550,23500,16200,full,full,101435,1,internet kings,2,0
2939,"8c6cdb2c2b4b5282",8,49776,52417,51056,53768,55793,58753,56113,59086,lospegadinhas,internet kings,3,5,3,2,17200,29450,9800,27150,5350,22750,semi,full,94043,9,internet kings,2,0
2940,"8c6cdb2c2b4b5282",9,56113,59086,57393,60436,63983,67368,64303,67708,lospegadinhas,internet kings,4,5,3,2,29950,24550,27800,27950,26800,11100,full,full,122928,8,lospegadinhas,3,0
2941,"8c6cdb2c2b4b5282",10,67161,70717,68441,72061,76274,80302,76594,80642,lospegadinhas,internet kings,4,6,3,2,21750,21050,29600,20550,15450,19750,full,full,142268,1,internet kings,2,0
2942,"8c6cdb2c2b4b5282",11,76594,80642,77874,81989,83383,87782,83703,88122,lospegadinhas,internet kings,5,6,3,2,21900,20300,26750,27250,21250,13200,full,full,105977,8,lospegadinhas,3,0
2943,"8c6cdb2c2b4b5282",12,83703,88122,84983,89471,89400,94119,89944,94702,lospegadinhas,internet kings,6,6,3,2,19650,14800,29650,15200,17600,14600,full,force-buy,89012,8,lospegadinhas,3,0
2944,"8c6cdb2c2b4b5282",13,89944,94702,91640,96492,95490,100543,95810,100883,lospegadinhas,internet kings,7,6,2,3,4000,4000,4300,4250,3300,3250,pistol,pistol,86696,9,lospegadinhas,2,0
2945,"8c6cdb2c2b4b5282",14,95810,100883,97090,102231,100080,105375,100400,105715,lospegadinhas,internet kings,7,7,2,3,18750,11900,19200,2600,18500,2400,semi,eco,66673,8,internet kings,3,0
2946,"8c6cdb2c2b4b5282",15,100400,105715,101680,107059,103975,109473,104295,109810,lospegadinhas,internet kings,7,8,2,3,8150,28500,7950,28050,7950,26950,force-buy,full,55779,8,internet kings,3,0
2947,"8c6cdb2c2b4b5282",16,104295,109810,105575,111160,109287,115063,109607,115403,lospegadinhas,internet kings,7,9,2,3,10000,20550,1600,28700,1000,7350,eco,full,77969,8,internet kings,3,0
2948,"8c6cdb2c2b4b5282",17,109607,115403,110887,116745,118017,124251,118337,124584,lospegadinhas,internet kings,8,9,2,3,21300,32300,22200,29850,20900,8900,full,full,131329,1,lospegadinhas,2,0
2949,"8c6cdb2c2b4b5282",18,118337,124584,119617,125935,127577,134308,127897,134647,lospegadinhas,internet kings,9,9,2,3,19100,31200,23900,29900,12700,17550,full,full,144331,1,lospegadinhas,2,0
2950,"8c6cdb2c2b4b5282",19,127897,134647,129177,135997,134774,141886,135094,142222,lospegadinhas,internet kings,10,9,2,3,24800,24050,25300,29700,13300,14150,full,full,107446,9,lospegadinhas,2,0
2951,"8c6cdb2c2b4b5282",20,138087,145368,139367,146719,144761,152394,145081,152730,lospegadinhas,internet kings,11,9,2,3,29550,23000,27750,12700,13950,12500,full,semi,104285,9,lospegadinhas,2,0
2952,"8c6cdb2c2b4b5282",21,145081,152730,146361,154075,152722,160767,153042,161107,lospegadinhas,internet kings,11,10,2,3,33650,25900,27750,25550,12800,24200,full,full,119291,8,internet kings,3,0
2953,"8c6cdb2c2b4b5282",22,153042,161107,154322,162458,161682,170200,162002,170540,lospegadinhas,internet kings,11,11,2,3,28350,20500,26600,28600,25600,17650,full,full,134965,12,internet kings,3,0
2954,"8c6cdb2c2b4b5282",23,164694,173371,165974,174713,172788,181887,173108,182223,lospegadinhas,internet kings,11,12,2,3,10350,21300,9150,29150,1700,6250,semi,full,126401,7,internet kings,3,0
2955,"8c6cdb2c2b4b5282",24,173108,182223,174388,183568,178035,187406,178035,187406,lospegadinhas,internet kings,11,13,2,3,15750,34900,24400,31050,23400,17850,full,full,76930,8,internet kings,3,0
3060,"9ff3df6794bf9a01",1,8696,9190,14048,14823,18180,19166,18628,19641,Aurora Gaming,GamerLegion,0,1,3,2,0,0,4300,4950,3300,3350,eco,eco,148260,9,GamerLegion,2,0
3061,"9ff3df6794bf9a01",2,18628,19641,19908,20985,24744,26075,25192,26550,Aurora Gaming,GamerLegion,0,2,3,2,11850,18700,12750,19750,11750,18200,force-buy,semi,95620,9,GamerLegion,2,0
3062,"9ff3df6794bf9a01",3,25192,26550,28910,30459,37200,39181,37648,39657,Aurora Gaming,GamerLegion,0,3,3,2,13800,18850,3000,23500,2800,12300,eco,full,187718,1,GamerLegion,2,0
3063,"9ff3df6794bf9a01",4,37648,39657,38928,41000,41176,43368,41624,43836,Aurora Gaming,GamerLegion,0,4,3,2,25500,25250,27350,23400,25150,4100,full,full,55151,9,GamerLegion,2,0
3064,"9ff3df6794bf9a01",5,41624,43836,42904,45187,50659,53346,51107,53822,Aurora Gaming,GamerLegion,0,5,3,2,17700,38900,11800,26750,10500,6800,semi,full,141334,1,GamerLegion,2,0
3065,"9ff3df6794bf9a01",6,53173,55992,54453,57339,61746,65014,62194,65486,Aurora Gaming,GamerLegion,0,6,3,2,27850,51100,28400,27350,27400,26650,full,full,134082,1,GamerLegion,2,0
3066,"9ff3df6794bf9a01",7,62194,65486,63474,66832,71003,74754,71451,75231,Aurora Gaming,GamerLegion,0,7,3,2,18000,42850,29100,27450,13750,8700,full,full,137738,9,GamerLegion,2,0
3067,"9ff3df6794bf9a01",8,74374,78305,75654,79652,83370,87773,83818,88241,Aurora Gaming,GamerLegion,0,8,3,2,23450,51800,23700,27550,22200,22250,full,full,140710,1,GamerLegion,2,0
3068,"9ff3df6794bf9a01",9,83818,88241,85098,89592,92464,97340,92912,97812,Aurora Gaming,GamerLegion,0,9,3,2,18800,47750,27150,27650,14750,10050,full,full,135226,1,GamerLegion,2,0
3069,"9ff3df6794bf9a01",10,95328,100354,96608,101705,102298,107687,102746,108164,Aurora Gaming,GamerLegion,1,9,3,2,21600,56400,27950,27050,18600,9550,full,full,108980,8,Aurora Gaming,3,0
3070,"9ff3df6794bf9a01",11,105840,111419,107120,112763,110305,116115,110753,116585,Aurora Gaming,GamerLegion,1,10,3,2,21400,54150,31750,25100,10500,25000,full,full,69790,9,GamerLegion,2,0
3071,"9ff3df6794bf9a01",12,110753,116585,112033,117934,119973,126288,120517,126871,Aurora Gaming,GamerLegion,2,10,3,2,26550,47200,27250,27950,25950,19150,full,full,144203,7,Aurora Gaming,3,0
3072,"9ff3df6794bf9a01",13,120517,126871,134780,141887,137899,145169,138347,145645,Aurora Gaming,GamerLegion,3,10,2,3,4000,4000,4250,4300,3450,3300,pistol,pistol,271939,9,Aurora Gaming,2,0
3073,"9ff3df6794bf9a01",14,138347,145645,139627,146988,144686,152315,145134,152783,Aurora Gaming,GamerLegion,4,10,2,3,18600,10200,19450,10400,17850,9200,semi,force-buy,99127,9,Aurora Gaming,2,0
3074,"9ff3df6794bf9a01",15,145134,152783,146414,154134,154565,162707,155013,163182,Aurora Gaming,GamerLegion,5,10,2,3,19100,15250,23950,2900,14250,2700,full,eco,147487,1,Aurora Gaming,2,0
3075,"9ff3df6794bf9a01",16,155013,163182,156293,164525,163007,171591,163455,172065,Aurora Gaming,GamerLegion,5,11,2,3,23850,27600,27150,28300,9350,26700,full,full,124972,8,GamerLegion,3,0
3076,"9ff3df6794bf9a01",17,163455,172065,164735,173409,171377,180403,171825,180871,Aurora Gaming,GamerLegion,5,12,2,3,22400,19900,21050,28600,20250,16650,full,full,123916,8,GamerLegion,3,0
3077,"9ff3df6794bf9a01",18,171825,180871,173105,182222,175142,184362,175142,184362,Aurora Gaming,GamerLegion,5,13,2,3,12200,29200,12650,29800,11750,9800,force-buy,full,51882,8,GamerLegion,3,0
3336,a88599dd16e02133,1,2763,3494,4457,5294,7780,8834,8228,9310,KOLESIE,Sangal 1XBET,1,0,3,2,4000,4000,4300,4350,3300,3350,eco,eco,78209,8,KOLESIE,3,0
3337,a88599dd16e02133,2,8228,9310,9508,10670,14030,15473,14478,15950,KOLESIE,Sangal 1XBET,2,0,3,2,19700,11350,20450,1000,19250,0,semi,eco,90263,8,KOLESIE,3,0
3338,a88599dd16e02133,3,14478,15950,15758,17309,23040,25061,23488,25535,KOLESIE,Sangal 1XBET,3,0,3,2,19450,23650,26850,24200,10300,23200,semi,full,133439,7,KOLESIE,3,0
3339,a88599dd16e02133,4,24470,26580,25750,27939,29121,31525,29569,32006,KOLESIE,Sangal 1XBET,3,1,3,2,29700,15300,29650,10000,16350,9800,full,semi,72424,9,Sangal 1XBET,2,0
3340,a88599dd16e02133,5,29569,32006,30849,33367,36756,39647,37204,40125,KOLESIE,Sangal 1XBET,3,2,3,2,21800,27100,21850,27850,20850,16000,force-buy,full,111910,9,Sangal 1XBET,2,0
3341,a88599dd16e02133,6,37204,40125,38484,41483,43497,46812,43945,47287,KOLESIE,Sangal 1XBET,3,3,3,2,12100,28950,2100,27350,1700,16600,eco,full,97937,1,Sangal 1XBET,2,0
3342,a88599dd16e02133,7,43945,47287,45225,48653,52428,56306,52876,56782,KOLESIE,Sangal 1XBET,4,3,3,2,22950,30650,27600,27650,21150,11550,full,full,132092,8,KOLESIE,3,0
3343,a88599dd16e02133,8,55702,59792,56982,61153,62584,67106,63032,67580,KOLESIE,Sangal 1XBET,5,3,3,2,20800,27000,28000,23700,17450,23300,full,semi,107120,8,KOLESIE,3,0
3344,a88599dd16e02133,9,65586,70303,66866,71659,71549,76640,71997,77121,KOLESIE,Sangal 1XBET,6,3,3,2,22350,13800,29000,6000,16500,5800,full,eco,92811,8,KOLESIE,3,0
3345,a88599dd16e02133,10,71997,77121,73277,78482,79139,84709,79587,85193,KOLESIE,Sangal 1XBET,6,4,3,2,24650,21500,30100,21900,5000,20900,full,force-buy,111133,9,Sangal 1XBET,2,0
3346,a88599dd16e02133,11,79587,85193,80867,86552,86748,92805,87196,93277,KOLESIE,Sangal 1XBET,6,5,3,2,28300,18650,27450,25550,26450,15200,full,full,111485,9,Sangal 1XBET,2,0
3347,a88599dd16e02133,12,87196,93277,88476,94640,96913,103642,97457,104216,KOLESIE,Sangal 1XBET,6,6,3,2,12800,21300,13000,27550,12600,17300,force-buy,full,151805,9,Sangal 1XBET,2,0
3348,a88599dd16e02133,13,97457,104216,99153,106013,104001,111177,104449,111653,KOLESIE,Sangal 1XBET,6,7,2,3,4800,4800,4350,4200,3350,3400,pistol,pistol,101950,7,Sangal 1XBET,3,0
3349,a88599dd16e02133,14,104449,111653,105729,113012,110664,118260,111112,118741,KOLESIE,Sangal 1XBET,6,8,2,3,14050,21150,14300,23300,13700,20700,force-buy,semi,96766,8,Sangal 1XBET,3,0
3350,a88599dd16e02133,15,111112,118741,112392,120096,116542,124511,116990,124991,KOLESIE,Sangal 1XBET,6,9,2,3,13250,19750,4300,24150,4100,14250,eco,semi,84507,8,Sangal 1XBET,3,0
3351,a88599dd16e02133,16,116990,124991,118270,126352,123981,132423,124429,132897,KOLESIE,Sangal 1XBET,7,9,2,3,23650,24500,24400,26750,23400,5000,full,semi,108849,9,KOLESIE,2,0
3352,a88599dd16e02133,17,124429,132897,125709,134264,132480,141459,132928,141932,KOLESIE,Sangal 1XBET,7,10,2,3,18300,27050,25200,26900,7700,25900,full,force-buy,125399,8,Sangal 1XBET,3,0
3353,a88599dd16e02133,18,132928,141932,134208,143300,141208,150742,141656,151223,KOLESIE,Sangal 1XBET,7,11,2,3,23200,20150,24000,29050,22300,14500,full,full,129031,7,Sangal 1XBET,3,0
3354,a88599dd16e02133,19,141656,151223,142936,152578,147528,157457,147976,157938,KOLESIE,Sangal 1XBET,7,12,2,3,19000,25800,17450,29850,17150,10100,force-buy,full,91303,7,Sangal 1XBET,3,0
3355,a88599dd16e02133,20,147976,157938,149256,159299,156089,166566,156537,167038,KOLESIE,Sangal 1XBET,8,12,2,3,22750,35650,23100,30450,22100,15950,force-buy,full,126365,1,KOLESIE,2,0
3356,a88599dd16e02133,21,156537,167038,157817,168402,164608,175614,164608,175614,KOLESIE,Sangal 1XBET,8,13,2,3,21950,30950,24100,29800,15700,18400,full,full,125604,8,Sangal 1XBET,3,0
3357,"7b8f423709bdb2a6",1,996,1087,2534,2705,4853,5145,5301,5613,STATE ESPORT,megoshort!,1,0,3,2,4000,4000,4400,4300,3400,3300,pistol,pistol,60244,8,STATE ESPORT,3,0
3358,"7b8f423709bdb2a6",2,5301,5613,6581,6962,11233,11855,11681,12326,STATE ESPORT,megoshort!,2,0,3,2,19600,10500,20900,2100,19250,1700,semi,eco,92668,8,STATE ESPORT,3,0
3359,"7b8f423709bdb2a6",3,11681,12326,12961,13674,17791,18755,18239,19229,STATE ESPORT,megoshort!,3,0,3,2,19350,21400,27250,21600,13450,20900,full,full,95444,8,STATE ESPORT,3,0
3360,"7b8f423709bdb2a6",4,18239,19229,19519,20574,23832,25117,24280,25586,STATE ESPORT,megoshort!,4,0,3,2,24900,15900,29850,9250,20550,9250,full,semi,87412,7,STATE ESPORT,3,0
3361,"7b8f423709bdb2a6",5,24280,25586,25560,26934,32857,34614,33305,35082,STATE ESPORT,megoshort!,4,1,3,2,24900,27650,27800,25200,15850,24500,full,full,134028,1,megoshort!,2,0
3362,"7b8f423709bdb2a6",6,33305,35082,34585,36433,42441,44698,42889,45169,STATE ESPORT,megoshort!,5,1,3,2,16600,22150,22000,27250,16350,9400,force-buy,full,142758,7,STATE ESPORT,3,0
3363,"7b8f423709bdb2a6",7,42889,45169,44169,46515,50443,53114,50891,53590,STATE ESPORT,megoshort!,6,1,3,2,21100,31450,28750,25300,17200,24600,full,full,117950,8,STATE ESPORT,3,0
3364,"7b8f423709bdb2a6",8,50891,53590,52171,54932,57600,60648,58048,61121,STATE ESPORT,megoshort!,7,1,3,2,22500,24150,29650,23300,10550,22300,full,full,104782,8,STATE ESPORT,3,0
3365,"7b8f423709bdb2a6",9,58048,61121,59328,62466,62413,65714,62861,66184,STATE ESPORT,megoshort!,8,1,3,2,30750,19450,29650,12600,13700,12400,full,semi,68187,8,STATE ESPORT,3,0
3366,"7b8f423709bdb2a6",10,62861,66184,64141,67532,68688,72312,69136,72789,STATE ESPORT,megoshort!,9,1,3,2,35850,24850,30450,24600,13600,23900,full,full,90975,8,STATE ESPORT,3,0
3367,"7b8f423709bdb2a6",11,69136,72789,70416,74130,73438,77313,73886,77782,STATE ESPORT,megoshort!,10,1,3,2,41250,18850,31250,19500,20150,18600,full,force-buy,67162,8,STATE ESPORT,3,0
3368,"7b8f423709bdb2a6",12,73886,77782,75166,79131,82034,86361,82578,86945,STATE ESPORT,megoshort!,10,2,3,2,39900,17550,29800,18250,16550,17250,full,force-buy,127363,9,megoshort!,2,0
3369,"7b8f423709bdb2a6",13,82578,86945,84274,88739,88238,92906,88686,93383,STATE ESPORT,megoshort!,11,2,2,3,4000,4000,4300,4400,3300,3400,pistol,pistol,88496,9,STATE ESPORT,2,0
3370,"7b8f423709bdb2a6",14,88686,93383,89966,94724,91982,96848,92430,97317,STATE ESPORT,megoshort!,12,2,2,3,18750,10650,20900,10550,18400,10150,full,force-buy,51441,9,STATE ESPORT,2,0
3371,"7b8f423709bdb2a6",15,92430,97317,93710,98667,100457,105766,100457,105766,STATE ESPORT,megoshort!,13,2,2,3,22050,15800,25100,14550,14700,13750,full,force-buy,125433,9,STATE ESPORT,2,0
3517,c213688551f2be48,1,331,383,4936,5229,9444,9978,9892,10446,Monte Esports,Falcons,0,1,3,2,4000,4000,4200,4450,3400,3450,pistol,pistol,142570,9,Falcons,2,0
3518,c213688551f2be48,2,9892,10446,11172,11796,19734,20801,20182,21278,Monte Esports,Falcons,1,1,3,2,11200,18600,9900,20350,9700,18400,force-buy,full,153863,7,Monte Esports,3,0
3519,c213688551f2be48,3,20182,21278,21462,22619,29021,30580,29469,31048,Monte Esports,Falcons,1,2,3,2,22050,12000,24800,12850,20650,11950,full,force-buy,138216,9,Falcons,2,0
3520,c213688551f2be48,4,29469,31048,30749,32399,36908,38879,37356,39347,Monte Esports,Falcons,2,2,3,2,10400,18100,9300,22800,9100,16250,force-buy,full,116359,8,Monte Esports,3,0
3521,c213688551f2be48,5,37356,39347,38636,40698,43696,46019,44144,46491,Monte Esports,Falcons,3,2,3,2,20300,9750,30250,9550,14950,9350,full,force-buy,99138,8,Monte Esports,3,0
3522,c213688551f2be48,6,44144,46491,45424,47837,51486,54221,51934,54689,Monte Esports,Falcons,4,2,3,2,24150,10800,30450,1500,18100,700,full,eco,114858,8,Monte Esports,3,0
3523,c213688551f2be48,7,51934,54689,53214,56039,60822,64039,61270,64516,Monte Esports,Falcons,5,2,3,2,25050,22400,31250,23100,10100,22100,full,full,138930,7,Monte Esports,3,0
3524,c213688551f2be48,8,64004,67392,65284,68740,70434,74156,70882,74632,Monte Esports,Falcons,5,3,3,2,35100,19300,30750,10900,23300,11000,full,semi,100505,1,Falcons,2,0
3525,c213688551f2be48,9,70882,74632,72162,75974,79965,84187,80413,84656,Monte Esports,Falcons,5,4,3,2,19350,27100,24750,29350,18850,10500,full,full,141976,1,Falcons,2,0
3526,c213688551f2be48,10,80413,84656,81693,86006,85412,89918,85860,90394,Monte Esports,Falcons,5,5,3,2,12550,35100,13350,27050,2350,26350,semi,full,78187,9,Falcons,2,0
3527,c213688551f2be48,11,88764,93449,90044,94794,99831,105093,100279,105567,Monte Esports,Falcons,5,6,3,2,22750,26300,24250,27250,22550,7300,full,full,173016,1,Falcons,2,0
3528,c213688551f2be48,12,100279,105567,101559,106912,103925,109404,104469,109988,Monte Esports,Falcons,5,7,3,2,16600,38000,21350,28750,16400,23100,force-buy,full,57013,9,Falcons,2,0
3529,c213688551f2be48,13,104469,109988,118166,124407,120308,126662,120756,127138,Monte Esports,Falcons,5,8,2,3,4000,4000,4550,4200,3450,3400,pistol,pistol,247756,8,Falcons,3,0
3530,c213688551f2be48,14,120756,127138,122036,128480,124676,131259,125124,131732,Monte Esports,Falcons,5,9,2,3,10050,19600,1500,23550,700,19250,eco,full,61233,8,Falcons,3,0
3531,c213688551f2be48,15,125124,131732,126404,133077,131466,138406,131914,138879,Monte Esports,Falcons,6,9,2,3,21950,19350,22600,27900,21600,14000,full,full,99167,1,Monte Esports,2,0
3532,c213688551f2be48,16,134780,141896,136060,143239,141383,148840,141831,149313,Monte Esports,Falcons,6,10,2,3,19350,15100,20750,21700,18950,14800,full,force-buy,103179,8,Falcons,3,0
3533,c213688551f2be48,17,141831,149313,143111,150659,149487,157368,149935,157845,Monte Esports,Falcons,6,11,2,3,10200,19300,1000,26950,0,11000,eco,full,119687,7,Falcons,3,0
3534,c213688551f2be48,18,149935,157845,151215,159187,156773,165034,157221,165511,Monte Esports,Falcons,6,12,2,3,25800,28850,25200,26950,24200,9400,full,full,106820,8,Falcons,3,0
3535,c213688551f2be48,19,157221,165511,158501,166853,165704,174438,166152,174906,Monte Esports,Falcons,7,12,2,3,16500,38150,16650,28400,15850,13500,force-buy,full,132644,1,Monte Esports,2,0
3536,c213688551f2be48,20,168842,177736,170122,179087,176492,185788,176492,185788,Monte Esports,Falcons,7,13,2,3,21550,25900,27800,28750,10700,23450,full,full,119643,8,Falcons,3,0
3641,a4a0808a07a6cad8,1,5416,6243,7111,8033,12485,13720,12933,14194,Fake do Biru,ShindeN,0,1,3,2,4000,4000,4250,4750,3250,3450,eco,eco,110384,1,ShindeN,2,0
3642,a4a0808a07a6cad8,2,12933,14194,14213,15547,19428,21064,19876,21537,Fake do Biru,ShindeN,1,1,3,2,13000,19550,12750,19550,12250,18550,force-buy,semi,101423,8,Fake do Biru,3,0
3643,a4a0808a07a6cad8,3,19876,21537,21156,22893,26993,29066,27441,29540,Fake do Biru,ShindeN,1,2,3,2,19750,8900,26950,8800,17100,8600,full,force-buy,111152,9,ShindeN,2,0
3644,a4a0808a07a6cad8,4,27441,29540,28721,30893,33885,36352,34333,36823,Fake do Biru,ShindeN,1,3,3,2,11850,18350,11250,21550,10850,16650,force-buy,semi,100567,1,ShindeN,2,0
3645,a4a0808a07a6cad8,5,34333,36823,35613,38182,41649,44568,42097,45044,Fake do Biru,ShindeN,1,4,3,2,11050,20700,3600,23900,1000,8900,eco,semi,114341,9,ShindeN,2,0
3646,a4a0808a07a6cad8,6,42097,45044,43377,46395,48803,52133,49251,52603,Fake do Biru,ShindeN,1,5,3,2,23150,29850,24100,27950,22800,15850,full,full,104656,9,ShindeN,2,0
3647,a4a0808a07a6cad8,7,49251,52603,50531,53961,58159,62027,58607,62504,Fake do Biru,ShindeN,1,6,3,2,16250,31650,7650,27750,7050,14050,semi,full,139129,1,ShindeN,2,0
3648,a4a0808a07a6cad8,8,61049,65083,62329,66435,70290,74860,70738,75332,Fake do Biru,ShindeN,1,7,3,2,27050,36300,26250,28550,19750,10900,full,full,144340,1,ShindeN,2,0
3649,a4a0808a07a6cad8,9,70738,75332,72018,76686,79378,84472,79826,84942,Fake do Biru,ShindeN,2,7,3,2,25400,43900,29450,27750,20200,14900,full,full,134936,12,Fake do Biru,3,0
3650,a4a0808a07a6cad8,10,79826,84942,81106,86300,88672,94301,89120,94780,Fake do Biru,ShindeN,2,8,3,2,23650,34900,29900,27750,9200,23300,full,full,138169,9,ShindeN,2,0
3651,a4a0808a07a6cad8,11,89120,94780,90400,96130,96381,102481,96829,102957,Fake do Biru,ShindeN,3,8,3,2,30400,29650,29600,27950,28600,17400,full,full,113691,7,Fake do Biru,3,0
3652,a4a0808a07a6cad8,12,96829,102957,98109,104308,102595,109058,103139,109635,Fake do Biru,ShindeN,4,8,3,2,21750,23350,27200,22800,19250,22000,full,force-buy,90070,8,Fake do Biru,3,0
3653,a4a0808a07a6cad8,13,103139,109635,104835,111424,108925,115752,109373,116222,Fake do Biru,ShindeN,5,8,2,3,4000,4800,4200,4550,3400,3550,pistol,pistol,90306,9,Fake do Biru,2,0
3654,a4a0808a07a6cad8,14,109373,116222,110653,117578,118013,125367,118461,125841,Fake do Biru,ShindeN,5,9,2,3,18650,11600,20150,10950,18300,10750,full,force-buy,135010,12,ShindeN,3,0
3655,a4a0808a07a6cad8,15,118461,125841,131234,139353,134457,142767,134905,143237,Fake do Biru,ShindeN,6,9,2,3,12800,19600,20300,11200,18450,10700,full,semi,249883,9,Fake do Biru,2,0
3656,a4a0808a07a6cad8,16,134905,143237,136185,144593,140825,149501,141273,149971,Fake do Biru,ShindeN,7,9,2,3,17950,14550,23350,3300,13950,3300,full,eco,92477,9,Fake do Biru,2,0
3657,a4a0808a07a6cad8,17,141273,149971,142553,151329,147044,156078,147492,156557,Fake do Biru,ShindeN,7,10,2,3,22350,26850,26100,27850,12600,26650,full,full,90159,8,ShindeN,3,0
3658,a4a0808a07a6cad8,18,147492,156557,148772,157904,154192,163643,154640,164116,Fake do Biru,ShindeN,7,11,2,3,17350,18800,11800,29750,11000,16000,semi,full,104612,8,ShindeN,3,0
3659,a4a0808a07a6cad8,19,157105,166724,158385,168074,160440,170247,160888,170721,Fake do Biru,ShindeN,7,12,2,3,15550,21800,15950,30850,15350,5700,force-buy,full,52010,8,ShindeN,3,0
3660,a4a0808a07a6cad8,20,160888,170721,162168,172077,169056,179363,169504,179834,Fake do Biru,ShindeN,7,13,2,3,12500,34700,3600,30750,3600,8300,eco,full,127584,8,ShindeN,3,0
3661,a4a0808a07a6cad8,21,169504,179834,170784,181190,174927,185573,174927,185573,Fake do Biru,ShindeN,7,14,2,3,18200,46200,24700,30850,24000,19800,full,full,84726,8,ShindeN,3,0
3662,"86a83a8d5955abb8",1,4257,4960,7257,8138,11854,13001,12302,13474,Vivo Keyd Stars,Game Hunters,0,1,3,2,4000,4000,4300,4750,3300,3350,eco,eco,118727,9,Game Hunters,2,0
3663,"86a83a8d5955abb8",2,12302,13474,13582,14831,19201,20770,19649,21244,Vivo Keyd Stars,Game Hunters,0,2,3,2,11800,18700,12450,19550,11650,18550,force-buy,semi,107727,1,Game Hunters,2,0
3664,"86a83a8d5955abb8",3,19649,21244,20929,22600,27202,29240,27650,29711,Vivo Keyd Stars,Game Hunters,0,3,3,2,13000,18550,9350,21750,1700,7050,semi,semi,118063,9,Game Hunters,2,0
3665,"86a83a8d5955abb8",4,27650,29711,28930,31067,34121,36556,34569,37028,Vivo Keyd Stars,Game Hunters,0,4,3,2,26650,29850,27600,23300,26100,8500,full,semi,101068,1,Game Hunters,2,0
3666,"86a83a8d5955abb8",5,36489,39057,37769,40413,45048,48115,45496,48586,Vivo Keyd Stars,Game Hunters,0,5,3,2,18100,40350,21700,27250,16800,9000,force-buy,full,133743,9,Game Hunters,2,0
3667,"86a83a8d5955abb8",6,45496,48586,46776,49946,53339,56885,53787,57356,Vivo Keyd Stars,Game Hunters,0,6,3,2,19950,49200,10600,27250,10100,17200,semi,full,122536,9,Game Hunters,2,0
3668,"86a83a8d5955abb8",7,55731,59414,57011,60769,62250,66308,62698,66787,Vivo Keyd Stars,Game Hunters,1,6,3,2,28250,49850,28350,27350,27350,12100,full,full,101791,7,Vivo Keyd Stars,3,0
3669,"86a83a8d5955abb8",8,65719,69980,66999,71335,71180,75759,71628,76229,Vivo Keyd Stars,Game Hunters,1,7,3,2,20350,48150,30100,27250,11400,17100,full,full,85328,9,Game Hunters,2,0
3670,"86a83a8d5955abb8",9,71628,76229,72908,77586,80602,85725,81050,86196,Vivo Keyd Stars,Game Hunters,1,8,3,2,24000,47650,24600,27450,23600,8300,full,full,140211,9,Game Hunters,2,0
3671,"86a83a8d5955abb8",10,81050,86196,82330,87555,88939,94541,89387,95020,Vivo Keyd Stars,Game Hunters,1,9,3,2,18600,55050,10650,27350,10250,13700,semi,full,123216,9,Game Hunters,2,0
3672,"86a83a8d5955abb8",11,89387,95020,90667,96368,99508,105721,99956,106220,Vivo Keyd Stars,Game Hunters,1,10,3,2,27550,58200,28050,27750,27050,23950,full,full,158003,1,Game Hunters,2,0
3673,"86a83a8d5955abb8",12,99956,106220,101236,107573,107009,113679,107553,114253,Vivo Keyd Stars,Game Hunters,1,11,3,2,18050,52450,28550,27750,14700,9100,full,full,110134,9,Game Hunters,2,0
3674,"86a83a8d5955abb8",13,107553,114253,109249,116045,114873,121996,115321,122471,Vivo Keyd Stars,Game Hunters,2,11,2,3,4000,4800,4200,4700,3400,3400,pistol,pistol,114327,9,Vivo Keyd Stars,2,0
3675,"86a83a8d5955abb8",14,115321,122471,116601,123826,123626,131252,124074,131731,Vivo Keyd Stars,Game Hunters,3,11,2,3,18650,12000,19400,11350,18300,10750,semi,force-buy,129653,1,Vivo Keyd Stars,2,0
3676,"86a83a8d5955abb8",15,124074,131731,125354,133082,131191,139259,131639,139732,Vivo Keyd Stars,Game Hunters,4,11,2,3,18750,13250,21700,7500,5500,1100,full,semi,111152,1,Vivo Keyd Stars,2,0
3677,"86a83a8d5955abb8",16,131639,139732,132919,141086,140756,149374,141204,149852,Vivo Keyd Stars,Game Hunters,5,11,2,3,32550,28350,24500,28350,15800,27350,full,full,142366,1,Vivo Keyd Stars,2,0
3678,"86a83a8d5955abb8",17,143405,152178,144685,153534,149935,159084,150383,159560,Vivo Keyd Stars,Game Hunters,5,12,2,3,35450,18850,27450,16250,13600,7250,full,semi,101968,8,Game Hunters,3,0
3679,"86a83a8d5955abb8",18,150383,159560,151663,160914,158601,168250,159049,168729,Vivo Keyd Stars,Game Hunters,6,12,2,3,28950,30600,27650,27350,27150,9800,full,full,128310,9,Vivo Keyd Stars,2,0
3680,"86a83a8d5955abb8",19,159049,168729,160329,170077,167385,177542,167385,177542,Vivo Keyd Stars,Game Hunters,6,13,2,3,11850,31850,26250,27700,15400,26700,full,full,130126,8,Game Hunters,3,0
4035,af5c94a9b9b4b6ef,1,4190,4493,7675,8198,9601,10245,10049,10717,MASONIC,FORZE Reload,1,0,3,2,4000,4000,5050,4400,3450,3400,pistol,pistol,84846,8,MASONIC,3,0
4036,af5c94a9b9b4b6ef,2,10049,10717,11329,12081,17417,18548,17865,19027,MASONIC,FORZE Reload,2,0,3,2,19550,10700,20900,2700,18350,0,semi,eco,115513,8,MASONIC,3,0
4037,af5c94a9b9b4b6ef,3,17865,19027,19145,20383,25607,27250,26055,27726,MASONIC,FORZE Reload,3,0,3,2,21100,22700,23900,23000,6100,22000,full,full,121295,8,MASONIC,3,0
4038,af5c94a9b9b4b6ef,4,26055,27726,27335,29087,29114,30976,29562,31458,MASONIC,FORZE Reload,4,0,3,2,34600,16400,30550,11900,25050,10900,full,semi,47940,8,MASONIC,3,0
4039,af5c94a9b9b4b6ef,5,29562,31458,30842,32813,36936,39290,37384,39766,MASONIC,FORZE Reload,5,0,3,2,28550,22800,31150,23100,9000,21900,full,full,115528,8,MASONIC,3,0
4040,af5c94a9b9b4b6ef,6,37384,39766,38664,41126,44892,47746,45340,48223,MASONIC,FORZE Reload,6,0,3,2,38150,18200,30750,10800,9200,11200,full,semi,117711,8,MASONIC,3,0
4041,af5c94a9b9b4b6ef,7,45340,48223,46620,49583,51471,54740,51919,55212,MASONIC,FORZE Reload,6,1,3,2,47750,25200,30850,24700,22900,23500,full,full,96130,9,FORZE Reload,2,0
4042,af5c94a9b9b4b6ef,8,51919,55212,53199,56575,58176,61866,58624,62338,MASONIC,FORZE Reload,7,1,3,2,32550,19750,28300,27350,27300,12400,full,full,98151,8,MASONIC,3,0
4043,af5c94a9b9b4b6ef,9,58624,62338,59904,63702,67095,71339,67543,71818,MASONIC,FORZE Reload,8,1,3,2,23550,22100,29000,21400,9650,20600,full,full,132771,7,MASONIC,3,0
4044,af5c94a9b9b4b6ef,10,67543,71818,68823,73174,75561,80334,76009,80815,MASONIC,FORZE Reload,9,1,3,2,33900,23300,30350,26650,29450,21450,full,full,125617,8,MASONIC,3,0
4045,af5c94a9b9b4b6ef,11,76009,80815,77289,82171,80297,85371,80745,85844,MASONIC,FORZE Reload,10,1,3,2,22850,19750,29900,20950,18150,19250,full,full,67204,8,MASONIC,3,0
4046,af5c94a9b9b4b6ef,12,80745,85844,82025,87190,88568,94068,92194,97873,MASONIC,FORZE Reload,11,1,3,2,23500,18100,30950,18800,14200,17800,full,force-buy,121310,8,MASONIC,3,0
4047,af5c94a9b9b4b6ef,13,92194,97873,93890,99675,100160,106341,100608,106815,MASONIC,FORZE Reload,11,2,2,3,4000,4000,4250,4000,3450,3400,pistol,pistol,124909,7,FORZE Reload,3,0
4048,af5c94a9b9b4b6ef,14,100608,106815,101888,108177,104931,111408,105379,111887,MASONIC,FORZE Reload,11,3,2,3,14550,21150,2400,23000,2100,20650,eco,full,67750,8,FORZE Reload,3,0
4049,af5c94a9b9b4b6ef,15,105379,111887,106659,113244,111754,118660,112202,119133,MASONIC,FORZE Reload,11,4,2,3,24450,19800,24950,25800,23950,5100,full,full,99907,8,FORZE Reload,3,0
4050,af5c94a9b9b4b6ef,16,112202,119133,113482,120495,120986,128469,121434,128944,MASONIC,FORZE Reload,12,4,2,3,15800,34000,4750,30950,4750,22300,eco,full,137713,1,MASONIC,2,0
4051,af5c94a9b9b4b6ef,17,121434,128944,122714,130304,129522,137237,129522,137237,MASONIC,FORZE Reload,13,4,2,3,27250,12500,28150,26400,20550,17650,full,full,122328,9,MASONIC,2,0
4154,"6394adb370a024c4",1,5980,6396,7675,8194,11809,12587,12257,13062,Prestige,Midnight Esports,1,0,3,2,4000,4000,4250,4300,3250,3300,pistol,pistol,91175,8,Prestige,3,0
4155,"6394adb370a024c4",2,12257,13062,13537,14423,17157,18272,17605,18744,Prestige,Midnight Esports,2,0,3,2,19750,10200,22200,1300,19250,500,semi,eco,76728,8,Prestige,3,0
4156,"6394adb370a024c4",3,17605,18744,18885,20108,26245,27926,26693,28407,Prestige,Midnight Esports,3,0,3,2,19500,22000,27300,23000,9000,21800,full,full,135224,12,Prestige,3,0
4157,"6394adb370a024c4",4,26693,28407,27973,29762,36181,38488,36629,38962,Prestige,Midnight Esports,4,0,3,2,28950,12400,27100,9050,14200,5450,full,semi,148464,7,Prestige,3,0
4158,"6394adb370a024c4",5,36629,38962,37909,40324,43365,46122,43813,46602,Prestige,Midnight Esports,4,1,3,2,34750,28750,29300,27550,28300,23150,full,full,105446,9,Midnight Esports,2,0
4159,"6394adb370a024c4",6,43813,46602,45093,47958,50145,53332,50593,53804,Prestige,Midnight Esports,4,2,3,2,14000,23050,2200,27550,1600,7200,eco,full,99113,1,Midnight Esports,2,0
4160,"6394adb370a024c4",7,50593,53804,51873,55168,56523,60107,56971,60579,Prestige,Midnight Esports,5,2,3,2,24100,35150,24750,25600,23750,20400,full,full,92825,8,Prestige,3,0
4161,"6394adb370a024c4",8,56971,60579,58251,61944,65249,69378,65697,69860,Prestige,Midnight Esports,5,3,3,2,19350,26750,27150,24400,6150,23700,full,full,129583,1,Midnight Esports,2,0
4162,"6394adb370a024c4",9,65697,69860,66977,71214,74126,78816,74574,79290,Prestige,Midnight Esports,5,4,3,2,21300,21450,27750,24800,13600,12300,full,full,131896,1,Midnight Esports,2,0
4163,"6394adb370a024c4",10,74574,79290,75854,80652,80596,85687,81044,86169,Prestige,Midnight Esports,5,5,3,2,17750,28150,10950,25200,6250,8350,semi,full,94209,9,Midnight Esports,2,0
4164,"6394adb370a024c4",11,81044,86169,82324,87524,85228,90612,85676,91091,Prestige,Midnight Esports,6,5,3,2,24050,37850,24650,25900,23650,9050,full,full,65432,8,Prestige,3,0
4165,"6394adb370a024c4",12,85676,91091,86956,92448,93491,99410,96105,102191,Prestige,Midnight Esports,7,5,3,2,19200,36100,30850,27550,13450,26750,full,full,122514,8,Prestige,3,0
4166,"6394adb370a024c4",13,96105,102191,97801,103994,101567,107993,102015,108473,Prestige,Midnight Esports,8,5,2,3,4000,4000,4300,4300,3300,3300,pistol,pistol,85446,9,Prestige,2,0
4167,"6394adb370a024c4",14,102015,108473,103295,109829,107872,114693,108320,115174,Prestige,Midnight Esports,9,5,2,3,18750,10750,21500,2900,18550,2900,full,eco,91602,9,Prestige,2,0
4168,"6394adb370a024c4",15,108320,115174,109600,116528,115191,122470,115639,122952,Prestige,Midnight Esports,10,5,2,3,18250,20950,26500,22100,12700,20900,full,force-buy,107449,9,Prestige,2,0
4169,"6394adb370a024c4",16,115639,122952,116919,124307,120024,127610,120472,128086,Prestige,Midnight Esports,11,5,2,3,23600,16200,25500,5700,15400,5700,full,semi,68598,9,Prestige,2,0
4170,"6394adb370a024c4",17,120472,128086,121752,129446,128698,136830,129146,137302,Prestige,Midnight Esports,12,5,2,3,26250,28600,26100,28800,11600,27800,full,full,128773,1,Prestige,2,0
4171,"6394adb370a024c4",18,129146,137302,130426,138600,135504,143844,135504,143844,Prestige,Midnight Esports,13,5,2,3,39300,19350,28050,23100,12200,17450,full,full,96344,9,Prestige,2,0
4190,b3764366fb185cc0,1,110,157,1389,1512,6149,6542,6469,6880,hindsight,Pigeons,0,1,3,2,4000,4000,4150,4250,3550,3450,pistol,pistol,94271,9,Pigeons,2,0
4191,b3764366fb185cc0,2,6469,6880,7749,8237,10133,10753,10453,11095,hindsight,Pigeons,0,2,3,2,12150,18600,1700,19700,1100,18300,eco,semi,57182,9,Pigeons,2,0
4192,b3764366fb185cc0,3,10453,11095,11733,12449,15962,16921,16282,17256,hindsight,Pigeons,0,3,3,2,23050,19250,23450,20300,22450,4100,full,full,86017,9,Pigeons,2,0
4193,b3764366fb185cc0,4,16282,17256,17562,18612,22052,23356,22372,23698,hindsight,Pigeons,0,4,3,2,16750,33500,5550,27950,5550,16500,semi,full,90063,9,Pigeons,2,0
4194,b3764366fb185cc0,5,24548,25996,25828,27353,32480,34389,32800,34723,hindsight,Pigeons,1,4,3,2,28750,34850,27350,28450,26350,8000,full,full,123918,7,hindsight,3,0
4195,b3764366fb185cc0,6,32800,34723,34080,36079,38576,40831,38896,41172,hindsight,Pigeons,1,5,3,2,22950,38050,27400,27350,16850,26650,full,full,90181,1,Pigeons,2,0
4196,b3764366fb185cc0,7,38896,41172,40176,42528,43979,46547,44299,46884,hindsight,Pigeons,1,6,3,2,21450,29900,26000,27450,16150,13100,full,full,79358,9,Pigeons,2,0
4197,b3764366fb185cc0,8,44299,46884,45579,48240,50256,53183,50576,53525,hindsight,Pigeons,2,6,3,2,22850,34850,23000,27650,22000,5600,full,full,93001,7,hindsight,3,0
4198,b3764366fb185cc0,9,53020,56109,54300,57459,61658,65244,61978,65579,hindsight,Pigeons,2,7,3,2,21400,40250,25800,27450,17400,26650,full,full,134873,1,Pigeons,2,0
4199,b3764366fb185cc0,10,61978,65579,63258,66935,66977,70864,67297,71206,hindsight,Pigeons,2,8,3,2,21250,32600,24200,27350,19550,25950,full,full,78030,9,Pigeons,2,0
4200,b3764366fb185cc0,11,67297,71206,68577,72560,72228,76422,72548,76755,hindsight,Pigeons,2,9,3,2,19600,24700,18850,27750,18050,12800,force-buy,full,77011,9,Pigeons,2,0
4201,b3764366fb185cc0,12,72548,76755,73828,78112,80078,84721,81038,85749,hindsight,Pigeons,3,9,3,2,20500,29950,20800,27950,20000,19900,force-buy,full,117613,8,hindsight,3,0
4202,b3764366fb185cc0,13,81038,85749,82318,87110,84317,89224,84637,89564,hindsight,Pigeons,3,10,2,3,4000,4000,4300,4100,3300,3300,pistol,pistol,51306,8,Pigeons,3,0
4203,b3764366fb185cc0,14,84637,89564,85917,90913,89988,95219,90308,95558,hindsight,Pigeons,3,11,2,3,10800,19700,10350,20450,10150,18200,force-buy,semi,83493,7,Pigeons,3,0
4204,b3764366fb185cc0,15,90308,95558,91588,96914,98028,103720,98348,104062,hindsight,Pigeons,3,12,2,3,15950,22650,14350,27250,14050,6300,force-buy,full,120507,7,Pigeons,3,0
4205,b3764366fb185cc0,16,98348,104062,99628,105416,106658,112846,106658,112846,hindsight,Pigeons,3,13,2,3,21800,31650,22000,30150,20300,24650,full,full,129691,7,Pigeons,3,0
4301,"62fb056c88c365e6",1,5979,6395,7674,8198,10670,11385,11118,11859,BIG AC,Chicken Burger,1,0,3,2,4000,4000,4500,4250,3400,3450,pistol,pistol,73552,8,BIG AC,3,0
4302,"62fb056c88c365e6",2,11118,11859,12398,13222,18166,19352,18614,19825,BIG AC,Chicken Burger,2,0,3,2,19600,10050,23650,2600,19200,2400,full,eco,110447,8,BIG AC,3,0
4303,"62fb056c88c365e6",3,18614,19825,19894,21189,24071,25625,24519,26104,BIG AC,Chicken Burger,3,0,3,2,19700,20250,27300,21000,13500,20000,full,full,85492,8,BIG AC,3,0
4304,"62fb056c88c365e6",4,24519,26104,25799,27460,30501,32458,30949,32931,BIG AC,Chicken Burger,4,0,3,2,25200,15350,27800,9500,14100,9500,full,semi,93658,7,BIG AC,3,0
4305,"62fb056c88c365e6",5,30949,32931,32229,34295,36065,38372,36513,38844,BIG AC,Chicken Burger,5,0,3,2,31650,27050,30650,26750,19950,25750,full,full,80200,8,BIG AC,3,0
4306,"62fb056c88c365e6",6,36513,38844,37793,40208,40617,43211,41065,43685,BIG AC,Chicken Burger,5,1,3,2,30700,18300,30850,9750,4100,9550,full,semi,64369,9,Chicken Burger,2,0
4307,"62fb056c88c365e6",7,41065,43685,42345,45048,47500,50523,47948,51002,BIG AC,Chicken Burger,5,2,3,2,35800,26600,28650,27850,27650,21900,full,full,100792,1,Chicken Burger,2,0
4308,"62fb056c88c365e6",8,47948,51002,49228,52359,56588,60184,57036,60656,BIG AC,Chicken Burger,6,2,3,2,17650,23100,28750,27850,12000,5400,full,full,135342,12,BIG AC,3,0
4309,"62fb056c88c365e6",9,59014,62759,60294,64118,63865,67918,64313,68390,BIG AC,Chicken Burger,7,2,3,2,23700,27700,29250,27050,14500,20800,full,full,76043,8,BIG AC,3,0
4310,"62fb056c88c365e6",10,64313,68390,65593,69755,72363,76946,72811,77419,BIG AC,Chicken Burger,8,2,3,2,27600,22100,31150,22600,20150,21300,full,full,126115,8,BIG AC,3,0
4311,"62fb056c88c365e6",11,72811,77419,77436,82336,81360,86522,81808,86999,BIG AC,Chicken Burger,9,2,3,2,26250,18600,28100,19550,23200,18250,full,force-buy,134178,8,BIG AC,3,0
4312,"62fb056c88c365e6",12,81808,86999,83088,88358,86137,91600,88717,94342,BIG AC,Chicken Burger,10,2,3,2,21450,17350,31350,17950,8750,16950,full,force-buy,67818,7,BIG AC,3,0
4313,"62fb056c88c365e6",13,88717,94342,90413,96140,95242,101274,95690,101752,BIG AC,Chicken Burger,11,2,2,3,4000,4000,4400,4250,3400,3250,pistol,pistol,102177,9,BIG AC,2,0
4314,"62fb056c88c365e6",14,95690,101752,96970,103111,101737,108149,102185,108597,BIG AC,Chicken Burger,12,2,2,3,18650,12450,18800,13150,18100,12350,semi,force-buy,94292,1,BIG AC,2,0
4315,"62fb056c88c365e6",15,102185,108597,103465,109876,107310,113797,107310,113797,BIG AC,Chicken Burger,13,2,2,3,20050,14750,22750,18300,17850,14950,full,force-buy,76648,9,BIG AC,2,0
4346,"5b5534fa0e89a1cc",1,5981,6396,7675,8198,9437,10069,9885,10541,Acend,Eternal Fire,1,0,3,2,4000,4000,4350,4250,3550,3450,pistol,pistol,54105,8,Acend,3,0
4347,"5b5534fa0e89a1cc",2,9885,10541,11165,11905,17597,18739,18045,19219,Acend,Eternal Fire,2,0,3,2,19450,10350,22200,10400,18800,10200,semi,force-buy,120761,8,Acend,3,0
4348,"5b5534fa0e89a1cc",3,18045,19219,19325,20576,26103,27783,26551,28255,Acend,Eternal Fire,3,0,3,2,19650,12450,27550,4450,10200,4050,full,eco,126153,8,Acend,3,0
4349,"5b5534fa0e89a1cc",4,26551,28255,27831,29619,37068,39434,37516,39906,Acend,Eternal Fire,3,1,3,2,28450,23200,30450,24350,11450,23050,full,full,164673,1,Eternal Fire,2,0
4350,"5b5534fa0e89a1cc",5,37516,39906,38796,41271,47145,50139,47593,50620,Acend,Eternal Fire,3,2,3,2,24900,18450,28900,26950,19200,12800,full,full,150738,1,Eternal Fire,2,0
4351,"5b5534fa0e89a1cc",6,47593,50620,48873,51974,55928,59474,56375,59948,Acend,Eternal Fire,3,3,3,2,16100,23850,27450,27050,13100,12300,full,full,130425,9,Eternal Fire,2,0
4352,"5b5534fa0e89a1cc",7,58819,62546,60099,63910,67459,71728,67907,72205,Acend,Eternal Fire,4,3,3,2,16250,29600,4600,27650,4600,17500,eco,full,135256,12,Acend,3,0
4353,"5b5534fa0e89a1cc",8,67907,72205,69187,73565,76547,81387,76995,81867,Acend,Eternal Fire,5,3,3,2,30100,18600,28650,25150,21650,17200,full,full,135256,12,Acend,3,0
4354,"5b5534fa0e89a1cc",9,76995,81867,78275,83223,85635,91048,86083,91520,Acend,Eternal Fire,6,3,3,2,26900,10000,27250,8900,20750,2250,full,semi,135242,12,Acend,3,0
4355,"5b5534fa0e89a1cc",10,89015,94636,90295,95997,97115,103247,97563,103723,Acend,Eternal Fire,6,4,3,2,24600,18050,28950,25250,17450,17900,full,full,126845,1,Eternal Fire,2,0
4356,"5b5534fa0e89a1cc",11,100706,107058,101986,108422,107097,113854,107545,114331,Acend,Eternal Fire,6,5,3,2,15050,19150,6800,26650,1900,11300,semi,full,100109,1,Eternal Fire,2,0
4357,"5b5534fa0e89a1cc",12,107545,114331,108825,115712,114058,121276,116492,123861,Acend,Eternal Fire,6,6,3,2,23200,26850,27300,28450,23000,10150,full,full,102304,9,Eternal Fire,2,0
4358,"5b5534fa0e89a1cc",13,116492,123861,118188,125664,123369,131170,123817,131644,Acend,Eternal Fire,6,7,2,3,4000,4000,3800,4400,3400,3400,pistol,pistol,107666,7,Eternal Fire,3,0
4359,"5b5534fa0e89a1cc",14,123817,131644,125097,133005,130048,138269,130496,138742,Acend,Eternal Fire,6,8,2,3,14300,21150,13450,22400,13050,21000,force-buy,semi,97590,7,Eternal Fire,3,0
4360,"5b5534fa0e89a1cc",15,133254,141675,134534,143034,139092,147880,139540,148353,Acend,Eternal Fire,6,9,2,3,17450,20700,12350,24550,11450,13950,semi,full,91403,8,Eternal Fire,3,0
4361,"5b5534fa0e89a1cc",16,139540,148353,140820,149716,144616,153753,145064,154225,Acend,Eternal Fire,6,10,2,3,20800,26350,20600,27900,19800,10400,full,full,79545,8,Eternal Fire,3,0
4362,"5b5534fa0e89a1cc",17,147460,156771,148740,158130,150576,160086,151024,160559,Acend,Eternal Fire,6,11,2,3,18000,34950,9750,27900,9750,5500,semi,full,48832,8,Eternal Fire,3,0
4363,"5b5534fa0e89a1cc",18,151024,160559,152304,161922,155230,165029,155678,165502,Acend,Eternal Fire,6,12,2,3,26150,48450,26050,28650,25050,17550,full,full,65845,8,Eternal Fire,3,0
4364,"5b5534fa0e89a1cc",19,157981,167949,159261,169312,166330,176827,166778,177300,Acend,Eternal Fire,7,12,2,3,18800,49900,19350,29100,18350,17900,force-buy,full,130778,9,Acend,2,0
4365,"5b5534fa0e89a1cc",20,166778,177300,168058,178662,172090,182907,172538,183355,Acend,Eternal Fire,8,12,2,3,18500,38750,24950,29050,7900,28050,full,full,82594,9,Acend,2,0
4366,"5b5534fa0e89a1cc",21,172538,183355,173818,184636,177626,188478,177626,188478,Acend,Eternal Fire,8,13,2,3,25250,19700,25300,21000,16300,20200,full,force-buy,75465,8,Eternal Fire,3,0
4434,df0b525227844b7c,1,1,1,972,1063,1935,2076,2383,2546,Team A,Team B,1,0,3,2,0,0,3250,3250,0,0,pistol,pistol,30823,8,Team A,3,0
4435,df0b525227844b7c,3,4477,4748,5756,6097,10885,11497,11333,11965,MOUZ NXT,Betclic Apogee,1,1,3,2,4000,4000,4050,4200,3450,3400,eco,eco,100252,9,Betclic Apogee,2,0
4436,df0b525227844b7c,4,11333,11965,12613,13316,16829,17752,17277,18221,MOUZ NXT,Betclic Apogee,1,2,3,2,10600,18650,1400,20800,200,18100,eco,full,85962,1,Betclic Apogee,2,0
4437,df0b525227844b7c,5,17277,18221,18557,19570,25788,27174,26236,27651,MOUZ NXT,Betclic Apogee,2,2,3,2,22950,19550,23250,22950,20900,7500,full,full,132992,8,MOUZ NXT,3,0
4438,df0b525227844b7c,6,26236,27651,27516,28993,34025,35843,34473,36317,MOUZ NXT,Betclic Apogee,3,2,3,2,21350,19950,26450,20850,17250,19350,full,full,121687,7,MOUZ NXT,3,0
4439,df0b525227844b7c,7,34473,36317,35753,37662,39055,41137,39503,41613,MOUZ NXT,Betclic Apogee,4,2,3,2,24250,13600,29950,2400,15300,2200,full,eco,71598,8,MOUZ NXT,3,0
4440,df0b525227844b7c,8,39503,41613,40783,42955,45325,47736,45773,48206,MOUZ NXT,Betclic Apogee,4,3,3,2,27750,23400,30850,23700,3800,22700,full,full,90954,1,Betclic Apogee,2,0
4441,df0b525227844b7c,9,45773,48206,47053,49554,53045,55857,53493,56333,MOUZ NXT,Betclic Apogee,4,4,3,2,32400,19700,28300,24200,27300,15500,full,full,113651,9,Betclic Apogee,2,0
4442,df0b525227844b7c,10,55862,58825,57142,60173,63545,66910,63993,67378,MOUZ NXT,Betclic Apogee,4,5,3,2,16800,21950,16850,25150,16250,20250,force-buy,full,120098,9,Betclic Apogee,2,0
4443,df0b525227844b7c,11,63993,67378,65273,68728,72930,76787,73378,77256,MOUZ NXT,Betclic Apogee,4,6,3,2,14000,19450,4150,26450,3950,15900,eco,full,139765,1,Betclic Apogee,2,0
4444,df0b525227844b7c,12,73378,77256,74658,78606,76866,80925,77314,81403,MOUZ NXT,Betclic Apogee,4,7,3,2,27300,21350,28950,21600,16150,20600,full,full,54501,9,Betclic Apogee,2,0
4445,df0b525227844b7c,13,80190,84428,81470,85770,89288,94000,89736,94469,MOUZ NXT,Betclic Apogee,5,7,3,2,28850,18500,26850,24700,25350,10750,full,full,142187,7,MOUZ NXT,3,0
4446,df0b525227844b7c,14,89736,94469,91016,95818,98742,103971,100978,106319,MOUZ NXT,Betclic Apogee,5,8,3,2,24650,18650,29800,18150,23050,17550,full,force-buy,141147,9,Betclic Apogee,2,0
4447,df0b525227844b7c,15,100978,106319,102674,108103,105263,110833,105711,111301,MOUZ NXT,Betclic Apogee,5,9,2,3,4000,4000,4700,4400,3300,3400,pistol,pistol,67053,8,Betclic Apogee,3,0
4448,df0b525227844b7c,16,105711,111301,106991,112651,110983,116848,111431,117323,MOUZ NXT,Betclic Apogee,5,10,2,3,10200,19600,1500,22300,700,18650,eco,semi,82397,8,Betclic Apogee,3,0
4449,df0b525227844b7c,17,111431,117323,112711,118667,118854,125131,119302,125606,MOUZ NXT,Betclic Apogee,6,10,2,3,21500,19950,22300,25900,21300,6200,full,full,115983,9,MOUZ NXT,2,0
4450,df0b525227844b7c,18,122191,128644,123471,129990,128095,134858,128543,135328,MOUZ NXT,Betclic Apogee,7,10,2,3,18250,22150,25000,23100,12200,21700,full,full,92305,1,MOUZ NXT,2,0
4451,df0b525227844b7c,19,128543,135328,129823,136676,133247,140276,133695,140751,MOUZ NXT,Betclic Apogee,7,11,2,3,24450,10500,23550,12850,7450,500,full,semi,73499,8,Betclic Apogee,3,0
4452,df0b525227844b7c,20,133695,140751,134975,142095,138957,146285,139405,146758,MOUZ NXT,Betclic Apogee,7,12,2,3,24600,29000,22650,29000,21650,17150,full,full,82204,8,Betclic Apogee,3,0
4453,df0b525227844b7c,21,141337,148792,142617,150136,147326,155096,147774,155564,MOUZ NXT,Betclic Apogee,8,12,2,3,13050,30650,12650,30250,12750,13000,force-buy,full,93642,9,MOUZ NXT,2,0
4454,df0b525227844b7c,22,147774,155564,149054,156914,153083,161154,153531,161622,MOUZ NXT,Betclic Apogee,9,12,2,3,18350,26850,21300,26850,16300,25850,full,full,83036,9,MOUZ NXT,2,0
4455,df0b525227844b7c,23,153531,161622,154811,162973,158779,167145,159227,167620,MOUZ NXT,Betclic Apogee,10,12,2,3,19800,12700,21950,2400,16850,2200,full,eco,82041,9,MOUZ NXT,2,0
4456,df0b525227844b7c,24,161903,170436,163183,171777,167725,176559,168173,177028,MOUZ NXT,Betclic Apogee,11,12,2,3,21900,24150,23050,25100,16200,23600,full,full,90954,9,MOUZ NXT,2,0
4457,df0b525227844b7c,25,170512,179493,171792,180837,173343,182469,173791,182945,MOUZ NXT,Betclic Apogee,12,12,2,3,23750,17250,24900,9100,19900,8700,full,semi,44206,9,MOUZ NXT,2,0
4458,df0b525227844b7c,26,173791,182945,175071,184286,180603,190110,183644,193311,MOUZ NXT,Betclic Apogee,13,12,2,3,21600,28100,26400,28300,16600,27700,full,full,106432,9,MOUZ NXT,2,0
4459,df0b525227844b7c,27,185646,195415,186926,196764,190338,200357,190786,200825,MOUZ NXT,Betclic Apogee,13,13,2,3,62500,62500,24800,28550,24600,27750,full,full,73410,7,Betclic Apogee,3,1
4460,df0b525227844b7c,28,190786,200825,192066,202176,200911,211483,201359,211951,MOUZ NXT,Betclic Apogee,13,14,2,3,51900,55300,27150,30400,26750,25350,full,full,158319,7,Betclic Apogee,3,1
4461,df0b525227844b7c,29,201359,211951,202639,213300,207779,218724,209824,220879,MOUZ NXT,Betclic Apogee,13,15,2,3,41650,50100,27350,31300,26850,27550,full,full,100609,8,Betclic Apogee,3,1
4462,df0b525227844b7c,30,209824,220879,211520,222662,217391,228837,217839,229309,MOUZ NXT,Betclic Apogee,14,15,3,2,62500,62500,30050,27250,29050,26850,full,full,118211,8,MOUZ NXT,3,1
4463,df0b525227844b7c,31,217839,229309,219119,230656,226012,237692,226012,237692,MOUZ NXT,Betclic Apogee,14,16,3,2,38600,36750,30850,27250,21450,26550,full,full,124525,9,Betclic Apogee,2,1
4639,"6716f721d3b95b26",1,100,150,1795,1933,6718,7109,7038,7449,illwill,Sangal,1,0,3,2,4000,4000,4200,4150,3400,3350,pistol,pistol,103285,7,illwill,3,0
4640,"6716f721d3b95b26",2,7038,7449,8318,8797,13192,13925,13512,14264,illwill,Sangal,1,1,3,2,21150,13450,25250,13650,20850,13250,full,force-buy,96116,9,Sangal,2,0
4641,"6716f721d3b95b26",3,13512,14264,14792,15604,23445,24712,23765,25050,illwill,Sangal,1,2,3,2,7650,18250,7550,27550,7250,9250,force-buy,full,155068,1,Sangal,2,0
4642,"6716f721d3b95b26",4,23765,25050,25045,26400,31019,32686,31339,33021,illwill,Sangal,1,3,3,2,9900,27700,3500,28150,200,5150,eco,full,113333,1,Sangal,2,0
4643,"6716f721d3b95b26",5,31339,33021,32619,34365,39979,42112,40299,42447,illwill,Sangal,2,3,3,2,22250,41250,24000,27450,20100,9250,full,full,134928,12,illwill,3,0
4644,"6716f721d3b95b26",6,40299,42447,41579,43797,49300,51920,49620,52260,illwill,Sangal,2,4,3,2,20600,38000,26000,26750,14700,22150,full,full,140597,1,Sangal,2,0
4645,"6716f721d3b95b26",7,49620,52260,50900,53601,55866,58827,56186,59167,illwill,Sangal,2,5,3,2,17300,34850,8250,25200,7450,20800,semi,full,97467,9,Sangal,2,0
4646,"6716f721d3b95b26",8,56186,59167,57466,60514,60682,63894,61002,64234,illwill,Sangal,2,6,3,2,23500,32100,24550,24400,23150,16700,full,full,70157,9,Sangal,2,0
4647,"6716f721d3b95b26",9,61002,64234,62282,65583,72104,75918,72424,76252,illwill,Sangal,2,7,3,2,15950,33150,7650,27450,7450,15150,semi,full,173413,1,Sangal,2,0
4648,"6716f721d3b95b26",10,72424,76252,80096,84325,83570,87983,83890,88317,illwill,Sangal,2,8,3,2,26500,37000,26350,27650,24750,13000,full,full,174111,9,Sangal,2,0
4649,"6716f721d3b95b26",11,83890,88317,85170,89667,91458,96284,91778,96616,illwill,Sangal,3,8,3,2,19850,41550,20600,27950,19600,15600,force-buy,full,118245,8,illwill,3,0
4650,"6716f721d3b95b26",12,94964,99973,96244,101320,100231,105512,100775,106096,illwill,Sangal,4,8,3,2,19250,33250,29300,28350,14300,28950,full,full,82209,8,illwill,3,0
4651,"6716f721d3b95b26",13,100775,106096,102471,107884,107428,113098,107748,113439,illwill,Sangal,5,8,2,3,4000,4000,4400,4300,3600,3300,pistol,pistol,103923,9,illwill,2,0
4652,"6716f721d3b95b26",14,107748,113439,109028,114787,113014,118978,113334,119316,illwill,Sangal,6,8,2,3,18450,11300,18600,1300,17450,500,semi,eco,82209,9,illwill,2,0
4653,"6716f721d3b95b26",15,113334,119316,114614,120665,121999,128432,122319,128772,illwill,Sangal,7,8,2,3,19350,23350,24000,24400,10450,23200,full,full,135299,9,illwill,2,0
4654,"6716f721d3b95b26",16,122319,128772,123599,130118,128997,135800,129317,136132,illwill,Sangal,8,8,2,3,26350,16300,27250,7650,16900,7350,full,semi,104309,9,illwill,2,0
4655,"6716f721d3b95b26",17,129317,136132,130597,137482,138838,146155,139158,146491,illwill,Sangal,9,8,2,3,27200,25950,28300,26650,3950,25650,full,full,148760,1,illwill,2,0
4656,"6716f721d3b95b26",18,139158,146491,140438,147835,148383,156200,148703,156532,illwill,Sangal,10,8,2,3,42250,18750,27850,12150,17000,7700,full,semi,144100,1,illwill,2,0
4657,"6716f721d3b95b26",19,150824,158763,152104,160113,157491,165782,157811,166122,illwill,Sangal,11,8,2,3,44050,29150,27250,29350,12100,24800,full,full,104175,1,illwill,2,0
4658,"6716f721d3b95b26",20,157811,166122,159091,167462,165268,173966,165588,174300,illwill,Sangal,11,9,2,3,50650,21950,27250,28700,13200,17650,full,full,116420,8,Sangal,3,0
4659,"6716f721d3b95b26",21,165588,174300,166868,175650,173775,182919,174095,183254,illwill,Sangal,12,9,2,3,44750,23100,27250,30350,26550,11600,full,full,127922,9,illwill,2,0
4660,"6716f721d3b95b26",22,174095,183254,175375,184598,179366,188800,179366,188800,illwill,Sangal,13,9,2,3,43800,18200,27350,27250,9600,26250,full,full,82313,9,illwill,2,0
4661,f0706bd9d0abc1fe,1,76,126,1771,1915,4770,5084,5090,5425,Satriales,GameHunters,0,1,3,2,4000,4000,4400,4250,3400,3250,pistol,pistol,73189,9,GameHunters,2,0
4662,f0706bd9d0abc1fe,2,5090,5425,6370,6776,8814,9359,9134,9701,Satriales,GameHunters,0,2,3,2,10100,18800,1000,19600,0,16600,eco,semi,58073,9,GameHunters,2,0
4663,f0706bd9d0abc1fe,3,9134,9701,10414,11054,15978,16939,16298,17274,Satriales,GameHunters,0,3,3,2,23200,20550,23800,25000,22800,14350,full,full,106846,9,GameHunters,2,0
4664,f0706bd9d0abc1fe,4,16298,17274,17578,18631,23581,24977,23901,25319,Satriales,GameHunters,0,4,3,2,15450,23250,6700,27350,6700,8000,semi,full,113711,9,GameHunters,2,0
4665,f0706bd9d0abc1fe,5,23901,25319,25181,26669,30957,32779,31277,33114,Satriales,GameHunters,0,5,3,2,27400,32800,27850,27650,26850,18850,full,full,110124,1,GameHunters,2,0
4666,f0706bd9d0abc1fe,6,31277,33114,32557,34471,42080,44540,42400,44878,Satriales,GameHunters,0,6,3,2,19200,32550,12800,27150,7200,16000,semi,full,168669,1,GameHunters,2,0
4667,f0706bd9d0abc1fe,7,42400,44878,43680,46235,51040,54015,51360,54357,Satriales,GameHunters,1,6,3,2,29900,35650,28800,27850,27800,12700,full,full,134879,12,Satriales,3,0
4668,f0706bd9d0abc1fe,8,51360,54357,52640,55708,60637,64164,60957,64506,Satriales,GameHunters,2,6,3,2,19800,27750,30100,27550,14800,18650,full,full,144770,7,Satriales,3,0
4669,f0706bd9d0abc1fe,9,60957,64506,62237,65857,66589,70458,66909,70800,Satriales,GameHunters,3,6,3,2,25350,22800,30050,23100,18100,22400,full,full,87863,7,Satriales,3,0
4670,f0706bd9d0abc1fe,10,66909,70800,68189,72151,74899,79246,75219,79585,Satriales,GameHunters,4,6,3,2,27250,16600,29950,10450,18400,6550,full,semi,124679,8,Satriales,3,0
4671,f0706bd9d0abc1fe,11,75219,79585,76499,80942,79315,83916,79635,84255,Satriales,GameHunters,4,7,3,2,27650,24850,31150,25050,10800,24050,full,full,63933,9,GameHunters,2,0
4672,f0706bd9d0abc1fe,12,79635,84255,80915,85612,84430,89325,84974,89913,Satriales,GameHunters,4,8,3,2,23850,18350,24150,27550,23150,4400,full,full,74843,9,GameHunters,2,0
4673,f0706bd9d0abc1fe,13,84974,89913,86670,91713,90587,95855,90907,96195,Satriales,GameHunters,4,9,2,3,4000,4000,4200,4250,3400,3250,pistol,pistol,87715,7,GameHunters,3,0
4674,f0706bd9d0abc1fe,14,90907,96195,92187,97544,95779,101345,96099,101687,Satriales,GameHunters,4,10,2,3,14300,21300,2350,22350,1300,21050,eco,semi,76024,8,GameHunters,3,0
4675,f0706bd9d0abc1fe,15,96099,101687,97379,103034,102285,108227,102605,108565,Satriales,GameHunters,4,11,2,3,25000,19250,25100,25950,24100,5600,full,full,96543,8,GameHunters,3,0
4676,f0706bd9d0abc1fe,16,102605,108565,103885,109915,108864,115181,109184,115523,Satriales,GameHunters,5,11,2,3,16000,32650,16700,25850,15700,12700,force-buy,full,97665,1,Satriales,2,0
4677,f0706bd9d0abc1fe,17,109184,115523,110464,116874,116997,123784,117317,124120,Satriales,GameHunters,6,11,2,3,19300,29700,20400,29650,18900,19550,full,full,121948,1,Satriales,2,0
4678,f0706bd9d0abc1fe,18,117317,124120,118597,125477,123284,130430,123604,130772,Satriales,GameHunters,6,12,2,3,19100,20550,23300,27550,12900,15600,full,full,93147,7,GameHunters,3,0
4679,f0706bd9d0abc1fe,19,123604,130772,124884,132125,127249,134626,127249,134626,Satriales,GameHunters,6,13,2,3,12850,29050,20850,29600,19350,14400,full,full,56892,8,GameHunters,3,0
4703,acdd50f6a2aae573,1,1018,1109,9001,9507,10275,10848,10595,11188,Flyquest,steel.helmet,1,0,3,2,4000,4000,4000,4300,3400,3300,pistol,pistol,144532,8,Flyquest,3,0
4704,acdd50f6a2aae573,2,10595,11188,11875,12529,15998,16871,16318,17207,Flyquest,steel.helmet,2,0,3,2,19600,10500,22500,1500,19150,700,full,eco,84338,8,Flyquest,3,0
4705,acdd50f6a2aae573,3,16318,17207,17598,18549,24159,25453,24479,25792,Flyquest,steel.helmet,2,1,3,2,19450,21800,26100,22400,5500,21400,full,full,122375,9,steel.helmet,2,0
4706,acdd50f6a2aae573,4,24479,25792,25759,27140,29855,31447,30175,31787,Flyquest,steel.helmet,3,1,3,2,23150,18450,24200,20500,22900,15800,full,full,83923,8,Flyquest,3,0
4707,acdd50f6a2aae573,5,30175,31787,31455,33127,35881,37786,36201,38123,Flyquest,steel.helmet,4,1,3,2,18850,12150,27850,2250,7350,1650,full,eco,89028,8,Flyquest,3,0
4708,acdd50f6a2aae573,6,36201,38123,37481,39471,46060,48495,46380,48833,Flyquest,steel.helmet,4,2,3,2,30300,22500,28800,22850,5350,21550,full,full,153926,1,steel.helmet,2,0
4709,acdd50f6a2aae573,7,46380,48833,47660,50181,52546,55318,52866,55658,Flyquest,steel.helmet,5,2,3,2,33050,19750,28650,25550,23400,11900,full,full,96241,8,Flyquest,3,0
4710,acdd50f6a2aae573,8,52866,55658,54146,57003,60459,63644,60779,63981,Flyquest,steel.helmet,6,2,3,2,28650,18050,29750,15200,20400,14900,full,semi,118516,8,Flyquest,3,0
4711,acdd50f6a2aae573,9,60779,63981,62059,65330,69419,73072,69739,73412,Flyquest,steel.helmet,7,2,3,2,27250,15750,30450,8150,13500,8350,full,semi,134915,12,Flyquest,3,0
4712,acdd50f6a2aae573,10,69739,73412,71019,74753,76472,80494,76792,80829,Flyquest,steel.helmet,8,2,3,2,32200,20000,29500,22350,24400,16800,full,full,105100,8,Flyquest,3,0
4713,acdd50f6a2aae573,11,76792,80829,78072,82173,80653,84893,80973,85225,Flyquest,steel.helmet,8,3,3,2,26600,20300,29950,20200,11650,19200,full,full,60312,9,steel.helmet,2,0
4714,acdd50f6a2aae573,12,80973,85225,82253,86573,86606,91155,90094,94836,Flyquest,steel.helmet,9,3,3,2,23050,18950,24200,25950,22800,13350,full,full,88004,8,Flyquest,3,0
4715,acdd50f6a2aae573,13,90094,94836,103007,108428,107237,112879,107557,113220,Flyquest,steel.helmet,9,4,2,3,4000,4000,5150,4300,3350,3300,pistol,pistol,267768,7,steel.helmet,3,0
4716,acdd50f6a2aae573,14,107557,113220,108837,114564,115282,121345,115602,121685,Flyquest,steel.helmet,9,5,2,3,14350,21250,14500,22600,13900,21200,force-buy,full,120579,8,steel.helmet,3,0
4717,acdd50f6a2aae573,15,115602,121685,116882,123026,124313,130846,124633,131186,Flyquest,steel.helmet,10,5,2,3,13050,19050,3000,25700,3100,12800,eco,full,135954,9,Flyquest,2,0
4718,acdd50f6a2aae573,16,124633,131186,125913,132528,133656,140679,133976,141013,Flyquest,steel.helmet,10,6,2,3,28000,15450,26000,13200,22200,12600,full,semi,140881,7,steel.helmet,3,0
4719,acdd50f6a2aae573,17,133976,141013,135256,142357,138685,145967,139005,146306,Flyquest,steel.helmet,11,6,2,3,19800,23700,8550,26800,8150,21750,semi,full,73520,9,Flyquest,2,0
4720,acdd50f6a2aae573,18,139005,146306,140285,147645,143239,150760,143559,151091,Flyquest,steel.helmet,12,6,2,3,29700,10400,27750,10400,17750,10000,full,force-buy,66099,9,Flyquest,2,0
4721,acdd50f6a2aae573,19,143559,151091,144839,152438,150257,158138,150257,158138,Flyquest,steel.helmet,13,6,2,3,44650,13650,27850,9850,2700,9450,full,force-buy,104581,9,Flyquest,2,0
4759,ac6924b5f306b714,1,1,1,1,31,2146,2310,2594,2786,Team A,Team B,1,0,3,2,0,0,4300,4350,3300,3350,pistol,pistol,34098,8,Team A,3,0
4760,ac6924b5f306b714,2,2594,2786,3874,4137,8521,9055,8969,9525,Team A,Team B,2,0,3,2,19700,10750,22500,1800,19000,1200,full,eco,92579,8,Team A,3,0
4761,ac6924b5f306b714,3,8969,9525,10249,10882,15525,16457,15973,16933,Team A,Team B,2,1,3,2,19700,21850,26650,22700,9500,21400,full,full,102370,1,Team B,2,0
4762,ac6924b5f306b714,4,15973,16933,17253,18283,22772,24122,23220,24593,Team A,Team B,3,1,3,2,18600,19150,28700,25000,17300,12100,full,full,106166,8,Team A,3,0
4763,ac6924b5f306b714,5,23220,24593,24500,25950,30304,32085,30752,32561,Team A,Team B,3,2,3,2,20300,16850,28950,5650,9400,4850,full,semi,110640,1,Team B,2,0
4764,ac6924b5f306b714,6,30752,32561,32032,33912,41570,44002,42018,44472,Team A,Team B,3,3,3,2,19350,29300,25850,27750,18700,22250,full,full,168958,1,Team B,2,0
4765,ac6924b5f306b714,7,42018,44472,43298,45830,50729,53687,51177,54162,Team A,Team B,3,4,3,2,10150,25250,15600,28050,600,4400,semi,full,136085,1,Team B,2,0
4766,ac6924b5f306b714,8,51177,54162,52457,55514,59163,62605,59611,63082,Team A,Team B,3,5,3,2,22450,39650,26200,28050,19300,12600,full,full,124684,9,Team B,2,0
4767,ac6924b5f306b714,9,62639,66282,63919,67632,68197,72159,68645,72634,Team A,Team B,3,6,3,2,19300,44600,10500,27750,9400,16000,semi,full,86790,9,Team B,2,0
4768,ac6924b5f306b714,10,68645,72634,69925,73987,75649,80037,76097,80516,Team A,Team B,4,6,3,2,27250,46450,26750,28050,25750,6500,full,full,109326,8,Team A,3,0
4769,ac6924b5f306b714,11,76097,80516,77377,81864,84077,88949,84525,89427,Team A,Team B,4,7,3,2,20300,47650,29100,27750,18800,27150,full,full,124537,9,Team B,2,0
4770,ac6924b5f306b714,12,84525,89427,85805,90776,93165,98563,94456,99937,Team A,Team B,5,7,3,2,17250,38350,17750,28150,16750,17100,force-buy,full,134919,12,Team A,3,0
4771,ac6924b5f306b714,13,94456,99937,95736,101295,99065,104820,99513,105291,Team A,Team B,5,8,2,3,4000,4000,4250,4300,3450,3300,pistol,pistol,72111,7,Team B,3,0
4772,ac6924b5f306b714,14,99513,105291,100793,106648,104688,110765,105136,111235,Team A,Team B,5,9,2,3,13650,21250,14350,23200,13050,20850,force-buy,full,80839,8,Team B,3,0
4773,ac6924b5f306b714,15,105136,111235,106416,112591,107669,113917,108117,114391,Team A,Team B,5,10,2,3,13500,19400,2900,26800,2900,17100,eco,full,39607,8,Team B,3,0
4774,ac6924b5f306b714,16,108117,114391,109397,115744,112668,119204,113116,119677,Team A,Team B,6,10,2,3,25100,21300,25000,28800,24300,2400,full,full,71077,9,Team A,2,0
4775,ac6924b5f306b714,17,113116,119677,114396,121030,120292,127262,120740,127740,Team A,Team B,7,10,2,3,18850,27550,24900,27250,14700,25750,full,full,112014,9,Team A,2,0
4776,ac6924b5f306b714,18,120740,127740,122020,129088,127545,134934,127993,135406,Team A,Team B,7,11,2,3,22200,13500,23050,5650,18250,5250,full,semi,106239,7,Team B,3,0
4777,ac6924b5f306b714,19,127993,135406,129273,136761,133338,141058,133786,141534,Team A,Team B,7,12,2,3,17650,28800,18200,27900,17000,20800,force-buy,full,83467,8,Team B,3,0
4778,ac6924b5f306b714,20,136696,144613,137976,145962,144444,152804,144892,153276,Team A,Team B,8,12,2,3,13250,27000,13650,29850,12850,15600,force-buy,full,120963,1,Team A,2,0
4779,ac6924b5f306b714,21,147078,155592,148358,156943,154174,163097,154174,163097,Team A,Team B,8,13,2,3,14800,18300,25050,25450,15000,18650,full,full,110832,8,Team B,3,0
5021,b1b5c3d3ff0eebcf,1,1,1,1,31,3338,3574,3786,4046,Team A,Team B,1,0,3,2,0,0,4000,4250,3400,3250,pistol,pistol,52757,8,Team A,3,0
5022,b1b5c3d3ff0eebcf,2,3786,4046,5066,5402,11392,12091,11840,12565,Team A,Team B,2,0,3,2,19600,10850,21500,11100,19100,10700,semi,force-buy,118790,8,Team A,3,0
5023,b1b5c3d3ff0eebcf,3,11840,12565,13120,13918,16716,17716,17164,18195,Team A,Team B,3,0,3,2,19500,12150,24600,4450,4300,4050,full,eco,76058,8,Team A,3,0
5024,b1b5c3d3ff0eebcf,4,17164,18195,18444,19543,22463,23794,22911,24272,Team A,Team B,4,0,3,2,34200,22900,28250,22600,11000,22200,full,full,82673,8,Team A,3,0
5025,b1b5c3d3ff0eebcf,5,22911,24272,24191,25622,31551,33410,31999,33883,Team A,Team B,5,0,3,2,42200,18000,29400,11200,8800,11000,full,semi,134929,12,Team A,3,0
5026,b1b5c3d3ff0eebcf,6,31999,33883,33279,35236,37236,39417,37684,39893,Team A,Team B,6,0,3,2,51100,17900,29500,24850,19200,16100,full,full,81713,8,Team A,3,0
5027,b1b5c3d3ff0eebcf,7,39604,41924,40884,43275,45398,48054,45846,48524,Team A,Team B,7,0,3,2,50900,18800,28800,12350,3700,12450,full,semi,90513,8,Team A,3,0
5028,b1b5c3d3ff0eebcf,8,45846,48524,47126,49881,50368,53308,50816,53781,Team A,Team B,7,1,3,2,65800,24250,30150,24700,19650,24000,full,full,70639,9,Team B,2,0
5029,b1b5c3d3ff0eebcf,9,53172,56269,54452,57627,60100,63595,60548,64073,Team A,Team B,7,2,3,2,54800,17800,29350,24450,28350,12400,full,full,108173,9,Team B,2,0
5030,b1b5c3d3ff0eebcf,10,60548,64073,61828,65422,69658,73705,70106,74177,Team A,Team B,8,2,3,2,38000,23450,28250,22400,27250,21200,full,full,142223,7,Team A,3,0
5031,b1b5c3d3ff0eebcf,11,70106,74177,71386,75532,78387,82937,78835,83412,Team A,Team B,8,3,3,2,31100,18150,30100,14100,14350,13700,full,semi,129347,9,Team B,2,0
5032,b1b5c3d3ff0eebcf,12,78835,83412,80115,84763,87786,92875,89077,94249,Team A,Team B,8,4,3,2,26000,22500,26200,22550,25400,21550,full,full,139728,9,Team B,2,0
5033,b1b5c3d3ff0eebcf,13,89077,94249,90357,95605,92524,97902,92972,98374,Team A,Team B,9,4,2,3,4000,4000,4300,4400,3300,3400,pistol,pistol,53939,9,Team A,2,0
5034,b1b5c3d3ff0eebcf,14,95983,101558,97263,102908,106068,112221,106516,112695,Team A,Team B,10,4,2,3,18750,10650,20600,10800,18300,10100,full,force-buy,157447,1,Team A,2,0
5035,b1b5c3d3ff0eebcf,15,106516,112695,107796,114049,113809,120408,114257,120884,Team A,Team B,11,4,2,3,18850,13100,24900,9950,9300,1650,full,semi,113888,1,Team A,2,0
5036,b1b5c3d3ff0eebcf,16,114257,120884,115537,122235,120296,127266,120744,127743,Team A,Team B,11,5,2,3,28550,25950,24800,26100,5000,22650,full,full,94234,7,Team B,3,0
5037,b1b5c3d3ff0eebcf,17,120744,127743,122024,129093,126766,134111,127214,134582,Team A,Team B,11,6,2,3,34750,23450,27250,27450,26550,15150,full,full,94028,8,Team B,3,0
5038,b1b5c3d3ff0eebcf,18,129665,137174,130945,138532,136918,144847,137366,145318,Team A,Team B,11,7,2,3,18400,27100,8300,27700,8400,18200,semi,full,113297,8,Team B,3,0
5039,b1b5c3d3ff0eebcf,19,137366,145318,138646,146674,144444,152803,144892,153275,Team A,Team B,12,7,2,3,22600,27900,22900,30650,21900,15950,full,full,110521,9,Team A,2,0
5040,b1b5c3d3ff0eebcf,20,144892,153275,146172,154631,152165,160967,152165,160967,Team A,Team B,13,7,2,3,27800,10250,27350,20150,8700,19150,full,force-buy,113578,9,Team A,2,0
5064,f1155c4667055301,1,111,159,1806,1943,6711,7099,7031,7439,UNiTY,AM Gaming,0,1,3,2,4000,4000,4900,5000,3400,3500,pistol,pistol,102996,1,AM Gaming,2,0
5065,f1155c4667055301,2,7031,7439,8311,8789,13161,13891,13481,14228,UNiTY,AM Gaming,1,1,3,2,12850,18900,14250,19700,11750,18700,force-buy,semi,95753,8,UNiTY,3,0
5066,f1155c4667055301,3,13481,14228,14761,15571,17631,18592,17951,18932,UNiTY,AM Gaming,2,1,3,2,20700,8100,24950,7150,16800,7450,full,force-buy,64766,8,UNiTY,3,0
5067,f1155c4667055301,4,17951,18932,22063,23254,24859,26201,25179,26536,UNiTY,AM Gaming,3,1,3,2,22900,10450,28950,2800,11050,0,full,eco,107879,8,UNiTY,3,0
5068,f1155c4667055301,5,25179,26536,26459,27880,32835,34589,33155,34928,UNiTY,AM Gaming,4,1,3,2,30850,23050,28400,23500,11700,22500,full,full,119514,8,UNiTY,3,0
5069,f1155c4667055301,6,33155,34928,34435,36278,36465,38409,36785,38749,UNiTY,AM Gaming,5,1,3,2,37950,15650,29650,8800,19550,8800,full,semi,51661,8,UNiTY,3,0
5070,f1155c4667055301,7,36785,38749,38065,40096,43295,45600,43615,45935,UNiTY,AM Gaming,5,2,3,2,36800,24150,30500,25000,8150,23400,full,full,101675,9,AM Gaming,2,0
5071,f1155c4667055301,8,43615,45935,44895,47280,53526,56363,53846,56704,UNiTY,AM Gaming,5,3,3,2,37300,18800,29000,23900,28000,14900,full,full,154761,1,AM Gaming,2,0
5072,f1155c4667055301,9,53846,56704,55126,58047,60479,63678,60799,64017,UNiTY,AM Gaming,6,3,3,2,20450,22300,28950,24000,13450,16500,full,full,103500,8,UNiTY,3,0
5073,f1155c4667055301,10,60799,64017,62079,65368,69439,73110,69759,73450,UNiTY,AM Gaming,7,3,3,2,25600,18700,29450,19200,18950,18600,full,force-buy,134949,12,UNiTY,3,0
5074,f1155c4667055301,11,71994,75794,73274,77145,77628,81729,77948,82060,UNiTY,AM Gaming,8,3,3,2,25650,11700,30050,5400,6700,5300,full,semi,88081,8,UNiTY,3,0
5075,f1155c4667055301,12,77948,82060,79228,83410,85356,89860,85900,90444,UNiTY,AM Gaming,9,3,3,2,37550,23700,34400,24200,23100,23200,full,full,115759,8,UNiTY,3,0
5076,f1155c4667055301,13,85900,90444,87596,92235,91425,96264,91745,96599,UNiTY,AM Gaming,9,4,2,3,4000,4000,4250,4350,3450,3350,pistol,pistol,86374,7,AM Gaming,3,0
5077,f1155c4667055301,14,91745,96599,93025,97949,97072,102207,97392,102544,UNiTY,AM Gaming,10,4,2,3,13950,20900,13800,23300,13000,20350,force-buy,full,83228,9,UNiTY,2,0
5078,f1155c4667055301,15,97392,102544,98672,103886,105429,110998,105749,111335,UNiTY,AM Gaming,10,5,2,3,19300,9500,25200,8750,15600,8350,full,force-buy,125465,7,AM Gaming,3,0
5079,f1155c4667055301,16,107669,113356,108949,114706,117273,123462,117593,123802,UNiTY,AM Gaming,11,5,2,3,14600,22300,15250,29000,14150,16750,force-buy,full,149982,1,UNiTY,2,0
5080,f1155c4667055301,17,117593,123802,118873,125145,124482,131052,124802,131382,UNiTY,AM Gaming,11,6,2,3,19750,14700,19950,15100,19250,14300,semi,force-buy,107597,8,AM Gaming,3,0
5081,f1155c4667055301,18,124802,131382,126082,132731,130771,137665,131091,138002,UNiTY,AM Gaming,11,7,2,3,7500,19400,7350,23050,7350,7350,force-buy,full,93245,8,AM Gaming,3,0
5082,f1155c4667055301,19,131091,138002,132371,139352,137771,145033,138091,145369,UNiTY,AM Gaming,11,8,2,3,10250,31050,1100,26500,300,12800,eco,full,104346,8,AM Gaming,3,0
5083,f1155c4667055301,20,138091,145369,139371,146713,146044,153738,146364,154077,UNiTY,AM Gaming,12,8,2,3,22250,37250,22600,29200,21600,9900,full,full,124204,9,UNiTY,2,0
5084,f1155c4667055301,21,149472,157345,150752,158691,156923,165187,157243,165518,UNiTY,AM Gaming,12,9,2,3,18700,34900,27350,30500,8800,29500,full,full,116382,8,AM Gaming,3,0
5085,f1155c4667055301,22,157243,165518,158523,166869,162984,171561,162984,171561,UNiTY,AM Gaming,13,9,2,3,18250,12550,20000,29250,19500,19250,full,full,89684,9,UNiTY,2,0
5345,"7aa99739d81badc1",1,99,150,1793,1938,6551,6968,6871,7310,Four Magic,Vasco,0,1,3,2,4000,4000,4250,4850,3450,3450,pistol,pistol,100673,9,Vasco,2,0
5346,"7aa99739d81badc1",2,6871,7310,8151,8664,14368,15238,14688,15578,Four Magic,Vasco,0,2,3,2,11150,18600,1900,19500,900,17150,eco,semi,117063,9,Vasco,2,0
5347,"7aa99739d81badc1",3,14688,15578,15968,16927,23177,24556,23497,24892,Four Magic,Vasco,0,3,3,2,23900,19500,24100,22400,23100,15300,full,full,132567,1,Vasco,2,0
5348,"7aa99739d81badc1",4,23497,24892,24777,26244,33577,35552,33897,35893,Four Magic,Vasco,0,4,3,2,15850,23200,8150,24900,3450,8500,semi,full,157403,9,Vasco,2,0
5349,"7aa99739d81badc1",5,33897,35893,35177,37242,42823,45329,43143,45671,Four Magic,Vasco,0,5,3,2,31600,32750,29700,26850,28900,22650,full,full,139330,9,Vasco,2,0
5350,"7aa99739d81badc1",6,45147,47784,46427,49142,52797,55876,53117,56218,Four Magic,Vasco,0,6,3,2,21500,27550,11300,25000,10700,20400,semi,full,119484,9,Vasco,2,0
5351,"7aa99739d81badc1",7,53117,56218,54397,57569,61790,65389,62110,65728,Four Magic,Vasco,1,6,3,2,29200,25200,29250,25200,28250,12900,full,full,135417,7,Four Magic,3,0
5352,"7aa99739d81badc1",8,62110,65728,63390,67077,67539,71469,67859,71807,Four Magic,Vasco,1,7,3,2,21300,22900,28900,21600,11050,20800,full,full,84770,9,Vasco,2,0
5353,"7aa99739d81badc1",9,67859,71807,69139,73157,75938,80351,76258,80684,Four Magic,Vasco,1,8,3,2,25300,20150,25850,27450,24850,8100,full,full,126159,9,Vasco,2,0
5354,"7aa99739d81badc1",10,76258,80684,77538,82042,80953,85656,81273,85990,Four Magic,Vasco,1,9,3,2,19100,29900,10900,26750,9800,18950,semi,full,73415,9,Vasco,2,0
5355,"7aa99739d81badc1",11,81273,85990,82553,87343,85310,90259,85630,90597,Four Magic,Vasco,2,9,3,2,29400,28700,29550,27250,28550,20500,full,full,63035,8,Four Magic,3,0
5356,"7aa99739d81badc1",12,85630,90597,86910,91954,94444,99919,94988,100506,Four Magic,Vasco,3,9,3,2,19050,15200,30150,15300,5000,14500,full,force-buy,137646,7,Four Magic,3,0
5357,"7aa99739d81badc1",13,94988,100506,96684,102303,100117,105934,100437,106276,Four Magic,Vasco,3,10,2,3,4000,4000,4350,4100,3350,3300,pistol,pistol,80148,8,Vasco,3,0
5358,"7aa99739d81badc1",14,100437,106276,101717,107629,106154,112323,106474,112656,Four Magic,Vasco,3,11,2,3,10450,19700,2950,22450,2350,19100,eco,semi,89288,8,Vasco,3,0
5359,"7aa99739d81badc1",15,108757,115071,110037,116428,111800,118291,112120,118633,Four Magic,Vasco,3,12,2,3,20400,19900,20900,25650,19900,10650,full,full,47545,8,Vasco,3,0
5360,"7aa99739d81badc1",16,112120,118633,113400,119981,115825,122547,115825,122547,Four Magic,Vasco,3,13,2,3,18450,29900,16450,28100,15050,15900,force-buy,full,57793,8,Vasco,3,0
5424,"5c202255dcaea603",1,1,1,1,31,3051,3249,3499,3720,Team A,Team B,1,0,3,2,0,0,4000,4300,3400,3300,pistol,pistol,48196,8,Team A,3,0
5425,"5c202255dcaea603",2,3499,3720,4779,5068,6313,6682,6761,7153,Team A,Team B,2,0,3,2,19600,10200,22850,1000,19300,0,full,eco,43952,8,Team A,3,0
5426,"5c202255dcaea603",3,6761,7153,8041,8501,12792,13496,13240,13973,Team A,Team B,3,0,3,2,19300,22200,27150,22700,5000,22000,full,full,94121,8,Team A,3,0
5427,"5c202255dcaea603",4,13240,13973,14520,15314,19071,20106,19519,20576,Team A,Team B,4,0,3,2,33300,15900,28400,8350,23000,8650,full,semi,91005,8,Team A,3,0
5428,"5c202255dcaea603",5,19519,20576,20799,21925,23030,24275,23478,24745,Team A,Team B,5,0,3,2,29300,24550,31150,23700,10850,23000,full,full,54888,8,Team A,3,0
5429,"5c202255dcaea603",6,23478,24745,24758,26093,28818,30365,29266,30833,Team A,Team B,6,0,3,2,37250,18550,31250,9650,3200,9750,full,semi,83393,7,Team A,3,0
5430,"5c202255dcaea603",7,29266,30833,30546,32183,37000,38971,37448,39447,Team A,Team B,6,1,3,2,54600,29200,31250,27050,8900,26050,full,full,120757,9,Team B,2,0
5431,"5c202255dcaea603",8,37448,39447,38728,40790,46088,48540,46536,49008,Team A,Team B,7,1,3,2,53800,20600,29000,27350,28000,12900,full,full,134928,12,Team A,3,0
5432,"5c202255dcaea603",9,46536,49008,47816,50358,52891,55694,53339,56167,Team A,Team B,7,2,3,2,43700,17000,29900,25300,14750,16100,full,full,99211,9,Team B,2,0
5433,"5c202255dcaea603",10,53339,56167,54619,57513,60855,64079,61303,64549,Team A,Team B,8,2,3,2,37200,18650,29000,26150,27700,15550,full,full,117403,8,Team A,3,0
5434,"5c202255dcaea603",11,61303,64549,65876,69361,70664,74400,71112,74868,Team A,Team B,8,3,3,2,20100,16100,29650,7600,22150,7400,full,semi,146176,1,Team B,2,0
5435,"5c202255dcaea603",12,71112,74868,72392,76218,76229,80256,79241,83435,Team A,Team B,9,3,3,2,14600,28600,18700,28050,13650,22800,force-buy,full,79951,8,Team A,3,0
5436,"5c202255dcaea603",13,79241,83435,82037,86390,84648,89133,85096,89608,Team A,Team B,9,4,2,3,4000,4000,4250,4700,3450,3400,pistol,pistol,84551,8,Team B,3,0
5437,"5c202255dcaea603",14,85096,89608,86376,90951,90510,95306,90958,95774,Team A,Team B,10,4,2,3,10950,19600,10950,20750,10750,18900,force-buy,semi,84551,9,Team A,2,0
5438,"5c202255dcaea603",15,90958,95774,92238,97125,96880,102008,97328,102476,Team A,Team B,11,4,2,3,18250,9350,24550,9450,14750,9050,full,force-buy,92504,9,Team A,2,0
5439,"5c202255dcaea603",16,97328,102476,98608,103826,102957,108404,103405,108874,Team A,Team B,12,4,2,3,22150,12050,25600,1400,15900,400,full,eco,87963,9,Team A,2,0
5440,"5c202255dcaea603",17,103405,108874,104685,110222,109886,115696,110334,116164,Team A,Team B,12,5,2,3,24300,24200,25600,25300,7900,23800,full,full,101229,8,Team B,3,0
5441,"5c202255dcaea603",18,110334,116164,111614,117515,116305,122447,116753,122919,Team A,Team B,12,6,2,3,24300,19200,23800,28200,23100,17350,full,full,93231,8,Team B,3,0
5442,"5c202255dcaea603",19,119435,125741,120715,127088,126468,133142,126916,133613,Team A,Team B,12,7,2,3,11600,20650,3700,28700,0,16500,eco,full,109821,7,Team B,3,0
5443,"5c202255dcaea603",20,126916,133613,129174,135988,133148,140173,133148,140173,Team A,Team B,13,7,2,3,18400,26700,26850,29500,25850,5000,full,full,97341,9,Team A,2,0
5496,ecf6cb964847c53f,1,1018,1109,19950,21029,24979,26325,25299,26656,Eruption,FengDa Gaming,1,0,3,2,80000,80000,4400,4450,3400,3450,pistol,pistol,374370,7,Eruption,3,0
5497,ecf6cb964847c53f,2,25299,26656,26579,28004,33693,35490,34013,35830,Eruption,FengDa Gaming,1,1,3,2,21150,14250,22600,14050,20450,13450,full,force-buy,131154,1,FengDa Gaming,2,0
5498,ecf6cb964847c53f,3,34013,35830,35293,37170,40389,42536,40709,42873,Eruption,FengDa Gaming,1,2,3,2,8800,19800,13000,25400,8450,12400,force-buy,full,99560,9,FengDa Gaming,2,0
5499,ecf6cb964847c53f,4,40709,42873,41989,44214,46061,48500,46381,48838,Eruption,FengDa Gaming,1,3,3,2,12050,25450,2500,25300,2100,20900,eco,full,83541,9,FengDa Gaming,2,0
5500,ecf6cb964847c53f,5,46381,48838,47661,50186,53498,56324,53818,56665,Eruption,FengDa Gaming,1,4,3,2,22500,22600,23050,26400,22250,9750,full,full,111141,9,FengDa Gaming,2,0
5501,ecf6cb964847c53f,6,53818,56665,55098,58008,61237,64467,61557,64804,Eruption,FengDa Gaming,2,4,3,2,15950,30900,6150,25700,6150,13100,semi,full,115832,8,Eruption,3,0
5502,ecf6cb964847c53f,7,61557,64804,62837,66152,70472,74186,70792,74519,Eruption,FengDa Gaming,2,5,3,2,28500,25400,27750,25650,19300,24350,full,full,139290,9,FengDa Gaming,2,0
5503,ecf6cb964847c53f,8,72861,76695,74141,78046,82792,87149,83112,87482,Eruption,FengDa Gaming,2,6,3,2,23400,18300,24000,23400,22800,16150,full,full,155205,1,FengDa Gaming,2,0
5504,ecf6cb964847c53f,9,85096,89572,86376,90915,93736,98664,94056,98997,Eruption,FengDa Gaming,3,6,3,2,15800,20650,27550,26350,14500,13400,full,full,134984,12,Eruption,3,0
5505,ecf6cb964847c53f,10,94056,98997,95336,100341,98639,103815,98959,104155,Eruption,FengDa Gaming,4,6,3,2,19700,13450,26600,13000,18450,12400,full,force-buy,71530,8,Eruption,3,0
5506,ecf6cb964847c53f,11,98959,104155,100239,105502,107155,112780,107475,113111,Eruption,FengDa Gaming,5,6,3,2,20250,10550,30500,1000,7200,0,full,eco,128051,8,Eruption,3,0
5507,ecf6cb964847c53f,12,107475,113111,108755,114460,113407,119353,116895,123037,Eruption,FengDa Gaming,5,7,3,2,31850,23150,34000,23800,19150,22900,full,full,92672,9,FengDa Gaming,2,0
5508,ecf6cb964847c53f,13,116895,123037,127423,134125,130430,137284,130750,137623,Eruption,FengDa Gaming,5,8,2,3,4000,4000,4350,4200,3350,3400,pistol,pistol,211518,8,FengDa Gaming,3,0
5509,ecf6cb964847c53f,14,130750,137623,132030,138970,136598,143775,136918,144109,Eruption,FengDa Gaming,6,8,2,3,10150,19600,9550,22200,9550,18950,force-buy,semi,91335,1,Eruption,2,0
5510,ecf6cb964847c53f,15,136918,144109,138198,145457,145274,152905,145594,153237,Eruption,FengDa Gaming,7,8,2,3,19600,8750,24900,12900,15200,8000,full,force-buy,130590,9,Eruption,2,0
5511,ecf6cb964847c53f,16,145594,153237,146874,154584,151847,159818,152167,160156,Eruption,FengDa Gaming,8,8,2,3,22450,10800,26400,1100,9600,300,full,eco,97705,9,Eruption,2,0
5512,ecf6cb964847c53f,17,152167,160156,153447,161495,157221,165470,157541,165809,Eruption,FengDa Gaming,9,8,2,3,30900,23050,26400,24000,8850,22700,full,full,78894,9,Eruption,2,0
5513,ecf6cb964847c53f,18,159562,167930,160842,169280,169144,178015,169464,178355,Eruption,FengDa Gaming,10,8,2,3,40100,15400,26300,6500,10150,6500,full,semi,149727,1,Eruption,2,0
5514,ecf6cb964847c53f,19,169464,178355,170744,179694,177624,186935,177944,187275,Eruption,FengDa Gaming,11,8,2,3,48950,27000,27850,27350,16650,26050,full,full,127383,9,Eruption,2,0
5515,ecf6cb964847c53f,20,177944,187275,179224,188618,181402,190911,181722,191247,Eruption,FengDa Gaming,12,8,2,3,50150,18500,27950,10000,10200,9400,full,semi,53981,9,Eruption,2,0
5516,ecf6cb964847c53f,21,181722,191247,183002,192589,187061,196860,187061,196860,Eruption,FengDa Gaming,13,8,2,3,67100,18150,27750,26800,7650,25800,full,full,83333,9,Eruption,2,0
5539,"512f65d79752db5b",1,80,123,1359,1477,5668,6031,5988,6373,los kogutos,Pigeons,1,0,3,2,4000,4000,4000,4300,3400,3300,pistol,pistol,87254,8,los kogutos,3,0
5540,"512f65d79752db5b",2,5988,6373,7268,7721,9614,10206,9934,10539,los kogutos,Pigeons,2,0,3,2,19600,10800,22750,1600,19400,1000,full,eco,56608,8,los kogutos,3,0
5541,"512f65d79752db5b",3,9934,10539,11214,11896,14643,15524,14963,15860,los kogutos,Pigeons,2,1,3,2,19200,21800,26450,22600,5500,21600,full,full,73622,9,Pigeons,2,0
5542,"512f65d79752db5b",4,14963,15860,16243,17213,19535,20693,19855,21035,los kogutos,Pigeons,3,1,3,2,21250,18250,21950,25100,20750,8300,force-buy,full,71377,8,los kogutos,3,0
5543,"512f65d79752db5b",5,19855,21035,21135,22389,27671,29302,27991,29635,los kogutos,Pigeons,4,1,3,2,19500,20350,25050,20300,16850,19500,full,full,122093,8,los kogutos,3,0
5544,"512f65d79752db5b",6,27991,29635,29271,30991,33413,35373,33733,35707,los kogutos,Pigeons,5,1,3,2,21650,13450,26250,3650,13600,3450,full,eco,84743,8,los kogutos,3,0
5545,"512f65d79752db5b",7,33733,35707,35013,37064,38887,41159,39207,41501,los kogutos,Pigeons,6,1,3,2,27050,24500,27650,25200,5500,23800,full,full,80519,8,los kogutos,3,0
5546,"512f65d79752db5b",8,39207,41501,40487,42850,45934,48614,46254,48950,los kogutos,Pigeons,6,2,3,2,40550,18100,28700,8800,14300,8900,full,semi,105050,1,Pigeons,2,0
5547,"512f65d79752db5b",9,46254,48950,47534,50302,53091,56179,53411,56521,los kogutos,Pigeons,7,2,3,2,34600,28200,29450,27750,24350,19250,full,full,106763,8,los kogutos,3,0
5548,"512f65d79752db5b",10,56023,59278,57303,60634,62621,66262,62941,66595,los kogutos,Pigeons,8,2,3,2,28850,23850,30050,23150,13400,22450,full,full,103145,8,los kogutos,3,0
5549,"512f65d79752db5b",11,62941,66595,64221,67949,71181,75307,71501,75649,los kogutos,Pigeons,9,2,3,2,34250,18400,30850,11000,7100,11100,full,semi,128665,8,los kogutos,3,0
5550,"512f65d79752db5b",12,71501,75649,72781,77004,78364,82910,79324,83935,los kogutos,Pigeons,9,3,3,2,45950,25500,34500,23850,35950,23150,full,full,107236,9,Pigeons,2,0
5551,"512f65d79752db5b",13,79324,83935,80604,85298,84197,89093,84517,89436,los kogutos,Pigeons,9,4,2,3,4000,4000,4200,4100,3400,3300,pistol,pistol,76177,8,Pigeons,3,0
5552,"512f65d79752db5b",14,84517,89436,85797,90790,88492,93641,88812,93974,los kogutos,Pigeons,9,5,2,3,11000,19700,3000,20150,2800,17500,eco,semi,62102,8,Pigeons,3,0
5553,"512f65d79752db5b",15,88812,93974,90092,95330,97459,103119,97779,103459,los kogutos,Pigeons,9,6,2,3,20200,21200,21350,28650,19850,10050,full,full,135060,7,Pigeons,3,0
5554,"512f65d79752db5b",16,97779,103459,99059,104814,104497,110563,104817,110904,los kogutos,Pigeons,9,7,2,3,18750,31600,19900,29850,18600,14000,force-buy,full,104917,8,Pigeons,3,0
5555,"512f65d79752db5b",17,104817,110904,106097,112253,108042,114312,108362,114649,los kogutos,Pigeons,9,8,2,3,17450,36200,10950,29500,11350,9350,semi,full,50332,8,Pigeons,3,0
5556,"512f65d79752db5b",18,108362,114649,109642,116004,113971,120579,114291,120919,los kogutos,Pigeons,9,9,2,3,23400,45450,23500,29200,23000,8600,full,full,87579,8,Pigeons,3,0
5557,"512f65d79752db5b",19,114291,120919,115571,122275,119698,126635,120018,126977,los kogutos,Pigeons,10,9,2,3,18000,55650,18550,29150,17650,17050,force-buy,full,84418,9,los kogutos,2,0
5558,"512f65d79752db5b",20,120018,126977,121298,128330,125886,133180,126206,133518,los kogutos,Pigeons,11,9,2,3,18400,47050,23900,28200,13450,27200,full,full,91610,9,los kogutos,2,0
5559,"512f65d79752db5b",21,126206,133518,127486,134874,136141,144027,136461,144364,los kogutos,Pigeons,11,10,2,3,22400,31000,26550,28300,15800,26950,full,full,155205,7,Pigeons,3,0
5560,"512f65d79752db5b",22,136461,144364,137741,145715,139316,147381,139636,147721,los kogutos,Pigeons,11,11,2,3,22600,24400,22000,29850,21300,19600,full,full,44557,8,Pigeons,3,0
5561,"512f65d79752db5b",23,139636,147721,140916,149076,145213,153617,145533,153958,los kogutos,Pigeons,11,12,2,3,16400,23600,16300,29150,15500,12500,force-buy,full,87076,8,Pigeons,3,0
5562,"512f65d79752db5b",24,145533,153958,146813,155309,148481,157072,148481,157072,los kogutos,Pigeons,11,13,2,3,17700,33400,19100,30850,17500,14050,force-buy,full,45990,8,Pigeons,3,0
5601,"6f0ae805faa2da5d",1,87,129,3216,3434,6689,7109,7009,7448,Nuclear TigeRES,ARCRED,1,0,3,2,4000,4000,4400,4700,3400,3400,pistol,pistol,103052,8,Nuclear TigeRES,3,0
5602,"6f0ae805faa2da5d",2,7009,7448,8289,8806,15820,16768,16140,17108,Nuclear TigeRES,ARCRED,2,0,3,2,19600,10400,21400,9650,18500,9450,semi,force-buy,137600,7,Nuclear TigeRES,3,0
5603,"6f0ae805faa2da5d",3,16140,17108,17420,18455,19612,20780,19932,21113,Nuclear TigeRES,ARCRED,3,0,3,2,21650,16550,29400,5900,11550,5900,full,semi,54213,8,Nuclear TigeRES,3,0
5604,"6f0ae805faa2da5d",4,19932,21113,21212,22468,28572,30250,28892,30590,Nuclear TigeRES,ARCRED,4,0,3,2,28500,26050,29150,26250,16250,24950,full,full,134898,12,Nuclear TigeRES,3,0
5605,"6f0ae805faa2da5d",5,28892,30590,30172,31947,37389,39573,37709,39915,Nuclear TigeRES,ARCRED,5,0,3,2,30300,15000,29600,14450,8300,8000,full,semi,132624,8,Nuclear TigeRES,3,0
5606,"6f0ae805faa2da5d",6,37709,39915,38989,41270,45027,47652,45347,47994,Nuclear TigeRES,ARCRED,5,1,3,2,40800,24500,30350,25250,18200,24250,full,full,114228,9,ARCRED,2,0
5607,"6f0ae805faa2da5d",7,45347,47994,46627,49344,52745,55812,53065,56154,Nuclear TigeRES,ARCRED,6,1,3,2,31050,18300,27000,25150,26000,14200,full,full,115424,8,Nuclear TigeRES,3,0
5608,"6f0ae805faa2da5d",8,53065,56154,54345,57508,60336,63844,60656,64180,Nuclear TigeRES,ARCRED,7,1,3,2,23650,19000,27100,10200,14900,10000,full,semi,113534,8,Nuclear TigeRES,3,0
5609,"6f0ae805faa2da5d",9,60656,64180,61936,65533,65976,69805,66296,70147,Nuclear TigeRES,ARCRED,8,1,3,2,28150,26600,29800,26150,15350,25150,full,full,83047,8,Nuclear TigeRES,3,0
5610,"6f0ae805faa2da5d",10,66296,70147,67576,71498,69375,73402,69695,73740,Nuclear TigeRES,ARCRED,9,1,3,2,31600,18850,30150,11050,13900,10850,full,semi,48056,8,Nuclear TigeRES,3,0
5611,"6f0ae805faa2da5d",11,69695,73740,70975,75090,77210,81690,77530,82023,Nuclear TigeRES,ARCRED,9,2,3,2,36200,25300,30250,26250,12000,25150,full,full,117373,9,ARCRED,2,0
5612,"6f0ae805faa2da5d",12,77530,82023,78810,83377,85698,90663,86242,91250,Nuclear TigeRES,ARCRED,10,2,3,2,32650,17700,30550,26350,29850,16200,full,full,127560,8,Nuclear TigeRES,3,0
5613,"6f0ae805faa2da5d",13,86242,91250,87938,93054,92149,97508,92469,97842,Nuclear TigeRES,ARCRED,11,2,2,3,4000,4000,4250,4300,3450,3300,pistol,pistol,92392,9,Nuclear TigeRES,2,0
5614,"6f0ae805faa2da5d",14,92469,97842,93749,99197,101934,107857,102254,108189,Nuclear TigeRES,ARCRED,12,2,2,3,18600,11300,19150,9850,17950,9850,semi,force-buy,147860,9,Nuclear TigeRES,2,0
5615,"6f0ae805faa2da5d",15,102254,108189,103534,109544,107340,113571,107340,113571,Nuclear TigeRES,ARCRED,13,2,2,3,18300,15350,23650,16100,18450,15100,full,force-buy,79459,9,Nuclear TigeRES,2,0
5632,"3aef82602b64df49",1,5978,6394,7673,8192,10008,10677,10456,11155,Masonic,Navi junior,0,1,3,2,4000,4000,4200,4250,3400,3450,pistol,pistol,63085,9,Navi junior,2,0
5633,"3aef82602b64df49",2,10456,11155,11736,12514,14071,14997,14519,15471,Masonic,Navi junior,0,2,3,2,10650,18600,1650,19050,0,18150,eco,semi,56589,9,Navi junior,2,0
5634,"3aef82602b64df49",3,14519,15471,15799,16834,20777,22123,21225,22599,Masonic,Navi junior,0,3,3,2,23200,18800,23800,21850,22600,7900,full,full,97978,9,Navi junior,2,0
5635,"3aef82602b64df49",4,21225,22599,22505,23959,30139,32069,30587,32550,Masonic,Navi junior,0,4,3,2,16800,28950,4000,26350,4000,12850,eco,full,139485,1,Navi junior,2,0
5636,"3aef82602b64df49",5,30587,32550,31867,33906,39227,41733,39675,42206,Masonic,Navi junior,1,4,3,2,30900,35100,30950,27550,26200,11600,full,full,135258,12,Masonic,3,0
5637,"3aef82602b64df49",6,39675,42206,40955,43568,45167,48043,45615,48518,Masonic,Navi junior,2,4,3,2,23150,29400,30150,27250,9800,20200,full,full,85974,8,Masonic,3,0
5638,"3aef82602b64df49",7,45615,48518,46895,49880,49341,52475,49789,52956,Masonic,Navi junior,3,4,3,2,32350,19100,30350,14200,14600,13800,full,semi,58283,8,Masonic,3,0
5639,"3aef82602b64df49",8,49789,52956,51069,54312,53786,57202,54234,57680,Masonic,Navi junior,3,5,3,2,36750,17900,30650,6100,14300,5700,full,semi,62540,9,Navi junior,2,0
5640,"3aef82602b64df49",9,54234,57680,55514,59038,61171,65050,61619,65524,Masonic,Navi junior,4,5,3,2,34150,29950,30150,27250,29350,23650,full,full,108554,8,Masonic,3,0
5641,"3aef82602b64df49",10,61619,65524,62899,66887,64595,68691,65043,69163,Masonic,Navi junior,5,5,3,2,23800,16400,30250,7100,13400,6400,full,semi,46647,8,Masonic,3,0
5642,"3aef82602b64df49",11,65043,69163,66323,70528,70193,74639,70641,75131,Masonic,Navi junior,6,5,3,2,29200,21700,30850,22200,4000,21200,full,full,80657,8,Masonic,3,0
5643,"3aef82602b64df49",12,70641,75131,71921,76494,74698,79441,78240,83211,Masonic,Navi junior,6,6,3,2,44000,15300,31350,15850,15000,14950,full,force-buy,63483,9,Navi junior,2,0
5644,"3aef82602b64df49",13,78240,83211,79936,85013,85305,90719,85753,91194,Masonic,Navi junior,6,7,2,3,4000,4000,4300,4300,3300,3300,pistol,pistol,110587,7,Navi junior,3,0
5645,"3aef82602b64df49",14,85753,91194,87033,92554,91133,96910,91581,97383,Masonic,Navi junior,6,8,2,3,14700,21250,15500,23550,14600,21050,force-buy,full,84192,7,Navi junior,3,0
5646,"3aef82602b64df49",15,91581,97383,92861,98747,96356,102459,96804,102937,Masonic,Navi junior,7,8,2,3,16000,20750,6850,27900,7150,13700,semi,full,74765,9,Masonic,2,0
5647,"3aef82602b64df49",16,96804,102937,98084,104295,103235,109771,103683,110245,Masonic,Navi junior,8,8,2,3,26900,15700,24650,16950,16550,15450,full,force-buy,100659,1,Masonic,2,0
5648,"3aef82602b64df49",17,103683,110245,104963,111608,110506,117500,110954,117972,Masonic,Navi junior,9,8,2,3,29050,10700,25800,12000,16700,2100,full,semi,106860,9,Masonic,2,0
5649,"3aef82602b64df49",18,110954,117972,112234,119336,116232,123586,116680,124059,Masonic,Navi junior,9,9,2,3,30600,22050,27550,22900,16500,21600,full,full,82689,8,Navi junior,3,0
5650,"3aef82602b64df49",19,116680,124059,117960,125422,122824,130588,123272,131062,Masonic,Navi junior,9,10,2,3,21800,19450,22700,26700,21400,15950,full,full,96167,8,Navi junior,3,0
5651,"3aef82602b64df49",20,123272,131062,132415,140782,134682,143194,135130,143666,Masonic,Navi junior,9,11,2,3,10500,22500,1000,29050,0,14100,eco,full,178695,7,Navi junior,3,0
5652,"3aef82602b64df49",21,135130,143666,136410,145029,140334,149110,140782,149558,Masonic,Navi junior,9,12,2,3,26100,28750,25350,29550,24650,7300,full,full,80186,8,Navi junior,3,0
5653,"3aef82602b64df49",22,140782,149558,142062,150838,144987,153764,144987,153764,Masonic,Navi junior,9,13,2,3,18350,44500,17100,30950,15900,13500,force-buy,full,61951,8,Navi junior,3,0
5786,"57fc4ddfd0f33850",1,126,175,1404,1528,4692,5006,5012,5340,Lilmix,Bebop,0,1,3,2,4000,4000,4050,4200,3450,3400,pistol,pistol,71336,9,Bebop,2,0
5787,"57fc4ddfd0f33850",2,5012,5340,6292,6694,9796,10398,10116,10739,Lilmix,Bebop,1,1,3,2,10600,18650,10450,17350,9850,15700,force-buy,semi,74688,8,Lilmix,3,0
5788,"57fc4ddfd0f33850",3,10116,10739,11396,12095,18368,19466,18688,19807,Lilmix,Bebop,1,2,3,2,20950,11150,22000,11100,18900,10700,semi,force-buy,128867,9,Bebop,2,0
5789,"57fc4ddfd0f33850",4,18688,19807,19968,21155,24200,25631,24520,25971,Lilmix,Bebop,1,3,3,2,10700,18200,10500,23150,10300,15450,force-buy,full,86000,9,Bebop,2,0
5790,"57fc4ddfd0f33850",5,24520,25971,25800,27328,30762,32574,31082,32909,Lilmix,Bebop,1,4,3,2,11550,20800,2200,19600,1600,10100,eco,semi,97503,9,Bebop,2,0
5791,"57fc4ddfd0f33850",6,31082,32909,32362,34265,37451,39643,37771,39983,Lilmix,Bebop,1,5,3,2,21950,28750,22550,27750,21550,11850,full,full,99437,9,Bebop,2,0
5792,"57fc4ddfd0f33850",7,37771,39983,39051,41341,43167,45689,43487,46031,Lilmix,Bebop,1,6,3,2,15450,34450,5800,27350,5800,7900,semi,full,84257,9,Bebop,2,0
5793,"57fc4ddfd0f33850",8,43487,46031,44767,47381,47580,50355,47900,50697,Lilmix,Bebop,2,6,3,2,28300,44300,28050,27950,27050,15700,full,full,63850,8,Lilmix,3,0
5794,"57fc4ddfd0f33850",9,47900,50697,49180,52048,55260,58477,55580,58819,Lilmix,Bebop,3,6,3,2,19850,36500,29900,25400,17250,24400,full,full,114883,8,Lilmix,3,0
5795,"57fc4ddfd0f33850",10,55580,58819,56860,60169,59735,63209,60055,63547,Lilmix,Bebop,4,6,3,2,21200,22500,29700,21900,17750,21100,full,full,64824,8,Lilmix,3,0
5796,"57fc4ddfd0f33850",11,60055,63547,61335,64903,68353,72320,68673,72661,Lilmix,Bebop,5,6,3,2,22050,14000,30650,4400,13500,4200,full,eco,129546,7,Lilmix,3,0
5797,"57fc4ddfd0f33850",12,68673,72661,69953,74018,78517,83069,79477,84096,Lilmix,Bebop,5,7,3,2,28350,28600,28450,27750,23550,21750,full,full,153689,9,Bebop,2,0
5798,"57fc4ddfd0f33850",13,79477,84096,80757,85455,84112,89005,84432,89342,Lilmix,Bebop,5,8,2,3,4000,4000,4300,4400,3300,3400,pistol,pistol,72488,8,Bebop,3,0
5799,"57fc4ddfd0f33850",14,84432,89342,85712,90694,88330,93466,88650,93803,Lilmix,Bebop,5,9,2,3,11100,19600,2500,21200,2100,19050,eco,semi,60896,8,Bebop,3,0
5800,"57fc4ddfd0f33850",15,88650,93803,89930,95154,96992,102625,97312,102964,Lilmix,Bebop,6,9,2,3,21000,20150,22300,25100,20800,6100,full,full,130269,1,Lilmix,2,0
5801,"57fc4ddfd0f33850",16,97312,102964,98592,104313,104828,110913,105148,111248,Lilmix,Bebop,6,10,2,3,19200,22700,23550,25350,15150,20150,full,full,117378,8,Bebop,3,0
5802,"57fc4ddfd0f33850",17,105148,111248,106428,112601,111185,117633,111505,117972,Lilmix,Bebop,6,11,2,3,14150,21550,3300,27350,3100,10250,eco,full,94284,7,Bebop,3,0
5803,"57fc4ddfd0f33850",18,111505,117972,112785,119323,116691,123456,117011,123792,Lilmix,Bebop,6,12,2,3,27250,31850,26300,29750,25300,20350,full,full,80979,8,Bebop,3,0
5804,"57fc4ddfd0f33850",19,117011,123792,118291,125147,124648,131870,124648,131870,Lilmix,Bebop,6,13,2,3,17300,42650,16700,30350,16150,5200,force-buy,full,119283,8,Bebop,3,0
5847,"567d936e05038078",1,5979,6395,7674,8198,11017,11746,11465,12225,FUT AC,Truck Drivers,1,0,3,2,4000,4000,4200,4200,3400,3400,pistol,pistol,78993,8,FUT AC,3,0
5848,"567d936e05038078",2,14418,15364,15698,16725,19422,20682,19870,21155,FUT AC,Truck Drivers,1,1,3,2,19600,10700,21400,10350,19250,10250,semi,force-buy,78506,9,Truck Drivers,2,0
5849,"567d936e05038078",3,19870,21155,21150,22518,27520,29286,27968,29763,FUT AC,Truck Drivers,1,2,3,2,9000,18800,9000,25000,8600,14600,force-buy,full,120032,1,Truck Drivers,2,0
5850,"567d936e05038078",4,33761,35922,35041,37278,42330,45024,42778,45505,FUT AC,Truck Drivers,1,3,3,2,9900,22300,8000,25300,650,4850,semi,full,134366,1,Truck Drivers,2,0
5851,"567d936e05038078",5,42778,45505,44058,46859,50056,53238,50504,53715,FUT AC,Truck Drivers,1,4,3,2,21800,36750,22850,25400,21150,7500,full,full,114157,9,Truck Drivers,2,0
5852,"567d936e05038078",6,50504,53715,51784,55074,56714,60310,57162,60789,FUT AC,Truck Drivers,1,5,3,2,17350,47300,7550,27250,7350,23150,semi,full,97357,9,Truck Drivers,2,0
5853,"567d936e05038078",7,57162,60789,60238,64058,68307,72634,68755,73110,FUT AC,Truck Drivers,1,6,3,2,28100,42200,27300,27950,26300,14350,full,full,174859,9,Truck Drivers,2,0
5854,"567d936e05038078",8,68755,73110,70035,74471,76688,81537,77136,82018,FUT AC,Truck Drivers,1,7,3,2,20800,45900,22150,27650,20650,20600,force-buy,full,124402,9,Truck Drivers,2,0
5855,"567d936e05038078",9,77136,82018,78416,83373,83400,88670,83848,89149,FUT AC,Truck Drivers,1,8,3,2,18800,42950,20000,27350,18700,16900,force-buy,full,98199,9,Truck Drivers,2,0
5856,"567d936e05038078",10,83848,89149,85128,90507,93561,99470,94009,99946,FUT AC,Truck Drivers,1,9,3,2,17650,43700,15100,27350,14100,7500,semi,full,152362,1,Truck Drivers,2,0
5857,"567d936e05038078",11,94009,99946,95289,101306,100987,107366,101435,107838,FUT AC,Truck Drivers,1,10,3,2,22750,54750,27300,27850,21950,23950,full,full,109536,9,Truck Drivers,2,0
5858,"567d936e05038078",12,101435,107838,102715,109221,106514,113260,110083,117047,FUT AC,Truck Drivers,2,10,3,2,19400,45500,20150,27950,19150,20600,force-buy,full,80041,8,FUT AC,3,0
5859,"567d936e05038078",13,110083,117047,111779,118851,116339,123700,116787,124172,FUT AC,Truck Drivers,3,10,2,3,4000,4000,4200,4300,3400,3300,pistol,pistol,98213,9,FUT AC,2,0
5860,"567d936e05038078",14,116787,124172,118067,125535,121126,128787,121574,129259,FUT AC,Truck Drivers,3,11,2,3,18350,12400,18800,12900,17700,11800,semi,force-buy,68128,8,Truck Drivers,3,0
5861,"567d936e05038078",15,121574,129259,122854,130623,125609,133547,126057,134022,FUT AC,Truck Drivers,3,12,2,3,8850,20800,8150,23600,8450,16150,force-buy,full,63300,8,Truck Drivers,3,0
5862,"567d936e05038078",16,126057,134022,127337,135384,130594,138734,131042,139182,FUT AC,Truck Drivers,4,12,2,3,9900,23650,9850,27650,9650,8200,force-buy,full,69560,9,FUT AC,2,0
5863,"567d936e05038078",17,131042,139182,132322,140462,135000,143141,135000,143141,FUT AC,Truck Drivers,4,13,2,3,10950,19050,24250,23400,15250,22600,full,full,58444,8,Truck Drivers,3,0
5864,c0a9626907f6487d,1,112,160,1806,1939,8173,8643,8493,8976,Bushido Wildcats,Pigeons,0,1,3,2,4000,4000,4200,4900,3400,3450,pistol,pistol,125930,9,Pigeons,2,0
5865,c0a9626907f6487d,2,8493,8976,9773,10326,15133,15967,15453,16302,Bushido Wildcats,Pigeons,0,2,3,2,11750,18600,2000,18700,1400,17700,eco,semi,103781,9,Pigeons,2,0
5866,c0a9626907f6487d,3,15453,16302,16733,17648,23502,24771,23822,25109,Bushido Wildcats,Pigeons,1,2,3,2,22900,19250,23450,21750,22450,8700,full,full,125722,8,Bushido Wildcats,3,0
5867,c0a9626907f6487d,4,25832,27224,27112,28569,32246,33974,32566,34312,Bushido Wildcats,Pigeons,2,2,3,2,19450,18450,26700,18400,14350,17600,full,force-buy,100204,8,Bushido Wildcats,3,0
5868,c0a9626907f6487d,5,32566,34312,33846,35654,38056,40085,38376,40425,Bushido Wildcats,Pigeons,3,2,3,2,24100,10350,28100,1500,5300,700,full,eco,85700,8,Bushido Wildcats,3,0
5869,c0a9626907f6487d,6,38376,40425,39656,41772,43137,45438,43457,45768,Bushido Wildcats,Pigeons,4,2,3,2,37800,21650,28300,22300,3400,21300,full,full,74418,8,Bushido Wildcats,3,0
5870,c0a9626907f6487d,7,43457,45768,44737,47117,47508,50032,47828,50369,Bushido Wildcats,Pigeons,5,2,3,2,53400,15750,30850,8000,19750,7800,full,semi,63299,8,Bushido Wildcats,3,0
5871,c0a9626907f6487d,8,47828,50369,49108,51718,54563,57455,54883,57795,Bushido Wildcats,Pigeons,6,2,3,2,52250,25550,31250,26000,13250,25300,full,full,105192,8,Bushido Wildcats,3,0
5872,c0a9626907f6487d,9,57136,60165,58416,61509,63853,67234,64173,67567,Bushido Wildcats,Pigeons,7,2,3,2,57800,17850,31150,10350,13000,9800,full,semi,104939,8,Bushido Wildcats,3,0
5873,c0a9626907f6487d,10,64173,67567,68585,72209,72844,76691,73164,77030,Bushido Wildcats,Pigeons,7,3,3,2,63400,25650,31150,26850,14000,25050,full,full,135446,9,Pigeons,2,0
5874,c0a9626907f6487d,11,73164,77030,74444,78380,81804,86122,82124,86462,Bushido Wildcats,Pigeons,8,3,3,2,57500,18250,31150,27550,30550,12300,full,full,134971,8,Bushido Wildcats,3,0
5875,c0a9626907f6487d,12,82124,86462,83404,87803,87084,91679,87628,92261,Bushido Wildcats,Pigeons,9,3,3,2,45550,21050,31750,20900,18150,20200,full,full,77446,8,Bushido Wildcats,3,0
5876,c0a9626907f6487d,13,87628,92261,92606,97494,98792,104005,99111,104339,Bushido Wildcats,Pigeons,9,4,2,3,3200,4000,4550,4300,3350,3300,pistol,pistol,174340,8,Pigeons,3,0
5877,c0a9626907f6487d,14,99111,104339,100391,105689,104367,109858,104687,110191,Bushido Wildcats,Pigeons,9,5,2,3,11050,19700,2000,20650,1400,18950,eco,semi,81929,8,Pigeons,3,0
5878,c0a9626907f6487d,15,104687,110191,105967,111540,114427,120442,114747,120780,Bushido Wildcats,Pigeons,10,5,2,3,21950,20050,22800,27150,21600,9850,full,full,152176,9,Bushido Wildcats,2,0
5879,c0a9626907f6487d,16,114747,120780,116027,122123,119717,126008,120037,126343,Bushido Wildcats,Pigeons,10,6,2,3,18400,19400,21000,20200,15900,19100,full,force-buy,77610,8,Pigeons,3,0
5880,c0a9626907f6487d,17,120037,126343,121317,127693,126322,132959,126642,133296,Bushido Wildcats,Pigeons,10,7,2,3,12600,19100,5500,29450,4700,14550,semi,full,98214,8,Pigeons,3,0
5881,c0a9626907f6487d,18,126642,133296,127922,134639,132945,139925,133265,140263,Bushido Wildcats,Pigeons,11,7,2,3,20800,23550,21200,29350,20400,16100,full,full,98407,9,Bushido Wildcats,2,0
5882,c0a9626907f6487d,19,133265,140263,134545,141614,138219,145478,138539,145815,Bushido Wildcats,Pigeons,12,7,2,3,18450,15000,26100,15150,8800,14550,full,force-buy,77417,9,Bushido Wildcats,2,0
5883,c0a9626907f6487d,20,138539,145815,139819,147158,142901,150401,142901,150401,Bushido Wildcats,Pigeons,13,7,2,3,37000,12350,23950,10900,9350,10700,full,force-buy,68079,9,Bushido Wildcats,2,0
5899,"7dd33b8d61df65e",1,5980,6395,7675,8194,11975,12770,12423,13244,UNiTY,Fingers Crossed,0,1,3,2,4000,4000,4250,4300,3250,3500,pistol,pistol,93861,9,Fingers Crossed,2,0
5900,"7dd33b8d61df65e",2,12423,13244,13703,14606,19392,20647,19840,21128,UNiTY,Fingers Crossed,1,1,3,2,12450,18550,12050,18400,11250,17300,force-buy,semi,108996,8,UNiTY,3,0
5901,"7dd33b8d61df65e",3,19840,21128,21120,22482,23101,24593,23549,25068,UNiTY,Fingers Crossed,2,1,3,2,20800,8550,22900,7950,9950,7950,full,force-buy,51016,8,UNiTY,3,0
5902,"7dd33b8d61df65e",4,23549,25068,24829,26429,30161,32091,30609,32573,UNiTY,Fingers Crossed,3,1,3,2,29850,10700,22300,1500,8850,700,semi,eco,103401,8,UNiTY,3,0
5903,"7dd33b8d61df65e",5,30609,32573,31889,33928,34982,37217,35430,37696,UNiTY,Fingers Crossed,4,1,3,2,40600,22300,27600,22700,11850,22000,full,full,68375,8,UNiTY,3,0
5904,"7dd33b8d61df65e",6,35430,37696,36710,39052,39785,42321,40233,42799,UNiTY,Fingers Crossed,5,1,3,2,47550,14800,29450,6400,5400,6200,full,semi,68095,8,UNiTY,3,0
5905,"7dd33b8d61df65e",7,40233,42799,41513,44157,48401,51475,48849,51957,UNiTY,Fingers Crossed,6,1,3,2,61150,25900,31350,26350,10300,25350,full,full,127739,8,UNiTY,3,0
5906,"7dd33b8d61df65e",8,50769,53997,52049,55351,54430,57887,54878,58359,UNiTY,Fingers Crossed,7,1,3,2,69450,17750,31350,10450,17150,10450,full,semi,57273,8,UNiTY,3,0
5907,"7dd33b8d61df65e",9,54878,58359,56158,59723,65625,69781,66073,70257,UNiTY,Fingers Crossed,7,2,3,2,70650,24600,31000,24600,9550,23900,full,full,168169,9,Fingers Crossed,2,0
5908,"7dd33b8d61df65e",10,66073,70257,67353,71617,76122,80940,76570,81412,UNiTY,Fingers Crossed,7,3,3,2,70100,18750,30500,21500,29700,16800,full,full,157289,1,Fingers Crossed,2,0
5909,"7dd33b8d61df65e",11,76570,81412,77850,82776,83890,89189,84338,89668,UNiTY,Fingers Crossed,7,4,3,2,52450,20950,30850,21700,30050,20700,full,full,114503,9,Fingers Crossed,2,0
5910,"7dd33b8d61df65e",12,84338,89668,85618,91026,92978,98869,95438,101484,UNiTY,Fingers Crossed,8,4,3,2,35850,18300,31250,26350,31750,16000,full,full,135469,12,UNiTY,3,0
5911,"7dd33b8d61df65e",13,95438,101484,97134,103283,99870,106193,100318,106666,UNiTY,Fingers Crossed,8,5,2,3,4000,4000,4550,4250,3450,3250,pistol,pistol,69332,8,Fingers Crossed,3,0
5912,"7dd33b8d61df65e",14,100318,106666,101598,108029,104513,111126,104961,111598,UNiTY,Fingers Crossed,8,6,2,3,10650,19750,1600,20500,1000,17550,eco,semi,65665,8,Fingers Crossed,3,0
5913,"7dd33b8d61df65e",15,104961,111598,106241,112961,113752,120942,114200,121417,UNiTY,Fingers Crossed,9,6,2,3,21950,21500,22800,27100,21800,12550,full,full,137574,1,UNiTY,2,0
5914,"7dd33b8d61df65e",16,114200,121417,115480,122779,122840,130599,123288,131080,UNiTY,Fingers Crossed,9,7,2,3,19150,18500,19350,23650,18350,18350,semi,full,135189,12,Fingers Crossed,3,0
5915,"7dd33b8d61df65e",17,123288,131080,124568,132435,130049,138262,130497,138734,UNiTY,Fingers Crossed,9,8,2,3,9000,19150,1600,24550,1000,11250,eco,full,105742,8,Fingers Crossed,3,0
5916,"7dd33b8d61df65e",18,132417,140775,133697,142139,135954,144540,136402,145013,UNiTY,Fingers Crossed,9,9,2,3,20300,27200,22350,29750,20150,11350,full,full,55433,8,Fingers Crossed,3,0
5917,"7dd33b8d61df65e",19,136402,145013,137682,146375,140345,149203,140793,149679,UNiTY,Fingers Crossed,9,10,2,3,15550,34450,9550,29450,9150,17400,semi,full,61690,8,Fingers Crossed,3,0
5918,"7dd33b8d61df65e",20,140793,149679,142073,151039,145024,154176,145472,154648,UNiTY,Fingers Crossed,9,11,2,3,23400,36050,23600,30250,22600,3400,full,full,66210,8,Fingers Crossed,3,0
5919,"7dd33b8d61df65e",21,147392,156688,148672,158052,150459,159948,150907,160428,UNiTY,Fingers Crossed,9,12,2,3,18400,51450,13150,31150,12250,14500,semi,full,47997,8,Fingers Crossed,3,0
5920,"7dd33b8d61df65e",22,150907,160428,152187,161784,158069,167871,158517,168319,UNiTY,Fingers Crossed,10,12,2,3,23750,55550,24350,31250,23150,13600,full,full,109585,9,UNiTY,2,0
5921,"7dd33b8d61df65e",23,158517,168319,159797,169737,161448,171389,161448,171389,UNiTY,Fingers Crossed,10,13,2,3,17750,38100,26150,30450,15700,29650,full,full,45200,8,Fingers Crossed,3,0
5987,f703badc67aea0fe,1,105,155,1800,1939,6342,6713,6662,7053,Satriales,HereWeGoAgain,0,1,3,2,4000,4000,4250,4300,3250,3300,pistol,pistol,97303,1,HereWeGoAgain,2,0
5988,f703badc67aea0fe,2,6662,7053,7942,8403,12258,12941,12578,13281,Satriales,HereWeGoAgain,1,1,3,2,11350,19700,10050,20450,9200,19050,semi,full,87362,8,Satriales,3,0
5989,f703badc67aea0fe,3,12578,13281,13858,14623,15501,16354,15821,16694,Satriales,HereWeGoAgain,2,1,3,2,20750,8550,24200,8750,15900,8350,full,force-buy,45595,8,Satriales,3,0
5990,f703badc67aea0fe,4,18692,19713,19972,21056,22180,23384,22500,23718,Satriales,HereWeGoAgain,3,1,3,2,23850,10300,26500,2850,10000,1750,full,eco,54467,8,Satriales,3,0
5991,f703badc67aea0fe,5,22500,23718,23780,25065,30997,32664,31317,32996,Satriales,HereWeGoAgain,3,2,3,2,33150,20550,26800,22150,3100,19950,full,full,132734,1,HereWeGoAgain,2,0
5992,f703badc67aea0fe,6,31317,32996,32597,34344,39436,41544,39756,41875,Satriales,HereWeGoAgain,3,3,3,2,38700,19900,30450,24700,29450,16100,full,full,126829,9,HereWeGoAgain,2,0
5993,f703badc67aea0fe,7,39756,41875,41036,43224,47008,49508,47328,49848,Satriales,HereWeGoAgain,3,4,3,2,20550,21550,21450,22450,20450,17750,force-buy,full,113253,9,HereWeGoAgain,2,0
5994,f703badc67aea0fe,8,47328,49848,48608,51191,53602,56446,53922,56784,Satriales,HereWeGoAgain,3,5,3,2,13200,21850,2300,22350,1900,10550,eco,full,97896,1,HereWeGoAgain,2,0
5995,f703badc67aea0fe,9,53922,56784,55202,58134,59877,63050,60197,63390,Satriales,HereWeGoAgain,3,6,3,2,26900,30300,27850,25400,26350,12900,full,full,92970,9,HereWeGoAgain,2,0
5996,f703badc67aea0fe,10,60197,63390,61477,64734,65717,69197,66037,69531,Satriales,HereWeGoAgain,3,7,3,2,19750,35450,17700,25400,17100,20800,semi,full,86160,9,HereWeGoAgain,2,0
5997,f703badc67aea0fe,11,68709,72343,69989,73694,76473,80516,76793,80849,Satriales,HereWeGoAgain,3,8,3,2,20750,32700,12750,25500,12150,13700,semi,full,121265,9,HereWeGoAgain,2,0
5998,f703badc67aea0fe,12,79267,83454,80547,84804,83024,87412,83568,87995,Satriales,HereWeGoAgain,4,8,3,2,26450,37050,27700,25500,26400,9150,full,full,58726,8,Satriales,3,0
5999,f703badc67aea0fe,13,83568,87995,85264,89785,88640,93338,88960,93678,Satriales,HereWeGoAgain,4,9,2,3,4000,4000,4300,4300,3300,3300,pistol,pistol,79275,7,HereWeGoAgain,3,0
6000,f703badc67aea0fe,14,88960,93678,90240,95020,92509,97408,92829,97748,Satriales,HereWeGoAgain,4,10,2,3,14100,21250,13800,22650,13000,20600,force-buy,full,55343,8,HereWeGoAgain,3,0
6001,f703badc67aea0fe,15,92829,97748,94109,99093,99589,104858,99909,105199,Satriales,HereWeGoAgain,4,11,2,3,13400,19650,4800,29300,4800,10500,eco,full,105493,8,HereWeGoAgain,3,0
6002,f703badc67aea0fe,16,99909,105199,101189,106542,108834,114586,109154,114926,Satriales,HereWeGoAgain,5,11,2,3,24300,28150,24600,28000,23400,21900,full,full,139278,1,Satriales,2,0
6003,f703badc67aea0fe,17,109154,114926,110434,116273,115017,121093,115337,121431,Satriales,HereWeGoAgain,5,12,2,3,19900,14350,25600,18650,13100,13950,full,force-buy,91501,7,HereWeGoAgain,3,0
6004,f703badc67aea0fe,18,115337,121431,116617,122780,123088,129587,123408,129923,Satriales,HereWeGoAgain,6,12,2,3,22700,21850,23350,28200,22350,15450,full,full,121013,1,Satriales,2,0
6005,f703badc67aea0fe,19,126370,133042,127650,134386,131133,138051,131133,138051,Satriales,HereWeGoAgain,6,13,2,3,20100,20200,26350,20400,12750,14200,full,force-buy,74320,7,HereWeGoAgain,3,0
6195,a62fe0afd3034f42,1,100,141,1794,1925,6612,6994,6932,7334,Charrados,paiN Academy,0,1,3,2,4000,4000,5350,4250,3550,3450,pistol,pistol,101703,1,paiN Academy,2,0
6196,a62fe0afd3034f42,2,6932,7334,8212,8677,16965,17889,17285,18229,Charrados,paiN Academy,0,2,3,2,11850,19250,14500,19700,11700,18700,force-buy,semi,156644,1,paiN Academy,2,0
6197,a62fe0afd3034f42,3,17285,18229,18565,19568,27001,28447,27321,28787,Charrados,paiN Academy,0,3,3,2,14950,19550,3250,21200,3050,17200,eco,full,151643,1,paiN Academy,2,0
6198,a62fe0afd3034f42,4,27321,28787,28601,30134,34273,36099,34593,36440,Charrados,paiN Academy,1,3,3,2,26400,21350,27150,21900,25850,2700,full,full,108515,8,Charrados,3,0
6199,a62fe0afd3034f42,5,34593,36440,35873,37784,39549,41655,39869,41987,Charrados,paiN Academy,1,4,3,2,19350,26550,27400,26250,16400,25550,full,full,77394,9,paiN Academy,2,0
6200,a62fe0afd3034f42,6,39869,41987,41149,43336,45690,48116,46010,48448,Charrados,paiN Academy,1,5,3,2,16050,18550,4850,25200,4250,12300,eco,full,90959,1,paiN Academy,2,0
6201,a62fe0afd3034f42,7,48018,50567,49298,51909,57170,60193,57490,60530,Charrados,paiN Academy,1,6,3,2,26300,24350,28050,25400,25400,5150,full,full,142857,1,paiN Academy,2,0
6202,a62fe0afd3034f42,8,57490,60530,58770,61881,63985,67367,64305,67704,Charrados,paiN Academy,1,7,3,2,19350,38200,16250,25000,10250,16900,semi,full,101466,1,paiN Academy,2,0
6203,a62fe0afd3034f42,9,66374,69877,67654,71226,77066,81131,77386,81471,Charrados,paiN Academy,1,8,3,2,27650,40300,28150,27450,23600,16600,full,full,167018,1,paiN Academy,2,0
6204,a62fe0afd3034f42,10,77386,81471,78666,82812,86531,91088,86851,91428,Charrados,paiN Academy,2,8,3,2,22700,42700,25850,27350,21100,17200,full,full,142723,7,Charrados,3,0
6205,a62fe0afd3034f42,11,86851,91428,88131,92777,97673,102814,97993,103153,Charrados,paiN Academy,2,9,3,2,21950,36700,27150,27150,16250,26950,full,full,168977,1,paiN Academy,2,0
6206,a62fe0afd3034f42,12,97993,103153,99273,104502,105871,111442,106415,112026,Charrados,paiN Academy,3,9,3,2,21100,28450,30500,27150,18400,12700,full,full,123015,8,Charrados,3,0
6207,a62fe0afd3034f42,13,106415,112026,108111,113823,112946,118909,113266,119249,Charrados,paiN Academy,4,9,2,3,4000,4000,4350,4150,3350,3550,pistol,pistol,102149,1,Charrados,2,0
6208,a62fe0afd3034f42,14,113266,119249,114546,120589,120041,126375,120361,126714,Charrados,paiN Academy,5,9,2,3,19650,10500,21550,1650,19250,0,full,eco,105755,1,Charrados,2,0
6209,a62fe0afd3034f42,15,120361,126714,121641,128055,126766,133452,127086,133792,Charrados,paiN Academy,5,10,2,3,20000,23050,22750,23900,8800,22900,full,full,99997,8,paiN Academy,3,0
6210,a62fe0afd3034f42,16,127086,133792,128366,135133,132951,139958,133271,140298,Charrados,paiN Academy,5,11,2,3,18500,19150,19000,27950,18100,11600,force-buy,full,91508,7,paiN Academy,3,0
6211,a62fe0afd3034f42,17,133271,140298,134551,141644,141911,149389,142231,149726,Charrados,paiN Academy,5,12,2,3,13800,28100,14250,29250,13250,15550,force-buy,full,134917,12,paiN Academy,3,0
6212,a62fe0afd3034f42,18,142231,149726,143511,151070,148460,156280,148460,156280,Charrados,paiN Academy,5,13,2,3,7900,34100,13750,30950,10200,15800,force-buy,full,97266,7,paiN Academy,3,0
6324,"79e72cc113e197a3",1,125,167,1820,1952,7088,7497,7408,7831,Pigeons,rottweilers,0,1,3,2,4000,4000,4950,4350,3550,3350,pistol,pistol,108739,1,rottweilers,2,0
6325,"79e72cc113e197a3",2,7408,7831,14109,14883,19154,20191,19474,20530,Pigeons,rottweilers,0,2,3,2,12700,19650,13950,19850,12450,18550,force-buy,semi,183358,1,rottweilers,2,0
6326,"79e72cc113e197a3",3,19474,20530,20754,21880,25451,26818,25771,27158,Pigeons,rottweilers,0,3,3,2,13350,20100,5150,22250,2800,10550,semi,full,93281,1,rottweilers,2,0
6327,"79e72cc113e197a3",4,25771,27158,27051,28504,30248,31865,30568,32205,Pigeons,rottweilers,0,4,3,2,26150,28250,26150,26650,19350,14100,full,full,69827,9,rottweilers,2,0
6328,"79e72cc113e197a3",5,30568,32205,31848,33551,39208,41298,39528,41633,Pigeons,rottweilers,1,4,3,2,25200,31700,25500,27300,23700,12700,full,full,134893,12,Pigeons,3,0
6329,"79e72cc113e197a3",6,39528,41633,40808,42977,47727,50258,48047,50598,Pigeons,rottweilers,2,4,3,2,18850,23300,19550,26950,18350,13000,semi,full,127950,8,Pigeons,3,0
6330,"79e72cc113e197a3",7,50975,53677,52255,55027,60850,64071,61170,64404,Pigeons,rottweilers,2,5,3,2,19500,21000,25050,20700,18300,19700,full,full,154193,9,rottweilers,2,0
6331,"79e72cc113e197a3",8,61170,64404,62450,65755,65240,68688,65560,69026,Pigeons,rottweilers,2,6,3,2,15250,19350,15650,20450,14750,18950,force-buy,full,63552,9,rottweilers,2,0
6332,"79e72cc113e197a3",9,65560,69026,66840,70375,71675,75461,71995,75799,Pigeons,rottweilers,2,7,3,2,16650,18450,6550,23300,6550,15600,semi,full,95462,9,rottweilers,2,0
6333,"79e72cc113e197a3",10,71995,75799,73275,77142,79270,83453,79590,83788,Pigeons,rottweilers,3,7,3,2,27650,20900,27600,25650,26100,8750,full,full,113546,8,Pigeons,3,0
6334,"79e72cc113e197a3",11,79590,83788,80870,85138,82967,87345,83287,87678,Pigeons,rottweilers,4,7,3,2,19950,20050,28550,18850,17700,18650,full,force-buy,52767,8,Pigeons,3,0
6335,"79e72cc113e197a3",12,83287,87678,84567,89026,91465,96285,92009,96869,Pigeons,rottweilers,4,8,3,2,21050,10900,31650,10900,10150,10700,full,force-buy,127683,9,rottweilers,2,0
6336,"79e72cc113e197a3",13,92009,96869,93705,98664,96424,101524,96744,101863,Pigeons,rottweilers,5,8,2,3,4000,4000,4550,4250,3350,3250,pistol,pistol,69056,9,Pigeons,2,0
6337,"79e72cc113e197a3",14,96744,101863,98024,103204,101971,107362,102291,107698,Pigeons,rottweilers,5,9,2,3,18700,11350,19150,10600,17850,10200,semi,force-buy,81576,8,rottweilers,3,0
6338,"79e72cc113e197a3",15,102291,107698,103571,109041,110906,116761,111226,117098,Pigeons,rottweilers,6,9,2,3,9650,20150,9500,22150,9300,19800,force-buy,semi,134448,1,Pigeons,2,0
6339,"79e72cc113e197a3",16,111226,117098,112506,118449,119866,126191,120186,126531,Pigeons,rottweilers,6,10,2,3,19350,9000,21250,13300,16850,8500,full,force-buy,134893,12,rottweilers,3,0
6340,"79e72cc113e197a3",17,120186,126531,121466,127873,128032,134786,128352,135118,Pigeons,rottweilers,6,11,2,3,9900,18950,14250,23300,9550,17800,force-buy,full,122461,8,rottweilers,3,0
6341,"79e72cc113e197a3",18,128352,135118,129632,136468,131440,138368,131760,138707,Pigeons,rottweilers,6,12,2,3,10750,20750,2000,24550,1400,15350,eco,full,48213,8,rottweilers,3,0
6342,"79e72cc113e197a3",19,131760,138707,133040,140056,137542,144789,137862,145129,Pigeons,rottweilers,7,12,2,3,21350,24700,22100,29550,20900,8550,full,full,90225,1,Pigeons,2,0
6343,"79e72cc113e197a3",20,137862,145129,139142,146474,141870,149347,141870,149347,Pigeons,rottweilers,7,13,2,3,10900,19150,19050,30600,18050,24300,semi,full,62573,8,rottweilers,3,0
6429,e097ff1c532969b1,1,5980,6395,7674,8192,11401,12153,11849,12626,MOUZ NXT,Basement Boys,1,0,3,2,4000,4000,4300,4700,3300,3300,pistol,pistol,84805,7,MOUZ NXT,3,0
6430,e097ff1c532969b1,2,11849,12626,13129,13990,18459,19657,18907,20129,MOUZ NXT,Basement Boys,2,0,3,2,21250,13800,23300,13400,20900,13000,full,force-buy,103554,8,MOUZ NXT,3,0
6431,e097ff1c532969b1,3,18907,20129,20187,21494,25388,27020,25836,27492,MOUZ NXT,Basement Boys,3,0,3,2,19150,13700,27000,4250,15750,4050,full,eco,101492,8,MOUZ NXT,3,0
6432,e097ff1c532969b1,4,25836,27492,27116,28856,34476,36673,34924,37151,MOUZ NXT,Basement Boys,4,0,3,2,22700,24750,30150,25500,14200,24500,full,full,135219,12,MOUZ NXT,3,0
6433,e097ff1c532969b1,5,36844,39191,38124,40550,45484,48371,45932,48847,MOUZ NXT,Basement Boys,5,0,3,2,26750,14250,29950,12900,14500,7200,full,semi,135205,12,MOUZ NXT,3,0
6434,e097ff1c532969b1,6,45932,48847,47212,50199,52037,55304,52485,55776,MOUZ NXT,Basement Boys,6,0,3,2,30700,20750,30550,26600,10000,20300,full,full,95100,8,MOUZ NXT,3,0
6435,e097ff1c532969b1,7,52485,55776,67954,72188,70794,75203,71242,75684,MOUZ NXT,Basement Boys,7,0,3,2,39700,14350,30150,10550,16450,9850,full,semi,286125,8,MOUZ NXT,3,0
6436,e097ff1c532969b1,8,71242,75684,72522,77039,77271,82089,77719,82564,MOUZ NXT,Basement Boys,8,0,3,2,42050,24700,30650,25500,12900,23700,full,full,94334,8,MOUZ NXT,3,0
6437,e097ff1c532969b1,9,77719,82564,115395,122570,120432,127837,120880,128310,MOUZ NXT,Basement Boys,8,1,3,2,47950,19000,30550,13900,24950,12950,full,semi,666790,9,Basement Boys,2,0
6438,e097ff1c532969b1,10,120880,128310,122160,129672,126271,134037,126719,134517,MOUZ NXT,Basement Boys,9,1,3,2,32200,24100,29650,25200,28650,19800,full,full,84348,7,MOUZ NXT,3,0
6439,e097ff1c532969b1,11,126719,134517,127999,135874,133282,141493,133730,141991,MOUZ NXT,Basement Boys,10,1,3,2,23550,22400,30550,26050,12600,21050,full,full,102744,8,MOUZ NXT,3,0
6440,e097ff1c532969b1,12,133730,141991,135010,143349,139520,148146,141316,150051,MOUZ NXT,Basement Boys,10,2,3,2,29550,18450,31750,19100,12000,18100,full,force-buy,90652,9,Basement Boys,2,0
6441,e097ff1c532969b1,13,141316,150051,143012,151854,147241,156348,147689,156822,MOUZ NXT,Basement Boys,10,3,2,3,4000,4000,4700,4300,3300,3300,pistol,pistol,92743,7,Basement Boys,3,0
6442,e097ff1c532969b1,14,147689,156822,148969,158184,155416,165036,155864,165513,MOUZ NXT,Basement Boys,10,4,2,3,13800,21250,5450,23650,4750,20150,semi,full,120977,8,Basement Boys,3,0
6443,e097ff1c532969b1,15,155864,165513,177310,188303,181399,192649,181847,193122,MOUZ NXT,Basement Boys,11,4,2,3,21350,21300,22000,29150,21000,10800,full,full,399665,9,MOUZ NXT,2,0
6444,e097ff1c532969b1,16,181847,193122,183127,194484,188705,200316,189153,200764,MOUZ NXT,Basement Boys,12,4,2,3,18400,18400,24600,18150,11600,17350,full,force-buy,105954,1,MOUZ NXT,2,0
6445,e097ff1c532969b1,17,189153,200764,190433,202044,193270,204882,193270,204882,MOUZ NXT,Basement Boys,13,4,2,3,32200,13650,23350,22350,11050,11600,full,force-buy,60650,9,MOUZ NXT,2,0
6609,ca48736f113f2ac,1,66,113,1345,1465,6817,7254,7137,7589,AaB,BASEMENT BOYS,1,0,3,2,4000,4000,4300,4300,3300,3300,pistol,pistol,105426,8,AaB,3,0
6610,ca48736f113f2ac,2,7137,7589,8417,8944,12321,13069,12641,13411,AaB,BASEMENT BOYS,2,0,3,2,19700,8500,21800,2000,18800,1400,semi,eco,80904,8,AaB,3,0
6611,ca48736f113f2ac,3,12641,13411,13921,14764,18033,19112,18353,19452,AaB,BASEMENT BOYS,3,0,3,2,19900,21100,25000,21600,5400,20900,full,full,84167,8,AaB,3,0
6612,ca48736f113f2ac,4,18353,19452,19633,20801,25577,27086,25897,27428,AaB,BASEMENT BOYS,3,1,3,2,34400,15600,27800,8200,17200,8200,full,semi,112705,1,BASEMENT BOYS,2,0
6613,ca48736f113f2ac,5,25897,27428,27177,28783,32220,34116,32540,34454,AaB,BASEMENT BOYS,4,1,3,2,25300,25800,29750,26700,15750,17150,full,full,98738,8,AaB,3,0
6614,ca48736f113f2ac,6,32540,34454,33820,35803,42122,44585,42442,44923,AaB,BASEMENT BOYS,4,2,3,2,28350,21550,29250,21750,17100,21050,full,full,149570,1,BASEMENT BOYS,2,0
6615,ca48736f113f2ac,7,42442,44923,43722,46280,46078,48768,46398,49111,AaB,BASEMENT BOYS,5,2,3,2,19700,20500,25050,25600,17600,14850,full,full,56766,8,AaB,3,0
6616,ca48736f113f2ac,8,46398,49111,47678,50459,52569,55634,52889,55972,AaB,BASEMENT BOYS,6,2,3,2,21400,15450,27600,9850,10400,9050,full,semi,96302,7,AaB,3,0
6617,ca48736f113f2ac,9,52889,55972,54169,57323,59363,62815,59683,63157,AaB,BASEMENT BOYS,6,3,3,2,31750,22600,29400,22700,16300,21800,full,full,101027,9,BASEMENT BOYS,2,0
6618,ca48736f113f2ac,10,59683,63157,60963,64509,66190,70039,66510,70375,AaB,BASEMENT BOYS,7,3,3,2,23550,18850,23700,27350,22200,12000,full,full,101603,7,AaB,3,0
6619,ca48736f113f2ac,11,66510,70375,67790,71727,74108,78410,74428,78753,AaB,BASEMENT BOYS,7,4,3,2,22200,20550,31100,21350,17750,20250,full,full,118625,9,BASEMENT BOYS,2,0
6620,ca48736f113f2ac,12,74428,78753,78879,83450,84760,89669,85720,90696,AaB,BASEMENT BOYS,7,5,3,2,11200,17750,14400,23100,13300,16250,force-buy,full,161159,9,BASEMENT BOYS,2,0
6621,ca48736f113f2ac,13,85720,90696,87000,92051,90568,95829,90888,96166,AaB,BASEMENT BOYS,7,6,2,3,4000,4000,4350,4300,3350,3300,pistol,pistol,75781,7,BASEMENT BOYS,3,0
6622,ca48736f113f2ac,14,90888,96166,92168,97517,96065,101640,96385,101977,AaB,BASEMENT BOYS,7,7,2,3,13450,21250,16600,24450,13000,20150,force-buy,full,80815,8,BASEMENT BOYS,3,0
6623,ca48736f113f2ac,15,96385,101977,97665,103334,99662,105441,99982,105784,AaB,BASEMENT BOYS,7,8,2,3,12750,20400,3000,27250,3000,8000,eco,full,51141,8,BASEMENT BOYS,3,0
6624,ca48736f113f2ac,16,99982,105784,101262,107136,109566,115919,109886,116255,AaB,BASEMENT BOYS,8,8,2,3,24250,32000,24900,30800,23700,6600,full,full,149629,9,AaB,2,0
6625,ca48736f113f2ac,17,112051,118548,113331,119897,115774,122481,116094,122823,AaB,BASEMENT BOYS,9,8,2,3,18400,34400,23200,29300,15650,27800,full,full,58065,9,AaB,2,0
6626,ca48736f113f2ac,18,116094,122823,122843,129954,131319,138917,131639,139259,AaB,BASEMENT BOYS,10,8,2,3,20800,16650,26100,4600,7400,4600,full,eco,237605,1,AaB,2,0
6627,ca48736f113f2ac,19,131639,139259,132919,140608,137586,145547,137906,145881,AaB,BASEMENT BOYS,11,8,2,3,31800,25650,27050,26300,20400,24800,full,full,92833,1,AaB,2,0
6628,ca48736f113f2ac,20,140451,148577,141731,149924,144565,152924,144885,153266,AaB,BASEMENT BOYS,12,8,2,3,30100,17000,27450,9450,16400,9050,full,semi,64177,9,AaB,2,0
6629,ca48736f113f2ac,21,144885,153266,146165,154615,153525,162402,153845,162737,AaB,BASEMENT BOYS,12,9,2,3,31750,24950,27950,25800,4200,24800,full,full,134880,12,BASEMENT BOYS,3,0
6630,ca48736f113f2ac,22,153845,162737,155125,164090,159854,169095,160174,169428,AaB,BASEMENT BOYS,12,10,2,3,33850,18400,27250,27200,20200,16550,full,full,93866,8,BASEMENT BOYS,3,0
6631,ca48736f113f2ac,23,160174,169428,161454,170784,164000,173473,164320,173815,AaB,BASEMENT BOYS,12,11,2,3,23450,20450,12450,29450,12050,10950,semi,full,59718,8,BASEMENT BOYS,3,0
6632,ca48736f113f2ac,24,164320,173815,165600,175170,172207,182154,173167,183170,AaB,BASEMENT BOYS,12,12,2,3,24100,28100,24900,31250,23900,22600,full,full,123113,8,BASEMENT BOYS,3,0
6633,ca48736f113f2ac,25,173167,183170,174447,184526,177827,188094,178147,188436,AaB,BASEMENT BOYS,12,13,2,3,62500,62500,27350,29000,26950,28000,full,full,72695,8,BASEMENT BOYS,3,1
6634,ca48736f113f2ac,26,178147,188436,179427,189792,184360,195003,184680,195345,AaB,BASEMENT BOYS,12,14,2,3,45650,53100,27250,30350,26850,15450,full,full,96952,7,BASEMENT BOYS,3,1
6635,ca48736f113f2ac,27,184680,195345,185960,196701,191906,202988,192866,204015,AaB,BASEMENT BOYS,12,15,2,3,34700,58000,27550,31650,27350,27550,full,full,112838,8,BASEMENT BOYS,3,1
6636,ca48736f113f2ac,28,192866,204015,194146,205378,198478,209956,198478,209956,AaB,BASEMENT BOYS,12,16,3,2,43850,52900,30150,27550,29350,27350,full,full,87710,9,BASEMENT BOYS,2,1
6702,fdee9a7771d80500,1,89,141,1784,1930,4942,5272,5262,5610,FORZE Reload,Sangal,0,1,3,2,4000,4000,4750,4250,3450,3450,pistol,pistol,75772,9,Sangal,2,0
6703,fdee9a7771d80500,2,5262,5610,6542,6959,9123,9694,9443,10027,FORZE Reload,Sangal,0,2,3,2,10600,18600,1200,19250,0,17000,eco,semi,60310,9,Sangal,2,0
6704,fdee9a7771d80500,3,9443,10027,10723,11383,17515,18564,17835,18904,FORZE Reload,Sangal,1,2,3,2,23150,19650,24600,22700,22900,8750,full,full,126070,8,FORZE Reload,3,0
6705,fdee9a7771d80500,4,17835,18904,19115,20260,25194,26684,25514,27024,FORZE Reload,Sangal,1,3,3,2,19250,18200,27700,19000,10850,17900,full,force-buy,114891,1,Sangal,2,0
6706,fdee9a7771d80500,5,25514,27024,26794,28381,31766,33639,32086,33972,FORZE Reload,Sangal,2,3,3,2,18450,19300,23450,25350,18150,9500,full,full,97687,7,FORZE Reload,3,0
6707,fdee9a7771d80500,6,32086,33972,33366,35328,39526,41842,39846,42184,FORZE Reload,Sangal,3,3,3,2,21150,21000,26850,21000,17750,20200,full,full,116220,7,FORZE Reload,3,0
6708,fdee9a7771d80500,7,39846,42184,41126,43532,46851,49587,47171,49929,FORZE Reload,Sangal,4,3,3,2,23950,14200,29850,2700,16450,2300,full,eco,109324,8,FORZE Reload,3,0
6709,fdee9a7771d80500,8,47171,49929,48451,51280,53893,57037,54213,57374,FORZE Reload,Sangal,4,4,3,2,26500,24500,30400,24700,15500,23700,full,full,104967,9,Sangal,2,0
6710,fdee9a7771d80500,9,56847,60156,58127,61514,67013,70908,67333,71250,FORZE Reload,Sangal,4,5,3,2,20200,18850,21500,24250,19900,16700,force-buy,full,158780,1,Sangal,2,0
6711,fdee9a7771d80500,10,67333,71250,68613,72601,71820,75990,72140,76332,FORZE Reload,Sangal,5,5,3,2,10150,20550,9850,27450,800,9800,semi,full,69998,8,FORZE Reload,3,0
6712,fdee9a7771d80500,11,72140,76332,73420,77686,78025,82556,78345,82891,FORZE Reload,Sangal,6,5,3,2,29250,18450,29300,18550,18800,17750,full,force-buy,91913,7,FORZE Reload,3,0
6713,fdee9a7771d80500,12,78345,82891,79625,84247,84320,89208,84864,89795,FORZE Reload,Sangal,6,6,3,2,29900,15000,32250,20850,28150,13600,full,full,93286,9,Sangal,2,0
6714,fdee9a7771d80500,13,84864,89795,86560,91591,88549,93700,88869,94034,FORZE Reload,Sangal,6,7,2,3,4000,4000,4350,4300,3350,3300,pistol,pistol,57667,8,Sangal,3,0
6715,fdee9a7771d80500,14,88869,94034,90149,95387,93841,99289,94161,99631,FORZE Reload,Sangal,6,8,2,3,10750,19700,1200,20600,200,18100,eco,semi,77603,8,Sangal,3,0
6716,fdee9a7771d80500,15,94161,99631,95441,100986,101551,107445,101871,107783,FORZE Reload,Sangal,6,9,2,3,22550,20600,23000,23300,22000,4400,full,full,115393,8,Sangal,3,0
6717,fdee9a7771d80500,16,101871,107783,103151,109139,110278,116675,110598,117013,FORZE Reload,Sangal,6,10,2,3,15350,35500,7500,29850,7500,15350,semi,full,131312,7,Sangal,3,0
6718,fdee9a7771d80500,17,110598,117013,111878,118363,117781,124608,118101,124948,FORZE Reload,Sangal,6,11,2,3,28750,40500,26850,31250,26150,10500,full,full,112159,8,Sangal,3,0
6719,fdee9a7771d80500,18,118101,124948,119381,126296,122892,130014,123212,130348,FORZE Reload,Sangal,6,12,2,3,20300,48600,10350,31150,10650,18600,semi,full,74812,7,Sangal,3,0
6720,fdee9a7771d80500,19,123212,130348,124492,131705,129618,137127,129938,137460,FORZE Reload,Sangal,7,12,2,3,30850,50550,26550,33500,26150,20450,full,full,100109,1,FORZE Reload,2,0
6721,fdee9a7771d80500,20,129938,137460,131218,138817,138952,146993,138952,146993,FORZE Reload,Sangal,7,13,2,3,33400,38750,27650,30950,7900,17800,full,full,140778,7,Sangal,3,0
6970,"36a673862bdb4b0a",1,8966,9467,10244,10815,15302,16134,15622,16475,Bebop,Ursa,1,0,3,2,4000,4000,4250,4200,3250,3400,eco,eco,98947,8,Bebop,3,0
6971,"36a673862bdb4b0a",2,15622,16475,16902,17824,21685,22856,22005,23189,Bebop,Ursa,2,0,3,2,19750,11000,21300,1100,19000,300,semi,eco,94702,8,Bebop,3,0
6972,"36a673862bdb4b0a",3,22005,23189,23285,24539,29071,30626,29391,30966,Bebop,Ursa,2,1,3,2,20950,23000,28350,23800,13250,22600,full,full,110375,1,Ursa,2,0
6973,"36a673862bdb4b0a",4,29391,30966,30671,32307,37382,39369,37702,39709,Bebop,Ursa,2,2,3,2,15400,19400,19700,27450,14700,12700,force-buy,full,124711,9,Ursa,2,0
6974,"36a673862bdb4b0a",5,37702,39709,38982,41058,44367,46725,44687,47056,Bebop,Ursa,2,3,3,2,11300,24050,1200,25200,600,11300,eco,full,104126,1,Ursa,2,0
6975,"36a673862bdb4b0a",6,44687,47056,45967,48405,53129,55940,53449,56279,Bebop,Ursa,3,3,3,2,22700,32050,23650,27250,22350,7400,full,full,131850,7,Bebop,3,0
6976,"36a673862bdb4b0a",7,53449,56279,54729,57629,62654,65966,62974,66304,Bebop,Ursa,4,3,3,2,20900,35850,25900,27450,17400,26450,full,full,143768,7,Bebop,3,0
6977,"36a673862bdb4b0a",8,62974,66304,64254,67646,73515,77395,73835,77730,Bebop,Ursa,4,4,3,2,24050,23000,27950,22850,21000,21650,full,full,164605,1,Ursa,2,0
6978,"36a673862bdb4b0a",9,73835,77730,75115,79079,82616,86972,82936,87309,Bebop,Ursa,4,5,3,2,11150,20150,17150,27950,9000,12200,semi,full,137163,1,Ursa,2,0
6979,"36a673862bdb4b0a",10,82936,87309,84216,88652,89463,94178,89783,94511,Bebop,Ursa,4,6,3,2,12750,26950,6700,27550,1350,12900,semi,full,101945,9,Ursa,2,0
6980,"36a673862bdb4b0a",11,89783,94511,91063,95860,94180,99138,94500,99478,Bebop,Ursa,5,6,3,2,24500,31900,25100,28550,23900,13300,full,full,68670,8,Bebop,3,0
6981,"36a673862bdb4b0a",12,94500,99478,95780,100822,100837,106147,101381,106731,Bebop,Ursa,5,7,3,2,19600,26400,25050,25950,18050,25550,full,full,98976,9,Ursa,2,0
6982,"36a673862bdb4b0a",13,101381,106731,103077,108525,105869,111459,106189,111798,Bebop,Ursa,5,8,2,3,4000,4000,4800,4300,3400,3300,pistol,pistol,70169,8,Ursa,3,0
6983,"36a673862bdb4b0a",14,106189,111798,107469,113148,112888,118849,113208,119187,Bebop,Ursa,5,9,2,3,10100,19700,1000,23300,0,19350,eco,full,104646,8,Ursa,3,0
6984,"36a673862bdb4b0a",15,113208,119187,114488,120528,119613,125925,119933,126263,Bebop,Ursa,5,10,2,3,22100,19350,22800,27200,21800,4800,full,full,100000,7,Ursa,3,0
6985,"36a673862bdb4b0a",16,119933,126263,121213,127605,127463,134187,127783,134522,Bebop,Ursa,6,10,2,3,18700,35100,11950,27100,11150,14600,semi,full,117602,9,Bebop,2,0
6986,"36a673862bdb4b0a",17,127783,134522,129063,135866,131502,138436,131822,138772,Bebop,Ursa,6,11,2,3,25600,29700,24900,27300,20700,26300,full,full,58088,8,Ursa,3,0
6987,"36a673862bdb4b0a",18,134613,141707,135893,143057,144250,151846,144570,152186,Bebop,Ursa,7,11,2,3,17200,22200,11100,29650,10600,10600,semi,full,150476,1,Bebop,2,0
6988,"36a673862bdb4b0a",19,144570,152186,145850,153534,152497,160525,152817,160865,Bebop,Ursa,7,12,2,3,25600,19850,25600,26000,17950,18250,full,full,123761,8,Ursa,3,0
6989,"36a673862bdb4b0a",20,155873,164081,157153,165425,159976,168395,159976,168395,Bebop,Ursa,7,13,2,3,13200,20400,17750,27750,17450,17650,force-buy,full,64025,8,Ursa,3,0
7100,d34890392be91652,1,5978,6394,7673,8192,11148,11887,11596,12362,Masonic,Truck Drivers,0,1,3,2,4000,4000,4450,4200,3450,3400,pistol,pistol,80938,9,Truck Drivers,2,0
7101,d34890392be91652,2,11596,12362,12876,13724,15166,16156,15614,16633,Masonic,Truck Drivers,0,2,3,2,11150,18650,1300,18900,500,16350,eco,semi,55904,9,Truck Drivers,2,0
7102,d34890392be91652,3,15614,16633,16894,17993,26136,27816,26584,28289,Masonic,Truck Drivers,0,3,3,2,23200,20050,24050,25850,22750,9250,full,full,164780,1,Truck Drivers,2,0
7103,d34890392be91652,4,26584,28289,27864,29653,32751,34842,33199,35319,Masonic,Truck Drivers,0,4,3,2,15300,29400,8050,25950,3750,7300,semi,full,96557,9,Truck Drivers,2,0
7104,d34890392be91652,5,33199,35319,34479,36678,43122,45864,43570,46342,Masonic,Truck Drivers,0,5,3,2,30200,39950,29850,27250,29050,16300,full,full,155379,1,Truck Drivers,2,0
7105,d34890392be91652,6,45490,48381,46770,49740,54130,57564,54578,58042,Masonic,Truck Drivers,1,5,3,2,19500,42650,13900,27050,7350,15400,semi,full,135310,12,Masonic,3,0
7106,d34890392be91652,7,54578,58042,55858,59393,61589,65452,62037,65931,Masonic,Truck Drivers,2,5,3,2,29650,32650,29450,27250,24800,16900,full,full,109185,8,Masonic,3,0
7107,d34890392be91652,8,62037,65931,74585,79252,82619,87791,83067,88264,Masonic,Truck Drivers,2,6,3,2,16200,25550,29850,24400,13400,23400,full,full,322104,1,Truck Drivers,2,0
7108,d34890392be91652,9,83067,88264,84347,89627,88313,93841,88761,94319,Masonic,Truck Drivers,2,7,3,2,23350,21150,27250,24600,20100,11200,full,full,82176,9,Truck Drivers,2,0
7109,d34890392be91652,10,88761,94319,90041,95678,94467,100382,94915,100859,Masonic,Truck Drivers,2,8,3,2,19400,28000,7050,27350,6850,16200,semi,full,89337,9,Truck Drivers,2,0
7110,d34890392be91652,11,94915,100859,96195,102218,103379,109872,103827,110348,Masonic,Truck Drivers,2,9,3,2,31500,29150,30850,27250,30050,15300,full,full,132805,1,Truck Drivers,2,0
7111,d34890392be91652,12,105985,112647,107265,114000,109418,116294,111041,118016,Masonic,Truck Drivers,2,10,3,2,18800,32850,26500,27350,17350,7200,full,full,53738,9,Truck Drivers,2,0
7112,d34890392be91652,13,111041,118016,112737,119820,117754,125150,118202,125622,Masonic,Truck Drivers,3,10,2,3,4000,4000,4350,4300,3350,3300,pistol,pistol,105118,1,Masonic,2,0
7113,d34890392be91652,14,118202,125622,119482,126987,126196,134122,126644,134594,Masonic,Truck Drivers,4,10,2,3,19950,10750,21800,10850,19800,10050,full,force-buy,125246,9,Masonic,2,0
7114,d34890392be91652,15,126644,134594,127924,135959,132963,141311,133411,141791,Masonic,Truck Drivers,5,10,2,3,18200,15250,23450,2400,13850,2200,full,eco,98974,9,Masonic,2,0
7115,d34890392be91652,16,133411,141791,134691,143148,138317,147003,138765,147478,Masonic,Truck Drivers,5,11,2,3,23000,28100,23750,27650,6500,26650,full,full,76798,7,Truck Drivers,3,0
7116,d34890392be91652,17,138765,147478,140045,148838,144663,153613,145111,154061,Masonic,Truck Drivers,5,12,2,3,27700,22000,25850,27800,24850,15150,full,full,90398,8,Truck Drivers,3,0
7117,d34890392be91652,18,145111,154061,146391,155342,148652,157679,148652,157679,Masonic,Truck Drivers,5,13,2,3,13300,21200,14650,29550,12750,22000,force-buy,full,53310,8,Truck Drivers,3,0
7133,c31def158f1ff22a,1,5978,6394,7673,8169,9582,10165,10030,10642,Bebop,ALLINNERS,1,0,3,2,4000,4000,4250,4350,3250,3350,pistol,pistol,55484,8,Bebop,3,0
7134,c31def158f1ff22a,2,10030,10642,11310,11996,13092,13895,13540,14371,Bebop,ALLINNERS,2,0,3,2,19750,10750,21350,1700,18400,700,semi,eco,47863,8,Bebop,3,0
7135,c31def158f1ff22a,3,13540,14371,14820,15731,23350,24796,23798,25269,Bebop,ALLINNERS,2,1,3,2,20950,22050,25650,22400,5300,21700,full,full,153388,1,ALLINNERS,2,0
7136,c31def158f1ff22a,4,23798,25269,25078,26631,32316,34326,32764,34799,Bebop,ALLINNERS,3,1,3,2,23750,19350,26250,25200,21350,12300,full,full,133260,8,Bebop,3,0
7137,c31def158f1ff22a,5,32764,34799,34044,36162,38118,40490,38566,40963,Bebop,ALLINNERS,4,1,3,2,21400,17450,25700,3350,17000,2950,full,eco,83734,8,Bebop,3,0
7138,c31def158f1ff22a,6,38566,40963,39846,42327,47206,50145,47654,50625,Bebop,ALLINNERS,5,1,3,2,23400,25800,27350,25750,5750,25050,full,full,135099,12,Bebop,3,0
7139,c31def158f1ff22a,7,47654,50625,48934,51980,53897,57257,54345,57733,Bebop,ALLINNERS,6,1,3,2,35550,9750,27600,19850,10250,9000,full,force-buy,97580,8,Bebop,3,0
7140,c31def158f1ff22a,8,54345,57733,55625,59093,61302,65129,61750,65604,Bebop,ALLINNERS,6,2,3,2,44300,18350,30450,7100,13000,7100,full,semi,108821,9,ALLINNERS,2,0
7141,c31def158f1ff22a,9,61750,65604,63030,66966,70103,74481,70551,74959,Bebop,ALLINNERS,6,3,3,2,40500,29100,29650,26750,28650,26050,full,full,130611,1,ALLINNERS,2,0
7142,c31def158f1ff22a,10,70551,74959,71831,76316,76744,81536,77192,82013,Bebop,ALLINNERS,6,4,3,2,23050,21150,29250,23750,17600,18850,full,full,96770,9,ALLINNERS,2,0
7143,c31def158f1ff22a,11,77192,82013,78472,83373,85144,90467,85592,90939,Bebop,ALLINNERS,7,4,3,2,18900,20350,19150,26750,18150,15700,force-buy,full,124388,8,Bebop,3,0
7144,c31def158f1ff22a,12,85592,90939,86872,92302,92131,97908,95974,101992,Bebop,ALLINNERS,7,5,3,2,19750,15350,23050,15250,17900,14750,full,force-buy,102538,9,ALLINNERS,2,0
7145,c31def158f1ff22a,13,95974,101992,97670,103794,100508,106807,100956,107287,Bebop,ALLINNERS,8,5,2,3,4000,4000,4000,4300,3400,3300,pistol,pistol,70845,9,Bebop,2,0
7146,c31def158f1ff22a,14,100956,107287,102236,108643,106861,113560,107309,114037,Bebop,ALLINNERS,9,5,2,3,18650,10750,21250,1000,16450,0,full,eco,92297,1,Bebop,2,0
7147,c31def158f1ff22a,15,107309,114037,108589,115396,112891,119968,113339,120442,Bebop,ALLINNERS,9,6,2,3,21800,24150,25500,24850,12600,23850,full,full,87265,8,ALLINNERS,3,0
7148,c31def158f1ff22a,16,113339,120442,114619,121804,120520,128077,120968,128552,Bebop,ALLINNERS,9,7,2,3,16500,19300,12900,28200,12300,10400,semi,full,112337,8,ALLINNERS,3,0
7149,c31def158f1ff22a,17,120968,128552,122248,129912,125398,133259,125846,133732,Bebop,ALLINNERS,9,8,2,3,13700,27900,3400,28700,2400,4400,eco,full,69256,8,ALLINNERS,3,0
7150,c31def158f1ff22a,18,125846,133732,127126,135096,132980,141317,133428,141793,Bebop,ALLINNERS,9,9,2,3,23300,42500,24000,28500,22200,3500,full,full,111602,8,ALLINNERS,3,0
7151,c31def158f1ff22a,19,136100,144633,137380,145990,143221,152200,143669,152674,Bebop,ALLINNERS,10,9,2,3,16800,58000,7950,30550,7950,24450,semi,full,111337,9,Bebop,2,0
7152,c31def158f1ff22a,20,143669,152674,144949,154036,152442,161999,152890,162473,Bebop,ALLINNERS,10,10,2,3,26900,42750,27650,30450,22950,29450,full,full,137203,7,ALLINNERS,3,0
7153,c31def158f1ff22a,21,152890,162473,154170,163835,161550,171675,161998,172156,Bebop,ALLINNERS,11,10,2,3,20750,32900,23200,30450,18100,29450,full,full,135393,1,Bebop,2,0
7154,c31def158f1ff22a,22,161998,172156,163278,173511,168825,179407,169273,179886,Bebop,ALLINNERS,12,10,2,3,21350,11900,25000,12300,16500,1300,full,semi,106687,1,Bebop,2,0
7155,c31def158f1ff22a,23,169273,179886,170553,181243,177730,188874,178178,189349,Bebop,ALLINNERS,12,11,2,3,23550,20650,27450,27000,11250,18600,full,full,132245,8,ALLINNERS,3,0
7156,c31def158f1ff22a,24,180984,192331,182264,193689,187755,199527,192839,204927,Bebop,ALLINNERS,12,12,2,3,19700,21050,19250,31750,18450,17450,force-buy,full,105878,7,ALLINNERS,3,0
7157,c31def158f1ff22a,25,192839,204927,194535,206730,200668,213249,201116,213723,Bebop,ALLINNERS,13,12,2,3,80000,80000,27450,30850,26450,29850,full,full,122445,9,Bebop,2,1
7158,c31def158f1ff22a,26,201116,213723,202396,215084,211287,224531,211735,225012,Bebop,ALLINNERS,14,12,2,3,71400,60550,27250,30850,12700,29850,full,full,159023,1,Bebop,2,1
7159,c31def158f1ff22a,27,211735,225012,213015,226367,221662,235580,226009,240199,Bebop,ALLINNERS,14,13,2,3,73800,43800,27350,33500,13150,27400,full,full,155492,7,ALLINNERS,3,1
7160,c31def158f1ff22a,28,226009,240199,228943,243316,237650,252572,238098,253047,Bebop,ALLINNERS,14,14,3,2,80000,80000,32250,27750,31450,26950,full,full,182050,1,ALLINNERS,2,1
7161,c31def158f1ff22a,29,238098,253047,239378,254408,245785,261215,246233,261691,Bebop,ALLINNERS,15,14,3,2,60400,71850,30050,27750,29050,26950,full,full,120180,8,Bebop,3,1
7162,c31def158f1ff22a,30,246233,261691,247513,263051,253779,269331,253779,269331,Bebop,ALLINNERS,16,14,3,2,56850,30200,30050,30100,11250,32200,full,full,112411,8,Bebop,3,1
7198,a24d129cf77fb424,1,70,111,1764,1895,5098,5400,5418,5740,MOUZ NXT,Los Kogutos,1,0,3,2,4000,4000,4300,4250,3300,3250,pistol,pistol,78490,8,MOUZ NXT,3,0
7199,a24d129cf77fb424,2,5418,5740,6698,7083,9919,10472,10239,10812,MOUZ NXT,Los Kogutos,2,0,3,2,19700,10550,21600,1500,19050,700,semi,eco,70224,8,MOUZ NXT,3,0
7200,a24d129cf77fb424,3,10239,10812,11519,12158,18879,19904,19199,20240,MOUZ NXT,Los Kogutos,3,0,3,2,19650,21850,24700,22800,5100,21600,full,full,134927,12,MOUZ NXT,3,0
7201,a24d129cf77fb424,4,19199,20240,20479,21584,27259,28721,27579,29056,MOUZ NXT,Los Kogutos,4,0,3,2,33000,12150,29650,11600,11350,6300,full,semi,125860,7,MOUZ NXT,3,0
7202,a24d129cf77fb424,5,27579,29056,28859,30406,34280,36108,34600,36449,MOUZ NXT,Los Kogutos,4,1,3,2,42000,27350,30150,25400,23550,24700,full,full,104653,9,Los Kogutos,2,0
7203,a24d129cf77fb424,6,34600,36449,35880,37791,43392,45698,43712,46032,MOUZ NXT,Los Kogutos,4,2,3,2,25450,20500,24100,27050,22900,4250,full,full,137257,9,Los Kogutos,2,0
7204,a24d129cf77fb424,7,43712,46032,44992,47382,52858,55660,53178,55995,MOUZ NXT,Los Kogutos,5,2,3,2,13250,34300,13100,27550,12500,12600,force-buy,full,142882,7,MOUZ NXT,3,0
7205,a24d129cf77fb424,8,53178,55995,54458,57340,60724,63936,61044,64270,MOUZ NXT,Los Kogutos,6,2,3,2,21300,37700,27650,27050,16900,26350,full,full,117846,8,MOUZ NXT,3,0
7206,a24d129cf77fb424,9,61044,64270,62324,65617,66880,70414,67200,70750,MOUZ NXT,Los Kogutos,6,3,3,2,23200,26150,28650,23400,10400,22700,full,full,91178,9,Los Kogutos,2,0
7207,a24d129cf77fb424,10,67200,70750,68480,72094,75840,79842,76160,80176,MOUZ NXT,Los Kogutos,7,3,3,2,22100,21200,22850,25750,21550,18500,full,full,134927,12,MOUZ NXT,3,0
7208,a24d129cf77fb424,11,78885,83043,80165,84391,87525,92135,87845,92473,MOUZ NXT,Los Kogutos,8,3,3,2,18600,13500,24400,17100,17200,12300,full,force-buy,134927,12,MOUZ NXT,3,0
7209,a24d129cf77fb424,12,87845,92473,89125,93823,93289,98201,93833,98783,MOUZ NXT,Los Kogutos,9,3,3,2,21000,13400,29550,13900,18600,13100,full,force-buy,85005,8,MOUZ NXT,3,0
7210,a24d129cf77fb424,13,93833,98783,95529,100574,99118,104347,99438,104684,MOUZ NXT,Los Kogutos,9,4,2,3,4000,3200,5100,4250,3300,3250,pistol,pistol,82571,8,Los Kogutos,3,0
7211,a24d129cf77fb424,14,99438,104684,100718,106035,104664,110183,104984,110522,MOUZ NXT,Los Kogutos,9,5,2,3,11100,19750,1600,21850,1000,19550,eco,semi,81606,8,Los Kogutos,3,0
7212,a24d129cf77fb424,15,104984,110522,106264,111870,112536,118466,112856,118805,MOUZ NXT,Los Kogutos,9,6,2,3,22100,19500,22700,25100,21700,7000,full,full,117891,8,Los Kogutos,3,0
7213,a24d129cf77fb424,16,112856,118805,122712,129174,128409,135172,128729,135511,MOUZ NXT,Los Kogutos,10,6,2,3,15800,31200,10200,29850,10000,16150,semi,full,242891,1,MOUZ NXT,2,0
7214,a24d129cf77fb424,17,131440,138363,132720,139706,135123,142237,135443,142575,MOUZ NXT,Los Kogutos,10,7,2,3,24200,24800,23700,25600,23000,24100,full,full,57491,8,Los Kogutos,3,0
7215,a24d129cf77fb424,18,135443,142575,136723,143918,139277,146610,139597,146943,MOUZ NXT,Los Kogutos,10,8,2,3,14100,19500,7150,28800,7150,16850,semi,full,59880,8,Los Kogutos,3,0
7216,a24d129cf77fb424,19,139597,146943,140877,148291,146393,154098,146713,154430,MOUZ NXT,Los Kogutos,10,9,2,3,22050,21650,22700,30750,21500,13300,full,full,106182,8,Los Kogutos,3,0
7217,a24d129cf77fb424,20,146713,154430,147993,155778,151108,159055,151428,159394,MOUZ NXT,Los Kogutos,10,10,2,3,18150,27150,9150,30950,9450,14200,semi,full,68636,8,Los Kogutos,3,0
7218,a24d129cf77fb424,21,151428,159394,152708,160740,156243,164460,156563,164798,MOUZ NXT,Los Kogutos,10,11,2,3,26000,31750,25100,30650,24400,8500,full,full,75180,7,Los Kogutos,3,0
7219,a24d129cf77fb424,22,159154,167521,160434,168871,165056,173734,165376,174071,MOUZ NXT,Los Kogutos,11,11,2,3,22800,43600,23500,30050,22500,18950,full,full,92202,9,MOUZ NXT,2,0
7220,a24d129cf77fb424,23,165376,174071,166656,175416,169040,177928,169360,178261,MOUZ NXT,Los Kogutos,11,12,2,3,18350,33550,20950,30050,16250,29050,full,full,57239,8,Los Kogutos,3,0
7221,a24d129cf77fb424,24,171859,180889,173139,182239,175657,184887,175657,184887,MOUZ NXT,Los Kogutos,11,13,2,3,17650,22750,17350,32050,16850,18100,force-buy,full,59331,8,Los Kogutos,3,0
7258,cc49035552e3cce9,1,1,1,1253,1370,4090,4362,4410,4701,Team A,Team B,0,1,3,2,4800,4800,4500,4950,3300,3350,pistol,pistol,64002,9,Team B,2,0
7259,cc49035552e3cce9,2,4410,4701,14663,15635,17496,18628,17816,18965,Team A,Team B,0,2,3,2,11550,19500,11200,19350,10200,17100,force-buy,semi,204392,9,Team B,2,0
7260,cc49035552e3cce9,3,17816,18965,19096,20322,24393,25953,24713,26290,Team A,Team B,0,3,3,2,14200,20450,2500,23200,1900,8400,eco,semi,102556,1,Team B,2,0
7261,cc49035552e3cce9,4,24713,26290,25993,27654,35174,37403,35494,37741,Team A,Team B,0,4,3,2,27900,31050,27350,24100,22850,12000,full,full,163094,1,Team B,2,0
7262,cc49035552e3cce9,5,35494,37741,45782,48710,53142,56536,53462,56878,Team A,Team B,1,4,3,2,22600,38050,14750,25300,9600,9550,semi,full,275835,12,Team A,3,0
7263,cc49035552e3cce9,6,53462,56878,54742,58243,64236,68317,64556,68662,Team A,Team B,1,5,3,2,30700,33300,29300,27450,15100,17550,full,full,167879,1,Team B,2,0
7264,cc49035552e3cce9,7,64556,68662,79286,84385,87064,92657,87384,93000,Team A,Team B,1,6,3,2,30650,34450,31150,27450,19400,9400,full,full,352151,1,Team B,2,0
7265,cc49035552e3cce9,8,87384,93000,88664,94356,96127,102312,96447,102658,Team A,Team B,1,7,3,2,28950,43850,28050,27450,21450,13400,full,full,136663,1,Team B,2,0
7266,cc49035552e3cce9,9,96447,102658,97727,104019,103736,110400,104056,110740,Team A,Team B,2,7,3,2,26300,49150,28700,27350,16600,23050,full,full,113621,8,Team A,3,0
7267,cc49035552e3cce9,10,104056,110740,105336,112098,109713,116744,110033,117088,Team A,Team B,2,8,3,2,28500,32900,31550,25300,6400,24100,full,full,88114,1,Team B,2,0
7268,cc49035552e3cce9,11,110033,117088,128738,137056,134697,143392,135017,143738,Team A,Team B,3,8,3,2,37150,27800,30100,27550,24300,9200,full,full,386038,7,Team A,3,0
7269,cc49035552e3cce9,12,135017,143738,136297,145097,141682,150818,142226,151410,Team A,Team B,3,9,3,2,33200,29500,32350,27150,24000,26350,full,full,103906,9,Team B,2,0
7270,cc49035552e3cce9,13,142226,151410,146064,155512,149373,159032,149693,159375,Team A,Team B,3,10,2,3,4800,4800,4900,4500,3300,3300,pistol,pistol,111860,8,Team B,3,0
7271,cc49035552e3cce9,14,149693,159375,150973,160741,156659,166780,156979,167123,Team A,Team B,3,11,2,3,11600,20500,10750,21600,10550,19350,force-buy,semi,108675,7,Team B,3,0
7272,cc49035552e3cce9,15,156979,167123,158259,168488,163874,174458,164194,174797,Team A,Team B,3,12,2,3,16650,22000,16250,25950,15250,10000,force-buy,semi,107648,7,Team B,3,0
7273,cc49035552e3cce9,16,164194,174797,165474,176158,170901,181930,171221,182273,Team A,Team B,4,12,2,3,20100,32550,20400,30750,19200,21450,force-buy,full,104684,1,Team A,2,0
7274,cc49035552e3cce9,17,171221,182273,172501,183636,181081,192764,181401,193106,Team A,Team B,5,12,2,3,19900,19750,26350,22800,15600,17000,full,semi,153966,9,Team A,2,0
7275,cc49035552e3cce9,18,181401,193106,182681,194469,187875,199991,188195,200331,Team A,Team B,6,12,2,3,21750,14250,25650,2850,18500,2050,full,eco,101044,1,Team A,2,0
7276,cc49035552e3cce9,19,188195,200331,189475,201692,195867,208486,196187,208829,Team A,Team B,7,12,2,3,21650,24750,26850,26200,7900,23700,full,force-buy,119682,9,Team A,2,0
7277,cc49035552e3cce9,20,196187,208829,197467,210192,206523,219820,206843,220163,Team A,Team B,8,12,2,3,31400,17200,27450,6400,15700,6200,full,semi,161304,1,Team A,2,0
7278,cc49035552e3cce9,21,206843,220163,208123,221524,216515,230465,216835,230809,Team A,Team B,9,12,2,3,34400,29100,27450,29750,13650,21400,full,full,151192,1,Team A,2,0
7279,cc49035552e3cce9,22,218852,232955,220132,234325,227305,241948,227625,242286,Team A,Team B,10,12,2,3,39250,25800,27550,29750,12750,19550,full,full,131981,1,Team A,2,0
7280,cc49035552e3cce9,23,227625,242286,232668,247662,239675,255119,239675,255119,Team A,Team B,10,13,2,3,35600,25300,27550,28900,17200,16750,full,full,188337,8,Team B,3,0
7443,"70116a9d8708bbd2",1,1,1,1252,1367,5464,5844,5784,6187,Team A,Team B,1,0,3,2,4000,4800,4300,4450,3300,3450,pistol,pistol,85880,8,Team A,3,0
7444,"70116a9d8708bbd2",2,5784,6187,7064,7542,8285,8846,8605,9181,Team A,Team B,2,0,3,2,19700,11150,22000,1200,19300,0,semi,eco,39082,8,Team A,3,0
7445,"70116a9d8708bbd2",3,8605,9181,9885,10542,16504,17578,16824,17915,Team A,Team B,3,0,3,2,19700,23750,28200,24150,13900,22550,full,full,123419,7,Team A,3,0
7446,"70116a9d8708bbd2",4,16824,17915,18104,19279,25645,27290,25965,27634,Team A,Team B,4,0,3,2,26350,19900,30350,13200,20550,12200,full,semi,137794,7,Team A,3,0
7447,"70116a9d8708bbd2",5,28583,30413,29863,31773,37428,39814,37748,40152,Team A,Team B,4,1,3,2,26150,29200,30650,26850,18300,25950,full,full,138176,1,Team B,2,0
7448,"70116a9d8708bbd2",6,37748,40152,39028,41517,44983,47845,45303,48184,Team A,Team B,4,2,3,2,16650,22050,21350,26350,16250,19900,force-buy,full,113072,1,Team B,2,0
7449,"70116a9d8708bbd2",7,45303,48184,46583,49542,53174,56548,53494,56886,Team A,Team B,4,3,3,2,10450,20550,13150,27650,500,9100,semi,full,122934,1,Team B,2,0
7450,"70116a9d8708bbd2",8,53494,56886,54774,58250,59260,63013,59580,63357,Team A,Team B,4,4,3,2,22500,30450,24800,27850,19350,9100,full,full,90055,1,Team B,2,0
7451,"70116a9d8708bbd2",9,62559,66520,63839,67881,67751,72038,68071,72378,Team A,Team B,4,5,3,2,20400,40150,11800,27550,8050,26650,semi,full,81104,9,Team B,2,0
7452,"70116a9d8708bbd2",10,68071,72378,69351,73743,77149,82026,77469,82367,Team A,Team B,5,5,3,2,30450,31350,29050,28150,28250,11000,full,full,141807,7,Team A,3,0
7453,"70116a9d8708bbd2",11,77469,82367,78749,83731,83590,88873,83910,89214,Team A,Team B,6,5,3,2,22750,31850,27800,25100,20500,24300,full,full,95625,8,Team A,3,0
7454,"70116a9d8708bbd2",12,83910,89214,85190,90568,92600,98438,93144,99026,Team A,Team B,6,6,3,2,20850,18250,26950,17450,19850,16750,full,force-buy,135575,9,Team B,2,0
7455,"70116a9d8708bbd2",13,93144,99026,108481,115336,111144,118166,111464,118503,Team A,Team B,7,6,2,3,4000,4800,4750,4200,3350,3400,pistol,pistol,281321,9,Team A,2,0
7456,"70116a9d8708bbd2",14,111464,118503,112744,119865,119606,127159,119926,127497,Team A,Team B,8,6,2,3,18700,12550,19650,2500,18200,1900,semi,eco,127226,1,Team A,2,0
7457,"70116a9d8708bbd2",15,119926,127497,121206,128856,125297,133203,125617,133544,Team A,Team B,8,7,2,3,20400,23200,22600,24500,9000,22300,full,force-buy,83867,8,Team B,3,0
7458,"70116a9d8708bbd2",16,125617,133544,126897,134907,134257,142726,134577,143069,Team A,Team B,8,8,2,3,18700,19900,19000,27900,18500,12750,force-buy,full,134957,12,Team B,3,0
7459,"70116a9d8708bbd2",17,134577,143069,135857,144426,139431,148226,139751,148568,Team A,Team B,8,9,2,3,9000,25600,5200,28100,500,22600,semi,full,75798,8,Team B,3,0
7460,"70116a9d8708bbd2",18,139751,148568,141031,149924,145357,154525,145677,154864,Team A,Team B,8,10,2,3,20800,22000,21550,30050,20550,10550,full,full,87556,8,Team B,3,0
7461,"70116a9d8708bbd2",19,147879,157203,149159,158565,151641,161203,151961,161538,Team A,Team B,8,11,2,3,15650,30250,9150,29950,9150,17600,semi,full,58792,8,Team B,3,0
7462,"70116a9d8708bbd2",20,151961,161538,153241,162902,160601,170720,160921,171064,Team A,Team B,8,12,2,3,24100,31250,24500,30350,23500,13300,full,full,134957,12,Team B,3,0
7463,"70116a9d8708bbd2",21,160921,171064,162201,172426,167277,177818,167277,177818,Team A,Team B,8,13,2,3,17950,30950,16150,30250,15350,23550,force-buy,full,99270,8,Team B,3,0
7528,ef76fcf08c9c41d4,1,9224,9755,10503,11104,14918,15750,15238,16088,Nemiga,ex-RUBY,0,1,3,2,4000,4000,4300,4550,3300,3350,eco,eco,88946,9,ex-RUBY,2,0
7529,ef76fcf08c9c41d4,2,15238,16088,16518,17430,19159,20211,19479,20552,Nemiga,ex-RUBY,0,2,3,2,11850,18700,1300,18300,500,17000,eco,semi,61172,9,ex-RUBY,2,0
7530,ef76fcf08c9c41d4,3,19479,20552,20759,21894,25067,26431,25387,26766,Nemiga,ex-RUBY,1,2,3,2,23900,19450,24900,22600,23600,7500,full,full,87225,8,Nemiga,3,0
7531,ef76fcf08c9c41d4,4,25387,26766,26667,28111,29189,30764,29509,31104,Nemiga,ex-RUBY,1,3,3,2,19300,19550,27250,19600,14150,19000,full,force-buy,59317,9,ex-RUBY,2,0
7532,ef76fcf08c9c41d4,5,29509,31104,30789,32452,35849,37775,36169,38114,Nemiga,ex-RUBY,1,4,3,2,16300,18100,7500,25300,6250,14800,semi,full,98976,1,ex-RUBY,2,0
7533,ef76fcf08c9c41d4,6,38143,40189,39423,41537,44204,46567,44524,46902,Nemiga,ex-RUBY,2,4,3,2,22600,22000,27100,26400,19650,9100,full,full,94628,8,Nemiga,3,0
7534,ef76fcf08c9c41d4,7,44524,46902,45804,48251,52400,55189,52720,55529,Nemiga,ex-RUBY,3,4,3,2,21550,20300,28800,21150,14400,19950,full,full,122952,8,Nemiga,3,0
7535,ef76fcf08c9c41d4,8,52720,55529,54000,56875,60237,63438,60557,63777,Nemiga,ex-RUBY,3,5,3,2,25550,10750,29100,4050,17150,3450,full,eco,117344,9,ex-RUBY,2,0
7536,ef76fcf08c9c41d4,9,60557,63777,61837,65118,67152,70714,67472,71054,Nemiga,ex-RUBY,4,5,3,2,16300,25350,16300,28250,15700,15200,force-buy,full,102922,8,Nemiga,3,0
7537,ef76fcf08c9c41d4,10,67472,71054,68752,72395,75423,79417,75743,79757,Nemiga,ex-RUBY,4,6,3,2,19600,17250,29750,16850,11700,16250,full,force-buy,124079,1,ex-RUBY,2,0
7538,ef76fcf08c9c41d4,11,75743,79757,77023,81100,84480,88945,84800,89286,Nemiga,ex-RUBY,4,7,3,2,14900,19400,29050,26300,11700,5350,full,full,136320,1,ex-RUBY,2,0
7539,ef76fcf08c9c41d4,12,84800,89286,86080,90634,88780,93476,89324,94059,Nemiga,ex-RUBY,4,8,3,2,13050,33050,18200,27500,12500,12450,force-buy,full,62166,9,ex-RUBY,2,0
7540,ef76fcf08c9c41d4,13,89324,94059,91020,95850,94934,99970,95254,100305,Nemiga,ex-RUBY,5,8,2,3,4000,4000,4550,3650,3550,2650,pistol,pistol,87700,9,Nemiga,2,0
7541,ef76fcf08c9c41d4,14,95254,100305,96534,101656,100286,105601,100606,105939,Nemiga,ex-RUBY,6,8,2,3,18500,12500,19550,1400,17800,600,semi,eco,78575,9,Nemiga,2,0
7542,ef76fcf08c9c41d4,15,100606,105939,101886,107288,107563,113257,107883,113597,Nemiga,ex-RUBY,7,8,2,3,18750,23900,21050,25300,2900,23800,full,full,108575,1,Nemiga,2,0
7543,ef76fcf08c9c41d4,16,107883,113597,109163,114945,112882,118857,113202,119196,Nemiga,ex-RUBY,8,8,2,3,34850,15700,27550,12300,13600,3800,full,semi,78041,9,Nemiga,2,0
7544,ef76fcf08c9c41d4,17,115945,122080,117225,123428,124041,130598,124361,130938,Nemiga,ex-RUBY,8,9,2,3,39300,30550,27850,28300,18350,27300,full,full,126379,8,ex-RUBY,3,0
7545,ef76fcf08c9c41d4,18,127273,134000,128553,135348,133246,140284,133566,140624,Nemiga,ex-RUBY,8,10,2,3,28650,22050,27250,28700,26250,17000,full,full,93234,8,ex-RUBY,3,0
7546,ef76fcf08c9c41d4,19,133566,140624,134846,141967,139096,146442,139416,146776,Nemiga,ex-RUBY,8,11,2,3,12200,23850,2000,29950,1400,9100,eco,full,86320,8,ex-RUBY,3,0
7547,ef76fcf08c9c41d4,20,139416,146776,140696,148125,145698,153388,146018,153726,Nemiga,ex-RUBY,8,12,2,3,22800,33750,23300,30450,22300,3800,full,full,98100,8,ex-RUBY,3,0
7548,ef76fcf08c9c41d4,21,148177,155998,149457,157343,152003,160025,152003,160025,Nemiga,ex-RUBY,8,13,2,3,18650,61350,15250,30750,14250,5150,force-buy,full,59747,8,ex-RUBY,3,0
7617,"41fe1816bc30c669",1,101,144,1796,1928,3904,4147,4224,4487,ALLINNERS,illwill,1,0,3,2,4000,4000,4250,4000,3250,3500,pistol,pistol,59390,8,ALLINNERS,3,0
7618,"41fe1816bc30c669",2,4224,4487,5504,5831,7491,7923,7811,8259,ALLINNERS,illwill,2,0,3,2,19750,10300,21850,1500,19550,700,semi,eco,50978,8,ALLINNERS,3,0
7619,"41fe1816bc30c669",3,7811,8259,9091,9604,15624,16479,15944,16819,ALLINNERS,illwill,2,1,3,2,19500,21900,26550,23000,10400,21800,full,full,121956,9,illwill,2,0
7620,"41fe1816bc30c669",4,15944,16819,17224,18165,22971,24211,23291,24548,ALLINNERS,illwill,3,1,3,2,16950,18150,2600,23350,2400,7450,eco,full,109671,7,ALLINNERS,3,0
7621,"41fe1816bc30c669",5,23291,24548,24571,25897,29397,30974,29717,31312,ALLINNERS,illwill,3,2,3,2,35100,23800,27550,23800,15800,22800,full,full,95339,9,illwill,2,0
7622,"41fe1816bc30c669",6,29717,31312,30997,32655,39871,41995,40190,42330,ALLINNERS,illwill,3,3,3,2,27950,18450,27600,26150,26600,15400,full,full,158499,9,illwill,2,0
7623,"41fe1816bc30c669",7,40190,42330,41470,43679,50330,53002,50650,53340,ALLINNERS,illwill,3,4,3,2,13050,20700,2000,25050,1400,17800,eco,full,158335,1,illwill,2,0
7624,"41fe1816bc30c669",8,50650,53340,51930,54682,57236,60269,57556,60606,ALLINNERS,illwill,3,5,3,2,24200,21900,25450,26750,23950,9300,full,full,102802,9,illwill,2,0
7625,"41fe1816bc30c669",9,57556,60606,58836,61949,68243,71848,68563,72188,ALLINNERS,illwill,3,6,3,2,15850,30250,5250,27350,5250,13300,semi,full,166792,1,illwill,2,0
7626,"41fe1816bc30c669",10,68563,72188,69843,73536,75899,79906,76219,80246,ALLINNERS,illwill,4,6,3,2,29250,35650,30700,27150,19850,19150,full,full,114508,8,ALLINNERS,3,0
7627,"41fe1816bc30c669",11,79191,83368,80471,84718,83910,88338,84230,88673,ALLINNERS,illwill,5,6,3,2,28000,24700,30350,24300,22700,23600,full,full,73737,8,ALLINNERS,3,0
7628,"41fe1816bc30c669",12,84230,88673,85510,90018,88417,93065,88961,93649,ALLINNERS,illwill,6,6,3,2,24300,11000,32250,10800,16300,10700,full,force-buy,65162,8,ALLINNERS,3,0
7629,"41fe1816bc30c669",13,88961,93649,90657,95443,93942,98899,94262,99239,ALLINNERS,illwill,7,6,2,3,4000,4000,4250,4250,3450,3250,pistol,pistol,77892,9,ALLINNERS,2,0
7630,"41fe1816bc30c669",14,94262,99239,95542,100583,100326,105617,100646,105955,ALLINNERS,illwill,8,6,2,3,18600,10750,19500,11400,18050,10300,semi,force-buy,94627,9,ALLINNERS,2,0
7631,"41fe1816bc30c669",15,100646,105955,101926,107304,107358,113017,107678,113358,ALLINNERS,illwill,9,6,2,3,18600,15250,20650,4850,15450,4850,full,eco,104775,1,ALLINNERS,2,0
7632,"41fe1816bc30c669",16,107678,113358,108958,114698,117378,123559,117698,123899,ALLINNERS,illwill,9,7,2,3,21850,25450,23500,27800,9000,24200,full,full,151347,7,illwill,3,0
7633,"41fe1816bc30c669",17,117698,123899,118978,125245,127487,134201,127807,134536,ALLINNERS,illwill,10,7,2,3,24350,21800,24650,26500,23650,19850,full,full,152846,1,ALLINNERS,2,0
7634,"41fe1816bc30c669",18,129758,136591,131038,137933,137313,144538,137633,144878,ALLINNERS,illwill,11,7,2,3,19500,14650,27150,13100,12500,6900,full,semi,117906,1,ALLINNERS,2,0
7635,"41fe1816bc30c669",19,137633,144878,138913,146220,146273,153971,146593,154302,ALLINNERS,illwill,11,8,2,3,25800,23150,27750,27400,12800,21300,full,full,134908,12,illwill,3,0
7636,"41fe1816bc30c669",20,146593,154302,147873,155650,151324,159282,151644,159621,ALLINNERS,illwill,11,9,2,3,18900,20450,6600,27950,6600,9800,semi,full,73886,8,illwill,3,0
7637,"41fe1816bc30c669",21,151644,159621,152924,160961,160284,168712,160604,169043,ALLINNERS,illwill,11,10,2,3,21900,29650,22350,30200,21350,10150,full,full,134879,12,illwill,3,0
7638,"41fe1816bc30c669",22,160604,169043,161884,170394,165841,174560,166161,174892,ALLINNERS,illwill,11,11,2,3,10750,37950,6950,30550,2850,16700,semi,full,81853,8,illwill,3,0
7639,"41fe1816bc30c669",23,166161,174892,167441,176241,172463,181524,172783,181864,ALLINNERS,illwill,11,12,2,3,22100,40250,22000,31050,21200,6050,full,full,98396,8,illwill,3,0
7640,"41fe1816bc30c669",24,172783,181864,174063,183207,177158,186466,177158,186466,ALLINNERS,illwill,11,13,2,3,17250,44400,19550,31650,18550,25950,force-buy,full,68277,8,illwill,3,0
7697,d10ce9b4b35db17b,1,1,1,188,236,5379,5726,5827,6200,Team A,Team B,1,0,3,2,4000,4000,4200,4250,2750,3450,pistol,pistol,84544,8,Team A,3,0
7698,d10ce9b4b35db17b,2,5827,6200,7107,7553,10135,10752,10583,11231,Team A,Team B,2,0,3,2,19600,10950,22300,1500,19400,700,semi,eco,67222,8,Team A,3,0
7699,d10ce9b4b35db17b,3,10583,11231,11863,12579,18330,19420,18778,19891,Team A,Team B,2,1,3,2,19500,22250,25400,23000,5400,22000,full,full,120932,9,Team B,2,0
7700,d10ce9b4b35db17b,4,18778,19891,20058,21248,27041,28631,27489,29110,Team A,Team B,2,2,3,2,22750,18000,23650,23500,22650,15200,full,full,129069,1,Team B,2,0
7701,d10ce9b4b35db17b,5,27489,29110,28769,30458,34922,36967,35370,37444,Team A,Team B,2,3,3,2,10700,21500,9100,25400,600,12300,semi,full,116029,1,Team B,2,0
7702,d10ce9b4b35db17b,6,38071,40299,39351,41652,44604,47208,45052,47678,Team A,Team B,2,4,3,2,23200,27600,27150,25200,19200,13500,full,full,102029,9,Team B,2,0
7703,d10ce9b4b35db17b,7,45052,47678,46332,49035,51372,54362,51820,54836,Team A,Team B,2,5,3,2,19400,32150,10950,27450,10350,11800,semi,full,98706,9,Team B,2,0
7704,d10ce9b4b35db17b,8,51820,54836,53100,56189,57302,60634,57749,61105,Team A,Team B,2,6,3,2,26600,38400,27100,27550,26100,9200,full,full,85622,9,Team B,2,0
7705,d10ce9b4b35db17b,9,59899,63381,61179,64732,64759,68522,65207,68992,Team A,Team B,2,7,3,2,18400,46850,9850,27550,8400,13100,semi,full,75920,9,Team B,2,0
7706,d10ce9b4b35db17b,10,65207,68992,66487,70350,71313,75452,71761,75922,Team A,Team B,2,8,3,2,27850,51600,28200,27550,27200,8500,full,full,95398,1,Team B,2,0
7707,d10ce9b4b35db17b,11,71761,75922,73041,77279,79974,84609,80422,85082,Team A,Team B,3,8,3,2,19100,61500,18800,27450,11100,16200,semi,full,128286,8,Team A,3,0
7708,d10ce9b4b35db17b,12,80422,85082,81702,86437,85056,89986,87133,92202,Team A,Team B,3,9,3,2,27400,51800,31350,27750,18550,27650,full,full,72420,9,Team B,2,0
7709,d10ce9b4b35db17b,13,87133,92202,88829,93996,92674,98062,93122,98533,Team A,Team B,4,9,2,3,4000,4000,4750,4200,3450,3400,pistol,pistol,86538,9,Team A,2,0
7710,d10ce9b4b35db17b,14,93122,98533,94402,99889,99888,105688,100336,106166,Team A,Team B,5,9,2,3,18600,12300,19250,1500,17750,700,semi,eco,105662,1,Team A,2,0
7711,d10ce9b4b35db17b,15,100336,106166,101616,107515,110991,117429,111439,117906,Team A,Team B,6,9,2,3,19850,24700,24300,26450,12500,24100,full,full,166327,1,Team A,2,0
7712,d10ce9b4b35db17b,16,113359,119935,114639,121286,122911,130034,123359,130512,Team A,Team B,7,9,2,3,26350,17550,25150,15250,24450,8100,full,semi,149138,9,Team A,2,0
7713,d10ce9b4b35db17b,17,123359,130512,124639,131861,126231,133548,126679,134022,Team A,Team B,7,10,2,3,19750,28150,26850,28200,13000,27200,full,full,44834,8,Team B,3,0
7714,d10ce9b4b35db17b,18,129485,136988,130765,138340,137148,145090,137596,145567,Team A,Team B,7,11,2,3,14050,19350,13350,29150,13550,8600,force-buy,full,119647,8,Team B,3,0
7715,d10ce9b4b35db17b,19,137596,145567,138876,146918,145350,153764,145798,154239,Team A,Team B,7,12,2,3,10600,29250,7550,30250,4350,19200,semi,full,121050,8,Team B,3,0
7716,d10ce9b4b35db17b,20,145798,154239,147078,155592,152452,161275,152900,161749,Team A,Team B,8,12,2,3,18550,29050,18800,30450,18000,10300,force-buy,full,103905,9,Team A,2,0
7717,d10ce9b4b35db17b,21,154820,163779,156100,165132,160805,170111,160805,170111,Team A,Team B,8,13,2,3,16600,19950,27650,27950,12700,26750,full,full,93508,8,Team B,3,0
7740,"42c95ab5bb33fbc9",1,1,1,1244,1366,4455,4799,4775,5137,Team A,Team B,1,0,3,2,4800,4800,4500,4650,3300,3450,pistol,pistol,70185,8,Team A,3,0
7741,"42c95ab5bb33fbc9",2,4775,5137,6055,6500,10766,11535,11086,11872,Team A,Team B,2,0,3,2,20500,11450,21500,1800,19400,1000,semi,eco,93589,8,Team A,3,0
7742,"42c95ab5bb33fbc9",3,11086,11872,12366,13240,14834,15877,15154,16217,Team A,Team B,3,0,3,2,20700,22450,24500,13250,5100,12250,semi,semi,58585,8,Team A,3,0
7743,"42c95ab5bb33fbc9",4,15154,16217,16434,17579,23549,25177,23869,25523,Team A,Team B,3,1,3,2,34900,25600,28100,24500,12600,23600,full,full,131066,1,Team B,2,0
7744,"42c95ab5bb33fbc9",5,23869,25523,25149,26886,32226,34443,32546,34784,Team A,Team B,3,2,3,2,29300,20400,29500,25300,15300,4300,full,full,130481,1,Team B,2,0
7745,"42c95ab5bb33fbc9",6,32546,34784,33826,36151,35453,37883,35773,38229,Team A,Team B,4,2,3,2,25150,35100,28750,25500,20900,16000,full,full,45332,8,Team A,3,0
7746,"42c95ab5bb33fbc9",7,35773,38229,37053,39592,41338,44169,41658,44510,Team A,Team B,5,2,3,2,23050,28600,29550,25950,4750,24750,full,full,86890,8,Team A,3,0
7747,"42c95ab5bb33fbc9",8,44286,47309,45566,48680,51594,55114,51914,55459,Team A,Team B,6,2,3,2,37300,16450,29650,9350,16650,8750,full,semi,114171,8,Team A,3,0
7748,"42c95ab5bb33fbc9",9,51914,55459,53194,56822,60332,64446,60652,64785,Team A,Team B,7,2,3,2,39450,22500,30550,22300,10900,21300,full,force-buy,131461,8,Team A,3,0
7749,"42c95ab5bb33fbc9",10,60652,64785,61932,66146,63947,68301,64267,68638,Team A,Team B,8,2,3,2,47550,19100,30250,12600,20350,12000,full,semi,51431,8,Team A,3,0
7750,"42c95ab5bb33fbc9",11,66538,71062,67818,72433,73407,78401,73727,78743,Team A,Team B,9,2,3,2,45800,24100,31150,23700,5100,22500,full,force-buy,107354,8,Team A,3,0
7751,"42c95ab5bb33fbc9",12,73727,78743,75007,80102,79011,84380,79555,84972,Team A,Team B,10,2,3,2,59700,18600,30950,18400,5850,17500,full,force-buy,82457,7,Team A,3,0
7752,"42c95ab5bb33fbc9",13,79555,84972,81810,87389,85254,91068,85574,91403,Team A,Team B,11,2,2,3,4800,4800,4550,4600,3350,3400,pistol,pistol,89172,9,Team A,2,0
7753,"42c95ab5bb33fbc9",14,85574,91403,86854,92769,94226,100641,94546,100983,Team A,Team B,12,2,2,3,19500,12000,19850,11450,18150,10750,semi,force-buy,135133,9,Team A,2,0
7754,"42c95ab5bb33fbc9",15,94546,100983,95826,102351,99691,106477,99691,106477,Team A,Team B,13,2,2,3,29500,18000,22950,14100,7950,12700,semi,force-buy,80366,9,Team A,2,0
7825,"92de1b53f67fffcd",1,97,139,1792,1924,6286,6649,6606,6990,GameHunters,HereWeGoAgain,1,0,3,2,4000,4000,4200,3650,3400,2650,pistol,pistol,96723,7,GameHunters,3,0
7826,"92de1b53f67fffcd",2,6606,6990,7886,8338,12976,13692,13296,14031,GameHunters,HereWeGoAgain,1,1,3,2,21150,12100,22500,15100,20750,14100,full,force-buy,99575,1,HereWeGoAgain,2,0
7827,"92de1b53f67fffcd",3,13296,14031,14576,15376,16472,17361,16792,17703,GameHunters,HereWeGoAgain,1,2,3,2,6950,19650,1800,3300,0,0,eco,eco,49475,9,HereWeGoAgain,2,0
7828,"92de1b53f67fffcd",4,16792,17703,20043,21091,20043,21091,20363,21434,GameHunters,HereWeGoAgain,1,3,3,2,0,35900,0,3300,0,0,eco,eco,50337,9,HereWeGoAgain,2,0
7829,"92de1b53f67fffcd",5,20363,21434,23698,24876,23698,24876,24018,25211,GameHunters,HereWeGoAgain,1,4,3,2,0,32200,0,11050,0,0,eco,semi,51139,9,HereWeGoAgain,2,0
7830,"92de1b53f67fffcd",6,24018,25211,35794,37510,43154,45253,43474,45592,GameHunters,HereWeGoAgain,2,4,3,2,0,44750,16600,23600,7700,14500,force-buy,full,297776,12,GameHunters,3,0
7831,"92de1b53f67fffcd",7,45754,47991,47034,49337,48666,51055,48986,51394,GameHunters,HereWeGoAgain,3,4,3,2,18700,10850,19500,18350,18500,9150,semi,force-buy,45523,8,GameHunters,3,0
7832,"92de1b53f67fffcd",8,48986,51394,65928,69221,66968,70312,67288,70651,GameHunters,HereWeGoAgain,4,4,3,2,19800,11500,24450,1000,8450,0,full,eco,281076,8,GameHunters,3,0
7833,"92de1b53f67fffcd",9,67288,70651,68568,71999,75182,78956,75502,79295,GameHunters,HereWeGoAgain,5,4,3,2,30650,23500,25950,24200,3500,23000,full,full,123392,8,GameHunters,3,0
7834,"92de1b53f67fffcd",10,75502,79295,86945,91334,90176,94734,90496,95074,GameHunters,HereWeGoAgain,6,4,3,2,46150,15900,29750,8900,20950,8400,full,semi,229386,8,GameHunters,3,0
7835,"92de1b53f67fffcd",11,90496,95074,91776,96419,96847,101757,97167,102096,GameHunters,HereWeGoAgain,7,4,3,2,44000,24500,30550,24700,4900,24000,full,full,99293,8,GameHunters,3,0
7836,"92de1b53f67fffcd",12,99413,104454,100693,105804,103925,109206,104245,109541,GameHunters,HereWeGoAgain,7,5,3,2,57900,18400,30250,8800,17900,8900,full,semi,70603,9,HereWeGoAgain,2,0
7837,"92de1b53f67fffcd",13,104245,109541,105525,110886,111235,116897,111555,117233,GameHunters,HereWeGoAgain,8,5,3,2,48100,27850,29700,28100,28700,21350,full,full,109292,8,GameHunters,3,0
7838,"92de1b53f67fffcd",14,111555,117233,112835,118578,116801,122755,117121,123090,GameHunters,HereWeGoAgain,9,5,3,2,38000,21900,30250,21350,21500,20350,full,full,82043,8,GameHunters,3,0
7839,"92de1b53f67fffcd",15,117121,123090,118401,124435,120090,126215,120634,126799,GameHunters,HereWeGoAgain,10,5,3,2,35300,18550,30850,19200,6000,17900,full,force-buy,46430,8,GameHunters,3,0
7840,"92de1b53f67fffcd",16,120634,126799,122330,128588,127434,133964,127754,134299,GameHunters,HereWeGoAgain,10,6,2,3,4000,4000,4750,4250,3350,3250,pistol,pistol,106454,7,HereWeGoAgain,3,0
7841,"92de1b53f67fffcd",17,127754,134299,129034,135644,133953,140824,134273,141158,GameHunters,HereWeGoAgain,10,7,2,3,14350,21300,14550,22250,13950,21050,force-buy,semi,96945,8,HereWeGoAgain,3,0
7842,"92de1b53f67fffcd",18,134273,141158,135553,142504,140182,147374,140502,147714,GameHunters,HereWeGoAgain,10,8,2,3,13000,19250,3650,27900,3450,13800,eco,full,92354,8,HereWeGoAgain,3,0
7843,"92de1b53f67fffcd",19,140502,147714,141782,149061,147708,155295,148028,155632,GameHunters,HereWeGoAgain,10,9,2,3,24650,24450,24000,28250,23300,13750,full,full,112635,8,HereWeGoAgain,3,0
7844,"92de1b53f67fffcd",20,150389,158115,151669,159463,155650,163655,155970,163989,GameHunters,HereWeGoAgain,11,9,2,3,18950,29700,10900,27800,10400,14800,semi,full,82311,9,GameHunters,2,0
7845,"92de1b53f67fffcd",21,155970,163989,157250,165335,163333,171740,163653,172074,GameHunters,HereWeGoAgain,12,9,2,3,26300,24100,25500,23750,21250,22750,full,full,115161,9,GameHunters,2,0
7846,"92de1b53f67fffcd",22,163653,172074,164933,173420,167770,176408,167770,176408,GameHunters,HereWeGoAgain,13,9,2,3,26700,13150,27150,12400,13950,11400,full,force-buy,64392,9,GameHunters,2,0
7913,"42d8bad9b90e9c7",1,83,130,1777,1909,5211,5523,5531,5863,BET-M,Oramond,0,1,3,2,4000,4000,4300,4300,3300,3300,pistol,pistol,80011,9,Oramond,2,0
7914,"42d8bad9b90e9c7",2,5531,5863,6811,7210,11847,12511,12167,12846,BET-M,Oramond,0,2,3,2,11850,18750,2400,18800,1800,17800,eco,semi,98630,1,Oramond,2,0
7915,"42d8bad9b90e9c7",3,12167,12846,13447,14190,17685,18649,18005,18989,BET-M,Oramond,0,3,3,2,23150,19950,24150,22500,20650,10900,full,full,86094,1,Oramond,2,0
7916,"42d8bad9b90e9c7",4,18005,18989,19285,20337,25163,26519,25483,26859,BET-M,Oramond,1,3,3,2,19750,28050,11750,23100,11550,22100,semi,full,111715,7,BET-M,3,0
7917,"42d8bad9b90e9c7",5,25483,26859,26763,28203,31920,33628,32240,33967,BET-M,Oramond,2,3,3,2,28750,17150,29650,17750,20800,16950,full,force-buy,100425,8,BET-M,3,0
7918,"42d8bad9b90e9c7",6,32240,33967,33520,35316,34034,35852,34354,36190,BET-M,Oramond,3,3,3,2,26350,10000,30250,1100,10100,300,full,eco,27966,8,BET-M,3,0
7919,"42d8bad9b90e9c7",7,34354,36190,35634,37541,37184,39171,37504,39505,BET-M,Oramond,4,3,3,2,35250,21700,30650,22100,1800,21100,full,full,44226,8,BET-M,3,0
7920,"42d8bad9b90e9c7",8,37504,39505,38784,40851,40914,43091,41234,43431,BET-M,Oramond,5,3,3,2,52050,15100,30650,6850,4800,7150,full,semi,53202,8,BET-M,3,0
7921,"42d8bad9b90e9c7",9,41234,43431,42514,44778,46554,49030,46874,49363,BET-M,Oramond,6,3,3,2,65700,24950,31450,24700,4500,24000,full,full,83067,8,BET-M,3,0
7922,"42d8bad9b90e9c7",10,46874,49363,48154,50712,53873,56733,54193,57064,BET-M,Oramond,7,3,3,2,76950,17950,31550,8300,4500,8300,full,semi,109342,7,BET-M,3,0
7923,"42d8bad9b90e9c7",11,54193,57064,55473,58413,61944,65226,62264,65558,BET-M,Oramond,8,3,3,2,79700,30550,34000,26600,23150,25900,full,full,121092,8,BET-M,3,0
7924,"42d8bad9b90e9c7",12,62264,65558,63544,66905,66007,69499,66551,70083,BET-M,Oramond,9,3,3,2,70750,22550,33800,22800,48150,22100,full,full,58469,8,BET-M,3,0
7925,"42d8bad9b90e9c7",13,66551,70083,68247,71870,71794,75608,72114,75942,BET-M,Oramond,10,3,2,3,4000,4000,5450,4250,3550,3250,pistol,pistol,81969,9,BET-M,2,0
7926,"42d8bad9b90e9c7",14,72114,75942,73394,77288,77444,81549,77764,81889,BET-M,Oramond,11,3,2,3,18500,11350,19500,1000,18300,0,semi,eco,83186,9,BET-M,2,0
7927,"42d8bad9b90e9c7",15,77764,81889,79044,83235,82221,86577,82541,86917,BET-M,Oramond,11,4,2,3,17950,23350,21500,24350,4600,23050,full,full,69551,8,Oramond,3,0
7928,"42d8bad9b90e9c7",16,85654,90190,86934,91539,95302,100340,95622,100680,BET-M,Oramond,12,4,2,3,21550,19100,21700,24050,20700,16850,full,full,150586,1,BET-M,2,0
7929,"42d8bad9b90e9c7",17,95622,100680,96902,102027,104262,109772,104582,110109,BET-M,Oramond,12,5,2,3,19850,13400,26850,18200,16200,13000,full,force-buy,134890,12,Oramond,3,0
7930,"42d8bad9b90e9c7",18,104582,110109,105862,111452,110446,116277,110766,116617,BET-M,Oramond,12,6,2,3,9550,19150,15600,27300,7350,11650,semi,full,91509,8,Oramond,3,0
7931,"42d8bad9b90e9c7",19,110766,116617,112046,117960,113971,119986,114291,120322,BET-M,Oramond,12,7,2,3,10550,26500,1500,28400,700,14000,eco,full,49982,8,Oramond,3,0
7932,"42d8bad9b90e9c7",20,114291,120322,115571,121673,120377,126730,120377,126730,BET-M,Oramond,13,7,2,3,18300,28650,23100,30750,21900,10850,full,full,95069,9,BET-M,2,0
8062,"4cd3de9691838b8b",1,1,1,1250,1372,5058,5441,5378,5783,Team A,Team B,0,1,3,2,4800,4800,4200,4400,3400,3400,pistol,pistol,79564,9,Team B,2,0
8063,"4cd3de9691838b8b",2,5378,5783,6658,7142,12824,13729,13144,14072,Team A,Team B,0,2,3,2,12550,19450,11900,19300,11300,18000,force-buy,semi,116216,1,Team B,2,0
8064,"4cd3de9691838b8b",3,13144,14072,14424,15440,22768,24346,23088,24693,Team A,Team B,0,3,3,2,15750,20750,7200,21750,3900,17650,semi,semi,150265,1,Team B,2,0
8065,"4cd3de9691838b8b",4,23088,24693,24368,26054,29054,31059,29374,31401,Team A,Team B,0,4,3,2,26900,22700,26950,25200,25550,9500,force-buy,full,93107,9,Team B,2,0
8066,"4cd3de9691838b8b",5,29374,31401,30654,32760,35806,38265,36126,38611,Team A,Team B,0,5,3,2,19450,30750,9600,28350,9000,12700,semi,full,100391,9,Team B,2,0
8067,"4cd3de9691838b8b",6,36126,38611,37406,39968,44335,47369,44655,47709,Team A,Team B,1,5,3,2,27450,35900,27550,29050,26350,1500,full,full,128092,8,Team A,3,0
8068,"4cd3de9691838b8b",7,44655,47709,45935,49076,48558,51875,48878,52214,Team A,Team B,2,5,3,2,19900,42000,29150,25800,14500,25100,full,full,60930,8,Team A,3,0
8069,"4cd3de9691838b8b",8,48878,52214,50158,53584,58840,62853,59160,63197,Team A,Team B,2,6,3,2,24400,27000,30450,25600,13800,24400,full,full,155603,9,Team B,2,0
8070,"4cd3de9691838b8b",9,59160,63197,60440,64555,62672,66941,62992,67284,Team A,Team B,2,7,3,2,24200,20650,24050,24000,22850,17150,force-buy,full,54758,9,Team B,2,0
8071,"4cd3de9691838b8b",10,62992,67284,64272,68641,69342,74062,69662,74399,Team A,Team B,2,8,3,2,15850,21350,6600,27650,6400,5300,semi,full,99133,9,Team B,2,0
8072,"4cd3de9691838b8b",11,69662,74399,70942,75761,78181,83496,78501,83834,Team A,Team B,2,9,3,2,28650,33900,28050,27550,26850,20200,full,full,133050,9,Team B,2,0
8073,"4cd3de9691838b8b",12,81033,86539,82313,87901,87398,93337,87942,93929,Team A,Team B,2,10,3,2,20050,31750,20450,29550,19050,24200,force-buy,full,99425,9,Team B,2,0
8074,"4cd3de9691838b8b",13,87942,93929,90335,96489,92578,98885,92898,99229,Team A,Team B,2,11,2,3,4800,4800,4500,4500,3300,3300,pistol,pistol,72485,8,Team B,3,0
8075,"4cd3de9691838b8b",14,92898,99229,94178,100590,96856,103449,97176,103791,Team A,Team B,2,12,2,3,11300,20500,9300,22650,9400,19450,force-buy,semi,61720,8,Team B,3,0
8076,"4cd3de9691838b8b",15,97176,103791,98456,105155,101508,108416,101508,108416,Team A,Team B,2,13,2,3,16100,30750,14400,29700,12900,7050,force-buy,full,67644,8,Team B,3,0
8322,"630088bb1b27ebff",1,1,1,2189,2524,6685,7633,7005,7997,Team A,Team B,0,1,3,2,4800,4800,8350,4500,3450,3300,pistol,pistol,104537,9,Team A,2,0
8323,"630088bb1b27ebff",2,7005,7997,8285,9439,15342,17457,15662,17828,Team A,Team B,1,1,2,3,19400,12100,23350,1500,17900,300,semi,eco,129576,9,Team A,2,0
8324,c86922d0f8fea8c6,1,1,1,1246,1368,5046,5429,5366,5769,Team A,Team B,0,1,3,2,4800,4800,8550,4150,3450,3450,pistol,pistol,79407,9,Team B,2,0
8325,c86922d0f8fea8c6,2,5366,5769,6646,7129,8216,8807,8536,9150,Team A,Team B,0,2,3,2,11400,19400,6100,20100,0,18200,semi,semi,44443,9,Team B,2,0
8326,c86922d0f8fea8c6,3,8536,9150,9816,10516,14768,15802,15088,16141,Team A,Team B,0,3,3,2,23400,18950,26200,21900,21400,3000,force-buy,semi,97314,1,Team B,2,0
8327,c86922d0f8fea8c6,4,15088,16141,16368,17511,19644,21009,19964,21350,Team A,Team B,0,4,3,2,17600,34950,15450,27750,7200,13950,semi,full,71215,9,Team B,2,0
8328,c86922d0f8fea8c6,5,19964,21350,21244,22708,26816,28658,27136,29005,Team A,Team B,1,4,3,2,29050,38750,31700,27850,26900,16500,full,full,106910,7,Team A,3,0
8329,c86922d0f8fea8c6,6,29819,31865,31099,33232,38459,41093,38779,41434,Team A,Team B,2,4,3,2,21600,33550,27800,28050,18450,17850,full,full,134999,12,Team A,3,0
8330,c86922d0f8fea8c6,7,38779,41434,40059,42792,44916,47982,45236,48321,Team A,Team B,3,4,3,2,21600,23600,30500,24900,9800,20200,full,full,95792,8,Team A,3,0
8331,c86922d0f8fea8c6,8,45236,48321,46516,49690,50683,54139,51003,54477,Team A,Team B,4,4,3,2,30700,16000,32850,5600,13350,5400,full,eco,85113,8,Team A,3,0
8332,c86922d0f8fea8c6,9,51003,54477,52283,55843,58598,62589,58918,62927,Team A,Team B,4,5,3,2,36150,26300,32750,25800,21500,24800,full,full,118672,9,Team B,2,0
8333,c86922d0f8fea8c6,10,58918,62927,60198,64288,67861,72473,68181,72817,Team A,Team B,4,6,3,2,23300,19050,25750,25500,21150,14700,force-buy,full,139651,1,Team B,2,0
8334,c86922d0f8fea8c6,11,68181,72817,69461,74175,74069,79096,74389,79439,Team A,Team B,4,7,3,2,12750,23050,14700,23650,4500,18550,semi,semi,91857,1,Team B,2,0
8335,c86922d0f8fea8c6,12,74389,79439,75669,80804,78306,83617,78850,84207,Team A,Team B,5,7,3,2,21500,23800,30850,25600,20450,17100,full,full,61121,8,Team A,3,0
8358,"6e0e8a618cacdda5",1,10,51,2341,3006,8845,11280,9165,11664,Sangal 1XBET,Nuclear TigeRES,1,0,3,2,25450,19850,25950,26300,24450,15100,pistol,pistol,137976,7,Sangal 1XBET,3,0
8359,"6e0e8a618cacdda5",2,9165,11664,10445,13295,13378,17013,13698,17428,Sangal 1XBET,Nuclear TigeRES,2,0,3,2,21150,16250,24100,19350,17550,15250,semi,force-buy,65725,8,Sangal 1XBET,3,0
8360,"6e0e8a618cacdda5",3,13698,17428,14978,19068,19644,24984,19964,25404,Sangal 1XBET,Nuclear TigeRES,3,0,3,2,22400,10800,28900,5300,10950,1000,full,eco,92844,7,Sangal 1XBET,3,0
8361,"6e0e8a618cacdda5",4,19964,25404,21244,26998,25179,32022,25499,32422,Sangal 1XBET,Nuclear TigeRES,4,0,3,2,32400,26000,30350,28600,13300,23800,full,full,81318,8,Sangal 1XBET,3,0
8362,"6e0e8a618cacdda5",5,28018,35628,29298,37232,35811,45515,36131,45935,Sangal 1XBET,Nuclear TigeRES,4,1,3,2,38100,17000,30650,17450,13150,13050,full,semi,121486,9,Nuclear TigeRES,2,0
8363,"6e0e8a618cacdda5",6,36131,45935,37411,47553,44771,56911,45091,57315,Sangal 1XBET,Nuclear TigeRES,5,1,3,2,33950,22000,28650,29650,27450,19100,full,full,134867,12,Sangal 1XBET,3,0
8364,"6e0e8a618cacdda5",7,45091,57315,46371,58926,50892,64692,51212,65076,Sangal 1XBET,Nuclear TigeRES,5,2,3,2,24200,10100,30950,21200,7200,8700,full,force-buy,90644,1,Nuclear TigeRES,2,0
8365,"6e0e8a618cacdda5",8,51212,65076,52492,66707,60845,77334,61165,77721,Sangal 1XBET,Nuclear TigeRES,5,3,3,2,24550,20100,30850,30500,17100,10200,full,full,150620,1,Nuclear TigeRES,2,0
8366,"6e0e8a618cacdda5",9,61165,77721,62445,79358,67361,85607,67681,86002,Sangal 1XBET,Nuclear TigeRES,5,4,3,2,16950,28600,15700,32450,4100,5900,semi,full,96899,9,Nuclear TigeRES,2,0
8367,"6e0e8a618cacdda5",10,67681,86002,68961,87636,74975,95268,74975,95268,Sangal 1XBET,Nuclear TigeRES,6,4,3,2,20150,37800,26300,31650,24600,13150,force-buy,full,113856,7,Sangal 1XBET,3,0
8574,f105089e01a366e2,1,81,123,1776,1908,7224,7637,7544,7977,Minlate,ETERNAL FIRE,0,1,3,2,4000,4000,4550,4200,3550,3400,pistol,pistol,111511,1,ETERNAL FIRE,2,0
8575,f105089e01a366e2,2,7544,7977,8824,9322,14693,15497,15013,15837,Minlate,ETERNAL FIRE,1,1,3,2,11050,19600,12000,20000,10000,19000,force-buy,full,111601,8,Minlate,3,0
8576,f105089e01a366e2,3,15013,15837,16293,17181,25165,26520,25485,26852,Minlate,ETERNAL FIRE,1,2,3,2,20950,8200,25000,7750,14450,7750,full,force-buy,158541,1,ETERNAL FIRE,2,0
8577,f105089e01a366e2,4,25485,26852,26765,28201,34023,35841,34343,36174,Minlate,ETERNAL FIRE,2,2,3,2,14600,19450,17900,25900,13000,13400,force-buy,full,133401,8,Minlate,3,0
8578,f105089e01a366e2,5,36956,38925,38236,40275,45155,47556,45475,47888,Minlate,ETERNAL FIRE,3,2,3,2,20600,14250,24500,15950,19300,13750,full,force-buy,128088,8,Minlate,3,0
8579,f105089e01a366e2,6,45475,47888,46755,49236,51645,54383,51965,54717,Minlate,ETERNAL FIRE,4,2,3,2,21200,10300,30750,1700,9600,900,full,eco,96389,8,Minlate,3,0
8580,f105089e01a366e2,7,51965,54717,53245,56066,61210,64444,61530,64784,Minlate,ETERNAL FIRE,4,3,3,2,29800,21400,31550,22000,5400,21000,full,full,144354,1,ETERNAL FIRE,2,0
8581,f105089e01a366e2,8,61530,64784,62810,66134,70427,74144,70747,74483,Minlate,ETERNAL FIRE,4,4,3,2,32850,19100,30500,24200,23150,15800,full,full,138907,9,ETERNAL FIRE,2,0
8582,f105089e01a366e2,9,70747,74483,72027,75832,76710,80756,77030,81097,Minlate,ETERNAL FIRE,4,5,3,2,19200,21350,11600,25000,11200,5900,semi,full,93094,1,ETERNAL FIRE,2,0
8583,f105089e01a366e2,10,77030,81097,78310,82440,84696,89165,85016,89496,Minlate,ETERNAL FIRE,5,5,3,2,20700,34150,26600,25200,19900,12300,full,full,119733,8,Minlate,3,0
8584,f105089e01a366e2,11,88095,92735,89375,94084,97867,103018,98187,103358,Minlate,ETERNAL FIRE,5,6,3,2,19400,29450,28550,26850,14650,25950,full,full,152605,1,ETERNAL FIRE,2,0
8585,f105089e01a366e2,12,98187,103358,99467,104705,103911,109383,104455,109967,Minlate,ETERNAL FIRE,5,7,3,2,16450,22200,25550,24400,15800,19200,full,full,89414,9,ETERNAL FIRE,2,0
8586,f105089e01a366e2,13,104455,109967,106151,111762,111512,117405,111832,117736,Minlate,ETERNAL FIRE,5,8,2,3,4000,4000,4300,4000,3300,3400,pistol,pistol,110384,7,ETERNAL FIRE,3,0
8587,f105089e01a366e2,14,111832,117736,113112,119084,118000,124227,118320,124563,Minlate,ETERNAL FIRE,5,9,2,3,14400,21150,3000,21450,2800,19600,eco,semi,96330,8,ETERNAL FIRE,3,0
8588,f105089e01a366e2,15,118320,124563,119600,125914,126584,133259,126904,133600,Minlate,ETERNAL FIRE,6,9,2,3,23600,21450,23000,22950,22400,3800,full,full,129053,9,Minlate,2,0
8589,f105089e01a366e2,16,126904,133600,130192,137057,137552,144799,137872,145139,Minlate,ETERNAL FIRE,6,10,2,3,19250,26600,24500,25550,16400,24550,full,full,166199,12,ETERNAL FIRE,3,0
8590,f105089e01a366e2,17,137872,145139,139152,146489,142923,150452,143242,150791,Minlate,ETERNAL FIRE,6,11,2,3,11050,20300,7250,29200,2950,15800,semi,full,78847,8,ETERNAL FIRE,3,0
8591,f105089e01a366e2,18,143242,150791,144522,152138,149855,157747,150175,158085,Minlate,ETERNAL FIRE,6,12,2,3,20400,22900,21100,30150,20100,10550,full,full,103230,8,ETERNAL FIRE,3,0
8592,f105089e01a366e2,19,152203,160220,153483,161562,156937,165197,157257,165537,Minlate,ETERNAL FIRE,7,12,2,3,15400,31350,15000,30150,14400,14750,force-buy,full,73861,9,Minlate,2,0
8593,f105089e01a366e2,20,157257,165537,158537,166885,163927,172558,164247,172889,Minlate,ETERNAL FIRE,8,12,2,3,19350,24850,27150,24300,16400,23300,full,full,104195,9,Minlate,2,0
8594,f105089e01a366e2,21,164247,172889,165527,174239,170757,179740,171077,180080,Minlate,ETERNAL FIRE,9,12,2,3,20400,12700,25800,13450,15050,12450,full,force-buy,101672,9,Minlate,2,0
8595,f105089e01a366e2,22,171077,180080,172357,181426,179550,188994,179550,188994,Minlate,ETERNAL FIRE,9,13,2,3,22400,24000,26850,4100,12700,3900,full,eco,132288,7,ETERNAL FIRE,3,0
8732,addeab3e73dfac5,1,1,1,1227,1342,4470,4790,4790,5128,Team A,Team B,0,1,3,2,4800,4000,4500,4750,3300,3350,pistol,pistol,70400,9,Team B,2,0
8733,addeab3e73dfac5,2,4790,5128,6070,6485,15663,16681,15983,17025,Team A,Team B,0,2,3,2,12650,18400,12650,19100,11850,18100,force-buy,semi,169834,1,Team B,2,0
8734,addeab3e73dfac5,3,15983,17025,17263,18381,22613,24065,22933,24407,Team A,Team B,0,3,3,2,13350,19300,4700,23000,2400,9000,eco,full,103491,1,Team B,2,0
8735,addeab3e73dfac5,4,22933,24407,24213,25771,30055,31975,30375,32319,Team A,Team B,0,4,3,2,26550,28700,28600,23800,20200,13400,full,full,111253,9,Team B,2,0
8736,addeab3e73dfac5,5,30375,32319,31655,33675,37589,39980,37909,40322,Team A,Team B,1,4,3,2,25150,33350,25450,27450,23750,21000,force-buy,full,112620,8,Team A,3,0
8737,addeab3e73dfac5,6,40866,43463,42146,44823,47823,50860,48143,51195,Team A,Team B,2,4,3,2,20400,20050,28500,20650,17200,19050,full,full,108739,8,Team A,3,0
8738,addeab3e73dfac5,7,48143,51195,49423,52558,55471,58985,55791,59324,Team A,Team B,3,4,3,2,22000,11100,29350,1500,13800,700,full,eco,114516,8,Team A,3,0
8739,addeab3e73dfac5,8,55791,59324,57071,60687,61511,65405,61831,65746,Team A,Team B,3,5,3,2,27000,22400,30750,22900,5700,22200,full,full,89393,9,Team B,2,0
8740,addeab3e73dfac5,9,61831,65746,63111,67101,68557,72894,68877,73229,Team A,Team B,3,6,3,2,31350,18250,27900,27250,26700,9000,full,full,105079,9,Team B,2,0
8741,addeab3e73dfac5,10,68877,73229,70157,74592,77954,82879,78274,83215,Team A,Team B,3,7,3,2,17750,27300,8250,27550,8050,13900,semi,full,141859,1,Team B,2,0
8742,addeab3e73dfac5,11,78274,83215,79554,84578,86914,92396,87234,92740,Team A,Team B,4,7,3,2,24200,32400,25600,27650,23050,3800,force-buy,full,134965,12,Team A,3,0
8743,addeab3e73dfac5,12,87234,92740,88514,94101,96143,102205,96687,102794,Team A,Team B,4,8,3,2,19050,33100,31600,28150,15200,21150,full,full,139140,9,Team B,2,0
8744,addeab3e73dfac5,13,96687,102794,124439,132298,128131,136223,128451,136559,Team A,Team B,5,8,2,3,4800,4000,4050,4500,3550,3400,pistol,pistol,491422,9,Team A,2,0
8745,addeab3e73dfac5,14,128451,136559,129731,137918,138330,147060,138650,147400,Team A,Team B,6,8,2,3,19000,10650,19600,9250,18000,8850,semi,force-buy,154369,1,Team A,2,0
8746,addeab3e73dfac5,15,138650,147400,139930,148755,145687,154873,146007,155218,Team A,Team B,7,8,2,3,19700,13800,22600,5700,5100,1500,semi,semi,109856,9,Team A,2,0
8747,addeab3e73dfac5,16,146007,155218,147287,156577,151891,161469,152211,161806,Team A,Team B,7,9,2,3,32650,27900,22900,28250,13100,27250,semi,full,91892,8,Team B,3,0
8748,addeab3e73dfac5,17,152211,161806,154945,164711,160717,170847,161037,171185,Team A,Team B,8,9,2,3,27150,19650,26050,28850,24650,13600,full,full,132907,9,Team A,2,0
8749,addeab3e73dfac5,18,161037,171185,162317,172549,168018,178606,168338,178943,Team A,Team B,9,9,2,3,20350,20250,25150,21200,17500,19900,full,force-buy,109092,9,Team A,2,0
8750,addeab3e73dfac5,19,171018,181791,172298,183155,176420,187531,176740,187875,Team A,Team B,10,9,2,3,20700,16800,27050,8950,16100,8250,full,semi,84380,9,Team A,2,0
8751,addeab3e73dfac5,20,176740,187875,180381,191743,182740,194247,183060,194591,Team A,Team B,10,10,2,3,22650,26100,27950,26750,9400,25550,full,full,93671,8,Team B,3,0
8752,addeab3e73dfac5,21,183060,194591,184340,195951,193320,205491,193640,205834,Team A,Team B,10,11,2,3,20550,19150,19450,29350,18750,9450,force-buy,full,160235,7,Team B,3,0
8753,addeab3e73dfac5,22,193640,205834,194920,207195,199188,211730,199508,212069,Team A,Team B,10,12,2,3,15800,30050,5600,30650,5000,25350,eco,full,86674,8,Team B,3,0
8754,addeab3e73dfac5,23,199508,212069,200788,213426,205314,218241,205314,218241,Team A,Team B,10,13,2,3,15150,39000,23100,31150,21700,3600,force-buy,full,90731,7,Team B,3,0
9024,"963672906ef564fe",1,82,132,1777,1913,3013,3213,3333,3551,MOUZ NXT,ALLINNERS,1,0,3,2,4000,4000,4500,4250,3300,3450,pistol,pistol,45725,8,MOUZ NXT,3,0
9025,"963672906ef564fe",2,3333,3551,4613,4893,11627,12279,11947,12614,MOUZ NXT,ALLINNERS,2,0,3,2,19700,10650,18950,1000,15600,0,semi,eco,129532,8,MOUZ NXT,3,0
9026,"963672906ef564fe",3,11947,12614,13227,13959,19869,20953,20189,21286,MOUZ NXT,ALLINNERS,3,0,3,2,23400,23550,27050,24000,17650,23000,full,full,123759,8,MOUZ NXT,3,0
9027,"963672906ef564fe",4,20189,21286,21469,22632,28464,29994,28784,30329,MOUZ NXT,ALLINNERS,3,1,3,2,24750,15950,27800,6050,16850,6350,full,semi,129235,9,ALLINNERS,2,0
9028,"963672906ef564fe",5,31460,33146,32740,34496,39190,41280,39510,41618,MOUZ NXT,ALLINNERS,3,2,3,2,16000,27650,16950,26700,15850,15450,force-buy,full,120716,9,ALLINNERS,2,0
9029,"963672906ef564fe",6,39510,41618,40790,42967,42157,44404,42477,44740,MOUZ NXT,ALLINNERS,3,3,3,2,10750,30250,1100,28150,300,12900,eco,full,41347,9,ALLINNERS,2,0
9030,"963672906ef564fe",7,42477,44740,43757,46085,51548,54288,51868,54621,MOUZ NXT,ALLINNERS,3,4,3,2,23550,35100,24150,27750,23150,12550,full,full,141702,1,ALLINNERS,2,0
9031,"963672906ef564fe",8,51868,54621,53148,55968,60817,64039,61137,64379,MOUZ NXT,ALLINNERS,3,5,3,2,15700,40950,13750,27850,5050,13450,semi,full,139772,9,ALLINNERS,2,0
9032,"963672906ef564fe",9,64095,67487,65375,68838,73573,77462,73893,77798,MOUZ NXT,ALLINNERS,3,6,3,2,28200,45150,27750,28150,26450,7800,full,full,148039,1,ALLINNERS,2,0
9033,"963672906ef564fe",10,73893,77798,75173,79148,77590,81688,77910,82026,MOUZ NXT,ALLINNERS,4,6,3,2,20550,56350,25550,27250,18850,22250,full,full,57731,8,MOUZ NXT,3,0
9034,"963672906ef564fe",11,77910,82026,79190,83375,88329,92987,88649,93327,MOUZ NXT,ALLINNERS,4,7,3,2,21000,42100,26000,27650,17550,27150,full,full,162672,1,ALLINNERS,2,0
9035,"963672906ef564fe",12,88649,93327,89929,94676,97125,102245,97669,102829,MOUZ NXT,ALLINNERS,4,8,3,2,19150,33750,25700,28350,18350,14550,full,full,132352,9,ALLINNERS,2,0
9036,"963672906ef564fe",13,97669,102829,99365,104618,103991,109488,104311,109821,MOUZ NXT,ALLINNERS,5,8,2,3,4000,4000,4200,4250,3400,3250,pistol,pistol,98826,1,MOUZ NXT,2,0
9037,"963672906ef564fe",14,104311,109821,105591,111170,110413,116243,110733,116583,MOUZ NXT,ALLINNERS,6,8,2,3,19300,11050,18400,2900,17700,1000,semi,eco,95309,1,MOUZ NXT,2,0
9038,"963672906ef564fe",15,110733,116583,112013,117925,118046,124278,118366,124611,MOUZ NXT,ALLINNERS,6,9,2,3,20900,23400,23300,24250,15800,23250,full,full,114201,8,ALLINNERS,3,0
9039,"963672906ef564fe",16,118366,124611,119646,125958,123143,129636,123463,129976,MOUZ NXT,ALLINNERS,6,10,2,3,13000,19150,12650,26350,12550,16550,force-buy,full,74576,7,ALLINNERS,3,0
9040,"963672906ef564fe",17,123463,129976,124743,131325,126994,133689,127314,134028,MOUZ NXT,ALLINNERS,6,11,2,3,13850,22600,9450,26950,4900,13300,semi,full,55104,8,ALLINNERS,3,0
9041,"963672906ef564fe",18,127314,134028,128594,135377,135954,143119,136274,143459,MOUZ NXT,ALLINNERS,6,12,2,3,21850,28100,21750,30450,21050,18950,full,full,134919,12,ALLINNERS,3,0
9042,"963672906ef564fe",19,136274,143459,137554,144800,139007,146333,139007,146333,MOUZ NXT,ALLINNERS,6,13,2,3,17700,33700,18700,30750,9400,10300,force-buy,full,42653,8,ALLINNERS,3,0
9098,cce09abab8ab8363,1,1,1,186,234,3331,3560,3779,4030,Team A,Team B,1,0,3,2,4000,4000,4750,3850,3450,3350,pistol,pistol,52898,7,Team A,3,0
9099,cce09abab8ab8363,2,3779,4030,5059,5388,6502,6911,6950,7389,Team A,Team B,2,0,3,2,21100,13450,24100,13800,20450,12800,full,force-buy,42820,8,Team A,3,0
9100,cce09abab8ab8363,3,6950,7389,8230,8739,12642,13405,13090,13883,Team A,Team B,3,0,3,2,19650,13550,28100,5500,13700,5500,full,semi,89417,8,Team A,3,0
9101,cce09abab8ab8363,4,13090,13883,14370,15065,16041,16493,16488,16898,Team A,Team B,4,0,3,2,24950,22550,28800,22750,3000,21750,full,full,38793,8,Team A,3,0
9102,cce09abab8ab8363,5,16488,16898,17768,18251,19890,20495,20338,20970,Team A,Team B,5,0,3,2,40950,18100,28200,11500,7300,11300,full,semi,53463,8,Team A,3,0
9103,cce09abab8ab8363,6,20338,20970,21618,22322,27304,28340,27752,28810,Team A,Team B,6,0,3,2,52650,24400,29850,23800,13650,22800,full,full,109541,8,Team A,3,0
9104,cce09abab8ab8363,7,27752,28810,29032,30167,33546,34935,33994,35413,Team A,Team B,7,0,3,2,57600,18800,29850,17700,16050,16700,full,semi,91037,8,Team A,3,0
9105,cce09abab8ab8363,8,33994,35413,44170,46175,49167,51460,49615,51932,Team A,Team B,8,0,3,2,57250,19400,30250,18850,9100,18850,full,force-buy,238510,8,Team A,3,0
9106,cce09abab8ab8363,9,49615,51932,50895,53288,53204,55730,53652,56201,Team A,Team B,9,0,3,2,63450,18150,30250,18900,15950,17900,full,force-buy,56450,8,Team A,3,0
9107,cce09abab8ab8363,10,53652,56201,54932,57557,61146,64125,61594,64597,Team A,Team B,10,0,3,2,62600,17550,30050,18250,10650,17250,full,force-buy,117776,8,Team A,3,0
9108,cce09abab8ab8363,11,61594,64597,62874,65953,65420,68643,65868,69122,Team A,Team B,11,0,3,2,66400,18200,30950,18550,18700,17550,full,force-buy,60136,8,Team A,3,0
9109,cce09abab8ab8363,12,65868,69122,67148,70470,68123,71502,70992,74558,Team A,Team B,12,0,3,2,66500,17650,29000,16650,11700,15650,full,semi,35374,8,Team A,3,0
9110,cce09abab8ab8363,13,70992,74558,72688,76352,76257,80122,76257,80122,Team A,Team B,13,0,2,3,18750,10000,4300,4500,3300,3500,pistol,pistol,82698,9,Team A,2,0
9111,"62445b77e1210be9",1,95,137,1790,1922,4277,4540,4597,4874,Phantom,FORZE Reload,1,0,3,2,4000,4000,4400,4400,3400,3400,pistol,pistol,65367,8,Phantom,3,0
9112,"62445b77e1210be9",2,4597,4874,5877,6220,11880,12538,12200,12875,Phantom,FORZE Reload,2,0,3,2,19600,10700,22500,1400,19300,200,full,eco,113780,8,Phantom,3,0
9113,"62445b77e1210be9",3,12200,12875,13480,14224,19663,20729,19983,21067,Phantom,FORZE Reload,3,0,3,2,19600,22800,27250,23400,9500,22400,full,full,116601,8,Phantom,3,0
9114,"62445b77e1210be9",4,19983,21067,21263,22409,27753,29241,28073,29581,Phantom,FORZE Reload,4,0,3,2,29100,15800,27800,7250,18400,7050,full,semi,121351,8,Phantom,3,0
9115,"62445b77e1210be9",5,28073,29581,29353,30924,33415,35201,33735,35534,Phantom,FORZE Reload,4,1,3,2,29700,25750,28600,26150,5300,25150,full,full,83434,9,FORZE Reload,2,0
9116,"62445b77e1210be9",6,33735,35534,35015,36884,44700,47072,45020,47411,Phantom,FORZE Reload,4,2,3,2,32500,17950,28700,27050,27900,11400,full,full,171293,1,FORZE Reload,2,0
9117,"62445b77e1210be9",7,45020,47411,53336,56159,61502,64758,61822,65096,Phantom,FORZE Reload,4,3,3,2,14800,25050,27000,27250,14450,13200,full,full,257534,1,FORZE Reload,2,0
9118,"62445b77e1210be9",8,61822,65096,84283,88685,90943,95691,91263,96031,Phantom,FORZE Reload,4,4,3,2,13750,30350,9500,25600,3050,10750,semi,full,454215,1,FORZE Reload,2,0
9119,"62445b77e1210be9",9,91263,96031,92543,97379,96361,101394,96681,101731,Phantom,FORZE Reload,5,4,3,2,27650,38300,29950,27250,20000,26550,full,full,79619,8,Phantom,3,0
9120,"62445b77e1210be9",10,96681,101731,97961,103080,105629,111150,105949,111481,Phantom,FORZE Reload,5,5,3,2,26450,19050,30450,18350,8900,17750,full,force-buy,139835,9,FORZE Reload,2,0
9121,"62445b77e1210be9",11,105949,111481,107229,112830,115992,122055,116312,122386,Phantom,FORZE Reload,6,5,3,2,31200,19150,28300,25600,27500,14950,full,full,156982,7,Phantom,3,0
9122,"62445b77e1210be9",12,116312,122386,117592,123736,124259,130755,132446,139378,Phantom,FORZE Reload,7,5,3,2,24050,15400,29950,14550,18000,14950,full,force-buy,124246,8,Phantom,3,0
9123,"62445b77e1210be9",13,132446,139378,134142,141173,138013,145245,138333,145585,Phantom,FORZE Reload,8,5,2,3,4000,4000,4800,4700,3400,3400,pistol,pistol,87101,9,Phantom,2,0
9124,"62445b77e1210be9",14,138333,145585,139613,146925,142170,149621,142490,149953,Phantom,FORZE Reload,8,6,2,3,18650,11750,19150,11350,17950,10750,semi,force-buy,59918,8,FORZE Reload,3,0
9125,"62445b77e1210be9",15,142490,149953,143770,151303,147516,155244,147836,155580,Phantom,FORZE Reload,9,6,2,3,8300,20900,7750,25500,7750,17250,force-buy,full,78550,9,Phantom,2,0
9126,"62445b77e1210be9",16,147836,155580,149116,156929,155684,163839,156004,164179,Phantom,FORZE Reload,9,7,2,3,18300,11200,24850,11600,10500,10900,full,force-buy,122613,8,FORZE Reload,3,0
9127,"62445b77e1210be9",17,156004,164179,157284,165520,163745,172322,164065,172661,Phantom,FORZE Reload,10,7,2,3,16000,19300,16800,24850,15800,16750,force-buy,full,120891,9,Phantom,2,0
9128,"62445b77e1210be9",18,164065,172661,165345,174002,169485,178363,169805,178700,Phantom,FORZE Reload,11,7,2,3,17950,11750,20200,12000,15200,11400,full,force-buy,84652,9,Phantom,2,0
9129,"62445b77e1210be9",19,169805,178700,171085,180043,174890,184049,175210,184389,Phantom,FORZE Reload,12,7,2,3,21100,11800,24700,1800,15700,1200,full,eco,79411,9,Phantom,2,0
9130,"62445b77e1210be9",20,175210,184389,176490,185730,182463,192018,182463,192018,Phantom,FORZE Reload,13,7,2,3,25500,15450,24800,25200,15700,24200,full,full,113260,9,Phantom,2,0
9151,"2c61e42af43466e6",1,1,1,189,237,2973,3180,3421,3652,Team A,Team B,1,0,3,2,4000,4000,4000,4300,3400,3300,pistol,pistol,46929,7,Team A,3,0
9152,"2c61e42af43466e6",2,3421,3652,4701,5008,11142,11821,11590,12295,Team A,Team B,2,0,3,2,21150,14100,24050,14450,20850,13650,full,force-buy,120593,7,Team A,3,0
9153,"2c61e42af43466e6",3,11590,12295,15692,16629,21121,22374,21569,22848,Team A,Team B,3,0,3,2,20450,16650,30250,6400,15000,6200,full,semi,148789,8,Team A,3,0
9154,"2c61e42af43466e6",4,21569,22848,22849,24201,30209,31985,30657,32455,Team A,Team B,4,0,3,2,24250,24450,31450,25250,5200,24250,full,full,134883,12,Team A,3,0
9155,"2c61e42af43466e6",5,32669,34589,33949,35937,39879,42208,40327,42686,Team A,Team B,5,0,3,2,36950,10700,30800,21800,9750,10650,full,full,112474,8,Team A,3,0
9156,"2c61e42af43466e6",6,40327,42686,41607,44035,45745,48416,46193,48887,Team A,Team B,6,0,3,2,45800,17750,30850,9250,18300,9050,full,semi,84588,7,Team A,3,0
9157,"2c61e42af43466e6",7,46193,48887,47473,50243,52073,55108,52521,55578,Team A,Team B,7,0,3,2,48050,29300,31550,27050,9500,26050,full,full,91836,8,Team A,3,0
9158,"2c61e42af43466e6",8,52521,55578,53801,56936,55953,59209,56401,59679,Team A,Team B,8,0,3,2,57350,20250,30950,20650,5600,19650,full,full,53602,8,Team A,3,0
9159,"2c61e42af43466e6",9,58621,62032,59901,63384,61602,65182,62050,65660,Team A,Team B,9,0,3,2,66850,17900,31150,8350,9400,8350,full,semi,46501,8,Team A,3,0
9160,"2c61e42af43466e6",10,62050,65660,63330,67009,68344,72313,68792,72788,Team A,Team B,10,0,3,2,72550,26550,31750,26200,2900,25500,full,full,98214,8,Team A,3,0
9161,"2c61e42af43466e6",11,68792,72788,70072,74140,75889,80293,76337,80763,Team A,Team B,11,0,3,2,79150,18150,31250,11400,12500,11200,full,semi,110791,7,Team A,3,0
9162,"2c61e42af43466e6",12,76337,80763,77617,82121,83968,88836,87817,92926,Team A,Team B,12,0,3,2,76500,28150,32050,26550,21400,26350,full,full,119176,8,Team A,3,0
9163,"2c61e42af43466e6",13,87817,92926,96485,102092,100632,106482,100632,106482,Team A,Team B,13,0,2,3,18750,10800,4300,4100,3300,3300,pistol,pistol,200118,9,Team A,2,0
9410,d580b4141bd005e6,1,66,111,31454,33144,35331,37222,35651,37562,MASONIC,Minlate,0,1,3,2,4000,4000,4750,4550,3450,3550,pistol,pistol,550865,9,Minlate,2,0
9411,d580b4141bd005e6,2,35651,37562,36931,38905,42230,44482,42550,44823,MASONIC,Minlate,0,2,3,2,10600,18500,10800,18800,9250,17100,force-buy,semi,102718,1,Minlate,2,0
9412,d580b4141bd005e6,3,42550,44823,43830,46163,48537,51120,48857,51456,MASONIC,Minlate,0,3,3,2,13350,21000,2300,19500,900,5700,eco,semi,93470,1,Minlate,2,0
9413,d580b4141bd005e6,4,48857,51456,50137,52801,55658,58613,55978,58952,MASONIC,Minlate,1,3,3,2,28600,34600,29350,24600,27850,18750,full,full,106236,8,MASONIC,3,0
9414,d580b4141bd005e6,5,55978,58952,57258,60292,60599,63814,60919,64146,MASONIC,Minlate,2,3,3,2,19550,23550,28600,23000,16450,22300,full,full,72170,8,MASONIC,3,0
9415,d580b4141bd005e6,6,60919,64146,62199,65495,67409,70976,67729,71316,MASONIC,Minlate,3,3,3,2,21700,11650,25050,2300,13850,1700,full,eco,101382,8,MASONIC,3,0
9416,d580b4141bd005e6,7,67729,71316,69009,72661,75257,79236,75577,79576,MASONIC,Minlate,4,3,3,2,27150,22550,30150,23500,14950,22300,full,full,117562,7,MASONIC,3,0
9417,d580b4141bd005e6,8,75577,79576,76857,80918,80359,84606,80679,84939,MASONIC,Minlate,5,3,3,2,32750,18950,30250,8500,18600,8300,full,semi,74663,7,MASONIC,3,0
9418,d580b4141bd005e6,9,80679,84939,81959,86289,89251,93963,89571,94301,MASONIC,Minlate,5,4,3,2,34400,30950,30850,27250,7800,26250,full,full,133949,9,Minlate,2,0
9419,d580b4141bd005e6,10,89571,94301,90851,95642,94641,99633,94961,99973,MASONIC,Minlate,5,5,3,2,35400,22550,29700,26450,28700,19500,full,full,79146,9,Minlate,2,0
9420,d580b4141bd005e6,11,94961,99973,96241,101315,99342,104580,99662,104915,MASONIC,Minlate,5,6,3,2,17450,20900,3600,25500,3200,15100,eco,full,68385,9,Minlate,2,0
9421,d580b4141bd005e6,12,99662,104915,100942,106265,103905,109379,104449,109963,MASONIC,Minlate,6,6,3,2,26250,24150,26900,28350,25900,9600,full,full,66262,8,MASONIC,3,0
9422,d580b4141bd005e6,13,104449,109963,106145,111751,110254,116081,110574,116412,MASONIC,Minlate,6,7,2,3,4000,4000,4250,4300,3450,3300,pistol,pistol,90813,7,Minlate,3,0
9423,d580b4141bd005e6,14,110574,116412,111854,117761,113550,119547,113870,119883,MASONIC,Minlate,6,8,2,3,13950,21250,3000,23900,2200,20950,eco,full,46535,8,Minlate,3,0
9424,d580b4141bd005e6,15,113870,119883,115150,121227,119271,125569,119591,125900,MASONIC,Minlate,6,9,2,3,23750,19600,24450,26900,23450,4500,full,full,84401,8,Minlate,3,0
9425,d580b4141bd005e6,16,119591,125900,120871,127249,125153,131752,125473,132092,MASONIC,Minlate,6,10,2,3,15700,33700,6050,29850,6350,18100,semi,full,86865,8,Minlate,3,0
9426,d580b4141bd005e6,17,125473,132092,126753,133441,134877,141989,135197,142327,MASONIC,Minlate,6,11,2,3,26650,34000,25850,31100,24850,9050,full,full,146908,7,Minlate,3,0
9427,d580b4141bd005e6,18,135197,142327,136477,143668,143168,150711,143488,151051,MASONIC,Minlate,7,11,2,3,22800,45300,23100,30550,22400,18900,full,full,124449,9,MASONIC,2,0
9428,d580b4141bd005e6,19,146157,153861,147437,155202,156168,164394,156488,164729,MASONIC,Minlate,8,11,2,3,18450,35400,23100,29400,16050,29000,full,full,156349,1,MASONIC,2,0
9429,d580b4141bd005e6,20,158478,166824,159758,168170,167118,175916,167438,176252,MASONIC,Minlate,8,12,2,3,21200,17000,27250,25750,12400,14800,full,full,134959,12,Minlate,3,0
9430,d580b4141bd005e6,21,167438,176252,168718,177596,174006,183166,174326,183498,MASONIC,Minlate,9,12,2,3,18700,20450,22550,28600,18050,10350,full,full,102629,9,MASONIC,2,0
9431,d580b4141bd005e6,22,174326,183498,175606,184845,180468,189960,180468,189960,MASONIC,Minlate,9,13,2,3,13650,28900,26750,9750,14900,8950,full,semi,95920,7,Minlate,3,0
9490,"1ecc6fdb1ad6756c",1,1,1,189,242,2804,3004,3252,3481,Team A,Team B,1,0,3,2,4000,4000,4450,4350,3450,3350,pistol,pistol,44327,8,Team A,3,0
9491,"1ecc6fdb1ad6756c",2,3252,3481,9018,9579,12449,13209,12897,13679,Team A,Team B,1,1,3,2,19550,10450,21850,10450,18400,10250,semi,force-buy,143596,9,Team B,2,0
9492,"1ecc6fdb1ad6756c",3,12897,13679,14177,15036,17467,18514,17915,18984,Team A,Team B,1,2,3,2,9250,18250,9250,26700,8850,13450,force-buy,full,71370,9,Team B,2,0
9493,"1ecc6fdb1ad6756c",4,17915,18984,19195,20340,22222,23541,22670,24014,Team A,Team B,1,3,3,2,10750,22850,1300,26600,500,7200,eco,full,67266,9,Team B,2,0
9494,"1ecc6fdb1ad6756c",5,22670,24014,23950,25369,26791,28369,27239,28849,Team A,Team B,1,4,3,2,22250,33700,23000,26600,22000,2300,full,full,64284,9,Team B,2,0
9495,"1ecc6fdb1ad6756c",6,27239,28849,28519,30197,31168,32999,31616,33475,Team A,Team B,1,5,3,2,15300,49450,7650,25900,7050,7100,semi,full,61258,9,Team B,2,0
9496,"1ecc6fdb1ad6756c",7,31616,33475,32896,34826,36852,39014,37300,39484,Team A,Team B,1,6,3,2,25500,60100,26000,25700,25000,8100,full,full,81762,9,Team B,2,0
9497,"1ecc6fdb1ad6756c",8,37300,39484,38580,40841,42400,44881,42848,45352,Team A,Team B,1,7,3,2,17500,69800,9000,26100,7900,5500,semi,full,79666,9,Team B,2,0
9498,"1ecc6fdb1ad6756c",9,42848,45352,44128,46708,49181,52049,49629,52520,Team A,Team B,1,8,3,2,26600,76300,26550,26100,25550,4900,full,full,98855,9,Team B,2,0
9499,"1ecc6fdb1ad6756c",10,49629,52520,50909,53877,54589,57767,55037,58242,Team A,Team B,1,9,3,2,18950,80000,19750,25400,18750,13100,force-buy,full,77451,9,Team B,2,0
9500,"1ecc6fdb1ad6756c",11,55037,58242,56317,59594,58406,61805,58854,62277,Team A,Team B,1,10,3,2,18300,76100,19250,25900,18050,13400,force-buy,full,52594,9,Team B,2,0
9501,"1ecc6fdb1ad6756c",12,58854,62277,60134,63632,62987,66651,64994,68792,Team A,Team B,1,11,3,2,18350,74050,19000,26500,18000,12700,force-buy,full,64565,9,Team B,2,0
9502,"1ecc6fdb1ad6756c",13,64994,68792,66690,70587,67880,71843,68328,72322,Team A,Team B,1,12,2,3,4000,4000,4200,4100,3400,3300,pistol,pistol,45036,8,Team B,3,0
9503,"1ecc6fdb1ad6756c",14,68328,72322,69608,73671,73939,78256,73939,78256,Team A,Team B,1,13,2,3,12150,18000,10750,23300,9950,19450,force-buy,full,87592,8,Team B,3,0
9692,a1d78f7cde4e833b,1,103,145,1798,1930,3614,3837,3934,4177,illwill,Los Kogutos,1,0,3,2,4000,4000,4300,4750,3300,3350,pistol,pistol,54787,8,illwill,3,0
9693,a1d78f7cde4e833b,2,6574,6956,7854,8300,9946,10500,10266,10839,illwill,Los Kogutos,2,0,3,2,19700,10450,22650,9800,18750,9600,full,force-buy,52591,8,illwill,3,0
9694,a1d78f7cde4e833b,3,10266,10839,15098,15922,20332,21431,20652,21768,illwill,Los Kogutos,3,0,3,2,20550,13150,26450,2800,9200,2400,full,eco,157179,8,illwill,3,0
9695,a1d78f7cde4e833b,4,20652,21768,21932,23118,26319,27734,26639,28066,illwill,Los Kogutos,3,1,3,2,30350,25250,27100,25200,4300,24500,full,full,88532,9,Los Kogutos,2,0
9696,a1d78f7cde4e833b,5,26639,28066,27919,29416,33446,35234,33766,35566,illwill,Los Kogutos,3,2,3,2,35550,18600,28200,23550,27200,16800,full,full,106369,9,Los Kogutos,2,0
9697,a1d78f7cde4e833b,6,33766,35566,35046,36915,39530,41633,39850,41970,illwill,Los Kogutos,3,3,3,2,19850,19850,20800,22250,19600,17450,force-buy,full,90031,9,Los Kogutos,2,0
9698,a1d78f7cde4e833b,7,39850,41970,41130,43319,48111,50662,48431,51002,illwill,Los Kogutos,3,4,3,2,12600,20450,2200,25100,2000,7050,eco,full,128984,1,Los Kogutos,2,0
9699,a1d78f7cde4e833b,8,51516,54248,52796,55593,60956,64180,61276,64520,illwill,Los Kogutos,3,5,3,2,25650,32700,26900,26850,25100,7300,full,full,147385,9,Los Kogutos,2,0
9700,a1d78f7cde4e833b,9,61276,64520,62556,65861,67597,71170,67917,71502,illwill,Los Kogutos,3,6,3,2,19200,43450,11750,27450,11150,16400,semi,full,98682,1,Los Kogutos,2,0
9701,a1d78f7cde4e833b,10,67917,71502,69197,72853,74327,78253,74647,78584,illwill,Los Kogutos,3,7,3,2,27000,45850,25650,25700,22300,14850,full,full,100181,1,Los Kogutos,2,0
9702,a1d78f7cde4e833b,11,74647,78584,75927,79933,79276,83456,79596,83793,illwill,Los Kogutos,4,7,3,2,22800,48250,28150,27350,20650,12800,full,full,72297,8,illwill,3,0
9703,a1d78f7cde4e833b,12,79596,83793,80876,85144,85274,89773,85818,90355,illwill,Los Kogutos,4,8,3,2,20750,42550,33400,28150,17700,27750,full,full,88739,9,Los Kogutos,2,0
9704,a1d78f7cde4e833b,13,85818,90355,87514,92150,91718,96574,92038,96905,illwill,Los Kogutos,5,8,2,3,4000,4000,4350,4000,3350,3400,pistol,pistol,92286,9,illwill,2,0
9705,a1d78f7cde4e833b,14,92038,96905,93318,98255,97906,103084,98226,103420,illwill,Los Kogutos,6,8,2,3,18700,11200,19650,1800,18350,1000,semi,eco,91693,9,illwill,2,0
9706,a1d78f7cde4e833b,15,98226,103420,99506,104764,105846,111436,106166,111776,illwill,Los Kogutos,6,9,2,3,19600,22200,24100,22600,7300,21600,full,full,118953,8,Los Kogutos,3,0
9707,a1d78f7cde4e833b,16,106166,111776,107446,113121,111809,117710,112129,118050,illwill,Los Kogutos,6,10,2,3,19900,19400,21200,27600,19600,14850,full,full,88057,8,Los Kogutos,3,0
9708,a1d78f7cde4e833b,17,112129,118050,113409,119397,121692,128114,122012,128447,illwill,Los Kogutos,6,11,2,3,11000,23950,2300,26300,1700,20700,eco,full,149344,7,Los Kogutos,3,0
9709,a1d78f7cde4e833b,18,124813,131396,126093,132746,134855,141961,135175,142301,illwill,Los Kogutos,7,11,2,3,25800,23800,26050,29600,25350,19600,full,full,156778,9,illwill,2,0
9710,a1d78f7cde4e833b,19,135175,142301,136455,143649,141362,148808,141682,149148,illwill,Los Kogutos,8,11,2,3,18400,12850,25800,2100,14950,1500,full,eco,96560,9,illwill,2,0
9711,a1d78f7cde4e833b,20,141682,149148,142962,150494,147573,155346,147893,155680,illwill,Los Kogutos,8,12,2,3,21600,21950,27250,22650,13200,21650,full,full,91974,8,Los Kogutos,3,0
9712,a1d78f7cde4e833b,21,147893,155680,149173,157030,151350,159318,151350,159318,illwill,Los Kogutos,8,13,2,3,10150,24500,15950,30050,15350,12350,force-buy,full,53985,8,Los Kogutos,3,0
9716,dc37112aceedfa21,1,10,49,4493,5365,8743,10414,9063,10797,BetBoom Team,Ursa,1,0,3,2,4000,4800,4300,4500,3300,3300,pistol,pistol,136314,7,BetBoom Team,3,0
9717,dc37112aceedfa21,2,11736,13969,13016,15495,19899,23660,20219,24040,BetBoom Team,Ursa,2,0,3,2,21250,15200,23250,14600,20900,13700,full,force-buy,127450,7,BetBoom Team,3,0
9718,dc37112aceedfa21,3,20219,24040,21499,25560,28859,34295,29179,34681,BetBoom Team,Ursa,3,0,3,2,20500,17700,26500,17450,15600,16450,full,force-buy,134867,12,BetBoom Team,3,0
9719,dc37112aceedfa21,4,29179,34681,30459,36189,35047,41637,35367,42019,BetBoom Team,Ursa,4,0,3,2,23450,13150,29500,8850,8900,4950,full,semi,91481,8,BetBoom Team,3,0
9720,dc37112aceedfa21,5,35367,42019,36647,43543,44082,52363,44082,52363,BetBoom Team,Ursa,5,0,3,2,38900,13300,31200,25050,6500,23850,full,full,136038,7,BetBoom Team,3,0
9742,c3f44fe1eab22c53,1,1,1,1,31,4033,4324,4353,4660,Team A,Team B,1,0,3,2,0,0,23300,3750,20750,3750,pistol,pistol,63394,8,Team A,3,0
9743,"87ce682ad0c8870c",1,1,1,2113,2414,9522,10761,9842,11119,Team A,Team B,0,1,3,2,4800,4000,24950,24600,16600,22700,pistol,pistol,149350,9,Team B,2,0
9744,"87ce682ad0c8870c",2,9842,11119,11122,12547,13956,15742,14276,16104,Team A,Team B,0,2,3,2,13250,17900,1800,23350,300,16650,eco,full,64167,9,Team B,2,0
9745,"87ce682ad0c8870c",3,14276,16104,15556,17529,19184,21612,19504,21980,Team A,Team B,1,2,3,2,23550,18800,23600,26150,22100,11300,force-buy,full,76451,8,Team A,3,0
9746,"87ce682ad0c8870c",4,19504,21980,20784,23410,24902,28045,25222,28407,Team A,Team B,1,3,3,2,20450,14600,28050,14900,10550,14100,full,force-buy,84183,9,Team B,2,0
9747,"87ce682ad0c8870c",5,28357,31927,29637,33369,39188,44108,39508,44472,Team A,Team B,1,4,3,2,18700,18550,19650,24150,17650,16700,force-buy,full,169074,1,Team B,2,0
9748,"87ce682ad0c8870c",6,39508,44472,40788,45914,49798,56050,50118,56401,Team A,Team B,1,5,3,2,10550,20250,12100,25250,1950,5600,semi,full,160704,1,Team B,2,0
9749,"87ce682ad0c8870c",7,50118,56401,51398,57844,57273,64456,57593,64807,Team A,Team B,1,6,3,2,22050,33050,26600,27450,14850,16400,semi,full,111804,9,Team B,2,0
9750,"87ce682ad0c8870c",8,57593,64807,58873,66251,65938,74204,66258,74553,Team A,Team B,2,6,3,2,22800,34300,23250,27450,21150,13100,force-buy,full,130431,8,Team A,3,0
9751,"87ce682ad0c8870c",9,69015,77661,70295,79092,78442,88267,78762,88621,Team A,Team B,2,7,3,2,20250,28600,28850,25750,14500,23850,full,full,147212,1,Team B,2,0
9752,"87ce682ad0c8870c",10,78762,88621,80042,90053,88582,99670,89126,100304,Team A,Team B,2,8,3,2,20100,23350,20300,24250,19100,22950,force-buy,full,153361,9,Team B,2,0
9775,e84bb6eb99f991ea,1,96,138,1791,1923,6409,6782,6729,7122,Prison Breakers,Yawara,0,1,3,2,4000,4000,4400,4650,3400,3450,pistol,pistol,98569,1,Yawara,2,0
9776,e84bb6eb99f991ea,2,6729,7122,8009,8466,11579,12224,11899,12564,Prison Breakers,Yawara,1,1,3,2,11200,18950,13950,20200,10750,18550,force-buy,full,75692,8,Prison Breakers,3,0
9777,e84bb6eb99f991ea,3,11899,12564,13179,13905,14270,15055,14590,15395,Prison Breakers,Yawara,2,1,3,2,20050,7400,24650,6750,11550,6750,full,force-buy,36956,8,Prison Breakers,3,0
9778,e84bb6eb99f991ea,4,14590,15395,15870,16737,18033,19017,18353,19348,Prison Breakers,Yawara,3,1,3,2,27200,10450,25950,1100,12700,300,full,eco,53735,8,Prison Breakers,3,0
9779,e84bb6eb99f991ea,5,18353,19348,19633,20699,26993,28441,27313,28781,Prison Breakers,Yawara,4,1,3,2,34700,22150,28950,22700,8650,21700,full,full,134902,12,Prison Breakers,3,0
9780,e84bb6eb99f991ea,6,29461,31039,30741,32390,32607,34352,32927,34686,Prison Breakers,Yawara,5,1,3,2,44500,12650,30250,10350,15300,5750,full,semi,49151,8,Prison Breakers,3,0
9781,e84bb6eb99f991ea,7,32927,34686,34207,36036,39559,41670,39879,42003,Prison Breakers,Yawara,6,1,3,2,47800,23900,30850,22600,3700,21800,full,full,103613,8,Prison Breakers,3,0
9782,e84bb6eb99f991ea,8,42188,44432,43468,45779,46614,49091,46934,49426,Prison Breakers,Yawara,7,1,3,2,62900,20000,30600,11050,18750,10850,full,semi,69120,8,Prison Breakers,3,0
9783,e84bb6eb99f991ea,9,46934,49426,48214,50776,56820,59833,57140,60164,Prison Breakers,Yawara,8,1,3,2,62750,26750,30950,25800,13800,25400,full,full,154396,7,Prison Breakers,3,0
9784,e84bb6eb99f991ea,10,59608,62762,60888,64112,65250,68702,65570,69036,Prison Breakers,Yawara,9,1,3,2,68550,22950,31350,25450,30550,20650,full,full,88125,8,Prison Breakers,3,0
9785,e84bb6eb99f991ea,11,65570,69036,66850,70386,69390,73057,69710,73397,Prison Breakers,Yawara,10,1,3,2,57000,19600,30700,11500,8750,11400,full,semi,59655,8,Prison Breakers,3,0
9786,e84bb6eb99f991ea,12,69710,73397,70990,74741,72717,76558,73261,77142,Prison Breakers,Yawara,11,1,3,2,67050,25200,31700,24800,9700,23800,full,full,46896,8,Prison Breakers,3,0
9787,e84bb6eb99f991ea,13,73261,77142,74957,78937,78046,82187,78366,82527,Prison Breakers,Yawara,12,1,2,3,4000,4000,4550,4500,3350,3400,pistol,pistol,74846,9,Prison Breakers,2,0
9788,e84bb6eb99f991ea,14,78366,82527,79646,83867,81749,86080,81749,86080,Prison Breakers,Yawara,13,1,2,3,18550,13900,19650,12100,17900,11100,semi,force-buy,52711,9,Prison Breakers,2,0
9878,"6001a40aad334cc",1,1,1,1254,1376,6693,7185,7013,7526,Team A,Team B,1,0,3,2,4800,4800,5050,4500,3450,3300,pistol,pistol,105059,8,Team A,3,0
9879,"6001a40aad334cc",2,7013,7526,8293,8898,12582,13474,12902,13820,Team A,Team B,2,0,3,2,20350,11000,21800,1200,18300,0,semi,eco,86984,8,Team A,3,0
9880,"6001a40aad334cc",3,12902,13820,14182,15183,16273,17415,16593,17759,Team A,Team B,2,1,3,2,21050,23000,24700,23600,5250,22000,semi,force-buy,52573,9,Team B,2,0
9881,"6001a40aad334cc",4,16593,17759,17873,19128,20484,21911,20804,22257,Team A,Team B,2,2,3,2,24750,18750,24700,23700,23500,14400,force-buy,semi,60719,9,Team B,2,0
9882,"6001a40aad334cc",5,20804,22257,22084,23624,24096,25771,24416,26117,Team A,Team B,2,3,3,2,11300,22400,1500,24900,500,7000,eco,full,51389,9,Team B,2,0
9883,"6001a40aad334cc",6,24416,26117,25696,27479,33054,35342,33374,35679,Team A,Team B,2,4,3,2,22800,33150,23050,25700,21350,2200,force-buy,full,134907,9,Team B,2,0
9884,"6001a40aad334cc",7,33374,35679,34654,37046,38929,41610,39249,41954,Team A,Team B,2,5,3,2,17900,49000,7150,25900,6950,17200,semi,full,86735,9,Team B,2,0
9885,"6001a40aad334cc",8,41679,44551,42959,45914,45535,48670,45855,49007,Team A,Team B,2,6,3,2,30150,49850,27700,25500,26500,20300,full,full,60236,9,Team B,2,0
9886,"6001a40aad334cc",9,45855,49007,47135,50375,50456,53921,50776,54264,Team A,Team B,3,6,3,2,22300,47300,17950,25800,19650,16600,semi,full,71863,8,Team A,3,0
9887,"6001a40aad334cc",10,50776,54264,52056,55634,57749,61710,58069,62053,Team A,Team B,3,7,3,2,22100,38900,24500,27450,19550,26850,semi,full,108891,9,Team B,2,0
9888,"6001a40aad334cc",11,58069,62053,59349,63423,60982,65161,61302,65507,Team A,Team B,3,8,3,2,18700,29600,8800,25500,8400,15700,semi,full,45451,9,Team B,2,0
9889,"6001a40aad334cc",12,61302,65507,62582,66872,66761,71332,67305,71924,Team A,Team B,4,8,3,2,27300,31650,27200,28950,26000,7850,full,full,85185,8,Team A,3,0
9890,"6001a40aad334cc",13,67305,71924,69122,73876,74617,79742,74937,80088,Team A,Team B,4,9,2,3,4800,4800,4450,4200,3450,3400,pistol,pistol,114331,7,Team B,3,0
9891,"6001a40aad334cc",14,74937,80088,76217,81451,82553,88218,82873,88558,Team A,Team B,4,10,2,3,15350,21950,15450,21650,14250,20350,force-buy,semi,118894,8,Team B,3,0
9892,"6001a40aad334cc",15,82873,88558,84153,89929,88767,94857,89087,95197,Team A,Team B,5,10,2,3,14000,20900,13550,27300,12750,17500,force-buy,full,92117,1,Team A,2,0
9893,"6001a40aad334cc",16,89087,95197,90367,96561,94564,101045,94884,101390,Team A,Team B,6,10,2,3,20250,12600,19950,20600,15950,10800,semi,force-buy,85522,9,Team A,2,0
9894,"6001a40aad334cc",17,94884,101390,96164,102750,101223,108160,101543,108495,Team A,Team B,7,10,2,3,22350,12950,22950,2450,14650,1450,semi,eco,99005,1,Team A,2,0
9895,"6001a40aad334cc",18,101543,108495,102823,109864,109826,117344,110146,117683,Team A,Team B,7,11,2,3,27000,24050,24600,25650,9600,23000,full,force-buy,129409,7,Team B,3,0
9896,"6001a40aad334cc",19,110146,117683,111426,119055,119358,127522,119678,127868,Team A,Team B,7,12,2,3,28600,21600,25950,27950,24950,17350,full,full,143887,7,Team B,3,0
9897,"6001a40aad334cc",20,119678,127868,120958,129233,128318,137095,128318,137095,Team A,Team B,7,13,2,3,11900,22550,17050,31150,16050,19300,force-buy,full,134937,12,Team B,3,0
10073,aae5c8235df84555,1,364,419,7568,8001,14368,15155,14816,15631,FURIA,HEROIC,0,1,3,2,4000,4000,4300,4300,3300,3300,pistol,pistol,218635,1,HEROIC,2,0
10074,aae5c8235df84555,2,14816,15631,16096,16974,21789,22966,22237,23436,FURIA,HEROIC,0,2,3,2,10750,19700,9750,21150,9750,18650,force-buy,full,108828,1,HEROIC,2,0
10075,aae5c8235df84555,3,22237,23436,23517,24785,28090,29599,28538,30067,FURIA,HEROIC,0,3,3,2,13000,19750,6550,22350,1300,5000,semi,full,91439,9,HEROIC,2,0
10076,aae5c8235df84555,4,28538,30067,29818,31417,34456,36296,34904,36766,FURIA,HEROIC,0,4,3,2,26750,32800,27050,23800,26050,7800,full,full,92418,1,HEROIC,2,0
10077,aae5c8235df84555,5,34904,36766,40767,42938,49877,52520,50325,52998,FURIA,HEROIC,0,5,3,2,19150,44000,17200,25800,10800,16700,semi,full,233739,1,HEROIC,2,0
10078,aae5c8235df84555,6,50325,52998,51605,54339,58965,62090,59413,62559,FURIA,HEROIC,1,5,3,2,27100,46300,28200,27250,22000,18250,full,full,134896,12,FURIA,3,0
10079,aae5c8235df84555,7,59413,62559,60693,63908,68255,71863,68703,72333,FURIA,HEROIC,1,6,3,2,23900,34350,31200,25100,19050,24400,full,full,138042,9,HEROIC,2,0
10080,aae5c8235df84555,8,70746,74485,72026,75835,77155,81229,77603,81704,FURIA,HEROIC,1,7,3,2,21000,28000,22150,23300,20650,14400,force-buy,full,100059,1,HEROIC,2,0
10081,aae5c8235df84555,9,77603,81704,78883,83047,85149,89642,85597,90112,FURIA,HEROIC,2,7,3,2,18250,32300,28350,23300,14300,10650,full,full,117774,8,FURIA,3,0
10082,aae5c8235df84555,10,85597,90112,86877,91460,95317,100342,95765,100810,FURIA,HEROIC,2,8,3,2,22750,28950,29500,24300,12000,23300,full,full,151780,1,HEROIC,2,0
10083,aae5c8235df84555,11,97796,102952,99076,104300,106747,112371,107195,112843,FURIA,HEROIC,2,9,3,2,26500,24650,29050,25100,21600,16900,full,full,139748,1,HEROIC,2,0
10084,aae5c8235df84555,12,107195,112843,108475,114190,114140,120150,115100,121170,FURIA,HEROIC,3,9,3,2,23000,26750,28250,26600,20800,16150,full,full,108412,8,FURIA,3,0
10085,aae5c8235df84555,13,115100,121170,128342,135116,132945,139960,133393,140428,FURIA,HEROIC,3,10,2,3,4000,4000,4550,4300,3350,3300,pistol,pistol,278784,8,HEROIC,3,0
10086,aae5c8235df84555,14,133393,140428,134673,141779,138192,145478,138640,145953,FURIA,HEROIC,3,11,2,3,11050,19700,1700,22200,900,19450,eco,semi,74926,8,HEROIC,3,0
10087,aae5c8235df84555,15,138640,145953,139920,147297,146332,154049,146780,154519,FURIA,HEROIC,3,12,2,3,22450,19550,23000,26450,22300,9600,full,full,120119,8,HEROIC,3,0
10088,aae5c8235df84555,16,146780,154519,149542,157421,153564,161654,153564,161654,FURIA,HEROIC,3,13,2,3,21700,29650,15650,28600,15050,18600,force-buy,full,105860,7,HEROIC,3,0
10185,"528422fb7b9b9ea1",1,1,1,1248,1363,7323,7823,7643,8158,Team A,Team B,0,1,3,2,4000,4800,4400,4400,3400,3400,pistol,pistol,115043,1,Team B,2,0
10186,"528422fb7b9b9ea1",2,7643,8158,8923,9514,16345,17405,16665,17740,Team A,Team B,0,2,3,2,10100,19800,12500,21400,9750,18800,force-buy,semi,136001,9,Team B,2,0
10187,"528422fb7b9b9ea1",3,19287,20524,20567,21887,27927,29705,28247,30048,Team A,Team B,1,2,3,2,14550,19050,15450,19900,14350,16100,force-buy,semi,135031,12,Team A,3,0
10188,"528422fb7b9b9ea1",4,28247,30048,29527,31398,34059,36217,34379,36558,Team A,Team B,2,2,3,2,18650,9450,25450,12650,16850,7750,full,force-buy,90731,8,Team A,3,0
10189,"528422fb7b9b9ea1",5,34379,36558,42722,45417,47666,50673,47986,51011,Team A,Team B,3,2,3,2,21400,11500,26850,1700,9800,700,full,eco,207598,8,Team A,3,0
10190,"528422fb7b9b9ea1",6,47986,51011,49266,52364,57738,61367,58058,61710,Team A,Team B,3,3,3,2,30600,22800,26850,23300,4400,21900,full,force-buy,152312,9,Team B,2,0
10191,"528422fb7b9b9ea1",7,58058,61710,59338,63065,68597,72905,68917,73242,Team A,Team B,3,4,3,2,35150,18950,28600,24600,27600,15900,full,full,164652,9,Team B,2,0
10192,"528422fb7b9b9ea1",8,68917,73242,70197,74596,77158,81995,77478,82335,Team A,Team B,3,5,3,2,18700,21100,9250,27050,8350,16000,semi,full,128736,9,Team B,2,0
10193,"528422fb7b9b9ea1",9,79661,84649,80941,86009,90051,95693,90371,96029,Team A,Team B,3,6,3,2,23250,23150,24100,28050,23100,12100,full,full,162431,1,Team B,2,0
10194,"528422fb7b9b9ea1",10,90371,96029,91651,97387,97307,103395,97627,103736,Team A,Team B,4,6,3,2,15750,29750,14000,27550,4650,13500,semi,full,108336,8,Team A,3,0
10195,"528422fb7b9b9ea1",11,100523,106807,101803,108171,108519,115308,108839,115644,Team A,Team B,5,6,3,2,29500,23650,30450,22700,20900,21300,full,force-buy,125029,8,Team A,3,0
10196,"528422fb7b9b9ea1",12,108839,115644,110119,116998,115558,122779,116102,123368,Team A,Team B,5,7,3,2,27400,12150,32350,13100,11200,10900,full,force-buy,104939,9,Team B,2,0
10197,"528422fb7b9b9ea1",13,116102,123368,129711,137834,135068,143528,135388,143865,Team A,Team B,6,7,2,3,4000,4800,4350,4450,3350,3250,pistol,pistol,296506,1,Team A,2,0
10198,"528422fb7b9b9ea1",14,135388,143865,136668,145219,138885,147580,139205,147914,Team A,Team B,7,7,2,3,19650,11600,20850,6400,19200,1950,full,semi,54639,9,Team A,2,0
10199,"528422fb7b9b9ea1",15,139205,147914,140485,149270,144517,153555,144837,153898,Team A,Team B,8,7,2,3,18200,22750,21900,23800,10550,21600,full,force-buy,82966,9,Team A,2,0
10200,"528422fb7b9b9ea1",16,144837,153898,146117,155248,153204,162778,153524,163121,Team A,Team B,8,8,2,3,26700,16750,27650,8700,13400,6250,full,semi,130604,8,Team B,3,0
10201,"528422fb7b9b9ea1",17,153524,163121,154804,164476,163359,173564,163679,173908,Team A,Team B,9,8,2,3,21500,28850,20400,28150,19600,22600,full,full,153592,9,Team A,2,0
10202,"528422fb7b9b9ea1",18,166235,176615,167515,177979,174875,185797,175195,186141,Team A,Team B,9,9,2,3,20050,19150,27450,19550,12500,18050,full,force-buy,135045,12,Team B,3,0
10203,"528422fb7b9b9ea1",19,177501,188586,178781,189943,183544,195003,183864,195345,Team A,Team B,9,10,2,3,10650,18450,26450,27100,9200,10850,full,full,94379,8,Team B,3,0
10204,"528422fb7b9b9ea1",20,183864,195345,185144,196702,187333,199026,187653,199368,Team A,Team B,9,11,2,3,11250,26600,1050,29850,50,8700,eco,full,54138,8,Team B,3,0
10205,"528422fb7b9b9ea1",21,190067,201923,191347,203286,198116,210477,198436,210820,Team A,Team B,10,11,2,3,23500,36500,24250,29850,23050,7600,full,full,125809,1,Team A,2,0
10206,"528422fb7b9b9ea1",22,198436,210820,199716,212173,204635,217398,204955,217739,Team A,Team B,11,11,2,3,19450,36250,27050,30750,8500,24150,full,full,96747,1,Team A,2,0
10207,"528422fb7b9b9ea1",23,204955,217739,206235,219091,213415,226722,213735,227061,Team A,Team B,12,11,2,3,29550,23200,26250,26400,22200,19300,full,semi,132119,9,Team A,2,0
10208,"528422fb7b9b9ea1",24,213735,227061,215016,228405,223272,237180,223272,237180,Team A,Team B,13,11,2,3,20750,12800,27550,18750,23450,17350,full,force-buy,148826,1,Team A,2,0
10250,"315c2968095fe213",1,104,154,1799,1938,4841,5136,5161,5472,FORZE Reload,ETERNAL FIRE,0,1,3,2,4000,4000,4750,4250,3450,3450,pistol,pistol,73934,9,ETERNAL FIRE,2,0
10251,"315c2968095fe213",2,5161,5472,6441,6821,12527,13224,12847,13559,FORZE Reload,ETERNAL FIRE,0,2,3,2,10050,18300,1000,19700,0,17650,eco,semi,115042,9,ETERNAL FIRE,2,0
10252,"315c2968095fe213",3,12847,13559,14127,14909,20635,21759,20955,22091,FORZE Reload,ETERNAL FIRE,0,3,3,2,22600,19900,23200,21050,22200,7900,full,full,121690,1,ETERNAL FIRE,2,0
10253,"315c2968095fe213",4,20955,22091,22235,23439,27266,28732,27586,29072,FORZE Reload,ETERNAL FIRE,1,3,3,2,16000,30200,25750,23200,11750,12000,full,full,98554,8,FORZE Reload,3,0
10254,"315c2968095fe213",5,27586,29072,28866,30419,34337,36173,34657,36514,FORZE Reload,ETERNAL FIRE,1,4,3,2,23250,26400,26650,26050,21350,25350,full,full,105381,9,ETERNAL FIRE,2,0
10255,"315c2968095fe213",6,34657,36514,35937,37857,40629,42797,40949,43133,FORZE Reload,ETERNAL FIRE,1,5,3,2,15350,18700,6150,24700,5500,13950,semi,full,93241,9,ETERNAL FIRE,2,0
10256,"315c2968095fe213",7,40949,43133,42229,44476,51209,53929,51529,54268,FORZE Reload,ETERNAL FIRE,1,6,3,2,24900,22900,26200,27150,24400,7900,full,full,160216,1,ETERNAL FIRE,2,0
10257,"315c2968095fe213",8,53782,56635,55062,57983,60607,63819,60927,64157,FORZE Reload,ETERNAL FIRE,1,7,3,2,18200,34000,12450,26300,7700,9950,semi,full,106613,1,ETERNAL FIRE,2,0
10258,"315c2968095fe213",9,60927,64157,62207,65499,65936,69429,66256,69760,FORZE Reload,ETERNAL FIRE,1,8,3,2,30250,42250,29600,27050,18800,26350,full,full,78238,9,ETERNAL FIRE,2,0
10259,"315c2968095fe213",10,66256,69760,67536,71109,73839,77744,74159,78079,FORZE Reload,ETERNAL FIRE,1,9,3,2,29550,33750,27750,26000,26750,11650,full,full,118485,9,ETERNAL FIRE,2,0
10260,"315c2968095fe213",11,74159,78079,75439,79423,79787,84002,80107,84339,FORZE Reload,ETERNAL FIRE,1,10,3,2,22000,40250,22550,25500,21550,20200,full,full,87899,9,ETERNAL FIRE,2,0
10261,"315c2968095fe213",12,80107,84339,85286,89782,90392,95154,90936,95738,FORZE Reload,ETERNAL FIRE,2,10,3,2,15050,38100,19400,26700,18200,15500,force-buy,full,160498,8,FORZE Reload,3,0
10262,"315c2968095fe213",13,90936,95738,92632,97528,96031,101103,96351,101443,FORZE Reload,ETERNAL FIRE,3,10,2,3,4000,4000,4350,4300,3350,3300,pistol,pistol,79618,9,FORZE Reload,2,0
10263,"315c2968095fe213",14,96351,101443,97631,102789,104014,109508,104334,109842,FORZE Reload,ETERNAL FIRE,4,10,2,3,18700,11300,19750,11600,17600,10600,semi,force-buy,119687,1,FORZE Reload,2,0
10264,"315c2968095fe213",15,104334,109842,105614,111187,109822,115616,110142,115956,FORZE Reload,ETERNAL FIRE,4,11,2,3,20400,13800,23150,7950,11150,5100,full,semi,85688,8,ETERNAL FIRE,3,0
10265,"315c2968095fe213",16,110142,115956,111422,117298,116794,122951,117114,123290,FORZE Reload,ETERNAL FIRE,5,11,2,3,17150,28600,17150,28400,16850,14600,force-buy,full,103808,1,FORZE Reload,2,0
10266,"315c2968095fe213",17,119379,125675,120659,127019,126672,133349,126992,133684,FORZE Reload,ETERNAL FIRE,5,12,2,3,19000,23500,25000,30000,5600,19600,full,full,113884,8,ETERNAL FIRE,3,0
10267,"315c2968095fe213",18,126992,133684,128272,135030,136913,144123,137233,144462,FORZE Reload,ETERNAL FIRE,6,12,2,3,21600,22700,22700,27150,21400,21350,full,full,154918,9,FORZE Reload,2,0
10268,"315c2968095fe213",19,137233,144462,138513,145806,142656,150166,142976,150506,FORZE Reload,ETERNAL FIRE,7,12,2,3,18250,9450,24900,8950,12400,8750,full,force-buy,84649,9,FORZE Reload,2,0
10269,"315c2968095fe213",20,142976,150506,144256,151847,149080,156925,149400,157260,FORZE Reload,ETERNAL FIRE,8,12,2,3,23400,11300,28150,2500,15300,2100,full,eco,95260,1,FORZE Reload,2,0
10270,"315c2968095fe213",21,149400,157260,150680,158611,155415,163592,155415,163592,FORZE Reload,ETERNAL FIRE,8,13,2,3,17500,21150,28250,25050,16900,19450,full,full,93969,8,ETERNAL FIRE,3,0
