"arme","temps_kill"
ak-47,52.296875
ak-47,55.671875
ak-47,70.265625
ak-47,84.609375
ak-47,58.328125
ak-47,62.4375
ak-47,64.671875
ak-47,74.421875
ak-47,13.609375
ak-47,50.53125
ak-47,81.234375
ak-47,84.46875
ak-47,87.96875
awp,19.390625
ak-47,66.53125
ak-47,12.265625
ak-47,14.4375
awp,42.171875
awp,21.578125
ak-47,39.0625
ak-47,55.984375
ak-47,56.8125
awp,23.78125
ak-47,23.984375
ak-47,34.0
ak-47,41.296875
awp,24.640625
ak-47,27.921875
awp,51.46875
ak-47,52.0
ak-47,69.75
ak-47,71.40625
ak-47,84.953125
ak-47,57.25
awp,62.71875
ak-47,71.78125
ak-47,76.15625
awp,82.875
ak-47,29.84375
ak-47,34.078125
ak-47,34.671875
ak-47,38.234375
ak-47,41.15625
mp9,66.5
ak-47,11.625
m4a1,39.5
mp9,43.640625
ak-47,45.734375
m4a1,47.296875
ak-47,58.453125
m4a1,63.875
m4a1,66.9375
ak-47,41.96875
ak-47,49.34375
m4a1,50.6875
m4a1,54.6875
ak-47,62.15625
awp,9.78125
ak-47,27.65625
ak-47,32.203125
ak-47,43.40625
ak-47,88.6875
m4a1,92.421875
m4a1,89.421875
ak-47,93.0625
mp9,97.9375
ak-47,98.609375
m4a1,110.53125
m4a1,111.625
ak-47,39.796875
ak-47,41.140625
ak-47,53.65625
ak-47,75.984375
ak-47,79.84375
ak-47,80.796875
ak-47,85.84375
ak-47,86.71875
ak-47,92.125
m4a1,22.5
awp,57.828125
ak-47,59.5625
ak-47,64.515625
ak-47,69.953125
ak-47,76.46875
ak-47,52.953125
ak-47,54.34375
ak-47,55.21875
ak-47,61.765625
ak-47,63.734375
awp,46.96875
ak-47,56.140625
ak-47,64.390625
ak-47,20.03125
ak-47,22.0
ak-47,23.71875
awp,26.328125
ak-47,31.859375
mp9,52.5
ak-47,63.8125
ak-47,34.671875
ak-47,36.984375
ak-47,38.0625
mp9,39.3125
mp9,76.140625
mp9,77.234375
ak-47,80.40625
awp,29.90625
ak-47,30.375
ak-47,32.59375
m4a1,33.109375
ak-47,34.515625
m4a1,41.90625
m4a1,94.703125
ak-47,99.3125
ak-47,103.203125
awp,7.28125
ak-47,58.21875
ak-47,58.703125
ak-47,65.578125
awp,73.34375
awp,12.78125
m4a1,45.765625
ak-47,46.34375
m4a1,48.03125
m4a1,67.328125
m4a1,73.109375
ak-47,74.96875
m4a1,112.546875
ak-47,64.921875
awp,91.265625
ak-47,93.984375
awp,94.921875
ak-47,100.046875
ak-47,21.25
ak-47,24.328125
ak-47,26.65625
awp,30.203125
ak-47,46.15625
ak-47,48.796875
ak-47,51.21875
mac-10,9.109375
mac-10,38.578125
mac-10,39.484375
ak-47,43.65625
ak-47,45.328125
m4a1,16.96875
m4a1,26.625
ak-47,27.09375
ak-47,47.296875
m4a1,15.28125
ak-47,15.390625
m4a1,23.28125
m4a1,35.890625
ak-47,39.234375
m4a1,65.953125
m4a1,12.484375
m4a1,32.09375
ak-47,34.171875
m4a1,36.625
awp,36.84375
ak-47,60.28125
m4a1,76.359375
m4a1,106.90625
ak-47,31.140625
m4a1,47.5625
awp,48.96875
ak-47,51.34375
ak-47,97.171875
m4a1,104.546875
ak-47,32.515625
ak-47,50.625
ak-47,83.15625
ak-47,89.40625
awp,90.078125
ak-47,93.09375
ak-47,15.140625
awp,19.953125
awp,21.484375
m4a1,26.328125
m4a1,50.09375
ak-47,54.515625
m4a1,13.796875
awp,20.046875
awp,23.109375
m4a1,23.703125
m4a1,25.25
ak-47,29.578125
ak-47,30.15625
ak-47,31.28125
ak-47,31.734375
awp,74.8125
ak-47,89.984375
m4a1,37.671875
m4a1,38.78125
ak-47,39.0625
ak-47,41.265625
awp,57.359375
awp,58.109375
m4a1,74.484375
ak-47,77.40625
ak-47,93.78125
ak-47,16.25
m4a1,27.265625
m4a1,27.875
ak-47,42.734375
ak-47,49.90625
ak-47,51.65625
ak-47,57.109375
m4a1,86.546875
m4a1,9.65625
m4a1,39.125
m4a1,39.828125
m4a1,41.75
m4a1,34.21875
m4a1,37.5625
m4a1,38.453125
m4a1,58.78125
ak-47,23.921875
ak-47,30.28125
ak-47,18.59375
m4a1,29.625
ak-47,55.578125
ak-47,60.75
m4a1,62.390625
ak-47,73.5625
ak-47,80.328125
m4a1,45.734375
m4a1,48.1875
ak-47,67.734375
awp,79.46875
awp,82.265625
awp,69.015625
m4a1,78.265625
m4a1,78.390625
ak-47,78.578125
ak-47,78.953125
ak-47,99.5625
awp,111.59375
ak-47,113.53125
ak-47,51.21875
ak-47,55.703125
m4a1,66.03125
awp,31.734375
ak-47,35.859375
awp,45.890625
awp,82.734375
ak-47,86.3125
ak-47,90.59375
m4a1,93.015625
m4a1,106.203125
mac-10,75.015625
mac-10,82.0625
m4a1,23.203125
mac-10,25.078125
m4a1,25.09375
awp,41.6875
ak-47,51.375
ak-47,80.765625
ak-47,84.578125
m4a1,86.25
ak-47,88.828125
ak-47,88.953125
ak-47,89.921875
ak-47,90.78125
ak-47,14.890625
awp,40.953125
awp,46.328125
ak-47,90.5
ak-47,98.21875
m4a1,21.125
mp9,24.96875
mp9,27.09375
m4a1,28.96875
mp9,30.109375
m4a1,80.640625
m4a1,81.4375
ak-47,83.328125
m4a1,83.890625
mp9,44.6875
mp9,46.109375
ak-47,47.171875
m4a1,48.65625
ak-47,57.0
m4a1,19.71875
m4a1,26.609375
ak-47,30.71875
ak-47,34.578125
ak-47,39.515625
m4a1,37.140625
m4a1,34.265625
m4a1,50.9375
mp9,65.40625
m4a1,69.421875
mp9,53.484375
mp9,54.90625
mp9,55.59375
ak-47,13.953125
m4a1,14.5
ak-47,15.21875
m4a1,68.96875
ak-47,70.34375
ak-47,71.28125
awp,75.9375
awp,86.03125
m4a1,18.578125
m4a1,28.6875
m4a1,36.609375
awp,44.046875
m4a1,47.640625
m4a1,22.40625
ak-47,22.890625
ak-47,28.265625
m4a1,31.375
m4a1,51.75
awp,55.859375
ak-47,56.75
ak-47,90.359375
m4a1,104.6875
ak-47,10.40625
m4a1,10.96875
ak-47,77.53125
awp,89.109375
ak-47,95.8125
m4a1,96.046875
awp,101.796875
m4a1,24.625
m4a1,32.484375
m4a1,34.75
ak-47,35.90625
awp,54.09375
m4a1,56.09375
ak-47,92.015625
m4a1,95.578125
ak-47,95.984375
ak-47,97.4375
m4a1,102.6875
ak-47,106.8125
ak-47,37.96875
m4a1,38.921875
ak-47,40.046875
ak-47,48.265625
awp,50.515625
ak-47,58.296875
ak-47,32.640625
ak-47,37.796875
m4a1,40.1875
m4a1,45.6875
ak-47,50.328125
m4a1,51.484375
ak-47,51.578125
m4a1,54.140625
m4a1,55.4375
m4a1,78.15625
m4a1,78.65625
m4a1,81.390625
m4a1,92.640625
m4a1,20.875
m4a1,88.828125
ak-47,89.671875
m4a1,90.75
ak-47,91.15625
ak-47,93.140625
ak-47,104.703125
m4a1,13.140625
m4a1,21.421875
awp,27.140625
ak-47,35.9375
ak-47,38.125
m4a1,38.84375
awp,47.0
ak-47,48.6875
ak-47,49.71875
awp,51.078125
ak-47,53.421875
awp,75.21875
ak-47,98.953125
ak-47,100.875
m4a1,103.421875
ak-47,106.25
m4a1,108.515625
m4a1,24.40625
m4a1,25.59375
m4a1,63.65625
ak-47,14.71875
ak-47,16.109375
m4a1,95.796875
ak-47,96.296875
ak-47,98.9375
ak-47,108.046875
ak-47,22.859375
ak-47,25.3125
m4a1,30.09375
ak-47,31.1875
ak-47,49.09375
ak-47,74.71875
awp,33.296875
ak-47,35.84375
m4a1,39.28125
ak-47,40.203125
m4a1,52.40625
ak-47,62.765625
m4a1,72.203125
m4a1,94.328125
awp,79.359375
ak-47,90.65625
ak-47,96.328125
awp,97.921875
m4a1,101.046875
ak-47,101.40625
m4a1,66.3125
m4a1,67.28125
ak-47,68.359375
m4a1,72.546875
ak-47,113.984375
mac-10,26.953125
ak-47,36.3125
mp9,40.3125
mac-10,40.390625
mac-10,49.765625
ak-47,52.28125
ak-47,17.125
ak-47,21.140625
ak-47,22.421875
ak-47,49.4375
ak-47,66.234375
m4a1,35.515625
m4a1,38.53125
m4a1,39.328125
ak-47,47.296875
m4a1,90.484375
m4a1,93.546875
ak-47,65.046875
ak-47,66.140625
ak-47,70.140625
ak-47,89.453125
ak-47,94.25
m4a1,95.40625
awp,28.953125
m4a1,65.78125
awp,66.59375
m4a1,66.890625
awp,68.390625
ak-47,25.765625
awp,35.421875
awp,48.65625
m4a1,52.34375
ak-47,60.015625
ak-47,68.921875
ak-47,25.796875
ak-47,33.65625
ak-47,35.09375
ak-47,35.390625
ak-47,35.609375
ak-47,31.828125
m4a1,62.15625
ak-47,62.28125
ak-47,73.515625
ak-47,75.515625
ak-47,75.515625
ak-47,83.75
ak-47,84.59375
m4a1,18.53125
m4a1,19.5
m4a1,28.765625
m4a1,38.234375
m4a1,43.15625
m4a1,19.328125
ak-47,30.890625
mac-10,31.15625
ak-47,56.3125
ak-47,56.515625
ak-47,70.59375
ak-47,19.59375
ak-47,20.71875
ak-47,21.28125
ak-47,24.5625
ak-47,62.390625
ak-47,63.28125
ak-47,50.046875
awp,73.046875
m4a1,86.640625
m4a1,99.9375
m4a1,16.84375
m4a1,18.546875
m4a1,33.015625
ak-47,33.984375
awp,35.8125
ak-47,71.53125
ak-47,73.515625
ak-47,75.15625
ak-47,79.25
awp,96.21875
m4a1,44.453125
awp,88.203125
m4a1,91.578125
ak-47,89.921875
ak-47,90.875
awp,99.671875
ak-47,63.125
ak-47,64.125
ak-47,64.53125
ak-47,67.5625
ak-47,21.125
ak-47,22.328125
ak-47,74.203125
m4a1,81.734375
m4a1,83.84375
ak-47,84.8125
ak-47,86.5
ak-47,97.625
m4a1,77.65625
ak-47,95.84375
ak-47,96.328125
m4a1,51.03125
awp,56.234375
ak-47,56.859375
m4a1,93.84375
awp,96.625
m4a1,101.71875
m4a1,59.3125
m4a1,59.703125
m4a1,61.390625
ak-47,61.625
m4a1,13.734375
m4a1,14.140625
m4a1,26.203125
m4a1,48.1875
m4a1,51.5625
m4a1,27.96875
m4a1,39.296875
m4a1,102.625
m4a1,107.578125
ak-47,63.9375
m4a1,67.0625
m4a1,73.515625
ak-47,86.921875
awp,90.640625
ak-47,107.734375
awp,113.34375
ak-47,18.765625
m4a1,34.03125
ak-47,35.015625
m4a1,35.53125
m4a1,36.90625
ak-47,39.015625
ak-47,72.4375
m4a1,88.109375
ak-47,27.9375
awp,29.796875
ak-47,58.34375
m4a1,60.96875
m4a1,63.515625
awp,76.296875
ak-47,24.515625
ak-47,25.109375
awp,28.609375
m4a1,67.484375
ak-47,75.0
m4a1,30.734375
awp,51.921875
ak-47,58.46875
awp,64.828125
awp,67.25
awp,71.5
ak-47,50.890625
m4a1,54.765625
awp,58.1875
m4a1,97.90625
m4a1,99.828125
awp,21.1875
ak-47,22.90625
mp9,26.28125
ak-47,28.0
m4a1,39.65625
m4a1,42.078125
ak-47,42.890625
mp9,92.3125
m4a1,39.125
m4a1,41.453125
ak-47,41.59375
awp,45.203125
ak-47,51.109375
ak-47,76.421875
ak-47,77.765625
awp,79.796875
awp,84.1875
awp,19.5
m4a1,22.796875
m4a1,23.359375
ak-47,26.640625
m4a1,29.28125
m4a1,36.28125
mp9,78.484375
mp9,81.90625
mp9,43.390625
mp9,43.8125
ak-47,49.71875
ak-47,53.015625
ak-47,97.921875
ak-47,106.46875
ak-47,29.46875
ak-47,31.671875
ak-47,34.125
ak-47,34.375
ak-47,60.515625
ak-47,29.6875
ak-47,40.234375
mp9,41.59375
ak-47,42.65625
ak-47,58.03125
ak-47,60.578125
mp9,25.09375
m4a1,27.796875
mp9,28.046875
m4a1,29.9375
ak-47,43.3125
ak-47,66.328125
ak-47,80.078125
mp9,80.34375
ak-47,70.515625
ak-47,75.203125
ak-47,77.421875
m4a1,78.453125
m4a1,79.359375
ak-47,95.421875
ak-47,17.359375
ak-47,36.5625
ak-47,41.359375
ak-47,42.25
ak-47,24.828125
ak-47,68.515625
ak-47,54.546875
ak-47,57.140625
ak-47,93.078125
ak-47,15.375
awp,27.03125
m4a1,28.84375
ak-47,79.109375
ak-47,82.40625
awp,14.96875
awp,51.421875
ak-47,62.578125
awp,68.375
awp,99.703125
ak-47,12.6875
ak-47,23.328125
ak-47,30.015625
awp,66.09375
ak-47,36.234375
ak-47,37.578125
ak-47,38.71875
ak-47,40.3125
ak-47,58.625
ak-47,72.859375
ak-47,75.4375
awp,75.65625
ak-47,99.90625
ak-47,101.6875
ak-47,102.953125
m4a1,45.046875
mp9,75.3125
mp9,26.484375
m4a1,71.453125
ak-47,78.046875
m4a1,88.0625
ak-47,39.15625
ak-47,42.84375
ak-47,44.8125
ak-47,52.796875
ak-47,57.625
awp,8.234375
ak-47,64.234375
ak-47,70.640625
ak-47,71.234375
awp,76.59375
ak-47,98.984375
awp,52.046875
m4a1,76.703125
ak-47,11.75
ak-47,17.265625
awp,19.203125
ak-47,40.5
awp,14.765625
mp9,15.84375
ak-47,15.984375
m4a1,16.515625
ak-47,17.21875
awp,91.234375
ak-47,63.71875
awp,93.4375
awp,96.140625
awp,18.015625
m4a1,78.734375
awp,106.578125
ak-47,18.515625
ak-47,77.65625
ak-47,84.453125
ak-47,91.078125
m4a1,99.09375
m4a1,100.03125
awp,100.640625
awp,102.5625
awp,107.90625
mp9,50.765625
mp9,52.390625
ak-47,53.09375
m4a1,22.390625
m4a1,26.46875
m4a1,27.984375
m4a1,57.28125
m4a1,91.359375
m4a1,15.234375
m4a1,17.3125
m4a1,19.234375
m4a1,21.328125
m4a1,43.0
ak-47,48.140625
ak-47,48.921875
m4a1,53.53125
mp9,59.578125
ak-47,62.296875
ak-47,79.21875
ak-47,108.71875
ak-47,114.21875
m4a1,15.8125
ak-47,15.90625
awp,62.75
m4a1,83.4375
ak-47,34.71875
m4a1,52.046875
awp,45.40625
ak-47,49.71875
m4a1,50.015625
awp,59.65625
ak-47,63.765625
ak-47,63.796875
ak-47,81.453125
ak-47,88.3125
m4a1,19.84375
awp,19.9375
m4a1,21.671875
awp,50.890625
awp,63.625
ak-47,11.734375
awp,14.484375
ak-47,21.328125
ak-47,25.359375
ak-47,25.953125
ak-47,41.453125
awp,57.984375
ak-47,61.21875
m4a1,83.578125
ak-47,97.578125
m4a1,102.5
m4a1,111.328125
ak-47,36.203125
ak-47,59.8125
m4a1,61.6875
ak-47,84.046875
m4a1,103.96875
m4a1,107.9375
mp9,59.34375
mp9,62.671875
mac-10,69.9375
mac-10,18.390625
mp9,21.53125
mac-10,21.703125
mp9,32.078125
ak-47,41.734375
ak-47,46.953125
ak-47,21.90625
ak-47,25.75
ak-47,31.234375
m4a1,38.625
ak-47,41.3125
mac-10,30.34375
mac-10,38.296875
mac-10,44.4375
m4a1,13.734375
ak-47,79.1875
m4a1,79.8125
ak-47,105.09375
ak-47,110.609375
ak-47,26.15625
m4a1,28.234375
m4a1,33.71875
ak-47,34.546875
ak-47,44.328125
ak-47,80.625
ak-47,19.953125
ak-47,21.390625
m4a1,28.09375
m4a1,58.5
ak-47,60.046875
ak-47,62.5
m4a1,22.359375
ak-47,22.9375
ak-47,23.59375
m4a1,54.453125
ak-47,79.6875
m4a1,79.90625
ak-47,80.71875
ak-47,87.046875
ak-47,33.90625
m4a1,63.546875
m4a1,63.84375
ak-47,64.75
ak-47,78.71875
ak-47,86.28125
ak-47,13.0
m4a1,14.140625
ak-47,15.3125
m4a1,16.375
ak-47,40.78125
ak-47,62.59375
ak-47,66.953125
mp9,59.5
ak-47,60.484375
ak-47,76.703125
ak-47,91.078125
ak-47,97.796875
ak-47,114.3125
ak-47,25.828125
ak-47,29.640625
m4a1,30.921875
ak-47,62.546875
ak-47,64.265625
ak-47,26.21875
ak-47,35.375
ak-47,73.703125
ak-47,74.46875
m4a1,86.453125
mac-10,13.703125
mp9,34.453125
ak-47,35.03125
mp9,62.0
awp,63.796875
ak-47,64.46875
m4a1,65.796875
awp,69.15625
m4a1,69.984375
mac-10,12.375
mac-10,31.890625
m4a1,44.984375
m4a1,14.640625
m4a1,83.34375
m4a1,26.1875
awp,28.390625
m4a1,35.59375
ak-47,55.40625
m4a1,63.625
mp9,42.453125
mac-10,42.921875
ak-47,15.15625
m4a1,54.75
m4a1,58.15625
ak-47,66.34375
m4a1,72.953125
ak-47,91.78125
ak-47,23.34375
ak-47,28.921875
m4a1,78.921875
m4a1,84.1875
ak-47,85.828125
ak-47,44.609375
ak-47,80.265625
ak-47,80.53125
ak-47,83.0625
m4a1,95.9375
m4a1,96.34375
ak-47,100.875
m4a1,32.390625
ak-47,82.4375
ak-47,85.53125
awp,94.546875
ak-47,105.515625
ak-47,99.109375
ak-47,100.765625
ak-47,111.328125
awp,18.015625
ak-47,58.71875
m4a1,69.4375
m4a1,106.796875
ak-47,108.375
m4a1,108.453125
awp,45.875
ak-47,49.734375
ak-47,95.46875
ak-47,47.71875
mp9,57.828125
mp9,58.25
ak-47,58.328125
mp9,66.21875
m4a1,67.015625
m4a1,74.328125
mp9,62.09375
m4a1,63.90625
m4a1,67.375
m4a1,74.359375
m4a1,74.9375
mac-10,38.46875
ak-47,39.609375
m4a1,66.765625
ak-47,69.5625
ak-47,71.765625
awp,27.265625
ak-47,34.375
ak-47,35.59375
m4a1,36.125
ak-47,20.921875
ak-47,22.171875
ak-47,22.421875
awp,44.375
awp,60.65625
awp,91.859375
ak-47,100.1875
ak-47,105.875
awp,108.09375
ak-47,108.171875
m4a1,14.703125
m4a1,54.578125
ak-47,54.984375
m4a1,56.515625
ak-47,56.921875
awp,89.640625
ak-47,91.765625
awp,95.375
ak-47,18.375
m4a1,18.796875
m4a1,44.8125
m4a1,48.90625
ak-47,62.875
ak-47,81.90625
m4a1,84.5625
awp,33.25
ak-47,36.5625
ak-47,37.65625
m4a1,65.8125
ak-47,81.0625
m4a1,82.234375
m4a1,86.265625
m4a1,68.34375
m4a1,70.0625
m4a1,72.40625
mp9,73.203125
ak-47,69.140625
ak-47,73.578125
ak-47,74.453125
m4a1,85.234375
m4a1,88.78125
m4a1,90.109375
awp,37.359375
ak-47,73.859375
m4a1,78.125
m4a1,79.0
awp,33.4375
awp,77.546875
awp,79.796875
awp,82.1875
m4a1,85.109375
ak-47,87.46875
ak-47,97.328125
ak-47,16.5625
ak-47,26.796875
ak-47,27.453125
ak-47,33.21875
m4a1,79.65625
m4a1,24.03125
awp,24.90625
awp,26.609375
ak-47,39.859375
awp,63.0625
awp,81.3125
awp,49.71875
awp,51.515625
m4a1,53.6875
awp,54.3125
m4a1,83.953125
ak-47,38.734375
ak-47,39.34375
awp,42.9375
ak-47,43.75
ak-47,45.984375
m4a1,29.875
ak-47,35.6875
ak-47,39.90625
ak-47,41.140625
ak-47,61.59375
m4a1,61.609375
ak-47,63.765625
awp,69.984375
ak-47,96.953125
ak-47,32.15625
awp,34.234375
m4a1,51.25
ak-47,57.09375
m4a1,68.703125
ak-47,91.703125
awp,9.796875
ak-47,28.359375
ak-47,28.359375
ak-47,29.34375
ak-47,34.28125
awp,79.125
awp,84.53125
mp9,82.09375
mp9,76.265625
mp9,77.609375
ak-47,77.984375
mp9,80.125
mp9,81.75
m4a1,57.53125
m4a1,59.703125
ak-47,61.546875
m4a1,18.5625
m4a1,20.828125
ak-47,20.9375
m4a1,23.375
m4a1,34.84375
m4a1,37.21875
ak-47,38.546875
ak-47,88.90625
ak-47,89.984375
ak-47,99.671875
ak-47,110.53125
awp,12.984375
m4a1,29.953125
awp,31.984375
ak-47,52.859375
m4a1,58.015625
m4a1,66.09375
ak-47,86.046875
awp,103.0
awp,29.859375
m4a1,31.734375
awp,36.984375
ak-47,37.890625
ak-47,38.46875
ak-47,57.828125
ak-47,101.546875
ak-47,67.484375
mp9,69.3125
mp9,70.296875
mp9,72.703125
ak-47,96.171875
ak-47,99.015625
ak-47,101.46875
ak-47,44.609375
ak-47,18.234375
ak-47,22.0625
awp,26.25
ak-47,36.703125
awp,37.609375
awp,80.59375
m4a1,89.0625
m4a1,90.3125
m4a1,17.328125
ak-47,30.40625
m4a1,31.8125
ak-47,32.59375
m4a1,33.09375
ak-47,18.109375
ak-47,25.96875
m4a1,27.046875
m4a1,27.25
ak-47,19.640625
awp,20.9375
m4a1,27.5625
ak-47,30.15625
awp,31.78125
m4a1,37.6875
m4a1,43.765625
ak-47,25.46875
ak-47,27.84375
ak-47,31.84375
awp,16.125
ak-47,21.140625
ak-47,22.984375
awp,34.859375
awp,46.984375
awp,49.296875
awp,12.640625
ak-47,14.71875
awp,15.921875
ak-47,17.515625
ak-47,30.609375
ak-47,31.5625
ak-47,38.078125
ak-47,46.375
ak-47,56.46875
m4a1,34.8125
awp,35.375
m4a1,36.15625
m4a1,38.0625
ak-47,55.078125
mp9,25.90625
ak-47,26.640625
ak-47,29.28125
ak-47,44.921875
ak-47,7.671875
ak-47,16.640625
m4a1,18.125
ak-47,19.546875
ak-47,25.546875
ak-47,60.015625
m4a1,66.578125
m4a1,68.9375
ak-47,79.3125
m4a1,85.015625
m4a1,85.875
m4a1,87.734375
m4a1,77.46875
m4a1,78.84375
m4a1,85.234375
ak-47,85.25
m4a1,93.78125
m4a1,26.78125
awp,66.015625
awp,70.234375
ak-47,36.421875
ak-47,65.0
ak-47,86.109375
m4a1,89.9375
m4a1,91.265625
m4a1,94.296875
m4a1,97.421875
ak-47,9.125
ak-47,19.703125
awp,20.765625
ak-47,76.546875
awp,99.578125
m4a1,99.734375
ak-47,103.40625
awp,33.5625
ak-47,85.6875
m4a1,92.375
awp,95.0
ak-47,15.859375
ak-47,17.15625
awp,35.546875
ak-47,39.109375
ak-47,47.4375
ak-47,76.5625
ak-47,86.546875
ak-47,98.609375
ak-47,107.125
ak-47,63.984375
ak-47,70.296875
ak-47,70.8125
ak-47,73.015625
ak-47,79.296875
ak-47,12.65625
ak-47,15.265625
ak-47,52.625
ak-47,60.578125
ak-47,70.625
m4a1,12.578125
m4a1,20.5
m4a1,22.25
mp9,26.921875
m4a1,30.46875
mp9,58.78125
m4a1,63.265625
m4a1,63.375
m4a1,66.078125
m4a1,67.875
m4a1,42.015625
awp,60.9375
awp,65.1875
ak-47,67.625
ak-47,49.34375
ak-47,42.15625
m4a1,75.59375
ak-47,82.640625
awp,86.546875
m4a1,32.828125
ak-47,39.875
awp,40.21875
ak-47,51.3125
ak-47,56.484375
ak-47,60.796875
m4a1,70.578125
m4a1,85.765625
ak-47,86.59375
ak-47,19.5625
m4a1,31.1875
m4a1,36.15625
ak-47,36.421875
mp9,44.0
ak-47,105.015625
ak-47,73.40625
ak-47,74.703125
ak-47,75.296875
ak-47,79.546875
ak-47,84.671875
m4a1,86.6875
ak-47,16.25
ak-47,30.640625
ak-47,34.171875
ak-47,67.609375
ak-47,67.671875
awp,44.265625
ak-47,45.984375
ak-47,48.390625
ak-47,49.8125
mp9,49.96875
mp9,16.375
ak-47,30.875
awp,46.921875
mp9,98.515625
ak-47,103.90625
m4a1,10.53125
m4a1,52.796875
m4a1,53.09375
m4a1,60.546875
mp9,63.046875
ak-47,46.25
ak-47,50.625
ak-47,51.609375
m4a1,95.578125
m4a1,12.75
ak-47,14.140625
m4a1,19.4375
ak-47,19.59375
m4a1,98.203125
m4a1,102.234375
ak-47,104.375
ak-47,113.9375
ak-47,30.21875
ak-47,30.703125
ak-47,36.53125
m4a1,37.515625
ak-47,104.6875
ak-47,21.765625
awp,21.875
m4a1,35.90625
ak-47,36.078125
mp9,47.421875
ak-47,98.140625
ak-47,25.359375
ak-47,25.859375
ak-47,33.40625
ak-47,43.734375
m4a1,52.046875
m4a1,72.328125
ak-47,38.40625
ak-47,53.359375
m4a1,57.984375
m4a1,59.828125
m4a1,62.96875
ak-47,12.328125
m4a1,47.015625
ak-47,112.8125
ak-47,11.375
m4a1,11.59375
awp,27.0625
ak-47,61.546875
ak-47,99.265625
ak-47,100.953125
ak-47,94.796875
ak-47,95.859375
awp,96.234375
ak-47,96.484375
ak-47,61.8125
m4a1,64.265625
m4a1,67.84375
mp9,111.75
awp,113.453125
m4a1,113.671875
m4a1,40.21875
mac-10,72.015625
m4a1,77.3125
m4a1,40.265625
ak-47,66.125
ak-47,101.765625
awp,102.75
m4a1,114.59375
awp,10.953125
awp,81.34375
ak-47,81.640625
ak-47,71.734375
ak-47,77.046875
ak-47,78.53125
mp9,78.890625
ak-47,80.734375
m4a1,90.53125
m4a1,92.25
m4a1,96.5625
ak-47,97.328125
mac-10,29.59375
ak-47,32.09375
mac-10,33.96875
m4a1,14.78125
m4a1,42.34375
ak-47,42.453125
m4a1,45.25
m4a1,45.84375
ak-47,25.3125
awp,29.0625
m4a1,41.59375
ak-47,41.796875
ak-47,42.421875
ak-47,43.96875
m4a1,48.25
ak-47,60.46875
ak-47,72.09375
m4a1,111.515625
m4a1,114.234375
ak-47,30.796875
ak-47,32.15625
m4a1,38.78125
m4a1,41.28125
m4a1,81.625
ak-47,83.484375
ak-47,16.703125
ak-47,20.234375
ak-47,40.40625
ak-47,83.359375
ak-47,84.953125
mp9,32.90625
ak-47,36.03125
ak-47,52.453125
awp,16.859375
ak-47,21.9375
ak-47,88.625
ak-47,108.515625
awp,113.46875
awp,49.0625
ak-47,50.796875
awp,63.25
ak-47,81.78125
ak-47,90.375
ak-47,94.953125
ak-47,18.078125
ak-47,25.9375
ak-47,68.0625
awp,69.453125
ak-47,70.828125
m4a1,45.984375
m4a1,46.5
m4a1,47.703125
m4a1,48.0
m4a1,48.375
m4a1,28.5625
m4a1,38.984375
ak-47,11.90625
ak-47,12.609375
ak-47,77.640625
ak-47,80.265625
m4a1,50.3125
ak-47,51.0
m4a1,51.640625
ak-47,84.75
ak-47,86.546875
awp,88.1875
mac-10,49.640625
mac-10,87.203125
mac-10,91.0625
m4a1,14.65625
ak-47,17.0
ak-47,25.796875
ak-47,56.796875
m4a1,71.65625
m4a1,99.953125
m4a1,104.890625
ak-47,84.40625
m4a1,95.234375
awp,97.28125
awp,100.296875
m4a1,105.984375
m4a1,107.359375
m4a1,111.28125
ak-47,10.390625
mp9,12.609375
ak-47,13.28125
m4a1,14.453125
awp,22.78125
ak-47,35.8125
m4a1,46.15625
awp,82.28125
m4a1,24.09375
m4a1,25.5
awp,36.921875
m4a1,46.421875
m4a1,97.765625
ak-47,88.09375
ak-47,89.515625
ak-47,92.078125
ak-47,94.203125
ak-47,36.8125
ak-47,51.734375
ak-47,59.75
awp,60.765625
m4a1,21.6875
ak-47,23.875
ak-47,27.0625
m4a1,28.171875
ak-47,37.59375
m4a1,71.421875
awp,76.921875
ak-47,13.796875
ak-47,14.515625
ak-47,18.234375
ak-47,61.578125
ak-47,61.859375
ak-47,45.359375
awp,90.96875
awp,94.390625
awp,96.640625
m4a1,107.1875
ak-47,62.640625
ak-47,80.578125
ak-47,84.765625
ak-47,58.671875
m4a1,66.40625
m4a1,69.078125
m4a1,77.796875
m4a1,81.09375
m4a1,60.0625
m4a1,62.546875
m4a1,106.8125
m4a1,107.59375
m4a1,66.359375
m4a1,74.015625
ak-47,75.46875
ak-47,77.3125
m4a1,80.375
m4a1,91.84375
m4a1,114.34375
ak-47,16.671875
ak-47,44.84375
ak-47,47.5
m4a1,90.796875
m4a1,96.0
ak-47,16.8125
ak-47,69.875
ak-47,71.671875
awp,73.5625
awp,91.109375
m4a1,38.34375
ak-47,74.359375
m4a1,74.390625
m4a1,76.84375
awp,77.1875
awp,79.5
ak-47,74.09375
ak-47,75.546875
m4a1,52.5
m4a1,53.109375
m4a1,55.953125
awp,8.515625
awp,11.6875
m4a1,19.6875
m4a1,24.0
awp,24.4375
m4a1,69.4375
ak-47,108.8125
m4a1,41.96875
m4a1,43.359375
m4a1,45.640625
ak-47,48.1875
awp,63.28125
ak-47,106.40625
m4a1,112.265625
ak-47,33.703125
awp,80.640625
awp,35.875
m4a1,75.578125
m4a1,76.5
m4a1,76.5625
ak-47,33.015625
ak-47,33.921875
awp,34.1875
ak-47,37.734375
awp,38.0
m4a1,101.6875
ak-47,102.109375
ak-47,110.9375
ak-47,11.96875
ak-47,18.71875
awp,36.078125
m4a1,36.40625
ak-47,36.921875
ak-47,39.78125
mp9,17.359375
ak-47,19.75
ak-47,56.25
awp,56.96875
ak-47,58.15625
ak-47,61.796875
m4a1,40.34375
m4a1,58.9375
m4a1,66.21875
m4a1,67.53125
ak-47,16.90625
ak-47,89.015625
ak-47,95.75
ak-47,26.890625
ak-47,31.890625
mp9,42.828125
ak-47,46.484375
ak-47,54.59375
m4a1,78.078125
m4a1,78.46875
m4a1,79.375
mp9,80.875
awp,8.28125
ak-47,48.09375
m4a1,51.5625
awp,51.90625
ak-47,64.265625
awp,65.734375
awp,85.828125
awp,31.328125
m4a1,51.34375
m4a1,68.703125
ak-47,69.765625
m4a1,70.078125
ak-47,80.5625
ak-47,82.0
awp,82.171875
m4a1,26.578125
m4a1,67.015625
m4a1,68.171875
mp9,78.375
m4a1,97.234375
m4a1,38.5
m4a1,40.78125
m4a1,56.140625
m4a1,59.5
m4a1,62.21875
m4a1,102.265625
ak-47,102.5625
ak-47,22.859375
ak-47,83.546875
m4a1,86.28125
m4a1,89.015625
ak-47,101.515625
m4a1,19.640625
ak-47,62.203125
ak-47,62.40625
ak-47,67.0625
ak-47,79.859375
awp,18.71875
ak-47,26.328125
ak-47,34.796875
ak-47,43.75
ak-47,48.71875
ak-47,25.5625
ak-47,25.703125
ak-47,26.421875
ak-47,28.53125
m4a1,34.3125
ak-47,11.84375
ak-47,31.328125
awp,42.40625
awp,52.9375
awp,54.5
ak-47,60.15625
ak-47,96.953125
ak-47,97.5625
m4a1,11.0625
awp,57.53125
awp,65.078125
awp,68.09375
m4a1,69.015625
awp,103.203125
m4a1,13.484375
m4a1,14.28125
awp,24.40625
awp,32.984375
m4a1,46.734375
awp,11.796875
ak-47,13.25
m4a1,23.203125
ak-47,27.078125
m4a1,27.5
ak-47,33.921875
ak-47,26.0
ak-47,28.65625
ak-47,21.890625
ak-47,35.109375
ak-47,48.46875
awp,50.0
ak-47,64.21875
mp9,59.328125
mp9,82.765625
m4a1,66.671875
mp9,26.9375
m4a1,63.1875
ak-47,44.09375
m4a1,44.28125
m4a1,48.515625
m4a1,73.3125
ak-47,80.78125
m4a1,82.96875
ak-47,85.328125
ak-47,85.484375
awp,94.3125
ak-47,102.703125
ak-47,108.21875
mp9,23.9375
awp,27.859375
ak-47,42.65625
ak-47,59.03125
ak-47,59.5625
m4a1,72.984375
ak-47,94.9375
awp,103.328125
ak-47,30.6875
ak-47,60.046875
ak-47,66.21875
mac-10,66.46875
ak-47,67.375
ak-47,38.265625
ak-47,59.046875
ak-47,70.71875
ak-47,73.078125
m4a1,96.015625
ak-47,97.484375
ak-47,49.890625
ak-47,54.234375
awp,82.234375
ak-47,84.96875
ak-47,88.46875
ak-47,106.046875
ak-47,36.5625
ak-47,37.796875
ak-47,40.5625
m4a1,67.84375
m4a1,68.25
awp,78.46875
awp,87.46875
m4a1,17.9375
m4a1,21.078125
ak-47,30.4375
ak-47,42.625
ak-47,48.3125
ak-47,49.34375
awp,57.671875
ak-47,60.40625
mp9,29.0
m4a1,39.546875
mp9,49.359375
mp9,53.953125
mp9,57.40625
ak-47,24.28125
m4a1,77.40625
ak-47,96.5
m4a1,98.515625
mp9,103.59375
m4a1,26.96875
mac-10,27.78125
ak-47,43.34375
ak-47,54.609375
m4a1,31.375
awp,98.59375
m4a1,99.75
ak-47,108.890625
m4a1,17.234375
m4a1,56.828125
m4a1,57.8125
m4a1,59.921875
m4a1,64.53125
m4a1,12.25
m4a1,15.046875
m4a1,22.25
ak-47,105.140625
m4a1,107.765625
m4a1,107.96875
ak-47,108.625
m4a1,15.09375
m4a1,16.515625
m4a1,42.953125
m4a1,64.28125
m4a1,77.84375
m4a1,52.015625
m4a1,58.390625
m4a1,64.921875
ak-47,78.015625
ak-47,95.953125
awp,52.859375
awp,57.71875
ak-47,64.0
ak-47,67.75
awp,68.65625
awp,75.921875
awp,46.234375
ak-47,88.453125
ak-47,28.5
awp,34.84375
m4a1,48.890625
m4a1,54.15625
ak-47,56.328125
awp,82.015625
ak-47,83.078125
m4a1,13.296875
m4a1,14.296875
ak-47,38.265625
ak-47,60.5
awp,69.671875
ak-47,84.578125
m4a1,87.625
ak-47,88.015625
ak-47,90.703125
awp,97.75
ak-47,103.234375
ak-47,49.015625
ak-47,51.328125
mp9,57.6875
ak-47,63.09375
mp9,68.984375
ak-47,96.34375
ak-47,98.015625
awp,108.984375
ak-47,25.8125
m4a1,83.734375
awp,103.5625
awp,107.421875
m4a1,110.796875
ak-47,113.640625
m4a1,75.765625
m4a1,78.09375
m4a1,79.546875
m4a1,87.96875
mp9,88.8125
mp9,15.015625
ak-47,93.6875
m4a1,95.703125
m4a1,96.484375
ak-47,96.765625
ak-47,99.765625
m4a1,101.421875
m4a1,59.3125
m4a1,60.09375
m4a1,61.765625
awp,39.140625
awp,73.1875
awp,95.546875
ak-47,110.6875
ak-47,11.71875
awp,20.609375
m4a1,22.9375
ak-47,24.234375
m4a1,31.53125
ak-47,33.578125
ak-47,42.046875
ak-47,66.40625
m4a1,13.53125
ak-47,19.640625
awp,62.1875
awp,74.203125
ak-47,78.859375
awp,79.59375
m4a1,14.671875
m4a1,55.40625
ak-47,55.421875
m4a1,85.375
ak-47,89.1875
ak-47,92.46875
ak-47,93.578125
ak-47,78.53125
awp,81.1875
awp,86.96875
ak-47,91.03125
ak-47,91.890625
m4a1,42.515625
m4a1,95.515625
awp,96.84375
ak-47,98.53125
awp,100.046875
awp,4.109375
ak-47,9.484375
ak-47,21.34375
m4a1,41.875
ak-47,44.453125
ak-47,59.53125
ak-47,27.734375
ak-47,51.609375
ak-47,52.265625
m4a1,18.03125
ak-47,18.71875
ak-47,36.203125
ak-47,49.578125
ak-47,41.015625
ak-47,42.59375
ak-47,43.75
ak-47,48.484375
ak-47,53.015625
ak-47,62.9375
ak-47,59.234375
mp9,59.640625
ak-47,61.9375
ak-47,64.671875
ak-47,65.8125
ak-47,72.421875
ak-47,74.15625
m4a1,73.171875
ak-47,73.375
ak-47,75.734375
ak-47,80.484375
ak-47,86.71875
awp,88.703125
ak-47,80.390625
m4a1,82.515625
m4a1,85.84375
ak-47,85.9375
m4a1,90.28125
m4a1,90.875
ak-47,15.21875
m4a1,36.765625
ak-47,56.5625
ak-47,63.0
ak-47,72.375
ak-47,83.28125
ak-47,11.984375
ak-47,14.046875
ak-47,14.46875
ak-47,16.546875
ak-47,21.1875
ak-47,21.46875
ak-47,24.53125
m4a1,31.640625
m4a1,33.3125
ak-47,34.296875
m4a1,34.8125
m4a1,101.796875
m4a1,106.09375
ak-47,32.75
ak-47,63.765625
m4a1,65.453125
ak-47,70.5625
ak-47,70.609375
ak-47,73.421875
m4a1,15.03125
awp,66.546875
mp9,77.09375
ak-47,78.15625
ak-47,87.0
ak-47,99.421875
mp9,12.09375
m4a1,13.125
mp9,19.34375
m4a1,20.953125
m4a1,27.3125
mp9,37.765625
ak-47,41.5
ak-47,43.765625
ak-47,47.953125
m4a1,54.375
ak-47,56.8125
ak-47,83.046875
ak-47,11.828125
ak-47,37.78125
ak-47,30.78125
ak-47,35.75
ak-47,39.375
ak-47,39.625
ak-47,50.59375
ak-47,77.734375
awp,77.765625
awp,81.671875
ak-47,10.578125
ak-47,19.21875
m4a1,19.6875
m4a1,20.09375
ak-47,32.21875
ak-47,32.46875
ak-47,54.140625
mp9,51.484375
m4a1,53.375
mp9,53.59375
mp9,55.78125
mp9,74.53125
ak-47,11.84375
ak-47,16.359375
m4a1,18.21875
ak-47,18.984375
ak-47,21.84375
ak-47,24.046875
m4a1,22.609375
mp9,29.53125
ak-47,38.0
ak-47,41.0
ak-47,43.265625
m4a1,47.1875
m4a1,59.796875
ak-47,43.265625
m4a1,48.140625
ak-47,60.734375
m4a1,73.75
ak-47,78.0
ak-47,19.0625
ak-47,31.796875
ak-47,33.65625
ak-47,57.09375
ak-47,67.4375
ak-47,92.984375
ak-47,97.984375
ak-47,15.015625
ak-47,16.875
ak-47,23.265625
awp,36.3125
m4a1,89.203125
ak-47,92.90625
awp,94.90625
m4a1,106.4375
ak-47,35.34375
awp,35.359375
m4a1,39.375
awp,41.90625
ak-47,17.96875
awp,18.84375
awp,20.59375
ak-47,22.96875
ak-47,28.296875
ak-47,17.75
awp,28.1875
ak-47,40.640625
ak-47,41.65625
ak-47,91.140625
ak-47,94.5625
ak-47,13.40625
ak-47,14.0
ak-47,14.90625
ak-47,21.078125
ak-47,12.828125
m4a1,21.96875
m4a1,23.390625
m4a1,23.59375
mac-10,38.3125
m4a1,39.671875
ak-47,62.15625
m4a1,13.1875
ak-47,16.25
m4a1,16.5625
ak-47,16.578125
m4a1,75.15625
awp,76.546875
m4a1,29.1875
m4a1,33.453125
awp,38.40625
ak-47,46.34375
ak-47,14.046875
awp,14.171875
ak-47,23.546875
ak-47,15.125
ak-47,19.140625
ak-47,28.21875
ak-47,34.53125
awp,41.3125
mac-10,29.84375
ak-47,41.4375
mac-10,44.21875
mac-10,47.671875
m4a1,24.046875
ak-47,43.46875
m4a1,99.390625
m4a1,101.78125
m4a1,36.765625
m4a1,38.203125
m4a1,68.109375
m4a1,69.734375
m4a1,13.90625
m4a1,14.640625
m4a1,26.78125
m4a1,31.5625
m4a1,36.1875
m4a1,57.6875
m4a1,57.734375
mp9,58.328125
m4a1,61.203125
m4a1,38.5625
m4a1,72.421875
m4a1,73.8125
m4a1,74.15625
m4a1,88.6875
ak-47,19.03125
ak-47,35.640625
ak-47,42.15625
ak-47,48.9375
m4a1,60.265625
ak-47,68.875
m4a1,69.015625
ak-47,27.484375
ak-47,28.53125
ak-47,29.9375
m4a1,68.53125
ak-47,69.734375
ak-47,73.921875
ak-47,81.96875
ak-47,90.453125
m4a1,12.53125
ak-47,13.234375
ak-47,51.65625
ak-47,66.59375
ak-47,69.265625
mac-10,70.03125
m4a1,14.421875
ak-47,27.75
ak-47,42.75
ak-47,46.765625
m4a1,53.796875
m4a1,76.125
ak-47,81.609375
ak-47,86.84375
ak-47,44.296875
mp9,83.875
ak-47,85.03125
ak-47,90.40625
ak-47,103.671875
ak-47,104.4375
m4a1,19.546875
ak-47,19.609375
m4a1,20.5
m4a1,23.25
ak-47,24.90625
m4a1,26.359375
m4a1,61.625
ak-47,25.5625
ak-47,28.859375
m4a1,37.34375
ak-47,41.5625
m4a1,41.96875
ak-47,43.34375
ak-47,50.46875
ak-47,57.890625
m4a1,13.03125
ak-47,50.21875
mp9,52.3125
mp9,53.15625
m4a1,53.203125
ak-47,30.109375
ak-47,30.515625
ak-47,33.46875
m4a1,96.34375
ak-47,68.671875
ak-47,73.28125
ak-47,102.015625
ak-47,102.21875
ak-47,40.40625
ak-47,46.609375
ak-47,50.078125
ak-47,56.578125
mp9,67.734375
ak-47,69.5
ak-47,91.25
ak-47,92.0
ak-47,111.296875
awp,11.875
ak-47,15.421875
ak-47,15.421875
mp9,50.46875
ak-47,52.171875
ak-47,58.890625
mp9,59.46875
ak-47,67.796875
m4a1,29.8125
m4a1,41.6875
m4a1,43.484375
ak-47,44.875
ak-47,58.84375
awp,11.171875
ak-47,29.921875
awp,30.84375
ak-47,35.265625
m4a1,37.0
ak-47,37.59375
m4a1,38.015625
m4a1,51.5625
awp,19.890625
m4a1,21.3125
awp,22.125
m4a1,23.359375
awp,27.3125
awp,35.9375
awp,45.984375
ak-47,47.28125
awp,33.9375
awp,42.390625
ak-47,42.671875
ak-47,51.8125
ak-47,56.21875
ak-47,93.6875
ak-47,98.203125
m4a1,36.53125
ak-47,37.453125
awp,38.390625
ak-47,49.5
ak-47,54.84375
m4a1,62.46875
ak-47,91.078125
m4a1,64.171875
ak-47,64.921875
ak-47,67.953125
ak-47,98.890625
ak-47,100.921875
awp,108.734375
awp,108.734375
ak-47,112.5
m4a1,49.59375
m4a1,64.453125
mp9,72.140625
mp9,88.296875
m4a1,92.25
mp9,17.921875
m4a1,24.84375
ak-47,60.453125
m4a1,87.828125
m4a1,101.140625
ak-47,106.859375
mac-10,20.375
m4a1,22.328125
ak-47,23.84375
ak-47,76.8125
m4a1,27.421875
ak-47,42.0
m4a1,63.078125
awp,63.390625
m4a1,27.46875
m4a1,30.625
m4a1,33.328125
m4a1,78.90625
ak-47,81.25
m4a1,81.296875
ak-47,51.421875
m4a1,97.84375
awp,99.34375
m4a1,25.171875
m4a1,25.59375
ak-47,81.828125
m4a1,90.140625
ak-47,90.828125
awp,93.578125
m4a1,98.375
ak-47,15.125
awp,14.109375
awp,43.765625
ak-47,66.09375
ak-47,102.859375
m4a1,106.0
m4a1,106.140625
awp,111.984375
ak-47,24.75
ak-47,27.359375
ak-47,27.453125
ak-47,31.03125
ak-47,40.5
ak-47,15.609375
ak-47,16.109375
awp,34.375
ak-47,60.5625
ak-47,68.84375
mp9,59.796875
m4a1,72.5
m4a1,74.234375
m4a1,78.1875
m4a1,81.125
m4a1,48.21875
m4a1,49.296875
m4a1,50.34375
m4a1,88.34375
m4a1,45.609375
ak-47,45.765625
ak-47,52.9375
ak-47,53.28125
awp,55.015625
ak-47,55.4375
ak-47,25.578125
ak-47,38.71875
ak-47,47.6875
ak-47,50.875
ak-47,33.890625
m4a1,36.921875
m4a1,19.59375
ak-47,71.359375
ak-47,75.5625
m4a1,20.4375
mp9,49.5625
ak-47,50.390625
ak-47,52.578125
ak-47,53.265625
ak-47,78.109375
ak-47,92.421875
mp9,63.78125
ak-47,64.75
ak-47,69.40625
mp9,98.609375
ak-47,36.328125
m4a1,37.78125
m4a1,39.796875
ak-47,64.8125
m4a1,19.53125
m4a1,21.9375
m4a1,23.0
m4a1,10.359375
ak-47,10.859375
m4a1,29.4375
ak-47,32.046875
m4a1,32.703125
ak-47,56.59375
ak-47,97.203125
m4a1,11.265625
ak-47,11.296875
m4a1,11.9375
ak-47,13.25
ak-47,18.203125
m4a1,20.125
m4a1,27.421875
m4a1,102.421875
ak-47,10.0
m4a1,13.5625
ak-47,14.53125
ak-47,78.640625
ak-47,80.328125
ak-47,21.0625
mp9,54.75
ak-47,55.3125
ak-47,95.140625
ak-47,96.671875
m4a1,104.953125
ak-47,18.984375
mac-10,22.484375
mp9,28.25
ak-47,106.484375
mp9,46.203125
m4a1,49.203125
ak-47,59.75
ak-47,81.734375
ak-47,83.78125
m4a1,92.0625
ak-47,95.484375
ak-47,33.328125
ak-47,36.34375
ak-47,39.3125
ak-47,53.78125
m4a1,68.359375
ak-47,69.453125
ak-47,72.0625
ak-47,91.484375
m4a1,33.046875
awp,35.265625
ak-47,41.390625
ak-47,46.015625
ak-47,46.890625
m4a1,10.0625
ak-47,22.140625
ak-47,23.6875
ak-47,23.734375
awp,34.71875
ak-47,42.171875
awp,76.921875
m4a1,57.46875
m4a1,59.234375
m4a1,67.0
m4a1,74.671875
ak-47,62.3125
ak-47,67.859375
ak-47,69.125
m4a1,36.484375
ak-47,37.234375
ak-47,43.265625
m4a1,45.375
m4a1,54.171875
ak-47,64.203125
ak-47,65.921875
m4a1,69.8125
ak-47,76.71875
ak-47,54.6875
mp9,56.046875
ak-47,56.265625
ak-47,56.90625
ak-47,87.625
ak-47,92.6875
ak-47,24.890625
ak-47,29.796875
m4a1,31.578125
ak-47,42.203125
ak-47,63.546875
ak-47,70.859375
ak-47,18.09375
ak-47,21.6875
m4a1,34.625
ak-47,36.5
m4a1,39.59375
ak-47,42.40625
ak-47,44.625
mac-10,19.25
ak-47,19.265625
ak-47,22.125
mac-10,14.875
awp,17.46875
ak-47,49.875
ak-47,59.234375
ak-47,60.859375
m4a1,45.953125
m4a1,48.125
m4a1,49.84375
awp,50.71875
awp,60.453125
m4a1,68.25
ak-47,48.890625
ak-47,51.171875
m4a1,57.09375
awp,70.34375
awp,11.0
m4a1,28.234375
m4a1,31.078125
m4a1,37.15625
ak-47,39.640625
ak-47,7.140625
awp,23.125
ak-47,32.578125
ak-47,43.609375
ak-47,46.5
ak-47,45.234375
ak-47,51.25
m4a1,56.859375
ak-47,94.640625
ak-47,67.015625
ak-47,73.90625
ak-47,75.203125
ak-47,84.484375
ak-47,85.671875
ak-47,20.859375
m4a1,21.3125
m4a1,26.3125
ak-47,26.59375
ak-47,27.203125
awp,41.59375
ak-47,45.8125
awp,16.015625
mac-10,18.953125
awp,51.03125
awp,52.984375
ak-47,55.140625
mac-10,37.4375
ak-47,75.484375
m4a1,42.546875
ak-47,67.5
m4a1,72.6875
ak-47,76.25
ak-47,55.046875
m4a1,60.578125
m4a1,106.453125
ak-47,106.71875
awp,45.5625
m4a1,57.21875
ak-47,60.8125
ak-47,64.15625
ak-47,66.171875
awp,66.25
awp,74.84375
awp,80.296875
awp,88.0
m4a1,43.6875
m4a1,45.65625
m4a1,46.828125
m4a1,47.015625
ak-47,54.390625
m4a1,56.515625
mac-10,16.546875
ak-47,19.390625
ak-47,22.765625
ak-47,23.453125
ak-47,43.984375
m4a1,48.28125
awp,48.875
m4a1,48.96875
m4a1,62.78125
awp,68.421875
mac-10,10.390625
ak-47,22.03125
ak-47,23.578125
ak-47,69.171875
awp,71.59375
mac-10,11.375
m4a1,16.03125
ak-47,16.421875
m4a1,26.796875
ak-47,62.09375
m4a1,74.953125
ak-47,87.875
awp,102.3125
ak-47,108.171875
mac-10,27.625
mp9,28.8125
ak-47,87.046875
ak-47,87.765625
ak-47,97.03125
awp,112.53125
m4a1,18.109375
ak-47,22.578125
m4a1,27.015625
m4a1,28.15625
m4a1,29.3125
awp,33.109375
ak-47,54.171875
ak-47,54.3125
m4a1,62.71875
ak-47,63.734375
m4a1,64.0625
ak-47,66.09375
awp,81.453125
awp,20.609375
m4a1,33.84375
ak-47,40.96875
awp,41.8125
ak-47,42.84375
ak-47,51.515625
m4a1,45.765625
awp,48.0
m4a1,55.21875
m4a1,56.21875
ak-47,58.859375
ak-47,70.96875
m4a1,15.734375
m4a1,26.828125
ak-47,27.515625
ak-47,29.609375
awp,30.09375
ak-47,53.375
ak-47,59.546875
ak-47,96.03125
awp,16.921875
ak-47,18.59375
ak-47,19.765625
awp,22.9375
ak-47,27.921875
m4a1,33.390625
ak-47,62.078125
m4a1,13.28125
m4a1,14.1875
mp9,15.015625
mp9,15.53125
ak-47,18.8125
ak-47,36.921875
m4a1,87.765625
m4a1,38.96875
m4a1,57.328125
ak-47,65.53125
ak-47,66.453125
ak-47,67.703125
m4a1,68.21875
awp,69.0
mac-10,74.5
ak-47,49.390625
ak-47,50.484375
ak-47,75.28125
awp,86.3125
awp,88.109375
mac-10,100.421875
awp,103.59375
awp,103.59375
ak-47,21.40625
ak-47,26.96875
m4a1,26.03125
ak-47,32.09375
awp,33.53125
ak-47,36.546875
ak-47,47.78125
ak-47,51.0625
awp,54.046875
ak-47,70.578125
ak-47,19.59375
m4a1,19.84375
m4a1,19.9375
m4a1,36.125
ak-47,78.125
ak-47,82.796875
m4a1,93.546875
m4a1,27.109375
ak-47,29.65625
ak-47,30.640625
ak-47,60.765625
awp,65.265625
m4a1,66.546875
awp,24.078125
ak-47,27.703125
awp,37.46875
awp,47.09375
ak-47,49.5
ak-47,26.375
ak-47,27.34375
ak-47,34.828125
ak-47,45.859375
ak-47,69.515625
m4a1,12.78125
ak-47,17.953125
m4a1,29.296875
ak-47,29.40625
ak-47,30.875
awp,41.5625
ak-47,43.03125
m4a1,47.125
ak-47,48.140625
ak-47,17.6875
ak-47,27.3125
m4a1,27.9375
m4a1,46.578125
m4a1,91.953125
ak-47,24.90625
awp,28.0625
ak-47,28.546875
awp,42.984375
m4a1,53.0625
ak-47,54.8125
ak-47,94.84375
ak-47,103.1875
ak-47,108.109375
awp,14.53125
ak-47,20.453125
ak-47,25.390625
ak-47,43.328125
ak-47,44.359375
m4a1,47.0625
m4a1,53.453125
ak-47,54.5
m4a1,10.234375
ak-47,16.90625
awp,21.046875
ak-47,40.796875
ak-47,67.640625
ak-47,69.5625
awp,74.859375
m4a1,16.171875
m4a1,16.46875
m4a1,16.671875
m4a1,17.734375
m4a1,18.5
ak-47,15.8125
m4a1,15.9375
m4a1,19.109375
ak-47,21.0625
m4a1,22.140625
m4a1,55.46875
m4a1,25.03125
ak-47,25.15625
ak-47,26.703125
mp9,28.9375
ak-47,64.359375
ak-47,64.765625
awp,65.34375
ak-47,66.546875
ak-47,89.140625
awp,14.171875
ak-47,23.546875
m4a1,24.890625
m4a1,58.671875
m4a1,60.03125
awp,66.609375
m4a1,69.90625
ak-47,33.765625
m4a1,47.90625
awp,54.359375
ak-47,67.25
awp,74.90625
ak-47,89.4375
awp,12.28125
ak-47,34.90625
awp,43.640625
awp,30.4375
awp,88.515625
mp9,89.703125
ak-47,90.0625
m4a1,90.40625
m4a1,107.703125
awp,51.078125
ak-47,56.46875
m4a1,56.96875
ak-47,69.25
ak-47,92.125
ak-47,95.90625
ak-47,102.765625
ak-47,12.53125
mp9,26.96875
ak-47,72.84375
m4a1,72.84375
ak-47,76.359375
m4a1,91.9375
awp,94.84375
ak-47,98.09375
mac-10,20.84375
m4a1,42.984375
m4a1,48.328125
ak-47,59.609375
ak-47,95.46875
ak-47,97.578125
ak-47,99.703125
ak-47,43.59375
ak-47,48.390625
ak-47,49.40625
m4a1,41.484375
ak-47,44.90625
ak-47,47.28125
ak-47,10.015625
m4a1,31.875
ak-47,32.0
m4a1,33.5625
ak-47,34.890625
ak-47,19.703125
awp,20.859375
m4a1,41.90625
m4a1,49.859375
m4a1,109.484375
m4a1,110.78125
ak-47,21.25
ak-47,53.640625
ak-47,55.921875
ak-47,82.390625
ak-47,82.828125
m4a1,16.5
m4a1,17.203125
m4a1,17.296875
m4a1,18.28125
m4a1,82.359375
ak-47,90.953125
m4a1,95.5625
m4a1,96.515625
ak-47,98.0
ak-47,99.96875
ak-47,104.203125
m4a1,26.703125
m4a1,31.75
ak-47,33.1875
ak-47,108.25
m4a1,37.1875
m4a1,37.734375
mp9,40.8125
m4a1,45.25
m4a1,85.21875
m4a1,15.046875
mp9,17.984375
m4a1,20.421875
mp9,24.5
m4a1,26.234375
awp,43.375
ak-47,43.921875
ak-47,53.625
m4a1,60.546875
ak-47,62.9375
ak-47,68.984375
ak-47,82.921875
awp,83.8125
ak-47,84.625
ak-47,85.953125
awp,86.6875
m4a1,88.90625
awp,89.671875
awp,93.546875
mac-10,17.734375
ak-47,42.140625
ak-47,43.8125
m4a1,56.15625
awp,58.28125
m4a1,78.21875
m4a1,96.09375
ak-47,97.515625
m4a1,103.828125
ak-47,73.421875
ak-47,74.109375
m4a1,74.390625
m4a1,75.703125
ak-47,77.09375
awp,82.171875
awp,89.8125
ak-47,44.859375
ak-47,54.015625
ak-47,61.65625
ak-47,67.28125
ak-47,72.171875
mp9,34.984375
mp9,80.859375
ak-47,81.140625
ak-47,107.09375
m4a1,62.609375
ak-47,69.859375
awp,71.171875
ak-47,74.28125
awp,77.375
m4a1,30.875
mp9,45.515625
mp9,52.546875
mp9,55.625
awp,55.90625
ak-47,16.484375
ak-47,17.96875
awp,25.6875
m4a1,97.703125
awp,97.921875
ak-47,98.625
awp,102.0625
ak-47,35.65625
m4a1,37.78125
ak-47,38.515625
ak-47,39.140625
ak-47,43.0
ak-47,46.328125
ak-47,58.265625
ak-47,80.9375
ak-47,85.71875
m4a1,87.5625
ak-47,99.6875
ak-47,100.140625
ak-47,21.5
ak-47,48.5625
ak-47,50.78125
ak-47,80.25
m4a1,46.40625
ak-47,63.6875
ak-47,81.515625
ak-47,89.8125
awp,91.109375
awp,14.703125
m4a1,75.5625
ak-47,78.65625
awp,81.515625
awp,95.921875
m4a1,38.953125
ak-47,48.078125
awp,52.765625
m4a1,53.421875
ak-47,20.765625
ak-47,51.03125
awp,52.890625
m4a1,67.203125
m4a1,77.234375
ak-47,77.296875
ak-47,78.140625
ak-47,90.90625
m4a1,19.625
awp,20.03125
ak-47,42.21875
ak-47,68.0
awp,74.078125
awp,107.515625
ak-47,108.4375
awp,109.1875
ak-47,59.265625
ak-47,67.671875
m4a1,75.296875
m4a1,91.03125
ak-47,93.359375
m4a1,102.015625
ak-47,103.21875
m4a1,111.859375
ak-47,28.125
ak-47,32.640625
m4a1,43.046875
ak-47,44.15625
m4a1,44.90625
ak-47,71.328125
ak-47,72.859375
ak-47,88.828125
ak-47,88.875
awp,39.78125
awp,42.3125
ak-47,58.046875
m4a1,66.0
awp,71.359375
awp,73.171875
ak-47,76.328125
ak-47,77.0625
awp,79.4375
m4a1,62.25
m4a1,62.5625
ak-47,63.46875
m4a1,64.328125
ak-47,70.5
m4a1,76.28125
awp,27.359375
ak-47,53.40625
m4a1,54.578125
awp,69.609375
ak-47,79.5625
m4a1,99.734375
mp9,19.71875
mp9,57.046875
m4a1,57.890625
m4a1,59.296875
m4a1,61.796875
m4a1,60.4375
m4a1,62.796875
m4a1,104.875
ak-47,19.859375
m4a1,27.1875
ak-47,44.515625
m4a1,48.375
ak-47,13.15625
ak-47,38.40625
ak-47,90.546875
ak-47,90.6875
ak-47,91.4375
ak-47,63.546875
m4a1,68.515625
ak-47,74.859375
ak-47,77.171875
awp,109.9375
awp,38.53125
ak-47,46.546875
ak-47,62.125
ak-47,76.25
ak-47,105.546875
awp,70.78125
m4a1,80.78125
m4a1,85.203125
ak-47,87.046875
ak-47,90.234375
m4a1,112.234375
m4a1,30.75
m4a1,31.15625
m4a1,33.25
m4a1,36.234375
ak-47,78.15625
ak-47,103.703125
ak-47,62.625
ak-47,83.25
ak-47,112.453125
ak-47,113.984375
ak-47,114.40625
mac-10,49.015625
ak-47,69.453125
mp9,70.921875
mp9,72.34375
mac-10,72.53125
mac-10,79.609375
m4a1,49.375
awp,59.640625
m4a1,63.578125
ak-47,66.3125
awp,67.453125
ak-47,10.515625
ak-47,64.3125
ak-47,83.5625
awp,87.125
ak-47,90.53125
awp,94.140625
ak-47,97.78125
ak-47,69.640625
ak-47,75.96875
m4a1,81.796875
ak-47,83.90625
awp,90.0625
m4a1,92.28125
m4a1,95.5625
awp,96.984375
ak-47,19.25
ak-47,52.96875
ak-47,79.375
m4a1,81.40625
ak-47,84.609375
ak-47,86.890625
ak-47,91.203125
m4a1,25.953125
ak-47,96.140625
mac-10,53.765625
mp9,54.734375
mac-10,55.984375
mp9,63.484375
mp9,73.296875
ak-47,17.09375
m4a1,17.421875
mp9,21.453125
m4a1,22.1875
ak-47,23.71875
mp9,86.265625
mp9,88.96875
ak-47,89.5
awp,98.328125
ak-47,100.484375
ak-47,102.390625
ak-47,108.640625
awp,109.65625
awp,10.890625
awp,25.53125
ak-47,31.109375
ak-47,32.265625
m4a1,34.90625
m4a1,57.1875
m4a1,58.65625
m4a1,70.265625
awp,13.921875
ak-47,18.296875
ak-47,24.65625
ak-47,31.15625
ak-47,37.859375
ak-47,39.25
ak-47,46.703125
m4a1,77.0625
ak-47,78.65625
ak-47,100.296875
ak-47,101.59375
ak-47,111.53125
ak-47,18.359375
ak-47,64.703125
awp,79.09375
awp,101.34375
ak-47,104.5
ak-47,105.703125
awp,107.6875
ak-47,110.359375
ak-47,11.5625
ak-47,20.015625
ak-47,20.78125
m4a1,49.265625
ak-47,60.453125
ak-47,63.5625
awp,11.140625
ak-47,11.484375
awp,13.078125
ak-47,15.140625
ak-47,40.3125
m4a1,54.9375
m4a1,73.03125
awp,80.203125
m4a1,20.40625
m4a1,20.9375
mp9,22.53125
m4a1,23.4375
mp9,23.6875
ak-47,71.78125
m4a1,76.9375
mp9,103.9375
mp9,104.953125
awp,42.734375
awp,54.90625
ak-47,58.21875
ak-47,19.5625
awp,32.390625
ak-47,44.75
ak-47,49.28125
m4a1,56.828125
mac-10,73.203125
ak-47,106.078125
mp9,106.15625
ak-47,114.515625
ak-47,35.765625
ak-47,35.90625
mp9,36.84375
ak-47,38.734375
m4a1,24.1875
m4a1,32.59375
ak-47,33.09375
m4a1,33.390625
mp9,55.0625
m4a1,56.15625
ak-47,60.25
ak-47,78.34375
m4a1,78.53125
ak-47,80.703125
m4a1,18.6875
ak-47,21.84375
ak-47,24.828125
m4a1,37.03125
m4a1,37.90625
awp,36.84375
ak-47,55.65625
ak-47,82.203125
ak-47,82.484375
m4a1,83.15625
m4a1,94.78125
m4a1,103.5625
m4a1,104.46875
m4a1,34.984375
awp,35.125
m4a1,56.421875
m4a1,58.078125
ak-47,60.75
ak-47,87.921875
ak-47,88.71875
ak-47,96.546875
ak-47,97.859375
ak-47,100.4375
ak-47,28.25
m4a1,29.265625
ak-47,29.765625
m4a1,43.8125
awp,71.1875
m4a1,71.8125
ak-47,72.015625
ak-47,73.671875
awp,19.65625
m4a1,29.90625
m4a1,30.453125
ak-47,30.890625
ak-47,32.40625
m4a1,45.625
awp,47.578125
awp,49.671875
awp,54.453125
ak-47,13.84375
ak-47,29.96875
m4a1,33.5
ak-47,37.40625
m4a1,38.34375
m4a1,40.3125
ak-47,41.46875
m4a1,75.28125
m4a1,77.703125
mac-10,17.265625
ak-47,18.515625
ak-47,24.234375
mac-10,40.328125
ak-47,19.125
ak-47,19.4375
ak-47,20.71875
ak-47,22.359375
ak-47,23.5625
mac-10,13.125
mac-10,23.875
ak-47,32.875
ak-47,40.15625
awp,40.625
m4a1,42.234375
m4a1,29.96875
mac-10,47.453125
mac-10,38.234375
mac-10,38.6875
mac-10,38.96875
mac-10,40.859375
mac-10,46.40625
awp,12.265625
m4a1,16.515625
m4a1,21.03125
m4a1,62.28125
m4a1,69.0
awp,11.75
ak-47,13.78125
m4a1,19.15625
ak-47,33.046875
ak-47,65.109375
ak-47,68.421875
m4a1,53.84375
ak-47,55.8125
ak-47,20.859375
awp,29.109375
awp,31.078125
ak-47,31.28125
m4a1,36.484375
ak-47,10.53125
awp,11.515625
m4a1,14.703125
ak-47,25.734375
ak-47,26.6875
ak-47,44.578125
ak-47,89.140625
awp,96.96875
ak-47,101.640625
m4a1,108.21875
ak-47,18.1875
ak-47,29.1875
ak-47,29.5625
ak-47,29.96875
ak-47,40.3125
ak-47,68.296875
ak-47,70.703125
m4a1,56.078125
awp,65.46875
m4a1,67.109375
ak-47,83.515625
awp,84.328125
ak-47,85.875
ak-47,88.59375
ak-47,16.375
m4a1,30.28125
m4a1,33.28125
ak-47,34.875
ak-47,57.875
mp9,22.9375
m4a1,28.796875
m4a1,45.84375
m4a1,46.9375
m4a1,95.890625
m4a1,97.453125
m4a1,98.734375
m4a1,106.625
m4a1,31.21875
awp,31.546875
awp,67.3125
ak-47,70.109375
ak-47,73.09375
ak-47,76.390625
m4a1,85.015625
awp,14.125
ak-47,25.96875
ak-47,30.890625
awp,67.546875
awp,98.84375
awp,101.421875
ak-47,102.453125
awp,104.46875
ak-47,105.609375
m4a1,23.5
m4a1,25.234375
m4a1,26.796875
ak-47,41.15625
ak-47,46.546875
m4a1,55.0625
m4a1,21.421875
awp,43.203125
m4a1,83.75
m4a1,90.359375
ak-47,92.234375
awp,101.0
ak-47,17.65625
m4a1,76.203125
awp,78.3125
ak-47,93.90625
awp,101.953125
ak-47,26.625
awp,31.78125
m4a1,63.15625
awp,65.65625
m4a1,73.828125
mac-10,12.09375
mac-10,14.1875
ak-47,16.796875
mp9,16.90625
mp9,17.65625
mp9,18.5625
mac-10,18.8125
mac-10,13.84375
mac-10,34.984375
mac-10,36.453125
mac-10,52.015625
ak-47,83.25
awp,13.765625
m4a1,24.625
ak-47,25.59375
awp,71.53125
ak-47,78.21875
ak-47,82.5
m4a1,88.40625
awp,91.984375
mp9,52.359375
ak-47,52.890625
ak-47,54.734375
awp,55.15625
ak-47,55.765625
ak-47,66.5
ak-47,60.828125
ak-47,68.28125
m4a1,69.984375
awp,72.109375
m4a1,72.734375
ak-47,74.46875
ak-47,75.28125
ak-47,30.125
mp9,49.71875
ak-47,63.828125
awp,65.828125
mp9,69.171875
ak-47,25.0625
m4a1,71.515625
ak-47,99.953125
ak-47,32.921875
m4a1,35.40625
ak-47,38.390625
ak-47,50.75
ak-47,61.59375
ak-47,18.953125
ak-47,19.78125
ak-47,65.3125
ak-47,67.578125
ak-47,68.9375
mp9,14.421875
mp9,17.234375
awp,34.953125
mp9,40.125
mp9,62.796875
ak-47,10.25
ak-47,11.5
awp,20.65625
ak-47,25.03125
awp,40.625
m4a1,52.453125
ak-47,55.140625
mac-10,38.140625
m4a1,38.734375
m4a1,41.734375
m4a1,46.984375
m4a1,48.8125
m4a1,38.234375
m4a1,44.765625
m4a1,45.90625
m4a1,20.015625
m4a1,29.6875
m4a1,52.90625
ak-47,17.609375
ak-47,70.109375
ak-47,72.8125
m4a1,74.703125
ak-47,74.734375
m4a1,75.890625
m4a1,77.34375
awp,26.796875
awp,41.796875
m4a1,42.921875
ak-47,51.703125
m4a1,54.75
m4a1,18.5625
ak-47,88.734375
ak-47,89.984375
m4a1,91.015625
m4a1,100.71875
m4a1,15.15625
ak-47,17.546875
m4a1,24.359375
ak-47,47.96875
m4a1,50.296875
ak-47,59.78125
awp,56.75
ak-47,61.234375
ak-47,63.671875
m4a1,74.1875
awp,88.265625
ak-47,20.65625
m4a1,97.265625
m4a1,103.84375
m4a1,105.015625
m4a1,106.765625
ak-47,55.0625
awp,64.703125
ak-47,81.78125
ak-47,83.75
ak-47,17.40625
ak-47,18.625
ak-47,34.9375
ak-47,38.890625
awp,49.34375
awp,47.734375
ak-47,54.1875
ak-47,54.21875
m4a1,27.4375
mp9,30.359375
ak-47,58.890625
ak-47,86.8125
ak-47,90.140625
ak-47,96.34375
ak-47,81.09375
ak-47,106.34375
ak-47,112.609375
ak-47,113.109375
ak-47,113.84375
mac-10,16.171875
m4a1,49.453125
ak-47,57.0625
ak-47,84.375
ak-47,84.765625
ak-47,87.09375
ak-47,104.171875
ak-47,106.96875
ak-47,19.265625
mp9,19.96875
awp,31.640625
ak-47,58.796875
m4a1,11.03125
ak-47,14.84375
ak-47,22.203125
m4a1,23.859375
awp,25.25
awp,31.671875
m4a1,38.90625
ak-47,16.921875
awp,18.015625
ak-47,22.140625
ak-47,24.375
ak-47,54.953125
ak-47,59.109375
ak-47,59.703125
ak-47,60.3125
ak-47,67.859375
ak-47,42.296875
ak-47,60.5625
ak-47,86.296875
ak-47,98.96875
ak-47,100.4375
ak-47,103.515625
awp,26.125
m4a1,62.265625
ak-47,65.953125
m4a1,68.46875
awp,73.890625
awp,105.90625
ak-47,40.859375
awp,64.28125
awp,74.65625
m4a1,76.5
m4a1,78.453125
m4a1,22.03125
m4a1,23.4375
m4a1,23.9375
m4a1,30.09375
ak-47,35.09375
m4a1,35.609375
m4a1,25.359375
awp,28.484375
m4a1,45.953125
m4a1,49.203125
m4a1,10.15625
ak-47,14.8125
m4a1,17.546875
m4a1,31.515625
ak-47,55.0625
ak-47,33.65625
ak-47,38.015625
m4a1,39.28125
m4a1,45.359375
m4a1,46.09375
m4a1,49.875
ak-47,50.640625
ak-47,54.296875
ak-47,43.703125
awp,44.25
m4a1,43.578125
m4a1,44.875
m4a1,46.640625
m4a1,47.046875
m4a1,49.140625
ak-47,51.9375
awp,53.203125
ak-47,59.875
awp,63.296875
ak-47,66.234375
ak-47,70.109375
m4a1,104.890625
ak-47,12.015625
mp9,14.609375
ak-47,16.25
mp9,17.046875
ak-47,25.65625
ak-47,70.640625
ak-47,78.421875
ak-47,75.734375
ak-47,77.484375
ak-47,79.671875
ak-47,80.578125
ak-47,89.6875
ak-47,47.75
ak-47,48.640625
ak-47,50.21875
ak-47,51.109375
ak-47,63.796875
ak-47,55.921875
ak-47,56.625
m4a1,67.875
m4a1,70.609375
m4a1,72.265625
mac-10,15.375
mp9,18.984375
mac-10,60.25
m4a1,64.078125
ak-47,41.703125
mp9,20.453125
m4a1,69.84375
m4a1,71.328125
m4a1,71.84375
mac-10,15.609375
mac-10,16.421875
ak-47,18.8125
awp,10.34375
m4a1,14.15625
ak-47,88.140625
m4a1,102.75
m4a1,105.75
awp,106.65625
awp,74.46875
awp,83.15625
awp,87.640625
ak-47,91.703125
m4a1,103.109375
ak-47,107.078125
m4a1,110.5625
awp,17.75
m4a1,35.296875
m4a1,79.875
ak-47,90.484375
ak-47,102.1875
ak-47,66.375
ak-47,68.578125
ak-47,70.765625
ak-47,71.671875
ak-47,111.328125
m4a1,32.59375
m4a1,41.953125
awp,51.953125
m4a1,58.828125
m4a1,67.234375
ak-47,15.75
ak-47,24.296875
ak-47,25.28125
awp,27.734375
m4a1,33.1875
m4a1,39.765625
ak-47,40.46875
ak-47,71.9375
mp9,37.59375
m4a1,38.140625
mp9,39.34375
ak-47,21.03125
m4a1,57.296875
m4a1,93.390625
ak-47,100.25
ak-47,14.0
awp,24.140625
awp,27.953125
awp,29.890625
mac-10,30.453125
ak-47,32.828125
ak-47,23.859375
awp,24.78125
ak-47,67.25
m4a1,67.796875
m4a1,82.09375
awp,96.140625
ak-47,108.296875
m4a1,14.84375
ak-47,16.15625
m4a1,56.4375
awp,75.265625
m4a1,89.9375
m4a1,91.3125
m4a1,93.125
awp,97.8125
m4a1,106.5
ak-47,12.78125
awp,14.03125
m4a1,20.84375
awp,55.421875
ak-47,59.625
m4a1,15.328125
m4a1,50.09375
awp,39.21875
m4a1,76.71875
ak-47,93.203125
ak-47,93.9375
ak-47,100.65625
m4a1,13.9375
ak-47,46.640625
ak-47,28.890625
ak-47,46.625
ak-47,49.28125
ak-47,50.203125
ak-47,51.1875
m4a1,51.1875
ak-47,57.734375
ak-47,62.53125
m4a1,80.3125
awp,83.71875
ak-47,90.453125
ak-47,16.40625
awp,33.890625
ak-47,39.984375
ak-47,40.78125
ak-47,42.375
m4a1,80.125
awp,53.0
ak-47,57.8125
m4a1,59.953125
m4a1,62.8125
m4a1,64.125
ak-47,66.171875
ak-47,83.375
ak-47,98.65625
m4a1,19.109375
ak-47,19.4375
ak-47,23.21875
awp,33.84375
ak-47,55.859375
ak-47,66.796875
ak-47,26.171875
m4a1,26.8125
ak-47,52.203125
ak-47,52.59375
ak-47,54.65625
ak-47,59.296875
ak-47,67.21875
ak-47,20.765625
ak-47,22.609375
m4a1,50.625
awp,56.140625
m4a1,56.328125
ak-47,66.953125
m4a1,79.1875
m4a1,9.765625
ak-47,12.09375
m4a1,14.390625
ak-47,14.546875
m4a1,15.34375
ak-47,15.59375
m4a1,38.15625
awp,5.703125
ak-47,19.890625
m4a1,30.609375
m4a1,34.125
m4a1,60.046875
m4a1,61.1875
ak-47,61.34375
ak-47,31.078125
ak-47,31.5
m4a1,32.875
awp,33.203125
m4a1,34.078125
awp,41.28125
awp,38.3125
awp,40.125
m4a1,41.515625
m4a1,43.40625
ak-47,55.640625
mac-10,57.3125
m4a1,61.359375
m4a1,62.8125
m4a1,73.984375
mp9,78.875
ak-47,43.546875
ak-47,30.375
ak-47,32.328125
ak-47,35.734375
m4a1,43.75
ak-47,29.4375
m4a1,33.25
m4a1,34.25
ak-47,34.609375
ak-47,51.25
m4a1,73.34375
ak-47,53.671875
ak-47,54.15625
m4a1,61.84375
m4a1,62.625
m4a1,64.5
m4a1,77.875
ak-47,68.34375
ak-47,101.40625
m4a1,109.265625
m4a1,113.75
m4a1,66.1875
awp,67.6875
awp,106.921875
awp,61.609375
mp9,12.234375
mp9,28.15625
ak-47,37.28125
awp,57.625
awp,59.546875
awp,73.40625
m4a1,73.125
m4a1,75.859375
ak-47,51.265625
ak-47,53.265625
m4a1,53.734375
ak-47,58.171875
ak-47,102.96875
ak-47,107.859375
ak-47,94.359375
ak-47,96.71875
ak-47,77.4375
ak-47,78.234375
mp9,80.953125
m4a1,40.8125
ak-47,76.59375
awp,77.75
m4a1,78.140625
m4a1,81.21875
ak-47,100.5625
ak-47,21.765625
ak-47,22.5625
m4a1,29.078125
ak-47,33.21875
m4a1,62.328125
m4a1,65.890625
ak-47,69.21875
ak-47,75.96875
ak-47,56.15625
mp9,57.921875
mac-10,73.140625
ak-47,90.984375
m4a1,19.296875
m4a1,21.25
m4a1,25.4375
ak-47,36.84375
m4a1,38.734375
m4a1,40.640625
mp9,57.703125
mp9,61.765625
m4a1,66.0625
ak-47,76.25
ak-47,77.53125
m4a1,77.703125
ak-47,78.4375
ak-47,79.3125
ak-47,80.328125
m4a1,85.46875
m4a1,52.140625
m4a1,57.78125
awp,69.734375
awp,67.203125
ak-47,69.015625
awp,84.765625
ak-47,86.15625
m4a1,87.796875
ak-47,89.0
ak-47,97.234375
m4a1,111.03125
ak-47,20.40625
m4a1,27.890625
m4a1,29.84375
ak-47,34.84375
ak-47,37.328125
ak-47,44.671875
awp,109.21875
ak-47,77.59375
awp,80.3125
awp,50.875
ak-47,52.578125
m4a1,56.234375
awp,61.40625
m4a1,84.96875
ak-47,90.328125
m4a1,93.109375
m4a1,99.9375
ak-47,102.859375
ak-47,105.859375
ak-47,111.03125
m4a1,112.421875
ak-47,113.4375
ak-47,12.921875
ak-47,13.125
ak-47,44.25
mp9,51.140625
ak-47,67.84375
ak-47,68.59375
mp9,10.796875
m4a1,12.453125
mp9,15.640625
m4a1,43.828125
m4a1,11.90625
m4a1,12.984375
m4a1,18.4375
m4a1,24.59375
m4a1,31.09375
awp,12.59375
m4a1,78.734375
awp,79.03125
ak-47,81.9375
ak-47,82.796875
ak-47,85.515625
ak-47,94.40625
ak-47,33.859375
awp,38.40625
ak-47,38.5
m4a1,46.6875
m4a1,50.4375
ak-47,39.359375
ak-47,41.015625
ak-47,41.03125
awp,83.15625
awp,31.09375
ak-47,58.9375
awp,66.515625
awp,12.21875
ak-47,27.796875
m4a1,31.3125
awp,44.453125
m4a1,48.703125
awp,10.75
awp,12.71875
awp,14.453125
ak-47,15.515625
ak-47,85.90625
awp,33.453125
ak-47,34.984375
awp,35.53125
ak-47,37.03125
ak-47,43.703125
awp,47.96875
awp,65.265625
ak-47,53.953125
ak-47,59.140625
ak-47,62.765625
ak-47,75.25
ak-47,75.625
ak-47,31.40625
ak-47,32.625
ak-47,34.171875
ak-47,35.34375
ak-47,37.984375
ak-47,25.640625
mac-10,30.0625
m4a1,43.484375
m4a1,47.109375
mp9,47.25
mp9,48.515625
ak-47,51.375
ak-47,67.5
m4a1,69.078125
ak-47,23.65625
ak-47,59.359375
awp,62.5
ak-47,65.75
ak-47,72.9375
ak-47,74.515625
ak-47,76.171875
awp,30.9375
m4a1,32.046875
m4a1,34.359375
m4a1,42.0
ak-47,36.78125
ak-47,40.53125
m4a1,47.90625
ak-47,50.859375
ak-47,71.40625
awp,76.34375
ak-47,71.578125
ak-47,81.53125
ak-47,94.765625
m4a1,79.078125
ak-47,79.5
ak-47,81.375
m4a1,83.140625
awp,86.390625
ak-47,93.609375
m4a1,33.796875
m4a1,34.828125
m4a1,36.859375
m4a1,12.203125
m4a1,13.953125
awp,37.234375
m4a1,52.9375
mac-10,74.046875
awp,77.0
m4a1,91.296875
ak-47,91.8125
m4a1,12.53125
m4a1,15.234375
m4a1,15.75
m4a1,16.65625
m4a1,22.3125
m4a1,22.515625
m4a1,23.015625
ak-47,37.875
ak-47,51.875
ak-47,11.96875
mp9,20.90625
mp9,26.65625
mp9,28.265625
ak-47,35.421875
m4a1,34.859375
m4a1,50.46875
ak-47,50.828125
awp,75.8125
ak-47,86.15625
ak-47,87.9375
ak-47,11.84375
m4a1,13.4375
m4a1,14.046875
ak-47,15.046875
ak-47,43.3125
m4a1,67.875
ak-47,28.328125
ak-47,29.546875
awp,33.625
ak-47,34.640625
ak-47,44.734375
ak-47,51.375
m4a1,57.015625
mp9,31.59375
m4a1,33.15625
m4a1,60.96875
mac-10,61.71875
m4a1,64.125
m4a1,16.125
mp9,22.375
mp9,22.59375
awp,12.78125
m4a1,14.21875
ak-47,17.546875
ak-47,24.34375
m4a1,45.484375
ak-47,53.0
ak-47,55.8125
m4a1,17.203125
ak-47,46.734375
mp9,54.75
ak-47,55.953125
m4a1,64.375
awp,84.703125
ak-47,15.84375
ak-47,17.796875
ak-47,27.15625
ak-47,27.65625
m4a1,28.984375
awp,19.765625
ak-47,31.140625
m4a1,90.9375
m4a1,26.203125
m4a1,27.6875
m4a1,28.28125
ak-47,30.421875
awp,37.71875
m4a1,78.5625
m4a1,79.375
awp,83.6875
m4a1,49.421875
m4a1,80.390625
awp,87.578125
m4a1,96.921875
m4a1,99.640625
awp,28.609375
ak-47,30.21875
ak-47,31.734375
awp,33.15625
ak-47,77.703125
ak-47,91.03125
ak-47,94.15625
m4a1,112.34375
awp,39.6875
ak-47,41.1875
awp,63.046875
ak-47,67.03125
ak-47,67.53125
m4a1,72.0
m4a1,86.390625
ak-47,87.015625
ak-47,89.890625
ak-47,42.078125
ak-47,62.03125
mac-10,80.84375
ak-47,99.3125
mp9,101.828125
ak-47,12.203125
m4a1,12.375
ak-47,16.296875
ak-47,23.9375
m4a1,24.09375
m4a1,25.390625
m4a1,82.390625
mp9,82.796875
ak-47,83.53125
ak-47,85.4375
ak-47,9.15625
mac-10,19.890625
ak-47,30.765625
m4a1,64.53125
awp,26.796875
awp,48.046875
m4a1,50.0625
ak-47,60.765625
ak-47,53.203125
ak-47,108.5625
m4a1,16.46875
m4a1,17.671875
ak-47,18.640625
ak-47,29.5
m4a1,39.734375
m4a1,45.5
ak-47,28.53125
mac-10,40.671875
mp9,41.625
ak-47,42.15625
ak-47,49.265625
ak-47,52.546875
ak-47,16.921875
m4a1,30.28125
ak-47,31.5
awp,50.453125
m4a1,66.015625
mp9,55.859375
ak-47,57.84375
awp,59.65625
ak-47,63.03125
ak-47,68.765625
m4a1,74.0625
ak-47,74.671875
ak-47,32.8125
ak-47,33.71875
ak-47,37.0625
mp9,58.21875
ak-47,64.9375
mp9,66.0
mp9,67.671875
ak-47,72.046875
ak-47,49.46875
awp,60.828125
awp,64.359375
m4a1,64.765625
ak-47,69.953125
ak-47,70.125
m4a1,88.09375
ak-47,31.203125
ak-47,44.3125
ak-47,44.59375
ak-47,45.796875
ak-47,63.0625
awp,11.1875
m4a1,56.671875
ak-47,57.09375
m4a1,76.6875
awp,97.984375
m4a1,114.4375
m4a1,37.265625
m4a1,38.328125
awp,42.046875
awp,82.71875
awp,95.28125
mac-10,20.453125
ak-47,23.78125
ak-47,29.1875
ak-47,42.609375
ak-47,45.5625
ak-47,15.578125
mac-10,39.75
ak-47,53.359375
ak-47,55.03125
awp,15.453125
ak-47,25.421875
ak-47,30.359375
ak-47,78.28125
awp,102.15625
ak-47,102.34375
mp9,103.703125
m4a1,106.53125
ak-47,12.53125
ak-47,14.0
ak-47,16.6875
ak-47,57.125
ak-47,65.546875
ak-47,15.8125
awp,19.40625
awp,47.625
ak-47,49.296875
awp,62.40625
ak-47,88.828125
ak-47,106.46875
ak-47,109.609375
ak-47,70.890625
awp,84.6875
m4a1,103.765625
ak-47,14.34375
ak-47,59.359375
ak-47,61.15625
ak-47,64.4375
ak-47,73.328125
ak-47,88.34375
awp,18.5
m4a1,49.515625
m4a1,60.421875
ak-47,86.3125
ak-47,105.078125
ak-47,105.375
ak-47,105.984375
ak-47,109.328125
awp,15.359375
ak-47,15.65625
ak-47,17.5
ak-47,18.0
ak-47,33.359375
m4a1,33.546875
m4a1,44.109375
m4a1,48.140625
awp,74.25
m4a1,16.828125
m4a1,21.515625
m4a1,22.609375
m4a1,25.5625
m4a1,31.6875
ak-47,13.953125
m4a1,21.953125
ak-47,22.390625
m4a1,24.296875
m4a1,101.046875
ak-47,103.1875
awp,8.125
ak-47,18.140625
ak-47,75.984375
ak-47,80.5
ak-47,44.953125
ak-47,47.234375
ak-47,47.4375
m4a1,13.921875
ak-47,14.640625
m4a1,14.6875
m4a1,21.296875
awp,41.484375
ak-47,46.609375
m4a1,63.078125
ak-47,79.71875
m4a1,89.234375
ak-47,102.40625
ak-47,110.375
m4a1,69.078125
ak-47,70.703125
ak-47,72.453125
mp9,100.265625
ak-47,101.1875
ak-47,104.515625
awp,110.75
awp,17.921875
ak-47,35.578125
ak-47,38.3125
ak-47,43.59375
ak-47,89.265625
ak-47,80.796875
m4a1,86.109375
awp,92.546875
ak-47,99.484375
ak-47,105.5
ak-47,110.15625
ak-47,38.359375
ak-47,48.171875
awp,55.3125
m4a1,51.875
ak-47,61.375
ak-47,92.21875
awp,114.46875
m4a1,17.9375
awp,19.84375
awp,23.09375
awp,23.09375
awp,53.890625
awp,18.6875
m4a1,56.59375
m4a1,69.4375
m4a1,81.21875
m4a1,99.21875
m4a1,111.78125
ak-47,66.1875
m4a1,79.84375
m4a1,81.9375
awp,97.6875
m4a1,105.46875
awp,7.671875
ak-47,12.296875
awp,54.859375
ak-47,58.140625
ak-47,59.375
ak-47,76.375
ak-47,76.53125
mac-10,19.515625
ak-47,24.75
ak-47,24.9375
mac-10,31.828125
mac-10,40.859375
ak-47,19.703125
ak-47,23.484375
m4a1,28.265625
ak-47,28.734375
ak-47,42.1875
ak-47,61.9375
ak-47,10.0625
ak-47,11.5
mac-10,16.671875
ak-47,18.125
awp,8.265625
awp,24.8125
ak-47,30.125
ak-47,79.3125
m4a1,89.796875
awp,107.109375
awp,110.015625
awp,114.609375
ak-47,14.78125
ak-47,21.5625
ak-47,23.859375
ak-47,37.921875
ak-47,44.703125
ak-47,29.71875
ak-47,30.53125
ak-47,27.25
awp,35.09375
ak-47,44.203125
ak-47,46.015625
ak-47,51.328125
ak-47,30.1875
awp,33.4375
ak-47,37.171875
ak-47,38.046875
ak-47,38.5625
ak-47,49.609375
m4a1,12.734375
m4a1,20.578125
ak-47,27.28125
m4a1,33.203125
m4a1,42.671875
ak-47,45.75
m4a1,47.4375
ak-47,13.4375
m4a1,14.515625
m4a1,19.5
ak-47,19.765625
ak-47,27.78125
ak-47,50.859375
ak-47,62.640625
ak-47,78.46875
ak-47,85.421875
ak-47,25.71875
awp,28.921875
ak-47,35.0
awp,35.734375
ak-47,43.71875
awp,69.234375
ak-47,26.21875
ak-47,27.984375
ak-47,64.0625
ak-47,32.359375
ak-47,34.5
ak-47,37.671875
m4a1,41.140625
m4a1,45.359375
m4a1,12.9375
awp,21.875
ak-47,25.125
ak-47,28.21875
ak-47,29.484375
m4a1,15.59375
ak-47,22.953125
m4a1,40.0625
m4a1,40.265625
ak-47,41.921875
m4a1,15.578125
m4a1,21.546875
m4a1,75.40625
ak-47,92.984375
m4a1,96.015625
ak-47,97.03125
ak-47,101.65625
ak-47,104.125
ak-47,53.03125
m4a1,20.421875
m4a1,20.625
m4a1,21.421875
m4a1,31.953125
awp,111.28125
ak-47,35.4375
m4a1,47.984375
ak-47,65.1875
awp,13.5625
m4a1,14.359375
ak-47,29.9375
m4a1,57.75
m4a1,62.625
m4a1,64.453125
ak-47,69.96875
mp9,22.46875
ak-47,27.09375
ak-47,55.0625
awp,76.578125
mp9,78.0
mp9,90.515625
m4a1,19.03125
ak-47,20.359375
ak-47,26.78125
ak-47,29.71875
ak-47,38.5625
m4a1,15.296875
ak-47,21.296875
ak-47,27.203125
ak-47,28.265625
awp,35.53125
ak-47,38.90625
ak-47,45.34375
ak-47,47.109375
ak-47,47.578125
ak-47,30.75
m4a1,32.1875
ak-47,42.296875
ak-47,43.4375
m4a1,81.1875
m4a1,82.234375
ak-47,82.5625
awp,83.015625
mp9,20.453125
mp9,21.421875
m4a1,29.9375
mp9,82.234375
mp9,85.609375
awp,42.875
m4a1,58.40625
m4a1,64.28125
ak-47,79.765625
ak-47,87.0625
ak-47,97.9375
awp,101.90625
ak-47,104.03125
ak-47,22.484375
mac-10,22.859375
ak-47,44.28125
m4a1,16.015625
m4a1,63.140625
m4a1,68.75
m4a1,70.1875
m4a1,76.125
m4a1,79.171875
m4a1,20.046875
m4a1,66.046875
awp,72.578125
awp,80.953125
ak-47,84.65625
awp,84.796875
ak-47,113.59375
ak-47,113.984375
ak-47,30.21875
m4a1,31.546875
ak-47,32.609375
ak-47,45.734375
ak-47,54.140625
ak-47,46.359375
ak-47,47.109375
ak-47,48.109375
ak-47,49.4375
ak-47,66.328125
m4a1,14.359375
ak-47,24.578125
ak-47,28.859375
m4a1,38.84375
m4a1,38.84375
ak-47,44.296875
ak-47,88.171875
m4a1,91.15625
ak-47,91.65625
ak-47,89.75
mp9,90.71875
ak-47,91.4375
awp,96.40625
awp,98.140625
ak-47,109.1875
awp,77.09375
m4a1,79.671875
m4a1,80.90625
awp,86.875
m4a1,91.78125
ak-47,92.65625
ak-47,95.453125
m4a1,103.296875
awp,62.296875
ak-47,63.34375
awp,67.109375
ak-47,69.703125
ak-47,70.40625
ak-47,73.671875
ak-47,19.484375
awp,19.859375
ak-47,20.09375
ak-47,13.34375
m4a1,18.328125
awp,38.0625
ak-47,44.84375
m4a1,45.4375
ak-47,59.6875
ak-47,72.875
ak-47,78.015625
m4a1,16.078125
ak-47,20.8125
m4a1,30.625
m4a1,31.90625
m4a1,71.796875
awp,86.234375
ak-47,39.890625
ak-47,47.765625
awp,49.84375
ak-47,50.09375
m4a1,50.171875
m4a1,65.875
ak-47,66.671875
ak-47,69.9375
ak-47,73.546875
m4a1,79.359375
m4a1,80.015625
awp,80.640625
awp,105.34375
awp,105.4375
awp,111.875
m4a1,40.015625
m4a1,41.5625
ak-47,53.265625
ak-47,88.90625
ak-47,92.9375
m4a1,94.703125
m4a1,104.765625
awp,16.078125
ak-47,17.109375
ak-47,21.53125
m4a1,35.921875
m4a1,45.421875
ak-47,46.375
ak-47,60.765625
ak-47,89.296875
ak-47,31.421875
m4a1,33.90625
m4a1,34.40625
m4a1,40.5
m4a1,42.171875
awp,52.171875
awp,14.25
ak-47,23.90625
ak-47,25.28125
awp,54.171875
m4a1,63.59375
ak-47,64.453125
awp,67.328125
awp,55.109375
awp,63.890625
awp,65.78125
awp,70.6875
awp,73.28125
awp,76.0625
awp,77.734375
ak-47,23.9375
ak-47,25.515625
awp,32.203125
ak-47,41.375
ak-47,63.828125
ak-47,28.953125
m4a1,32.921875
ak-47,33.421875
ak-47,42.84375
awp,62.1875
awp,64.71875
mac-10,68.828125
mac-10,70.765625
mp9,77.46875
mac-10,82.484375
ak-47,82.546875
m4a1,13.734375
m4a1,102.296875
m4a1,103.125
m4a1,103.328125
m4a1,26.765625
ak-47,29.515625
m4a1,36.359375
m4a1,97.03125
ak-47,99.078125
m4a1,99.703125
m4a1,101.703125
ak-47,83.9375
awp,86.0
ak-47,90.265625
awp,12.90625
ak-47,42.3125
m4a1,48.96875
m4a1,53.125
m4a1,67.8125
ak-47,43.640625
ak-47,45.546875
m4a1,48.359375
m4a1,48.359375
ak-47,72.8125
awp,27.890625
ak-47,86.46875
m4a1,89.828125
ak-47,91.4375
ak-47,97.828125
ak-47,98.125
ak-47,101.03125
ak-47,102.15625
awp,31.078125
mp9,45.265625
ak-47,57.109375
mp9,57.375
ak-47,57.703125
m4a1,67.234375
ak-47,91.65625
ak-47,100.109375
ak-47,100.34375
awp,107.0625
ak-47,107.8125
ak-47,22.8125
ak-47,54.71875
awp,62.484375
ak-47,70.234375
m4a1,23.4375
m4a1,42.984375
m4a1,100.5
awp,102.109375
m4a1,103.421875
m4a1,106.953125
awp,62.921875
ak-47,64.703125
m4a1,71.015625
m4a1,72.125
ak-47,72.78125
ak-47,74.015625
ak-47,74.34375
ak-47,85.234375
m4a1,11.96875
mp9,84.34375
m4a1,88.359375
m4a1,98.03125
m4a1,101.078125
m4a1,17.15625
m4a1,58.5625
m4a1,66.203125
m4a1,73.078125
m4a1,74.265625
mac-10,16.0
awp,79.640625
awp,31.859375
awp,33.8125
ak-47,35.15625
mp9,35.6875
ak-47,37.265625
mp9,39.9375
m4a1,41.125
ak-47,78.0
ak-47,96.703125
m4a1,97.796875
awp,98.015625
ak-47,99.265625
ak-47,104.09375
awp,17.796875
awp,49.859375
ak-47,51.265625
m4a1,72.828125
m4a1,76.734375
m4a1,83.40625
ak-47,23.71875
ak-47,24.3125
ak-47,25.40625
awp,28.109375
ak-47,30.734375
m4a1,47.578125
ak-47,53.90625
m4a1,58.515625
ak-47,59.625
m4a1,90.03125
m4a1,91.03125
ak-47,114.9375
m4a1,46.375
ak-47,48.015625
awp,89.90625
ak-47,92.375
ak-47,95.75
awp,10.8125
ak-47,48.96875
ak-47,85.03125
awp,95.34375
ak-47,109.921875
ak-47,32.796875
ak-47,26.71875
mac-10,76.03125
ak-47,102.484375
mp9,103.859375
ak-47,104.671875
mac-10,53.953125
ak-47,60.359375
mac-10,103.71875
mac-10,111.953125
ak-47,112.84375
ak-47,34.09375
ak-47,34.71875
awp,105.921875
awp,21.578125
ak-47,46.296875
m4a1,54.5625
awp,65.28125
ak-47,89.015625
ak-47,19.734375
ak-47,32.765625
ak-47,49.890625
awp,52.03125
m4a1,52.8125
ak-47,56.046875
awp,66.40625
ak-47,70.59375
m4a1,66.546875
m4a1,66.84375
ak-47,67.765625
awp,69.21875
m4a1,73.890625
m4a1,74.875
m4a1,76.046875
ak-47,54.359375
awp,57.734375
ak-47,59.890625
ak-47,65.234375
awp,66.875
awp,67.21875
ak-47,25.46875
ak-47,28.875
m4a1,36.96875
m4a1,44.71875
m4a1,70.796875
ak-47,103.59375
ak-47,85.265625
m4a1,86.046875
m4a1,86.546875
awp,86.0625
awp,90.59375
ak-47,92.984375
m4a1,99.03125
mac-10,22.734375
mp9,46.84375
ak-47,47.375
mp9,52.171875
ak-47,80.140625
ak-47,9.125
ak-47,101.03125
m4a1,81.78125
ak-47,96.484375
awp,101.203125
m4a1,103.1875
m4a1,106.015625
awp,107.625
m4a1,23.0
ak-47,23.0
m4a1,24.953125
ak-47,79.625
ak-47,81.453125
ak-47,40.65625
m4a1,43.09375
m4a1,44.34375
ak-47,58.15625
awp,31.5625
ak-47,32.0625
ak-47,33.3125
awp,37.484375
ak-47,38.53125
ak-47,41.046875
ak-47,45.078125
ak-47,17.5625
m4a1,84.890625
m4a1,88.4375
ak-47,92.921875
ak-47,94.9375
awp,28.265625
ak-47,50.0
awp,51.15625
ak-47,55.515625
ak-47,56.65625
ak-47,58.0
ak-47,82.953125
ak-47,83.96875
awp,29.484375
ak-47,57.890625
mp9,17.984375
ak-47,24.46875
mac-10,20.9375
mac-10,24.15625
mac-10,28.203125
m4a1,13.890625
ak-47,90.0625
awp,90.9375
ak-47,32.890625
mp9,50.6875
ak-47,57.796875
ak-47,58.25
ak-47,37.359375
ak-47,39.796875
awp,40.265625
ak-47,41.015625
awp,78.359375
awp,80.078125
awp,101.40625
m4a1,27.71875
awp,27.890625
ak-47,28.96875
m4a1,43.421875
awp,58.328125
awp,37.421875
awp,54.875
ak-47,79.921875
ak-47,81.203125
m4a1,81.53125
m4a1,82.890625
ak-47,110.46875
ak-47,60.78125
ak-47,62.625
m4a1,24.078125
ak-47,24.328125
awp,31.140625
ak-47,53.546875
m4a1,54.828125
ak-47,55.046875
m4a1,61.890625
m4a1,33.765625
awp,51.28125
awp,53.15625
ak-47,81.921875
ak-47,82.953125
awp,87.796875
awp,93.359375
m4a1,38.25
m4a1,38.4375
m4a1,44.484375
ak-47,55.953125
m4a1,58.078125
m4a1,66.703125
ak-47,30.890625
m4a1,35.015625
ak-47,35.21875
awp,49.375
m4a1,52.046875
awp,53.078125
awp,34.21875
m4a1,41.203125
ak-47,41.765625
awp,42.0
awp,52.109375
ak-47,73.953125
awp,20.15625
m4a1,25.671875
ak-47,61.484375
ak-47,71.84375
ak-47,80.03125
ak-47,81.078125
ak-47,84.71875
m4a1,85.421875
ak-47,28.625
ak-47,32.84375
m4a1,37.890625
awp,77.421875
awp,80.234375
m4a1,83.09375
m4a1,90.578125
m4a1,94.6875
awp,98.34375
m4a1,98.71875
m4a1,82.28125
m4a1,84.359375
m4a1,85.109375
mp9,90.203125
mp9,91.578125
ak-47,45.90625
mp9,82.71875
ak-47,85.65625
ak-47,102.265625
ak-47,111.921875
ak-47,26.09375
m4a1,41.640625
awp,65.6875
ak-47,67.125
m4a1,70.0
ak-47,71.5625
ak-47,14.09375
ak-47,21.625
ak-47,22.71875
ak-47,24.015625
ak-47,29.796875
ak-47,51.90625
m4a1,55.0
ak-47,77.46875
ak-47,78.015625
m4a1,78.671875
m4a1,79.65625
ak-47,81.46875
ak-47,103.109375
awp,13.5625
m4a1,17.125
ak-47,31.828125
ak-47,82.203125
awp,86.171875
ak-47,86.859375
awp,88.453125
ak-47,16.671875
ak-47,17.96875
m4a1,22.0
m4a1,41.421875
awp,50.0625
ak-47,60.796875
awp,64.015625
awp,12.375
m4a1,14.515625
ak-47,14.828125
ak-47,18.984375
ak-47,19.375
m4a1,22.703125
ak-47,28.078125
ak-47,40.765625
mp9,41.625
m4a1,42.40625
ak-47,43.265625
m4a1,52.984375
awp,13.734375
m4a1,28.25
awp,75.53125
ak-47,76.90625
awp,84.15625
awp,89.359375
ak-47,90.734375
ak-47,96.671875
mp9,14.734375
mp9,15.53125
mp9,16.28125
mp9,17.375
mp9,17.78125
ak-47,34.25
ak-47,41.171875
mp9,42.78125
ak-47,56.109375
m4a1,48.59375
ak-47,83.828125
ak-47,84.078125
ak-47,86.28125
ak-47,87.40625
awp,98.1875
m4a1,100.734375
m4a1,101.6875
ak-47,102.15625
ak-47,107.71875
ak-47,33.203125
awp,33.21875
awp,34.640625
m4a1,71.453125
ak-47,98.25
awp,100.71875
ak-47,102.21875
ak-47,27.109375
ak-47,39.859375
ak-47,43.859375
ak-47,11.078125
ak-47,12.0625
ak-47,13.09375
ak-47,74.671875
ak-47,21.8125
ak-47,36.234375
ak-47,53.09375
ak-47,54.25
ak-47,68.421875
ak-47,68.8125
ak-47,69.875
ak-47,74.515625
awp,11.015625
ak-47,14.015625
awp,14.703125
m4a1,27.5
m4a1,28.6875
awp,90.1875
awp,91.9375
ak-47,109.1875
awp,112.59375
m4a1,112.8125
awp,114.015625
mp9,28.5
m4a1,43.90625
mac-10,47.875
m4a1,53.921875
m4a1,18.203125
m4a1,21.53125
m4a1,47.078125
m4a1,47.796875
m4a1,60.421875
awp,13.53125
ak-47,14.484375
m4a1,40.046875
ak-47,40.328125
m4a1,25.828125
m4a1,26.03125
ak-47,28.0625
ak-47,30.40625
ak-47,32.0
ak-47,76.0
ak-47,84.6875
ak-47,30.90625
ak-47,31.734375
ak-47,32.359375
ak-47,33.21875
ak-47,33.75
m4a1,29.640625
ak-47,37.296875
m4a1,40.0625
awp,70.0
m4a1,74.03125
ak-47,74.34375
m4a1,78.0625
ak-47,78.21875
ak-47,84.734375
ak-47,30.203125
ak-47,41.515625
ak-47,55.953125
ak-47,74.21875
ak-47,76.5625
ak-47,21.59375
ak-47,30.25
m4a1,30.90625
ak-47,40.046875
ak-47,38.8125
ak-47,55.90625
ak-47,57.765625
mp9,67.921875
mp9,76.28125
ak-47,90.546875
ak-47,15.390625
mp9,17.59375
ak-47,18.09375
m4a1,18.3125
m4a1,19.125
m4a1,23.4375
ak-47,51.71875
ak-47,84.03125
ak-47,92.390625
ak-47,93.4375
ak-47,95.59375
ak-47,100.640625
m4a1,107.796875
mp9,25.609375
mac-10,20.390625
ak-47,31.1875
m4a1,31.953125
m4a1,32.84375
ak-47,35.078125
awp,52.28125
m4a1,67.203125
m4a1,68.609375
ak-47,31.234375
ak-47,44.078125
ak-47,44.484375
ak-47,83.171875
ak-47,92.734375
awp,27.375
ak-47,52.265625
ak-47,52.265625
m4a1,52.84375
ak-47,57.375
ak-47,61.890625
ak-47,76.015625
mp9,19.0
mp9,19.90625
awp,25.453125
mp9,80.59375
ak-47,81.0
mp9,99.359375
ak-47,54.484375
awp,58.0
ak-47,59.953125
ak-47,74.0
ak-47,74.34375
ak-47,104.796875
ak-47,105.546875
m4a1,16.859375
ak-47,78.671875
ak-47,78.875
m4a1,83.515625
m4a1,84.4375
ak-47,86.5
ak-47,16.359375
ak-47,24.328125
ak-47,55.625
ak-47,55.8125
ak-47,60.109375
m4a1,42.578125
mac-10,47.734375
m4a1,48.96875
m4a1,60.78125
ak-47,57.171875
ak-47,58.9375
m4a1,69.421875
ak-47,80.6875
mac-10,17.671875
ak-47,19.578125
ak-47,19.703125
ak-47,20.078125
ak-47,21.4375
m4a1,17.28125
ak-47,17.65625
ak-47,22.28125
m4a1,26.09375
m4a1,61.75
ak-47,62.859375
m4a1,67.34375
m4a1,67.609375
ak-47,15.21875
m4a1,15.46875
ak-47,17.296875
ak-47,19.25
ak-47,47.421875
m4a1,66.046875
ak-47,112.8125
m4a1,14.078125
ak-47,49.4375
m4a1,50.03125
ak-47,51.4375
ak-47,81.3125
m4a1,85.953125
ak-47,87.09375
ak-47,88.78125
ak-47,91.328125
ak-47,15.40625
ak-47,19.578125
m4a1,21.140625
ak-47,22.171875
ak-47,24.1875
ak-47,31.796875
ak-47,26.828125
m4a1,37.375
ak-47,37.796875
awp,41.890625
ak-47,42.109375
m4a1,33.25
ak-47,34.703125
ak-47,35.0
awp,76.578125
awp,81.375
awp,85.71875
ak-47,24.34375
m4a1,26.53125
ak-47,47.90625
ak-47,53.90625
m4a1,44.25
ak-47,47.125
m4a1,54.984375
ak-47,77.65625
m4a1,86.4375
mac-10,18.8125
mac-10,24.21875
mac-10,25.609375
mac-10,29.015625
m4a1,20.921875
m4a1,62.21875
mac-10,64.09375
awp,66.859375
ak-47,74.265625
m4a1,79.046875
m4a1,94.4375
m4a1,40.625
m4a1,41.71875
m4a1,53.03125
mp9,15.453125
mp9,19.046875
m4a1,21.015625
m4a1,68.75
mp9,17.375
mp9,18.703125
mp9,19.046875
mp9,52.453125
mp9,53.46875
m4a1,95.140625
m4a1,97.59375
ak-47,65.453125
ak-47,66.84375
awp,68.484375
awp,79.5
ak-47,83.625
m4a1,104.875
m4a1,51.6875
m4a1,71.28125
m4a1,76.890625
awp,83.609375
m4a1,29.953125
m4a1,30.859375
m4a1,33.109375
ak-47,35.140625
m4a1,40.984375
awp,42.03125
awp,47.71875
m4a1,48.9375
ak-47,27.046875
ak-47,29.078125
m4a1,32.046875
m4a1,38.234375
m4a1,46.046875
awp,18.421875
ak-47,21.578125
awp,22.4375
ak-47,26.21875
ak-47,31.640625
m4a1,36.609375
ak-47,39.1875
m4a1,49.96875
ak-47,54.796875
awp,15.796875
awp,24.0625
ak-47,26.5625
awp,28.09375
ak-47,37.125
ak-47,10.859375
ak-47,28.984375
ak-47,9.53125
awp,33.671875
ak-47,42.5625
m4a1,56.921875
ak-47,107.890625
ak-47,14.109375
ak-47,16.96875
ak-47,22.046875
ak-47,25.65625
ak-47,37.484375
m4a1,14.890625
m4a1,63.6875
mp9,69.265625
m4a1,71.171875
m4a1,72.59375
m4a1,17.5625
m4a1,18.453125
m4a1,22.453125
m4a1,36.078125
m4a1,51.453125
ak-47,58.796875
m4a1,62.25
m4a1,62.859375
m4a1,63.984375
awp,66.203125
ak-47,70.375
ak-47,93.640625
m4a1,93.75
m4a1,20.078125
awp,20.6875
m4a1,22.390625
m4a1,23.875
m4a1,35.515625
m4a1,54.03125
awp,55.046875
ak-47,74.875
awp,81.34375
m4a1,84.78125
awp,7.703125
ak-47,25.921875
ak-47,26.375
ak-47,47.359375
ak-47,52.109375
ak-47,65.40625
m4a1,81.65625
ak-47,50.9375
m4a1,56.375
m4a1,65.796875
awp,70.125
m4a1,78.71875
mac-10,79.40625
mp9,91.0
mp9,92.265625
m4a1,97.390625
ak-47,28.765625
ak-47,62.796875
mp9,78.53125
mp9,85.046875
m4a1,108.59375
m4a1,47.28125
m4a1,16.0625
ak-47,66.4375
ak-47,72.75
m4a1,77.421875
ak-47,80.6875
ak-47,98.921875
awp,99.921875
ak-47,27.28125
awp,69.890625
m4a1,103.1875
mp9,104.46875
ak-47,110.125
ak-47,22.234375
mp9,27.71875
ak-47,30.640625
ak-47,31.71875
ak-47,32.625
m4a1,36.234375
ak-47,48.015625
ak-47,90.875
m4a1,93.40625
awp,103.5625
ak-47,88.84375
awp,100.15625
ak-47,101.875
ak-47,106.296875
m4a1,108.296875
ak-47,108.296875
awp,50.15625
m4a1,84.671875
ak-47,85.171875
awp,87.6875
ak-47,88.046875
m4a1,94.453125
awp,47.625
ak-47,54.765625
ak-47,62.875
ak-47,69.890625
mp9,38.640625
ak-47,39.5
m4a1,77.671875
mp9,79.65625
ak-47,81.0
m4a1,101.578125
awp,110.5625
ak-47,19.078125
ak-47,20.609375
ak-47,24.734375
mac-10,26.640625
mac-10,30.328125
ak-47,33.9375
m4a1,34.953125
m4a1,37.015625
awp,29.1875
m4a1,32.921875
m4a1,36.6875
ak-47,71.703125
awp,81.15625
ak-47,93.890625
ak-47,111.859375
ak-47,113.1875
ak-47,55.234375
ak-47,84.71875
ak-47,98.015625
m4a1,98.4375
ak-47,103.125
ak-47,30.3125
ak-47,32.875
ak-47,37.96875
ak-47,43.296875
ak-47,48.984375
mp9,78.65625
mp9,79.703125
ak-47,81.0
ak-47,84.4375
m4a1,17.5
m4a1,17.6875
m4a1,30.140625
mp9,34.140625
m4a1,69.546875
m4a1,72.203125
ak-47,30.40625
m4a1,32.5625
awp,45.796875
awp,48.484375
ak-47,13.328125
ak-47,14.421875
awp,29.109375
ak-47,73.234375
ak-47,97.046875
ak-47,21.09375
ak-47,30.71875
ak-47,101.109375
ak-47,103.09375
ak-47,106.078125
ak-47,19.765625
ak-47,27.90625
ak-47,29.015625
ak-47,48.3125
ak-47,54.328125
awp,55.359375
m4a1,77.796875
ak-47,78.1875
awp,85.46875
ak-47,109.859375
ak-47,110.9375
m4a1,23.171875
ak-47,29.8125
awp,40.453125
awp,40.453125
m4a1,88.453125
awp,90.6875
m4a1,92.578125
ak-47,50.84375
ak-47,65.46875
ak-47,67.078125
ak-47,68.46875
awp,73.828125
ak-47,74.8125
awp,76.328125
mp9,70.6875
mp9,74.953125
ak-47,98.3125
ak-47,72.90625
ak-47,39.921875
m4a1,67.9375
m4a1,79.3125
m4a1,87.75
m4a1,90.78125
ak-47,48.171875
awp,66.71875
ak-47,67.859375
ak-47,70.203125
awp,82.5625
ak-47,84.484375
awp,85.40625
awp,89.15625
m4a1,14.296875
m4a1,55.0625
m4a1,86.359375
m4a1,92.90625
m4a1,104.0
ak-47,20.078125
m4a1,29.421875
m4a1,30.65625
ak-47,36.4375
ak-47,40.828125
ak-47,23.890625
mp9,30.71875
mp9,32.140625
ak-47,32.984375
ak-47,33.78125
ak-47,36.265625
ak-47,41.296875
ak-47,52.890625
ak-47,86.0625
ak-47,94.703125
ak-47,98.515625
mac-10,69.1875
mac-10,72.015625
mac-10,72.765625
mac-10,86.421875
awp,46.234375
awp,55.21875
ak-47,90.265625
m4a1,94.859375
awp,102.953125
mp9,12.25
ak-47,13.078125
ak-47,15.515625
ak-47,58.234375
ak-47,35.484375
awp,39.125
awp,41.015625
awp,52.96875
ak-47,62.53125
ak-47,90.484375
awp,107.375
awp,63.875
awp,66.21875
m4a1,73.265625
ak-47,73.5
m4a1,75.71875
ak-47,75.90625
m4a1,87.375
ak-47,107.8125
m4a1,9.515625
ak-47,67.375
m4a1,78.46875
ak-47,83.3125
ak-47,86.296875
ak-47,86.78125
ak-47,110.03125
ak-47,32.125
ak-47,42.53125
ak-47,62.84375
awp,13.0625
ak-47,13.078125
ak-47,15.09375
ak-47,17.046875
ak-47,21.125
ak-47,22.421875
ak-47,27.25
ak-47,30.609375
m4a1,32.578125
m4a1,37.4375
ak-47,80.15625
awp,16.09375
ak-47,35.1875
m4a1,37.3125
m4a1,53.234375
m4a1,60.1875
ak-47,64.796875
m4a1,66.15625
m4a1,11.421875
m4a1,62.65625
m4a1,106.578125
ak-47,62.421875
m4a1,63.390625
m4a1,49.703125
ak-47,85.65625
m4a1,91.75
m4a1,93.75
mp9,59.46875
mp9,107.203125
mp9,39.734375
ak-47,48.21875
m4a1,75.578125
ak-47,76.71875
ak-47,82.21875
awp,82.96875
m4a1,28.203125
m4a1,29.15625
ak-47,45.125
m4a1,57.328125
awp,58.9375
m4a1,63.421875
mp9,18.890625
ak-47,44.578125
ak-47,47.265625
ak-47,16.203125
ak-47,34.8125
m4a1,49.765625
ak-47,63.578125
ak-47,104.890625
ak-47,105.1875
ak-47,15.921875
ak-47,16.171875
m4a1,17.875
ak-47,18.3125
awp,21.734375
mp9,31.9375
mp9,36.890625
ak-47,41.109375
mp9,44.171875
ak-47,15.53125
awp,30.46875
ak-47,32.109375
m4a1,35.390625
m4a1,32.09375
ak-47,50.140625
m4a1,71.53125
m4a1,45.171875
ak-47,51.9375
ak-47,53.390625
ak-47,53.984375
ak-47,55.171875
ak-47,65.75
m4a1,23.84375
m4a1,25.765625
m4a1,45.875
m4a1,26.078125
ak-47,33.421875
ak-47,48.109375
m4a1,48.703125
m4a1,61.671875
ak-47,63.265625
ak-47,78.40625
mac-10,29.96875
m4a1,31.53125
m4a1,38.0
mac-10,38.90625
m4a1,45.796875
awp,59.96875
m4a1,12.84375
m4a1,16.328125
ak-47,17.0
m4a1,73.296875
m4a1,79.421875
m4a1,32.015625
m4a1,41.0625
m4a1,62.828125
m4a1,67.015625
awp,7.125
m4a1,45.71875
awp,65.234375
m4a1,66.28125
m4a1,68.421875
awp,32.40625
ak-47,58.546875
ak-47,60.421875
ak-47,60.921875
m4a1,68.734375
m4a1,27.890625
awp,44.359375
awp,46.3125
ak-47,49.015625
ak-47,54.640625
awp,68.59375
m4a1,72.046875
ak-47,21.125
mac-10,23.25
awp,27.984375
ak-47,28.390625
awp,44.1875
awp,63.53125
m4a1,75.109375
m4a1,15.8125
ak-47,16.53125
m4a1,18.15625
ak-47,18.25
awp,27.1875
ak-47,28.96875
awp,32.703125
m4a1,45.828125
m4a1,23.203125
awp,31.96875
ak-47,39.3125
ak-47,64.765625
ak-47,65.828125
m4a1,36.03125
ak-47,36.0625
m4a1,46.53125
m4a1,47.6875
m4a1,85.953125
ak-47,91.546875
m4a1,102.515625
ak-47,26.1875
ak-47,32.265625
m4a1,32.90625
ak-47,34.390625
awp,51.453125
awp,57.21875
ak-47,57.3125
awp,61.59375
ak-47,32.703125
ak-47,37.25
ak-47,37.671875
ak-47,45.328125
ak-47,47.046875
ak-47,38.515625
mp9,46.921875
ak-47,47.015625
m4a1,49.625
mp9,50.703125
ak-47,51.875
m4a1,52.8125
m4a1,33.0
m4a1,34.0
m4a1,34.359375
m4a1,34.75
m4a1,17.625
m4a1,18.859375
m4a1,20.390625
m4a1,21.421875
m4a1,106.015625
m4a1,24.671875
ak-47,29.234375
m4a1,32.859375
ak-47,33.859375
ak-47,43.0
ak-47,45.453125
awp,64.65625
ak-47,79.96875
awp,13.640625
ak-47,54.078125
m4a1,57.75
ak-47,58.09375
awp,60.796875
awp,62.921875
m4a1,75.453125
mac-10,45.109375
ak-47,46.171875
awp,47.875
awp,50.640625
ak-47,55.46875
ak-47,92.9375
ak-47,95.609375
ak-47,31.96875
awp,35.640625
awp,51.21875
m4a1,67.390625
ak-47,73.8125
ak-47,81.734375
ak-47,87.34375
m4a1,93.890625
m4a1,99.3125
m4a1,57.171875
m4a1,59.84375
m4a1,60.0
ak-47,60.890625
m4a1,64.65625
mac-10,67.671875
mp9,16.59375
m4a1,17.078125
m4a1,44.640625
ak-47,56.421875
ak-47,26.171875
m4a1,35.4375
awp,35.5
ak-47,39.109375
m4a1,39.53125
m4a1,39.53125
m4a1,40.53125
ak-47,48.171875
awp,49.703125
m4a1,17.78125
ak-47,44.703125
ak-47,55.515625
mp9,55.734375
ak-47,58.578125
mp9,58.328125
ak-47,59.671875
ak-47,80.5625
ak-47,80.65625
ak-47,95.359375
ak-47,97.765625
ak-47,28.96875
ak-47,74.484375
m4a1,82.109375
awp,83.59375
m4a1,94.78125
ak-47,95.921875
awp,97.171875
awp,106.21875
ak-47,107.515625
ak-47,102.125
m4a1,107.8125
ak-47,110.625
ak-47,39.21875
awp,57.28125
ak-47,61.5
m4a1,81.4375
m4a1,84.1875
ak-47,88.65625
awp,96.515625
m4a1,33.859375
awp,41.265625
ak-47,48.0625
m4a1,53.640625
awp,58.828125
awp,63.5625
ak-47,65.8125
m4a1,38.0
ak-47,39.09375
m4a1,51.546875
ak-47,52.484375
m4a1,56.609375
ak-47,63.78125
awp,65.609375
awp,83.125
m4a1,13.84375
m4a1,14.34375
awp,15.4375
awp,20.984375
m4a1,21.578125
m4a1,29.609375
awp,62.546875
m4a1,83.375
awp,87.0625
m4a1,89.375
m4a1,91.4375
m4a1,18.3125
ak-47,65.5
ak-47,68.859375
m4a1,71.890625
awp,77.59375
awp,94.40625
ak-47,29.140625
ak-47,30.265625
ak-47,30.59375
m4a1,43.734375
ak-47,44.015625
m4a1,58.71875
m4a1,67.15625
m4a1,20.0
m4a1,21.46875
ak-47,28.15625
m4a1,38.203125
awp,39.078125
m4a1,48.21875
awp,61.28125
ak-47,63.15625
awp,64.296875
awp,67.375
ak-47,72.28125
awp,86.71875
m4a1,58.3125
m4a1,59.109375
m4a1,60.8125
m4a1,14.03125
mp9,70.5625
mp9,71.1875
ak-47,59.40625
awp,73.671875
m4a1,39.1875
awp,59.390625
ak-47,60.515625
ak-47,69.921875
ak-47,72.8125
m4a1,72.03125
ak-47,83.125
ak-47,93.609375
ak-47,94.265625
ak-47,104.890625
ak-47,105.0625
ak-47,109.046875
ak-47,110.46875
ak-47,114.328125
awp,14.21875
m4a1,36.46875
m4a1,36.765625
awp,38.8125
ak-47,57.515625
m4a1,69.390625
ak-47,70.234375
m4a1,98.171875
awp,105.96875
m4a1,41.0
ak-47,72.90625
ak-47,79.515625
ak-47,82.859375
awp,22.703125
awp,27.328125
ak-47,31.046875
ak-47,35.96875
m4a1,38.0625
m4a1,47.671875
m4a1,50.0625
m4a1,17.671875
awp,25.6875
m4a1,27.40625
awp,109.765625
awp,48.59375
ak-47,59.109375
mp9,41.421875
ak-47,43.1875
ak-47,44.65625
mac-10,111.265625
mac-10,112.3125
ak-47,71.625
ak-47,73.921875
ak-47,79.109375
mac-10,18.359375
awp,22.140625
m4a1,26.125
ak-47,26.421875
m4a1,31.9375
ak-47,33.453125
ak-47,76.96875
ak-47,93.78125
ak-47,95.59375
mp9,96.34375
m4a1,98.890625
ak-47,104.25
m4a1,110.140625
m4a1,24.640625
ak-47,31.59375
m4a1,87.203125
ak-47,33.15625
m4a1,35.59375
ak-47,46.71875
ak-47,47.4375
ak-47,47.78125
ak-47,49.03125
m4a1,24.71875
m4a1,25.3125
ak-47,26.65625
m4a1,51.828125
m4a1,57.109375
ak-47,57.4375
m4a1,14.171875
ak-47,14.609375
ak-47,24.046875
ak-47,78.53125
ak-47,78.671875
ak-47,82.453125
awp,83.9375
awp,109.765625
m4a1,11.5
m4a1,17.75
m4a1,17.0
m4a1,18.984375
m4a1,19.1875
ak-47,50.28125
ak-47,54.703125
ak-47,57.9375
m4a1,59.421875
m4a1,16.71875
ak-47,79.421875
awp,11.25
m4a1,21.265625
m4a1,23.015625
ak-47,24.34375
m4a1,25.453125
awp,47.703125
ak-47,60.140625
awp,26.96875
ak-47,31.265625
ak-47,36.515625
awp,39.71875
ak-47,63.140625
awp,12.296875
awp,26.0
ak-47,33.125
m4a1,95.4375
ak-47,26.4375
mp9,27.890625
ak-47,29.765625
ak-47,52.734375
ak-47,52.84375
ak-47,58.296875
ak-47,60.953125
ak-47,13.28125
ak-47,14.828125
m4a1,20.359375
m4a1,22.015625
ak-47,77.03125
m4a1,78.328125
ak-47,78.90625
m4a1,83.5625
ak-47,86.765625
ak-47,69.765625
m4a1,69.796875
ak-47,21.09375
ak-47,45.1875
awp,45.9375
awp,47.796875
awp,56.40625
ak-47,57.875
awp,12.484375
awp,18.65625
ak-47,20.65625
awp,29.09375
ak-47,46.359375
ak-47,70.140625
ak-47,73.90625
ak-47,74.953125
ak-47,67.859375
ak-47,74.0625
ak-47,75.3125
ak-47,89.96875
ak-47,19.515625
awp,46.375
m4a1,49.34375
m4a1,67.21875
awp,77.953125
ak-47,79.890625
awp,82.9375
ak-47,12.4375
awp,17.796875
m4a1,28.234375
ak-47,36.671875
ak-47,61.21875
ak-47,72.125
ak-47,95.765625
ak-47,36.734375
m4a1,65.8125
mp9,87.078125
ak-47,87.578125
m4a1,88.484375
m4a1,91.984375
ak-47,92.84375
ak-47,98.515625
ak-47,16.84375
ak-47,19.8125
m4a1,21.640625
ak-47,29.9375
ak-47,16.921875
mp9,23.734375
ak-47,31.90625
m4a1,86.75
ak-47,37.984375
m4a1,45.296875
ak-47,62.265625
m4a1,71.421875
ak-47,75.0625
m4a1,28.25
ak-47,30.609375
ak-47,32.828125
ak-47,33.234375
ak-47,24.1875
mac-10,24.296875
ak-47,25.828125
ak-47,27.375
m4a1,28.578125
m4a1,41.09375
ak-47,62.359375
awp,69.796875
ak-47,64.984375
ak-47,76.734375
ak-47,78.640625
m4a1,95.25
awp,106.59375
ak-47,110.78125
awp,67.484375
ak-47,68.84375
ak-47,69.328125
ak-47,70.4375
ak-47,70.75
m4a1,40.140625
m4a1,91.125
m4a1,92.59375
m4a1,93.328125
ak-47,94.421875
m4a1,102.5625
awp,36.671875
ak-47,50.140625
awp,64.6875
ak-47,71.34375
ak-47,102.078125
ak-47,103.59375
ak-47,80.0
ak-47,90.921875
ak-47,93.625
ak-47,26.953125
ak-47,43.96875
ak-47,47.265625
ak-47,19.53125
awp,51.03125
ak-47,54.265625
ak-47,57.140625
ak-47,60.65625
ak-47,77.84375
ak-47,32.15625
ak-47,39.890625
awp,59.515625
awp,72.34375
ak-47,97.125
ak-47,22.15625
m4a1,45.4375
ak-47,94.03125
ak-47,98.203125
awp,101.46875
ak-47,107.8125
ak-47,18.546875
ak-47,19.578125
ak-47,35.8125
ak-47,32.09375
ak-47,53.375
awp,53.46875
ak-47,61.375
awp,61.5625
awp,114.234375
m4a1,48.453125
ak-47,51.625
m4a1,52.265625
ak-47,61.171875
ak-47,81.75
ak-47,105.796875
ak-47,109.265625
m4a1,15.78125
ak-47,60.46875
m4a1,63.484375
m4a1,66.765625
m4a1,71.671875
ak-47,72.3125
m4a1,73.28125
ak-47,26.859375
ak-47,29.078125
ak-47,32.5625
m4a1,55.78125
m4a1,56.625
m4a1,58.34375
m4a1,58.984375
ak-47,74.671875
ak-47,57.828125
ak-47,58.765625
ak-47,59.109375
ak-47,59.3125
ak-47,59.609375
ak-47,60.296875
awp,69.640625
awp,29.015625
awp,17.453125
m4a1,57.953125
m4a1,60.015625
ak-47,73.875
ak-47,75.1875
awp,84.609375
ak-47,31.09375
m4a1,37.171875
ak-47,83.953125
mac-10,34.15625
m4a1,37.859375
mac-10,37.859375
m4a1,49.015625
ak-47,51.671875
m4a1,54.6875
awp,22.046875
ak-47,79.25
awp,85.265625
awp,86.875
awp,88.84375
ak-47,19.703125
awp,63.546875
ak-47,72.953125
awp,79.453125
m4a1,95.78125
ak-47,96.53125
m4a1,17.265625
m4a1,24.84375
m4a1,26.484375
m4a1,26.875
m4a1,27.546875
ak-47,8.96875
m4a1,12.6875
ak-47,14.734375
m4a1,17.21875
m4a1,26.671875
ak-47,39.984375
ak-47,51.109375
ak-47,27.546875
m4a1,29.046875
ak-47,29.640625
m4a1,31.34375
ak-47,83.265625
m4a1,85.546875
ak-47,90.765625
awp,101.890625
awp,103.96875
awp,106.953125
ak-47,61.203125
ak-47,63.265625
m4a1,64.046875
ak-47,64.28125
ak-47,77.046875
m4a1,53.59375
ak-47,62.4375
ak-47,63.53125
m4a1,67.625
m4a1,68.46875
m4a1,68.84375
ak-47,58.71875
ak-47,66.875
ak-47,67.171875
ak-47,83.796875
ak-47,86.546875
ak-47,114.359375
mp9,41.40625
mp9,47.140625
mp9,48.546875
mp9,56.328125
m4a1,72.640625
m4a1,74.34375
m4a1,95.4375
m4a1,97.078125
m4a1,105.9375
m4a1,109.359375
ak-47,49.78125
awp,83.546875
awp,85.59375
awp,90.90625
awp,93.1875
m4a1,96.015625
awp,12.640625
awp,27.34375
ak-47,76.578125
awp,78.75
ak-47,73.890625
m4a1,75.78125
m4a1,76.578125
awp,82.09375
awp,85.9375
awp,86.0
awp,88.03125
ak-47,28.0
ak-47,29.0
ak-47,49.625
ak-47,53.171875
ak-47,56.671875
m4a1,77.03125
m4a1,79.546875
m4a1,91.765625
ak-47,95.546875
m4a1,96.578125
ak-47,15.109375
ak-47,43.125
awp,43.921875
ak-47,56.125
awp,57.234375
m4a1,74.34375
m4a1,74.9375
m4a1,77.859375
m4a1,87.828125
ak-47,88.53125
ak-47,97.296875
awp,97.4375
m4a1,21.03125
awp,68.1875
m4a1,86.484375
m4a1,86.6875
ak-47,88.859375
m4a1,92.921875
awp,94.875
awp,96.484375
ak-47,100.578125
m4a1,58.078125
m4a1,61.578125
ak-47,89.59375
ak-47,89.671875
ak-47,92.65625
ak-47,100.21875
m4a1,52.4375
ak-47,52.515625
mp9,90.53125
m4a1,107.140625
ak-47,16.1875
ak-47,16.34375
ak-47,18.921875
ak-47,46.46875
ak-47,104.234375
ak-47,107.140625
ak-47,34.453125
m4a1,34.921875
m4a1,36.03125
ak-47,46.140625
m4a1,46.859375
ak-47,13.71875
ak-47,25.53125
ak-47,33.703125
ak-47,69.953125
ak-47,72.484375
ak-47,54.28125
ak-47,78.828125
ak-47,88.515625
m4a1,102.421875
ak-47,31.90625
ak-47,85.203125
ak-47,89.59375
ak-47,92.40625
awp,14.484375
m4a1,17.046875
ak-47,23.765625
ak-47,50.3125
ak-47,69.625
ak-47,69.96875
ak-47,72.53125
ak-47,52.0625
ak-47,52.546875
m4a1,71.234375
ak-47,72.703125
ak-47,72.8125
ak-47,91.21875
ak-47,91.21875
ak-47,99.578125
ak-47,59.296875
m4a1,66.78125
ak-47,72.953125
awp,72.984375
ak-47,83.71875
m4a1,96.265625
m4a1,99.109375
m4a1,25.640625
ak-47,45.46875
ak-47,54.28125
m4a1,54.484375
awp,82.703125
ak-47,85.171875
awp,86.71875
ak-47,27.421875
m4a1,65.109375
ak-47,65.5
ak-47,69.859375
ak-47,78.140625
ak-47,102.34375
ak-47,112.859375
m4a1,25.4375
m4a1,53.109375
m4a1,61.3125
m4a1,61.8125
m4a1,74.109375
ak-47,18.921875
ak-47,34.078125
ak-47,35.296875
ak-47,40.828125
ak-47,41.28125
awp,53.421875
ak-47,54.75
awp,53.859375
awp,66.90625
ak-47,89.671875
awp,90.359375
awp,92.265625
ak-47,95.703125
ak-47,97.84375
awp,97.890625
ak-47,14.71875
m4a1,14.875
m4a1,25.5
ak-47,45.171875
ak-47,60.296875
awp,65.828125
awp,91.921875
m4a1,35.953125
awp,37.171875
ak-47,40.640625
awp,56.390625
m4a1,69.75
m4a1,34.3125
m4a1,36.703125
ak-47,38.765625
ak-47,39.671875
ak-47,40.375
ak-47,42.484375
ak-47,47.546875
ak-47,63.0625
m4a1,79.546875
ak-47,81.640625
ak-47,86.1875
m4a1,67.671875
ak-47,79.28125
ak-47,83.90625
awp,103.078125
m4a1,107.375
awp,107.40625
awp,114.015625
ak-47,47.65625
awp,77.40625
ak-47,77.984375
ak-47,82.21875
ak-47,83.140625
ak-47,94.8125
m4a1,40.71875
m4a1,69.6875
m4a1,83.3125
ak-47,79.578125
m4a1,79.625
mac-10,79.9375
ak-47,83.703125
mac-10,84.109375
ak-47,85.859375
m4a1,67.109375
m4a1,80.265625
ak-47,81.46875
ak-47,96.8125
m4a1,98.828125
m4a1,99.5625
ak-47,84.65625
awp,85.4375
ak-47,87.015625
m4a1,87.796875
ak-47,100.359375
mp9,93.5625
m4a1,102.203125
mp9,110.5625
m4a1,29.8125
ak-47,32.75
m4a1,34.421875
m4a1,40.40625
m4a1,44.53125
m4a1,57.609375
m4a1,111.8125
ak-47,13.21875
ak-47,30.3125
ak-47,32.59375
m4a1,52.140625
ak-47,55.125
ak-47,62.953125
ak-47,68.140625
m4a1,88.640625
m4a1,94.0
ak-47,93.40625
awp,93.5625
ak-47,95.546875
awp,102.3125
awp,106.453125
ak-47,57.03125
m4a1,59.53125
m4a1,18.140625
m4a1,19.703125
m4a1,19.890625
m4a1,21.921875
awp,22.96875
m4a1,42.953125
mp9,49.9375
ak-47,14.859375
ak-47,37.953125
ak-47,39.265625
ak-47,57.40625
ak-47,65.34375
ak-47,44.046875
ak-47,45.3125
ak-47,46.1875
m4a1,5.34375
ak-47,15.375
m4a1,18.71875
ak-47,19.796875
ak-47,25.171875
ak-47,28.78125
ak-47,51.0625
ak-47,13.296875
awp,63.25
mp9,83.21875
ak-47,84.46875
m4a1,84.671875
awp,5.578125
ak-47,21.375
ak-47,24.15625
ak-47,39.921875
awp,58.890625
awp,35.03125
m4a1,37.359375
awp,39.046875
ak-47,42.46875
ak-47,44.28125
m4a1,47.03125
ak-47,48.828125
ak-47,64.03125
mp9,49.0625
ak-47,50.828125
ak-47,54.390625
ak-47,59.78125
m4a1,37.71875
awp,57.875
ak-47,79.21875
ak-47,98.515625
m4a1,102.640625
ak-47,105.3125
awp,109.03125
awp,36.328125
ak-47,77.25
ak-47,81.59375
m4a1,101.59375
ak-47,112.3125
ak-47,112.703125
mp9,81.421875
mp9,85.171875
m4a1,86.0
m4a1,86.96875
m4a1,93.109375
m4a1,41.46875
ak-47,55.6875
mp9,56.96875
ak-47,80.515625
m4a1,82.546875
m4a1,89.625
ak-47,14.53125
m4a1,28.59375
ak-47,32.65625
m4a1,34.4375
ak-47,37.28125
ak-47,53.625
ak-47,59.40625
ak-47,60.28125
m4a1,65.6875
ak-47,66.046875
ak-47,67.375
awp,9.0
ak-47,15.8125
ak-47,16.65625
awp,18.234375
ak-47,18.46875
m4a1,28.921875
ak-47,29.6875
ak-47,58.25
ak-47,50.96875
m4a1,51.609375
awp,53.015625
ak-47,53.15625
ak-47,64.96875
m4a1,14.6875
ak-47,16.265625
ak-47,33.46875
awp,66.8125
ak-47,71.0625
ak-47,85.21875
ak-47,40.4375
ak-47,41.328125
awp,45.015625
awp,50.234375
m4a1,56.84375
awp,52.296875
ak-47,84.828125
ak-47,87.40625
ak-47,96.796875
ak-47,16.359375
ak-47,18.796875
ak-47,74.859375
ak-47,80.203125
awp,83.390625
awp,84.359375
m4a1,17.046875
m4a1,22.34375
m4a1,22.734375
awp,67.921875
awp,81.328125
mac-10,13.9375
mp9,15.578125
ak-47,26.140625
ak-47,30.3125
ak-47,53.9375
ak-47,34.8125
ak-47,35.234375
ak-47,69.65625
ak-47,72.8125
ak-47,90.859375
awp,30.109375
awp,39.90625
ak-47,56.71875
m4a1,56.78125
ak-47,58.9375
m4a1,63.546875
ak-47,67.171875
m4a1,84.234375
ak-47,84.65625
mac-10,12.921875
mac-10,16.515625
mac-10,31.9375
mac-10,21.578125
mac-10,31.265625
awp,34.25
m4a1,40.1875
awp,15.078125
m4a1,64.21875
ak-47,75.296875
m4a1,78.234375
awp,78.546875
ak-47,106.40625
m4a1,109.0
ak-47,109.78125
ak-47,85.484375
ak-47,88.8125
ak-47,11.609375
ak-47,17.078125
awp,18.40625
ak-47,67.8125
ak-47,70.921875
ak-47,15.765625
ak-47,28.75
ak-47,45.84375
m4a1,58.96875
ak-47,68.34375
ak-47,85.21875
ak-47,86.5
ak-47,88.828125
m4a1,89.5625
ak-47,92.90625
m4a1,95.78125
awp,19.265625
ak-47,28.78125
ak-47,49.15625
awp,58.890625
ak-47,78.1875
ak-47,36.390625
ak-47,43.03125
ak-47,57.515625
ak-47,63.5625
ak-47,23.234375
mp9,23.84375
ak-47,27.859375
ak-47,30.359375
ak-47,63.28125
ak-47,69.109375
m4a1,30.765625
mac-10,34.0625
m4a1,36.0
m4a1,25.0625
m4a1,30.53125
m4a1,31.5
m4a1,58.859375
awp,17.375
awp,19.6875
awp,26.546875
ak-47,28.296875
m4a1,29.390625
mp9,87.984375
mac-10,100.171875
mac-10,26.171875
mac-10,27.59375
ak-47,63.796875
m4a1,59.515625
ak-47,64.421875
m4a1,92.78125
awp,93.9375
ak-47,94.96875
ak-47,96.640625
m4a1,43.015625
ak-47,51.359375
mp9,72.96875
ak-47,78.796875
awp,84.28125
ak-47,86.53125
ak-47,97.296875
ak-47,99.375
m4a1,25.984375
awp,27.328125
awp,38.078125
m4a1,40.84375
ak-47,44.140625
ak-47,91.765625
m4a1,96.265625
ak-47,98.109375
ak-47,95.21875
ak-47,106.640625
ak-47,23.640625
ak-47,24.703125
awp,57.015625
ak-47,68.046875
ak-47,100.984375
awp,27.484375
awp,87.140625
ak-47,98.59375
m4a1,103.65625
awp,105.8125
m4a1,108.21875
awp,110.9375
mp9,40.28125
ak-47,42.734375
awp,66.203125
awp,75.71875
ak-47,18.671875
mp9,19.5
mp9,19.5625
ak-47,44.625
ak-47,49.703125
awp,62.09375
awp,18.109375
m4a1,21.09375
ak-47,24.03125
ak-47,25.515625
awp,42.484375
m4a1,63.265625
m4a1,64.078125
mp9,38.59375
mp9,48.828125
mp9,49.765625
mp9,73.109375
mp9,84.28125
m4a1,13.0625
m4a1,84.59375
ak-47,21.09375
mp9,71.6875
m4a1,75.625
ak-47,81.1875
m4a1,87.484375
ak-47,89.4375
ak-47,33.90625
ak-47,43.796875
ak-47,15.5
ak-47,19.859375
awp,54.203125
ak-47,77.84375
awp,80.796875
ak-47,83.84375
ak-47,55.609375
awp,58.703125
ak-47,59.8125
ak-47,9.421875
ak-47,42.40625
ak-47,43.484375
ak-47,43.5
ak-47,60.078125
m4a1,63.046875
m4a1,64.09375
ak-47,65.265625
ak-47,40.09375
mac-10,46.09375
mac-10,89.734375
mac-10,90.25
mac-10,105.15625
m4a1,13.40625
ak-47,24.765625
ak-47,27.203125
ak-47,83.96875
m4a1,84.0625
ak-47,43.609375
m4a1,63.359375
m4a1,85.40625
m4a1,85.703125
ak-47,92.078125
ak-47,93.171875
m4a1,94.125
m4a1,96.296875
awp,11.015625
ak-47,43.328125
ak-47,48.203125
ak-47,49.6875
ak-47,50.40625
ak-47,20.484375
ak-47,43.5
m4a1,56.953125
ak-47,71.078125
m4a1,104.65625
awp,49.4375
m4a1,52.28125
ak-47,69.84375
m4a1,74.640625
awp,36.78125
awp,45.03125
m4a1,46.921875
m4a1,80.8125
m4a1,82.09375
m4a1,100.28125
m4a1,15.796875
ak-47,16.953125
m4a1,19.15625
ak-47,22.875
ak-47,35.875
m4a1,66.765625
ak-47,86.3125
m4a1,14.46875
m4a1,17.953125
m4a1,18.578125
m4a1,52.71875
m4a1,54.015625
mp9,55.515625
mp9,56.484375
mp9,60.5
m4a1,33.796875
m4a1,34.390625
m4a1,41.203125
m4a1,54.921875
m4a1,56.0
mp9,47.703125
mp9,48.765625
ak-47,33.0625
awp,36.890625
m4a1,57.015625
m4a1,61.390625
m4a1,71.703125
m4a1,36.46875
ak-47,66.984375
m4a1,67.265625
m4a1,69.09375
ak-47,69.96875
m4a1,70.421875
ak-47,72.640625
ak-47,18.234375
ak-47,44.828125
m4a1,47.203125
m4a1,48.703125
ak-47,65.515625
ak-47,71.859375
ak-47,78.84375
awp,30.0
ak-47,40.546875
m4a1,40.703125
ak-47,53.03125
awp,72.71875
ak-47,77.578125
ak-47,30.46875
awp,31.25
awp,31.25
ak-47,32.5625
ak-47,33.296875
m4a1,61.75
m4a1,72.421875
ak-47,73.453125
ak-47,76.65625
ak-47,91.765625
m4a1,101.890625
awp,110.796875
m4a1,112.21875
ak-47,68.328125
m4a1,70.0
ak-47,75.171875
ak-47,76.203125
m4a1,92.28125
ak-47,93.8125
m4a1,94.359375
ak-47,95.296875
awp,111.546875
awp,53.390625
m4a1,98.3125
awp,104.765625
m4a1,109.203125
ak-47,110.25
m4a1,113.34375
m4a1,36.0625
mp9,37.015625
m4a1,47.921875
mp9,39.0
m4a1,48.40625
m4a1,51.6875
ak-47,66.40625
m4a1,73.0625
m4a1,96.15625
m4a1,30.375
m4a1,33.9375
m4a1,35.296875
m4a1,40.046875
ak-47,40.40625
ak-47,21.25
ak-47,23.53125
ak-47,25.09375
ak-47,33.6875
ak-47,43.734375
ak-47,58.015625
ak-47,22.0
ak-47,24.734375
ak-47,26.4375
awp,54.125
ak-47,82.625
ak-47,47.8125
ak-47,48.25
ak-47,49.34375
ak-47,49.640625
awp,113.921875
ak-47,57.96875
m4a1,61.34375
ak-47,62.90625
awp,84.859375
awp,89.78125
ak-47,97.71875
awp,10.5625
m4a1,78.671875
ak-47,79.484375
ak-47,96.09375
ak-47,97.875
m4a1,99.65625
awp,106.59375
ak-47,79.609375
ak-47,90.734375
ak-47,39.5625
awp,54.453125
ak-47,66.53125
ak-47,16.390625
ak-47,19.78125
m4a1,20.0
mac-10,20.796875
ak-47,60.890625
m4a1,25.375
m4a1,29.953125
m4a1,35.828125
m4a1,37.671875
mp9,23.453125
mp9,25.140625
ak-47,42.15625
mp9,54.484375
ak-47,66.859375
m4a1,74.265625
awp,99.03125
m4a1,102.578125
m4a1,104.828125
m4a1,17.03125
ak-47,58.875
m4a1,61.734375
m4a1,64.046875
m4a1,85.109375
m4a1,85.8125
awp,85.890625
awp,88.46875
ak-47,91.15625
ak-47,101.921875
mp9,32.921875
mp9,33.75
mp9,34.4375
mp9,39.8125
m4a1,48.546875
ak-47,21.984375
m4a1,24.875
ak-47,27.671875
ak-47,52.375
m4a1,20.640625
ak-47,44.953125
m4a1,69.875
m4a1,70.4375
ak-47,71.375
m4a1,72.5
m4a1,35.734375
m4a1,36.734375
ak-47,41.6875
ak-47,43.40625
ak-47,44.59375
awp,12.890625
ak-47,88.65625
awp,93.578125
awp,98.40625
ak-47,16.28125
awp,75.09375
awp,78.0625
m4a1,24.75
m4a1,25.984375
awp,27.046875
awp,45.640625
ak-47,47.703125
ak-47,56.6875
ak-47,69.03125
m4a1,14.5
m4a1,18.953125
ak-47,21.84375
m4a1,22.390625
m4a1,38.171875
ak-47,44.109375
m4a1,57.3125
m4a1,98.3125
ak-47,106.28125
ak-47,107.640625
awp,112.234375
awp,58.296875
ak-47,63.5625
m4a1,76.296875
m4a1,77.96875
m4a1,80.25
ak-47,47.84375
m4a1,49.8125
awp,52.6875
ak-47,55.234375
ak-47,81.875
ak-47,107.328125
ak-47,40.109375
ak-47,41.9375
mp9,50.9375
mp9,53.15625
ak-47,57.34375
mp9,72.9375
mp9,31.421875
ak-47,42.625
ak-47,72.140625
ak-47,79.046875
ak-47,87.640625
m4a1,11.25
m4a1,11.78125
m4a1,15.984375
m4a1,16.515625
m4a1,17.90625
ak-47,27.125
m4a1,31.96875
ak-47,39.328125
m4a1,70.046875
ak-47,80.765625
m4a1,89.46875
mac-10,21.859375
ak-47,24.546875
m4a1,48.453125
awp,62.140625
awp,83.359375
m4a1,89.734375
ak-47,11.546875
ak-47,18.4375
ak-47,25.875
ak-47,79.25
awp,21.109375
ak-47,31.34375
m4a1,80.625
ak-47,81.140625
ak-47,83.3125
ak-47,106.171875
ak-47,29.375
awp,36.21875
awp,36.21875
ak-47,58.546875
awp,84.28125
m4a1,85.6875
m4a1,87.515625
ak-47,90.71875
awp,90.78125
ak-47,107.203125
ak-47,75.390625
awp,76.234375
awp,16.46875
awp,73.234375
ak-47,80.484375
ak-47,83.1875
ak-47,92.3125
awp,97.375
ak-47,36.4375
ak-47,47.984375
ak-47,55.640625
ak-47,59.359375
ak-47,35.5
ak-47,37.234375
ak-47,38.046875
ak-47,49.75
ak-47,54.40625
awp,41.9375
m4a1,66.171875
m4a1,70.453125
m4a1,71.421875
m4a1,46.921875
awp,47.203125
m4a1,72.921875
ak-47,74.765625
ak-47,76.859375
m4a1,83.359375
m4a1,85.046875
awp,11.578125
m4a1,33.9375
ak-47,46.75
ak-47,71.78125
awp,77.34375
ak-47,79.171875
ak-47,96.796875
mp9,22.203125
ak-47,22.265625
ak-47,30.96875
ak-47,32.828125
awp,32.9375
mp9,50.109375
m4a1,84.40625
ak-47,90.234375
ak-47,95.578125
ak-47,95.625
ak-47,98.40625
m4a1,101.46875
ak-47,101.625
ak-47,22.390625
m4a1,80.703125
m4a1,83.59375
ak-47,86.125
ak-47,95.703125
ak-47,24.1875
mp9,45.140625
mp9,45.5625
ak-47,57.171875
ak-47,54.515625
ak-47,57.65625
ak-47,63.96875
ak-47,66.90625
mp9,105.3125
ak-47,106.78125
awp,27.71875
ak-47,28.46875
ak-47,28.765625
ak-47,54.84375
m4a1,56.4375
awp,64.140625
awp,70.5
awp,19.09375
ak-47,20.40625
ak-47,20.96875
ak-47,23.015625
ak-47,62.65625
ak-47,12.71875
ak-47,14.03125
m4a1,14.359375
ak-47,14.65625
m4a1,15.6875
ak-47,18.078125
ak-47,28.25
ak-47,17.3125
ak-47,44.96875
ak-47,50.5
ak-47,64.171875
ak-47,16.8125
ak-47,49.59375
ak-47,51.84375
ak-47,85.1875
m4a1,87.140625
awp,87.3125
ak-47,15.671875
ak-47,16.375
ak-47,57.984375
awp,88.984375
ak-47,92.5625
mp9,21.125
ak-47,54.078125
ak-47,55.84375
mp9,72.453125
ak-47,78.859375
mp9,81.5625
ak-47,52.5625
m4a1,74.28125
ak-47,11.015625
mp9,19.203125
mp9,20.109375
mp9,22.8125
m4a1,17.984375
ak-47,34.328125
ak-47,47.75
ak-47,56.484375
awp,18.03125
ak-47,22.6875
awp,22.9375
ak-47,27.921875
m4a1,29.328125
ak-47,84.125
ak-47,86.25
ak-47,52.96875
awp,63.171875
awp,63.203125
awp,65.765625
m4a1,66.625
m4a1,13.65625
ak-47,15.515625
awp,15.59375
m4a1,21.46875
ak-47,22.375
m4a1,28.921875
m4a1,33.78125
awp,36.796875
ak-47,13.03125
ak-47,22.5
ak-47,24.890625
awp,27.421875
m4a1,32.953125
awp,33.609375
ak-47,32.578125
ak-47,42.0
awp,93.234375
ak-47,96.609375
ak-47,100.984375
awp,29.5
ak-47,46.984375
m4a1,53.0625
m4a1,56.328125
m4a1,56.90625
ak-47,33.53125
mac-10,50.484375
mp9,67.046875
ak-47,89.484375
m4a1,12.40625
ak-47,17.171875
m4a1,32.78125
ak-47,45.375
ak-47,46.140625
ak-47,52.484375
ak-47,82.9375
ak-47,13.40625
awp,21.234375
m4a1,22.46875
awp,23.453125
m4a1,26.15625
awp,54.21875
ak-47,60.75
ak-47,104.203125
m4a1,30.265625
awp,30.90625
m4a1,31.5625
ak-47,32.984375
m4a1,39.390625
m4a1,56.703125
m4a1,59.09375
ak-47,61.140625
m4a1,61.453125
ak-47,15.890625
ak-47,17.265625
ak-47,24.875
ak-47,28.140625
m4a1,72.609375
ak-47,79.78125
ak-47,87.671875
ak-47,89.078125
m4a1,11.109375
ak-47,18.09375
ak-47,31.765625
m4a1,34.125
awp,69.296875
awp,39.515625
m4a1,47.09375
mp9,60.8125
mp9,64.5
ak-47,39.5625
m4a1,40.75
ak-47,43.015625
awp,46.265625
awp,48.15625
ak-47,48.359375
m4a1,77.40625
ak-47,80.546875
m4a1,81.171875
mac-10,52.171875
mac-10,72.921875
m4a1,12.21875
ak-47,32.234375
ak-47,92.78125
ak-47,95.5
ak-47,98.296875
m4a1,78.84375
mp9,83.984375
ak-47,86.71875
ak-47,87.5
ak-47,91.71875
ak-47,103.59375
ak-47,19.8125
ak-47,22.5625
awp,26.671875
m4a1,27.59375
ak-47,41.296875
mp9,41.859375
ak-47,79.515625
ak-47,14.375
ak-47,16.0625
ak-47,20.984375
ak-47,23.46875
ak-47,39.46875
mp9,48.8125
mac-10,53.015625
ak-47,55.046875
mac-10,59.4375
ak-47,70.578125
mp9,77.09375
ak-47,30.65625
awp,39.875
awp,93.515625
ak-47,94.640625
m4a1,94.921875
m4a1,95.796875
ak-47,18.65625
ak-47,19.640625
ak-47,21.265625
ak-47,52.671875
awp,11.15625
awp,19.4375
ak-47,80.640625
ak-47,81.609375
m4a1,86.703125
ak-47,90.9375
ak-47,91.125
ak-47,99.09375
m4a1,102.078125
m4a1,110.390625
ak-47,112.609375
awp,113.515625
ak-47,16.4375
ak-47,11.125
ak-47,48.953125
ak-47,51.328125
awp,57.640625
awp,96.25
mac-10,12.90625
awp,17.109375
mac-10,44.453125
mac-10,48.75
ak-47,64.75
m4a1,107.203125
m4a1,108.703125
m4a1,109.46875
m4a1,113.046875
m4a1,24.875
m4a1,25.765625
m4a1,26.921875
m4a1,27.3125
m4a1,31.0
ak-47,49.3125
m4a1,51.78125
m4a1,52.171875
mp9,53.4375
ak-47,61.359375
ak-47,78.59375
ak-47,93.03125
ak-47,101.28125
m4a1,61.109375
ak-47,75.75
m4a1,83.328125
m4a1,84.4375
awp,84.9375
m4a1,32.796875
awp,49.078125
ak-47,50.890625
m4a1,52.21875
ak-47,74.5625
m4a1,22.75
ak-47,73.796875
m4a1,77.28125
mp9,13.59375
mp9,14.90625
mac-10,23.15625
ak-47,52.265625
ak-47,52.703125
ak-47,54.671875
mac-10,61.359375
ak-47,19.71875
ak-47,20.546875
ak-47,66.1875
ak-47,68.59375
awp,82.984375
awp,92.046875
ak-47,93.5625
awp,104.84375
m4a1,104.890625
m4a1,57.6875
m4a1,65.9375
ak-47,75.3125
m4a1,77.21875
m4a1,103.4375
awp,25.71875
awp,31.78125
ak-47,41.359375
m4a1,33.890625
ak-47,39.671875
awp,48.5
ak-47,58.265625
ak-47,64.765625
ak-47,68.375
ak-47,80.328125
m4a1,27.578125
ak-47,57.3125
m4a1,83.25
ak-47,86.109375
ak-47,88.171875
awp,97.8125
m4a1,95.046875
m4a1,97.890625
ak-47,102.078125
m4a1,102.828125
ak-47,103.671875
m4a1,103.828125
m4a1,105.875
awp,17.3125
ak-47,33.765625
ak-47,36.671875
ak-47,37.078125
awp,103.0
ak-47,107.609375
awp,111.25
ak-47,34.9375
ak-47,38.359375
mac-10,56.390625
mp9,58.84375
mp9,64.421875
mp9,72.375
mp9,93.40625
mp9,98.265625
ak-47,98.34375
ak-47,25.078125
mp9,25.875
ak-47,27.375
mp9,74.921875
mp9,79.84375
ak-47,81.328125
ak-47,21.859375
ak-47,23.9375
ak-47,76.328125
ak-47,77.421875
ak-47,22.578125
ak-47,56.203125
ak-47,76.453125
ak-47,23.609375
awp,34.84375
ak-47,37.03125
ak-47,46.96875
ak-47,53.375
ak-47,55.09375
ak-47,80.875
ak-47,95.40625
awp,71.5
awp,82.6875
ak-47,49.390625
ak-47,103.390625
ak-47,20.421875
m4a1,20.5625
m4a1,73.96875
ak-47,84.140625
ak-47,88.234375
ak-47,50.703125
ak-47,53.703125
ak-47,65.125
m4a1,68.015625
m4a1,69.15625
awp,69.421875
ak-47,77.171875
ak-47,63.6875
mp9,38.390625
mp9,41.90625
mp9,24.15625
ak-47,34.015625
ak-47,34.3125
awp,40.0
ak-47,63.4375
m4a1,21.40625
ak-47,23.53125
ak-47,25.421875
ak-47,28.703125
awp,23.5625
ak-47,24.953125
ak-47,85.984375
awp,18.140625
ak-47,21.875
ak-47,22.484375
ak-47,31.796875
ak-47,44.046875
awp,57.0
ak-47,62.796875
m4a1,62.84375
m4a1,82.546875
m4a1,83.859375
m4a1,90.765625
awp,40.859375
ak-47,51.03125
ak-47,52.171875
ak-47,55.015625
ak-47,93.90625
ak-47,97.75
ak-47,31.21875
awp,35.046875
ak-47,55.671875
ak-47,58.859375
ak-47,60.25
m4a1,15.71875
awp,44.796875
m4a1,52.109375
ak-47,80.421875
m4a1,80.921875
ak-47,81.078125
m4a1,89.546875
ak-47,91.125
m4a1,93.515625
ak-47,54.265625
ak-47,55.71875
m4a1,48.515625
ak-47,54.3125
ak-47,66.78125
m4a1,81.5625
m4a1,87.921875
m4a1,88.703125
mp9,99.734375
ak-47,101.21875
ak-47,47.046875
ak-47,49.3125
ak-47,50.671875
ak-47,59.546875
m4a1,65.546875
m4a1,66.5
ak-47,106.21875
ak-47,13.921875
m4a1,14.578125
ak-47,18.21875
mp9,21.015625
m4a1,27.8125
m4a1,35.0
mp9,52.265625
ak-47,107.78125
m4a1,114.5625
m4a1,14.234375
m4a1,94.96875
mp9,102.9375
m4a1,69.21875
m4a1,87.046875
ak-47,91.796875
ak-47,100.828125
ak-47,103.765625
ak-47,62.140625
awp,4.609375
m4a1,17.046875
ak-47,18.171875
ak-47,25.90625
m4a1,24.796875
ak-47,75.5
m4a1,81.296875
ak-47,82.390625
m4a1,83.546875
m4a1,84.6875
ak-47,66.484375
ak-47,94.125
ak-47,94.53125
ak-47,114.40625
ak-47,13.34375
ak-47,14.359375
ak-47,41.0625
ak-47,41.15625
m4a1,68.796875
m4a1,70.1875
ak-47,73.296875
awp,86.125
mp9,41.078125
m4a1,49.859375
m4a1,51.65625
ak-47,93.96875
awp,99.28125
awp,5.46875
ak-47,39.90625
awp,47.921875
awp,78.671875
awp,98.96875
awp,4.234375
m4a1,46.375
ak-47,56.953125
ak-47,82.203125
awp,108.28125
ak-47,71.03125
m4a1,73.671875
ak-47,80.609375
ak-47,40.671875
ak-47,64.3125
ak-47,66.734375
m4a1,69.875
m4a1,74.53125
ak-47,84.6875
ak-47,24.21875
ak-47,64.078125
awp,22.15625
m4a1,22.640625
awp,52.875
ak-47,55.078125
awp,55.234375
ak-47,56.8125
mp9,60.6875
ak-47,66.0
ak-47,68.4375
m4a1,9.828125
m4a1,43.453125
m4a1,88.28125
m4a1,97.4375
m4a1,55.015625
mp9,102.796875
mp9,104.78125
m4a1,105.875
m4a1,105.953125
m4a1,107.109375
m4a1,79.328125
m4a1,81.046875
m4a1,81.328125
m4a1,83.046875
m4a1,84.3125
m4a1,12.640625
m4a1,17.1875
m4a1,40.578125
m4a1,47.9375
ak-47,30.859375
ak-47,26.9375
ak-47,75.609375
ak-47,12.03125
ak-47,44.234375
ak-47,104.15625
ak-47,106.84375
m4a1,107.59375
m4a1,108.1875
ak-47,23.796875
m4a1,110.640625
awp,110.96875
m4a1,20.265625
awp,21.59375
m4a1,21.703125
awp,43.875
awp,45.359375
ak-47,21.390625
ak-47,34.40625
ak-47,56.90625
ak-47,27.1875
ak-47,50.0
m4a1,56.890625
ak-47,86.15625
ak-47,21.28125
m4a1,25.515625
m4a1,29.8125
ak-47,35.640625
m4a1,48.25
m4a1,57.546875
ak-47,9.359375
ak-47,19.140625
mp9,67.484375
ak-47,67.703125
mp9,70.15625
mp9,75.40625
ak-47,82.65625
m4a1,30.828125
awp,40.6875
ak-47,41.125
m4a1,71.59375
m4a1,77.484375
ak-47,77.75
ak-47,87.6875
ak-47,88.375
awp,61.671875
m4a1,94.625
m4a1,95.765625
mp9,97.4375
ak-47,29.109375
ak-47,34.953125
mp9,14.921875
ak-47,20.40625
m4a1,41.140625
m4a1,42.90625
ak-47,62.9375
ak-47,71.03125
awp,49.328125
ak-47,61.96875
ak-47,94.375
m4a1,95.671875
ak-47,96.59375
ak-47,99.546875
ak-47,99.8125
awp,110.53125
awp,112.5
mac-10,17.75
awp,21.609375
m4a1,22.671875
awp,29.203125
m4a1,33.25
m4a1,20.71875
awp,21.171875
ak-47,34.328125
m4a1,62.328125
m4a1,64.03125
ak-47,83.546875
mac-10,12.640625
m4a1,14.453125
mac-10,15.53125
mac-10,16.609375
m4a1,17.75
m4a1,45.78125
ak-47,44.359375
m4a1,51.3125
ak-47,52.140625
m4a1,64.609375
mac-10,70.390625
mac-10,37.234375
mac-10,37.453125
m4a1,38.90625
m4a1,39.109375
m4a1,39.40625
m4a1,33.15625
m4a1,38.578125
m4a1,50.53125
m4a1,53.125
m4a1,105.625
m4a1,107.390625
m4a1,27.8125
ak-47,38.4375
ak-47,39.65625
m4a1,44.78125
ak-47,45.578125
ak-47,48.125
ak-47,16.359375
ak-47,23.25
ak-47,23.4375
ak-47,30.546875
ak-47,36.640625
ak-47,70.921875
ak-47,77.171875
m4a1,19.296875
ak-47,20.859375
ak-47,47.703125
ak-47,71.390625
ak-47,72.9375
ak-47,43.421875
ak-47,62.21875
mp9,70.671875
mp9,74.4375
ak-47,77.1875
mp9,92.09375
ak-47,93.046875
ak-47,55.828125
ak-47,76.671875
ak-47,77.609375
ak-47,93.28125
ak-47,95.4375
ak-47,45.90625
m4a1,52.71875
ak-47,54.28125
m4a1,62.28125
m4a1,84.765625
awp,85.5625
ak-47,90.734375
mp9,66.5625
mp9,91.484375
mp9,101.3125
mp9,101.953125
mac-10,109.15625
m4a1,14.8125
m4a1,24.109375
m4a1,30.546875
m4a1,19.46875
m4a1,17.640625
m4a1,22.8125
m4a1,62.71875
ak-47,69.90625
m4a1,76.671875
ak-47,55.109375
awp,55.4375
ak-47,57.46875
awp,88.59375
ak-47,25.921875
ak-47,57.984375
awp,91.09375
awp,98.796875
awp,100.359375
ak-47,102.953125
awp,112.875
ak-47,114.390625
awp,15.84375
m4a1,49.140625
m4a1,57.4375
awp,66.9375
ak-47,68.140625
m4a1,70.015625
m4a1,83.171875
ak-47,83.96875
m4a1,104.4375
m4a1,30.15625
ak-47,78.984375
ak-47,82.0
mac-10,25.109375
mac-10,25.703125
ak-47,72.265625
ak-47,72.328125
ak-47,78.234375
awp,77.3125
m4a1,91.046875
ak-47,99.84375
ak-47,104.71875
awp,105.40625
m4a1,107.109375
m4a1,109.453125
awp,29.71875
ak-47,52.671875
ak-47,67.265625
ak-47,77.796875
ak-47,80.28125
ak-47,81.828125
awp,83.359375
ak-47,84.734375
ak-47,86.375
m4a1,88.0
ak-47,88.703125
ak-47,89.03125
ak-47,90.15625
awp,11.015625
awp,11.40625
ak-47,39.15625
m4a1,42.3125
ak-47,42.703125
ak-47,45.1875
m4a1,50.78125
ak-47,52.265625
awp,76.4375
ak-47,22.265625
mp9,26.265625
ak-47,82.296875
ak-47,83.015625
ak-47,87.5625
ak-47,110.4375
ak-47,11.28125
m4a1,20.703125
ak-47,21.53125
awp,29.0
ak-47,56.390625
m4a1,69.9375
ak-47,80.625
ak-47,88.796875
ak-47,30.21875
ak-47,32.140625
ak-47,34.40625
m4a1,35.828125
ak-47,38.34375
ak-47,84.53125
mp9,74.515625
m4a1,23.15625
m4a1,31.375
ak-47,93.5625
ak-47,101.484375
mp9,102.953125
mp9,103.046875
mp9,103.78125
mp9,106.96875
ak-47,13.890625
ak-47,19.71875
ak-47,26.84375
ak-47,27.25
ak-47,27.53125
m4a1,49.875
ak-47,62.0
ak-47,32.234375
mp9,71.109375
ak-47,77.5
ak-47,80.953125
ak-47,90.96875
ak-47,107.546875
ak-47,44.15625
ak-47,90.078125
m4a1,90.359375
m4a1,90.75
m4a1,91.453125
awp,11.59375
ak-47,21.15625
ak-47,22.40625
ak-47,78.390625
awp,103.53125
m4a1,39.453125
m4a1,39.65625
ak-47,40.15625
m4a1,101.78125
ak-47,31.890625
m4a1,35.65625
ak-47,35.984375
awp,47.4375
m4a1,48.03125
m4a1,51.34375
ak-47,60.0625
ak-47,84.265625
ak-47,88.65625
ak-47,55.234375
ak-47,70.34375
m4a1,97.109375
ak-47,104.46875
m4a1,77.390625
mp9,79.25
mp9,84.671875
ak-47,21.015625
ak-47,21.75
ak-47,28.578125
ak-47,56.1875
mac-10,57.875
m4a1,36.953125
ak-47,105.84375
m4a1,59.40625
m4a1,59.796875
m4a1,63.34375
m4a1,68.9375
ak-47,73.484375
m4a1,73.546875
ak-47,75.125
ak-47,81.3125
ak-47,87.984375
ak-47,77.8125
m4a1,78.328125
ak-47,79.984375
m4a1,92.75
m4a1,94.890625
ak-47,97.28125
ak-47,22.625
ak-47,24.921875
ak-47,26.71875
ak-47,38.03125
ak-47,41.625
ak-47,23.234375
ak-47,24.046875
ak-47,26.53125
m4a1,41.03125
ak-47,59.890625
awp,64.71875
m4a1,66.40625
awp,11.515625
m4a1,14.28125
awp,15.21875
ak-47,23.84375
ak-47,36.734375
ak-47,38.9375
m4a1,20.265625
ak-47,32.984375
awp,52.171875
ak-47,98.4375
awp,99.578125
ak-47,101.796875
ak-47,21.21875
m4a1,22.921875
m4a1,25.421875
ak-47,26.265625
awp,32.109375
ak-47,33.71875
m4a1,57.640625
awp,58.4375
ak-47,59.046875
m4a1,85.875
awp,99.859375
m4a1,105.890625
m4a1,110.375
ak-47,31.921875
ak-47,33.453125
awp,34.203125
ak-47,35.75
awp,43.421875
awp,50.125
awp,55.046875
ak-47,74.625
ak-47,25.890625
ak-47,26.234375
m4a1,45.15625
awp,53.953125
ak-47,57.78125
m4a1,24.28125
ak-47,25.140625
ak-47,27.03125
ak-47,36.9375
ak-47,46.3125
ak-47,65.796875
m4a1,26.328125
m4a1,35.78125
m4a1,37.4375
m4a1,41.953125
m4a1,47.703125
m4a1,19.203125
ak-47,34.234375
m4a1,61.8125
m4a1,65.578125
m4a1,69.96875
m4a1,13.390625
m4a1,13.875
m4a1,17.71875
m4a1,38.640625
m4a1,51.421875
ak-47,21.796875
ak-47,22.9375
ak-47,28.921875
ak-47,32.078125
m4a1,49.828125
m4a1,15.203125
ak-47,15.734375
ak-47,16.0
ak-47,18.71875
ak-47,19.875
ak-47,23.390625
m4a1,19.234375
m4a1,21.421875
m4a1,22.0
m4a1,27.15625
ak-47,40.65625
ak-47,41.71875
ak-47,57.21875
ak-47,60.796875
m4a1,14.3125
m4a1,14.40625
ak-47,18.3125
ak-47,59.25
ak-47,81.0625
ak-47,103.109375
m4a1,103.125
m4a1,103.71875
m4a1,103.828125
ak-47,104.0625
ak-47,9.65625
m4a1,17.46875
m4a1,28.828125
m4a1,31.25
ak-47,38.78125
ak-47,70.703125
ak-47,73.828125
m4a1,80.921875
m4a1,19.15625
ak-47,35.953125
m4a1,36.734375
ak-47,37.59375
m4a1,57.4375
m4a1,23.1875
ak-47,32.421875
m4a1,40.03125
m4a1,43.0625
ak-47,19.984375
ak-47,28.3125
ak-47,31.796875
ak-47,32.921875
ak-47,35.296875
ak-47,36.671875
mp9,34.59375
mp9,59.171875
mp9,60.265625
mp9,66.875
ak-47,42.09375
mac-10,45.484375
mp9,83.390625
ak-47,36.828125
ak-47,39.703125
ak-47,29.40625
m4a1,27.65625
m4a1,28.703125
m4a1,35.328125
ak-47,40.28125
ak-47,43.15625
m4a1,52.765625
ak-47,54.625
ak-47,63.03125
ak-47,75.390625
ak-47,79.015625
ak-47,79.921875
ak-47,87.859375
ak-47,91.25
m4a1,61.109375
awp,61.390625
m4a1,68.296875
ak-47,75.453125
m4a1,83.546875
ak-47,84.375
m4a1,105.1875
awp,18.390625
m4a1,28.859375
m4a1,30.03125
ak-47,30.09375
ak-47,63.734375
ak-47,76.515625
ak-47,78.171875
m4a1,8.25
awp,14.859375
ak-47,14.90625
m4a1,39.796875
ak-47,43.1875
ak-47,31.578125
ak-47,38.484375
ak-47,54.640625
ak-47,72.0625
m4a1,74.84375
m4a1,85.0
ak-47,85.375
m4a1,86.296875
ak-47,86.296875
ak-47,89.390625
awp,111.5
ak-47,38.734375
awp,42.0625
m4a1,86.109375
m4a1,86.875
ak-47,87.171875
m4a1,87.453125
m4a1,104.15625
ak-47,104.6875
mac-10,40.921875
m4a1,30.75
m4a1,64.609375
m4a1,66.390625
m4a1,71.921875
m4a1,73.40625
awp,38.09375
ak-47,40.890625
ak-47,49.21875
m4a1,49.734375
m4a1,52.046875
ak-47,52.328125
ak-47,26.015625
ak-47,26.515625
m4a1,55.828125
m4a1,14.859375
ak-47,15.421875
ak-47,24.6875
ak-47,38.3125
m4a1,39.75
m4a1,40.015625
ak-47,35.53125
ak-47,37.109375
ak-47,51.046875
ak-47,59.53125
awp,68.71875
awp,72.625
ak-47,86.828125
ak-47,92.15625
mp9,23.546875
m4a1,34.359375
m4a1,58.390625
m4a1,29.8125
m4a1,32.046875
awp,46.625
ak-47,12.96875
m4a1,13.140625
ak-47,15.34375
ak-47,50.25
ak-47,54.84375
m4a1,12.921875
ak-47,14.21875
ak-47,16.625
m4a1,81.53125
ak-47,81.5625
m4a1,82.75
ak-47,88.046875
mp9,28.640625
awp,35.921875
ak-47,37.5625
m4a1,52.734375
awp,60.71875
m4a1,66.296875
ak-47,74.0
ak-47,79.0
m4a1,48.15625
awp,51.390625
mac-10,57.390625
mac-10,58.578125
ak-47,93.40625
ak-47,105.9375
ak-47,19.078125
ak-47,21.859375
ak-47,23.3125
ak-47,24.484375
ak-47,25.375
m4a1,33.890625
ak-47,33.96875
m4a1,34.140625
m4a1,58.609375
mp9,75.8125
awp,92.046875
ak-47,35.40625
awp,46.734375
ak-47,60.265625
ak-47,61.65625
awp,70.96875
awp,77.171875
ak-47,19.4375
ak-47,22.078125
ak-47,23.09375
mac-10,45.390625
mac-10,51.25
mac-10,51.6875
mac-10,53.375
mac-10,72.015625
m4a1,18.21875
ak-47,69.53125
ak-47,71.0
ak-47,77.203125
ak-47,102.109375
mac-10,22.546875
ak-47,22.59375
mac-10,52.625
m4a1,15.015625
m4a1,15.40625
ak-47,20.984375
ak-47,36.921875
m4a1,38.859375
awp,59.328125
m4a1,61.390625
m4a1,66.796875
ak-47,68.28125
ak-47,69.390625
m4a1,85.8125
m4a1,17.015625
m4a1,50.359375
m4a1,62.6875
m4a1,66.984375
m4a1,71.859375
ak-47,44.21875
m4a1,45.375
ak-47,45.765625
awp,45.859375
m4a1,57.171875
ak-47,61.203125
ak-47,73.25
m4a1,80.453125
awp,59.1875
m4a1,62.421875
awp,66.09375
m4a1,68.609375
m4a1,68.96875
ak-47,46.8125
ak-47,48.03125
awp,55.09375
m4a1,91.375
ak-47,91.71875
ak-47,71.59375
ak-47,74.046875
m4a1,74.875
m4a1,74.875
awp,76.09375
awp,79.90625
awp,85.734375
awp,113.765625
awp,24.03125
ak-47,41.453125
ak-47,43.9375
ak-47,44.53125
awp,57.3125
ak-47,46.125
ak-47,63.203125
m4a1,64.3125
awp,4.109375
awp,36.765625
ak-47,43.5
awp,55.109375
awp,59.5625
awp,5.03125
awp,68.390625
m4a1,79.59375
ak-47,90.1875
ak-47,16.4375
ak-47,20.0625
ak-47,24.9375
mp9,36.375
ak-47,37.125
awp,43.15625
ak-47,78.03125
ak-47,13.15625
ak-47,13.546875
mac-10,16.8125
ak-47,11.546875
ak-47,31.71875
mp9,38.4375
ak-47,39.015625
awp,27.90625
m4a1,30.265625
awp,33.234375
m4a1,47.609375
awp,54.671875
m4a1,105.953125
ak-47,108.421875
ak-47,112.125
ak-47,112.3125
m4a1,112.921875
ak-47,29.546875
m4a1,84.109375
m4a1,85.40625
ak-47,87.21875
m4a1,92.328125
ak-47,98.140625
ak-47,99.3125
mp9,13.21875
ak-47,18.953125
ak-47,67.8125
ak-47,73.9375
m4a1,85.78125
m4a1,50.171875
ak-47,50.265625
ak-47,53.796875
ak-47,66.890625
m4a1,74.234375
m4a1,83.390625
awp,4.546875
awp,12.984375
awp,15.484375
awp,40.953125
m4a1,76.96875
awp,22.625
m4a1,86.140625
awp,14.015625
m4a1,53.75
m4a1,54.546875
ak-47,54.625
awp,56.921875
awp,103.5625
ak-47,108.484375
awp,66.0
awp,67.578125
awp,72.03125
awp,73.6875
ak-47,80.0
ak-47,83.734375
awp,17.84375
awp,50.359375
awp,51.046875
ak-47,67.328125
ak-47,75.859375
ak-47,79.34375
ak-47,32.234375
ak-47,39.21875
ak-47,44.5
ak-47,45.890625
ak-47,47.0
awp,52.90625
awp,83.5625
ak-47,82.265625
m4a1,88.4375
ak-47,94.75
ak-47,96.484375
awp,107.078125
ak-47,109.5
ak-47,103.0
m4a1,103.421875
awp,105.59375
m4a1,106.03125
ak-47,106.484375
m4a1,106.71875
ak-47,107.328125
awp,18.375
awp,30.203125
awp,38.34375
awp,81.640625
ak-47,84.703125
ak-47,88.328125
mac-10,34.09375
ak-47,8.234375
ak-47,30.171875
ak-47,45.046875
ak-47,87.03125
ak-47,89.984375
ak-47,102.359375
ak-47,103.515625
ak-47,104.875
m4a1,25.9375
ak-47,26.734375
ak-47,37.609375
awp,38.703125
ak-47,46.8125
ak-47,48.421875
ak-47,49.984375
ak-47,55.515625
m4a1,43.59375
m4a1,51.671875
m4a1,51.734375
m4a1,53.140625
m4a1,55.578125
m4a1,68.515625
awp,7.171875
m4a1,18.34375
ak-47,22.15625
m4a1,31.859375
ak-47,38.484375
ak-47,41.046875
m4a1,46.984375
m4a1,49.78125
awp,22.953125
m4a1,24.96875
m4a1,26.21875
ak-47,35.71875
m4a1,37.65625
ak-47,21.265625
m4a1,55.3125
awp,57.328125
ak-47,94.6875
ak-47,95.828125
ak-47,97.125
ak-47,99.21875
m4a1,24.3125
ak-47,24.9375
awp,33.796875
ak-47,56.1875
ak-47,79.53125
m4a1,99.5
m4a1,20.546875
ak-47,23.109375
ak-47,25.609375
ak-47,27.546875
ak-47,48.8125
ak-47,60.75
ak-47,66.359375
ak-47,31.90625
m4a1,41.03125
m4a1,71.625
ak-47,75.953125
m4a1,76.484375
awp,80.53125
m4a1,8.375
m4a1,9.0
m4a1,11.21875
m4a1,12.265625
m4a1,14.9375
awp,7.328125
ak-47,8.28125
awp,39.1875
m4a1,39.796875
m4a1,41.8125
ak-47,44.359375
ak-47,46.421875
m4a1,47.859375
awp,21.671875
m4a1,31.015625
m4a1,33.234375
m4a1,38.0625
m4a1,76.921875
ak-47,18.203125
ak-47,39.3125
m4a1,44.484375
m4a1,87.390625
ak-47,93.71875
m4a1,96.96875
ak-47,100.734375
ak-47,109.859375
awp,113.765625
awp,38.0
m4a1,58.5625
m4a1,99.28125
ak-47,101.3125
ak-47,48.21875
ak-47,49.125
ak-47,50.640625
awp,52.921875
awp,56.359375
ak-47,17.515625
m4a1,17.6875
ak-47,18.265625
ak-47,30.640625
awp,32.09375
m4a1,17.609375
awp,52.75
ak-47,56.5625
ak-47,56.9375
ak-47,63.140625
m4a1,34.96875
awp,37.109375
m4a1,39.8125
ak-47,44.4375
ak-47,47.78125
ak-47,60.40625
awp,76.15625
ak-47,86.640625
awp,7.1875
ak-47,23.0
ak-47,23.8125
ak-47,26.0
ak-47,32.265625
ak-47,36.734375
m4a1,43.125
m4a1,45.1875
m4a1,49.25
mp9,50.609375
m4a1,70.265625
m4a1,22.078125
m4a1,40.828125
m4a1,41.125
m4a1,54.21875
ak-47,13.1875
ak-47,13.390625
ak-47,18.3125
m4a1,62.578125
m4a1,11.0625
ak-47,20.109375
m4a1,21.921875
ak-47,21.953125
awp,39.453125
m4a1,44.46875
m4a1,54.59375
ak-47,12.765625
ak-47,17.0
ak-47,18.453125
ak-47,21.890625
ak-47,23.015625
awp,31.734375
m4a1,16.84375
ak-47,32.21875
ak-47,75.078125
ak-47,79.609375
m4a1,70.59375
ak-47,78.0625
ak-47,82.453125
m4a1,104.421875
m4a1,38.078125
awp,42.34375
awp,44.078125
ak-47,48.75
ak-47,59.0
ak-47,77.6875
ak-47,83.5
m4a1,85.921875
m4a1,51.359375
ak-47,54.0
m4a1,68.28125
ak-47,70.78125
ak-47,71.96875
mp9,67.328125
mp9,68.078125
mp9,68.875
mp9,100.890625
m4a1,10.234375
m4a1,11.125
m4a1,27.546875
m4a1,31.0625
ak-47,32.484375
m4a1,33.078125
m4a1,29.5
m4a1,30.53125
m4a1,30.984375
m4a1,31.5
m4a1,31.796875
ak-47,18.28125
ak-47,21.96875
ak-47,22.765625
ak-47,25.46875
ak-47,26.21875
m4a1,49.171875
ak-47,54.703125
m4a1,54.875
m4a1,56.953125
ak-47,11.25
m4a1,11.796875
ak-47,12.453125
ak-47,13.71875
m4a1,29.984375
m4a1,16.015625
m4a1,19.625
ak-47,25.328125
mp9,46.96875
mp9,48.046875
m4a1,50.875
ak-47,61.828125
m4a1,68.921875
awp,32.84375
m4a1,65.65625
ak-47,76.578125
m4a1,78.3125
awp,81.03125
ak-47,81.34375
mac-10,22.046875
mac-10,58.828125
mac-10,69.125
m4a1,18.9375
mac-10,22.734375
mac-10,23.59375
m4a1,26.6875
m4a1,39.25
m4a1,46.203125
m4a1,61.65625
m4a1,62.34375
m4a1,67.46875
awp,13.046875
m4a1,74.15625
ak-47,75.046875
ak-47,89.953125
ak-47,91.046875
awp,99.015625
ak-47,70.640625
m4a1,72.859375
m4a1,74.078125
m4a1,75.9375
m4a1,75.953125
awp,14.328125
awp,87.984375
ak-47,90.6875
ak-47,96.3125
ak-47,101.046875
m4a1,12.3125
ak-47,12.3125
mp9,63.453125
awp,65.90625
ak-47,98.328125
ak-47,101.234375
ak-47,101.421875
ak-47,54.625
ak-47,56.625
mp9,57.359375
ak-47,58.421875
m4a1,58.46875
m4a1,78.921875
ak-47,79.6875
ak-47,80.34375
m4a1,80.765625
m4a1,97.9375
m4a1,98.640625
m4a1,99.484375
ak-47,99.890625
m4a1,108.859375
ak-47,113.75
awp,13.296875
ak-47,45.125
ak-47,46.390625
m4a1,46.71875
ak-47,64.03125
awp,73.6875
m4a1,30.328125
mac-10,42.875
m4a1,29.46875
m4a1,29.5625
m4a1,31.1875
m4a1,34.625
m4a1,37.734375
mp9,34.21875
mp9,35.609375
m4a1,57.875
ak-47,13.078125
ak-47,14.8125
ak-47,15.328125
awp,10.28125
awp,76.578125
ak-47,77.25
ak-47,80.0
m4a1,92.625
m4a1,98.75
ak-47,15.03125
awp,23.453125
awp,92.25
awp,92.25
awp,105.859375
ak-47,90.921875
awp,93.125
awp,93.125
ak-47,95.375
ak-47,101.0
ak-47,15.71875
ak-47,17.375
m4a1,20.453125
ak-47,98.3125
ak-47,106.453125
ak-47,107.828125
ak-47,111.265625
mac-10,56.171875
m4a1,24.375
ak-47,33.671875
m4a1,34.0
m4a1,38.921875
m4a1,66.578125
ak-47,75.8125
ak-47,77.125
ak-47,77.453125
ak-47,79.15625
m4a1,89.0
m4a1,37.953125
m4a1,41.765625
m4a1,80.421875
m4a1,88.703125
m4a1,89.84375
m4a1,18.65625
m4a1,24.6875
m4a1,26.421875
m4a1,27.015625
m4a1,47.59375
m4a1,29.6875
ak-47,81.1875
awp,85.421875
ak-47,93.96875
ak-47,94.71875
awp,106.96875
ak-47,113.046875
m4a1,11.96875
ak-47,15.921875
m4a1,18.25
ak-47,18.96875
ak-47,19.109375
m4a1,20.25
ak-47,21.15625
m4a1,22.90625
ak-47,30.59375
m4a1,29.4375
m4a1,95.59375
ak-47,96.734375
m4a1,98.171875
ak-47,98.34375
m4a1,107.375
ak-47,54.0
m4a1,54.828125
m4a1,55.5
ak-47,56.078125
ak-47,56.875
ak-47,12.546875
ak-47,15.125
ak-47,32.046875
ak-47,35.796875
ak-47,36.75
ak-47,11.796875
m4a1,29.046875
m4a1,61.84375
ak-47,63.3125
m4a1,64.890625
m4a1,68.171875
ak-47,69.0
ak-47,77.265625
mp9,17.796875
mp9,18.84375
m4a1,33.875
m4a1,35.78125
m4a1,60.203125
mp9,39.09375
ak-47,45.4375
ak-47,45.484375
m4a1,46.28125
m4a1,46.28125
ak-47,51.109375
ak-47,94.265625
ak-47,111.21875
awp,27.046875
m4a1,27.84375
m4a1,30.1875
m4a1,48.734375
awp,52.984375
ak-47,28.3125
m4a1,29.03125
ak-47,32.046875
awp,35.015625
ak-47,77.078125
ak-47,78.734375
awp,80.46875
m4a1,49.609375
m4a1,72.90625
awp,73.015625
awp,78.484375
ak-47,12.65625
m4a1,14.125
ak-47,20.0
ak-47,20.203125
ak-47,28.375
ak-47,37.375
awp,68.796875
awp,79.90625
awp,14.328125
m4a1,34.984375
m4a1,36.875
ak-47,38.03125
ak-47,52.046875
m4a1,63.21875
ak-47,65.5
m4a1,72.015625
ak-47,14.171875
m4a1,21.203125
awp,31.09375
m4a1,66.09375
m4a1,70.890625
mac-10,77.3125
ak-47,96.3125
ak-47,15.53125
ak-47,16.96875
mac-10,42.796875
awp,23.359375
m4a1,33.203125
m4a1,33.65625
m4a1,34.1875
m4a1,35.96875
m4a1,41.0625
awp,46.25
m4a1,48.796875
m4a1,50.03125
awp,92.203125
ak-47,23.765625
awp,24.59375
awp,30.71875
ak-47,31.296875
awp,39.109375
ak-47,21.90625
awp,33.78125
m4a1,59.3125
ak-47,79.265625
ak-47,86.265625
ak-47,93.859375
ak-47,95.65625
ak-47,101.546875
ak-47,11.171875
awp,14.84375
m4a1,27.578125
ak-47,32.765625
ak-47,46.40625
ak-47,49.609375
ak-47,37.546875
m4a1,37.546875
m4a1,39.078125
ak-47,40.515625
ak-47,56.734375
m4a1,18.359375
m4a1,19.28125
ak-47,12.515625
ak-47,64.03125
ak-47,65.6875
ak-47,65.78125
ak-47,74.375
awp,81.0
m4a1,81.78125
m4a1,82.5
awp,67.796875
m4a1,67.84375
m4a1,69.40625
ak-47,69.546875
awp,71.46875
m4a1,78.640625
m4a1,83.03125
m4a1,41.84375
ak-47,51.734375
ak-47,57.28125
mac-10,41.109375
m4a1,41.875
m4a1,42.890625
m4a1,45.953125
m4a1,47.09375
m4a1,78.546875
m4a1,56.25
m4a1,59.65625
m4a1,88.890625
m4a1,91.5625
m4a1,109.015625
ak-47,29.015625
m4a1,60.25
ak-47,60.96875
ak-47,76.328125
m4a1,76.78125
ak-47,93.9375
ak-47,96.328125
m4a1,97.703125
ak-47,97.875
awp,3.953125
ak-47,83.4375
ak-47,84.078125
ak-47,86.15625
ak-47,8.25
m4a1,37.984375
ak-47,41.46875
ak-47,81.171875
ak-47,82.15625
ak-47,87.765625
ak-47,75.0
ak-47,75.9375
ak-47,78.703125
m4a1,82.578125
ak-47,83.328125
ak-47,89.015625
m4a1,19.625
m4a1,23.625
m4a1,24.09375
m4a1,27.125
m4a1,56.953125
m4a1,59.46875
m4a1,63.21875
m4a1,64.3125
m4a1,64.609375
m4a1,91.859375
ak-47,18.8125
ak-47,19.3125
ak-47,29.59375
m4a1,30.859375
m4a1,32.0625
m4a1,32.34375
ak-47,32.671875
ak-47,33.703125
ak-47,22.796875
m4a1,26.96875
ak-47,27.703125
ak-47,31.359375
ak-47,56.609375
ak-47,54.046875
ak-47,55.703125
ak-47,71.59375
m4a1,21.4375
m4a1,27.78125
m4a1,28.375
ak-47,28.609375
ak-47,28.921875
ak-47,33.75
ak-47,46.4375
ak-47,53.921875
ak-47,28.90625
m4a1,32.046875
ak-47,36.546875
m4a1,36.59375
ak-47,38.3125
m4a1,92.515625
m4a1,35.21875
ak-47,39.25
awp,42.75
ak-47,48.390625
awp,70.0
ak-47,82.546875
ak-47,89.296875
awp,75.421875
ak-47,75.609375
ak-47,78.6875
ak-47,61.28125
m4a1,67.296875
m4a1,72.046875
ak-47,74.484375
ak-47,76.484375
ak-47,43.046875
ak-47,43.734375
ak-47,60.25
m4a1,62.1875
ak-47,62.890625
awp,83.6875
ak-47,87.59375
ak-47,89.453125
ak-47,24.359375
m4a1,28.734375
m4a1,29.71875
awp,32.859375
m4a1,51.46875
m4a1,51.90625
ak-47,20.1875
awp,25.015625
m4a1,25.140625
ak-47,28.109375
ak-47,31.953125
m4a1,33.6875
ak-47,33.953125
ak-47,35.421875
ak-47,30.609375
awp,39.171875
awp,48.9375
m4a1,50.96875
ak-47,62.78125
ak-47,45.484375
mac-10,52.734375
ak-47,55.234375
ak-47,83.46875
ak-47,13.59375
ak-47,27.859375
ak-47,30.90625
ak-47,35.4375
ak-47,74.734375
m4a1,47.921875
ak-47,52.515625
ak-47,56.15625
ak-47,57.875
m4a1,48.296875
m4a1,51.3125
m4a1,101.828125
ak-47,104.71875
m4a1,18.53125
ak-47,22.09375
ak-47,22.359375
ak-47,27.71875
ak-47,29.203125
ak-47,32.765625
ak-47,32.828125
ak-47,64.015625
ak-47,16.015625
m4a1,28.578125
ak-47,46.828125
ak-47,55.59375
ak-47,56.578125
ak-47,74.28125
ak-47,78.375
m4a1,22.0
m4a1,22.90625
ak-47,24.140625
ak-47,27.453125
ak-47,33.5
ak-47,48.171875
m4a1,52.578125
m4a1,57.59375
ak-47,58.328125
mac-10,30.140625
mac-10,32.90625
mac-10,43.21875
mac-10,45.953125
ak-47,36.203125
ak-47,41.9375
m4a1,25.296875
ak-47,31.125
m4a1,46.015625
ak-47,69.609375
m4a1,17.375
awp,27.796875
awp,33.859375
awp,36.140625
awp,44.8125
ak-47,51.8125
ak-47,52.40625
awp,12.671875
awp,28.234375
ak-47,39.015625
m4a1,53.796875
awp,54.953125
ak-47,55.015625
awp,57.953125
awp,79.625
awp,97.8125
m4a1,12.5625
m4a1,14.25
ak-47,46.6875
mp9,48.09375
mp9,55.390625
mp9,56.296875
ak-47,13.484375
m4a1,22.203125
m4a1,24.3125
m4a1,24.40625
m4a1,13.28125
mp9,14.8125
mp9,15.53125
mp9,17.46875
ak-47,16.03125
ak-47,19.046875
m4a1,57.4375
awp,92.921875
m4a1,94.09375
ak-47,104.40625
m4a1,112.46875
awp,15.4375
m4a1,33.203125
m4a1,33.40625
ak-47,39.359375
m4a1,52.25
m4a1,54.546875
awp,16.0625
m4a1,16.96875
awp,19.9375
awp,22.109375
ak-47,29.71875
awp,31.59375
ak-47,33.921875
m4a1,38.5
m4a1,56.015625
m4a1,66.59375
m4a1,68.828125
ak-47,63.109375
m4a1,66.78125
m4a1,67.203125
m4a1,75.015625
m4a1,84.296875
ak-47,90.03125
ak-47,15.546875
ak-47,17.15625
ak-47,17.75
ak-47,18.84375
ak-47,23.0
m4a1,16.140625
m4a1,17.703125
m4a1,18.765625
ak-47,26.375
ak-47,28.78125
ak-47,62.015625
ak-47,63.359375
m4a1,65.8125
ak-47,78.34375
ak-47,79.5625
ak-47,103.828125
ak-47,111.71875
m4a1,19.375
awp,26.5625
m4a1,31.875
ak-47,35.65625
m4a1,99.71875
m4a1,20.71875
m4a1,23.59375
ak-47,30.28125
ak-47,49.796875
ak-47,61.28125
awp,61.390625
mac-10,27.90625
mp9,29.140625
mac-10,33.140625
ak-47,59.609375
m4a1,22.984375
mac-10,74.875
ak-47,81.375
ak-47,106.765625
ak-47,28.78125
awp,55.140625
ak-47,57.375
ak-47,64.609375
ak-47,69.671875
ak-47,72.09375
m4a1,80.359375
m4a1,103.515625
m4a1,19.125
m4a1,35.25
m4a1,38.59375
m4a1,47.484375
m4a1,59.125
m4a1,58.796875
m4a1,73.296875
m4a1,76.4375
awp,77.25
awp,86.703125
ak-47,19.28125
ak-47,67.375
m4a1,85.40625
m4a1,113.671875
ak-47,49.71875
awp,57.921875
ak-47,91.28125
ak-47,103.671875
ak-47,104.5
ak-47,68.203125
ak-47,72.03125
ak-47,75.015625
ak-47,86.40625
ak-47,41.171875
m4a1,42.046875
ak-47,42.265625
m4a1,43.328125
awp,44.71875
m4a1,45.546875
m4a1,47.046875
m4a1,78.90625
ak-47,37.0
ak-47,56.546875
mp9,66.140625
mp9,70.875
m4a1,71.625
ak-47,76.03125
ak-47,80.6875
ak-47,86.203125
mac-10,21.5625
ak-47,24.609375
mac-10,24.796875
mac-10,36.5625
awp,20.265625
m4a1,25.84375
awp,41.453125
m4a1,42.34375
m4a1,49.375
awp,15.59375
m4a1,77.25
m4a1,97.390625
m4a1,97.484375
m4a1,97.609375
ak-47,107.09375
ak-47,16.59375
m4a1,23.0625
m4a1,23.15625
ak-47,24.359375
ak-47,25.9375
ak-47,19.703125
ak-47,40.375
awp,41.5625
ak-47,54.84375
ak-47,76.46875
ak-47,99.984375
ak-47,100.9375
awp,17.15625
m4a1,25.1875
m4a1,26.953125
ak-47,29.765625
m4a1,40.109375
ak-47,10.703125
awp,51.546875
ak-47,52.25
ak-47,60.765625
ak-47,60.96875
awp,63.53125
ak-47,43.734375
ak-47,43.921875
awp,45.421875
awp,52.578125
awp,58.796875
ak-47,68.671875
mac-10,34.9375
mac-10,36.40625
ak-47,47.875
ak-47,61.328125
ak-47,82.625
ak-47,33.359375
ak-47,75.21875
m4a1,13.859375
m4a1,14.71875
m4a1,15.84375
ak-47,82.0
ak-47,91.546875
awp,102.5
awp,111.625
awp,28.171875
awp,57.796875
ak-47,72.46875
ak-47,73.4375
awp,92.046875
ak-47,95.0625
ak-47,97.125
awp,25.59375
ak-47,26.5625
ak-47,68.875
ak-47,75.109375
ak-47,75.21875
ak-47,77.0
ak-47,84.171875
awp,41.65625
m4a1,42.25
m4a1,44.453125
m4a1,45.921875
awp,47.65625
ak-47,80.28125
ak-47,81.078125
ak-47,84.78125
m4a1,17.75
ak-47,34.40625
m4a1,37.015625
m4a1,85.203125
m4a1,86.59375
m4a1,92.640625
awp,4.59375
awp,15.046875
awp,78.203125
ak-47,81.25
ak-47,82.125
ak-47,48.84375
ak-47,73.3125
awp,78.8125
awp,98.328125
ak-47,99.5625
m4a1,99.8125
ak-47,30.59375
ak-47,35.28125
mac-10,53.578125
ak-47,60.203125
ak-47,77.25
awp,31.640625
m4a1,68.0625
m4a1,69.375
ak-47,71.046875
ak-47,71.9375
m4a1,73.671875
m4a1,76.046875
m4a1,16.21875
awp,16.890625
awp,28.71875
ak-47,41.28125
mp9,45.515625
ak-47,82.4375
ak-47,83.125
ak-47,83.5
ak-47,84.984375
ak-47,85.828125
ak-47,95.65625
m4a1,98.84375
awp,11.21875
m4a1,25.0
m4a1,38.96875
ak-47,49.84375
ak-47,113.0
ak-47,48.71875
ak-47,50.25
awp,7.96875
awp,30.1875
m4a1,32.71875
m4a1,33.515625
ak-47,34.40625
ak-47,62.375
awp,70.84375
ak-47,27.0625
ak-47,27.703125
ak-47,30.0625
ak-47,41.03125
ak-47,61.359375
m4a1,12.234375
m4a1,13.0625
m4a1,13.75
ak-47,18.015625
awp,18.890625
awp,32.71875
ak-47,50.703125
ak-47,13.15625
ak-47,15.921875
awp,76.578125
m4a1,83.421875
awp,88.25
ak-47,90.375
awp,14.109375
ak-47,28.125
ak-47,45.5
m4a1,62.8125
awp,74.828125
ak-47,77.515625
ak-47,17.875
m4a1,27.03125
awp,27.734375
awp,31.03125
ak-47,37.65625
awp,79.859375
ak-47,46.328125
ak-47,49.625
m4a1,49.71875
awp,50.203125
ak-47,50.5
awp,55.90625
ak-47,66.65625
awp,17.84375
awp,42.921875
m4a1,68.0625
ak-47,68.4375
awp,71.0
awp,74.109375
ak-47,36.125
ak-47,37.3125
m4a1,39.71875
ak-47,16.59375
ak-47,36.25
awp,46.421875
ak-47,77.703125
ak-47,80.46875
awp,91.765625
ak-47,103.3125
awp,15.78125
awp,19.625
m4a1,20.71875
ak-47,47.1875
ak-47,91.609375
ak-47,105.0625
ak-47,42.09375
ak-47,43.375
ak-47,44.609375
m4a1,34.46875
m4a1,54.796875
m4a1,55.03125
ak-47,69.71875
ak-47,73.015625
mp9,58.453125
ak-47,67.9375
ak-47,70.921875
m4a1,13.21875
ak-47,13.5625
ak-47,20.328125
ak-47,21.171875
m4a1,21.53125
ak-47,30.796875
ak-47,87.484375
ak-47,34.25
m4a1,44.84375
ak-47,74.34375
m4a1,75.953125
m4a1,98.015625
ak-47,26.3125
m4a1,41.515625
ak-47,43.671875
m4a1,45.75
m4a1,76.296875
m4a1,14.4375
ak-47,17.390625
ak-47,18.625
m4a1,18.96875
m4a1,31.28125
m4a1,34.015625
m4a1,35.5625
ak-47,38.921875
ak-47,41.5625
ak-47,31.84375
ak-47,38.875
ak-47,39.578125
ak-47,46.046875
ak-47,46.625
mac-10,78.625
ak-47,27.3125
ak-47,48.59375
ak-47,52.6875
ak-47,29.9375
ak-47,31.859375
m4a1,12.515625
ak-47,19.3125
m4a1,22.046875
m4a1,27.15625
m4a1,31.859375
m4a1,32.6875
m4a1,38.515625
m4a1,48.21875
m4a1,49.09375
mac-10,52.546875
mac-10,53.0625
m4a1,31.703125
ak-47,41.0625
m4a1,41.203125
m4a1,41.265625
m4a1,44.984375
m4a1,54.296875
m4a1,26.609375
m4a1,27.875
m4a1,31.984375
mp9,75.921875
mp9,76.515625
ak-47,80.96875
m4a1,81.375
ak-47,22.515625
ak-47,42.46875
m4a1,33.375
ak-47,35.34375
ak-47,57.09375
ak-47,58.21875
m4a1,62.640625
ak-47,23.84375
ak-47,26.0
m4a1,29.453125
m4a1,34.5
ak-47,34.515625
ak-47,79.96875
ak-47,16.328125
ak-47,18.125
ak-47,20.421875
m4a1,64.046875
ak-47,64.84375
m4a1,66.265625
m4a1,66.859375
ak-47,13.25
mp9,17.90625
mp9,18.609375
m4a1,22.78125
ak-47,22.953125
ak-47,23.109375
ak-47,46.234375
ak-47,18.265625
m4a1,18.328125
ak-47,18.75
m4a1,26.625
m4a1,36.890625
ak-47,16.453125
ak-47,16.546875
m4a1,19.015625
ak-47,35.28125
awp,36.1875
m4a1,42.34375
m4a1,51.171875
mac-10,31.484375
mac-10,43.125
mac-10,43.484375
mac-10,44.015625
mac-10,44.171875
m4a1,13.890625
m4a1,29.46875
mac-10,35.75
m4a1,38.015625
ak-47,62.046875
ak-47,63.0
m4a1,24.640625
m4a1,30.671875
ak-47,42.203125
ak-47,48.078125
awp,31.890625
m4a1,32.28125
awp,35.390625
m4a1,38.25
m4a1,39.375
ak-47,21.046875
ak-47,27.515625
ak-47,31.625
m4a1,41.140625
ak-47,77.828125
ak-47,84.375
ak-47,111.71875
ak-47,112.375
m4a1,12.453125
ak-47,13.28125
m4a1,67.28125
m4a1,67.8125
ak-47,105.109375
awp,110.578125
m4a1,82.234375
m4a1,89.59375
m4a1,92.0625
m4a1,113.8125
m4a1,15.8125
m4a1,21.1875
ak-47,33.9375
m4a1,52.375
m4a1,54.515625
m4a1,30.828125
m4a1,37.765625
awp,40.828125
ak-47,46.78125
m4a1,50.140625
m4a1,52.828125
m4a1,13.3125
m4a1,13.703125
m4a1,21.875
m4a1,23.171875
m4a1,16.109375
ak-47,22.09375
ak-47,23.484375
ak-47,23.984375
ak-47,24.796875
m4a1,60.921875
ak-47,62.84375
mac-10,30.09375
mp9,30.828125
mac-10,31.40625
mp9,37.484375
mac-10,44.296875
ak-47,45.59375
ak-47,46.375
ak-47,82.375
ak-47,31.71875
m4a1,47.890625
ak-47,49.015625
ak-47,49.609375
ak-47,52.578125
m4a1,72.578125
m4a1,74.390625
m4a1,75.5625
m4a1,77.421875
mp9,81.6875
awp,26.859375
ak-47,27.78125
ak-47,27.53125
ak-47,28.953125
ak-47,30.0
ak-47,79.015625
m4a1,85.171875
m4a1,98.53125
m4a1,100.78125
mac-10,14.28125
m4a1,16.46875
ak-47,17.984375
ak-47,34.84375
ak-47,50.203125
ak-47,64.828125
m4a1,75.359375
ak-47,75.5625
m4a1,76.921875
m4a1,91.75
m4a1,97.4375
m4a1,98.515625
ak-47,27.96875
m4a1,28.15625
ak-47,51.265625
ak-47,52.265625
awp,52.875
ak-47,54.859375
awp,50.578125
m4a1,53.4375
m4a1,63.296875
awp,68.625
m4a1,72.28125
ak-47,87.09375
mac-10,92.53125
mac-10,95.109375
m4a1,45.734375
ak-47,51.0
awp,53.65625
ak-47,55.3125
awp,60.359375
ak-47,61.84375
ak-47,90.125
m4a1,90.796875
m4a1,96.359375
awp,49.03125
m4a1,74.796875
m4a1,77.28125
ak-47,81.609375
m4a1,82.15625
m4a1,96.328125
ak-47,39.625
ak-47,42.125
ak-47,42.515625
ak-47,49.75
ak-47,50.875
awp,56.015625
ak-47,77.375
ak-47,84.75
ak-47,13.0
ak-47,13.703125
m4a1,26.765625
ak-47,33.8125
awp,69.53125
ak-47,80.328125
awp,81.296875
ak-47,62.734375
ak-47,62.96875
ak-47,64.328125
m4a1,79.71875
m4a1,80.609375
ak-47,93.59375
ak-47,96.703125
ak-47,9.125
m4a1,96.6875
m4a1,98.65625
m4a1,105.8125
m4a1,63.59375
ak-47,29.09375
ak-47,29.59375
ak-47,30.78125
ak-47,63.265625
m4a1,76.375
ak-47,55.546875
m4a1,56.796875
ak-47,57.09375
ak-47,62.375
m4a1,67.078125
m4a1,68.1875
awp,78.078125
ak-47,83.640625
awp,84.578125
ak-47,28.5625
ak-47,44.640625
m4a1,45.8125
m4a1,49.65625
m4a1,54.21875
mp9,68.109375
awp,68.3125
ak-47,52.421875
m4a1,58.75
m4a1,60.28125
m4a1,63.234375
awp,72.671875
ak-47,75.046875
m4a1,76.8125
m4a1,60.0
ak-47,92.015625
m4a1,93.796875
ak-47,97.875
m4a1,100.6875
ak-47,101.25
m4a1,101.984375
m4a1,104.109375
m4a1,30.125
awp,35.28125
m4a1,35.625
awp,37.0625
awp,39.703125
ak-47,13.9375
ak-47,14.015625
ak-47,25.828125
ak-47,32.90625
ak-47,21.78125
ak-47,40.703125
m4a1,45.4375
ak-47,45.71875
ak-47,58.546875
awp,60.796875
ak-47,62.65625
ak-47,24.265625
ak-47,26.328125
mp9,39.375
ak-47,39.71875
mp9,39.796875
mp9,41.140625
mp9,90.109375
m4a1,14.15625
m4a1,14.828125
m4a1,15.625
m4a1,16.46875
m4a1,17.578125
m4a1,19.28125
m4a1,19.90625
m4a1,30.328125
mp9,33.90625
mp9,51.5625
ak-47,23.0625
m4a1,24.453125
m4a1,26.5625
ak-47,27.8125
ak-47,60.953125
m4a1,62.703125
ak-47,65.34375
ak-47,67.109375
m4a1,76.5
m4a1,77.0625
ak-47,77.140625
m4a1,77.609375
ak-47,81.234375
ak-47,81.703125
ak-47,105.4375
ak-47,107.65625
ak-47,57.15625
ak-47,65.515625
ak-47,13.375
ak-47,15.578125
ak-47,16.859375
awp,18.703125
ak-47,21.8125
ak-47,35.0
m4a1,73.5
m4a1,8.421875
ak-47,85.375
m4a1,87.546875
ak-47,88.234375
ak-47,89.859375
m4a1,93.5625
ak-47,108.75
awp,17.875
ak-47,18.96875
awp,20.140625
awp,21.96875
m4a1,26.0625
awp,32.90625
ak-47,34.96875
awp,37.671875
ak-47,39.921875
m4a1,43.125
ak-47,63.328125
ak-47,63.609375
ak-47,72.921875
awp,35.234375
m4a1,36.46875
ak-47,54.359375
m4a1,57.78125
m4a1,64.546875
mp9,54.03125
mp9,54.8125
mp9,55.078125
m4a1,58.390625
m4a1,62.53125
m4a1,92.421875
ak-47,93.453125
ak-47,95.09375
m4a1,95.921875
m4a1,96.546875
ak-47,96.703125
m4a1,97.21875
mp9,109.734375
ak-47,53.921875
m4a1,57.359375
ak-47,61.390625
m4a1,63.828125
m4a1,64.28125
ak-47,22.1875
ak-47,30.75
awp,33.296875
ak-47,33.796875
ak-47,34.515625
m4a1,35.609375
ak-47,44.1875
mac-10,14.90625
mac-10,15.28125
ak-47,62.5625
awp,69.5
m4a1,75.40625
m4a1,75.609375
m4a1,75.71875
ak-47,21.359375
m4a1,23.21875
m4a1,23.28125
m4a1,23.625
m4a1,24.671875
ak-47,56.765625
ak-47,58.015625
awp,81.453125
m4a1,52.984375
ak-47,53.53125
ak-47,53.84375
m4a1,56.046875
ak-47,81.765625
ak-47,20.3125
m4a1,25.671875
ak-47,32.90625
awp,33.296875
ak-47,43.0
m4a1,44.5
m4a1,52.375
m4a1,56.5
ak-47,11.890625
ak-47,14.390625
awp,17.515625
m4a1,17.65625
ak-47,19.765625
ak-47,20.40625
ak-47,56.671875
ak-47,59.09375
m4a1,18.484375
ak-47,24.921875
ak-47,33.015625
m4a1,43.359375
ak-47,55.0625
m4a1,16.421875
ak-47,16.75
ak-47,20.703125
m4a1,22.390625
ak-47,31.46875
m4a1,50.78125
m4a1,59.328125
mp9,17.34375
m4a1,20.984375
m4a1,43.015625
m4a1,59.890625
m4a1,60.6875
m4a1,61.84375
mac-10,63.203125
ak-47,75.265625
m4a1,56.578125
m4a1,59.4375
m4a1,34.6875
ak-47,44.25
ak-47,45.640625
ak-47,46.765625
m4a1,48.71875
ak-47,50.609375
m4a1,65.265625
ak-47,68.546875
ak-47,99.359375
ak-47,105.640625
mp9,109.40625
awp,112.234375
ak-47,13.984375
ak-47,71.984375
ak-47,77.046875
ak-47,77.6875
m4a1,28.875
m4a1,30.671875
m4a1,32.96875
ak-47,33.96875
ak-47,50.015625
m4a1,63.40625
ak-47,68.828125
ak-47,69.78125
ak-47,71.765625
ak-47,24.890625
ak-47,56.125
m4a1,60.03125
m4a1,61.15625
ak-47,64.234375
ak-47,64.59375
ak-47,65.375
ak-47,76.75
awp,81.234375
awp,90.328125
ak-47,99.765625
m4a1,16.40625
awp,19.609375
awp,53.234375
ak-47,58.40625
m4a1,64.6875
ak-47,65.703125
m4a1,72.703125
ak-47,79.390625
ak-47,103.328125
ak-47,31.625
ak-47,31.734375
ak-47,32.4375
ak-47,71.703125
ak-47,72.984375
m4a1,12.515625
ak-47,18.4375
ak-47,32.203125
m4a1,40.171875
m4a1,42.53125
m4a1,50.46875
ak-47,68.15625
ak-47,101.234375
m4a1,44.75
m4a1,58.90625
ak-47,29.109375
ak-47,40.0625
ak-47,45.734375
ak-47,54.09375
ak-47,56.953125
ak-47,20.359375
ak-47,30.75
m4a1,32.953125
ak-47,36.03125
ak-47,38.03125
ak-47,87.734375
ak-47,63.4375
ak-47,81.78125
ak-47,84.640625
ak-47,86.0
ak-47,100.859375
m4a1,54.828125
ak-47,57.15625
awp,59.84375
m4a1,60.71875
m4a1,65.625
ak-47,91.390625
ak-47,91.796875
ak-47,113.71875
ak-47,29.71875
awp,15.015625
m4a1,16.0
ak-47,47.671875
mp9,48.578125
m4a1,78.1875
ak-47,51.625
m4a1,59.375
ak-47,111.953125
ak-47,9.390625
ak-47,11.265625
ak-47,15.640625
ak-47,18.953125
ak-47,24.125
awp,27.390625
awp,32.515625
awp,11.578125
m4a1,13.828125
m4a1,24.5
m4a1,25.015625
m4a1,28.515625
m4a1,35.3125
ak-47,46.671875
ak-47,76.28125
m4a1,82.46875
awp,100.125
ak-47,103.65625
awp,106.046875
ak-47,113.875
m4a1,43.59375
m4a1,96.28125
ak-47,99.1875
m4a1,106.390625
awp,108.859375
ak-47,71.4375
ak-47,73.921875
ak-47,75.8125
ak-47,81.53125
ak-47,88.578125
ak-47,95.90625
ak-47,105.734375
ak-47,106.46875
ak-47,110.90625
ak-47,13.265625
ak-47,23.078125
m4a1,24.234375
m4a1,25.28125
ak-47,26.140625
ak-47,44.015625
ak-47,50.171875
m4a1,55.140625
ak-47,66.734375
m4a1,79.703125
ak-47,80.359375
awp,80.65625
m4a1,90.921875
awp,76.671875
ak-47,83.53125
ak-47,93.015625
ak-47,98.390625
ak-47,98.921875
m4a1,102.0
m4a1,106.0625
ak-47,19.296875
ak-47,26.765625
ak-47,28.96875
ak-47,41.234375
awp,47.46875
m4a1,72.421875
mp9,79.015625
m4a1,38.328125
m4a1,82.421875
ak-47,52.890625
ak-47,59.140625
awp,71.953125
ak-47,81.875
ak-47,86.109375
ak-47,89.078125
m4a1,36.046875
ak-47,58.234375
ak-47,68.859375
ak-47,83.875
ak-47,90.96875
m4a1,60.6875
m4a1,62.734375
m4a1,63.34375
ak-47,97.734375
m4a1,111.203125
ak-47,20.703125
awp,30.546875
ak-47,99.3125
m4a1,113.109375
awp,10.84375
m4a1,19.03125
ak-47,54.234375
ak-47,87.671875
m4a1,93.28125
ak-47,99.015625
m4a1,104.765625
ak-47,41.875
ak-47,43.3125
m4a1,46.515625
m4a1,53.40625
ak-47,53.609375
ak-47,56.328125
ak-47,42.78125
ak-47,63.359375
ak-47,71.046875
awp,13.359375
mp9,19.921875
mp9,24.71875
ak-47,32.296875
ak-47,37.8125
awp,56.328125
ak-47,51.328125
ak-47,85.953125
mp9,98.4375
m4a1,60.875
m4a1,64.34375
m4a1,68.59375
ak-47,68.859375
m4a1,71.5
ak-47,72.15625
m4a1,73.84375
ak-47,12.125
m4a1,35.90625
m4a1,69.203125
m4a1,70.6875
ak-47,84.1875
m4a1,65.3125
m4a1,78.21875
m4a1,78.71875
m4a1,81.453125
ak-47,96.796875
m4a1,22.453125
ak-47,25.40625
ak-47,25.546875
m4a1,28.03125
ak-47,28.40625
m4a1,28.984375
ak-47,48.625
ak-47,73.828125
ak-47,25.15625
ak-47,29.578125
ak-47,53.96875
mp9,82.296875
mac-10,15.15625
mac-10,19.125
mac-10,19.71875
mac-10,23.21875
ak-47,78.90625
mac-10,28.765625
m4a1,29.90625
mac-10,34.078125
m4a1,40.1875
ak-47,40.203125
m4a1,40.5625
m4a1,52.75
awp,66.359375
ak-47,101.734375
awp,103.109375
ak-47,111.125
ak-47,26.765625
awp,37.390625
ak-47,33.34375
m4a1,35.546875
m4a1,36.046875
ak-47,41.140625
m4a1,44.5625
ak-47,47.4375
awp,49.3125
m4a1,56.0
m4a1,53.78125
ak-47,62.8125
awp,92.828125
m4a1,101.390625
awp,104.84375
m4a1,92.453125
ak-47,98.21875
ak-47,100.96875
awp,10.421875
ak-47,53.328125
m4a1,103.234375
m4a1,22.765625
m4a1,30.4375
m4a1,89.140625
ak-47,95.828125
ak-47,98.71875
ak-47,67.890625
awp,105.75
awp,109.484375
m4a1,114.453125
mp9,16.9375
ak-47,24.421875
m4a1,36.546875
m4a1,46.515625
m4a1,100.625
m4a1,103.40625
m4a1,107.296875
m4a1,111.921875
ak-47,98.078125
ak-47,99.25
ak-47,99.875
ak-47,100.640625
m4a1,102.171875
m4a1,111.140625
awp,85.03125
m4a1,95.8125
ak-47,98.859375
awp,103.109375
m4a1,104.96875
awp,107.328125
m4a1,55.46875
m4a1,58.25
ak-47,61.4375
awp,74.03125
ak-47,23.78125
ak-47,24.6875
m4a1,55.796875
m4a1,66.765625
awp,67.21875
m4a1,26.5
m4a1,26.90625
m4a1,71.78125
mp9,72.03125
mp9,73.53125
m4a1,79.15625
m4a1,14.5
ak-47,16.328125
m4a1,22.0
m4a1,22.578125
m4a1,24.125
mp9,25.0
m4a1,45.09375
m4a1,35.078125
mp9,35.734375
mp9,37.21875
m4a1,41.03125
m4a1,44.015625
m4a1,58.0625
m4a1,24.484375
m4a1,27.21875
ak-47,94.03125
m4a1,98.9375
m4a1,100.296875
ak-47,86.875
ak-47,90.921875
ak-47,91.53125
ak-47,92.234375
m4a1,94.328125
ak-47,86.703125
ak-47,50.71875
ak-47,59.28125
ak-47,60.640625
ak-47,63.296875
ak-47,66.140625
awp,14.953125
awp,69.03125
ak-47,71.921875
awp,75.8125
ak-47,103.609375
awp,105.03125
awp,106.96875
m4a1,22.203125
ak-47,27.03125
m4a1,30.984375
ak-47,31.984375
m4a1,32.421875
awp,36.828125
awp,59.953125
awp,13.6875
ak-47,49.453125
ak-47,49.765625
awp,52.125
ak-47,53.296875
awp,57.0625
awp,86.734375
ak-47,88.765625
ak-47,68.640625
ak-47,70.203125
awp,92.265625
ak-47,102.796875
ak-47,103.09375
awp,111.1875
mac-10,105.984375
ak-47,18.328125
m4a1,23.96875
awp,76.171875
ak-47,112.390625
ak-47,14.890625
ak-47,48.65625
m4a1,54.8125
ak-47,55.578125
ak-47,56.1875
m4a1,99.21875
mp9,105.140625
ak-47,111.453125
mac-10,24.484375
ak-47,37.15625
mac-10,69.171875
m4a1,17.25
ak-47,23.015625
mac-10,25.8125
m4a1,34.015625
m4a1,36.1875
ak-47,14.71875
ak-47,23.703125
awp,26.609375
mac-10,26.65625
m4a1,41.671875
awp,42.390625
ak-47,48.25
ak-47,14.3125
m4a1,53.75
ak-47,55.21875
m4a1,58.828125
m4a1,62.765625
m4a1,76.984375
m4a1,45.703125
m4a1,65.78125
ak-47,67.28125
m4a1,68.3125
m4a1,112.15625
ak-47,112.625
ak-47,97.859375
ak-47,100.96875
ak-47,102.203125
ak-47,112.515625
ak-47,22.5
ak-47,56.296875
m4a1,7.84375
m4a1,12.71875
ak-47,12.9375
ak-47,48.65625
ak-47,52.125
ak-47,69.046875
ak-47,46.03125
ak-47,48.90625
ak-47,58.296875
ak-47,16.9375
awp,21.78125
awp,23.671875
m4a1,80.75
m4a1,82.359375
m4a1,84.46875
m4a1,93.578125
ak-47,53.234375
m4a1,54.71875
ak-47,104.84375
m4a1,109.34375
awp,110.203125
ak-47,110.25
awp,110.71875
mp9,46.828125
m4a1,84.578125
m4a1,86.140625
awp,15.890625
m4a1,29.453125
m4a1,29.953125
ak-47,36.59375
mp9,38.984375
mp9,40.03125
ak-47,39.078125
ak-47,83.890625
awp,84.25
ak-47,85.40625
awp,78.5625
ak-47,78.890625
awp,81.859375
ak-47,83.125
ak-47,23.75
m4a1,84.71875
m4a1,86.234375
ak-47,52.421875
ak-47,53.8125
m4a1,60.0
m4a1,63.203125
ak-47,69.078125
ak-47,69.84375
ak-47,74.390625
ak-47,33.171875
ak-47,11.90625
m4a1,13.34375
ak-47,13.625
m4a1,18.28125
ak-47,26.609375
m4a1,34.375
ak-47,39.171875
mac-10,28.9375
ak-47,29.5625
awp,80.734375
ak-47,59.578125
awp,59.90625
awp,68.984375
ak-47,12.296875
ak-47,14.75
ak-47,69.6875
ak-47,77.640625
ak-47,79.359375
ak-47,56.390625
ak-47,71.9375
m4a1,81.84375
ak-47,96.46875
ak-47,57.796875
m4a1,64.046875
ak-47,64.40625
ak-47,67.125
m4a1,71.578125
ak-47,72.40625
awp,89.25
ak-47,19.890625
m4a1,20.140625
awp,35.125
awp,37.171875
m4a1,45.4375
m4a1,46.8125
ak-47,16.796875
ak-47,26.90625
ak-47,27.34375
ak-47,57.328125
ak-47,60.546875
ak-47,64.328125
ak-47,46.0
ak-47,47.421875
ak-47,57.15625
ak-47,66.640625
ak-47,73.328125
ak-47,20.703125
ak-47,21.953125
ak-47,38.109375
ak-47,49.3125
m4a1,53.390625
m4a1,58.359375
m4a1,63.328125
mac-10,38.1875
mac-10,39.359375
mac-10,50.109375
mac-10,56.4375
ak-47,33.015625
ak-47,34.5
m4a1,51.828125
ak-47,53.34375
m4a1,53.484375
mac-10,16.21875
ak-47,17.84375
mac-10,18.984375
ak-47,22.015625
ak-47,77.609375
awp,68.6875
ak-47,71.75
ak-47,80.796875
ak-47,98.0
m4a1,101.5
m4a1,49.21875
ak-47,82.96875
m4a1,88.046875
ak-47,88.4375
m4a1,91.546875
ak-47,94.078125
ak-47,101.078125
ak-47,107.96875
awp,34.703125
ak-47,72.515625
m4a1,73.78125
ak-47,76.375
m4a1,77.203125
ak-47,81.28125
awp,83.0
ak-47,95.890625
mp9,96.578125
m4a1,13.859375
awp,17.28125
awp,20.40625
awp,36.390625
awp,42.953125
awp,46.8125
awp,12.890625
ak-47,16.21875
awp,19.734375
mac-10,22.59375
ak-47,66.34375
ak-47,18.484375
ak-47,34.6875
ak-47,74.625
m4a1,36.171875
ak-47,46.109375
ak-47,54.25
ak-47,56.8125
ak-47,103.09375
ak-47,103.28125
ak-47,104.703125
ak-47,112.0625
ak-47,32.578125
ak-47,35.046875
ak-47,36.28125
ak-47,38.640625
m4a1,13.296875
awp,20.71875
ak-47,87.53125
m4a1,18.28125
m4a1,18.875
awp,34.671875
ak-47,86.671875
ak-47,70.828125
ak-47,73.4375
ak-47,75.53125
awp,11.515625
awp,13.203125
ak-47,82.328125
ak-47,95.9375
ak-47,97.921875
awp,98.84375
awp,100.828125
awp,10.5625
ak-47,12.90625
ak-47,13.34375
m4a1,72.09375
awp,84.296875
ak-47,14.15625
ak-47,45.828125
ak-47,48.8125
ak-47,54.234375
ak-47,71.734375
ak-47,85.9375
awp,12.53125
ak-47,24.171875
awp,33.34375
ak-47,48.21875
ak-47,11.890625
ak-47,17.5625
awp,27.453125
ak-47,31.40625
ak-47,32.765625
ak-47,49.796875
ak-47,51.515625
ak-47,52.890625
ak-47,54.421875
awp,11.625
ak-47,18.625
awp,21.375
awp,43.09375
ak-47,53.0
ak-47,58.015625
ak-47,79.125
ak-47,85.25
ak-47,85.90625
mac-10,85.9375
ak-47,35.8125
m4a1,41.46875
ak-47,45.828125
m4a1,49.640625
ak-47,66.734375
ak-47,70.84375
mp9,12.140625
ak-47,19.828125
ak-47,42.640625
ak-47,46.375
ak-47,47.890625
ak-47,11.140625
ak-47,16.46875
ak-47,55.734375
ak-47,58.453125
ak-47,58.859375
mac-10,27.59375
mac-10,31.5625
mac-10,43.65625
ak-47,76.9375
m4a1,24.375
m4a1,24.96875
m4a1,25.0625
mac-10,38.03125
m4a1,77.265625
m4a1,88.359375
ak-47,36.984375
m4a1,39.96875
ak-47,72.21875
mp9,74.0
ak-47,76.15625
ak-47,82.078125
ak-47,94.734375
ak-47,22.28125
ak-47,28.78125
awp,32.21875
ak-47,33.78125
m4a1,35.8125
ak-47,36.078125
ak-47,66.140625
ak-47,27.140625
ak-47,92.515625
ak-47,92.953125
ak-47,101.046875
ak-47,11.828125
m4a1,17.84375
m4a1,19.84375
m4a1,22.140625
awp,26.546875
ak-47,27.75
ak-47,53.5625
ak-47,18.078125
m4a1,24.625
m4a1,35.828125
ak-47,39.5
ak-47,52.03125
ak-47,71.8125
ak-47,73.6875
ak-47,20.265625
mp9,97.953125
ak-47,99.296875
mp9,99.875
ak-47,100.3125
ak-47,16.234375
m4a1,31.703125
ak-47,38.09375
awp,54.21875
ak-47,64.046875
ak-47,65.25
ak-47,67.015625
ak-47,31.59375
ak-47,41.890625
ak-47,64.640625
ak-47,85.03125
awp,11.65625
m4a1,25.984375
m4a1,26.390625
m4a1,33.109375
ak-47,33.46875
m4a1,37.8125
m4a1,20.515625
ak-47,21.234375
ak-47,22.125
m4a1,36.140625
ak-47,83.96875
m4a1,37.171875
m4a1,37.484375
m4a1,40.578125
m4a1,42.4375
m4a1,47.359375
mp9,16.09375
m4a1,43.734375
m4a1,48.859375
m4a1,84.609375
mp9,85.484375
m4a1,102.0
m4a1,38.890625
awp,51.671875
ak-47,68.140625
awp,68.71875
m4a1,71.234375
awp,74.203125
awp,46.5625
ak-47,48.46875
awp,51.8125
ak-47,53.015625
m4a1,54.046875
m4a1,31.984375
m4a1,33.890625
ak-47,45.203125
ak-47,59.21875
m4a1,66.53125
m4a1,69.1875
awp,9.953125
m4a1,41.578125
m4a1,54.84375
ak-47,62.078125
ak-47,70.828125
awp,8.875
m4a1,35.734375
awp,35.953125
m4a1,86.296875
m4a1,86.84375
m4a1,91.0625
m4a1,50.0
m4a1,54.046875
ak-47,55.765625
m4a1,78.125
awp,78.1875
m4a1,99.71875
awp,46.28125
ak-47,63.0
ak-47,64.296875
awp,73.0625
m4a1,78.203125
ak-47,84.375
ak-47,93.171875
ak-47,29.203125
ak-47,33.421875
ak-47,34.578125
ak-47,34.984375
ak-47,50.515625
ak-47,79.15625
m4a1,81.171875
awp,12.8125
ak-47,19.9375
ak-47,84.5
awp,92.625
awp,18.203125
ak-47,30.078125
m4a1,82.15625
m4a1,82.859375
ak-47,83.34375
m4a1,86.3125
mp9,17.140625
mp9,17.421875
mp9,17.96875
awp,16.65625
ak-47,31.578125
m4a1,33.921875
ak-47,34.046875
m4a1,65.5625
m4a1,21.484375
m4a1,70.25
m4a1,70.859375
m4a1,72.296875
m4a1,29.390625
ak-47,31.390625
awp,37.984375
ak-47,55.734375
m4a1,91.359375
ak-47,100.796875
m4a1,47.96875
ak-47,48.015625
awp,55.25
ak-47,60.796875
m4a1,67.71875
ak-47,75.28125
m4a1,97.0625
m4a1,97.640625
m4a1,39.296875
m4a1,69.375
m4a1,77.359375
m4a1,78.59375
m4a1,50.828125
m4a1,53.609375
m4a1,59.046875
m4a1,62.0
mp9,64.28125
m4a1,15.125
m4a1,54.46875
m4a1,76.765625
m4a1,79.546875
mp9,86.828125
ak-47,81.421875
awp,86.390625
awp,88.125
m4a1,89.5
ak-47,96.59375
awp,99.1875
m4a1,105.421875
ak-47,17.515625
m4a1,18.015625
awp,21.046875
ak-47,30.75
ak-47,31.34375
ak-47,61.3125
ak-47,90.59375
ak-47,91.734375
m4a1,97.375
mp9,102.859375
ak-47,15.40625
ak-47,27.65625
ak-47,30.0
awp,34.078125
ak-47,37.046875
ak-47,42.828125
ak-47,85.515625
ak-47,39.828125
m4a1,83.046875
ak-47,83.890625
m4a1,85.125
m4a1,87.84375
ak-47,88.125
awp,92.859375
awp,99.21875
ak-47,51.59375
m4a1,53.8125
mp9,89.4375
awp,91.375
ak-47,95.421875
awp,95.828125
ak-47,80.46875
ak-47,89.078125
m4a1,95.03125
mp9,106.328125
ak-47,13.359375
ak-47,24.703125
ak-47,40.640625
ak-47,41.6875
ak-47,42.875
ak-47,44.25
ak-47,47.78125
awp,75.359375
m4a1,84.1875
ak-47,89.875
m4a1,94.25
ak-47,98.0
awp,10.078125
awp,32.34375
m4a1,37.421875
m4a1,40.0625
m4a1,44.984375
m4a1,19.265625
awp,22.40625
ak-47,22.453125
awp,55.890625
awp,58.09375
ak-47,63.4375
awp,10.734375
ak-47,35.109375
awp,31.484375
awp,42.0
ak-47,52.65625
awp,71.28125
m4a1,73.78125
awp,10.453125
awp,16.90625
m4a1,25.046875
awp,29.71875
ak-47,26.328125
awp,35.578125
awp,39.625
ak-47,40.3125
ak-47,44.109375
ak-47,46.390625
awp,73.890625
mp9,27.390625
ak-47,24.421875
ak-47,29.546875
ak-47,56.0
ak-47,78.4375
ak-47,78.21875
m4a1,78.578125
ak-47,79.546875
ak-47,41.5
ak-47,42.125
m4a1,48.90625
m4a1,54.140625
m4a1,70.921875
m4a1,74.078125
ak-47,14.15625
ak-47,31.34375
ak-47,32.78125
m4a1,34.25
ak-47,48.890625
awp,49.859375
ak-47,16.46875
ak-47,17.453125
ak-47,26.6875
ak-47,31.71875
awp,57.421875
ak-47,57.890625
ak-47,63.171875
ak-47,65.484375
awp,70.6875
awp,108.296875
awp,16.984375
awp,49.921875
m4a1,53.21875
awp,66.546875
m4a1,88.84375
ak-47,107.109375
ak-47,19.09375
mp9,29.65625
ak-47,38.78125
ak-47,69.796875
ak-47,72.828125
ak-47,32.40625
ak-47,79.046875
m4a1,13.671875
ak-47,13.765625
ak-47,17.734375
ak-47,42.546875
ak-47,53.296875
ak-47,54.265625
mac-10,52.875
ak-47,76.46875
ak-47,25.8125
ak-47,26.671875
m4a1,29.015625
m4a1,34.234375
m4a1,10.046875
m4a1,12.765625
ak-47,59.59375
ak-47,83.546875
mp9,92.234375
m4a1,99.75
m4a1,100.25
m4a1,103.921875
m4a1,15.390625
m4a1,15.40625
ak-47,22.65625
ak-47,58.21875
m4a1,58.453125
ak-47,40.765625
ak-47,113.78125
ak-47,14.484375
m4a1,14.5625
ak-47,28.3125
ak-47,48.546875
mp9,48.671875
ak-47,50.0625
ak-47,52.734375
mac-10,57.796875
mac-10,73.515625
mp9,73.796875
ak-47,76.5
ak-47,54.0625
ak-47,54.25
mac-10,70.0
ak-47,88.078125
mac-10,91.921875
mac-10,15.734375
mac-10,22.875
awp,23.34375
m4a1,30.375
ak-47,43.46875
ak-47,88.390625
mp9,25.90625
ak-47,29.828125
ak-47,35.5625
ak-47,16.609375
ak-47,19.984375
m4a1,28.265625
m4a1,29.5
m4a1,42.390625
ak-47,42.875
m4a1,70.21875
m4a1,71.125
awp,98.203125
m4a1,101.796875
ak-47,102.71875
m4a1,103.515625
awp,105.890625
awp,107.875
m4a1,112.734375
ak-47,22.8125
ak-47,79.71875
awp,80.625
ak-47,84.109375
ak-47,41.828125
ak-47,79.9375
ak-47,84.25
ak-47,15.625
m4a1,18.421875
awp,40.046875
m4a1,17.09375
m4a1,21.734375
ak-47,75.953125
mp9,89.75
ak-47,93.390625
m4a1,94.03125
ak-47,84.40625
ak-47,88.90625
ak-47,89.34375
m4a1,108.09375
awp,109.4375
ak-47,26.96875
ak-47,32.109375
ak-47,17.875
ak-47,30.15625
m4a1,36.8125
m4a1,38.265625
m4a1,40.03125
m4a1,45.0625
ak-47,52.65625
mp9,18.703125
m4a1,21.453125
mp9,62.921875
awp,69.828125
ak-47,75.265625
ak-47,22.84375
m4a1,55.046875
awp,96.84375
ak-47,103.875
ak-47,15.75
ak-47,66.203125
m4a1,78.40625
m4a1,79.859375
ak-47,79.96875
m4a1,95.3125
ak-47,32.234375
mp9,33.8125
ak-47,34.015625
mp9,89.296875
ak-47,97.796875
ak-47,99.859375
ak-47,56.484375
ak-47,57.1875
ak-47,97.125
ak-47,98.125
awp,75.125
m4a1,87.90625
awp,88.296875
awp,85.390625
ak-47,86.984375
ak-47,87.828125
m4a1,88.84375
m4a1,90.5
m4a1,90.84375
ak-47,17.921875
ak-47,25.296875
ak-47,25.5
m4a1,32.234375
m4a1,78.328125
mp9,81.375
ak-47,76.703125
m4a1,84.328125
mp9,85.03125
ak-47,85.703125
m4a1,89.5
m4a1,94.453125
ak-47,13.953125
m4a1,29.921875
m4a1,31.625
awp,33.59375
ak-47,36.90625
ak-47,20.796875
ak-47,28.4375
awp,30.0
ak-47,59.578125
ak-47,61.75
ak-47,89.390625
m4a1,89.609375
ak-47,89.8125
awp,30.75
ak-47,31.890625
ak-47,34.359375
awp,39.234375
m4a1,47.21875
awp,61.28125
ak-47,45.4375
ak-47,53.59375
awp,56.96875
ak-47,58.90625
ak-47,15.046875
ak-47,16.734375
awp,77.15625
m4a1,86.984375
ak-47,87.8125
ak-47,89.046875
ak-47,89.546875
awp,101.390625
ak-47,54.421875
m4a1,56.0625
ak-47,56.25
awp,58.375
ak-47,58.4375
awp,61.921875
ak-47,75.578125
awp,63.5
ak-47,67.28125
ak-47,69.78125
ak-47,75.609375
m4a1,76.578125
awp,79.671875
awp,20.5625
ak-47,23.171875
ak-47,23.734375
mac-10,26.40625
ak-47,28.34375
ak-47,37.1875
ak-47,19.671875
ak-47,21.9375
ak-47,37.015625
m4a1,12.90625
m4a1,15.546875
m4a1,17.109375
m4a1,17.234375
m4a1,28.09375
m4a1,33.8125
ak-47,70.859375
ak-47,71.1875
m4a1,75.765625
m4a1,80.890625
m4a1,82.09375
m4a1,82.140625
ak-47,90.515625
awp,12.71875
m4a1,20.09375
ak-47,20.75
awp,58.671875
ak-47,62.71875
awp,9.96875
ak-47,12.03125
awp,17.640625
ak-47,19.234375
m4a1,22.40625
ak-47,32.15625
ak-47,71.59375
ak-47,71.84375
ak-47,74.328125
m4a1,79.6875
ak-47,93.84375
m4a1,78.171875
ak-47,81.84375
ak-47,82.671875
ak-47,82.703125
ak-47,90.125
m4a1,93.921875
m4a1,98.8125
m4a1,17.890625
m4a1,41.3125
m4a1,42.0
awp,43.5625
m4a1,59.609375
ak-47,24.09375
awp,56.40625
ak-47,56.515625
ak-47,90.90625
ak-47,91.34375
ak-47,100.328125
m4a1,14.28125
m4a1,18.75
ak-47,23.40625
m4a1,23.484375
m4a1,37.640625
ak-47,37.796875
awp,48.015625
m4a1,31.65625
m4a1,36.03125
ak-47,51.953125
m4a1,53.65625
awp,57.359375
awp,46.703125
awp,56.453125
ak-47,62.046875
awp,80.390625
ak-47,19.515625
ak-47,21.203125
m4a1,56.1875
m4a1,58.3125
ak-47,78.328125
m4a1,96.25
awp,28.375
m4a1,84.4375
ak-47,99.390625
ak-47,101.46875
ak-47,107.484375
ak-47,110.125
awp,74.625
m4a1,75.71875
awp,90.921875
m4a1,91.421875
m4a1,91.53125
m4a1,97.09375
ak-47,14.21875
ak-47,15.421875
ak-47,21.546875
m4a1,22.625
m4a1,19.125
m4a1,20.328125
mp9,67.59375
mp9,69.140625
mp9,70.140625
m4a1,41.921875
m4a1,42.3125
ak-47,69.09375
ak-47,85.765625
mp9,13.78125
ak-47,34.921875
ak-47,38.75
mp9,45.3125
m4a1,103.171875
ak-47,110.296875
mp9,22.265625
mp9,23.359375
m4a1,25.515625
m4a1,26.484375
m4a1,67.890625
m4a1,16.140625
m4a1,53.625
m4a1,55.296875
m4a1,56.578125
m4a1,56.578125
ak-47,19.359375
m4a1,19.421875
m4a1,19.875
ak-47,33.671875
ak-47,36.625
m4a1,63.421875
m4a1,88.171875
ak-47,16.625
m4a1,38.484375
awp,84.71875
ak-47,36.640625
m4a1,37.828125
awp,43.15625
m4a1,45.03125
awp,48.828125
m4a1,50.15625
ak-47,31.828125
ak-47,33.953125
ak-47,49.90625
ak-47,55.75
ak-47,93.015625
ak-47,18.5
awp,25.25
awp,48.78125
awp,55.375
ak-47,62.125
m4a1,59.234375
awp,65.765625
ak-47,92.078125
ak-47,101.03125
m4a1,103.078125
awp,104.5625
ak-47,107.21875
m4a1,12.796875
m4a1,13.5
mac-10,18.703125
m4a1,19.796875
m4a1,33.640625
m4a1,34.03125
m4a1,14.890625
m4a1,43.515625
mp9,49.515625
mp9,56.078125
m4a1,69.265625
m4a1,65.140625
mp9,67.1875
m4a1,74.578125
ak-47,77.25
ak-47,77.828125
m4a1,78.8125
ak-47,79.28125
ak-47,83.515625
ak-47,26.859375
m4a1,30.78125
ak-47,40.453125
ak-47,46.03125
ak-47,47.0625
ak-47,55.890625
m4a1,56.328125
m4a1,80.0625
ak-47,81.6875
ak-47,89.625
ak-47,89.71875
ak-47,91.390625
ak-47,16.3125
ak-47,32.015625
m4a1,33.296875
awp,53.96875
awp,55.859375
m4a1,12.421875
m4a1,15.953125
awp,28.5
mac-10,59.6875
m4a1,60.15625
ak-47,20.34375
awp,37.09375
awp,38.984375
awp,40.84375
m4a1,51.25
m4a1,53.578125
ak-47,55.296875
ak-47,81.09375
awp,82.890625
m4a1,47.84375
m4a1,63.4375
m4a1,63.484375
m4a1,66.75
mp9,69.390625
m4a1,21.765625
m4a1,29.078125
m4a1,34.171875
m4a1,43.453125
m4a1,44.84375
ak-47,25.078125
m4a1,25.421875
ak-47,26.921875
m4a1,49.15625
m4a1,55.21875
m4a1,63.765625
m4a1,105.375
ak-47,19.328125
awp,20.890625
m4a1,21.578125
awp,22.46875
mac-10,23.515625
ak-47,17.109375
m4a1,31.28125
ak-47,38.546875
ak-47,72.140625
ak-47,17.015625
awp,44.609375
ak-47,57.046875
ak-47,57.15625
ak-47,59.234375
awp,80.03125
awp,110.90625
ak-47,14.421875
m4a1,16.015625
ak-47,16.375
m4a1,19.84375
ak-47,19.890625
ak-47,28.96875
m4a1,26.265625
mac-10,26.84375
awp,27.75
ak-47,32.59375
m4a1,66.828125
awp,28.625
ak-47,49.140625
m4a1,59.03125
awp,75.125
m4a1,80.375
m4a1,84.0
m4a1,93.171875
m4a1,18.5625
mac-10,19.84375
m4a1,23.171875
ak-47,24.28125
m4a1,35.71875
awp,38.40625
m4a1,39.34375
ak-47,78.578125
m4a1,78.921875
ak-47,79.796875
ak-47,80.515625
ak-47,92.75
m4a1,99.671875
ak-47,100.0
ak-47,100.484375
mac-10,35.609375
mac-10,35.984375
mac-10,37.203125
m4a1,60.21875
m4a1,60.6875
m4a1,60.8125
m4a1,65.09375
m4a1,90.640625
ak-47,50.625
ak-47,62.96875
ak-47,75.65625
m4a1,106.515625
m4a1,107.375
ak-47,25.171875
ak-47,49.109375
ak-47,100.734375
ak-47,101.234375
ak-47,102.75
ak-47,105.109375
ak-47,108.90625
m4a1,24.34375
awp,59.765625
m4a1,60.734375
m4a1,67.1875
awp,67.640625
ak-47,16.921875
ak-47,17.265625
awp,17.515625
ak-47,20.1875
ak-47,33.71875
m4a1,47.171875
awp,48.3125
awp,105.375
m4a1,35.75
ak-47,37.171875
m4a1,41.28125
ak-47,42.09375
m4a1,50.875
ak-47,57.375
m4a1,78.453125
ak-47,17.53125
ak-47,69.28125
m4a1,88.015625
m4a1,89.1875
awp,43.890625
ak-47,50.109375
ak-47,50.953125
m4a1,52.578125
m4a1,74.796875
m4a1,18.625
m4a1,13.671875
m4a1,44.84375
ak-47,46.203125
m4a1,53.40625
ak-47,53.75
ak-47,55.3125
m4a1,92.625
mac-10,50.296875
mac-10,51.828125
mac-10,56.21875
mac-10,56.984375
ak-47,59.546875
m4a1,29.546875
ak-47,44.984375
m4a1,64.984375
m4a1,65.578125
m4a1,68.328125
ak-47,76.359375
m4a1,92.0625
m4a1,13.640625
ak-47,31.046875
m4a1,31.34375
ak-47,91.046875
ak-47,40.828125
ak-47,46.65625
ak-47,48.640625
ak-47,57.953125
ak-47,74.578125
m4a1,60.953125
ak-47,63.296875
m4a1,65.578125
ak-47,71.6875
ak-47,76.453125
m4a1,82.03125
m4a1,85.015625
ak-47,90.6875
awp,14.515625
ak-47,22.1875
awp,41.75
ak-47,85.265625
awp,45.515625
m4a1,46.09375
m4a1,65.15625
ak-47,87.359375
ak-47,88.453125
ak-47,94.046875
ak-47,99.8125
m4a1,84.921875
ak-47,85.015625
ak-47,89.59375
ak-47,89.796875
ak-47,90.390625
m4a1,93.109375
ak-47,94.125
ak-47,13.328125
ak-47,18.609375
ak-47,20.96875
ak-47,30.625
ak-47,36.703125
ak-47,75.9375
m4a1,79.59375
awp,83.1875
m4a1,83.828125
awp,103.484375
ak-47,103.671875
ak-47,110.296875
awp,112.96875
m4a1,40.578125
awp,41.78125
mp9,45.984375
ak-47,47.0
m4a1,105.9375
awp,108.15625
m4a1,109.1875
ak-47,15.046875
ak-47,105.296875
ak-47,71.1875
ak-47,81.84375
ak-47,83.1875
awp,12.0
mp9,59.359375
m4a1,74.59375
ak-47,79.34375
m4a1,79.8125
awp,102.15625
awp,24.09375
ak-47,29.84375
awp,32.0625
ak-47,35.734375
ak-47,45.453125
ak-47,47.890625
ak-47,61.671875
ak-47,82.59375
awp,14.828125
awp,16.609375
ak-47,21.359375
m4a1,24.515625
awp,25.453125
m4a1,28.25
ak-47,87.6875
ak-47,90.703125
ak-47,91.28125
ak-47,93.546875
ak-47,99.28125
ak-47,104.03125
mac-10,74.9375
ak-47,49.15625
m4a1,69.234375
m4a1,74.96875
m4a1,86.859375
m4a1,12.890625
ak-47,94.390625
ak-47,94.96875
ak-47,98.515625
ak-47,111.09375
ak-47,56.875
ak-47,59.65625
ak-47,85.0
m4a1,106.140625
m4a1,113.5625
ak-47,27.046875
m4a1,41.640625
ak-47,42.875
m4a1,78.90625
awp,108.453125
ak-47,110.390625
mac-10,22.0
mp9,61.640625
ak-47,63.828125
mp9,73.8125
ak-47,74.15625
ak-47,75.90625
ak-47,114.203125
awp,40.671875
ak-47,55.203125
ak-47,79.359375
awp,107.921875
mac-10,15.484375
m4a1,17.078125
mac-10,17.671875
awp,43.453125
mp9,18.9375
m4a1,54.484375
m4a1,62.140625
ak-47,102.296875
m4a1,109.015625
ak-47,110.15625
mp9,112.03125
awp,35.125
ak-47,90.53125
awp,107.921875
m4a1,108.75
awp,108.859375
ak-47,110.453125
awp,113.046875
mp9,18.65625
ak-47,18.96875
ak-47,20.421875
mp9,103.15625
ak-47,48.34375
mp9,56.421875
mac-10,60.828125
mac-10,62.234375
ak-47,84.5625
m4a1,105.34375
awp,9.5625
awp,26.53125
ak-47,54.484375
ak-47,58.515625
ak-47,25.859375
awp,61.140625
ak-47,65.84375
ak-47,55.921875
ak-47,60.453125
awp,73.125
awp,91.640625
ak-47,96.265625
ak-47,99.046875
m4a1,99.484375
ak-47,101.9375
m4a1,15.3125
m4a1,21.0
m4a1,81.765625
mp9,82.515625
m4a1,64.03125
m4a1,65.296875
ak-47,66.09375
ak-47,66.765625
ak-47,68.703125
ak-47,71.953125
ak-47,45.140625
mp9,79.421875
ak-47,16.75
ak-47,25.828125
ak-47,28.140625
ak-47,28.96875
ak-47,33.390625
ak-47,34.671875
awp,69.328125
m4a1,69.734375
m4a1,81.609375
ak-47,82.859375
m4a1,86.796875
ak-47,93.765625
ak-47,45.703125
awp,52.046875
awp,58.390625
ak-47,58.875
ak-47,68.203125
awp,79.15625
ak-47,82.515625
awp,27.609375
mp9,66.484375
m4a1,70.125
ak-47,85.921875
mp9,92.328125
ak-47,95.203125
mp9,95.890625
awp,16.421875
m4a1,47.984375
mp9,48.90625
mp9,52.265625
mp9,55.546875
ak-47,11.53125
ak-47,36.234375
ak-47,38.578125
ak-47,39.8125
ak-47,43.0
awp,57.203125
ak-47,59.671875
ak-47,72.21875
ak-47,77.984375
ak-47,22.328125
awp,7.140625
ak-47,39.140625
m4a1,47.09375
ak-47,50.734375
ak-47,70.8125
m4a1,85.78125
ak-47,106.953125
m4a1,18.734375
m4a1,20.03125
m4a1,23.265625
m4a1,74.78125
ak-47,76.25
ak-47,92.3125
m4a1,94.984375
m4a1,101.390625
m4a1,102.515625
ak-47,40.796875
ak-47,50.546875
ak-47,50.546875
ak-47,63.0
ak-47,79.359375
ak-47,93.625
ak-47,108.75
ak-47,21.90625
m4a1,49.40625
ak-47,60.4375
awp,61.828125
awp,66.75
ak-47,81.953125
ak-47,86.984375
ak-47,35.5
ak-47,40.53125
ak-47,56.359375
ak-47,36.453125
ak-47,54.8125
ak-47,69.421875
m4a1,73.6875
awp,78.4375
ak-47,86.90625
m4a1,87.15625
ak-47,89.078125
m4a1,21.671875
ak-47,22.21875
ak-47,24.734375
ak-47,35.1875
ak-47,58.46875
ak-47,67.703125
mac-10,25.53125
mac-10,44.15625
ak-47,45.390625
ak-47,15.5625
ak-47,19.484375
m4a1,24.5
ak-47,26.421875
m4a1,29.703125
m4a1,30.203125
ak-47,32.296875
m4a1,61.5625
mp9,64.625
mp9,65.625
mp9,66.5
mp9,66.953125
mp9,33.96875
mp9,76.046875
ak-47,78.4375
ak-47,91.765625
ak-47,100.796875
ak-47,104.171875
ak-47,105.21875
ak-47,106.109375
ak-47,35.9375
ak-47,40.765625
awp,41.328125
ak-47,41.8125
ak-47,12.265625
ak-47,20.75
awp,37.796875
m4a1,45.84375
awp,55.390625
m4a1,57.40625
awp,45.4375
ak-47,46.40625
ak-47,47.109375
m4a1,55.40625
m4a1,66.453125
ak-47,21.359375
awp,23.125
awp,27.703125
ak-47,55.21875
ak-47,85.578125
m4a1,91.5625
ak-47,26.078125
m4a1,26.71875
m4a1,28.25
m4a1,29.734375
ak-47,35.828125
ak-47,45.59375
ak-47,46.859375
m4a1,70.640625
ak-47,71.171875
ak-47,73.796875
ak-47,82.203125
ak-47,84.984375
ak-47,88.046875
ak-47,24.796875
ak-47,30.5625
ak-47,39.546875
m4a1,75.71875
m4a1,103.625
m4a1,108.328125
ak-47,46.265625
ak-47,49.8125
ak-47,51.734375
ak-47,81.21875
mp9,29.09375
mac-10,31.65625
mac-10,95.84375
ak-47,86.46875
ak-47,96.40625
ak-47,77.484375
ak-47,78.609375
ak-47,91.96875
ak-47,109.234375
m4a1,15.703125
m4a1,15.8125
m4a1,17.453125
m4a1,19.671875
ak-47,8.953125
m4a1,9.609375
ak-47,9.984375
m4a1,17.484375
ak-47,36.671875
m4a1,41.09375
ak-47,56.453125
m4a1,59.0625
ak-47,79.265625
awp,11.640625
ak-47,21.0625
m4a1,35.609375
awp,19.171875
ak-47,21.640625
ak-47,22.78125
ak-47,25.5625
ak-47,31.0625
m4a1,11.96875
m4a1,15.59375
m4a1,22.203125
m4a1,31.328125
awp,35.484375
awp,15.71875
m4a1,19.65625
m4a1,24.234375
m4a1,27.953125
ak-47,28.03125
ak-47,39.546875
awp,78.734375
ak-47,14.4375
m4a1,25.3125
ak-47,25.484375
ak-47,31.515625
ak-47,33.921875
m4a1,38.234375
m4a1,42.53125
ak-47,13.84375
m4a1,18.09375
awp,24.53125
m4a1,32.703125
awp,7.359375
m4a1,22.078125
m4a1,22.296875
m4a1,27.59375
awp,43.8125
awp,30.0625
ak-47,33.90625
ak-47,38.578125
ak-47,40.390625
ak-47,41.109375
ak-47,47.875
m4a1,15.515625
m4a1,29.359375
m4a1,41.8125
m4a1,44.390625
m4a1,47.796875
ak-47,13.78125
ak-47,20.421875
m4a1,21.96875
ak-47,29.125
m4a1,29.3125
m4a1,32.21875
ak-47,42.1875
ak-47,45.4375
m4a1,18.84375
ak-47,20.046875
ak-47,25.703125
mac-10,27.5625
ak-47,40.390625
m4a1,41.0
ak-47,44.21875
mac-10,17.96875
ak-47,18.546875
ak-47,42.53125
ak-47,46.59375
mp9,33.203125
ak-47,47.421875
ak-47,48.96875
ak-47,54.140625
ak-47,57.3125
ak-47,80.671875
ak-47,34.75
ak-47,41.8125
ak-47,42.796875
ak-47,65.921875
ak-47,108.625
ak-47,13.421875
ak-47,19.53125
ak-47,38.640625
ak-47,29.71875
ak-47,31.78125
ak-47,32.25
ak-47,35.375
ak-47,37.03125
ak-47,15.40625
ak-47,16.5625
ak-47,36.515625
ak-47,43.09375
ak-47,54.296875
ak-47,10.765625
ak-47,61.71875
m4a1,69.015625
ak-47,71.0
ak-47,84.640625
m4a1,86.4375
ak-47,99.21875
ak-47,26.171875
awp,91.84375
ak-47,101.046875
ak-47,106.015625
ak-47,16.65625
awp,17.1875
ak-47,17.546875
ak-47,25.296875
ak-47,27.171875
ak-47,9.609375
ak-47,12.953125
awp,27.78125
ak-47,40.8125
ak-47,73.28125
awp,7.125
m4a1,12.5625
ak-47,34.0
m4a1,37.9375
ak-47,41.40625
m4a1,43.578125
ak-47,44.296875
m4a1,52.03125
ak-47,53.90625
mp9,46.609375
mp9,69.53125
mp9,75.15625
ak-47,21.734375
ak-47,22.59375
ak-47,24.8125
m4a1,28.9375
m4a1,15.171875
m4a1,19.40625
m4a1,58.34375
m4a1,67.796875
m4a1,68.4375
ak-47,41.03125
m4a1,48.375
ak-47,55.421875
ak-47,56.40625
m4a1,26.421875
ak-47,27.421875
m4a1,31.96875
m4a1,66.96875
ak-47,71.125
ak-47,74.5
m4a1,76.296875
awp,23.890625
m4a1,74.6875
m4a1,76.859375
ak-47,77.78125
ak-47,79.3125
ak-47,80.96875
ak-47,78.9375
ak-47,79.203125
ak-47,80.140625
awp,20.21875
mac-10,21.203125
mac-10,59.421875
mac-10,63.78125
ak-47,40.875
m4a1,76.578125
ak-47,77.265625
m4a1,85.953125
ak-47,86.796875
ak-47,90.4375
awp,93.734375
awp,14.8125
awp,28.734375
ak-47,32.890625
ak-47,55.609375
ak-47,30.953125
ak-47,31.453125
ak-47,31.578125
ak-47,28.359375
m4a1,35.984375
m4a1,40.5625
m4a1,59.65625
m4a1,76.734375
ak-47,14.78125
ak-47,33.09375
ak-47,37.484375
mac-10,41.640625
m4a1,45.046875
ak-47,46.78125
m4a1,66.203125
m4a1,21.59375
m4a1,70.75
mac-10,47.578125
ak-47,96.609375
ak-47,98.546875
mac-10,43.46875
ak-47,43.859375
ak-47,29.59375
awp,39.828125
ak-47,73.109375
mp9,74.734375
m4a1,76.015625
ak-47,76.3125
m4a1,77.765625
awp,13.15625
m4a1,72.109375
ak-47,92.015625
ak-47,95.203125
m4a1,95.90625
m4a1,96.0
m4a1,99.75
ak-47,100.75
ak-47,102.5625
ak-47,79.9375
ak-47,81.421875
ak-47,83.3125
ak-47,73.046875
m4a1,74.671875
ak-47,76.328125
ak-47,76.515625
ak-47,90.625
awp,96.671875
m4a1,9.546875
m4a1,9.90625
m4a1,9.9375
m4a1,24.453125
m4a1,30.546875
m4a1,20.6875
m4a1,65.71875
m4a1,65.90625
m4a1,67.8125
m4a1,87.671875
m4a1,8.453125
m4a1,41.859375
ak-47,42.46875
ak-47,45.125
m4a1,49.203125
ak-47,50.25
m4a1,99.25
ak-47,102.203125
ak-47,103.296875
awp,38.75
m4a1,59.8125
m4a1,60.390625
m4a1,71.3125
awp,34.296875
m4a1,36.15625
m4a1,45.296875
awp,49.015625
awp,90.265625
m4a1,97.59375
m4a1,98.921875
awp,12.5
awp,28.578125
ak-47,36.921875
ak-47,53.546875
m4a1,63.0
ak-47,63.65625
ak-47,92.0625
ak-47,95.203125
ak-47,97.640625
ak-47,98.140625
m4a1,16.078125
ak-47,17.515625
awp,82.796875
ak-47,92.8125
m4a1,102.296875
m4a1,102.796875
m4a1,109.015625
ak-47,111.765625
awp,11.390625
awp,11.46875
m4a1,81.453125
m4a1,83.125
ak-47,84.296875
m4a1,87.46875
ak-47,92.453125
ak-47,100.5625
m4a1,64.703125
awp,79.578125
ak-47,93.0625
ak-47,95.125
m4a1,102.59375
awp,104.046875
m4a1,109.59375
m4a1,111.046875
m4a1,28.40625
m4a1,34.953125
awp,50.03125
ak-47,54.84375
ak-47,55.78125
m4a1,7.328125
m4a1,20.703125
m4a1,27.609375
m4a1,37.109375
m4a1,38.28125
m4a1,55.25
m4a1,64.375
ak-47,68.828125
m4a1,70.15625
m4a1,73.765625
m4a1,73.9375
awp,15.078125
ak-47,20.03125
ak-47,29.234375
ak-47,31.59375
ak-47,34.984375
ak-47,36.8125
awp,12.5
ak-47,51.359375
ak-47,66.671875
ak-47,75.96875
ak-47,76.3125
ak-47,84.765625
ak-47,112.8125
m4a1,56.96875
m4a1,63.953125
m4a1,67.25
m4a1,69.5625
ak-47,73.125
awp,74.25
awp,7.1875
m4a1,21.21875
ak-47,22.046875
ak-47,44.15625
ak-47,45.609375
ak-47,48.984375
m4a1,61.09375
awp,36.03125
m4a1,49.640625
ak-47,50.265625
ak-47,51.96875
ak-47,57.890625
ak-47,60.15625
ak-47,65.78125
m4a1,68.625
m4a1,69.984375
ak-47,70.78125
m4a1,79.703125
ak-47,82.0625
ak-47,33.25
ak-47,34.6875
awp,40.328125
awp,92.421875
ak-47,60.15625
ak-47,60.25
ak-47,66.4375
ak-47,67.625
ak-47,68.625
ak-47,85.546875
m4a1,14.75
m4a1,18.671875
m4a1,27.671875
mac-10,28.640625
mac-10,31.03125
m4a1,32.8125
m4a1,45.546875
ak-47,46.53125
m4a1,51.3125
m4a1,53.5
m4a1,60.890625
ak-47,68.859375
ak-47,71.84375
awp,77.75
ak-47,79.03125
m4a1,82.90625
ak-47,89.625
awp,97.375
mp9,16.078125
mp9,19.84375
m4a1,21.15625
m4a1,45.28125
mp9,72.53125
awp,34.75
awp,60.734375
awp,78.421875
m4a1,81.21875
m4a1,84.84375
ak-47,50.296875
m4a1,51.671875
ak-47,52.296875
ak-47,58.25
ak-47,59.5
ak-47,84.109375
ak-47,85.84375
ak-47,86.890625
awp,15.953125
ak-47,32.328125
m4a1,32.859375
ak-47,34.5625
mp9,36.015625
mp9,39.90625
ak-47,40.578125
m4a1,46.15625
awp,16.28125
mp9,22.78125
m4a1,25.5625
m4a1,26.6875
m4a1,33.578125
ak-47,55.5625
ak-47,56.140625
ak-47,68.484375
m4a1,79.640625
ak-47,82.765625
ak-47,101.859375
ak-47,107.84375
m4a1,109.0625
ak-47,61.203125
ak-47,91.84375
ak-47,91.953125
awp,92.796875
m4a1,101.265625
m4a1,110.140625
ak-47,26.125
m4a1,34.59375
awp,60.5625
ak-47,75.84375
m4a1,30.6875
mp9,52.6875
mp9,61.359375
m4a1,61.921875
mp9,62.8125
ak-47,50.90625
m4a1,52.5
ak-47,53.34375
m4a1,63.265625
m4a1,65.140625
mp9,67.4375
ak-47,75.609375
ak-47,42.90625
ak-47,55.375
awp,18.390625
awp,21.8125
ak-47,27.421875
ak-47,56.921875
m4a1,57.859375
ak-47,78.296875
ak-47,78.921875
ak-47,96.265625
ak-47,96.96875
ak-47,13.90625
ak-47,31.640625
m4a1,35.375
m4a1,37.40625
ak-47,61.65625
m4a1,63.21875
ak-47,70.703125
m4a1,72.21875
ak-47,78.9375
mp9,20.015625
m4a1,20.765625
awp,21.359375
mac-10,22.46875
mac-10,24.671875
mp9,33.265625
ak-47,38.984375
m4a1,59.46875
m4a1,60.84375
m4a1,61.234375
m4a1,69.984375
m4a1,71.140625
awp,14.828125
m4a1,27.984375
m4a1,53.375
m4a1,55.5625
ak-47,58.890625
m4a1,101.0
ak-47,14.625
ak-47,16.96875
awp,38.265625
ak-47,89.546875
ak-47,93.734375
ak-47,99.375
awp,103.234375
ak-47,108.359375
ak-47,22.171875
ak-47,26.5625
ak-47,32.5
m4a1,35.21875
awp,35.375
m4a1,63.28125
m4a1,93.390625
m4a1,94.65625
ak-47,94.8125
awp,95.75
m4a1,96.96875
ak-47,105.09375
ak-47,108.4375
m4a1,12.59375
awp,15.328125
ak-47,33.359375
ak-47,34.234375
ak-47,51.046875
ak-47,55.421875
awp,74.46875
ak-47,83.84375
ak-47,14.1875
ak-47,14.78125
awp,18.921875
ak-47,21.703125
m4a1,27.046875
ak-47,33.59375
awp,35.03125
ak-47,34.671875
ak-47,39.734375
ak-47,41.21875
m4a1,45.328125
ak-47,20.109375
ak-47,82.828125
ak-47,86.53125
ak-47,86.8125
awp,106.53125
ak-47,97.96875
ak-47,99.671875
ak-47,104.203125
awp,104.71875
ak-47,110.671875
mp9,34.75
mp9,36.125
mp9,19.015625
m4a1,88.96875
mp9,97.65625
m4a1,42.203125
ak-47,43.03125
m4a1,43.875
ak-47,44.109375
awp,46.890625
ak-47,50.265625
m4a1,86.375
awp,12.078125
m4a1,16.546875
awp,17.96875
awp,17.96875
ak-47,38.203125
awp,8.140625
ak-47,61.15625
ak-47,81.109375
ak-47,83.171875
ak-47,97.578125
ak-47,99.5
m4a1,83.546875
m4a1,84.28125
ak-47,92.90625
ak-47,94.3125
ak-47,70.796875
ak-47,13.296875
ak-47,14.78125
m4a1,21.5
ak-47,21.53125
ak-47,76.078125
awp,101.078125
ak-47,103.203125
awp,107.671875
ak-47,113.828125
ak-47,44.96875
ak-47,45.046875
ak-47,49.546875
awp,49.796875
awp,50.25
ak-47,90.609375
ak-47,63.921875
ak-47,75.703125
ak-47,77.171875
ak-47,89.296875
ak-47,19.28125
awp,23.640625
awp,26.515625
m4a1,64.46875
ak-47,78.453125
ak-47,33.171875
m4a1,57.34375
ak-47,60.234375
awp,63.359375
ak-47,77.53125
ak-47,68.265625
ak-47,72.53125
ak-47,79.765625
ak-47,83.953125
ak-47,86.0
mac-10,28.796875
mac-10,30.546875
m4a1,32.40625
m4a1,33.296875
m4a1,91.78125
m4a1,16.359375
m4a1,18.9375
mac-10,35.359375
mac-10,35.515625
ak-47,39.140625
awp,24.015625
m4a1,32.546875
m4a1,33.9375
m4a1,36.484375
m4a1,42.859375
m4a1,45.890625
m4a1,100.890625
ak-47,103.5625
ak-47,35.625
mp9,39.875
ak-47,40.90625
awp,48.625
m4a1,50.546875
m4a1,56.046875
awp,63.1875
ak-47,66.140625
ak-47,16.34375
ak-47,33.203125
ak-47,39.125
mp9,41.53125
ak-47,42.390625
awp,93.390625
ak-47,94.703125
ak-47,110.890625
ak-47,112.125
ak-47,50.40625
mp9,91.296875
ak-47,80.890625
awp,82.28125
ak-47,83.234375
ak-47,109.71875
ak-47,109.921875
ak-47,13.890625
ak-47,24.0
m4a1,36.484375
awp,50.390625
awp,52.421875
ak-47,18.390625
ak-47,18.90625
m4a1,19.96875
awp,56.515625
ak-47,65.5
ak-47,67.53125
ak-47,71.3125
m4a1,33.703125
m4a1,36.8125
m4a1,41.59375
mp9,49.765625
m4a1,52.109375
m4a1,29.40625
ak-47,30.328125
ak-47,45.5
ak-47,45.75
ak-47,83.390625
m4a1,47.71875
m4a1,54.59375
m4a1,56.546875
m4a1,56.765625
m4a1,17.234375
ak-47,30.640625
ak-47,35.515625
mp9,42.40625
ak-47,47.515625
m4a1,60.4375
m4a1,64.1875
ak-47,114.984375
m4a1,39.65625
awp,51.140625
m4a1,96.5
m4a1,107.484375
awp,109.171875
ak-47,46.765625
awp,50.828125
ak-47,56.234375
m4a1,57.234375
ak-47,65.40625
m4a1,78.703125
mac-10,79.359375
ak-47,86.375
awp,99.203125
ak-47,106.5625
awp,112.46875
awp,52.859375
m4a1,62.0
ak-47,71.5625
ak-47,83.421875
ak-47,97.25
awp,18.28125
awp,18.28125
ak-47,84.65625
ak-47,91.890625
m4a1,101.875
ak-47,104.78125
ak-47,112.21875
ak-47,70.5625
mp9,71.40625
mp9,74.96875
ak-47,77.078125
awp,78.109375
m4a1,85.9375
awp,88.234375
m4a1,11.78125
ak-47,19.3125
awp,59.765625
ak-47,21.375
awp,44.953125
ak-47,66.84375
mp9,27.53125
ak-47,29.734375
ak-47,69.015625
ak-47,72.0
awp,73.328125
ak-47,76.84375
m4a1,16.46875
mp9,37.078125
m4a1,12.40625
m4a1,23.328125
ak-47,27.296875
ak-47,44.5
mp9,93.703125
m4a1,103.6875
ak-47,20.109375
awp,20.265625
ak-47,20.90625
awp,29.4375
m4a1,53.65625
ak-47,11.734375
ak-47,14.21875
ak-47,16.59375
awp,18.984375
awp,20.734375
awp,22.125
ak-47,48.171875
awp,67.5625
m4a1,78.90625
m4a1,26.375
m4a1,34.578125
ak-47,8.921875
ak-47,20.5
m4a1,14.546875
m4a1,24.40625
ak-47,29.03125
m4a1,29.734375
ak-47,29.9375
m4a1,71.25
m4a1,71.8125
ak-47,25.703125
ak-47,42.640625
ak-47,43.046875
ak-47,56.71875
awp,92.125
awp,69.765625
m4a1,103.984375
m4a1,104.28125
ak-47,113.703125
m4a1,16.328125
m4a1,22.828125
ak-47,25.328125
ak-47,27.0
m4a1,66.6875
m4a1,70.234375
mac-10,12.90625
m4a1,71.28125
awp,73.28125
ak-47,75.46875
m4a1,79.109375
awp,13.484375
awp,36.34375
m4a1,43.90625
m4a1,45.984375
ak-47,50.953125
ak-47,60.0625
awp,4.75
ak-47,21.703125
ak-47,23.421875
ak-47,25.203125
ak-47,36.4375
awp,9.765625
ak-47,33.15625
awp,51.578125
ak-47,81.328125
ak-47,87.609375
awp,35.828125
ak-47,37.46875
ak-47,39.96875
awp,50.359375
ak-47,72.390625
ak-47,63.09375
mp9,64.625
m4a1,67.65625
awp,68.5625
awp,74.171875
ak-47,83.859375
m4a1,94.453125
m4a1,102.6875
ak-47,73.078125
m4a1,98.5
mp9,100.5
ak-47,100.59375
m4a1,101.640625
ak-47,25.875
ak-47,35.8125
m4a1,67.609375
ak-47,67.828125
m4a1,89.4375
m4a1,111.5
ak-47,46.625
ak-47,56.875
ak-47,57.6875
ak-47,77.0
ak-47,12.109375
ak-47,14.375
awp,33.046875
ak-47,43.15625
ak-47,45.0625
ak-47,63.609375
ak-47,71.375
ak-47,72.171875
ak-47,10.078125
ak-47,31.265625
m4a1,31.984375
ak-47,33.390625
ak-47,70.390625
m4a1,83.75
ak-47,91.0
ak-47,83.1875
ak-47,85.3125
ak-47,91.90625
awp,71.515625
awp,94.015625
ak-47,97.71875
ak-47,102.96875
mp9,9.53125
ak-47,11.0625
awp,14.4375
ak-47,28.078125
ak-47,71.8125
awp,112.265625
awp,11.625
awp,13.3125
ak-47,24.34375
awp,26.046875
ak-47,38.28125
mac-10,82.703125
awp,10.328125
m4a1,72.4375
ak-47,81.984375
ak-47,86.703125
ak-47,37.1875
m4a1,44.28125
awp,50.59375
ak-47,61.296875
awp,81.484375
awp,103.171875
m4a1,113.84375
m4a1,28.484375
ak-47,28.59375
m4a1,31.140625
awp,37.5
m4a1,45.953125
awp,11.328125
m4a1,20.203125
awp,26.6875
m4a1,30.8125
m4a1,47.453125
awp,15.6875
ak-47,20.828125
ak-47,23.546875
m4a1,30.359375
ak-47,32.984375
m4a1,37.140625
ak-47,37.265625
ak-47,47.03125
ak-47,49.96875
awp,26.203125
m4a1,28.890625
ak-47,29.3125
m4a1,30.734375
m4a1,32.03125
ak-47,45.921875
awp,19.75
m4a1,30.015625
ak-47,30.984375
awp,34.296875
ak-47,54.828125
awp,60.40625
ak-47,96.671875
awp,112.59375
ak-47,21.921875
m4a1,27.171875
ak-47,28.875
m4a1,35.53125
m4a1,49.21875
ak-47,37.59375
ak-47,42.0625
ak-47,83.953125
ak-47,86.203125
ak-47,89.078125
ak-47,90.296875
m4a1,7.578125
m4a1,10.984375
mp9,39.8125
mp9,53.421875
ak-47,61.84375
ak-47,64.671875
ak-47,66.609375
ak-47,70.375
ak-47,78.140625
ak-47,79.765625
ak-47,94.84375
ak-47,109.25
ak-47,11.78125
ak-47,21.0
ak-47,46.625
ak-47,17.65625
m4a1,20.015625
m4a1,24.078125
m4a1,28.171875
ak-47,44.71875
m4a1,45.703125
m4a1,50.0
awp,35.890625
ak-47,80.1875
m4a1,82.15625
m4a1,91.078125
ak-47,93.125
ak-47,94.578125
awp,33.078125
ak-47,62.671875
m4a1,64.4375
ak-47,98.34375
ak-47,111.3125
m4a1,111.78125
awp,14.546875
m4a1,30.140625
ak-47,31.59375
m4a1,34.4375
m4a1,34.734375
ak-47,61.40625
mac-10,30.203125
ak-47,32.984375
m4a1,35.65625
m4a1,38.453125
ak-47,39.078125
awp,61.5
mac-10,20.234375
ak-47,27.390625
mac-10,28.9375
ak-47,31.46875
ak-47,9.546875
ak-47,10.9375
ak-47,45.625
mac-10,79.40625
awp,89.921875
ak-47,29.03125
ak-47,72.765625
m4a1,88.265625
awp,19.4375
awp,31.8125
m4a1,37.75
awp,60.9375
m4a1,79.625
ak-47,28.0
awp,30.21875
m4a1,30.828125
m4a1,55.3125
ak-47,62.375
m4a1,66.421875
ak-47,48.109375
ak-47,62.0625
ak-47,68.0625
ak-47,77.328125
m4a1,22.734375
m4a1,31.9375
ak-47,60.734375
m4a1,61.8125
ak-47,63.640625
m4a1,65.21875
m4a1,74.921875
awp,58.65625
m4a1,89.25
m4a1,90.28125
awp,92.5625
ak-47,94.59375
ak-47,17.03125
ak-47,18.046875
ak-47,18.65625
ak-47,18.75
ak-47,15.296875
ak-47,21.21875
awp,28.640625
ak-47,41.34375
ak-47,50.90625
ak-47,48.34375
ak-47,49.84375
ak-47,57.640625
ak-47,58.734375
ak-47,59.03125
mac-10,14.984375
mac-10,16.03125
mp9,18.703125
m4a1,25.9375
ak-47,27.03125
ak-47,52.359375
m4a1,53.171875
m4a1,55.140625
ak-47,37.9375
m4a1,39.015625
m4a1,39.515625
m4a1,41.9375
ak-47,42.4375
ak-47,43.5625
ak-47,67.34375
ak-47,57.1875
m4a1,64.796875
ak-47,92.25
m4a1,111.578125
ak-47,113.328125
m4a1,18.953125
m4a1,29.671875
m4a1,38.703125
awp,43.484375
m4a1,44.234375
ak-47,83.015625
ak-47,92.78125
ak-47,102.6875
mp9,11.953125
m4a1,85.09375
mp9,95.71875
mp9,108.84375
mp9,109.625
m4a1,94.25
m4a1,95.546875
m4a1,99.359375
mp9,13.546875
awp,23.5625
m4a1,62.5625
awp,72.390625
awp,77.6875
ak-47,90.03125
ak-47,29.46875
ak-47,56.28125
mp9,82.625
m4a1,93.84375
m4a1,94.640625
ak-47,95.625
ak-47,95.625
m4a1,101.5
mp9,87.65625
mac-10,23.734375
ak-47,39.8125
ak-47,51.828125
mp9,13.671875
ak-47,26.0625
ak-47,29.59375
m4a1,55.984375
ak-47,58.9375
ak-47,60.84375
m4a1,61.21875
ak-47,78.59375
ak-47,110.0625
awp,58.046875
m4a1,62.65625
ak-47,64.84375
m4a1,67.390625
awp,27.671875
ak-47,55.828125
ak-47,58.03125
ak-47,58.3125
ak-47,85.640625
ak-47,90.546875
ak-47,90.640625
m4a1,14.078125
m4a1,15.0
m4a1,15.75
m4a1,16.53125
ak-47,17.203125
m4a1,15.09375
ak-47,16.0625
ak-47,103.796875
ak-47,103.890625
ak-47,106.890625
ak-47,110.140625
ak-47,24.71875
m4a1,30.953125
ak-47,36.578125
m4a1,38.046875
m4a1,40.0625
ak-47,48.125
ak-47,57.5625
ak-47,58.0625
mp9,67.671875
mp9,68.515625
ak-47,72.9375
m4a1,73.234375
m4a1,75.21875
ak-47,12.9375
awp,42.890625
m4a1,93.4375
ak-47,95.140625
ak-47,100.09375
ak-47,75.734375
ak-47,80.9375
ak-47,81.90625
ak-47,83.0
mac-10,24.515625
ak-47,31.390625
mac-10,34.53125
ak-47,51.375
ak-47,68.828125
ak-47,58.71875
m4a1,59.25
ak-47,59.625
ak-47,60.671875
awp,77.25
awp,84.984375
awp,86.75
awp,89.734375
awp,14.765625
m4a1,15.8125
m4a1,16.109375
ak-47,44.796875
ak-47,22.203125
m4a1,22.65625
m4a1,23.453125
m4a1,25.3125
m4a1,26.671875
m4a1,27.109375
m4a1,13.546875
ak-47,84.84375
awp,85.0
ak-47,86.671875
m4a1,101.0625
ak-47,27.9375
ak-47,71.125
awp,75.625
ak-47,79.125
ak-47,105.125
m4a1,25.90625
m4a1,38.078125
m4a1,38.375
awp,40.328125
awp,45.15625
ak-47,64.703125
ak-47,72.890625
ak-47,81.328125
ak-47,81.734375
awp,84.75
m4a1,91.90625
awp,93.765625
ak-47,101.734375
m4a1,17.46875
mp9,30.84375
m4a1,32.828125
m4a1,22.015625
m4a1,22.296875
m4a1,75.609375
m4a1,75.90625
m4a1,30.3125
m4a1,73.328125
m4a1,89.6875
ak-47,78.15625
ak-47,88.34375
ak-47,92.3125
m4a1,98.125
ak-47,99.1875
ak-47,104.375
m4a1,52.578125
awp,52.8125
ak-47,55.046875
ak-47,59.140625
m4a1,61.828125
m4a1,83.59375
m4a1,27.953125
ak-47,31.40625
ak-47,32.28125
m4a1,40.703125
m4a1,42.734375
ak-47,46.015625
awp,46.078125
awp,30.234375
ak-47,32.890625
ak-47,38.625
ak-47,39.90625
ak-47,42.546875
ak-47,48.921875
m4a1,50.46875
m4a1,52.625
ak-47,53.484375
ak-47,54.515625
m4a1,63.5625
awp,66.578125
awp,77.484375
awp,80.25
awp,19.625
ak-47,25.71875
ak-47,31.6875
ak-47,39.65625
ak-47,41.796875
m4a1,42.796875
m4a1,57.375
m4a1,59.859375
awp,10.296875
m4a1,20.875
m4a1,24.21875
ak-47,25.1875
awp,31.09375
ak-47,16.125
ak-47,21.59375
ak-47,28.203125
mp9,26.078125
ak-47,28.125
ak-47,28.453125
ak-47,47.859375
mp9,36.171875
ak-47,36.375
ak-47,50.65625
ak-47,42.75
ak-47,44.078125
ak-47,50.390625
ak-47,56.890625
ak-47,37.625
ak-47,38.4375
ak-47,71.75
ak-47,75.453125
m4a1,85.234375
mp9,37.109375
mp9,74.734375
mp9,76.078125
m4a1,86.71875
mp9,90.765625
m4a1,91.390625
m4a1,91.953125
m4a1,12.140625
m4a1,23.171875
awp,24.046875
m4a1,59.75
ak-47,59.96875
awp,61.546875
m4a1,62.984375
ak-47,63.875
ak-47,104.515625
ak-47,55.6875
m4a1,104.921875
m4a1,26.140625
ak-47,36.40625
m4a1,41.015625
m4a1,59.125
mp9,59.515625
ak-47,59.640625
m4a1,61.125
ak-47,96.5625
ak-47,98.15625
ak-47,103.125
ak-47,104.734375
ak-47,106.46875
awp,49.34375
awp,51.0625
ak-47,53.09375
ak-47,53.90625
m4a1,54.234375
ak-47,35.375
ak-47,36.09375
m4a1,36.5
m4a1,44.53125
ak-47,53.65625
ak-47,65.0
awp,75.8125
ak-47,77.109375
m4a1,11.921875
awp,13.21875
awp,19.625
awp,29.5
ak-47,39.59375
m4a1,55.359375
awp,11.546875
ak-47,50.21875
m4a1,51.171875
m4a1,54.46875
awp,57.078125
ak-47,57.765625
m4a1,65.34375
ak-47,97.15625
ak-47,98.234375
ak-47,99.640625
ak-47,101.6875
ak-47,101.734375
m4a1,51.296875
m4a1,58.90625
m4a1,89.265625
m4a1,90.453125
m4a1,97.34375
ak-47,102.796875
m4a1,85.4375
ak-47,90.15625
ak-47,91.53125
ak-47,92.6875
ak-47,105.359375
m4a1,35.5
awp,46.8125
m4a1,65.6875
m4a1,66.890625
m4a1,69.03125
ak-47,83.109375
ak-47,86.125
ak-47,87.515625
ak-47,90.671875
m4a1,100.53125
ak-47,59.890625
ak-47,81.828125
ak-47,83.34375
ak-47,89.15625
awp,93.109375
ak-47,93.140625
awp,102.1875
m4a1,36.875
m4a1,42.765625
awp,50.578125
m4a1,23.453125
m4a1,56.890625
m4a1,66.921875
m4a1,68.625
ak-47,69.265625
ak-47,70.0625
m4a1,71.3125
ak-47,98.0
m4a1,99.84375
awp,100.078125
m4a1,100.140625
m4a1,101.375
m4a1,104.375
m4a1,39.8125
m4a1,43.953125
ak-47,51.125
m4a1,52.90625
ak-47,59.84375
m4a1,60.234375
ak-47,82.265625
ak-47,20.53125
awp,21.015625
awp,84.296875
m4a1,97.828125
ak-47,105.578125
ak-47,106.171875
m4a1,37.5
mp9,62.921875
ak-47,43.984375
mp9,35.46875
mp9,58.375
ak-47,59.15625
m4a1,41.125
ak-47,62.21875
mp9,67.84375
awp,73.96875
ak-47,75.984375
m4a1,84.109375
awp,85.328125
awp,87.375
mp9,100.203125
mp9,103.34375
m4a1,32.46875
awp,42.875
ak-47,44.390625
ak-47,52.5
awp,76.09375
m4a1,82.78125
awp,15.328125
m4a1,66.125
ak-47,73.578125
ak-47,89.265625
ak-47,95.171875
awp,96.828125
m4a1,28.5625
m4a1,90.859375
ak-47,95.984375
awp,96.359375
m4a1,99.234375
ak-47,102.09375
awp,23.296875
ak-47,28.53125
ak-47,55.171875
ak-47,57.0
ak-47,76.421875
ak-47,78.53125
m4a1,82.703125
m4a1,84.328125
ak-47,85.984375
m4a1,57.0625
ak-47,62.953125
awp,66.046875
awp,68.640625
awp,70.390625
m4a1,71.765625
m4a1,43.578125
ak-47,80.59375
ak-47,85.984375
m4a1,106.171875
mac-10,64.734375
ak-47,66.453125
mac-10,66.640625
ak-47,70.421875
ak-47,30.328125
m4a1,31.265625
ak-47,79.171875
ak-47,83.34375
m4a1,83.71875
m4a1,96.03125
ak-47,100.3125
ak-47,103.84375
ak-47,42.40625
ak-47,53.890625
ak-47,81.703125
ak-47,90.09375
awp,61.484375
ak-47,68.796875
m4a1,82.203125
awp,82.46875
ak-47,87.875
ak-47,96.09375
awp,49.078125
m4a1,64.578125
ak-47,55.75
ak-47,65.890625
ak-47,91.984375
awp,94.203125
ak-47,97.1875
ak-47,19.0625
ak-47,28.296875
ak-47,66.3125
ak-47,98.921875
ak-47,105.234375
ak-47,111.75
ak-47,45.4375
ak-47,69.3125
ak-47,70.203125
ak-47,70.90625
awp,71.5625
ak-47,79.84375
ak-47,83.34375
ak-47,85.640625
ak-47,86.8125
ak-47,88.328125
ak-47,90.453125
ak-47,96.546875
ak-47,85.578125
ak-47,36.296875
ak-47,42.5
ak-47,88.34375
ak-47,89.046875
ak-47,12.015625
ak-47,19.5
ak-47,24.25
ak-47,14.828125
mp9,83.28125
mp9,87.296875
mp9,87.671875
mp9,88.625
ak-47,89.828125
ak-47,102.671875
awp,53.5625
awp,94.65625
m4a1,102.3125
awp,102.5625
ak-47,102.703125
awp,108.484375
m4a1,110.359375
m4a1,25.9375
m4a1,66.296875
ak-47,68.5
ak-47,71.359375
ak-47,72.109375
m4a1,74.296875
m4a1,82.21875
ak-47,82.25
m4a1,85.640625
ak-47,89.46875
ak-47,91.875
ak-47,106.375
m4a1,43.453125
m4a1,77.734375
ak-47,79.53125
ak-47,85.3125
m4a1,92.046875
m4a1,94.234375
ak-47,95.375
m4a1,96.625
ak-47,22.9375
m4a1,80.234375
m4a1,88.625
awp,13.90625
ak-47,35.125
ak-47,55.96875
ak-47,59.734375
ak-47,81.15625
ak-47,84.453125
mac-10,52.078125
mac-10,52.796875
mp9,56.96875
mp9,37.828125
mp9,39.828125
ak-47,54.828125
ak-47,59.6875
ak-47,17.5
ak-47,44.015625
ak-47,59.78125
m4a1,61.0625
ak-47,14.234375
m4a1,100.671875
m4a1,111.109375
ak-47,57.34375
ak-47,58.546875
ak-47,59.9375
ak-47,66.3125
ak-47,94.609375
ak-47,22.75
m4a1,49.71875
ak-47,59.875
m4a1,63.046875
m4a1,66.328125
m4a1,34.765625
ak-47,35.53125
ak-47,54.078125
ak-47,56.546875
ak-47,59.15625
ak-47,61.28125
ak-47,20.4375
ak-47,21.171875
m4a1,58.109375
ak-47,66.265625
ak-47,67.984375
ak-47,48.859375
m4a1,52.234375
ak-47,52.3125
m4a1,57.609375
ak-47,59.046875
ak-47,82.671875
ak-47,83.28125
mp9,53.359375
mp9,54.625
mp9,55.828125
ak-47,56.421875
mp9,57.890625
mp9,57.96875
mp9,36.9375
m4a1,95.859375
awp,53.4375
mac-10,91.390625
m4a1,91.640625
m4a1,92.4375
m4a1,94.0
m4a1,95.109375
m4a1,20.234375
ak-47,22.703125
ak-47,39.375
m4a1,43.875
m4a1,46.3125
ak-47,32.28125
ak-47,33.640625
m4a1,34.03125
m4a1,68.609375
mac-10,21.109375
awp,26.5
m4a1,28.984375
ak-47,69.15625
awp,72.6875
m4a1,78.015625
ak-47,50.125
ak-47,52.421875
m4a1,88.890625
ak-47,90.71875
m4a1,91.84375
mac-10,92.703125
awp,13.0625
ak-47,15.15625
ak-47,31.78125
m4a1,34.953125
ak-47,55.390625
ak-47,70.390625
ak-47,73.46875
ak-47,76.9375
awp,25.125
m4a1,29.1875
m4a1,30.1875
m4a1,31.828125
m4a1,32.984375
mac-10,19.09375
m4a1,20.8125
ak-47,22.265625
ak-47,22.875
ak-47,27.484375
awp,103.46875
mac-10,20.65625
ak-47,53.796875
awp,93.75
m4a1,94.140625
m4a1,98.171875
awp,76.984375
ak-47,81.421875
mp9,83.96875
mp9,80.65625
m4a1,84.375
awp,99.703125
m4a1,111.953125
awp,100.4375
m4a1,103.09375
awp,106.546875
awp,42.421875
m4a1,50.609375
m4a1,65.828125
ak-47,70.609375
ak-47,79.03125
ak-47,80.078125
m4a1,65.640625
awp,68.34375
ak-47,70.71875
ak-47,71.8125
m4a1,76.296875
ak-47,98.65625
ak-47,99.625
ak-47,101.375
awp,22.578125
m4a1,26.078125
ak-47,62.1875
m4a1,63.515625
m4a1,64.109375
ak-47,64.5
ak-47,84.890625
ak-47,88.359375
ak-47,28.21875
awp,28.21875
awp,29.78125
ak-47,42.828125
awp,47.390625
awp,59.25
ak-47,63.078125
m4a1,29.1875
m4a1,38.65625
m4a1,64.296875
mp9,68.40625
m4a1,59.59375
ak-47,92.328125
ak-47,93.46875
ak-47,99.65625
ak-47,23.890625
ak-47,89.140625
ak-47,91.296875
ak-47,93.453125
ak-47,94.90625
m4a1,32.25
m4a1,59.46875
ak-47,63.1875
ak-47,78.484375
ak-47,89.625
ak-47,107.4375
mp9,111.734375
ak-47,112.953125
ak-47,84.5
ak-47,95.53125
ak-47,102.234375
ak-47,103.0
awp,73.03125
awp,82.5
m4a1,90.046875
ak-47,31.265625
ak-47,31.453125
ak-47,32.15625
m4a1,37.234375
ak-47,38.984375
m4a1,42.75
ak-47,19.578125
ak-47,23.0625
awp,28.28125
m4a1,36.46875
ak-47,79.359375
ak-47,82.0625
ak-47,82.828125
m4a1,107.15625
awp,34.203125
ak-47,36.15625
ak-47,90.015625
m4a1,24.5
m4a1,24.59375
m4a1,29.484375
m4a1,87.0
mp9,88.265625
m4a1,16.59375
m4a1,58.9375
mp9,80.625
mp9,81.734375
mp9,99.78125
awp,38.625
awp,69.53125
ak-47,72.34375
ak-47,80.796875
awp,46.578125
ak-47,75.015625
awp,78.78125
ak-47,82.078125
m4a1,95.140625
mac-10,23.25
m4a1,47.015625
m4a1,72.28125
ak-47,88.09375
awp,89.4375
ak-47,95.828125
ak-47,106.890625
ak-47,111.046875
m4a1,33.421875
ak-47,49.484375
m4a1,54.765625
ak-47,65.71875
ak-47,74.421875
awp,75.640625
awp,81.5
m4a1,82.859375
awp,38.734375
ak-47,51.890625
awp,65.796875
awp,91.375
ak-47,97.40625
ak-47,106.890625
m4a1,25.4375
mp9,31.296875
m4a1,68.46875
m4a1,33.671875
ak-47,34.875
m4a1,35.359375
ak-47,36.640625
ak-47,12.671875
m4a1,17.203125
m4a1,23.203125
m4a1,23.796875
m4a1,24.296875
m4a1,31.90625
ak-47,16.734375
ak-47,19.484375
awp,34.640625
awp,57.09375
ak-47,75.953125
m4a1,28.234375
awp,79.09375
awp,80.96875
ak-47,96.4375
ak-47,102.65625
awp,105.84375
ak-47,69.859375
ak-47,70.078125
awp,74.671875
ak-47,19.71875
awp,25.078125
ak-47,26.53125
ak-47,33.546875
m4a1,54.859375
ak-47,61.65625
awp,73.234375
awp,23.53125
ak-47,24.796875
awp,30.53125
ak-47,84.125
awp,86.828125
awp,93.953125
ak-47,97.921875
awp,101.125
m4a1,102.234375
ak-47,102.484375
ak-47,103.71875
ak-47,75.734375
awp,82.296875
awp,93.3125
ak-47,103.21875
m4a1,103.21875
ak-47,104.09375
ak-47,78.0625
m4a1,17.9375
m4a1,18.703125
m4a1,21.21875
ak-47,54.96875
ak-47,61.203125
m4a1,111.40625
m4a1,32.40625
ak-47,41.015625
m4a1,42.296875
ak-47,53.359375
m4a1,58.234375
m4a1,61.328125
m4a1,79.921875
m4a1,29.265625
m4a1,43.15625
ak-47,43.921875
m4a1,44.515625
m4a1,50.609375
ak-47,19.609375
ak-47,38.34375
ak-47,40.53125
ak-47,45.296875
ak-47,96.640625
ak-47,97.5625
ak-47,98.109375
m4a1,36.921875
ak-47,44.015625
mac-10,64.203125
ak-47,65.390625
mac-10,66.328125
awp,77.65625
ak-47,85.578125
ak-47,72.671875
ak-47,75.796875
m4a1,23.125
m4a1,31.875
ak-47,80.734375
awp,93.4375
ak-47,103.0
m4a1,104.71875
ak-47,97.640625
awp,97.875
ak-47,97.96875
m4a1,98.53125
ak-47,107.6875
ak-47,49.171875
ak-47,50.40625
ak-47,54.125
m4a1,76.890625
m4a1,73.078125
ak-47,108.609375
ak-47,109.84375
m4a1,110.703125
ak-47,113.25
ak-47,114.890625
ak-47,22.609375
ak-47,27.6875
m4a1,29.015625
m4a1,30.65625
awp,37.953125
ak-47,41.1875
ak-47,47.609375
ak-47,57.578125
m4a1,59.375
awp,67.109375
m4a1,69.46875
awp,71.515625
m4a1,80.75
ak-47,87.828125
m4a1,89.53125
ak-47,32.21875
awp,36.265625
awp,37.984375
ak-47,38.21875
ak-47,46.953125
ak-47,49.21875
ak-47,105.578125
ak-47,108.734375
ak-47,113.4375
ak-47,46.5625
ak-47,84.921875
ak-47,94.75
m4a1,96.359375
m4a1,109.046875
ak-47,112.125
awp,42.171875
awp,89.59375
awp,91.453125
ak-47,99.28125
awp,101.140625
awp,36.859375
ak-47,75.0625
ak-47,97.78125
ak-47,99.203125
ak-47,104.25
mp9,64.421875
m4a1,22.0
m4a1,100.921875
ak-47,102.0625
ak-47,109.0625
m4a1,76.96875
ak-47,77.109375
mp9,78.09375
ak-47,80.0625
m4a1,86.03125
ak-47,88.265625
awp,97.296875
awp,41.3125
m4a1,66.234375
m4a1,68.796875
m4a1,83.40625
m4a1,85.0625
ak-47,87.40625
ak-47,75.671875
m4a1,76.609375
m4a1,92.46875
m4a1,93.796875
ak-47,26.15625
ak-47,27.734375
ak-47,28.234375
ak-47,30.671875
ak-47,22.40625
ak-47,23.453125
awp,78.5625
awp,97.0625
awp,100.015625
ak-47,100.125
ak-47,103.296875
awp,81.65625
ak-47,87.015625
awp,90.359375
ak-47,92.21875
ak-47,27.28125
awp,72.515625
ak-47,80.640625
m4a1,82.46875
m4a1,83.828125
awp,89.578125
m4a1,91.09375
mac-10,37.9375
mp9,38.84375
mp9,44.109375
m4a1,86.21875
m4a1,88.5625
ak-47,18.5
mp9,25.484375
ak-47,27.125
m4a1,45.6875
ak-47,46.75
mp9,48.890625
mp9,50.953125
ak-47,52.75
mac-10,58.671875
ak-47,69.0
ak-47,75.4375
mp9,114.734375
mac-10,65.0
mp9,67.53125
ak-47,84.453125
ak-47,87.171875
ak-47,12.96875
m4a1,53.046875
awp,54.5
m4a1,30.9375
ak-47,33.671875
m4a1,34.8125
awp,36.640625
m4a1,46.21875
awp,51.953125
m4a1,64.453125
m4a1,92.84375
ak-47,94.140625
m4a1,95.265625
awp,102.703125
m4a1,104.15625
ak-47,105.578125
m4a1,109.515625
awp,99.21875
awp,103.53125
m4a1,105.09375
m4a1,106.0
ak-47,108.25
awp,36.0
m4a1,38.15625
awp,79.21875
ak-47,107.9375
m4a1,108.234375
ak-47,110.25
m4a1,17.484375
m4a1,26.03125
m4a1,40.734375
awp,62.328125
awp,87.671875
m4a1,101.328125
ak-47,109.359375
ak-47,112.703125
m4a1,44.484375
mp9,66.921875
m4a1,68.390625
mp9,72.875
m4a1,77.796875
m4a1,92.84375
mp9,39.65625
ak-47,40.203125
ak-47,41.4375
mp9,45.390625
ak-47,58.0
m4a1,59.859375
ak-47,71.09375
ak-47,75.765625
ak-47,85.9375
m4a1,93.1875
mp9,83.640625
ak-47,91.625
mp9,103.140625
ak-47,109.984375
m4a1,38.28125
ak-47,63.375
ak-47,63.546875
ak-47,65.78125
ak-47,71.0
mp9,64.625
mp9,72.890625
m4a1,38.28125
m4a1,41.296875
ak-47,42.796875
ak-47,55.984375
m4a1,58.5625
m4a1,94.984375
ak-47,55.5625
ak-47,58.65625
awp,69.609375
ak-47,90.84375
m4a1,92.484375
ak-47,94.171875
m4a1,94.859375
m4a1,84.515625
awp,94.09375
m4a1,97.28125
m4a1,98.234375
m4a1,99.34375
m4a1,16.90625
mac-10,22.609375
awp,23.453125
m4a1,30.90625
m4a1,59.890625
m4a1,63.328125
ak-47,67.5625
m4a1,35.578125
m4a1,39.625
m4a1,46.1875
ak-47,50.40625
m4a1,50.71875
m4a1,51.328125
m4a1,60.515625
mp9,72.71875
ak-47,73.671875
mp9,75.5
ak-47,77.40625
m4a1,83.6875
m4a1,85.546875
m4a1,92.109375
ak-47,12.203125
ak-47,12.96875
ak-47,29.4375
ak-47,30.359375
ak-47,40.40625
awp,47.84375
ak-47,33.03125
ak-47,54.140625
ak-47,86.171875
ak-47,90.0625
awp,100.578125
ak-47,105.609375
mac-10,17.90625
ak-47,19.765625
ak-47,25.09375
ak-47,25.59375
ak-47,31.984375
ak-47,31.40625
awp,40.59375
awp,43.3125
m4a1,45.515625
m4a1,64.859375
awp,76.765625
ak-47,81.875
m4a1,85.578125
awp,50.671875
ak-47,55.4375
ak-47,63.953125
ak-47,65.8125
ak-47,74.015625
awp,85.484375
m4a1,87.9375
ak-47,92.625
m4a1,92.84375
ak-47,99.78125
m4a1,101.09375
awp,102.96875
ak-47,61.109375
ak-47,63.625
ak-47,68.78125
ak-47,72.609375
ak-47,73.296875
ak-47,74.171875
m4a1,42.5
m4a1,43.59375
awp,44.890625
m4a1,47.1875
ak-47,54.71875
ak-47,60.359375
ak-47,62.28125
m4a1,86.078125
m4a1,54.21875
ak-47,58.203125
ak-47,58.3125
awp,59.734375
ak-47,64.859375
ak-47,69.015625
ak-47,26.296875
ak-47,33.75
ak-47,37.859375
m4a1,27.21875
m4a1,28.53125
m4a1,28.640625
m4a1,33.875
m4a1,35.859375
m4a1,44.109375
m4a1,47.421875
awp,53.28125
mp9,58.0
ak-47,13.671875
m4a1,13.78125
ak-47,52.359375
m4a1,94.609375
awp,100.203125
ak-47,58.125
ak-47,59.9375
m4a1,64.5625
ak-47,71.203125
ak-47,76.3125
ak-47,78.59375
ak-47,87.453125
ak-47,23.21875
ak-47,38.421875
ak-47,38.875
awp,64.953125
ak-47,84.28125
ak-47,34.34375
awp,71.53125
m4a1,86.734375
m4a1,89.34375
awp,90.71875
m4a1,91.359375
awp,93.109375
m4a1,99.390625
m4a1,81.484375
m4a1,82.078125
m4a1,82.6875
m4a1,87.671875
awp,85.40625
ak-47,87.0
ak-47,89.78125
ak-47,94.890625
awp,96.03125
ak-47,97.109375
awp,20.578125
ak-47,29.140625
ak-47,29.234375
ak-47,30.609375
ak-47,42.28125
awp,56.984375
mac-10,29.75
ak-47,48.015625
mac-10,51.3125
ak-47,27.265625
m4a1,63.734375
m4a1,65.703125
ak-47,69.09375
mac-10,11.28125
mp9,27.28125
mac-10,28.796875
awp,37.546875
ak-47,41.625
awp,45.515625
ak-47,45.734375
ak-47,61.09375
ak-47,18.421875
ak-47,35.21875
ak-47,26.984375
m4a1,30.140625
ak-47,31.9375
m4a1,35.65625
awp,68.71875
m4a1,23.5625
m4a1,26.21875
m4a1,26.765625
m4a1,28.21875
ak-47,28.90625
ak-47,43.984375
m4a1,56.4375
awp,60.125
m4a1,17.640625
mp9,44.109375
ak-47,46.84375
ak-47,48.296875
m4a1,50.71875
awp,54.296875
awp,79.4375
m4a1,16.015625
ak-47,17.140625
m4a1,55.453125
m4a1,64.359375
m4a1,70.953125
ak-47,79.640625
ak-47,81.75
ak-47,12.34375
mp9,15.34375
mac-10,17.40625
ak-47,21.65625
ak-47,83.859375
awp,99.34375
awp,105.15625
ak-47,109.28125
awp,16.0625
ak-47,17.875
ak-47,20.28125
m4a1,36.484375
ak-47,36.90625
ak-47,37.59375
ak-47,44.25
ak-47,44.5625
m4a1,59.75
ak-47,14.625
ak-47,19.984375
ak-47,47.046875
ak-47,70.453125
m4a1,35.6875
m4a1,38.53125
ak-47,39.46875
ak-47,47.453125
m4a1,50.125
ak-47,14.890625
ak-47,41.390625
ak-47,48.984375
ak-47,52.671875
ak-47,53.1875
ak-47,54.140625
ak-47,35.25
ak-47,58.796875
awp,69.578125
ak-47,78.90625
awp,34.578125
m4a1,66.9375
awp,82.609375
m4a1,84.28125
m4a1,85.609375
awp,87.5
m4a1,16.9375
ak-47,25.171875
ak-47,26.828125
mac-10,28.265625
ak-47,37.28125
ak-47,76.328125
m4a1,82.546875
m4a1,82.890625
ak-47,17.140625
mac-10,19.53125
awp,15.546875
ak-47,25.203125
ak-47,32.0
m4a1,34.109375
ak-47,37.265625
awp,40.890625
m4a1,62.046875
ak-47,62.109375
m4a1,23.234375
mp9,26.84375
m4a1,47.328125
mp9,97.5
mp9,107.796875
mp9,24.90625
m4a1,27.96875
m4a1,39.265625
ak-47,49.96875
m4a1,51.140625
m4a1,62.34375
ak-47,23.4375
ak-47,23.984375
m4a1,42.890625
ak-47,48.84375
ak-47,56.65625
ak-47,58.265625
ak-47,60.6875
ak-47,62.140625
ak-47,90.6875
ak-47,95.28125
ak-47,102.765625
m4a1,104.40625
ak-47,17.78125
m4a1,52.109375
ak-47,53.59375
ak-47,54.421875
m4a1,69.390625
ak-47,25.109375
ak-47,32.90625
ak-47,50.453125
ak-47,11.375
m4a1,27.5625
m4a1,33.578125
ak-47,36.625
m4a1,41.0625
m4a1,41.390625
ak-47,41.640625
ak-47,68.796875
awp,26.578125
awp,28.59375
ak-47,35.3125
mp9,45.5
ak-47,76.828125
ak-47,77.015625
m4a1,77.390625
m4a1,77.890625
ak-47,79.84375
ak-47,17.9375
ak-47,19.875
ak-47,21.46875
ak-47,32.296875
ak-47,32.59375
ak-47,36.765625
ak-47,37.109375
awp,16.3125
m4a1,16.796875
ak-47,25.71875
ak-47,24.875
ak-47,26.71875
mp9,41.71875
ak-47,46.640625
ak-47,80.25
ak-47,27.859375
mp9,29.5625
ak-47,54.796875
ak-47,71.359375
mp9,56.171875
ak-47,58.0
ak-47,70.09375
mp9,78.1875
mp9,17.3125
ak-47,99.15625
mp9,35.75
ak-47,37.1875
ak-47,37.921875
m4a1,81.359375
m4a1,104.90625
m4a1,35.1875
ak-47,38.21875
m4a1,42.171875
ak-47,47.265625
awp,55.640625
ak-47,11.71875
mp9,12.5625
ak-47,12.609375
ak-47,13.375
ak-47,71.0625
ak-47,72.328125
ak-47,44.15625
ak-47,54.015625
ak-47,56.046875
ak-47,59.34375
ak-47,60.453125
m4a1,11.859375
m4a1,56.046875
ak-47,56.375
m4a1,101.390625
awp,102.03125
ak-47,102.53125
m4a1,103.78125
m4a1,106.828125
awp,33.03125
ak-47,40.078125
ak-47,41.890625
awp,55.234375
awp,30.8125
awp,38.59375
awp,40.71875
awp,12.015625
ak-47,19.359375
awp,55.421875
m4a1,61.484375
ak-47,76.546875
m4a1,26.46875
mp9,49.53125
mp9,52.359375
ak-47,86.84375
m4a1,98.453125
m4a1,105.8125
awp,38.4375
ak-47,51.3125
ak-47,86.484375
awp,102.578125
ak-47,111.0
ak-47,112.296875
ak-47,37.8125
m4a1,38.5625
ak-47,40.546875
ak-47,48.75
awp,53.46875
awp,95.671875
ak-47,100.46875
m4a1,102.21875
ak-47,102.40625
m4a1,102.921875
ak-47,105.828125
ak-47,97.953125
ak-47,98.5
ak-47,102.03125
ak-47,102.703125
ak-47,106.453125
m4a1,35.78125
m4a1,40.84375
m4a1,45.4375
m4a1,48.890625
m4a1,51.90625
ak-47,62.125
m4a1,81.46875
ak-47,85.625
awp,86.328125
ak-47,88.0
awp,88.828125
awp,98.5625
m4a1,42.421875
m4a1,43.4375
m4a1,45.828125
m4a1,46.53125
m4a1,58.828125
ak-47,31.875
ak-47,68.40625
m4a1,38.34375
m4a1,53.65625
m4a1,56.125
m4a1,56.625
m4a1,73.640625
m4a1,84.0
ak-47,92.796875
m4a1,93.296875
ak-47,101.796875
ak-47,15.0
awp,36.609375
awp,44.515625
ak-47,85.515625
m4a1,86.1875
ak-47,88.359375
m4a1,91.109375
m4a1,93.09375
ak-47,95.765625
awp,100.890625
awp,51.6875
m4a1,53.09375
ak-47,53.890625
ak-47,62.765625
ak-47,65.34375
awp,94.0
awp,57.34375
m4a1,63.15625
m4a1,66.34375
m4a1,66.78125
m4a1,71.03125
ak-47,28.234375
m4a1,28.703125
ak-47,36.59375
ak-47,39.46875
ak-47,67.5625
awp,77.453125
ak-47,83.015625
m4a1,11.296875
awp,22.734375
m4a1,66.328125
m4a1,67.03125
awp,74.140625
ak-47,78.46875
ak-47,85.953125
ak-47,89.171875
awp,91.484375
ak-47,103.734375
awp,17.6875
awp,32.609375
awp,57.0625
ak-47,89.71875
awp,90.765625
awp,94.34375
awp,97.75
ak-47,102.90625
m4a1,12.546875
m4a1,13.046875
m4a1,21.015625
ak-47,28.296875
awp,32.40625
awp,16.21875
awp,23.46875
ak-47,24.34375
ak-47,58.796875
awp,80.1875
awp,8.28125
awp,51.515625
m4a1,86.125
ak-47,87.1875
awp,98.140625
ak-47,112.15625
awp,20.609375
awp,32.953125
ak-47,36.484375
ak-47,39.328125
awp,43.40625
ak-47,50.703125
m4a1,59.046875
awp,77.4375
ak-47,93.765625
m4a1,17.546875
m4a1,23.625
m4a1,26.375
ak-47,51.46875
ak-47,68.59375
m4a1,74.890625
ak-47,79.609375
ak-47,47.921875
ak-47,48.625
ak-47,49.421875
awp,53.015625
m4a1,60.984375
ak-47,15.984375
m4a1,17.09375
m4a1,18.296875
ak-47,19.671875
ak-47,25.15625
ak-47,39.21875
m4a1,40.609375
ak-47,56.3125
m4a1,41.46875
ak-47,58.671875
m4a1,61.6875
awp,14.5
ak-47,21.796875
ak-47,53.234375
m4a1,54.34375
m4a1,72.421875
ak-47,73.09375
ak-47,75.6875
m4a1,80.875
ak-47,19.359375
ak-47,45.625
ak-47,67.453125
awp,68.734375
ak-47,75.859375
ak-47,78.234375
awp,81.703125
awp,14.140625
m4a1,29.203125
m4a1,30.765625
m4a1,51.578125
ak-47,56.140625
ak-47,57.25
m4a1,14.703125
ak-47,14.796875
ak-47,20.734375
ak-47,53.875
ak-47,63.25
ak-47,67.390625
mp9,61.9375
mp9,63.453125
ak-47,15.859375
ak-47,28.53125
ak-47,34.703125
ak-47,77.171875
ak-47,78.734375
ak-47,12.0
m4a1,12.375
ak-47,24.921875
ak-47,26.765625
ak-47,48.15625
m4a1,50.453125
ak-47,45.03125
ak-47,74.265625
m4a1,75.78125
m4a1,77.890625
ak-47,78.171875
awp,59.3125
awp,59.75
awp,62.296875
ak-47,67.28125
ak-47,95.390625
m4a1,97.0625
m4a1,98.484375
ak-47,98.78125
awp,109.765625
mp9,20.984375
ak-47,67.0
awp,78.5
ak-47,102.0625
ak-47,29.3125
ak-47,30.015625
ak-47,33.890625
ak-47,34.546875
mac-10,57.546875
m4a1,15.21875
m4a1,15.625
m4a1,15.875
m4a1,20.328125
awp,23.8125
awp,74.375
ak-47,79.03125
ak-47,80.421875
ak-47,84.109375
ak-47,92.234375
m4a1,92.53125
mp9,56.390625
mp9,72.15625
mac-10,75.5625
ak-47,20.65625
ak-47,101.28125
ak-47,111.6875
ak-47,16.625
ak-47,22.09375
ak-47,22.484375
awp,27.90625
ak-47,28.953125
ak-47,35.125
mp9,57.265625
mp9,61.3125
ak-47,83.375
ak-47,83.796875
mp9,84.578125
ak-47,102.546875
ak-47,104.578125
ak-47,113.9375
ak-47,63.0
m4a1,64.203125
ak-47,64.40625
awp,19.859375
m4a1,80.984375
m4a1,87.734375
ak-47,91.96875
m4a1,92.40625
awp,105.515625
m4a1,107.59375
awp,42.640625
ak-47,70.546875
m4a1,78.1875
ak-47,61.4375
m4a1,65.390625
ak-47,66.4375
ak-47,66.671875
ak-47,19.734375
awp,31.34375
awp,42.796875
m4a1,46.171875
awp,51.390625
m4a1,88.90625
awp,30.59375
ak-47,39.21875
ak-47,45.25
ak-47,45.578125
m4a1,46.3125
ak-47,49.234375
ak-47,49.765625
ak-47,13.5
m4a1,15.625
ak-47,18.40625
m4a1,31.1875
m4a1,36.203125
ak-47,54.21875
m4a1,85.03125
ak-47,91.828125
m4a1,108.265625
mp9,13.640625
mac-10,26.046875
mp9,50.78125
ak-47,76.90625
ak-47,79.046875
ak-47,55.296875
ak-47,95.53125
mac-10,99.96875
m4a1,60.65625
m4a1,61.9375
ak-47,62.703125
ak-47,63.40625
m4a1,71.890625
ak-47,73.859375
awp,66.453125
m4a1,87.09375
m4a1,88.125
awp,103.78125
awp,15.328125
awp,18.1875
ak-47,19.71875
awp,25.625
m4a1,31.828125
ak-47,29.6875
ak-47,33.328125
ak-47,42.765625
ak-47,9.1875
ak-47,13.75
ak-47,14.359375
ak-47,66.0
ak-47,80.375
ak-47,84.171875
ak-47,30.203125
ak-47,50.21875
m4a1,40.46875
m4a1,41.171875
ak-47,42.28125
m4a1,42.703125
m4a1,44.28125
ak-47,10.5625
ak-47,11.234375
ak-47,13.859375
ak-47,14.65625
m4a1,49.765625
m4a1,54.40625
m4a1,55.21875
m4a1,92.53125
m4a1,93.296875
awp,100.046875
ak-47,101.078125
m4a1,101.34375
ak-47,39.65625
ak-47,99.640625
ak-47,101.203125
ak-47,103.171875
mac-10,111.15625
mac-10,26.171875
mac-10,32.75
mac-10,39.3125
mac-10,44.234375
awp,5.671875
ak-47,75.375
awp,78.875
m4a1,80.6875
awp,83.015625
awp,89.515625
awp,54.78125
ak-47,77.0625
ak-47,91.234375
ak-47,100.875
m4a1,104.875
awp,110.109375
mp9,50.734375
mp9,51.71875
ak-47,12.90625
ak-47,35.8125
ak-47,79.25
ak-47,95.96875
ak-47,106.5625
m4a1,10.3125
m4a1,11.71875
ak-47,67.65625
awp,71.4375
m4a1,90.515625
m4a1,99.890625
awp,42.859375
awp,56.4375
awp,62.609375
m4a1,75.46875
m4a1,75.8125
m4a1,83.15625
m4a1,83.90625
awp,84.671875
m4a1,62.5625
awp,62.6875
m4a1,64.0625
ak-47,68.75
m4a1,72.171875
awp,90.859375
ak-47,91.578125
awp,92.578125
ak-47,105.84375
ak-47,26.328125
ak-47,30.5625
ak-47,80.203125
awp,83.421875
awp,92.546875
ak-47,18.078125
m4a1,25.859375
ak-47,45.25
awp,52.15625
ak-47,95.34375
ak-47,98.46875
awp,17.359375
awp,29.984375
ak-47,32.5
m4a1,44.4375
ak-47,45.703125
ak-47,52.234375
m4a1,56.6875
m4a1,72.640625
mp9,77.84375
m4a1,78.109375
m4a1,78.375
mp9,81.09375
ak-47,38.03125
m4a1,58.765625
ak-47,73.75
mp9,74.0
ak-47,100.015625
ak-47,104.546875
ak-47,36.125
ak-47,46.546875
ak-47,57.28125
ak-47,67.1875
awp,55.203125
awp,97.6875
m4a1,98.71875
awp,99.453125
ak-47,100.859375
ak-47,104.25
mp9,30.375
mp9,31.421875
mp9,36.796875
ak-47,72.921875
ak-47,99.28125
ak-47,106.078125
m4a1,17.796875
m4a1,23.5
m4a1,32.6875
ak-47,41.421875
m4a1,41.84375
ak-47,41.859375
awp,45.734375
awp,21.25
awp,28.796875
m4a1,43.5625
awp,44.578125
ak-47,90.109375
m4a1,85.84375
ak-47,94.890625
ak-47,95.59375
ak-47,105.34375
ak-47,62.015625
ak-47,101.28125
ak-47,103.734375
m4a1,106.109375
ak-47,106.96875
m4a1,110.328125
m4a1,112.40625
m4a1,14.28125
ak-47,19.609375
awp,61.71875
ak-47,66.0
ak-47,71.5625
m4a1,75.34375
mp9,31.328125
m4a1,42.390625
m4a1,63.03125
m4a1,63.828125
m4a1,65.0625
m4a1,30.03125
m4a1,30.84375
m4a1,42.625
mp9,37.125
mp9,39.53125
ak-47,68.734375
ak-47,71.1875
ak-47,72.875
m4a1,33.640625
m4a1,34.234375
mac-10,35.984375
awp,57.578125
ak-47,60.625
ak-47,61.546875
mac-10,63.875
awp,65.578125
ak-47,41.8125
m4a1,44.28125
m4a1,48.296875
m4a1,64.4375
ak-47,69.625
m4a1,74.34375
ak-47,77.296875
ak-47,77.71875
ak-47,88.203125
ak-47,89.046875
m4a1,99.875
m4a1,100.484375
m4a1,76.828125
ak-47,90.375
ak-47,91.71875
awp,101.84375
ak-47,103.640625
m4a1,105.140625
ak-47,105.984375
m4a1,106.828125
m4a1,34.625
mac-10,34.84375
m4a1,37.578125
awp,41.0
m4a1,47.078125
ak-47,52.265625
awp,19.546875
ak-47,21.109375
ak-47,21.296875
ak-47,78.65625
ak-47,80.71875
ak-47,87.53125
awp,53.390625
ak-47,78.8125
ak-47,26.96875
ak-47,32.125
mp9,92.5
ak-47,93.65625
ak-47,114.71875
ak-47,74.390625
ak-47,77.671875
ak-47,102.859375
awp,106.75
ak-47,114.328125
m4a1,96.46875
m4a1,97.0625
ak-47,101.015625
m4a1,110.34375
awp,16.78125
ak-47,53.046875
ak-47,57.359375
ak-47,62.3125
ak-47,63.109375
awp,65.5625
ak-47,63.859375
awp,87.53125
m4a1,92.359375
ak-47,93.6875
ak-47,97.0
ak-47,31.21875
m4a1,78.265625
m4a1,79.15625
ak-47,87.875
ak-47,92.15625
m4a1,27.640625
m4a1,28.25
mp9,35.765625
mp9,36.234375
mp9,41.53125
ak-47,14.53125
ak-47,17.578125
m4a1,18.375
ak-47,18.8125
m4a1,18.96875
ak-47,31.421875
ak-47,32.75
ak-47,41.375
m4a1,42.84375
m4a1,43.875
mp9,51.125
ak-47,58.828125
ak-47,60.703125
awp,72.9375
ak-47,75.21875
ak-47,77.03125
awp,81.6875
ak-47,82.671875
awp,83.859375
ak-47,21.671875
m4a1,22.46875
m4a1,23.0625
m4a1,23.5625
awp,26.296875
awp,88.546875
m4a1,96.875
m4a1,98.578125
m4a1,25.703125
ak-47,49.5625
mp9,69.75
m4a1,69.84375
ak-47,70.515625
awp,98.5625
awp,101.875
m4a1,50.875
m4a1,70.90625
m4a1,72.125
m4a1,72.265625
m4a1,74.28125
m4a1,14.734375
ak-47,15.953125
m4a1,50.5
ak-47,90.203125
m4a1,99.8125
ak-47,103.515625
ak-47,105.859375
ak-47,114.0625
ak-47,11.65625
m4a1,53.484375
ak-47,62.390625
ak-47,65.609375
ak-47,90.0
awp,16.09375
m4a1,20.1875
awp,43.359375
m4a1,15.796875
m4a1,29.0625
m4a1,31.0625
m4a1,38.921875
awp,55.6875
awp,63.25
m4a1,112.75
ak-47,26.265625
m4a1,31.296875
ak-47,31.328125
mp9,57.625
ak-47,61.453125
mp9,64.921875
mp9,66.375
ak-47,66.5625
ak-47,71.0625
mp9,75.3125
m4a1,77.984375
ak-47,80.09375
m4a1,82.765625
mp9,16.734375
m4a1,29.0
ak-47,30.078125
awp,40.046875
ak-47,13.171875
ak-47,65.15625
ak-47,15.5625
ak-47,21.0625
m4a1,22.140625
ak-47,25.40625
ak-47,100.359375
ak-47,104.4375
ak-47,108.234375
m4a1,111.421875
mp9,12.984375
m4a1,32.375
mp9,37.921875
m4a1,41.9375
m4a1,17.34375
m4a1,19.015625
m4a1,24.890625
mp9,81.875
ak-47,16.71875
ak-47,78.046875
ak-47,81.546875
m4a1,83.953125
ak-47,44.703125
ak-47,48.953125
awp,5.78125
awp,22.046875
ak-47,37.390625
ak-47,48.234375
ak-47,67.125
ak-47,91.828125
m4a1,88.5
m4a1,91.578125
ak-47,92.53125
awp,95.171875
m4a1,95.890625
awp,103.671875
m4a1,106.15625
awp,34.125
awp,36.890625
ak-47,51.078125
ak-47,51.703125
m4a1,63.1875
ak-47,75.265625
ak-47,23.3125
ak-47,25.84375
m4a1,30.921875
ak-47,30.984375
awp,60.859375
ak-47,64.046875
m4a1,82.578125
awp,24.109375
awp,67.34375
ak-47,69.8125
m4a1,85.0
m4a1,94.71875
m4a1,96.328125
ak-47,40.046875
m4a1,47.890625
m4a1,52.28125
m4a1,53.609375
m4a1,13.234375
m4a1,14.359375
ak-47,23.875
ak-47,24.59375
ak-47,28.03125
ak-47,33.296875
ak-47,39.625
ak-47,89.796875
ak-47,48.09375
ak-47,51.65625
ak-47,52.0625
ak-47,55.015625
ak-47,60.46875
ak-47,64.265625
ak-47,95.578125
ak-47,100.8125
ak-47,102.0625
ak-47,102.484375
m4a1,106.25
awp,109.609375
m4a1,38.28125
m4a1,39.1875
m4a1,47.15625
ak-47,28.40625
ak-47,59.015625
awp,64.890625
ak-47,76.359375
ak-47,82.484375
ak-47,82.515625
m4a1,83.71875
ak-47,88.21875
m4a1,15.96875
ak-47,16.796875
ak-47,18.296875
m4a1,19.78125
ak-47,88.546875
ak-47,96.28125
awp,113.671875
m4a1,10.46875
m4a1,16.671875
m4a1,23.265625
m4a1,24.6875
mp9,25.515625
mp9,16.4375
ak-47,16.671875
ak-47,17.234375
ak-47,21.125
ak-47,26.765625
mp9,43.421875
mp9,44.296875
ak-47,55.015625
mp9,34.53125
mp9,35.953125
m4a1,43.96875
ak-47,49.0625
ak-47,39.5
m4a1,56.96875
ak-47,60.25
m4a1,63.484375
ak-47,68.9375
ak-47,85.6875
awp,38.296875
awp,42.625
awp,71.1875
ak-47,72.53125
mp9,73.625
ak-47,74.78125
ak-47,77.25
m4a1,95.078125
ak-47,24.84375
m4a1,38.96875
awp,94.0
ak-47,104.71875
ak-47,11.21875
ak-47,15.890625
mac-10,22.609375
m4a1,29.46875
m4a1,25.25
ak-47,25.859375
m4a1,31.21875
ak-47,49.921875
ak-47,58.984375
ak-47,48.78125
m4a1,50.46875
ak-47,51.4375
m4a1,76.140625
m4a1,20.421875
mp9,22.359375
ak-47,29.03125
m4a1,54.28125
ak-47,65.46875
m4a1,66.046875
ak-47,34.484375
ak-47,48.40625
ak-47,13.71875
mp9,62.875
ak-47,65.765625
ak-47,69.53125
awp,32.78125
ak-47,55.453125
ak-47,75.6875
ak-47,76.34375
ak-47,78.390625
ak-47,108.15625
awp,19.734375
awp,52.078125
m4a1,61.453125
ak-47,66.390625
m4a1,35.046875
ak-47,36.125
awp,15.359375
awp,19.6875
ak-47,87.109375
ak-47,93.59375
ak-47,95.1875
ak-47,95.765625
ak-47,96.375
ak-47,27.578125
ak-47,28.75
mp9,29.53125
m4a1,31.0625
ak-47,31.328125
ak-47,56.25
ak-47,72.71875
ak-47,79.65625
m4a1,80.84375
m4a1,45.859375
ak-47,46.375
m4a1,50.65625
ak-47,66.78125
ak-47,74.765625
ak-47,92.875
awp,95.515625
awp,18.984375
ak-47,71.90625
awp,92.609375
awp,96.390625
m4a1,104.671875
awp,106.171875
awp,113.59375
awp,75.21875
mp9,77.71875
ak-47,89.640625
m4a1,103.65625
m4a1,110.921875
ak-47,111.8125
awp,36.71875
ak-47,40.78125
awp,65.09375
ak-47,74.484375
m4a1,76.03125
m4a1,77.765625
ak-47,77.875
awp,9.421875
m4a1,13.640625
m4a1,14.34375
ak-47,14.875
m4a1,24.046875
ak-47,28.5625
m4a1,29.375
ak-47,42.515625
ak-47,54.453125
ak-47,58.421875
m4a1,59.734375
ak-47,61.671875
awp,63.390625
awp,71.5
m4a1,59.859375
ak-47,59.921875
ak-47,78.15625
m4a1,79.609375
ak-47,91.40625
awp,92.875
ak-47,33.40625
awp,38.65625
ak-47,39.5625
awp,66.171875
m4a1,90.671875
ak-47,42.140625
ak-47,60.84375
ak-47,73.625
ak-47,104.328125
ak-47,105.515625
ak-47,106.84375
mac-10,95.84375
ak-47,97.46875
mp9,104.46875
mp9,78.640625
mp9,84.046875
mp9,85.734375
m4a1,61.359375
m4a1,62.046875
m4a1,63.21875
ak-47,33.6875
ak-47,57.25
ak-47,59.359375
awp,67.640625
awp,74.140625
m4a1,38.78125
m4a1,40.046875
ak-47,41.125
m4a1,41.296875
ak-47,77.953125
awp,83.953125
awp,39.3125
ak-47,81.609375
ak-47,84.25
ak-47,23.265625
ak-47,25.484375
ak-47,43.828125
m4a1,14.875
ak-47,19.859375
awp,23.96875
ak-47,82.625
m4a1,85.078125
awp,86.859375
ak-47,96.5625
awp,16.5625
ak-47,100.5
ak-47,105.03125
ak-47,21.78125
ak-47,30.296875
awp,34.640625
ak-47,37.296875
ak-47,72.921875
mp9,9.9375
mp9,10.28125
mp9,11.53125
mp9,41.265625
ak-47,68.109375
mac-10,13.984375
mac-10,13.984375
mac-10,14.21875
mac-10,22.40625
mac-10,58.765625
mac-10,74.859375
m4a1,76.703125
mac-10,79.265625
m4a1,85.265625
m4a1,85.46875
ak-47,32.875
ak-47,39.34375
awp,16.15625
ak-47,72.875
ak-47,75.0
ak-47,75.265625
ak-47,77.15625
ak-47,98.3125
ak-47,24.015625
ak-47,37.09375
ak-47,38.421875
ak-47,39.84375
ak-47,43.421875
awp,17.546875
awp,86.09375
m4a1,88.65625
ak-47,91.765625
awp,93.328125
m4a1,93.40625
ak-47,15.203125
ak-47,22.453125
ak-47,33.75
ak-47,84.875
m4a1,88.5
ak-47,94.25
ak-47,94.5
ak-47,83.890625
m4a1,86.03125
m4a1,87.984375
mp9,100.578125
mp9,104.84375
m4a1,106.125
ak-47,93.171875
ak-47,95.46875
m4a1,101.65625
m4a1,104.96875
ak-47,107.21875
ak-47,69.453125
ak-47,70.046875
ak-47,77.8125
ak-47,80.484375
m4a1,80.765625
awp,85.609375
ak-47,57.25
ak-47,58.46875
ak-47,81.046875
mp9,83.09375
awp,86.375
ak-47,104.875
m4a1,77.3125
m4a1,84.6875
m4a1,84.78125
m4a1,87.703125
m4a1,89.234375
m4a1,12.015625
ak-47,20.234375
m4a1,20.484375
m4a1,22.1875
ak-47,23.8125
mp9,71.28125
ak-47,71.703125
mp9,72.4375
ak-47,34.40625
ak-47,35.8125
awp,40.515625
awp,102.265625
m4a1,106.78125
m4a1,108.796875
ak-47,27.25
awp,30.15625
ak-47,49.625
ak-47,56.0
ak-47,58.125
ak-47,82.828125
ak-47,100.203125
awp,5.953125
m4a1,31.78125
ak-47,38.359375
m4a1,38.40625
ak-47,87.28125
awp,104.28125
awp,19.109375
m4a1,28.828125
m4a1,29.03125
ak-47,92.453125
m4a1,94.375
ak-47,94.75
awp,3.5625
ak-47,17.484375
ak-47,44.90625
m4a1,51.359375
m4a1,19.375
m4a1,45.21875
m4a1,51.046875
m4a1,52.078125
mp9,84.609375
awp,4.578125
awp,11.65625
ak-47,98.359375
ak-47,100.03125
awp,102.453125
mac-10,67.46875
m4a1,91.171875
m4a1,91.46875
ak-47,92.0
m4a1,93.609375
ak-47,93.9375
ak-47,106.265625
ak-47,112.078125
awp,89.21875
m4a1,94.6875
mac-10,57.96875
mac-10,59.34375
mac-10,77.796875
mac-10,15.65625
m4a1,18.296875
m4a1,23.40625
ak-47,39.796875
m4a1,39.9375
ak-47,44.734375
ak-47,51.625
m4a1,39.390625
m4a1,51.578125
ak-47,72.546875
ak-47,73.953125
m4a1,74.953125
ak-47,80.375
ak-47,84.828125
ak-47,85.40625
mac-10,27.90625
ak-47,40.25
ak-47,45.078125
m4a1,77.265625
ak-47,16.65625
m4a1,51.484375
ak-47,79.0625
ak-47,84.375
ak-47,84.53125
mac-10,12.15625
ak-47,13.09375
ak-47,13.6875
ak-47,14.40625
ak-47,63.3125
mp9,66.953125
mac-10,9.65625
ak-47,43.0625
ak-47,46.53125
mac-10,50.734375
ak-47,102.921875
m4a1,13.375
ak-47,24.234375
m4a1,25.90625
m4a1,31.8125
ak-47,36.828125
awp,9.890625
ak-47,25.125
ak-47,26.9375
ak-47,47.328125
ak-47,48.21875
m4a1,75.84375
awp,76.703125
mp9,21.546875
ak-47,27.359375
m4a1,44.671875
awp,65.765625
ak-47,67.609375
awp,69.828125
mac-10,16.546875
mp9,27.0
ak-47,28.359375
ak-47,66.40625
ak-47,45.90625
ak-47,46.546875
ak-47,47.828125
ak-47,82.453125
ak-47,92.203125
ak-47,13.953125
awp,27.578125
ak-47,36.546875
ak-47,41.03125
ak-47,42.5
ak-47,80.546875
ak-47,60.234375
mp9,63.8125
ak-47,15.578125
m4a1,24.4375
awp,24.96875
awp,27.046875
ak-47,27.546875
ak-47,33.703125
awp,30.609375
awp,42.765625
awp,44.84375
ak-47,23.96875
ak-47,25.421875
ak-47,47.21875
awp,48.359375
ak-47,56.59375
m4a1,61.5
ak-47,67.625
awp,70.96875
ak-47,83.203125
awp,89.640625
awp,93.703125
awp,95.75
ak-47,24.953125
ak-47,45.796875
ak-47,46.296875
awp,47.671875
ak-47,56.921875
ak-47,18.515625
m4a1,19.140625
ak-47,19.640625
ak-47,28.90625
awp,57.6875
ak-47,80.890625
awp,85.96875
mp9,37.703125
m4a1,38.21875
mp9,38.40625
ak-47,38.453125
m4a1,39.6875
m4a1,45.09375
m4a1,53.109375
mp9,58.53125
m4a1,19.28125
m4a1,20.40625
m4a1,20.421875
m4a1,26.921875
m4a1,44.875
ak-47,46.296875
m4a1,53.265625
ak-47,53.65625
m4a1,54.078125
m4a1,55.34375
mac-10,15.265625
m4a1,36.375
m4a1,37.46875
mac-10,38.515625
m4a1,41.328125
m4a1,51.765625
m4a1,53.296875
m4a1,76.140625
ak-47,48.359375
ak-47,50.6875
m4a1,50.78125
ak-47,81.5625
m4a1,81.875
ak-47,83.453125
mac-10,83.625
m4a1,24.046875
ak-47,24.125
ak-47,66.03125
m4a1,13.609375
m4a1,20.828125
awp,22.90625
m4a1,25.890625
awp,57.59375
m4a1,62.1875
ak-47,68.734375
m4a1,69.859375
m4a1,20.671875
mp9,22.25
awp,24.0
ak-47,34.859375
awp,61.296875
awp,71.6875
awp,73.96875
m4a1,83.921875
mac-10,78.890625
m4a1,78.90625
m4a1,79.609375
m4a1,80.296875
m4a1,80.375
m4a1,81.890625
ak-47,37.890625
ak-47,38.578125
ak-47,40.65625
ak-47,41.046875
awp,22.875
m4a1,37.484375
m4a1,38.3125
ak-47,43.890625
ak-47,46.3125
awp,25.09375
m4a1,27.71875
m4a1,36.53125
mp9,49.5
m4a1,50.4375
m4a1,52.328125
mp9,62.0
m4a1,79.0625
m4a1,50.859375
m4a1,50.96875
m4a1,51.265625
ak-47,30.78125
ak-47,48.359375
m4a1,100.4375
ak-47,111.34375
ak-47,18.3125
m4a1,22.609375
m4a1,23.84375
ak-47,31.6875
m4a1,37.6875
m4a1,38.734375
ak-47,65.25
ak-47,66.046875
awp,84.984375
ak-47,98.296875
m4a1,98.359375
awp,19.0625
ak-47,23.75
awp,31.625
mp9,33.125
awp,33.921875
mp9,35.609375
ak-47,68.671875
m4a1,85.265625
ak-47,86.40625
ak-47,97.09375
ak-47,102.09375
ak-47,104.1875
m4a1,26.328125
ak-47,27.875
m4a1,62.609375
mp9,69.6875
ak-47,73.59375
m4a1,78.703125
ak-47,112.859375
ak-47,96.671875
mac-10,99.984375
ak-47,109.546875
ak-47,110.0
ak-47,30.625
ak-47,31.390625
ak-47,32.390625
ak-47,33.625
m4a1,9.296875
m4a1,58.9375
ak-47,60.09375
awp,71.28125
awp,81.484375
ak-47,86.09375
awp,86.125
mp9,9.8125
mac-10,10.6875
mp9,10.84375
mp9,12.828125
ak-47,44.078125
ak-47,45.515625
ak-47,62.484375
ak-47,89.515625
awp,90.234375
ak-47,97.6875
ak-47,98.171875
awp,98.578125
awp,65.90625
m4a1,67.6875
m4a1,68.078125
ak-47,69.890625
m4a1,73.703125
m4a1,73.703125
ak-47,45.296875
ak-47,55.203125
ak-47,56.09375
awp,66.84375
m4a1,105.46875
ak-47,106.828125
mp9,70.109375
mp9,71.59375
awp,99.890625
awp,14.46875
awp,14.28125
ak-47,16.171875
m4a1,18.8125
awp,47.625
m4a1,64.015625
m4a1,64.109375
ak-47,69.703125
m4a1,71.4375
ak-47,72.5
ak-47,73.640625
ak-47,113.03125
ak-47,114.703125
m4a1,15.703125
m4a1,39.84375
mp9,57.546875
m4a1,73.671875
m4a1,74.28125
m4a1,12.09375
m4a1,12.421875
m4a1,15.109375
awp,21.734375
m4a1,28.28125
m4a1,28.875
awp,52.890625
m4a1,65.375
mac-10,25.546875
mp9,26.140625
m4a1,26.203125
mp9,27.34375
m4a1,30.046875
m4a1,61.9375
m4a1,62.734375
ak-47,36.90625
ak-47,45.40625
ak-47,86.90625
awp,87.078125
ak-47,88.78125
ak-47,17.640625
m4a1,38.328125
ak-47,39.0
ak-47,40.1875
ak-47,45.375
ak-47,53.4375
mac-10,41.9375
ak-47,50.1875
ak-47,100.0625
ak-47,107.09375
ak-47,24.4375
m4a1,25.625
ak-47,25.65625
m4a1,26.0
ak-47,26.25
mac-10,48.3125
ak-47,49.203125
ak-47,57.21875
ak-47,30.375
ak-47,31.5
ak-47,39.453125
ak-47,60.171875
ak-47,74.953125
ak-47,76.28125
awp,78.21875
m4a1,91.453125
m4a1,104.296875
awp,104.921875
ak-47,22.515625
ak-47,23.40625
ak-47,35.28125
ak-47,40.9375
ak-47,41.484375
ak-47,47.546875
awp,52.53125
ak-47,63.171875
m4a1,11.3125
ak-47,26.9375
ak-47,28.71875
m4a1,30.15625
ak-47,32.921875
awp,33.265625
ak-47,88.5
awp,99.84375
ak-47,25.734375
ak-47,37.421875
awp,49.484375
ak-47,57.046875
m4a1,57.953125
ak-47,58.34375
awp,58.65625
ak-47,67.109375
mp9,30.015625
m4a1,52.65625
m4a1,55.28125
m4a1,57.109375
m4a1,58.796875
m4a1,71.015625
mp9,15.375
m4a1,41.546875
mp9,50.140625
m4a1,52.640625
m4a1,54.078125
m4a1,57.421875
ak-47,14.0625
ak-47,15.125
ak-47,16.09375
ak-47,19.421875
m4a1,19.640625
m4a1,21.59375
m4a1,23.546875
mac-10,45.3125
mac-10,49.40625
mp9,66.625
ak-47,9.65625
ak-47,48.25
awp,74.375
awp,77.25
m4a1,82.65625
ak-47,84.078125
ak-47,85.34375
awp,85.578125
m4a1,25.375
mp9,25.90625
m4a1,27.296875
mp9,27.859375
mp9,38.890625
m4a1,38.296875
m4a1,41.140625
m4a1,72.796875
mp9,89.15625
ak-47,62.546875
ak-47,65.65625
awp,68.375
m4a1,26.203125
ak-47,27.078125
awp,84.5
ak-47,85.40625
m4a1,85.875
m4a1,88.328125
ak-47,97.8125
m4a1,99.15625
m4a1,46.078125
m4a1,57.890625
m4a1,71.125
m4a1,71.625
ak-47,28.671875
m4a1,34.578125
ak-47,46.578125
m4a1,63.78125
awp,11.890625
awp,24.90625
ak-47,27.0625
ak-47,44.875
awp,48.515625
ak-47,60.640625
awp,72.328125
ak-47,97.765625
ak-47,98.015625
ak-47,79.484375
ak-47,81.765625
awp,83.390625
m4a1,92.03125
m4a1,23.46875
ak-47,49.953125
ak-47,53.21875
awp,57.203125
m4a1,95.09375
ak-47,13.109375
m4a1,16.796875
awp,35.875
ak-47,113.953125
mp9,23.453125
m4a1,103.609375
mac-10,13.515625
ak-47,15.484375
m4a1,19.828125
ak-47,33.9375
ak-47,36.71875
mac-10,77.15625
ak-47,95.5625
mac-10,100.890625
mac-10,105.734375
ak-47,109.328125
m4a1,36.65625
ak-47,37.15625
m4a1,40.890625
ak-47,41.390625
m4a1,41.984375
ak-47,44.234375
ak-47,46.40625
ak-47,64.84375
ak-47,63.59375
ak-47,65.640625
ak-47,68.46875
ak-47,90.109375
ak-47,107.921875
m4a1,64.671875
m4a1,66.890625
m4a1,68.890625
m4a1,70.65625
m4a1,66.359375
ak-47,70.078125
m4a1,95.390625
ak-47,97.359375
m4a1,104.46875
m4a1,107.203125
ak-47,39.71875
awp,45.609375
ak-47,46.234375
ak-47,49.25
m4a1,24.703125
ak-47,36.375
awp,74.59375
m4a1,83.328125
m4a1,85.578125
ak-47,86.703125
ak-47,91.234375
ak-47,92.296875
awp,53.296875
awp,59.3125
ak-47,69.328125
m4a1,22.390625
m4a1,78.421875
ak-47,78.90625
ak-47,88.640625
m4a1,99.640625
ak-47,100.703125
m4a1,104.90625
m4a1,112.546875
m4a1,63.84375
ak-47,65.734375
m4a1,66.015625
m4a1,66.515625
m4a1,70.8125
m4a1,87.53125
awp,41.171875
ak-47,59.765625
ak-47,61.1875
ak-47,73.171875
ak-47,21.140625
m4a1,68.296875
ak-47,69.484375
ak-47,80.734375
ak-47,84.78125
ak-47,90.359375
ak-47,91.59375
ak-47,38.21875
awp,60.078125
ak-47,63.25
m4a1,67.203125
awp,76.421875
ak-47,79.53125
ak-47,91.890625
ak-47,38.3125
ak-47,62.71875
m4a1,83.328125
ak-47,84.3125
ak-47,107.4375
m4a1,29.15625
m4a1,31.4375
m4a1,32.203125
m4a1,36.078125
mp9,77.109375
m4a1,49.125
m4a1,50.328125
m4a1,52.671875
m4a1,64.84375
ak-47,80.734375
m4a1,82.71875
ak-47,82.921875
ak-47,85.15625
ak-47,86.8125
ak-47,89.234375
m4a1,94.578125
m4a1,95.796875
ak-47,97.09375
ak-47,98.890625
m4a1,100.3125
m4a1,101.0625
m4a1,105.796875
m4a1,71.578125
ak-47,75.578125
m4a1,82.578125
awp,89.828125
awp,96.5625
awp,31.59375
awp,34.40625
awp,36.53125
ak-47,37.46875
ak-47,55.96875
ak-47,60.140625
ak-47,12.234375
ak-47,28.296875
ak-47,31.078125
ak-47,33.921875
ak-47,104.765625
ak-47,105.375
ak-47,68.53125
ak-47,69.21875
m4a1,73.65625
ak-47,78.4375
m4a1,81.375
ak-47,93.046875
m4a1,102.78125
m4a1,106.109375
m4a1,61.046875
m4a1,63.96875
m4a1,66.171875
m4a1,67.109375
m4a1,72.6875
m4a1,46.1875
ak-47,49.796875
m4a1,50.03125
ak-47,51.171875
ak-47,53.0625
m4a1,62.4375
m4a1,75.46875
ak-47,32.65625
m4a1,43.078125
m4a1,52.140625
m4a1,55.265625
m4a1,55.484375
m4a1,12.078125
ak-47,21.65625
ak-47,57.03125
ak-47,59.921875
ak-47,67.953125
m4a1,30.15625
m4a1,49.515625
ak-47,51.421875
m4a1,52.171875
ak-47,53.34375
ak-47,53.828125
m4a1,54.375
mp9,101.109375
m4a1,73.75
awp,83.015625
awp,85.828125
ak-47,88.265625
ak-47,94.890625
m4a1,98.03125
ak-47,48.484375
ak-47,48.90625
ak-47,52.53125
awp,65.96875
ak-47,68.59375
m4a1,84.53125
m4a1,84.828125
awp,35.59375
m4a1,44.15625
m4a1,45.421875
m4a1,47.640625
ak-47,47.984375
ak-47,57.5
ak-47,57.609375
ak-47,62.890625
m4a1,71.046875
m4a1,32.1875
ak-47,34.5625
ak-47,35.828125
m4a1,37.46875
awp,47.21875
awp,58.34375
m4a1,91.25
m4a1,92.375
m4a1,93.6875
mac-10,21.859375
ak-47,24.875
ak-47,28.734375
mac-10,31.5
ak-47,14.609375
ak-47,73.875
ak-47,77.59375
ak-47,92.046875
mp9,94.390625
ak-47,105.421875
mac-10,14.65625
mac-10,17.640625
ak-47,45.25
m4a1,22.25
m4a1,27.109375
m4a1,69.578125
m4a1,85.40625
m4a1,95.6875
awp,19.21875
ak-47,26.65625
m4a1,44.1875
ak-47,44.875
m4a1,47.546875
awp,49.265625
ak-47,52.25
ak-47,23.09375
ak-47,23.359375
ak-47,29.796875
awp,55.984375
awp,58.265625
ak-47,19.625
m4a1,20.671875
m4a1,42.671875
m4a1,65.21875
ak-47,68.3125
m4a1,70.4375
awp,72.640625
ak-47,38.90625
m4a1,41.828125
ak-47,61.203125
ak-47,62.109375
ak-47,62.828125
awp,73.984375
ak-47,28.1875
ak-47,28.796875
awp,29.21875
awp,32.75
awp,38.640625
ak-47,47.09375
ak-47,47.1875
ak-47,48.203125
ak-47,60.71875
ak-47,62.765625
ak-47,77.671875
ak-47,86.484375
ak-47,28.203125
ak-47,38.78125
ak-47,40.109375
ak-47,70.1875
m4a1,14.046875
awp,71.40625
awp,78.578125
awp,80.28125
ak-47,81.984375
ak-47,82.21875
ak-47,99.15625
ak-47,76.3125
ak-47,80.78125
ak-47,73.296875
m4a1,74.28125
mac-10,76.296875
m4a1,77.015625
ak-47,77.578125
m4a1,79.03125
m4a1,79.75
m4a1,102.546875
ak-47,9.953125
ak-47,45.53125
ak-47,47.40625
awp,61.59375
awp,74.796875
m4a1,36.953125
m4a1,9.515625
ak-47,17.921875
ak-47,20.625
m4a1,20.71875
awp,24.765625
ak-47,30.5625
ak-47,37.5
ak-47,55.75
ak-47,44.046875
ak-47,48.71875
awp,49.03125
ak-47,52.734375
ak-47,77.390625
awp,15.21875
ak-47,16.046875
ak-47,16.34375
awp,17.84375
m4a1,19.046875
m4a1,54.25
m4a1,57.078125
m4a1,59.546875
m4a1,72.140625
m4a1,77.71875
ak-47,49.328125
m4a1,49.375
ak-47,94.609375
ak-47,95.484375
ak-47,97.40625
ak-47,101.375
m4a1,106.75
ak-47,11.640625
awp,79.984375
mp9,57.84375
ak-47,58.71875
ak-47,63.390625
ak-47,65.203125
mp9,67.515625
awp,68.234375
ak-47,75.0
awp,21.625
awp,43.015625
awp,61.171875
awp,62.984375
awp,68.125
ak-47,72.4375
m4a1,88.1875
ak-47,89.03125
ak-47,92.6875
ak-47,93.0625
ak-47,93.15625
ak-47,93.875
ak-47,103.421875
awp,10.84375
ak-47,33.765625
ak-47,37.75
ak-47,43.75
m4a1,46.859375
ak-47,49.125
awp,31.546875
awp,50.671875
ak-47,52.90625
ak-47,60.34375
awp,60.59375
awp,68.53125
m4a1,79.03125
ak-47,84.75
ak-47,86.3125
ak-47,88.3125
ak-47,39.0625
m4a1,48.46875
ak-47,48.84375
m4a1,61.0
awp,67.109375
awp,69.171875
m4a1,74.9375
ak-47,20.03125
ak-47,20.671875
ak-47,22.140625
awp,22.234375
ak-47,24.625
m4a1,67.671875
m4a1,70.9375
ak-47,71.6875
m4a1,32.40625
m4a1,84.859375
m4a1,86.765625
m4a1,94.140625
m4a1,66.578125
ak-47,68.09375
ak-47,70.40625
ak-47,73.171875
m4a1,78.125
ak-47,81.6875
m4a1,84.234375
ak-47,87.375
m4a1,92.296875
ak-47,93.09375
m4a1,105.59375
ak-47,107.34375
ak-47,46.1875
awp,84.296875
m4a1,86.25
ak-47,86.859375
m4a1,96.34375
m4a1,104.0625
m4a1,113.203125
ak-47,25.28125
m4a1,33.09375
ak-47,35.125
ak-47,44.171875
m4a1,52.96875
ak-47,59.75
m4a1,62.46875
ak-47,66.625
m4a1,15.21875
m4a1,16.703125
mp9,69.9375
mp9,74.5625
mp9,79.84375
mp9,26.015625
m4a1,63.828125
m4a1,64.9375
m4a1,66.1875
mp9,66.53125
m4a1,32.796875
m4a1,82.328125
m4a1,82.53125
mp9,83.046875
ak-47,86.0
m4a1,86.53125
ak-47,63.765625
ak-47,65.15625
m4a1,67.359375
ak-47,68.84375
ak-47,70.53125
ak-47,26.875
ak-47,38.625
ak-47,38.9375
ak-47,39.46875
ak-47,81.65625
m4a1,40.34375
m4a1,60.640625
ak-47,83.75
m4a1,108.984375
ak-47,14.265625
m4a1,14.484375
ak-47,56.265625
m4a1,62.875
ak-47,62.9375
m4a1,31.8125
ak-47,51.53125
m4a1,56.0
m4a1,56.703125
ak-47,73.25
m4a1,77.34375
ak-47,12.828125
ak-47,71.03125
ak-47,22.59375
awp,28.390625
ak-47,31.109375
m4a1,38.75
ak-47,50.34375
ak-47,76.796875
ak-47,80.8125
ak-47,51.09375
m4a1,53.46875
ak-47,54.484375
mp9,54.546875
ak-47,56.1875
m4a1,59.640625
ak-47,60.46875
m4a1,85.796875
m4a1,92.484375
m4a1,73.421875
mac-10,78.9375
mac-10,58.859375
m4a1,60.640625
m4a1,34.703125
m4a1,43.25
m4a1,43.640625
m4a1,44.0
m4a1,44.703125
ak-47,88.375
ak-47,90.0625
m4a1,90.65625
m4a1,91.765625
ak-47,92.09375
mp9,102.890625
mp9,106.53125
mp9,113.109375
ak-47,44.8125
ak-47,46.5625
m4a1,64.140625
ak-47,69.796875
ak-47,70.65625
ak-47,73.328125
awp,74.4375
ak-47,75.671875
mp9,54.0
ak-47,55.328125
ak-47,81.421875
mp9,86.734375
ak-47,87.3125
ak-47,91.109375
ak-47,101.21875
ak-47,35.578125
ak-47,101.21875
ak-47,102.734375
m4a1,105.25
m4a1,76.125
m4a1,82.390625
m4a1,83.125
mp9,32.5
mp9,47.78125
m4a1,49.8125
m4a1,76.03125
ak-47,16.765625
ak-47,32.34375
m4a1,36.421875
m4a1,40.4375
awp,40.84375
ak-47,56.703125
ak-47,57.671875
ak-47,15.5625
m4a1,27.546875
m4a1,39.609375
ak-47,44.890625
ak-47,54.484375
ak-47,22.59375
ak-47,23.0
ak-47,23.609375
ak-47,60.171875
m4a1,61.3125
m4a1,63.75
m4a1,64.453125
awp,11.71875
ak-47,12.375
ak-47,19.84375
ak-47,53.34375
ak-47,13.25
ak-47,32.28125
ak-47,45.84375
ak-47,46.0625
ak-47,51.984375
m4a1,29.328125
m4a1,30.015625
ak-47,58.015625
ak-47,67.34375
m4a1,20.46875
ak-47,20.671875
ak-47,39.328125
ak-47,45.0
ak-47,59.46875
ak-47,69.0
awp,52.8125
awp,67.953125
m4a1,79.09375
m4a1,82.484375
mp9,87.734375
ak-47,86.734375
awp,103.453125
ak-47,22.90625
awp,30.484375
awp,56.25
m4a1,67.828125
m4a1,68.28125
awp,69.34375
awp,17.59375
m4a1,61.5
ak-47,97.734375
m4a1,106.359375
m4a1,107.71875
m4a1,68.09375
m4a1,78.125
awp,78.78125
awp,10.578125
ak-47,18.984375
ak-47,19.9375
m4a1,30.75
awp,90.40625
ak-47,97.953125
ak-47,99.0
m4a1,22.28125
ak-47,22.8125
ak-47,25.546875
m4a1,35.375
ak-47,36.25
m4a1,16.40625
ak-47,17.203125
ak-47,23.796875
m4a1,90.25
ak-47,113.140625
ak-47,56.65625
ak-47,59.828125
ak-47,61.03125
m4a1,92.5625
ak-47,93.65625
m4a1,30.0
m4a1,31.28125
mp9,33.28125
m4a1,36.3125
m4a1,52.40625
m4a1,52.609375
m4a1,59.171875
awp,37.1875
ak-47,40.4375
ak-47,60.515625
ak-47,87.28125
ak-47,28.375
m4a1,28.984375
awp,30.703125
m4a1,33.5625
m4a1,34.546875
m4a1,34.75
m4a1,19.328125
ak-47,21.328125
ak-47,24.453125
awp,56.78125
ak-47,64.984375
m4a1,66.296875
awp,67.53125
awp,74.21875
ak-47,76.390625
ak-47,87.296875
ak-47,25.875
ak-47,69.59375
ak-47,71.0
ak-47,77.328125
ak-47,12.875
m4a1,20.78125
m4a1,23.78125
m4a1,37.640625
m4a1,41.65625
m4a1,61.78125
ak-47,65.71875
ak-47,93.234375
ak-47,93.53125
ak-47,98.34375
m4a1,99.40625
ak-47,65.9375
ak-47,66.90625
ak-47,73.125
m4a1,75.0625
ak-47,75.625
ak-47,113.765625
ak-47,114.0
ak-47,114.390625
awp,18.859375
ak-47,29.3125
ak-47,34.21875
ak-47,67.09375
ak-47,69.125
ak-47,21.171875
mp9,24.390625
ak-47,33.703125
awp,45.609375
ak-47,106.328125
awp,108.890625
ak-47,48.484375
mp9,50.828125
mp9,52.9375
ak-47,74.09375
ak-47,81.25
mac-10,17.75
ak-47,18.125
mac-10,23.4375
awp,20.0625
ak-47,23.859375
m4a1,95.296875
ak-47,95.40625
ak-47,111.484375
ak-47,23.453125
ak-47,24.234375
ak-47,24.375
ak-47,76.21875
ak-47,82.921875
ak-47,84.78125
ak-47,86.3125
awp,98.984375
awp,103.90625
ak-47,16.140625
ak-47,22.84375
awp,23.015625
awp,58.390625
ak-47,90.640625
ak-47,37.65625
ak-47,47.453125
awp,53.65625
awp,60.78125
ak-47,72.328125
mp9,34.890625
mp9,38.109375
mp9,39.03125
mp9,44.40625
mp9,47.25
m4a1,50.25
m4a1,61.234375
m4a1,70.65625
mp9,82.078125
mp9,89.5625
m4a1,87.453125
ak-47,89.21875
m4a1,92.046875
ak-47,92.515625
ak-47,93.84375
ak-47,100.96875
ak-47,15.1875
m4a1,41.46875
ak-47,60.265625
ak-47,64.390625
ak-47,70.609375
ak-47,20.046875
m4a1,20.8125
m4a1,83.3125
ak-47,88.015625
awp,106.578125
awp,108.453125
ak-47,24.109375
m4a1,24.5625
m4a1,25.359375
ak-47,36.40625
m4a1,80.03125
ak-47,81.21875
m4a1,82.390625
m4a1,82.890625
awp,19.0625
m4a1,42.1875
m4a1,42.421875
m4a1,43.921875
m4a1,75.625
m4a1,13.0
ak-47,26.90625
ak-47,35.546875
awp,39.640625
ak-47,77.578125
ak-47,106.4375
ak-47,19.234375
awp,24.265625
ak-47,25.53125
m4a1,28.140625
m4a1,78.59375
ak-47,83.84375
ak-47,28.53125
ak-47,28.921875
ak-47,33.0625
ak-47,42.625
ak-47,78.984375
ak-47,51.328125
m4a1,51.65625
ak-47,51.8125
m4a1,62.046875
m4a1,68.65625
m4a1,75.09375
ak-47,83.5
ak-47,89.953125
ak-47,92.28125
mp9,18.34375
mp9,99.40625
mac-10,100.40625
mp9,100.4375
mac-10,101.59375
mac-10,102.671875
mp9,103.46875
m4a1,45.03125
m4a1,45.65625
m4a1,50.0
m4a1,56.328125
m4a1,59.046875
m4a1,17.640625
m4a1,17.9375
m4a1,18.4375
m4a1,20.875
m4a1,16.625
ak-47,28.90625
ak-47,53.625
m4a1,98.015625
ak-47,80.0625
ak-47,89.4375
ak-47,94.25
ak-47,102.4375
ak-47,103.390625
ak-47,106.6875
ak-47,105.421875
awp,105.8125
awp,74.53125
awp,93.015625
awp,97.609375
awp,99.328125
awp,106.21875
ak-47,107.9375
awp,10.140625
ak-47,22.953125
awp,28.453125
awp,31.609375
m4a1,44.578125
ak-47,47.0625
awp,31.25
awp,33.0
mac-10,34.328125
mac-10,35.890625
ak-47,57.359375
ak-47,64.359375
ak-47,65.125
m4a1,69.4375
mac-10,73.84375
mac-10,78.65625
mac-10,62.0625
mac-10,64.0625
ak-47,67.296875
awp,44.5625
ak-47,67.765625
m4a1,68.1875
m4a1,74.90625
m4a1,76.75
awp,83.390625
awp,28.46875
m4a1,29.296875
awp,38.03125
m4a1,17.9375
ak-47,19.796875
ak-47,20.65625
ak-47,26.4375
ak-47,27.75
m4a1,28.0
m4a1,61.03125
m4a1,62.71875
m4a1,66.796875
m4a1,67.703125
m4a1,73.765625
m4a1,54.078125
ak-47,82.71875
awp,86.28125
ak-47,93.984375
m4a1,103.734375
ak-47,48.375
ak-47,62.875
ak-47,66.125
ak-47,67.734375
ak-47,81.71875
m4a1,75.78125
m4a1,78.046875
m4a1,78.15625
m4a1,79.359375
m4a1,88.359375
ak-47,95.375
ak-47,95.78125
awp,97.78125
ak-47,100.609375
awp,106.15625
mac-10,109.078125
ak-47,11.125
awp,91.390625
m4a1,94.21875
m4a1,97.34375
m4a1,97.4375
awp,107.796875
awp,112.546875
mp9,55.578125
m4a1,34.6875
ak-47,41.15625
ak-47,41.34375
ak-47,41.75
ak-47,42.625
ak-47,50.59375
ak-47,51.65625
ak-47,91.296875
ak-47,91.71875
ak-47,93.078125
ak-47,95.359375
ak-47,13.59375
awp,16.875
awp,24.015625
m4a1,24.890625
ak-47,66.578125
ak-47,90.234375
ak-47,91.65625
ak-47,99.140625
ak-47,43.734375
awp,50.734375
awp,55.296875
ak-47,59.015625
ak-47,64.59375
ak-47,96.890625
ak-47,106.09375
awp,31.53125
awp,93.046875
ak-47,106.390625
ak-47,108.640625
ak-47,109.703125
ak-47,62.890625
ak-47,74.1875
ak-47,81.765625
ak-47,27.09375
ak-47,28.25
ak-47,29.71875
ak-47,50.65625
ak-47,64.125
ak-47,76.796875
m4a1,78.9375
ak-47,81.140625
ak-47,98.5
mac-10,74.765625
ak-47,23.515625
m4a1,37.96875
awp,66.625
m4a1,68.984375
m4a1,86.375
ak-47,87.9375
ak-47,98.828125
ak-47,59.1875
mac-10,82.546875
m4a1,93.46875
m4a1,45.1875
m4a1,46.125
m4a1,47.890625
awp,76.984375
m4a1,86.625
m4a1,87.328125
m4a1,88.671875
m4a1,94.71875
awp,19.765625
ak-47,77.390625
ak-47,78.40625
awp,80.28125
ak-47,87.90625
ak-47,107.984375
m4a1,108.828125
m4a1,30.375
awp,50.453125
awp,63.6875
m4a1,78.0625
awp,79.140625
m4a1,81.046875
m4a1,107.359375
m4a1,111.921875
m4a1,113.421875
m4a1,114.078125
ak-47,30.453125
ak-47,41.4375
ak-47,44.703125
awp,52.390625
ak-47,58.109375
m4a1,16.234375
m4a1,21.953125
m4a1,25.296875
ak-47,58.5625
ak-47,60.9375
ak-47,107.09375
ak-47,109.921875
ak-47,10.234375
m4a1,18.03125
ak-47,19.109375
ak-47,20.296875
awp,29.015625
awp,36.96875
m4a1,30.640625
m4a1,39.84375
m4a1,41.25
ak-47,26.578125
m4a1,30.359375
ak-47,32.609375
m4a1,41.921875
m4a1,42.375
ak-47,59.375
ak-47,60.265625
m4a1,52.9375
m4a1,70.515625
m4a1,83.171875
m4a1,67.75
ak-47,81.109375
ak-47,75.5625
ak-47,77.578125
ak-47,77.875
ak-47,80.03125
ak-47,82.1875
ak-47,83.375
ak-47,86.84375
m4a1,60.484375
awp,35.140625
awp,39.296875
awp,56.234375
m4a1,61.1875
m4a1,51.6875
m4a1,59.921875
m4a1,50.75
ak-47,55.3125
ak-47,58.96875
m4a1,60.59375
m4a1,61.296875
m4a1,86.234375
ak-47,97.171875
m4a1,65.9375
ak-47,98.4375
ak-47,102.625
ak-47,104.765625
ak-47,105.8125
ak-47,20.890625
awp,21.3125
ak-47,37.453125
ak-47,48.453125
ak-47,59.9375
awp,67.828125
awp,71.1875
ak-47,69.984375
ak-47,79.15625
awp,94.578125
ak-47,29.34375
ak-47,30.109375
ak-47,30.71875
ak-47,32.015625
ak-47,43.78125
ak-47,53.625
awp,103.625
ak-47,104.6875
ak-47,107.46875
m4a1,112.828125
m4a1,113.640625
awp,73.6875
ak-47,108.125
mp9,109.40625
ak-47,114.375
awp,36.09375
awp,68.6875
ak-47,71.703125
awp,76.328125
awp,78.09375
awp,79.296875
ak-47,47.046875
ak-47,58.953125
m4a1,60.046875
m4a1,92.0
ak-47,93.875
ak-47,97.921875
awp,100.734375
m4a1,17.46875
ak-47,54.34375
ak-47,54.421875
awp,56.453125
m4a1,24.75
m4a1,25.65625
awp,31.046875
mp9,33.640625
awp,45.296875
m4a1,48.625
mp9,48.984375
m4a1,67.375
mp9,68.40625
m4a1,85.625
ak-47,86.59375
ak-47,37.34375
awp,49.625
ak-47,50.640625
ak-47,66.078125
ak-47,32.6875
ak-47,52.5
awp,55.03125
ak-47,56.78125
awp,89.796875
m4a1,48.265625
mac-10,50.828125
m4a1,55.453125
mac-10,55.875
m4a1,56.25
m4a1,57.625
awp,98.828125
ak-47,54.265625
ak-47,59.125
ak-47,59.875
awp,67.484375
ak-47,82.125
ak-47,90.5
ak-47,11.0
ak-47,11.40625
ak-47,18.5625
ak-47,24.65625
ak-47,34.1875
awp,61.125
ak-47,74.09375
ak-47,81.953125
ak-47,24.21875
ak-47,41.15625
awp,48.78125
mp9,50.90625
ak-47,92.6875
ak-47,95.265625
m4a1,59.296875
m4a1,10.46875
ak-47,16.453125
ak-47,26.28125
ak-47,10.703125
ak-47,12.140625
ak-47,38.984375
ak-47,48.4375
ak-47,58.921875
ak-47,13.65625
ak-47,14.765625
ak-47,17.46875
ak-47,17.734375
ak-47,19.078125
awp,4.484375
awp,49.484375
ak-47,74.171875
ak-47,82.234375
ak-47,82.609375
ak-47,12.75
ak-47,13.15625
ak-47,27.75
ak-47,97.796875
ak-47,100.109375
ak-47,101.984375
ak-47,29.953125
ak-47,57.953125
ak-47,63.890625
ak-47,66.625
ak-47,82.0
awp,19.625
ak-47,41.890625
ak-47,51.078125
m4a1,54.328125
ak-47,61.8125
ak-47,75.203125
ak-47,89.140625
ak-47,21.921875
ak-47,29.171875
mp9,50.15625
ak-47,53.5
ak-47,53.609375
ak-47,63.046875
ak-47,78.890625
awp,81.96875
ak-47,82.75
ak-47,86.0
awp,103.734375
ak-47,69.859375
ak-47,74.09375
awp,11.765625
m4a1,28.234375
m4a1,88.796875
m4a1,96.765625
ak-47,104.46875
ak-47,109.859375
ak-47,110.15625
m4a1,11.78125
m4a1,13.578125
ak-47,15.203125
m4a1,15.828125
ak-47,17.375
awp,34.046875
ak-47,38.265625
awp,8.953125
m4a1,42.578125
m4a1,47.328125
ak-47,47.890625
ak-47,50.015625
m4a1,31.1875
m4a1,84.984375
mp9,94.75
m4a1,96.53125
ak-47,103.4375
m4a1,104.125
m4a1,104.875
ak-47,109.984375
m4a1,59.109375
ak-47,72.1875
m4a1,88.546875
ak-47,89.875
awp,91.828125
awp,96.796875
m4a1,106.21875
m4a1,109.265625
ak-47,109.8125
m4a1,114.90625
awp,46.78125
ak-47,54.59375
awp,54.703125
awp,93.71875
m4a1,96.015625
ak-47,19.34375
ak-47,27.0625
ak-47,30.359375
mp9,30.953125
ak-47,48.25
ak-47,48.53125
m4a1,49.0
awp,81.8125
ak-47,91.046875
awp,11.640625
ak-47,67.859375
m4a1,69.125
ak-47,96.046875
m4a1,97.609375
ak-47,108.109375
awp,111.8125
m4a1,14.28125
awp,24.5
m4a1,60.25
m4a1,60.546875
ak-47,63.40625
ak-47,64.484375
ak-47,76.859375
awp,9.5
m4a1,56.03125
m4a1,57.53125
m4a1,62.5
mp9,17.671875
ak-47,92.015625
ak-47,92.703125
ak-47,96.515625
awp,102.96875
m4a1,62.828125
ak-47,66.765625
awp,12.75
awp,24.390625
m4a1,41.453125
ak-47,44.265625
awp,58.359375
m4a1,74.0
awp,78.5
mp9,78.265625
mp9,83.65625
ak-47,36.09375
ak-47,36.34375
m4a1,39.96875
m4a1,50.28125
m4a1,51.765625
ak-47,52.015625
ak-47,61.90625
mp9,12.78125
m4a1,26.546875
m4a1,81.34375
m4a1,84.890625
ak-47,88.90625
awp,30.765625
m4a1,83.15625
awp,83.21875
ak-47,84.59375
awp,95.421875
awp,97.984375
awp,77.84375
ak-47,80.71875
ak-47,82.03125
m4a1,82.15625
ak-47,101.8125
m4a1,71.375
ak-47,80.015625
m4a1,80.90625
m4a1,82.640625
m4a1,90.796875
ak-47,57.5
ak-47,59.84375
ak-47,90.109375
ak-47,91.234375
awp,94.15625
ak-47,30.9375
ak-47,38.21875
awp,20.5625
ak-47,33.046875
ak-47,35.203125
m4a1,35.796875
ak-47,38.03125
ak-47,90.34375
ak-47,90.875
m4a1,16.921875
awp,21.171875
awp,23.828125
m4a1,33.671875
ak-47,22.25
awp,32.328125
mp9,41.1875
mp9,43.359375
mp9,51.1875
ak-47,80.734375
m4a1,98.625
m4a1,13.84375
awp,14.703125
awp,17.0625
m4a1,32.84375
ak-47,38.890625
m4a1,40.984375
m4a1,41.75
awp,99.375
m4a1,100.421875
m4a1,102.640625
m4a1,102.734375
m4a1,108.453125
m4a1,110.734375
ak-47,80.59375
m4a1,50.625
ak-47,51.09375
m4a1,62.046875
m4a1,63.109375
ak-47,63.390625
awp,75.109375
awp,78.109375
ak-47,24.921875
awp,58.6875
awp,60.15625
ak-47,63.203125
ak-47,74.171875
m4a1,14.078125
m4a1,61.78125
ak-47,89.5625
mac-10,17.625
ak-47,73.484375
m4a1,74.046875
m4a1,75.484375
awp,80.0
m4a1,86.0625
awp,38.921875
ak-47,45.171875
mac-10,50.75
m4a1,61.265625
ak-47,64.796875
ak-47,87.078125
m4a1,103.4375
awp,105.671875
m4a1,44.84375
m4a1,45.953125
ak-47,50.734375
ak-47,87.765625
awp,93.296875
m4a1,51.65625
ak-47,59.390625
ak-47,63.84375
ak-47,92.4375
awp,92.875
m4a1,94.203125
awp,94.59375
m4a1,18.28125
m4a1,18.734375
ak-47,33.234375
m4a1,39.171875
ak-47,65.25
ak-47,78.6875
ak-47,78.828125
m4a1,17.046875
ak-47,18.4375
m4a1,21.125
m4a1,22.859375
ak-47,23.25
ak-47,45.09375
ak-47,46.59375
ak-47,54.359375
ak-47,65.65625
ak-47,42.46875
ak-47,45.859375
m4a1,49.359375
ak-47,51.46875
awp,53.046875
awp,54.796875
ak-47,57.59375
m4a1,33.703125
m4a1,33.75
ak-47,34.625
awp,40.515625
ak-47,44.703125
ak-47,47.0625
m4a1,47.671875
ak-47,64.84375
ak-47,12.90625
m4a1,21.640625
ak-47,24.75
ak-47,24.890625
mp9,24.96875
ak-47,39.4375
m4a1,41.140625
m4a1,54.03125
m4a1,57.09375
ak-47,60.828125
m4a1,61.46875
mp9,85.96875
mp9,86.390625
m4a1,100.921875
ak-47,21.9375
m4a1,45.984375
awp,16.65625
ak-47,17.8125
ak-47,77.34375
awp,85.546875
ak-47,85.75
ak-47,104.703125
awp,9.96875
awp,42.359375
ak-47,62.796875
ak-47,84.921875
ak-47,85.5625
ak-47,92.375
ak-47,112.9375
m4a1,24.3125
m4a1,28.4375
ak-47,29.65625
ak-47,31.671875
ak-47,32.4375
awp,36.5625
ak-47,37.8125
ak-47,79.671875
awp,94.5625
awp,106.796875
awp,19.21875
m4a1,32.109375
m4a1,98.890625
awp,101.171875
awp,102.421875
awp,86.140625
m4a1,88.1875
m4a1,90.421875
awp,91.15625
awp,92.46875
m4a1,94.5
m4a1,111.8125
m4a1,43.625
awp,44.453125
awp,50.1875
m4a1,69.921875
m4a1,70.234375
ak-47,74.859375
ak-47,81.125
m4a1,54.5625
m4a1,67.171875
m4a1,69.25
m4a1,77.640625
m4a1,79.34375
m4a1,91.203125
mac-10,26.1875
m4a1,27.125
ak-47,76.703125
ak-47,55.375
m4a1,72.53125
ak-47,80.109375
m4a1,87.046875
ak-47,94.3125
awp,10.890625
mp9,57.890625
awp,67.5
m4a1,68.75
ak-47,83.046875
ak-47,84.78125
ak-47,21.703125
ak-47,25.171875
mp9,47.96875
ak-47,60.953125
m4a1,62.953125
ak-47,74.578125
awp,75.265625
ak-47,78.203125
ak-47,37.859375
ak-47,41.96875
ak-47,43.125
ak-47,45.1875
ak-47,46.671875
awp,23.34375
ak-47,54.890625
m4a1,85.84375
m4a1,93.140625
ak-47,94.640625
ak-47,96.109375
ak-47,100.5
ak-47,24.0625
awp,27.109375
ak-47,27.25
awp,31.03125
m4a1,33.90625
awp,37.734375
awp,58.8125
awp,79.75
m4a1,21.375
awp,29.828125
ak-47,36.0625
m4a1,39.796875
mac-10,37.59375
mac-10,38.3125
mac-10,39.578125
ak-47,7.765625
ak-47,30.53125
ak-47,32.75
ak-47,26.03125
mac-10,26.984375
mac-10,29.40625
ak-47,71.609375
ak-47,72.5
ak-47,19.859375
m4a1,23.859375
m4a1,27.171875
awp,45.046875
awp,61.953125
ak-47,65.1875
m4a1,70.171875
ak-47,29.578125
m4a1,48.953125
ak-47,50.53125
ak-47,51.625
ak-47,84.6875
awp,23.21875
m4a1,24.125
m4a1,26.078125
awp,29.890625
ak-47,30.578125
awp,81.09375
ak-47,96.359375
ak-47,103.28125
ak-47,104.234375
ak-47,107.625
awp,10.453125
ak-47,24.625
m4a1,27.65625
ak-47,33.5
ak-47,36.421875
ak-47,39.265625
m4a1,64.734375
mp9,33.125
mac-10,59.1875
ak-47,77.203125
mp9,79.515625
ak-47,84.671875
ak-47,22.1875
ak-47,22.84375
ak-47,23.953125
ak-47,64.984375
ak-47,101.28125
ak-47,102.71875
ak-47,108.296875
awp,113.734375
ak-47,80.015625
ak-47,85.09375
awp,87.46875
mp9,92.875
ak-47,93.421875
ak-47,102.546875
m4a1,65.328125
awp,67.046875
m4a1,67.703125
ak-47,15.46875
ak-47,19.140625
ak-47,21.296875
ak-47,32.25
awp,34.609375
ak-47,65.328125
ak-47,22.640625
awp,90.96875
ak-47,95.390625
ak-47,112.765625
mp9,112.96875
ak-47,23.375
ak-47,63.421875
m4a1,63.828125
ak-47,84.34375
ak-47,92.125
ak-47,92.515625
m4a1,102.484375
ak-47,103.265625
ak-47,33.5
awp,86.78125
ak-47,52.484375
ak-47,78.09375
ak-47,82.328125
ak-47,84.484375
awp,90.203125
ak-47,54.75
mp9,29.5
mp9,90.40625
ak-47,91.25
ak-47,65.59375
ak-47,70.90625
m4a1,109.34375
m4a1,49.21875
awp,63.140625
ak-47,82.03125
ak-47,64.0
ak-47,73.640625
awp,95.453125
m4a1,101.875
ak-47,106.984375
ak-47,107.875
ak-47,108.40625
mp9,87.078125
m4a1,89.109375
m4a1,89.8125
mp9,97.25
ak-47,101.015625
ak-47,104.03125
ak-47,110.25
m4a1,11.859375
m4a1,41.515625
m4a1,52.765625
m4a1,54.265625
m4a1,55.0625
m4a1,20.0625
ak-47,20.125
ak-47,21.640625
m4a1,25.75
m4a1,44.578125
ak-47,61.625
m4a1,69.46875
m4a1,69.96875
ak-47,12.0
ak-47,12.90625
awp,13.0625
ak-47,14.296875
ak-47,17.828125
awp,61.328125
ak-47,68.25
ak-47,70.828125
ak-47,72.546875
ak-47,72.734375
ak-47,73.796875
ak-47,17.578125
awp,19.125
awp,32.09375
awp,52.828125
m4a1,13.84375
m4a1,15.296875
awp,46.859375
m4a1,46.890625
m4a1,47.984375
m4a1,17.09375
awp,18.625
ak-47,34.078125
awp,37.890625
m4a1,61.671875
m4a1,67.96875
awp,34.15625
awp,46.40625
ak-47,59.5
ak-47,59.609375
ak-47,60.796875
ak-47,10.921875
ak-47,13.109375
ak-47,14.859375
ak-47,16.78125
ak-47,17.828125
awp,8.0625
awp,10.203125
awp,10.5
ak-47,16.203125
awp,16.421875
ak-47,25.65625
ak-47,20.90625
ak-47,54.984375
ak-47,55.078125
ak-47,61.203125
ak-47,90.65625
ak-47,91.578125
mac-10,30.875
ak-47,55.78125
mac-10,60.359375
ak-47,60.8125
ak-47,61.71875
mac-10,62.25
ak-47,64.796875
ak-47,13.328125
mp9,18.515625
ak-47,24.421875
ak-47,67.9375
mp9,24.21875
ak-47,25.125
mp9,25.6875
ak-47,40.546875
ak-47,47.046875
mac-10,61.859375
ak-47,94.53125
ak-47,96.078125
ak-47,97.171875
ak-47,103.703125
m4a1,82.703125
ak-47,86.078125
awp,94.5625
ak-47,68.96875
ak-47,86.203125
ak-47,87.1875
m4a1,97.0
ak-47,101.625
ak-47,113.578125
awp,113.65625
ak-47,77.125
m4a1,78.421875
ak-47,78.65625
m4a1,81.578125
awp,35.21875
ak-47,38.921875
awp,75.640625
ak-47,75.8125
m4a1,81.34375
ak-47,82.09375
ak-47,83.5
m4a1,19.640625
ak-47,24.046875
m4a1,26.671875
m4a1,32.921875
ak-47,35.875
m4a1,24.25
ak-47,30.75
m4a1,44.28125
m4a1,45.25
ak-47,50.65625
ak-47,51.0625
ak-47,51.6875
m4a1,98.875
awp,49.75
m4a1,95.078125
awp,103.53125
awp,105.25
awp,59.8125
mp9,15.984375
ak-47,63.984375
ak-47,64.734375
ak-47,66.640625
awp,69.09375
awp,70.640625
awp,80.765625
awp,26.03125
ak-47,86.703125
ak-47,89.109375
m4a1,91.1875
ak-47,103.171875
m4a1,103.3125
ak-47,41.375
ak-47,42.734375
mac-10,98.546875
mac-10,102.75
mp9,17.875
ak-47,105.25
m4a1,50.671875
ak-47,60.375
awp,71.3125
awp,72.296875
awp,61.125
awp,69.203125
m4a1,88.6875
m4a1,80.625
m4a1,88.0625
awp,98.03125
m4a1,103.5625
m4a1,103.65625
ak-47,37.625
mac-10,74.0
m4a1,74.328125
m4a1,76.578125
m4a1,78.140625
awp,81.53125
m4a1,92.234375
ak-47,93.75
ak-47,17.5625
m4a1,80.421875
m4a1,82.6875
m4a1,84.171875
ak-47,88.46875
ak-47,75.40625
ak-47,76.890625
ak-47,80.0625
m4a1,87.328125
ak-47,92.828125
m4a1,26.796875
m4a1,41.078125
m4a1,42.890625
mp9,16.953125
mp9,52.59375
mp9,39.984375
mp9,41.265625
ak-47,41.453125
ak-47,64.015625
ak-47,77.375
ak-47,94.90625
ak-47,26.78125
ak-47,37.703125
m4a1,70.6875
m4a1,86.046875
m4a1,94.78125
m4a1,96.09375
m4a1,98.421875
m4a1,99.65625
awp,25.9375
awp,28.265625
ak-47,34.96875
m4a1,102.75
ak-47,110.9375
ak-47,112.484375
ak-47,62.96875
m4a1,91.578125
awp,97.6875
m4a1,98.28125
m4a1,102.265625
ak-47,38.3125
ak-47,44.25
mp9,50.484375
ak-47,51.203125
ak-47,11.75
ak-47,24.625
ak-47,28.609375
mp9,35.734375
ak-47,56.921875
ak-47,72.84375
ak-47,74.484375
ak-47,75.515625
mp9,96.078125
ak-47,100.5625
ak-47,100.78125
mac-10,18.125
mp9,68.1875
mac-10,71.1875
mp9,71.453125
mp9,73.015625
ak-47,24.546875
mac-10,29.0625
ak-47,58.0
mac-10,68.640625
ak-47,85.390625
m4a1,91.140625
m4a1,92.609375
m4a1,92.796875
m4a1,98.84375
ak-47,99.09375
ak-47,101.28125
ak-47,112.53125
ak-47,67.90625
ak-47,79.96875
ak-47,100.90625
ak-47,109.40625
ak-47,33.578125
ak-47,35.140625
ak-47,49.015625
ak-47,41.03125
ak-47,62.9375
ak-47,65.359375
m4a1,66.6875
ak-47,68.171875
awp,68.21875
m4a1,36.515625
ak-47,36.921875
awp,93.421875
m4a1,105.578125
ak-47,111.78125
ak-47,14.453125
ak-47,16.375
mac-10,32.109375
m4a1,37.484375
m4a1,38.125
m4a1,43.25
m4a1,69.375
m4a1,102.90625
awp,56.953125
m4a1,63.25
m4a1,72.109375
m4a1,79.109375
ak-47,79.953125
ak-47,70.25
ak-47,70.75
ak-47,71.453125
ak-47,73.265625
m4a1,78.09375
ak-47,79.578125
m4a1,48.9375
mac-10,50.578125
ak-47,96.0625
mac-10,99.234375
m4a1,99.546875
mac-10,16.84375
mp9,17.109375
ak-47,42.03125
mp9,75.0625
ak-47,96.609375
m4a1,23.953125
mp9,33.234375
ak-47,35.53125
m4a1,63.359375
ak-47,70.3125
m4a1,72.40625
m4a1,79.046875
ak-47,51.609375
mp9,52.25
mac-10,75.6875
ak-47,78.53125
mac-10,79.0
mac-10,89.53125
ak-47,63.609375
m4a1,52.625
m4a1,53.21875
m4a1,54.78125
ak-47,58.5625
m4a1,98.796875
ak-47,100.453125
ak-47,63.96875
ak-47,78.59375
ak-47,79.296875
ak-47,82.09375
ak-47,83.125
awp,86.46875
awp,109.671875
ak-47,30.40625
ak-47,38.984375
ak-47,49.5625
ak-47,53.859375
ak-47,56.359375
m4a1,46.859375
ak-47,47.25
m4a1,49.90625
awp,50.4375
ak-47,53.984375
m4a1,54.015625
ak-47,55.984375
awp,60.265625
ak-47,75.796875
ak-47,77.515625
mp9,88.828125
ak-47,90.4375
m4a1,28.515625
ak-47,30.140625
ak-47,30.734375
ak-47,31.140625
m4a1,34.140625
ak-47,23.390625
ak-47,24.09375
ak-47,25.046875
m4a1,35.8125
awp,81.8125
mp9,38.4375
mp9,40.46875
m4a1,64.25
m4a1,65.171875
m4a1,65.5
ak-47,67.890625
ak-47,89.609375
mp9,92.453125
m4a1,93.765625
m4a1,95.984375
m4a1,98.609375
ak-47,14.21875
m4a1,19.921875
m4a1,30.265625
ak-47,32.109375
awp,40.203125
m4a1,14.65625
ak-47,28.015625
ak-47,35.046875
ak-47,43.21875
awp,43.421875
ak-47,49.0625
ak-47,56.453125
ak-47,58.484375
m4a1,80.796875
m4a1,81.671875
ak-47,81.953125
awp,85.9375
mp9,28.640625
ak-47,40.890625
m4a1,21.484375
m4a1,39.5625
m4a1,46.5
m4a1,47.09375
m4a1,47.84375
ak-47,48.421875
m4a1,48.46875
m4a1,32.34375
ak-47,32.640625
ak-47,45.765625
ak-47,46.765625
awp,49.5
ak-47,61.109375
m4a1,81.28125
ak-47,81.359375
awp,17.5
ak-47,20.609375
m4a1,55.984375
ak-47,59.78125
awp,61.75
ak-47,65.046875
m4a1,106.015625
ak-47,113.25
m4a1,10.234375
ak-47,10.359375
ak-47,10.671875
m4a1,28.78125
m4a1,8.609375
awp,9.328125
awp,11.0625
awp,28.5625
mp9,36.390625
ak-47,47.34375
awp,48.234375
ak-47,58.09375
ak-47,92.828125
ak-47,110.40625
ak-47,16.109375
awp,27.75
m4a1,28.359375
m4a1,28.8125
m4a1,29.40625
awp,11.875
m4a1,28.546875
awp,69.078125
awp,71.125
ak-47,80.90625
mp9,82.921875
ak-47,83.8125
mp9,90.359375
ak-47,20.5625
ak-47,22.140625
ak-47,25.9375
ak-47,27.109375
ak-47,40.609375
ak-47,53.0625
mp9,94.390625
ak-47,95.078125
mac-10,25.078125
ak-47,84.609375
ak-47,109.59375
ak-47,112.109375
ak-47,113.953125
m4a1,12.046875
ak-47,51.453125
m4a1,54.34375
ak-47,54.703125
awp,69.484375
m4a1,70.671875
ak-47,70.921875
ak-47,11.796875
m4a1,13.125
awp,48.703125
mac-10,53.53125
m4a1,89.03125
ak-47,22.71875
ak-47,24.28125
ak-47,27.828125
ak-47,30.59375
m4a1,59.484375
ak-47,9.34375
m4a1,26.734375
awp,35.1875
m4a1,39.65625
m4a1,62.78125
ak-47,73.5
m4a1,85.0
ak-47,85.34375
m4a1,87.1875
ak-47,88.28125
ak-47,11.859375
m4a1,20.0625
awp,24.25
ak-47,17.28125
ak-47,17.46875
m4a1,36.671875
awp,43.484375
ak-47,47.5625
ak-47,48.15625
m4a1,21.625
awp,40.671875
m4a1,65.734375
awp,48.75
ak-47,50.796875
ak-47,54.328125
awp,59.96875
m4a1,85.890625
ak-47,26.15625
ak-47,29.015625
ak-47,41.859375
ak-47,49.140625
mac-10,11.96875
mac-10,14.109375
ak-47,19.953125
ak-47,31.21875
ak-47,31.84375
ak-47,38.09375
ak-47,59.6875
awp,47.171875
mp9,52.5
ak-47,54.015625
awp,54.109375
ak-47,57.765625
ak-47,59.875
awp,92.15625
ak-47,99.34375
ak-47,106.09375
m4a1,45.828125
ak-47,51.671875
m4a1,55.421875
ak-47,56.53125
m4a1,57.125
m4a1,58.953125
m4a1,63.5625
ak-47,60.328125
ak-47,65.640625
m4a1,68.75
ak-47,69.515625
ak-47,70.90625
m4a1,24.8125
ak-47,36.765625
ak-47,72.046875
ak-47,76.796875
awp,83.09375
ak-47,97.390625
ak-47,97.625
ak-47,114.5625
m4a1,19.640625
ak-47,24.921875
m4a1,42.1875
ak-47,44.296875
awp,45.828125
ak-47,58.40625
m4a1,61.65625
m4a1,22.46875
m4a1,23.765625
mp9,68.65625
awp,17.21875
awp,12.5
ak-47,26.90625
ak-47,27.484375
awp,28.71875
awp,35.890625
ak-47,37.859375
m4a1,40.984375
m4a1,71.46875
ak-47,14.71875
ak-47,30.34375
ak-47,32.890625
ak-47,44.671875
ak-47,46.140625
m4a1,54.09375
awp,55.15625
awp,60.5625
ak-47,98.546875
ak-47,19.15625
ak-47,43.71875
ak-47,55.96875
ak-47,92.359375
ak-47,94.328125
awp,53.46875
ak-47,53.75
m4a1,69.953125
ak-47,73.09375
m4a1,73.296875
m4a1,75.21875
ak-47,34.46875
ak-47,35.171875
m4a1,41.0
ak-47,41.75
ak-47,42.953125
ak-47,50.515625
awp,15.890625
m4a1,23.921875
m4a1,45.8125
ak-47,49.234375
awp,12.796875
m4a1,14.328125
ak-47,60.921875
ak-47,61.96875
ak-47,63.578125
awp,66.375
ak-47,89.859375
awp,105.03125
awp,112.65625
m4a1,52.78125
ak-47,53.421875
awp,68.6875
ak-47,88.8125
awp,98.796875
ak-47,102.5
ak-47,103.828125
m4a1,25.5625
m4a1,26.265625
m4a1,42.984375
awp,47.953125
ak-47,50.53125
ak-47,67.609375
m4a1,68.375
m4a1,71.28125
m4a1,80.515625
ak-47,91.921875
ak-47,97.140625
m4a1,22.71875
m4a1,30.109375
m4a1,37.9375
ak-47,49.53125
awp,103.953125
m4a1,111.078125
ak-47,112.1875
awp,21.140625
ak-47,21.96875
m4a1,24.1875
awp,30.6875
ak-47,30.875
awp,34.703125
ak-47,43.875
ak-47,44.984375
m4a1,47.4375
ak-47,48.359375
ak-47,49.421875
ak-47,50.84375
ak-47,51.609375
awp,13.015625
m4a1,83.0
ak-47,86.8125
ak-47,91.421875
m4a1,99.515625
m4a1,99.828125
ak-47,16.828125
ak-47,21.375
awp,60.625
ak-47,65.71875
ak-47,68.1875
m4a1,78.0625
ak-47,32.859375
ak-47,34.03125
ak-47,36.78125
ak-47,60.078125
ak-47,62.953125
ak-47,94.203125
m4a1,68.265625
m4a1,69.53125
m4a1,70.171875
m4a1,85.84375
m4a1,90.5625
m4a1,31.8125
m4a1,35.4375
m4a1,36.59375
m4a1,41.296875
m4a1,47.484375
m4a1,48.78125
m4a1,13.40625
ak-47,15.5625
awp,21.65625
m4a1,30.296875
m4a1,30.46875
ak-47,32.078125
mac-10,35.34375
ak-47,37.390625
ak-47,38.578125
awp,57.21875
ak-47,63.171875
ak-47,15.109375
ak-47,15.5
ak-47,26.609375
awp,35.921875
ak-47,53.328125
ak-47,54.796875
awp,54.9375
awp,72.96875
m4a1,14.40625
m4a1,18.328125
m4a1,25.375
ak-47,33.640625
m4a1,33.5
ak-47,11.375
awp,14.578125
mp9,21.328125
mp9,28.21875
ak-47,28.453125
ak-47,30.421875
ak-47,62.265625
mac-10,17.609375
mac-10,19.734375
mac-10,20.140625
mac-10,17.546875
mac-10,19.484375
mac-10,21.296875
mac-10,22.546875
ak-47,63.0625
ak-47,63.84375
ak-47,64.25
ak-47,64.453125
ak-47,65.65625
awp,12.15625
m4a1,21.3125
m4a1,39.421875
awp,42.40625
m4a1,45.671875
ak-47,46.78125
m4a1,47.953125
ak-47,48.03125
ak-47,100.6875
m4a1,14.84375
ak-47,15.4375
m4a1,15.5625
ak-47,17.046875
awp,28.40625
m4a1,50.515625
m4a1,63.0
mp9,26.390625
m4a1,38.078125
mp9,49.859375
ak-47,38.671875
ak-47,41.515625
ak-47,45.703125
mp9,61.140625
m4a1,69.28125
m4a1,98.796875
mp9,12.046875
ak-47,14.34375
ak-47,26.15625
ak-47,27.796875
ak-47,44.703125
ak-47,54.296875
mp9,15.046875
ak-47,53.984375
m4a1,55.0
ak-47,72.84375
m4a1,21.75
ak-47,33.03125
m4a1,54.640625
ak-47,72.53125
m4a1,18.59375
ak-47,29.0625
ak-47,30.84375
ak-47,31.0
ak-47,57.609375
ak-47,16.65625
m4a1,17.234375
m4a1,17.265625
m4a1,19.890625
m4a1,32.03125
ak-47,35.546875
m4a1,38.421875
ak-47,44.453125
ak-47,50.546875
ak-47,15.515625
ak-47,21.0
mp9,23.484375
ak-47,11.6875
ak-47,13.1875
ak-47,14.484375
ak-47,46.0625
ak-47,10.46875
m4a1,12.703125
ak-47,13.265625
ak-47,14.84375
ak-47,18.234375
ak-47,72.6875
awp,4.875
ak-47,26.984375
ak-47,31.125
ak-47,31.96875
ak-47,48.59375
m4a1,16.1875
ak-47,21.578125
m4a1,22.46875
ak-47,24.859375
ak-47,25.015625
ak-47,27.9375
ak-47,31.796875
mp9,16.53125
mp9,27.890625
ak-47,45.359375
ak-47,93.25
ak-47,10.984375
ak-47,12.203125
ak-47,12.328125
ak-47,13.046875
ak-47,14.90625
ak-47,56.328125
ak-47,64.078125
m4a1,84.75
awp,29.65625
ak-47,36.828125
ak-47,41.71875
ak-47,45.359375
ak-47,62.703125
awp,25.484375
awp,76.875
m4a1,87.296875
ak-47,87.375
ak-47,92.046875
awp,13.59375
m4a1,20.953125
ak-47,21.828125
m4a1,22.921875
awp,57.328125
ak-47,61.46875
awp,63.890625
ak-47,85.328125
ak-47,45.59375
m4a1,64.984375
ak-47,66.75
ak-47,76.1875
ak-47,81.828125
ak-47,111.546875
mp9,64.140625
mp9,84.078125
m4a1,60.5
ak-47,61.90625
ak-47,30.9375
ak-47,31.796875
m4a1,32.359375
m4a1,43.96875
m4a1,47.90625
ak-47,51.71875
ak-47,20.890625
ak-47,23.875
ak-47,32.90625
m4a1,32.9375
ak-47,41.8125
ak-47,73.453125
ak-47,74.1875
ak-47,74.609375
ak-47,99.484375
m4a1,61.0625
m4a1,61.5625
awp,77.578125
ak-47,79.734375
m4a1,86.40625
ak-47,91.75
ak-47,22.25
awp,44.359375
mac-10,55.375
m4a1,58.90625
ak-47,59.71875
m4a1,61.078125
awp,40.796875
ak-47,52.828125
ak-47,55.203125
ak-47,55.796875
m4a1,56.75
ak-47,10.515625
ak-47,11.171875
ak-47,11.78125
ak-47,13.046875
m4a1,13.8125
m4a1,18.734375
ak-47,48.265625
ak-47,32.734375
m4a1,34.25
awp,37.671875
ak-47,37.765625
m4a1,56.890625
awp,12.421875
m4a1,60.203125
m4a1,61.34375
awp,104.34375
awp,70.84375
m4a1,77.734375
awp,85.28125
m4a1,88.609375
ak-47,98.015625
awp,100.84375
m4a1,105.15625
awp,8.875
m4a1,19.28125
ak-47,84.5
ak-47,88.484375
ak-47,92.5
ak-47,100.984375
mp9,70.578125
mp9,77.03125
mp9,13.96875
m4a1,19.421875
m4a1,27.0625
m4a1,27.171875
m4a1,28.625
m4a1,22.3125
m4a1,24.75
ak-47,31.65625
awp,61.125
awp,66.078125
awp,67.75
ak-47,89.9375
mp9,91.0625
m4a1,28.953125
ak-47,29.59375
awp,37.65625
ak-47,40.4375
ak-47,61.984375
m4a1,72.25
mp9,72.9375
ak-47,76.046875
m4a1,77.3125
awp,80.78125
awp,38.0
ak-47,48.890625
m4a1,55.703125
ak-47,60.78125
ak-47,99.59375
ak-47,113.78125
m4a1,78.96875
mac-10,29.125
m4a1,15.609375
m4a1,47.3125
m4a1,97.578125
ak-47,105.59375
ak-47,29.0
ak-47,29.09375
ak-47,29.125
ak-47,36.75
ak-47,45.53125
ak-47,46.5625
ak-47,46.8125
ak-47,47.515625
ak-47,51.796875
m4a1,63.8125
m4a1,64.53125
m4a1,66.46875
ak-47,71.703125
ak-47,79.0625
ak-47,66.546875
ak-47,99.421875
ak-47,100.0625
m4a1,96.015625
ak-47,101.0
m4a1,102.171875
ak-47,96.0625
ak-47,98.453125
ak-47,101.140625
ak-47,105.609375
ak-47,109.53125
m4a1,20.6875
ak-47,21.1875
mp9,25.125
ak-47,36.53125
ak-47,63.25
mac-10,85.6875
ak-47,86.75
m4a1,20.875
ak-47,66.609375
m4a1,67.15625
ak-47,67.28125
ak-47,67.984375
m4a1,85.421875
ak-47,15.0625
ak-47,36.796875
ak-47,41.421875
m4a1,24.0
ak-47,45.609375
ak-47,66.421875
ak-47,68.421875
ak-47,69.109375
mp9,75.359375
ak-47,80.4375
ak-47,103.9375
ak-47,109.765625
ak-47,98.4375
ak-47,110.90625
ak-47,22.03125
ak-47,44.4375
m4a1,51.28125
m4a1,52.078125
m4a1,87.921875
awp,88.5625
awp,106.921875
ak-47,108.9375
ak-47,33.0
ak-47,42.875
awp,44.609375
awp,49.8125
ak-47,55.234375
m4a1,60.71875
m4a1,68.40625
m4a1,77.828125
mac-10,50.328125
mac-10,38.53125
ak-47,45.28125
mac-10,54.140625
mac-10,76.046875
mac-10,93.359375
m4a1,70.84375
m4a1,71.53125
mac-10,72.15625
mac-10,73.953125
m4a1,96.390625
m4a1,107.859375
ak-47,76.453125
awp,84.9375
ak-47,88.59375
ak-47,105.4375
m4a1,23.265625
ak-47,42.734375
ak-47,83.5
ak-47,84.09375
ak-47,106.09375
m4a1,24.46875
ak-47,27.0625
awp,37.0625
ak-47,41.171875
m4a1,41.984375
ak-47,78.890625
awp,84.546875
ak-47,90.765625
ak-47,94.40625
ak-47,101.03125
awp,15.40625
ak-47,25.625
ak-47,44.1875
ak-47,65.0
ak-47,65.15625
ak-47,65.9375
m4a1,48.640625
mp9,48.703125
mp9,50.015625
mp9,72.90625
mp9,67.484375
ak-47,69.90625
ak-47,76.40625
ak-47,77.984375
m4a1,81.890625
m4a1,49.9375
m4a1,51.984375
ak-47,53.546875
ak-47,60.3125
ak-47,65.921875
awp,11.875
ak-47,62.109375
ak-47,65.375
ak-47,66.71875
ak-47,67.0625
awp,71.1875
ak-47,106.203125
ak-47,106.34375
ak-47,106.390625
ak-47,16.484375
ak-47,20.203125
awp,11.265625
m4a1,25.640625
ak-47,48.96875
mp9,60.40625
ak-47,67.953125
ak-47,48.765625
awp,49.8125
ak-47,55.703125
ak-47,56.15625
ak-47,58.109375
ak-47,101.328125
awp,104.703125
mp9,110.109375
awp,114.3125
ak-47,15.765625
m4a1,58.390625
ak-47,96.5
ak-47,98.0
ak-47,99.515625
ak-47,103.5
m4a1,112.9375
m4a1,32.484375
ak-47,66.765625
m4a1,67.75
ak-47,69.15625
ak-47,70.84375
awp,94.296875
ak-47,101.9375
awp,107.84375
mac-10,52.0
mp9,53.671875
mac-10,54.21875
ak-47,55.15625
ak-47,10.984375
mac-10,33.203125
awp,14.234375
ak-47,98.328125
ak-47,100.703125
ak-47,102.25
awp,44.984375
awp,53.234375
m4a1,61.484375
ak-47,63.1875
awp,75.96875
awp,87.203125
mp9,91.453125
awp,25.21875
awp,76.375
ak-47,77.28125
ak-47,82.453125
m4a1,85.203125
ak-47,89.84375
ak-47,93.3125
awp,17.6875
m4a1,30.453125
m4a1,60.984375
awp,62.09375
m4a1,62.796875
m4a1,20.09375
m4a1,57.6875
ak-47,62.984375
ak-47,63.265625
ak-47,63.78125
ak-47,35.453125
ak-47,37.765625
ak-47,39.609375
ak-47,79.265625
ak-47,81.890625
m4a1,55.6875
ak-47,56.296875
ak-47,62.53125
ak-47,64.765625
ak-47,81.859375
awp,96.328125
mac-10,30.796875
mac-10,31.625
mac-10,30.578125
mac-10,37.71875
m4a1,17.953125
ak-47,40.921875
m4a1,42.453125
ak-47,19.5625
m4a1,20.796875
ak-47,30.125
ak-47,62.6875
ak-47,47.375
ak-47,54.734375
m4a1,20.625
m4a1,21.609375
m4a1,23.390625
ak-47,28.0625
ak-47,29.84375
ak-47,76.546875
m4a1,31.265625
m4a1,52.78125
awp,61.3125
m4a1,93.5625
ak-47,30.0625
ak-47,30.5625
ak-47,36.578125
ak-47,46.25
ak-47,66.015625
ak-47,66.53125
ak-47,70.46875
m4a1,30.015625
ak-47,57.953125
ak-47,66.75
m4a1,26.140625
m4a1,28.984375
ak-47,29.953125
ak-47,30.9375
ak-47,33.859375
awp,41.578125
ak-47,63.125
m4a1,64.828125
ak-47,65.734375
awp,44.71875
awp,46.328125
m4a1,47.703125
awp,52.0
awp,53.703125
m4a1,25.5625
m4a1,36.0
mp9,36.75
mp9,45.140625
m4a1,45.953125
ak-47,16.546875
m4a1,19.984375
ak-47,43.28125
ak-47,28.8125
ak-47,30.0
mp9,49.890625
m4a1,19.75
mp9,65.703125
ak-47,67.921875
m4a1,79.390625
ak-47,79.59375
m4a1,83.0
ak-47,83.84375
ak-47,102.734375
ak-47,47.765625
ak-47,62.25
ak-47,73.890625
m4a1,78.59375
m4a1,84.03125
m4a1,84.875
m4a1,102.21875
ak-47,15.171875
m4a1,47.40625
ak-47,85.734375
ak-47,20.671875
ak-47,21.28125
m4a1,21.546875
m4a1,71.140625
m4a1,71.40625
m4a1,75.84375
ak-47,94.625
ak-47,97.40625
ak-47,98.875
m4a1,100.546875
m4a1,112.046875
awp,33.828125
awp,41.171875
ak-47,78.203125
m4a1,78.734375
ak-47,80.71875
m4a1,85.171875
mac-10,17.9375
mac-10,53.1875
ak-47,54.21875
ak-47,64.375
ak-47,22.109375
ak-47,23.734375
mac-10,30.078125
ak-47,90.4375
ak-47,55.484375
ak-47,32.96875
ak-47,35.40625
mac-10,55.71875
m4a1,48.578125
ak-47,49.21875
m4a1,55.234375
ak-47,78.328125
m4a1,81.296875
m4a1,103.578125
ak-47,106.171875
ak-47,106.703125
m4a1,25.5
awp,33.90625
m4a1,47.5625
m4a1,48.59375
m4a1,56.125
awp,20.515625
ak-47,61.875
m4a1,78.859375
ak-47,81.15625
ak-47,84.390625
ak-47,87.703125
ak-47,89.75
m4a1,11.1875
m4a1,17.671875
m4a1,20.0
ak-47,22.234375
ak-47,24.234375
awp,29.625
ak-47,36.0
m4a1,52.71875
ak-47,27.0
ak-47,28.546875
ak-47,55.359375
awp,55.375
ak-47,61.109375
awp,71.90625
m4a1,72.609375
m4a1,74.1875
awp,14.9375
awp,22.703125
m4a1,24.5
awp,26.0625
m4a1,13.140625
m4a1,16.0625
m4a1,18.234375
m4a1,26.171875
m4a1,32.265625
m4a1,64.0625
ak-47,15.546875
ak-47,17.09375
ak-47,22.859375
ak-47,29.109375
ak-47,60.015625
ak-47,20.78125
ak-47,46.921875
ak-47,48.140625
ak-47,49.15625
ak-47,77.34375
ak-47,84.09375
awp,21.421875
m4a1,39.0
ak-47,68.984375
ak-47,69.828125
ak-47,70.53125
ak-47,90.328125
ak-47,102.84375
ak-47,10.484375
ak-47,11.640625
ak-47,41.359375
ak-47,66.765625
mp9,67.046875
ak-47,91.078125
awp,22.796875
ak-47,32.90625
awp,59.265625
awp,85.953125
m4a1,86.015625
awp,90.828125
ak-47,95.5625
ak-47,109.953125
mp9,114.125
ak-47,23.125
ak-47,23.375
m4a1,26.046875
ak-47,28.546875
m4a1,47.28125
ak-47,75.1875
m4a1,87.296875
m4a1,88.09375
m4a1,88.5625
ak-47,92.21875
ak-47,92.921875
m4a1,94.6875
ak-47,47.375
ak-47,48.28125
m4a1,49.0625
ak-47,49.3125
ak-47,50.53125
m4a1,74.671875
m4a1,92.484375
ak-47,105.734375
awp,107.84375
ak-47,38.1875
m4a1,92.640625
mp9,103.5625
ak-47,104.625
ak-47,41.734375
ak-47,45.453125
awp,64.96875
awp,68.484375
ak-47,82.5625
m4a1,13.140625
m4a1,13.734375
awp,26.765625
ak-47,31.4375
awp,35.25
awp,35.25
ak-47,17.875
ak-47,23.390625
awp,35.28125
ak-47,55.1875
ak-47,58.703125
awp,59.359375
m4a1,18.796875
ak-47,22.171875
ak-47,72.015625
m4a1,84.859375
ak-47,85.53125
ak-47,86.125
ak-47,35.6875
m4a1,36.328125
m4a1,37.03125
awp,44.703125
m4a1,46.78125
ak-47,46.859375
ak-47,48.75
m4a1,89.125
ak-47,91.328125
m4a1,76.09375
awp,78.046875
m4a1,94.171875
ak-47,96.5
awp,108.03125
awp,91.09375
m4a1,91.28125
ak-47,92.59375
ak-47,100.421875
ak-47,101.046875
ak-47,103.609375
m4a1,113.234375
ak-47,15.203125
m4a1,73.078125
awp,74.15625
ak-47,75.890625
awp,98.796875
awp,23.75
ak-47,59.09375
ak-47,62.296875
ak-47,76.0625
m4a1,76.984375
ak-47,81.265625
ak-47,82.90625
m4a1,48.921875
ak-47,70.59375
m4a1,70.609375
awp,72.078125
m4a1,82.515625
ak-47,87.1875
ak-47,87.484375
m4a1,88.96875
ak-47,94.140625
ak-47,16.78125
ak-47,17.28125
awp,24.515625
ak-47,27.375
ak-47,29.3125
ak-47,61.046875
ak-47,70.25
m4a1,22.859375
awp,68.125
m4a1,70.375
ak-47,73.265625
ak-47,74.546875
ak-47,77.796875
ak-47,101.671875
ak-47,109.828125
ak-47,13.28125
m4a1,60.421875
m4a1,72.796875
ak-47,76.484375
ak-47,91.859375
ak-47,103.046875
ak-47,9.734375
m4a1,10.796875
ak-47,19.015625
ak-47,24.578125
ak-47,25.78125
ak-47,30.40625
ak-47,26.625
ak-47,44.109375
m4a1,87.828125
m4a1,91.109375
m4a1,98.640625
ak-47,99.65625
m4a1,105.1875
m4a1,105.6875
ak-47,13.515625
ak-47,39.953125
awp,40.296875
m4a1,49.453125
ak-47,49.515625
m4a1,65.90625
ak-47,104.03125
awp,40.5625
ak-47,41.5625
ak-47,92.75
m4a1,93.484375
ak-47,94.046875
ak-47,98.375
awp,103.234375
ak-47,10.6875
m4a1,48.046875
ak-47,48.921875
ak-47,54.890625
ak-47,73.046875
m4a1,18.03125
mp9,22.5625
m4a1,23.140625
mp9,23.421875
mp9,28.546875
mp9,37.265625
m4a1,33.75
m4a1,35.328125
m4a1,38.0
m4a1,68.078125
m4a1,74.84375
awp,12.109375
m4a1,32.5625
m4a1,37.0625
ak-47,39.828125
m4a1,41.515625
ak-47,79.21875
mac-10,82.109375
mp9,104.609375
ak-47,107.875
ak-47,84.21875
ak-47,87.65625
ak-47,91.015625
ak-47,93.4375
ak-47,36.984375
m4a1,40.171875
m4a1,60.578125
m4a1,66.859375
ak-47,76.203125
ak-47,19.125
ak-47,46.90625
awp,104.515625
awp,14.109375
awp,19.109375
ak-47,20.390625
awp,33.125
awp,44.75
m4a1,51.8125
awp,44.703125
ak-47,58.203125
ak-47,63.3125
awp,10.828125
awp,38.09375
awp,11.390625
ak-47,64.09375
ak-47,66.15625
m4a1,85.40625
ak-47,100.53125
awp,105.84375
ak-47,11.875
ak-47,13.078125
awp,82.453125
m4a1,108.84375
ak-47,31.046875
ak-47,31.4375
ak-47,76.328125
ak-47,82.234375
ak-47,24.171875
mac-10,26.03125
ak-47,27.421875
m4a1,28.578125
m4a1,30.359375
ak-47,32.484375
m4a1,43.96875
m4a1,47.46875
m4a1,49.453125
m4a1,50.234375
m4a1,91.5625
m4a1,34.5
mp9,37.4375
mp9,39.671875
m4a1,77.25
m4a1,88.875
ak-47,15.671875
m4a1,18.734375
ak-47,22.59375
awp,28.078125
ak-47,39.21875
ak-47,42.65625
m4a1,52.171875
m4a1,58.25
m4a1,64.65625
m4a1,23.890625
m4a1,32.328125
m4a1,33.125
m4a1,39.109375
m4a1,43.84375
ak-47,30.0
ak-47,30.203125
ak-47,33.609375
ak-47,34.359375
awp,38.0625
m4a1,39.609375
m4a1,42.28125
ak-47,43.421875
ak-47,44.28125
m4a1,45.484375
ak-47,49.1875
ak-47,68.625
m4a1,69.4375
m4a1,40.078125
ak-47,56.09375
ak-47,59.375
m4a1,61.390625
ak-47,64.46875
ak-47,34.34375
ak-47,35.40625
ak-47,37.078125
awp,73.890625
ak-47,74.46875
m4a1,76.0625
m4a1,100.828125
awp,104.078125
ak-47,24.46875
ak-47,25.171875
awp,38.890625
awp,44.0625
ak-47,50.5625
ak-47,60.515625
ak-47,78.3125
awp,11.890625
ak-47,28.84375
ak-47,38.046875
ak-47,38.375
ak-47,42.609375
ak-47,45.984375
m4a1,32.984375
m4a1,33.484375
m4a1,52.765625
ak-47,92.09375
awp,12.734375
awp,77.28125
m4a1,81.09375
m4a1,82.25
ak-47,28.875
awp,29.890625
awp,60.515625
awp,63.171875
ak-47,64.625
ak-47,108.28125
m4a1,22.765625
awp,25.3125
awp,31.78125
m4a1,45.46875
awp,56.609375
awp,25.875
m4a1,37.296875
m4a1,40.0625
awp,13.859375
m4a1,42.296875
m4a1,43.0
awp,53.34375
ak-47,54.234375
m4a1,63.046875
ak-47,21.078125
ak-47,27.234375
m4a1,91.15625
awp,67.59375
mp9,78.765625
ak-47,84.171875
awp,96.90625
ak-47,14.9375
awp,28.859375
m4a1,31.75
ak-47,37.359375
awp,46.375
awp,18.5
m4a1,29.109375
ak-47,35.1875
awp,84.734375
ak-47,102.09375
awp,107.53125
awp,55.609375
ak-47,55.703125
m4a1,95.640625
ak-47,10.875
awp,13.796875
ak-47,19.484375
ak-47,24.78125
ak-47,25.625
ak-47,35.234375
ak-47,45.015625
ak-47,16.390625
ak-47,41.515625
ak-47,47.171875
ak-47,48.640625
ak-47,55.953125
ak-47,80.640625
awp,89.5
ak-47,98.140625
ak-47,100.1875
ak-47,101.484375
m4a1,105.59375
awp,20.234375
ak-47,24.59375
m4a1,28.4375
m4a1,29.234375
awp,30.96875
m4a1,33.390625
mp9,38.09375
ak-47,46.09375
m4a1,88.75
ak-47,57.796875
m4a1,61.546875
ak-47,66.296875
m4a1,71.875
ak-47,74.109375
mp9,78.828125
mp9,79.171875
awp,68.53125
ak-47,100.984375
m4a1,103.5
ak-47,112.203125
m4a1,112.578125
ak-47,112.9375
awp,17.28125
awp,29.375
m4a1,32.09375
m4a1,45.109375
awp,56.203125
ak-47,60.671875
m4a1,34.265625
awp,40.421875
ak-47,41.53125
ak-47,41.6875
ak-47,54.59375
ak-47,74.59375
ak-47,78.234375
awp,99.0
awp,100.90625
awp,102.625
m4a1,104.328125
awp,108.296875
ak-47,97.78125
m4a1,107.28125
ak-47,107.3125
m4a1,108.328125
ak-47,110.84375
ak-47,18.34375
ak-47,25.921875
awp,27.453125
ak-47,29.28125
m4a1,29.375
ak-47,31.921875
awp,60.28125
m4a1,35.921875
mp9,78.71875
m4a1,80.90625
mp9,81.5
mp9,95.125
mp9,12.625
ak-47,65.03125
m4a1,70.671875
ak-47,73.46875
ak-47,77.046875
ak-47,95.046875
mp9,100.96875
m4a1,16.59375
m4a1,19.59375
m4a1,24.484375
m4a1,26.125
ak-47,18.984375
ak-47,43.703125
ak-47,91.375
awp,92.21875
m4a1,93.703125
awp,95.21875
awp,11.6875
ak-47,51.96875
ak-47,57.609375
ak-47,65.296875
m4a1,72.109375
ak-47,97.3125
ak-47,17.828125
ak-47,29.109375
ak-47,32.484375
ak-47,43.265625
awp,54.84375
awp,67.75
ak-47,75.796875
awp,14.0625
ak-47,52.890625
awp,54.203125
awp,57.671875
m4a1,68.8125
m4a1,77.765625
m4a1,40.6875
ak-47,42.53125
ak-47,45.53125
m4a1,46.171875
ak-47,51.4375
ak-47,51.96875
ak-47,104.296875
ak-47,111.09375
ak-47,21.4375
m4a1,85.0625
awp,87.890625
awp,90.34375
ak-47,90.515625
ak-47,93.9375
ak-47,104.296875
awp,105.28125
m4a1,16.828125
awp,25.328125
m4a1,26.890625
ak-47,29.90625
ak-47,35.359375
ak-47,46.078125
ak-47,47.0
awp,82.71875
m4a1,94.1875
awp,96.625
awp,100.203125
awp,102.234375
mp9,20.75
m4a1,21.09375
m4a1,25.671875
m4a1,39.578125
m4a1,47.546875
m4a1,40.21875
ak-47,45.328125
mp9,47.5625
m4a1,48.0625
ak-47,50.171875
awp,62.328125
awp,73.3125
m4a1,79.609375
m4a1,66.09375
m4a1,73.734375
m4a1,84.265625
m4a1,85.984375
ak-47,90.625
awp,90.796875
awp,94.4375
ak-47,99.6875
m4a1,101.25
awp,105.515625
ak-47,106.375
m4a1,52.96875
m4a1,53.765625
m4a1,56.015625
ak-47,104.015625
ak-47,104.875
m4a1,105.046875
m4a1,106.90625
m4a1,108.171875
m4a1,37.078125
m4a1,39.421875
m4a1,40.515625
ak-47,54.359375
m4a1,59.78125
m4a1,60.75
m4a1,63.140625
awp,64.5625
ak-47,8.734375
m4a1,10.796875
m4a1,13.375
awp,14.875
awp,50.9375
ak-47,64.75
ak-47,64.328125
awp,80.046875
ak-47,14.71875
m4a1,96.484375
ak-47,100.1875
m4a1,100.390625
ak-47,104.75
m4a1,110.953125
m4a1,112.5625
awp,80.9375
ak-47,84.46875
ak-47,87.59375
ak-47,87.6875
m4a1,20.234375
ak-47,21.484375
ak-47,30.734375
ak-47,36.40625
m4a1,20.25
ak-47,21.9375
ak-47,26.9375
awp,36.46875
awp,40.796875
ak-47,46.296875
mp9,53.15625
m4a1,67.984375
ak-47,78.28125
ak-47,94.609375
awp,104.421875
awp,111.625
ak-47,96.046875
ak-47,97.34375
ak-47,99.234375
ak-47,113.484375
awp,89.40625
ak-47,92.96875
m4a1,104.828125
m4a1,49.75
m4a1,51.046875
m4a1,64.609375
awp,76.5625
ak-47,74.0
m4a1,83.046875
ak-47,87.921875
m4a1,92.265625
ak-47,95.640625
ak-47,98.71875
ak-47,100.921875
ak-47,44.625
m4a1,45.546875
m4a1,53.390625
m4a1,56.515625
m4a1,61.890625
ak-47,74.984375
ak-47,76.125
ak-47,101.5
awp,81.375
ak-47,9.359375
ak-47,28.40625
m4a1,32.640625
m4a1,35.484375
m4a1,63.46875
m4a1,31.921875
m4a1,33.953125
m4a1,69.203125
m4a1,69.625
m4a1,73.9375
m4a1,69.875
mac-10,19.703125
ak-47,32.296875
awp,19.8125
awp,21.84375
m4a1,25.03125
m4a1,38.1875
awp,40.40625
m4a1,40.421875
ak-47,46.03125
m4a1,51.0625
ak-47,52.296875
ak-47,77.125
ak-47,79.359375
awp,82.515625
awp,85.390625
awp,89.859375
ak-47,33.015625
ak-47,34.640625
ak-47,66.5
ak-47,69.484375
m4a1,17.203125
ak-47,18.234375
m4a1,96.78125
ak-47,97.09375
ak-47,99.515625
m4a1,101.421875
ak-47,102.375
ak-47,89.15625
ak-47,92.015625
awp,14.328125
ak-47,38.53125
ak-47,42.859375
ak-47,47.703125
ak-47,52.671875
m4a1,70.9375
ak-47,89.359375
awp,22.8125
ak-47,26.140625
ak-47,26.9375
ak-47,27.734375
ak-47,31.03125
ak-47,12.578125
m4a1,22.453125
ak-47,24.0
ak-47,41.65625
ak-47,43.765625
ak-47,61.65625
awp,78.46875
ak-47,24.453125
m4a1,59.78125
m4a1,81.421875
m4a1,97.0
ak-47,103.078125
ak-47,104.328125
ak-47,21.984375
m4a1,23.953125
m4a1,24.65625
m4a1,25.15625
ak-47,26.90625
ak-47,49.46875
ak-47,56.515625
ak-47,74.703125
ak-47,75.84375
ak-47,18.65625
awp,54.734375
ak-47,55.0625
m4a1,66.90625
m4a1,82.734375
awp,93.4375
awp,102.71875
ak-47,31.28125
awp,65.25
awp,68.75
awp,95.875
ak-47,19.9375
ak-47,24.625
ak-47,81.703125
m4a1,83.078125
m4a1,83.375
ak-47,78.625
ak-47,79.234375
ak-47,90.4375
ak-47,91.71875
ak-47,92.8125
m4a1,23.75
ak-47,27.859375
ak-47,28.890625
ak-47,37.140625
ak-47,38.421875
awp,59.109375
ak-47,65.46875
awp,10.265625
ak-47,11.375
m4a1,77.4375
m4a1,99.75
m4a1,100.921875
ak-47,102.0625
ak-47,105.15625
awp,105.65625
mac-10,49.390625
ak-47,55.671875
mac-10,57.125
mac-10,72.21875
mac-10,81.59375
ak-47,107.359375
mp9,60.59375
mp9,61.46875
mp9,62.15625
ak-47,70.390625
ak-47,70.5
ak-47,59.03125
ak-47,93.109375
ak-47,37.296875
ak-47,42.09375
ak-47,42.21875
ak-47,44.71875
ak-47,76.546875
ak-47,78.125
ak-47,83.5
awp,50.671875
ak-47,94.96875
m4a1,95.84375
m4a1,97.234375
ak-47,97.734375
ak-47,100.875
ak-47,102.421875
awp,20.15625
awp,29.453125
m4a1,29.875
m4a1,30.171875
m4a1,31.5
awp,14.265625
awp,18.609375
m4a1,22.203125
ak-47,22.84375
awp,30.828125
ak-47,34.703125
ak-47,41.53125
ak-47,73.0625
ak-47,78.71875
mp9,12.5625
mp9,17.46875
m4a1,36.65625
m4a1,52.6875
mp9,52.875
mp9,54.125
ak-47,28.0625
ak-47,37.3125
mp9,51.828125
ak-47,54.390625
ak-47,61.484375
ak-47,20.96875
awp,27.03125
m4a1,27.421875
ak-47,34.984375
ak-47,87.296875
m4a1,94.515625
m4a1,104.859375
ak-47,18.359375
ak-47,18.53125
ak-47,18.859375
ak-47,21.421875
ak-47,20.859375
awp,25.265625
awp,27.640625
ak-47,28.921875
m4a1,64.171875
ak-47,65.28125
m4a1,66.609375
ak-47,67.484375
ak-47,67.984375
mac-10,26.53125
ak-47,46.125
ak-47,56.125
ak-47,62.0625
awp,28.859375
m4a1,50.03125
awp,54.765625
awp,58.140625
m4a1,92.671875
ak-47,100.359375
ak-47,21.375
ak-47,40.71875
ak-47,63.09375
m4a1,83.328125
m4a1,89.453125
ak-47,90.34375
m4a1,91.25
ak-47,18.140625
awp,20.765625
m4a1,32.890625
m4a1,36.5625
m4a1,48.484375
m4a1,49.359375
m4a1,32.6875
ak-47,37.71875
ak-47,38.28125
ak-47,38.28125
awp,85.53125
awp,96.8125
awp,105.296875
ak-47,106.796875
ak-47,111.65625
ak-47,13.125
ak-47,14.421875
ak-47,17.0
ak-47,72.4375
m4a1,78.09375
ak-47,85.796875
ak-47,23.34375
ak-47,41.1875
ak-47,47.875
m4a1,48.109375
ak-47,48.515625
ak-47,49.8125
ak-47,52.609375
awp,53.859375
awp,11.15625
awp,14.140625
ak-47,21.875
ak-47,24.296875
ak-47,29.640625
m4a1,41.828125
m4a1,43.3125
ak-47,48.890625
awp,61.5
ak-47,25.3125
m4a1,36.234375
awp,41.71875
awp,60.984375
mp9,65.8125
awp,72.203125
awp,78.5
m4a1,20.171875
m4a1,21.46875
m4a1,30.71875
m4a1,32.1875
m4a1,32.890625
awp,15.84375
ak-47,17.734375
m4a1,21.515625
ak-47,21.828125
mp9,22.546875
ak-47,23.0
ak-47,55.34375
ak-47,72.09375
awp,54.09375
ak-47,57.578125
m4a1,81.0
ak-47,82.28125
m4a1,85.234375
ak-47,93.9375
ak-47,97.1875
ak-47,18.703125
awp,21.71875
ak-47,23.1875
ak-47,31.6875
awp,26.140625
ak-47,33.1875
awp,62.03125
ak-47,88.4375
m4a1,90.78125
m4a1,21.734375
ak-47,34.734375
awp,34.984375
ak-47,48.78125
awp,61.046875
ak-47,87.203125
m4a1,87.8125
ak-47,88.59375
mp9,56.484375
ak-47,82.578125
mp9,10.296875
mp9,19.59375
awp,24.75
ak-47,44.8125
m4a1,50.921875
mp9,53.265625
mp9,56.65625
ak-47,57.9375
m4a1,85.6875
m4a1,66.96875
awp,96.84375
mp9,42.453125
ak-47,13.84375
ak-47,32.8125
ak-47,75.203125
ak-47,99.90625
ak-47,106.265625
ak-47,45.890625
ak-47,72.25
m4a1,88.046875
m4a1,88.9375
m4a1,92.296875
m4a1,10.875
ak-47,45.765625
ak-47,47.453125
ak-47,48.046875
ak-47,48.1875
ak-47,32.671875
ak-47,35.9375
ak-47,59.828125
ak-47,60.140625
awp,63.96875
awp,77.171875
ak-47,78.515625
ak-47,32.25
awp,71.9375
ak-47,74.109375
awp,78.59375
ak-47,13.9375
awp,27.96875
ak-47,29.15625
ak-47,18.890625
awp,19.75
awp,22.046875
ak-47,25.5625
ak-47,25.8125
awp,26.0625
m4a1,26.140625
awp,41.4375
awp,29.28125
awp,31.625
awp,46.078125
ak-47,65.015625
ak-47,17.453125
ak-47,28.59375
ak-47,34.546875
ak-47,80.71875
ak-47,82.03125
ak-47,13.96875
ak-47,15.40625
ak-47,18.546875
ak-47,32.203125
ak-47,33.109375
ak-47,25.40625
mac-10,46.03125
ak-47,18.203125
mp9,30.046875
ak-47,32.3125
ak-47,91.40625
ak-47,65.1875
m4a1,73.0
m4a1,78.21875
m4a1,16.84375
m4a1,21.03125
m4a1,23.921875
m4a1,29.0
m4a1,56.5625
m4a1,32.5625
m4a1,54.421875
m4a1,73.921875
ak-47,79.796875
m4a1,98.890625
ak-47,100.6875
ak-47,24.046875
ak-47,26.015625
ak-47,30.84375
ak-47,34.9375
ak-47,56.703125
m4a1,59.3125
awp,20.625
m4a1,27.59375
ak-47,31.96875
awp,35.375
ak-47,47.390625
awp,85.25
ak-47,17.140625
ak-47,51.9375
ak-47,58.84375
ak-47,60.328125
ak-47,60.921875
ak-47,84.546875
m4a1,21.078125
m4a1,21.671875
m4a1,22.578125
m4a1,61.015625
m4a1,72.65625
ak-47,52.015625
m4a1,60.6875
ak-47,61.203125
ak-47,107.3125
ak-47,22.609375
m4a1,23.96875
ak-47,51.484375
ak-47,64.984375
ak-47,71.390625
m4a1,39.515625
ak-47,43.265625
ak-47,43.71875
ak-47,54.328125
ak-47,71.6875
ak-47,74.09375
awp,25.03125
ak-47,28.015625
m4a1,30.109375
m4a1,43.46875
awp,29.8125
awp,68.0625
ak-47,76.5625
ak-47,82.65625
ak-47,84.078125
ak-47,86.125
m4a1,102.109375
ak-47,42.265625
ak-47,54.078125
ak-47,57.90625
ak-47,64.078125
ak-47,71.515625
ak-47,51.21875
ak-47,51.234375
m4a1,53.78125
m4a1,54.671875
m4a1,54.984375
ak-47,55.171875
ak-47,56.5
ak-47,87.359375
ak-47,24.90625
ak-47,26.953125
ak-47,33.0625
ak-47,40.03125
ak-47,48.515625
ak-47,49.5
ak-47,52.265625
ak-47,56.328125
ak-47,60.75
m4a1,69.75
m4a1,78.546875
ak-47,19.3125
m4a1,19.390625
awp,24.796875
m4a1,26.90625
ak-47,27.1875
ak-47,36.703125
m4a1,48.484375
ak-47,79.34375
mac-10,20.6875
mac-10,21.828125
mac-10,33.640625
m4a1,15.578125
mac-10,18.59375
m4a1,18.765625
m4a1,20.375
m4a1,49.3125
m4a1,70.71875
m4a1,77.796875
ak-47,25.328125
m4a1,46.671875
m4a1,65.015625
m4a1,66.6875
m4a1,67.78125
ak-47,69.71875
ak-47,70.21875
ak-47,57.65625
m4a1,86.390625
m4a1,16.8125
m4a1,49.875
m4a1,24.296875
ak-47,48.484375
m4a1,51.5625
m4a1,55.78125
m4a1,63.546875
ak-47,22.125
m4a1,25.03125
m4a1,29.59375
m4a1,74.75
ak-47,78.125
m4a1,15.671875
ak-47,70.625
m4a1,73.3125
m4a1,79.84375
m4a1,93.34375
m4a1,97.859375
ak-47,32.6875
ak-47,45.515625
ak-47,49.6875
ak-47,53.46875
ak-47,63.8125
ak-47,23.421875
m4a1,25.0625
awp,26.515625
m4a1,27.4375
ak-47,28.96875
awp,11.84375
ak-47,23.640625
m4a1,27.84375
ak-47,30.90625
ak-47,40.921875
awp,65.859375
m4a1,18.484375
m4a1,20.109375
mp9,35.6875
mp9,35.84375
m4a1,40.875
m4a1,14.5625
m4a1,16.203125
m4a1,35.421875
ak-47,54.328125
ak-47,66.65625
m4a1,67.984375
ak-47,15.3125
ak-47,23.890625
m4a1,27.890625
ak-47,37.359375
m4a1,37.5
m4a1,38.859375
m4a1,51.609375
m4a1,59.375
ak-47,11.625
awp,12.640625
m4a1,23.140625
m4a1,31.0625
awp,32.328125
ak-47,40.203125
ak-47,49.25
m4a1,54.5
ak-47,33.28125
mp9,40.609375
ak-47,41.6875
awp,50.28125
ak-47,58.78125
mac-10,25.4375
mac-10,28.625
mac-10,30.03125
mac-10,35.0625
m4a1,33.140625
m4a1,36.0625
mac-10,38.859375
m4a1,56.25
ak-47,22.21875
awp,37.265625
ak-47,53.78125
ak-47,54.5
m4a1,70.15625
m4a1,76.171875
ak-47,78.421875
m4a1,79.703125
m4a1,80.8125
ak-47,82.03125
m4a1,88.96875
ak-47,93.671875
awp,10.640625
ak-47,13.921875
m4a1,70.5
ak-47,73.171875
m4a1,75.03125
ak-47,19.0625
m4a1,19.703125
ak-47,21.296875
ak-47,31.65625
ak-47,33.0625
ak-47,59.421875
awp,20.6875
m4a1,36.09375
m4a1,61.046875
ak-47,61.515625
m4a1,61.65625
ak-47,66.578125
m4a1,67.59375
ak-47,22.828125
ak-47,24.46875
ak-47,27.53125
ak-47,31.984375
ak-47,32.578125
ak-47,32.78125
ak-47,51.96875
ak-47,96.546875
ak-47,108.4375
ak-47,13.265625
ak-47,15.265625
ak-47,18.640625
awp,18.875
ak-47,25.921875
ak-47,46.53125
ak-47,58.109375
mp9,15.234375
ak-47,20.140625
ak-47,24.671875
m4a1,26.34375
ak-47,26.375
m4a1,30.765625
ak-47,54.625
ak-47,57.046875
m4a1,44.921875
ak-47,63.453125
m4a1,65.515625
m4a1,68.90625
m4a1,77.640625
ak-47,81.765625
ak-47,97.65625
m4a1,41.28125
mp9,52.53125
m4a1,55.640625
mp9,57.09375
m4a1,58.8125
m4a1,10.171875
ak-47,10.375
mp9,23.375
m4a1,68.171875
ak-47,68.28125
ak-47,69.765625
m4a1,90.921875
m4a1,92.90625
ak-47,26.296875
m4a1,43.734375
m4a1,70.953125
awp,72.796875
ak-47,77.1875
m4a1,83.953125
ak-47,87.96875
m4a1,98.6875
m4a1,20.75
mp9,26.203125
m4a1,28.546875
mp9,39.234375
m4a1,44.09375
m4a1,35.0
ak-47,51.171875
ak-47,76.65625
ak-47,79.21875
mp9,81.296875
ak-47,81.9375
ak-47,81.671875
mp9,30.03125
ak-47,35.5
awp,36.40625
ak-47,36.6875
m4a1,37.421875
awp,86.921875
m4a1,52.515625
ak-47,62.203125
m4a1,64.9375
m4a1,79.6875
ak-47,106.5
ak-47,12.984375
ak-47,30.296875
ak-47,34.59375
mp9,44.109375
mac-10,17.171875
ak-47,18.078125
ak-47,22.5625
ak-47,26.078125
m4a1,37.75
ak-47,38.375
m4a1,39.609375
ak-47,39.703125
m4a1,40.296875
ak-47,40.78125
ak-47,75.015625
mp9,27.859375
ak-47,30.34375
ak-47,37.765625
ak-47,38.96875
ak-47,50.328125
awp,66.25
mp9,66.953125
ak-47,73.421875
awp,24.171875
awp,28.859375
ak-47,30.96875
ak-47,37.390625
ak-47,49.859375
ak-47,64.03125
ak-47,76.90625
ak-47,79.875
ak-47,86.0
m4a1,89.5
ak-47,90.5
m4a1,11.890625
m4a1,14.3125
mp9,20.25
m4a1,59.34375
ak-47,65.0
mp9,70.390625
mp9,74.921875
ak-47,76.53125
m4a1,96.921875
m4a1,11.578125
m4a1,12.109375
ak-47,20.390625
ak-47,21.609375
m4a1,31.96875
ak-47,44.359375
m4a1,44.65625
m4a1,49.046875
m4a1,50.65625
m4a1,52.421875
mac-10,29.84375
ak-47,68.21875
ak-47,70.015625
mac-10,78.421875
mac-10,94.765625
mac-10,95.90625
awp,14.4375
awp,24.9375
m4a1,26.78125
awp,36.03125
m4a1,37.65625
m4a1,40.375
awp,41.078125
awp,43.03125
ak-47,47.90625
awp,81.234375
awp,15.640625
m4a1,22.0
m4a1,37.296875
m4a1,43.90625
ak-47,33.640625
ak-47,36.5
m4a1,49.84375
m4a1,64.0625
ak-47,67.609375
m4a1,75.953125
m4a1,90.515625
awp,75.703125
mac-10,91.15625
m4a1,93.203125
ak-47,94.90625
m4a1,105.390625
awp,114.28125
ak-47,20.609375
m4a1,27.3125
ak-47,54.71875
mp9,59.859375
m4a1,68.28125
ak-47,99.953125
ak-47,100.546875
awp,19.96875
mac-10,72.765625
m4a1,72.921875
ak-47,74.21875
awp,74.78125
ak-47,74.953125
ak-47,77.25
ak-47,96.171875
ak-47,19.8125
m4a1,29.75
m4a1,47.109375
ak-47,47.484375
ak-47,49.203125
m4a1,53.65625
m4a1,58.296875
ak-47,20.125
ak-47,20.8125
ak-47,23.5625
m4a1,73.234375
awp,76.296875
awp,82.59375
awp,85.625
ak-47,28.3125
mac-10,32.25
ak-47,36.390625
ak-47,46.0
m4a1,53.453125
awp,83.703125
m4a1,44.515625
m4a1,57.875
mp9,14.1875
ak-47,39.421875
m4a1,40.125
m4a1,47.359375
ak-47,92.515625
m4a1,12.96875
m4a1,14.46875
m4a1,29.109375
ak-47,30.0625
ak-47,40.25
ak-47,60.765625
ak-47,61.203125
ak-47,101.375
ak-47,103.09375
m4a1,108.4375
ak-47,19.421875
ak-47,24.65625
m4a1,28.625
ak-47,46.578125
m4a1,71.0625
m4a1,25.359375
ak-47,52.453125
ak-47,104.703125
m4a1,105.609375
m4a1,106.578125
awp,39.671875
ak-47,44.875
m4a1,45.21875
ak-47,50.953125
ak-47,88.734375
m4a1,89.625
ak-47,90.078125
ak-47,90.78125
m4a1,13.765625
mp9,26.359375
ak-47,26.90625
m4a1,28.078125
awp,53.359375
ak-47,70.3125
ak-47,71.921875
ak-47,81.921875
awp,13.6875
ak-47,15.15625
ak-47,16.96875
mac-10,18.171875
ak-47,61.09375
ak-47,31.453125
ak-47,44.015625
ak-47,45.71875
ak-47,90.234375
mp9,27.171875
ak-47,74.109375
awp,76.875
ak-47,40.625
mac-10,48.859375
mac-10,59.1875
ak-47,114.984375
awp,42.296875
ak-47,71.4375
ak-47,95.140625
ak-47,92.234375
awp,93.171875
ak-47,101.515625
awp,44.734375
ak-47,50.015625
ak-47,51.0625
ak-47,80.9375
ak-47,96.03125
m4a1,80.828125
ak-47,81.5
ak-47,101.53125
awp,102.015625
ak-47,107.859375
m4a1,107.890625
m4a1,111.609375
ak-47,9.4375
ak-47,11.15625
ak-47,12.140625
m4a1,37.5
m4a1,38.203125
ak-47,43.140625
ak-47,45.53125
awp,64.953125
ak-47,48.59375
ak-47,49.96875
ak-47,50.671875
ak-47,53.1875
ak-47,108.5
ak-47,75.109375
m4a1,78.0
ak-47,79.8125
m4a1,81.765625
ak-47,105.4375
awp,105.96875
ak-47,110.625
ak-47,94.953125
ak-47,99.921875
ak-47,101.125
ak-47,102.359375
ak-47,110.421875
awp,37.8125
ak-47,61.265625
awp,65.171875
m4a1,68.390625
ak-47,89.734375
ak-47,108.3125
ak-47,109.484375
m4a1,85.578125
m4a1,86.71875
m4a1,87.9375
mp9,88.4375
m4a1,92.34375
mac-10,95.609375
ak-47,96.5625
mac-10,101.359375
mp9,14.015625
ak-47,14.203125
ak-47,45.890625
ak-47,75.1875
ak-47,98.171875
m4a1,12.828125
ak-47,16.015625
m4a1,16.359375
m4a1,16.640625
m4a1,18.34375
ak-47,10.9375
ak-47,22.859375
ak-47,23.671875
awp,27.421875
ak-47,29.359375
awp,14.375
m4a1,14.4375
awp,42.734375
awp,51.28125
awp,54.203125
ak-47,112.640625
m4a1,58.90625
m4a1,59.5
ak-47,62.6875
ak-47,68.265625
awp,77.59375
m4a1,13.4375
ak-47,16.734375
m4a1,75.890625
awp,76.78125
ak-47,83.53125
ak-47,93.96875
m4a1,113.015625
m4a1,10.265625
m4a1,10.4375
ak-47,14.59375
m4a1,83.171875
awp,87.578125
m4a1,79.421875
m4a1,85.265625
m4a1,88.34375
m4a1,89.875
m4a1,105.828125
m4a1,107.03125
ak-47,43.390625
ak-47,47.34375
ak-47,64.484375
ak-47,73.578125
awp,36.90625
m4a1,50.859375
m4a1,58.421875
ak-47,58.78125
ak-47,68.546875
ak-47,77.640625
awp,92.78125
ak-47,99.09375
mac-10,22.25
mac-10,23.546875
mac-10,24.4375
mac-10,35.90625
mac-10,10.046875
mac-10,57.0
mac-10,70.4375
mac-10,71.046875
ak-47,95.4375
m4a1,100.0625
m4a1,97.3125
awp,25.0625
awp,30.5
ak-47,46.125
m4a1,47.21875
m4a1,50.40625
ak-47,13.28125
ak-47,14.046875
ak-47,15.875
m4a1,17.78125
ak-47,54.59375
ak-47,55.703125
awp,77.375
ak-47,99.515625
ak-47,100.546875
ak-47,15.65625
m4a1,16.34375
m4a1,18.28125
m4a1,33.890625
awp,51.046875
m4a1,52.328125
ak-47,73.015625
ak-47,16.875
ak-47,34.3125
ak-47,36.0
m4a1,38.734375
m4a1,41.1875
m4a1,11.15625
ak-47,14.4375
ak-47,31.25
awp,37.6875
ak-47,41.15625
m4a1,16.203125
m4a1,17.609375
m4a1,18.90625
m4a1,20.5625
m4a1,21.328125
m4a1,8.6875
m4a1,16.40625
ak-47,17.609375
ak-47,21.921875
ak-47,43.78125
m4a1,96.21875
ak-47,99.21875
m4a1,25.09375
m4a1,25.484375
m4a1,27.484375
m4a1,33.265625
ak-47,38.375
ak-47,46.96875
m4a1,52.109375
m4a1,54.9375
ak-47,57.375
ak-47,75.03125
m4a1,76.671875
m4a1,77.578125
ak-47,13.0
m4a1,14.890625
ak-47,15.15625
ak-47,25.90625
ak-47,48.265625
ak-47,51.03125
ak-47,81.546875
ak-47,18.875
ak-47,21.109375
ak-47,21.5625
ak-47,26.65625
awp,7.96875
ak-47,20.171875
ak-47,72.28125
m4a1,73.109375
ak-47,77.0
m4a1,77.046875
ak-47,53.40625
ak-47,61.609375
ak-47,65.109375
ak-47,65.53125
ak-47,99.25
m4a1,18.0625
ak-47,18.46875
ak-47,18.5
ak-47,20.546875
m4a1,20.59375
ak-47,26.765625
ak-47,27.296875
m4a1,29.921875
ak-47,98.109375
m4a1,98.671875
m4a1,103.390625
ak-47,107.78125
awp,10.75
ak-47,26.484375
m4a1,28.703125
ak-47,29.140625
ak-47,42.90625
ak-47,43.125
ak-47,68.484375
awp,72.328125
ak-47,81.546875
m4a1,16.1875
m4a1,45.765625
m4a1,56.953125
m4a1,60.875
m4a1,61.03125
m4a1,61.921875
m4a1,15.90625
m4a1,16.765625
ak-47,38.359375
ak-47,62.0
m4a1,62.25
ak-47,65.421875
ak-47,66.734375
ak-47,66.875
ak-47,74.546875
m4a1,38.59375
m4a1,61.578125
mp9,67.3125
m4a1,67.5625
m4a1,15.0625
m4a1,32.5
m4a1,34.140625
ak-47,42.765625
ak-47,68.515625
ak-47,69.84375
ak-47,69.9375
ak-47,76.375
m4a1,85.203125
ak-47,86.71875
m4a1,88.109375
ak-47,16.453125
ak-47,17.328125
m4a1,26.1875
ak-47,53.890625
ak-47,71.109375
ak-47,72.5625
ak-47,91.671875
m4a1,82.96875
mp9,83.03125
m4a1,83.09375
m4a1,87.921875
m4a1,90.125
m4a1,22.671875
ak-47,23.96875
ak-47,25.453125
m4a1,25.703125
m4a1,28.84375
m4a1,48.140625
m4a1,65.265625
m4a1,20.9375
m4a1,21.40625
m4a1,54.75
m4a1,55.765625
m4a1,53.078125
ak-47,55.375
ak-47,56.71875
ak-47,58.546875
ak-47,59.9375
ak-47,19.96875
ak-47,20.703125
ak-47,23.875
ak-47,24.796875
awp,34.71875
ak-47,38.21875
ak-47,44.125
ak-47,22.234375
ak-47,32.15625
m4a1,50.4375
ak-47,56.765625
m4a1,82.65625
awp,88.375
awp,97.796875
awp,98.25
ak-47,39.3125
ak-47,40.203125
awp,42.359375
ak-47,44.65625
awp,48.5625
m4a1,49.515625
awp,53.765625
awp,55.796875
ak-47,37.90625
awp,39.875
awp,40.1875
awp,77.953125
ak-47,84.859375
m4a1,97.140625
ak-47,99.9375
m4a1,105.640625
ak-47,105.78125
awp,29.625
m4a1,50.0
awp,50.578125
m4a1,57.1875
awp,61.3125
awp,14.34375
ak-47,14.578125
ak-47,15.625
ak-47,30.671875
ak-47,31.078125
ak-47,31.96875
ak-47,39.21875
mac-10,18.296875
ak-47,24.359375
mac-10,26.0625
mp9,34.46875
mp9,48.265625
mp9,54.5625
ak-47,64.6875
ak-47,32.15625
ak-47,52.34375
ak-47,55.859375
ak-47,56.421875
ak-47,60.078125
mac-10,80.953125
ak-47,92.90625
ak-47,108.625
mp9,114.59375
ak-47,79.140625
ak-47,82.609375
ak-47,99.046875
ak-47,106.0
m4a1,77.921875
ak-47,78.078125
m4a1,84.171875
m4a1,84.265625
m4a1,87.1875
ak-47,87.671875
awp,89.4375
mac-10,31.0625
m4a1,31.921875
m4a1,32.984375
ak-47,56.3125
m4a1,63.71875
mac-10,66.21875
ak-47,80.828125
ak-47,81.078125
awp,101.0
ak-47,40.109375
ak-47,37.328125
ak-47,38.65625
awp,77.78125
ak-47,80.390625
m4a1,88.84375
ak-47,15.40625
ak-47,78.640625
ak-47,79.40625
m4a1,80.015625
ak-47,92.125
ak-47,106.015625
ak-47,14.625
ak-47,15.53125
ak-47,21.015625
ak-47,26.46875
m4a1,37.6875
ak-47,34.859375
ak-47,92.953125
awp,13.546875
ak-47,23.25
ak-47,29.125
ak-47,39.78125
ak-47,93.453125
ak-47,97.359375
ak-47,98.0625
ak-47,98.625
m4a1,54.890625
mp9,87.640625
ak-47,38.984375
ak-47,50.671875
ak-47,65.0625
mp9,95.625
ak-47,99.234375
m4a1,99.390625
m4a1,100.65625
m4a1,26.65625
ak-47,41.09375
awp,74.03125
m4a1,84.046875
ak-47,101.25
m4a1,108.0
ak-47,14.140625
ak-47,20.15625
ak-47,21.421875
ak-47,26.5625
ak-47,28.75
ak-47,57.4375
ak-47,57.734375
mp9,92.734375
m4a1,112.796875
m4a1,84.078125
ak-47,84.125
ak-47,86.609375
ak-47,50.5625
ak-47,56.625
ak-47,65.234375
ak-47,76.375
ak-47,83.703125
mp9,39.671875
awp,40.21875
ak-47,44.15625
ak-47,85.5625
awp,59.96875
m4a1,93.28125
ak-47,93.671875
mp9,100.84375
ak-47,30.828125
ak-47,38.90625
ak-47,44.921875
awp,45.59375
ak-47,72.890625
ak-47,99.015625
ak-47,104.71875
ak-47,23.875
ak-47,29.96875
ak-47,36.640625
ak-47,37.546875
ak-47,46.390625
m4a1,13.671875
m4a1,13.96875
ak-47,15.421875
ak-47,25.8125
awp,36.046875
ak-47,43.90625
ak-47,27.90625
awp,33.8125
ak-47,78.796875
ak-47,83.296875
awp,83.53125
awp,86.140625
m4a1,86.953125
ak-47,96.515625
ak-47,101.25
awp,113.40625
m4a1,114.796875
ak-47,11.140625
ak-47,76.953125
awp,80.90625
ak-47,86.328125
ak-47,113.265625
awp,92.3125
m4a1,93.84375
m4a1,95.8125
awp,101.546875
m4a1,102.03125
m4a1,24.359375
m4a1,69.515625
m4a1,103.015625
awp,7.34375
awp,23.546875
ak-47,93.53125
awp,95.578125
awp,80.671875
ak-47,83.953125
awp,102.875
ak-47,84.25
awp,88.0
ak-47,91.140625
awp,93.53125
m4a1,96.5
ak-47,101.90625
ak-47,108.140625
ak-47,110.234375
ak-47,52.265625
ak-47,54.609375
ak-47,57.359375
ak-47,79.0625
ak-47,81.109375
ak-47,81.140625
ak-47,86.203125
awp,110.578125
awp,57.84375
m4a1,62.328125
m4a1,73.65625
awp,79.640625
ak-47,22.03125
ak-47,36.09375
ak-47,38.375
awp,77.140625
ak-47,98.390625
ak-47,25.515625
ak-47,27.78125
ak-47,28.375
ak-47,30.734375
ak-47,23.78125
awp,28.5625
awp,39.5625
ak-47,58.296875
ak-47,81.765625
m4a1,49.828125
m4a1,51.5625
m4a1,55.625
m4a1,60.078125
m4a1,64.40625
m4a1,42.65625
m4a1,54.46875
mp9,59.25
ak-47,61.140625
mp9,62.484375
ak-47,71.21875
ak-47,51.046875
m4a1,52.984375
m4a1,54.1875
m4a1,54.3125
m4a1,59.3125
ak-47,18.09375
ak-47,21.015625
ak-47,24.5625
ak-47,26.125
ak-47,20.203125
ak-47,28.015625
ak-47,31.265625
ak-47,33.609375
awp,45.0
ak-47,45.71875
ak-47,31.921875
m4a1,34.578125
ak-47,61.0625
ak-47,29.96875
m4a1,35.6875
m4a1,35.78125
ak-47,39.765625
awp,44.234375
m4a1,58.671875
m4a1,61.0625
ak-47,63.0
awp,26.921875
mp9,35.125
awp,45.75
ak-47,47.75
ak-47,49.359375
mp9,52.609375
ak-47,55.390625
mp9,59.5
mp9,12.453125
m4a1,14.15625
mp9,15.765625
mp9,20.125
m4a1,21.671875
ak-47,29.375
m4a1,31.171875
ak-47,45.296875
m4a1,73.15625
m4a1,101.421875
ak-47,16.609375
m4a1,22.015625
ak-47,32.78125
m4a1,56.90625
ak-47,73.796875
m4a1,14.546875
ak-47,15.390625
ak-47,16.9375
ak-47,29.015625
ak-47,98.671875
ak-47,113.46875
awp,56.53125
ak-47,59.34375
m4a1,62.921875
ak-47,66.203125
m4a1,69.40625
ak-47,70.015625
ak-47,114.0
ak-47,43.515625
ak-47,57.015625
m4a1,32.53125
ak-47,35.421875
ak-47,36.8125
awp,63.4375
awp,66.828125
m4a1,67.296875
ak-47,12.375
ak-47,13.765625
ak-47,14.4375
ak-47,22.390625
awp,55.265625
ak-47,58.75
ak-47,22.078125
ak-47,26.796875
awp,15.21875
m4a1,22.0625
m4a1,27.015625
awp,45.859375
m4a1,49.03125
m4a1,53.546875
m4a1,63.421875
m4a1,17.59375
ak-47,19.546875
awp,43.265625
m4a1,58.375
awp,59.03125
ak-47,61.125
ak-47,62.078125
ak-47,72.03125
m4a1,11.125
mp9,15.390625
mp9,62.296875
m4a1,63.5625
mp9,70.265625
ak-47,21.09375
ak-47,26.8125
ak-47,29.453125
m4a1,40.8125
ak-47,80.03125
ak-47,62.25
ak-47,69.28125
m4a1,71.140625
ak-47,72.609375
m4a1,107.140625
ak-47,41.578125
ak-47,51.34375
m4a1,65.578125
ak-47,70.4375
ak-47,99.6875
m4a1,90.125
m4a1,96.03125
ak-47,96.125
ak-47,21.921875
m4a1,25.703125
ak-47,13.421875
ak-47,17.71875
ak-47,19.203125
awp,24.21875
ak-47,61.703125
ak-47,74.75
ak-47,11.421875
m4a1,23.625
m4a1,24.421875
ak-47,47.765625
ak-47,65.0625
awp,72.8125
m4a1,94.3125
ak-47,97.34375
m4a1,31.40625
m4a1,35.015625
ak-47,39.34375
ak-47,40.34375
m4a1,45.125
m4a1,45.234375
ak-47,46.5625
m4a1,60.4375
m4a1,88.484375
m4a1,16.046875
m4a1,18.59375
m4a1,21.734375
ak-47,33.328125
m4a1,91.515625
ak-47,94.59375
ak-47,98.75
ak-47,105.96875
m4a1,107.359375
m4a1,108.34375
awp,40.046875
awp,42.203125
awp,44.59375
mac-10,50.4375
ak-47,50.625
awp,15.59375
m4a1,58.765625
m4a1,76.828125
ak-47,81.09375
m4a1,11.5625
ak-47,27.046875
ak-47,29.171875
awp,35.28125
m4a1,35.84375
m4a1,86.953125
awp,24.1875
ak-47,67.578125
ak-47,71.703125
ak-47,73.546875
ak-47,75.21875
awp,79.34375
awp,104.421875
mp9,37.8125
ak-47,37.8125
ak-47,38.234375
awp,60.109375
m4a1,63.125
ak-47,63.21875
awp,66.34375
ak-47,67.046875
m4a1,67.53125
m4a1,70.953125
m4a1,72.25
awp,78.65625
awp,89.3125
awp,94.703125
mp9,43.703125
m4a1,65.890625
m4a1,70.421875
m4a1,84.984375
m4a1,86.234375
m4a1,48.265625
m4a1,52.0
m4a1,56.90625
m4a1,59.15625
m4a1,66.09375
awp,52.109375
mp9,78.96875
mp9,79.109375
ak-47,79.515625
ak-47,95.4375
mp9,95.84375
ak-47,72.90625
mp9,75.40625
ak-47,79.046875
mp9,79.21875
ak-47,87.25
ak-47,88.734375
mp9,91.328125
mp9,94.953125
ak-47,11.0
awp,22.484375
m4a1,92.25
m4a1,92.953125
ak-47,93.015625
m4a1,100.09375
m4a1,101.0
awp,5.53125
m4a1,65.28125
m4a1,66.671875
m4a1,67.578125
m4a1,71.21875
awp,48.5625
ak-47,51.109375
ak-47,54.9375
awp,61.65625
ak-47,80.78125
awp,99.828125
ak-47,103.859375
awp,104.375
ak-47,43.65625
awp,52.46875
awp,75.25
awp,81.34375
awp,15.484375
awp,29.640625
ak-47,31.921875
m4a1,37.703125
mp9,39.8125
ak-47,55.90625
ak-47,56.578125
m4a1,49.1875
awp,60.375
m4a1,70.90625
m4a1,72.234375
awp,79.8125
awp,8.34375
ak-47,9.78125
ak-47,10.234375
ak-47,24.65625
ak-47,57.328125
ak-47,60.390625
ak-47,44.234375
mac-10,45.140625
ak-47,46.046875
ak-47,31.53125
m4a1,67.265625
ak-47,68.359375
ak-47,69.0625
ak-47,70.328125
ak-47,77.953125
ak-47,76.078125
ak-47,79.140625
ak-47,97.796875
ak-47,98.5625
ak-47,98.890625
ak-47,100.71875
ak-47,62.0625
ak-47,77.734375
awp,79.546875
ak-47,79.671875
m4a1,79.953125
ak-47,80.59375
ak-47,84.921875
awp,45.0625
ak-47,50.328125
ak-47,56.25
awp,59.484375
ak-47,78.421875
awp,81.265625
ak-47,85.5
m4a1,49.59375
ak-47,83.765625
ak-47,84.203125
m4a1,85.6875
ak-47,86.125
m4a1,88.625
awp,89.3125
ak-47,92.484375
mac-10,20.125
ak-47,38.75
ak-47,99.75
ak-47,16.96875
m4a1,90.875
ak-47,96.234375
m4a1,97.921875
awp,103.703125
ak-47,109.34375
ak-47,31.1875
ak-47,46.703125
ak-47,73.21875
ak-47,89.0625
ak-47,90.625
awp,13.9375
ak-47,83.46875
m4a1,83.734375
m4a1,85.734375
ak-47,86.359375
ak-47,109.234375
awp,110.34375
mp9,111.125
ak-47,12.578125
ak-47,40.53125
m4a1,41.09375
ak-47,49.15625
ak-47,54.78125
ak-47,61.140625
ak-47,63.65625
ak-47,82.171875
mac-10,84.828125
ak-47,86.328125
ak-47,41.171875
ak-47,78.390625
m4a1,69.5
ak-47,74.78125
ak-47,46.375
m4a1,67.515625
ak-47,100.265625
awp,109.375
ak-47,50.453125
ak-47,73.34375
ak-47,74.625
awp,75.78125
ak-47,37.546875
m4a1,43.984375
ak-47,45.84375
ak-47,46.53125
ak-47,50.09375
ak-47,12.234375
ak-47,13.671875
awp,15.09375
awp,16.84375
ak-47,21.3125
ak-47,32.953125
ak-47,46.296875
ak-47,71.5625
ak-47,97.21875
ak-47,100.09375
ak-47,102.25
ak-47,103.421875
ak-47,32.421875
ak-47,35.03125
ak-47,35.421875
m4a1,36.6875
ak-47,37.671875
awp,46.9375
ak-47,68.921875
mac-10,14.03125
mac-10,14.703125
m4a1,29.578125
m4a1,98.46875
ak-47,101.65625
m4a1,102.109375
ak-47,102.625
m4a1,103.921875
ak-47,104.546875
mac-10,112.984375
awp,7.53125
awp,17.359375
awp,31.640625
awp,40.609375
m4a1,75.0625
m4a1,86.859375
ak-47,45.359375
ak-47,46.484375
awp,49.140625
ak-47,50.546875
ak-47,51.59375
awp,12.359375
ak-47,12.578125
m4a1,45.96875
ak-47,51.40625
ak-47,55.09375
ak-47,62.671875
ak-47,62.859375
ak-47,17.96875
m4a1,45.09375
m4a1,48.1875
m4a1,61.515625
ak-47,91.9375
ak-47,93.625
awp,75.203125
m4a1,93.28125
ak-47,99.34375
ak-47,100.046875
awp,11.078125
awp,29.109375
ak-47,29.96875
awp,58.234375
mp9,62.921875
m4a1,67.46875
ak-47,68.0625
m4a1,83.71875
awp,95.578125
m4a1,105.875
awp,109.921875
mp9,114.359375
awp,79.140625
ak-47,87.5
m4a1,100.703125
m4a1,108.0
ak-47,110.578125
m4a1,58.734375
m4a1,59.609375
m4a1,60.859375
mp9,51.796875
ak-47,52.390625
ak-47,63.1875
ak-47,77.984375
ak-47,95.984375
ak-47,19.96875
m4a1,23.3125
ak-47,25.546875
m4a1,22.234375
ak-47,25.609375
m4a1,48.296875
ak-47,53.5
ak-47,7.890625
ak-47,38.375
awp,38.421875
ak-47,42.390625
ak-47,44.28125
ak-47,32.59375
ak-47,33.296875
ak-47,33.484375
ak-47,53.578125
ak-47,56.734375
ak-47,67.765625
ak-47,73.578125
m4a1,20.625
m4a1,21.28125
ak-47,21.359375
m4a1,21.796875
m4a1,22.921875
ak-47,40.828125
ak-47,43.8125
ak-47,56.3125
ak-47,62.953125
ak-47,32.5625
ak-47,36.734375
mac-10,39.4375
mac-10,54.328125
mac-10,62.0
m4a1,39.5
m4a1,41.125
m4a1,52.484375
ak-47,53.1875
ak-47,54.109375
ak-47,62.921875
m4a1,63.640625
ak-47,68.1875
ak-47,70.96875
mp9,16.34375
ak-47,16.953125
mp9,17.4375
ak-47,17.953125
mp9,18.203125
ak-47,19.34375
ak-47,19.546875
ak-47,24.234375
m4a1,34.015625
awp,34.796875
ak-47,40.265625
ak-47,40.3125
m4a1,74.34375
ak-47,78.8125
ak-47,82.6875
ak-47,86.4375
ak-47,12.21875
m4a1,16.890625
m4a1,17.34375
ak-47,17.375
ak-47,18.515625
ak-47,33.46875
awp,44.125
awp,78.703125
ak-47,81.90625
ak-47,86.34375
ak-47,91.953125
ak-47,52.1875
m4a1,72.234375
m4a1,73.921875
ak-47,74.875
awp,80.3125
awp,10.578125
m4a1,58.3125
ak-47,66.75
awp,82.515625
m4a1,83.171875
m4a1,88.78125
m4a1,90.640625
m4a1,91.734375
ak-47,20.859375
ak-47,26.78125
ak-47,27.8125
ak-47,46.71875
awp,84.140625
awp,101.21875
ak-47,107.703125
m4a1,84.671875
mac-10,14.53125
m4a1,37.53125
m4a1,103.265625
m4a1,27.5625
m4a1,29.0
m4a1,34.796875
ak-47,15.265625
ak-47,67.765625
ak-47,69.375
ak-47,71.984375
ak-47,84.1875
m4a1,86.5625
ak-47,97.765625
ak-47,102.296875
ak-47,20.65625
ak-47,35.234375
ak-47,35.984375
ak-47,58.234375
ak-47,24.59375
ak-47,67.078125
ak-47,67.75
ak-47,69.703125
ak-47,71.296875
m4a1,20.171875
m4a1,33.65625
m4a1,37.015625
ak-47,37.5
ak-47,40.953125
m4a1,49.21875
ak-47,73.328125
m4a1,100.90625
mp9,24.796875
ak-47,25.96875
m4a1,57.5625
m4a1,62.65625
ak-47,63.5625
m4a1,63.765625
ak-47,70.78125
m4a1,73.21875
ak-47,78.015625
ak-47,78.90625
ak-47,80.046875
ak-47,84.84375
ak-47,13.921875
ak-47,17.703125
ak-47,21.96875
ak-47,23.484375
ak-47,24.65625
mac-10,47.109375
mac-10,49.125
ak-47,68.3125
ak-47,47.1875
ak-47,17.984375
ak-47,18.53125
ak-47,19.328125
m4a1,28.390625
m4a1,28.953125
m4a1,30.53125
m4a1,37.03125
m4a1,41.3125
awp,24.84375
ak-47,33.59375
mac-10,40.203125
ak-47,62.421875
m4a1,63.328125
ak-47,64.125
m4a1,62.625
m4a1,63.078125
ak-47,64.140625
m4a1,87.640625
ak-47,89.109375
mac-10,11.65625
mp9,16.53125
ak-47,17.046875
mac-10,73.71875
ak-47,89.65625
ak-47,94.34375
ak-47,44.40625
m4a1,49.40625
m4a1,86.484375
ak-47,87.40625
awp,92.21875
m4a1,93.5
awp,96.890625
m4a1,43.90625
ak-47,44.171875
ak-47,58.640625
awp,61.578125
awp,67.515625
ak-47,14.6875
m4a1,32.375
awp,37.640625
mp9,40.96875
ak-47,40.34375
ak-47,41.046875
ak-47,43.90625
awp,46.21875
m4a1,49.0625
awp,8.796875
ak-47,27.78125
ak-47,36.03125
ak-47,37.765625
ak-47,48.203125
awp,38.0625
awp,46.890625
ak-47,48.09375
ak-47,50.359375
ak-47,60.75
awp,68.21875
m4a1,79.578125
awp,83.96875
ak-47,18.265625
ak-47,28.828125
ak-47,55.5
awp,56.015625
awp,61.0625
ak-47,62.09375
m4a1,68.203125
m4a1,70.140625
m4a1,49.984375
m4a1,50.78125
m4a1,56.40625
awp,58.484375
awp,60.78125
awp,63.15625
m4a1,79.015625
m4a1,79.90625
m4a1,81.4375
m4a1,82.453125
m4a1,89.40625
m4a1,51.4375
ak-47,57.5625
m4a1,94.765625
m4a1,95.734375
m4a1,41.28125
m4a1,41.78125
awp,45.453125
ak-47,49.90625
m4a1,14.578125
m4a1,48.375
ak-47,51.359375
m4a1,87.6875
ak-47,77.203125
mp9,90.765625
awp,94.765625
ak-47,97.875
m4a1,16.640625
ak-47,17.078125
m4a1,17.4375
ak-47,18.546875
m4a1,27.890625
ak-47,72.328125
m4a1,96.390625
m4a1,97.15625
ak-47,26.578125
m4a1,34.28125
ak-47,38.15625
ak-47,87.125
mp9,39.703125
ak-47,44.484375
ak-47,51.875
ak-47,59.640625
ak-47,62.59375
ak-47,65.609375
m4a1,69.703125
m4a1,88.78125
m4a1,41.984375
ak-47,67.3125
ak-47,70.984375
m4a1,50.71875
m4a1,82.3125
ak-47,82.875
awp,83.71875
awp,85.15625
ak-47,22.71875
ak-47,30.0625
awp,64.203125
m4a1,66.03125
m4a1,73.328125
m4a1,80.09375
awp,8.125
ak-47,12.125
ak-47,56.328125
awp,66.03125
ak-47,76.109375
ak-47,81.828125
ak-47,18.546875
ak-47,20.796875
ak-47,21.296875
awp,14.03125
awp,41.46875
m4a1,45.59375
ak-47,46.734375
m4a1,62.078125
ak-47,78.40625
m4a1,85.75
m4a1,13.46875
ak-47,99.03125
awp,99.71875
ak-47,100.703125
awp,101.828125
ak-47,102.578125
awp,105.046875
awp,107.0625
m4a1,12.359375
ak-47,14.984375
ak-47,17.453125
ak-47,58.8125
ak-47,59.734375
awp,77.828125
m4a1,82.890625
ak-47,103.265625
awp,59.25
ak-47,60.59375
awp,86.625
ak-47,86.921875
ak-47,88.0
awp,89.15625
mp9,52.875
mp9,54.140625
ak-47,45.875
mp9,49.296875
m4a1,78.203125
m4a1,32.90625
m4a1,23.5625
m4a1,27.125
ak-47,32.90625
m4a1,33.375
m4a1,44.734375
m4a1,49.578125
ak-47,51.296875
ak-47,92.203125
ak-47,82.640625
m4a1,86.8125
ak-47,87.703125
ak-47,90.21875
ak-47,100.234375
mac-10,16.109375
mac-10,17.109375
mac-10,18.703125
m4a1,83.984375
m4a1,94.8125
awp,3.984375
m4a1,18.71875
m4a1,22.765625
m4a1,43.796875
m4a1,46.953125
awp,77.796875
m4a1,80.921875
m4a1,85.8125
m4a1,91.84375
ak-47,94.609375
ak-47,96.359375
ak-47,57.03125
m4a1,70.390625
awp,71.953125
ak-47,77.21875
m4a1,77.34375
ak-47,79.53125
m4a1,94.953125
ak-47,106.453125
ak-47,109.734375
awp,57.625
awp,62.234375
ak-47,104.640625
ak-47,107.625
ak-47,107.671875
awp,112.640625
ak-47,114.0625
ak-47,114.15625
awp,68.5625
ak-47,92.84375
m4a1,94.96875
ak-47,108.515625
mp9,47.796875
ak-47,68.75
awp,75.21875
awp,81.375
mac-10,85.5
awp,87.734375
m4a1,15.5
m4a1,15.90625
m4a1,16.0
ak-47,18.34375
ak-47,65.640625
m4a1,67.671875
m4a1,72.28125
ak-47,73.421875
awp,75.953125
m4a1,93.421875
ak-47,75.375
mp9,27.5625
m4a1,38.875
m4a1,41.234375
m4a1,43.15625
mp9,47.15625
mp9,48.765625
ak-47,29.734375
m4a1,45.296875
ak-47,54.6875
ak-47,55.328125
m4a1,94.734375
ak-47,95.25
m4a1,96.515625
m4a1,97.3125
ak-47,26.140625
mac-10,28.90625
ak-47,52.734375
ak-47,55.359375
m4a1,74.28125
ak-47,41.171875
ak-47,44.546875
ak-47,75.21875
m4a1,88.90625
ak-47,46.90625
ak-47,49.1875
ak-47,52.984375
ak-47,82.90625
m4a1,85.4375
ak-47,86.890625
awp,14.921875
m4a1,15.140625
ak-47,16.0
ak-47,20.25
ak-47,25.921875
ak-47,46.65625
awp,52.4375
ak-47,53.546875
ak-47,90.828125
ak-47,93.0
awp,107.3125
ak-47,109.40625
m4a1,112.0625
awp,114.078125
m4a1,22.765625
ak-47,22.90625
m4a1,34.046875
awp,88.75
ak-47,109.921875
ak-47,110.625
ak-47,111.265625
awp,114.078125
m4a1,32.3125
m4a1,54.34375
m4a1,56.890625
mp9,70.59375
ak-47,42.515625
ak-47,59.9375
ak-47,64.421875
awp,57.96875
mp9,94.15625
ak-47,103.546875
mac-10,111.03125
awp,15.765625
m4a1,32.265625
ak-47,36.390625
ak-47,39.96875
ak-47,97.125
ak-47,16.671875
m4a1,55.3125
awp,63.953125
awp,39.96875
ak-47,44.34375
mac-10,84.890625
ak-47,15.515625
mp9,49.453125
ak-47,54.03125
ak-47,71.296875
ak-47,19.84375
ak-47,32.015625
ak-47,37.703125
ak-47,82.015625
ak-47,21.1875
ak-47,22.765625
awp,37.765625
awp,59.046875
awp,97.453125
ak-47,98.65625
mp9,78.109375
ak-47,80.859375
mp9,82.46875
mp9,91.046875
awp,92.703125
ak-47,93.578125
ak-47,110.6875
awp,113.28125
ak-47,16.984375
m4a1,19.5
ak-47,19.59375
m4a1,20.28125
ak-47,21.5
m4a1,40.75
m4a1,93.25
ak-47,109.0625
m4a1,26.28125
m4a1,26.484375
mp9,35.03125
mp9,57.609375
mp9,63.640625
m4a1,100.59375
mp9,16.53125
ak-47,17.1875
ak-47,17.484375
m4a1,59.5
mac-10,59.4375
ak-47,61.765625
mac-10,62.703125
ak-47,25.875
ak-47,73.078125
ak-47,114.375
ak-47,27.34375
awp,75.46875
m4a1,79.796875
m4a1,112.515625
ak-47,112.53125
m4a1,112.84375
mp9,16.71875
ak-47,20.265625
m4a1,21.5
ak-47,29.59375
m4a1,52.21875
awp,53.453125
awp,55.203125
ak-47,56.109375
m4a1,23.53125
m4a1,66.59375
ak-47,67.328125
ak-47,104.71875
m4a1,34.640625
awp,35.765625
awp,37.453125
m4a1,42.4375
ak-47,42.4375
awp,69.59375
ak-47,69.203125
ak-47,70.109375
m4a1,97.609375
awp,106.375
ak-47,106.8125
awp,108.640625
ak-47,104.265625
awp,105.15625
m4a1,106.9375
awp,107.109375
ak-47,109.640625
awp,110.234375
ak-47,110.78125
awp,21.5
awp,50.0625
ak-47,55.515625
ak-47,58.921875
ak-47,48.90625
m4a1,69.5
ak-47,69.90625
ak-47,72.40625
ak-47,20.453125
ak-47,21.15625
awp,35.703125
ak-47,47.46875
ak-47,56.46875
awp,27.546875
ak-47,92.640625
m4a1,100.171875
ak-47,107.65625
m4a1,108.375
ak-47,111.296875
ak-47,23.5625
ak-47,33.921875
ak-47,36.421875
awp,37.828125
m4a1,42.8125
ak-47,52.546875
ak-47,61.828125
ak-47,91.25
m4a1,23.703125
ak-47,93.3125
awp,96.78125
ak-47,102.765625
m4a1,92.625
ak-47,101.140625
m4a1,102.34375
ak-47,104.03125
awp,105.65625
awp,111.25
m4a1,112.28125
awp,25.6875
m4a1,55.59375
ak-47,56.65625
ak-47,56.828125
awp,62.21875
ak-47,63.9375
ak-47,83.984375
ak-47,85.1875
ak-47,15.765625
awp,15.90625
m4a1,20.734375
m4a1,24.515625
ak-47,35.765625
awp,47.09375
ak-47,81.171875
ak-47,81.578125
ak-47,82.234375
m4a1,82.75
ak-47,84.296875
ak-47,94.40625
ak-47,45.21875
awp,46.71875
ak-47,61.1875
awp,59.546875
m4a1,74.109375
m4a1,29.53125
mp9,31.09375
mp9,31.9375
mp9,35.125
mp9,24.65625
mp9,25.96875
ak-47,14.671875
ak-47,16.3125
awp,80.953125
awp,68.515625
ak-47,97.796875
ak-47,99.328125
ak-47,103.375
ak-47,104.296875
awp,41.75
awp,104.640625
awp,114.625
awp,82.328125
mp9,105.234375
ak-47,107.09375
m4a1,62.328125
ak-47,65.875
ak-47,76.515625
m4a1,89.671875
ak-47,113.828125
ak-47,105.734375
m4a1,106.96875
ak-47,107.40625
ak-47,108.71875
mp9,46.84375
ak-47,47.625
awp,91.671875
ak-47,90.0
ak-47,91.859375
awp,95.3125
mac-10,71.5
awp,74.546875
ak-47,75.703125
mac-10,44.296875
ak-47,74.078125
mp9,75.75
ak-47,35.53125
ak-47,50.28125
m4a1,21.53125
m4a1,23.625
awp,30.875
ak-47,49.796875
ak-47,52.875
ak-47,79.578125
ak-47,54.59375
ak-47,54.953125
ak-47,85.609375
m4a1,87.015625
ak-47,87.4375
ak-47,90.53125
ak-47,106.5
m4a1,76.890625
ak-47,84.171875
m4a1,84.5625
ak-47,85.171875
m4a1,104.125
m4a1,107.21875
ak-47,110.625
awp,113.546875
awp,32.0
m4a1,67.109375
ak-47,68.5
m4a1,68.65625
ak-47,79.84375
awp,28.09375
m4a1,43.828125
ak-47,45.0625
m4a1,57.40625
ak-47,77.984375
ak-47,78.6875
awp,88.078125
m4a1,81.5
m4a1,91.421875
m4a1,92.71875
ak-47,30.078125
m4a1,33.453125
m4a1,26.65625
mac-10,26.90625
m4a1,41.484375
mp9,43.875
m4a1,46.609375
m4a1,60.875
awp,23.78125
mp9,55.21875
m4a1,82.28125
m4a1,106.96875
m4a1,26.078125
awp,28.921875
m4a1,40.671875
m4a1,38.234375
m4a1,38.953125
m4a1,40.609375
awp,11.84375
m4a1,24.5
ak-47,27.03125
m4a1,62.796875
ak-47,71.859375
ak-47,74.078125
ak-47,10.8125
ak-47,11.3125
ak-47,11.515625
mac-10,32.390625
ak-47,34.359375
ak-47,76.4375
awp,82.203125
ak-47,21.34375
ak-47,31.140625
ak-47,47.34375
ak-47,58.4375
m4a1,76.28125
m4a1,98.375
m4a1,98.6875
ak-47,99.609375
awp,27.6875
ak-47,51.90625
ak-47,53.734375
m4a1,54.453125
awp,61.921875
awp,73.28125
ak-47,20.6875
awp,67.796875
ak-47,20.625
ak-47,42.375
awp,61.171875
ak-47,61.59375
ak-47,64.828125
m4a1,30.8125
m4a1,36.890625
m4a1,28.546875
ak-47,71.59375
ak-47,77.171875
m4a1,82.53125
ak-47,101.28125
ak-47,103.296875
m4a1,43.34375
ak-47,49.28125
m4a1,50.109375
m4a1,52.09375
ak-47,55.4375
ak-47,58.984375
m4a1,61.1875
ak-47,64.546875
m4a1,76.3125
m4a1,14.109375
mp9,24.359375
ak-47,25.28125
m4a1,27.3125
m4a1,31.109375
m4a1,34.890625
m4a1,26.921875
m4a1,75.25
ak-47,84.359375
ak-47,112.859375
ak-47,24.75
m4a1,25.28125
ak-47,27.453125
ak-47,78.890625
ak-47,79.6875
ak-47,82.546875
m4a1,93.390625
ak-47,21.75
awp,23.15625
m4a1,55.859375
ak-47,59.703125
m4a1,97.984375
m4a1,106.515625
ak-47,53.265625
m4a1,65.046875
m4a1,65.875
ak-47,73.9375
m4a1,19.671875
ak-47,43.328125
ak-47,53.328125
awp,87.09375
ak-47,92.4375
m4a1,93.859375
ak-47,96.1875
ak-47,109.15625
m4a1,29.125
m4a1,29.765625
m4a1,33.78125
awp,34.546875
m4a1,35.40625
awp,13.328125
ak-47,73.8125
ak-47,79.921875
ak-47,89.234375
ak-47,90.453125
ak-47,27.109375
awp,29.21875
m4a1,30.90625
m4a1,33.09375
ak-47,36.203125
ak-47,29.34375
m4a1,31.484375
awp,34.546875
m4a1,40.328125
m4a1,111.734375
awp,56.15625
m4a1,70.140625
ak-47,71.53125
m4a1,80.28125
m4a1,81.28125
ak-47,11.890625
ak-47,16.125
ak-47,17.578125
ak-47,19.578125
m4a1,21.6875
ak-47,24.421875
awp,12.671875
m4a1,65.96875
ak-47,73.34375
awp,97.046875
ak-47,101.625
awp,107.6875
ak-47,18.46875
awp,22.296875
ak-47,36.4375
m4a1,39.234375
m4a1,69.4375
m4a1,70.546875
ak-47,79.515625
ak-47,16.8125
m4a1,24.0625
m4a1,28.046875
awp,30.03125
awp,32.015625
m4a1,35.125
ak-47,11.15625
m4a1,11.671875
m4a1,15.90625
m4a1,21.015625
ak-47,30.625
m4a1,37.578125
m4a1,32.125
ak-47,35.953125
ak-47,46.0
ak-47,67.8125
ak-47,75.59375
ak-47,108.953125
awp,35.921875
ak-47,43.28125
ak-47,54.15625
ak-47,73.203125
m4a1,80.109375
awp,83.78125
awp,86.328125
m4a1,86.625
awp,45.390625
ak-47,34.5625
m4a1,71.546875
m4a1,106.375
m4a1,35.671875
ak-47,42.078125
ak-47,94.234375
awp,44.5
m4a1,53.546875
ak-47,85.40625
m4a1,93.625
m4a1,95.59375
m4a1,96.75
m4a1,30.640625
ak-47,64.34375
ak-47,65.34375
ak-47,67.046875
ak-47,67.453125
ak-47,76.203125
ak-47,28.0
ak-47,30.4375
m4a1,42.453125
ak-47,43.75
ak-47,75.140625
ak-47,77.59375
m4a1,36.28125
ak-47,39.375
m4a1,43.921875
ak-47,45.40625
ak-47,46.71875
ak-47,48.78125
ak-47,50.25
ak-47,15.59375
ak-47,96.765625
ak-47,98.03125
ak-47,27.296875
m4a1,27.75
m4a1,34.1875
ak-47,36.328125
awp,38.71875
ak-47,40.03125
m4a1,35.828125
ak-47,36.390625
m4a1,44.3125
m4a1,94.40625
m4a1,98.25
ak-47,8.703125
awp,24.125
awp,26.109375
m4a1,30.59375
ak-47,61.25
ak-47,62.296875
mac-10,56.296875
mac-10,58.953125
awp,35.640625
ak-47,39.96875
m4a1,45.109375
m4a1,57.359375
awp,76.84375
m4a1,89.046875
awp,114.015625
ak-47,48.359375
ak-47,52.359375
ak-47,78.96875
ak-47,81.21875
ak-47,84.34375
m4a1,72.03125
ak-47,74.5
m4a1,75.921875
ak-47,76.328125
m4a1,77.078125
awp,94.171875
ak-47,114.59375
m4a1,42.234375
ak-47,64.03125
awp,67.359375
m4a1,74.328125
m4a1,78.359375
m4a1,81.359375
ak-47,27.875
ak-47,51.6875
awp,52.859375
awp,41.609375
m4a1,58.9375
ak-47,61.71875
m4a1,68.234375
m4a1,71.421875
m4a1,96.515625
awp,59.328125
ak-47,61.140625
awp,63.78125
ak-47,78.0
ak-47,79.890625
ak-47,107.921875
m4a1,24.21875
ak-47,41.9375
ak-47,43.171875
m4a1,43.546875
ak-47,59.59375
ak-47,60.640625
m4a1,60.859375
awp,62.359375
ak-47,26.921875
ak-47,30.546875
ak-47,33.03125
mac-10,34.265625
mac-10,38.1875
awp,56.84375
awp,59.046875
m4a1,62.6875
awp,69.25
awp,71.078125
awp,86.9375
awp,76.28125
ak-47,83.296875
ak-47,93.796875
awp,23.625
m4a1,34.703125
ak-47,36.171875
awp,73.21875
m4a1,74.640625
ak-47,75.1875
awp,100.734375
ak-47,107.3125
ak-47,114.390625
awp,19.296875
ak-47,33.96875
ak-47,109.09375
ak-47,25.84375
ak-47,34.609375
awp,48.90625
m4a1,78.34375
ak-47,83.21875
m4a1,111.984375
ak-47,41.015625
m4a1,56.71875
ak-47,63.984375
ak-47,68.78125
ak-47,69.296875
ak-47,69.515625
m4a1,69.828125
m4a1,43.109375
m4a1,65.984375
awp,92.609375
m4a1,104.84375
awp,10.203125
ak-47,25.984375
ak-47,29.015625
ak-47,35.828125
ak-47,44.0
awp,32.421875
ak-47,35.109375
mp9,35.171875
awp,36.46875
ak-47,51.640625
ak-47,54.921875
m4a1,53.515625
m4a1,56.125
ak-47,35.84375
m4a1,36.265625
m4a1,56.140625
m4a1,57.390625
ak-47,70.984375
m4a1,72.28125
m4a1,76.65625
m4a1,26.265625
mac-10,27.75
ak-47,77.1875
ak-47,78.6875
ak-47,80.34375
ak-47,82.46875
m4a1,48.03125
ak-47,50.171875
ak-47,56.0625
awp,73.015625
m4a1,27.078125
mp9,62.34375
mp9,64.71875
ak-47,65.0
ak-47,65.921875
ak-47,67.5625
awp,70.90625
m4a1,16.515625
ak-47,22.703125
ak-47,30.828125
awp,31.609375
m4a1,21.390625
m4a1,21.75
m4a1,22.046875
mp9,22.71875
m4a1,23.109375
mp9,39.296875
ak-47,39.421875
ak-47,40.109375
ak-47,46.28125
mp9,12.6875
ak-47,13.921875
awp,45.640625
m4a1,100.34375
ak-47,100.484375
ak-47,103.609375
m4a1,104.640625
ak-47,108.953125
awp,21.171875
ak-47,27.609375
awp,30.265625
ak-47,31.03125
ak-47,41.6875
ak-47,44.15625
ak-47,45.640625
m4a1,20.953125
ak-47,34.578125
ak-47,43.015625
ak-47,49.4375
ak-47,63.59375
ak-47,76.09375
ak-47,11.90625
m4a1,12.84375
m4a1,26.078125
ak-47,27.765625
m4a1,58.609375
m4a1,70.4375
ak-47,71.5
ak-47,74.84375
m4a1,80.09375
m4a1,80.5
ak-47,93.25
m4a1,98.140625
ak-47,99.296875
ak-47,105.0
m4a1,77.671875
ak-47,79.734375
m4a1,83.328125
m4a1,84.6875
ak-47,86.890625
mp9,10.578125
ak-47,20.65625
ak-47,21.578125
ak-47,23.578125
mp9,28.8125
awp,106.5625
ak-47,113.8125
m4a1,68.953125
m4a1,16.6875
m4a1,61.828125
ak-47,40.65625
ak-47,57.3125
m4a1,57.53125
ak-47,58.859375
ak-47,60.796875
ak-47,71.34375
ak-47,45.84375
awp,58.125
ak-47,67.9375
ak-47,72.390625
ak-47,104.984375
awp,105.515625
awp,108.15625
awp,42.09375
awp,43.9375
awp,43.9375
awp,55.265625
ak-47,58.8125
ak-47,61.375
m4a1,18.296875
m4a1,19.625
awp,33.796875
ak-47,65.890625
m4a1,78.84375
ak-47,81.765625
ak-47,85.515625
ak-47,87.234375
awp,5.03125
ak-47,51.234375
ak-47,54.953125
awp,15.21875
awp,8.8125
m4a1,22.984375
awp,73.140625
ak-47,88.875
m4a1,89.9375
awp,94.4375
ak-47,70.5
ak-47,75.203125
ak-47,76.828125
ak-47,83.828125
ak-47,90.375
m4a1,8.8125
m4a1,19.203125
m4a1,57.3125
m4a1,64.421875
ak-47,14.078125
ak-47,15.28125
m4a1,20.5625
m4a1,29.34375
ak-47,65.046875
m4a1,67.859375
ak-47,90.0625
ak-47,91.390625
ak-47,102.515625
m4a1,30.78125
awp,46.921875
awp,60.015625
m4a1,63.28125
ak-47,31.84375
awp,37.953125
m4a1,48.765625
m4a1,69.15625
ak-47,16.21875
m4a1,25.84375
ak-47,59.34375
ak-47,70.8125
ak-47,72.875
awp,87.015625
ak-47,30.4375
m4a1,31.25
ak-47,51.34375
m4a1,59.125
awp,65.34375
m4a1,66.953125
m4a1,76.34375
ak-47,50.828125
ak-47,64.25
ak-47,66.796875
ak-47,87.78125
ak-47,98.640625
m4a1,51.015625
ak-47,55.671875
m4a1,76.265625
awp,85.171875
awp,55.59375
m4a1,78.15625
m4a1,81.578125
awp,83.421875
ak-47,14.03125
ak-47,22.03125
awp,32.9375
ak-47,37.71875
ak-47,40.328125
m4a1,27.65625
m4a1,42.84375
m4a1,43.34375
m4a1,67.359375
m4a1,68.015625
m4a1,81.40625
m4a1,89.703125
m4a1,91.8125
m4a1,96.328125
m4a1,100.703125
m4a1,15.65625
m4a1,52.09375
m4a1,53.53125
m4a1,109.890625
mp9,71.4375
m4a1,85.578125
ak-47,85.6875
ak-47,86.765625
ak-47,93.15625
m4a1,97.5625
ak-47,98.078125
m4a1,15.234375
ak-47,23.734375
ak-47,28.984375
awp,46.40625
ak-47,52.8125
ak-47,53.578125
ak-47,18.53125
ak-47,21.359375
ak-47,35.578125
ak-47,44.796875
ak-47,46.15625
ak-47,26.78125
mp9,33.0
awp,69.0625
awp,71.09375
ak-47,71.78125
m4a1,13.140625
m4a1,16.234375
m4a1,28.328125
m4a1,37.328125
ak-47,25.0625
m4a1,37.125
m4a1,40.640625
ak-47,41.03125
ak-47,58.71875
m4a1,23.875
m4a1,26.734375
m4a1,28.890625
awp,33.828125
m4a1,61.890625
m4a1,10.140625
awp,61.640625
awp,97.640625
awp,99.1875
awp,104.9375
ak-47,105.8125
m4a1,107.015625
ak-47,19.140625
m4a1,25.921875
ak-47,30.453125
awp,35.171875
ak-47,84.171875
ak-47,84.671875
awp,8.921875
ak-47,12.875
ak-47,14.578125
awp,79.046875
ak-47,36.734375
awp,49.171875
ak-47,72.265625
m4a1,74.03125
awp,76.046875
awp,8.6875
awp,58.5625
m4a1,64.5625
ak-47,74.34375
ak-47,81.15625
ak-47,18.375
ak-47,22.34375
ak-47,23.34375
m4a1,28.625
awp,29.6875
ak-47,41.140625
ak-47,25.625
ak-47,27.21875
ak-47,27.625
ak-47,29.015625
awp,41.546875
ak-47,12.09375
ak-47,12.359375
ak-47,17.09375
ak-47,27.609375
ak-47,28.125
ak-47,35.703125
ak-47,73.046875
m4a1,69.21875
m4a1,69.65625
m4a1,79.828125
m4a1,28.296875
ak-47,45.0625
m4a1,55.65625
ak-47,63.734375
m4a1,63.953125
ak-47,70.78125
ak-47,58.515625
ak-47,58.9375
ak-47,79.5
ak-47,79.65625
ak-47,80.234375
m4a1,86.40625
awp,18.65625
ak-47,19.203125
ak-47,67.4375
ak-47,72.0625
ak-47,56.15625
ak-47,57.34375
m4a1,63.421875
ak-47,63.90625
ak-47,84.421875
awp,24.28125
ak-47,26.234375
ak-47,33.40625
ak-47,109.125
ak-47,111.4375
ak-47,23.046875
ak-47,69.140625
ak-47,70.921875
ak-47,78.015625
ak-47,83.640625
ak-47,18.46875
ak-47,20.109375
m4a1,32.0
ak-47,34.890625
m4a1,54.109375
m4a1,55.125
m4a1,60.171875
m4a1,64.25
ak-47,68.40625
awp,102.125
ak-47,21.234375
awp,23.203125
ak-47,24.6875
ak-47,28.28125
ak-47,34.28125
ak-47,47.09375
awp,19.265625
ak-47,31.171875
m4a1,47.640625
m4a1,70.484375
ak-47,79.203125
ak-47,80.390625
awp,90.75
ak-47,94.40625
m4a1,31.234375
mp9,35.109375
mac-10,35.1875
mac-10,37.109375
ak-47,34.140625
ak-47,36.9375
ak-47,37.125
mp9,22.109375
m4a1,36.15625
m4a1,41.25
ak-47,54.375
ak-47,88.6875
mp9,90.21875
ak-47,98.421875
m4a1,98.90625
ak-47,58.71875
ak-47,59.59375
ak-47,78.4375
ak-47,81.84375
ak-47,85.515625
ak-47,87.25
ak-47,37.5625
ak-47,73.859375
ak-47,76.90625
ak-47,79.421875
ak-47,82.453125
ak-47,22.375
ak-47,43.0
ak-47,44.375
ak-47,90.265625
ak-47,109.5
ak-47,111.46875
ak-47,41.390625
m4a1,43.984375
awp,64.71875
awp,37.09375
awp,93.109375
ak-47,94.5625
mp9,14.96875
ak-47,15.59375
awp,19.59375
ak-47,24.15625
mp9,48.390625
awp,64.171875
ak-47,35.859375
m4a1,38.953125
m4a1,57.125
m4a1,52.734375
m4a1,53.890625
m4a1,56.421875
m4a1,60.671875
m4a1,63.359375
m4a1,32.8125
m4a1,34.09375
m4a1,35.3125
m4a1,51.078125
m4a1,72.609375
ak-47,9.609375
ak-47,12.75
mp9,16.015625
ak-47,19.546875
m4a1,28.3125
ak-47,28.78125
m4a1,72.859375
m4a1,77.203125
ak-47,79.71875
m4a1,84.9375
m4a1,86.234375
ak-47,11.21875
ak-47,12.015625
ak-47,58.421875
ak-47,73.875
ak-47,77.1875
awp,89.21875
ak-47,54.640625
awp,59.0
awp,28.65625
ak-47,69.25
awp,75.59375
ak-47,78.828125
m4a1,79.046875
awp,50.453125
ak-47,71.859375
m4a1,78.078125
ak-47,78.484375
m4a1,79.390625
m4a1,91.421875
ak-47,94.84375
ak-47,104.78125
awp,16.359375
ak-47,35.3125
ak-47,48.484375
awp,55.21875
ak-47,57.765625
ak-47,66.84375
m4a1,68.25
ak-47,68.921875
awp,69.828125
ak-47,71.59375
awp,73.5625
m4a1,82.078125
m4a1,83.75
m4a1,89.4375
awp,10.4375
ak-47,22.375
ak-47,40.59375
awp,44.859375
awp,58.328125
ak-47,73.015625
ak-47,83.6875
awp,14.78125
ak-47,10.875
m4a1,11.609375
m4a1,12.53125
m4a1,13.234375
m4a1,47.078125
ak-47,47.1875
m4a1,15.46875
m4a1,15.5
m4a1,16.578125
ak-47,18.59375
m4a1,19.0625
ak-47,23.453125
ak-47,27.21875
ak-47,30.15625
m4a1,39.015625
ak-47,39.171875
ak-47,50.125
ak-47,51.109375
m4a1,33.828125
m4a1,36.1875
ak-47,57.25
ak-47,69.34375
ak-47,73.140625
m4a1,73.4375
m4a1,81.625
ak-47,82.0625
ak-47,92.125
ak-47,21.75
m4a1,28.921875
ak-47,30.109375
ak-47,53.328125
ak-47,73.15625
ak-47,33.28125
ak-47,45.640625
ak-47,61.8125
ak-47,62.578125
m4a1,35.703125
ak-47,48.859375
mac-10,54.953125
ak-47,28.015625
ak-47,28.78125
m4a1,62.140625
m4a1,63.359375
m4a1,90.875
m4a1,30.28125
mp9,32.65625
mp9,34.265625
mac-10,36.03125
mp9,37.703125
mac-10,41.140625
m4a1,46.90625
mp9,32.359375
mp9,35.75
mp9,56.96875
mac-10,60.109375
m4a1,90.296875
ak-47,90.703125
m4a1,97.8125
ak-47,106.984375
m4a1,60.609375
m4a1,66.265625
ak-47,67.1875
m4a1,81.09375
mp9,82.484375
m4a1,84.09375
m4a1,84.390625
ak-47,93.75
ak-47,17.140625
m4a1,55.046875
m4a1,57.46875
mp9,68.65625
m4a1,23.9375
ak-47,26.890625
ak-47,66.640625
ak-47,77.109375
ak-47,18.890625
ak-47,20.34375
mac-10,21.375
ak-47,21.921875
ak-47,22.15625
ak-47,34.1875
m4a1,21.140625
ak-47,60.59375
awp,89.140625
m4a1,93.53125
ak-47,57.8125
mp9,58.421875
ak-47,58.90625
ak-47,63.234375
ak-47,66.484375
ak-47,24.203125
m4a1,25.640625
m4a1,26.4375
ak-47,26.921875
ak-47,27.515625
ak-47,28.46875
ak-47,55.5
mp9,21.34375
mp9,21.484375
mp9,22.328125
mp9,30.703125
ak-47,15.921875
ak-47,20.734375
ak-47,23.28125
mp9,25.0625
ak-47,27.09375
m4a1,40.140625
ak-47,41.25
awp,18.453125
ak-47,23.6875
m4a1,47.296875
m4a1,51.25
ak-47,54.078125
m4a1,59.078125
ak-47,17.28125
awp,35.296875
awp,81.78125
m4a1,83.34375
awp,88.25
m4a1,28.5
m4a1,29.703125
ak-47,40.109375
ak-47,48.53125
mp9,51.28125
m4a1,52.84375
mp9,58.203125
awp,96.890625
ak-47,98.609375
m4a1,101.078125
m4a1,33.28125
m4a1,34.46875
ak-47,73.96875
m4a1,80.109375
ak-47,81.390625
m4a1,42.59375
ak-47,43.15625
m4a1,76.28125
awp,78.921875
awp,89.6875
awp,40.203125
ak-47,41.4375
awp,47.203125
awp,56.078125
ak-47,71.125
ak-47,14.125
ak-47,15.21875
ak-47,29.109375
ak-47,44.078125
ak-47,17.75
ak-47,40.6875
ak-47,41.09375
ak-47,43.15625
awp,50.1875
m4a1,95.5625
mac-10,37.796875
ak-47,45.0
ak-47,45.625
m4a1,85.25
ak-47,27.671875
m4a1,42.09375
awp,99.046875
awp,104.9375
ak-47,40.625
m4a1,44.0
ak-47,50.5
awp,70.015625
awp,72.28125
m4a1,32.71875
m4a1,33.921875
m4a1,34.21875
m4a1,35.296875
m4a1,36.234375
m4a1,74.34375
ak-47,83.84375
m4a1,83.90625
awp,96.265625
ak-47,100.6875
ak-47,102.484375
ak-47,65.015625
m4a1,66.140625
m4a1,71.34375
m4a1,80.921875
awp,87.53125
m4a1,114.390625
mac-10,11.734375
mac-10,63.390625
mac-10,33.703125
ak-47,34.25
ak-47,35.09375
ak-47,41.171875
m4a1,47.15625
m4a1,68.734375
awp,69.8125
m4a1,72.375
awp,77.140625
awp,88.28125
ak-47,94.96875
ak-47,99.953125
awp,54.625
ak-47,73.296875
m4a1,74.59375
ak-47,75.125
ak-47,9.6875
ak-47,10.859375
ak-47,12.109375
awp,26.890625
m4a1,74.171875
awp,38.3125
awp,40.375
m4a1,40.546875
ak-47,45.96875
m4a1,51.09375
ak-47,18.515625
m4a1,18.90625
ak-47,26.40625
mp9,40.640625
ak-47,41.625
ak-47,45.03125
m4a1,47.109375
ak-47,49.890625
ak-47,10.296875
awp,16.203125
ak-47,25.359375
ak-47,10.484375
awp,24.5
ak-47,27.703125
ak-47,41.078125
awp,61.71875
awp,83.0
awp,83.53125
m4a1,26.78125
m4a1,28.171875
m4a1,30.390625
awp,31.5
m4a1,35.421875
ak-47,44.21875
ak-47,44.9375
m4a1,75.921875
mp9,23.328125
mac-10,24.484375
ak-47,85.484375
mac-10,106.1875
ak-47,12.71875
m4a1,76.96875
ak-47,79.375
ak-47,80.125
m4a1,84.5625
ak-47,16.421875
ak-47,17.375
ak-47,19.484375
ak-47,21.9375
awp,38.640625
ak-47,49.28125
awp,51.03125
ak-47,56.078125
awp,81.09375
ak-47,81.390625
mp9,88.15625
ak-47,104.875
ak-47,73.1875
ak-47,90.65625
ak-47,92.1875
ak-47,94.375
m4a1,58.6875
mac-10,69.75
mac-10,75.734375
awp,43.953125
awp,46.078125
mp9,75.71875
awp,82.59375
ak-47,75.671875
mp9,76.546875
mp9,84.296875
ak-47,63.828125
ak-47,14.390625
m4a1,35.5625
ak-47,81.8125
ak-47,84.734375
ak-47,97.078125
ak-47,16.78125
ak-47,31.015625
ak-47,31.3125
m4a1,28.3125
ak-47,55.890625
ak-47,57.765625
ak-47,27.09375
m4a1,29.640625
ak-47,91.984375
ak-47,93.84375
ak-47,94.71875
awp,103.46875
awp,112.859375
ak-47,56.921875
mp9,57.515625
mac-10,58.09375
ak-47,93.65625
ak-47,107.109375
m4a1,15.765625
mac-10,108.390625
m4a1,31.796875
m4a1,33.1875
m4a1,37.140625
m4a1,21.828125
m4a1,83.734375
ak-47,85.015625
ak-47,36.625
m4a1,37.0
m4a1,93.59375
ak-47,95.265625
ak-47,97.84375
m4a1,100.1875
ak-47,101.15625
ak-47,109.3125
awp,11.625
awp,41.171875
ak-47,43.046875
ak-47,67.984375
ak-47,68.875
m4a1,74.34375
ak-47,81.28125
ak-47,84.234375
awp,56.6875
ak-47,62.09375
ak-47,68.0625
ak-47,68.640625
awp,10.109375
awp,25.203125
ak-47,40.390625
ak-47,88.59375
m4a1,88.96875
mp9,27.015625
ak-47,28.203125
ak-47,30.328125
ak-47,31.703125
mp9,32.328125
ak-47,32.421875
ak-47,50.9375
mac-10,33.1875
mac-10,35.234375
mac-10,39.984375
ak-47,37.84375
ak-47,61.921875
ak-47,62.015625
ak-47,64.390625
ak-47,64.890625
m4a1,14.375
ak-47,84.78125
ak-47,86.453125
m4a1,105.875
ak-47,107.875
ak-47,28.8125
ak-47,82.46875
mp9,101.171875
ak-47,113.90625
awp,9.578125
ak-47,19.875
ak-47,39.359375
m4a1,40.875
mp9,56.96875
ak-47,58.0
awp,61.859375
m4a1,28.109375
m4a1,58.9375
m4a1,59.53125
ak-47,60.15625
ak-47,60.953125
awp,105.234375
m4a1,100.640625
awp,104.484375
m4a1,104.671875
m4a1,105.296875
m4a1,106.109375
ak-47,12.703125
ak-47,21.03125
awp,23.5625
ak-47,46.28125
ak-47,53.234375
m4a1,85.078125
awp,11.21875
ak-47,25.03125
awp,51.640625
ak-47,58.640625
m4a1,59.59375
ak-47,69.875
ak-47,106.765625
awp,17.203125
m4a1,23.625
m4a1,32.359375
ak-47,89.109375
ak-47,89.796875
ak-47,27.875
ak-47,38.40625
mac-10,40.28125
ak-47,42.265625
ak-47,43.640625
ak-47,66.875
mp9,35.1875
ak-47,46.390625
ak-47,60.15625
ak-47,62.015625
ak-47,22.890625
ak-47,114.125
ak-47,55.84375
ak-47,62.921875
ak-47,66.65625
mac-10,69.828125
ak-47,80.4375
ak-47,42.84375
ak-47,52.3125
ak-47,25.609375
ak-47,76.453125
ak-47,79.546875
ak-47,95.609375
ak-47,107.75
ak-47,24.6875
awp,25.625
ak-47,46.3125
ak-47,49.953125
ak-47,66.984375
m4a1,32.046875
ak-47,32.828125
ak-47,32.984375
ak-47,34.90625
ak-47,45.6875
awp,46.6875
ak-47,47.953125
ak-47,49.9375
m4a1,51.46875
m4a1,44.1875
m4a1,78.234375
ak-47,79.6875
ak-47,93.0625
awp,94.28125
awp,99.8125
awp,8.6875
awp,53.4375
m4a1,54.140625
ak-47,54.5
awp,59.3125
ak-47,12.75
ak-47,37.890625
ak-47,44.640625
ak-47,46.390625
ak-47,47.859375
ak-47,50.015625
m4a1,83.515625
m4a1,104.9375
m4a1,81.40625
mac-10,36.65625
mac-10,66.5
mac-10,71.671875
ak-47,16.34375
mac-10,54.515625
m4a1,65.625
m4a1,67.296875
ak-47,68.15625
m4a1,20.96875
ak-47,22.265625
ak-47,28.84375
awp,31.609375
ak-47,47.546875
ak-47,49.765625
ak-47,24.0
ak-47,24.5625
ak-47,32.609375
ak-47,50.015625
ak-47,93.046875
m4a1,32.515625
ak-47,61.390625
ak-47,61.390625
awp,72.03125
ak-47,89.1875
ak-47,103.546875
ak-47,57.71875
ak-47,73.359375
ak-47,78.046875
ak-47,90.734375
ak-47,107.421875
ak-47,21.328125
ak-47,22.109375
m4a1,25.296875
ak-47,30.96875
ak-47,32.640625
m4a1,49.703125
ak-47,53.15625
ak-47,13.625
ak-47,23.265625
ak-47,29.15625
ak-47,86.40625
ak-47,100.625
ak-47,103.21875
ak-47,104.296875
ak-47,37.484375
m4a1,103.5
ak-47,105.734375
awp,104.578125
m4a1,106.796875
ak-47,107.46875
awp,114.46875
awp,41.109375
m4a1,53.359375
awp,53.984375
awp,60.375
awp,62.421875
m4a1,13.625
m4a1,84.15625
ak-47,21.75
ak-47,27.4375
ak-47,29.171875
ak-47,30.03125
ak-47,32.84375
ak-47,18.90625
ak-47,42.46875
ak-47,62.75
ak-47,73.953125
ak-47,76.703125
m4a1,39.390625
awp,41.28125
m4a1,41.765625
m4a1,42.984375
m4a1,101.96875
awp,21.390625
ak-47,102.71875
awp,104.390625
m4a1,107.40625
awp,108.46875
ak-47,16.359375
ak-47,17.5625
awp,21.28125
m4a1,31.921875
ak-47,57.53125
ak-47,62.28125
ak-47,66.15625
ak-47,68.515625
m4a1,73.0
m4a1,87.078125
awp,93.78125
ak-47,84.859375
mac-10,94.765625
mac-10,113.875
ak-47,79.078125
ak-47,100.40625
ak-47,32.890625
m4a1,38.78125
awp,45.890625
m4a1,51.921875
m4a1,54.921875
ak-47,11.28125
ak-47,30.5
m4a1,97.375
ak-47,97.765625
awp,99.921875
awp,101.5625
ak-47,101.71875
m4a1,106.984375
m4a1,112.328125
ak-47,37.125
mac-10,39.765625
m4a1,53.484375
m4a1,61.4375
ak-47,71.21875
m4a1,92.84375
m4a1,98.71875
ak-47,99.453125
ak-47,112.203125
ak-47,79.546875
ak-47,81.59375
mac-10,87.140625
ak-47,91.8125
ak-47,92.84375
ak-47,95.46875
m4a1,75.453125
m4a1,81.796875
awp,82.203125
ak-47,82.8125
ak-47,87.828125
awp,60.6875
ak-47,62.625
ak-47,68.28125
awp,78.828125
m4a1,79.96875
ak-47,80.0
ak-47,81.84375
m4a1,97.03125
m4a1,14.78125
m4a1,16.625
ak-47,47.71875
ak-47,52.734375
ak-47,64.65625
m4a1,70.375
m4a1,85.484375
ak-47,85.5625
mac-10,74.65625
ak-47,80.359375
ak-47,87.4375
ak-47,88.0625
mac-10,90.296875
ak-47,32.4375
ak-47,21.296875
ak-47,21.546875
ak-47,86.125
ak-47,86.828125
ak-47,88.78125
ak-47,92.234375
m4a1,26.3125
ak-47,27.890625
ak-47,65.796875
ak-47,93.921875
ak-47,49.078125
ak-47,55.25
ak-47,59.328125
awp,75.46875
m4a1,31.09375
ak-47,12.625
ak-47,20.765625
m4a1,26.640625
m4a1,31.40625
m4a1,33.140625
ak-47,41.953125
ak-47,43.40625
ak-47,69.0625
m4a1,37.390625
ak-47,41.125
ak-47,75.9375
m4a1,88.203125
m4a1,90.4375
ak-47,92.8125
ak-47,55.921875
ak-47,79.671875
awp,82.125
ak-47,82.671875
m4a1,83.15625
m4a1,85.203125
ak-47,91.234375
m4a1,92.078125
ak-47,38.390625
ak-47,41.0
ak-47,53.8125
awp,57.609375
ak-47,67.46875
awp,86.171875
awp,18.0
awp,98.109375
awp,101.40625
ak-47,103.46875
ak-47,104.28125
ak-47,106.953125
ak-47,109.625
ak-47,43.640625
ak-47,62.09375
ak-47,62.5
awp,64.3125
m4a1,43.625
ak-47,44.734375
ak-47,48.5
m4a1,56.796875
ak-47,73.453125
ak-47,74.953125
m4a1,25.140625
ak-47,25.546875
ak-47,29.390625
ak-47,44.78125
ak-47,86.03125
ak-47,92.9375
ak-47,93.453125
awp,95.015625
ak-47,95.171875
ak-47,110.96875
ak-47,111.875
m4a1,26.890625
ak-47,26.890625
m4a1,37.796875
ak-47,39.109375
ak-47,48.796875
ak-47,83.125
awp,11.234375
ak-47,31.859375
m4a1,79.34375
ak-47,79.6875
ak-47,82.15625
ak-47,82.515625
ak-47,13.421875
m4a1,15.640625
m4a1,17.015625
m4a1,29.625
awp,32.453125
ak-47,45.453125
awp,68.34375
ak-47,16.796875
m4a1,50.296875
ak-47,64.75
m4a1,77.125
ak-47,77.4375
ak-47,78.28125
m4a1,55.96875
m4a1,59.75
m4a1,17.21875
m4a1,83.3125
m4a1,57.515625
mac-10,76.96875
mp9,98.328125
ak-47,24.09375
mac-10,31.359375
m4a1,33.75
ak-47,36.84375
awp,23.25
awp,43.4375
m4a1,44.734375
ak-47,61.515625
ak-47,64.484375
m4a1,79.75
ak-47,95.578125
ak-47,62.921875
ak-47,96.921875
m4a1,97.859375
ak-47,98.484375
m4a1,105.421875
m4a1,106.625
m4a1,106.890625
awp,29.609375
m4a1,31.5
awp,39.5625
ak-47,55.34375
ak-47,65.0
ak-47,56.734375
ak-47,71.53125
ak-47,72.328125
ak-47,76.453125
ak-47,78.921875
awp,43.109375
awp,53.890625
ak-47,74.46875
m4a1,91.859375
ak-47,92.421875
ak-47,93.171875
m4a1,94.703125
ak-47,40.546875
ak-47,41.84375
ak-47,44.359375
ak-47,45.5625
awp,49.9375
m4a1,18.296875
ak-47,22.71875
ak-47,32.328125
ak-47,34.5
ak-47,84.296875
ak-47,14.796875
m4a1,15.09375
ak-47,19.78125
m4a1,28.9375
m4a1,42.96875
m4a1,67.890625
m4a1,100.34375
mac-10,88.453125
ak-47,93.25
mac-10,31.765625
mac-10,37.546875
ak-47,45.203125
ak-47,55.28125
ak-47,16.59375
m4a1,50.359375
ak-47,50.421875
ak-47,53.9375
awp,70.125
m4a1,107.625
awp,24.546875
m4a1,62.609375
m4a1,70.3125
m4a1,12.234375
ak-47,14.421875
ak-47,14.921875
ak-47,26.453125
m4a1,42.5625
m4a1,44.796875
awp,76.984375
m4a1,77.40625
awp,98.53125
awp,65.765625
m4a1,77.859375
m4a1,78.359375
m4a1,84.203125
m4a1,85.140625
m4a1,93.21875
awp,9.953125
ak-47,45.296875
ak-47,64.515625
ak-47,75.609375
m4a1,76.078125
awp,27.796875
ak-47,40.203125
ak-47,42.09375
ak-47,45.90625
ak-47,12.609375
ak-47,15.015625
ak-47,83.15625
ak-47,85.078125
ak-47,86.53125
m4a1,86.890625
m4a1,87.59375
m4a1,95.6875
ak-47,96.453125
awp,98.4375
m4a1,96.5625
ak-47,97.796875
ak-47,99.65625
ak-47,100.25
ak-47,102.828125
ak-47,110.3125
ak-47,12.390625
awp,19.203125
ak-47,24.0
ak-47,30.203125
ak-47,62.703125
ak-47,66.140625
mp9,63.3125
m4a1,14.3125
mp9,35.953125
mp9,37.21875
ak-47,38.875
m4a1,41.46875
ak-47,61.359375
ak-47,61.96875
ak-47,66.796875
m4a1,67.96875
ak-47,14.0625
ak-47,15.640625
awp,35.546875
m4a1,43.453125
ak-47,44.5625
ak-47,97.21875
ak-47,97.890625
awp,13.640625
m4a1,22.953125
m4a1,34.03125
m4a1,34.625
ak-47,75.84375
m4a1,99.078125
m4a1,103.40625
awp,19.28125
ak-47,42.625
ak-47,47.046875
ak-47,48.15625
m4a1,59.109375
awp,72.15625
awp,79.875
ak-47,81.40625
ak-47,87.53125
mp9,19.015625
mp9,24.453125
mac-10,25.078125
mac-10,30.484375
mac-10,35.296875
ak-47,13.0
ak-47,14.21875
ak-47,18.21875
ak-47,22.578125
m4a1,53.75
m4a1,13.6875
m4a1,14.65625
mp9,14.9375
ak-47,63.375
ak-47,65.640625
m4a1,66.484375
m4a1,68.046875
ak-47,69.53125
ak-47,93.75
awp,10.828125
ak-47,76.21875
ak-47,77.359375
ak-47,35.421875
awp,42.109375
m4a1,43.96875
ak-47,51.828125
ak-47,73.515625
m4a1,75.25
m4a1,86.4375
m4a1,90.890625
ak-47,11.734375
ak-47,26.59375
ak-47,68.6875
awp,69.4375
awp,72.515625
ak-47,72.671875
m4a1,29.28125
ak-47,32.28125
m4a1,33.640625
ak-47,34.609375
ak-47,60.53125
ak-47,22.859375
awp,29.90625
ak-47,40.84375
awp,42.78125
m4a1,43.6875
ak-47,47.546875
awp,54.578125
ak-47,84.796875
ak-47,21.703125
mac-10,23.15625
ak-47,30.3125
m4a1,52.296875
m4a1,54.65625
m4a1,55.265625
mp9,57.328125
m4a1,50.90625
m4a1,55.734375
m4a1,57.140625
m4a1,97.0625
m4a1,100.0625
mp9,21.734375
m4a1,23.15625
m4a1,39.578125
ak-47,77.3125
ak-47,78.8125
m4a1,81.515625
m4a1,87.40625
ak-47,25.734375
ak-47,27.53125
m4a1,31.671875
awp,34.109375
ak-47,48.359375
m4a1,56.671875
ak-47,60.75
awp,61.390625
ak-47,75.171875
ak-47,81.0625
awp,92.046875
ak-47,15.96875
m4a1,16.25
ak-47,16.375
m4a1,21.953125
ak-47,73.203125
ak-47,76.59375
ak-47,81.5
awp,108.765625
awp,91.21875
ak-47,92.796875
ak-47,93.078125
m4a1,94.90625
m4a1,96.703125
m4a1,100.125
m4a1,100.34375
awp,20.59375
ak-47,25.109375
m4a1,34.265625
ak-47,34.46875
m4a1,36.265625
ak-47,24.6875
ak-47,24.9375
ak-47,28.1875
ak-47,29.59375
ak-47,31.46875
ak-47,57.890625
awp,15.109375
m4a1,19.0625
ak-47,32.34375
ak-47,32.75
ak-47,33.5625
m4a1,54.328125
m4a1,65.140625
mac-10,25.078125
ak-47,29.40625
ak-47,35.46875
ak-47,39.046875
ak-47,57.859375
m4a1,32.703125
ak-47,33.4375
awp,35.5625
ak-47,40.9375
awp,75.609375
m4a1,76.46875
ak-47,86.78125
ak-47,94.5
ak-47,97.15625
ak-47,11.28125
m4a1,19.78125
ak-47,39.84375
ak-47,40.75
ak-47,42.953125
ak-47,45.25
ak-47,77.734375
m4a1,78.421875
m4a1,100.140625
awp,105.765625
awp,108.0
awp,23.765625
m4a1,29.1875
m4a1,37.71875
awp,40.578125
awp,46.03125
awp,14.1875
awp,58.1875
ak-47,60.84375
ak-47,62.140625
m4a1,63.03125
awp,78.625
m4a1,100.5
ak-47,50.296875
ak-47,50.578125
awp,53.640625
awp,55.28125
ak-47,56.8125
ak-47,63.359375
awp,106.375
m4a1,17.15625
m4a1,19.484375
mp9,23.0
mp9,25.03125
mp9,33.34375
awp,36.25
m4a1,39.765625
ak-47,52.0625
ak-47,57.46875
m4a1,64.65625
ak-47,65.296875
ak-47,80.65625
awp,91.140625
m4a1,8.53125
m4a1,9.328125
ak-47,23.8125
m4a1,27.3125
m4a1,35.671875
ak-47,61.828125
ak-47,66.28125
awp,79.890625
m4a1,61.109375
awp,63.5625
m4a1,63.71875
ak-47,69.0625
m4a1,74.4375
ak-47,32.234375
ak-47,32.4375
m4a1,33.4375
ak-47,35.078125
ak-47,57.8125
ak-47,63.046875
ak-47,13.859375
m4a1,52.484375
m4a1,56.28125
m4a1,59.171875
ak-47,63.375
ak-47,65.84375
m4a1,64.390625
ak-47,68.84375
ak-47,70.015625
ak-47,75.34375
awp,75.40625
m4a1,82.328125
awp,83.421875
ak-47,88.609375
ak-47,113.203125
ak-47,114.234375
ak-47,21.09375
ak-47,21.890625
ak-47,51.90625
ak-47,54.640625
m4a1,61.171875
awp,25.265625
m4a1,38.421875
m4a1,40.921875
m4a1,44.40625
ak-47,47.328125
ak-47,51.046875
ak-47,47.296875
ak-47,52.28125
m4a1,59.734375
m4a1,61.109375
m4a1,65.015625
ak-47,109.4375
m4a1,84.984375
m4a1,98.84375
m4a1,40.40625
m4a1,21.15625
ak-47,57.0625
ak-47,62.796875
awp,53.421875
m4a1,55.15625
m4a1,57.3125
ak-47,93.890625
ak-47,36.328125
m4a1,43.5625
ak-47,61.828125
awp,21.09375
ak-47,26.828125
awp,29.59375
ak-47,31.40625
ak-47,60.8125
ak-47,70.53125
awp,27.125
ak-47,27.453125
ak-47,42.265625
ak-47,45.140625
ak-47,46.640625
ak-47,47.078125
ak-47,48.203125
ak-47,50.65625
awp,23.96875
ak-47,41.53125
m4a1,69.171875
awp,76.53125
awp,83.4375
m4a1,87.484375
m4a1,88.609375
ak-47,91.53125
ak-47,59.8125
ak-47,68.65625
m4a1,69.609375
ak-47,95.5
awp,97.453125
m4a1,109.390625
m4a1,60.9375
awp,69.625
m4a1,85.625
m4a1,98.671875
m4a1,100.765625
ak-47,101.9375
ak-47,90.359375
ak-47,94.546875
ak-47,38.90625
ak-47,48.6875
ak-47,78.0
ak-47,80.078125
m4a1,15.9375
awp,24.734375
ak-47,31.078125
ak-47,36.359375
m4a1,43.09375
awp,47.0625
m4a1,59.015625
m4a1,15.96875
ak-47,17.296875
awp,18.09375
m4a1,54.25
ak-47,58.53125
m4a1,60.359375
awp,60.921875
m4a1,74.09375
ak-47,60.578125
ak-47,66.1875
m4a1,83.796875
ak-47,85.109375
m4a1,87.671875
m4a1,93.328125
ak-47,60.25
ak-47,63.359375
ak-47,83.859375
ak-47,90.59375
m4a1,13.65625
ak-47,14.890625
awp,63.203125
ak-47,64.859375
ak-47,79.015625
ak-47,80.546875
ak-47,93.640625
mp9,74.3125
m4a1,75.109375
m4a1,77.578125
mp9,78.921875
m4a1,80.5625
awp,65.84375
ak-47,85.671875
ak-47,90.734375
m4a1,94.234375
awp,57.0625
ak-47,58.140625
ak-47,73.4375
ak-47,75.015625
ak-47,13.15625
ak-47,17.09375
ak-47,90.28125
ak-47,102.84375
ak-47,106.34375
ak-47,43.4375
awp,43.796875
m4a1,59.734375
awp,64.453125
m4a1,66.0
mac-10,66.359375
m4a1,71.5
m4a1,50.703125
m4a1,51.296875
m4a1,54.640625
mp9,66.015625
ak-47,67.1875
ak-47,22.59375
ak-47,23.171875
ak-47,35.34375
ak-47,73.859375
awp,34.65625
ak-47,36.234375
ak-47,41.78125
awp,93.59375
ak-47,105.9375
awp,18.765625
ak-47,35.421875
ak-47,80.578125
ak-47,81.34375
m4a1,102.734375
awp,111.921875
ak-47,112.234375
ak-47,15.078125
ak-47,24.5625
m4a1,25.6875
m4a1,43.84375
m4a1,43.9375
awp,50.78125
awp,59.109375
awp,54.359375
ak-47,57.734375
ak-47,58.546875
mac-10,66.578125
ak-47,17.65625
m4a1,23.984375
m4a1,28.75
m4a1,34.4375
awp,47.90625
ak-47,63.1875
m4a1,66.640625
m4a1,22.296875
m4a1,23.734375
awp,26.234375
ak-47,31.21875
ak-47,39.59375
ak-47,71.15625
awp,65.625
ak-47,67.84375
m4a1,102.765625
m4a1,103.609375
ak-47,103.90625
ak-47,51.484375
ak-47,114.484375
m4a1,68.796875
m4a1,75.140625
m4a1,76.21875
m4a1,83.46875
m4a1,84.046875
ak-47,70.109375
ak-47,71.15625
ak-47,84.53125
ak-47,65.453125
ak-47,17.875
m4a1,38.390625
ak-47,64.5625
m4a1,68.390625
m4a1,93.875
ak-47,96.671875
m4a1,101.3125
ak-47,109.734375
m4a1,47.875
m4a1,48.28125
mp9,50.703125
mp9,69.484375
m4a1,75.78125
m4a1,24.53125
m4a1,25.046875
m4a1,26.71875
m4a1,39.578125
m4a1,44.84375
m4a1,19.59375
m4a1,22.453125
m4a1,37.96875
m4a1,42.03125
m4a1,43.6875
m4a1,17.65625
awp,73.40625
m4a1,80.703125
ak-47,82.28125
m4a1,85.484375
ak-47,86.515625
awp,14.71875
awp,24.765625
m4a1,26.390625
awp,27.359375
ak-47,37.828125
ak-47,38.9375
ak-47,51.640625
ak-47,56.734375
ak-47,62.0625
ak-47,63.28125
ak-47,81.71875
ak-47,78.953125
ak-47,81.265625
m4a1,104.53125
m4a1,110.03125
ak-47,12.65625
m4a1,15.421875
ak-47,15.734375
m4a1,15.859375
ak-47,41.0
awp,55.25
awp,72.046875
m4a1,76.578125
m4a1,76.765625
m4a1,77.765625
m4a1,94.734375
awp,58.484375
awp,63.15625
ak-47,67.125
ak-47,68.03125
m4a1,37.8125
m4a1,40.359375
ak-47,44.59375
ak-47,46.21875
ak-47,46.71875
ak-47,56.03125
m4a1,62.484375
ak-47,79.125
ak-47,95.75
mp9,15.421875
m4a1,20.8125
mac-10,44.5625
m4a1,63.109375
ak-47,57.890625
mp9,83.21875
ak-47,88.609375
ak-47,93.234375
mp9,93.34375
ak-47,15.28125
awp,19.9375
m4a1,21.75
m4a1,35.328125
ak-47,92.859375
awp,109.78125
mac-10,114.109375
m4a1,38.53125
m4a1,66.609375
m4a1,86.75
ak-47,73.265625
ak-47,78.890625
m4a1,81.078125
m4a1,84.140625
ak-47,84.375
ak-47,67.046875
ak-47,77.625
ak-47,90.25
ak-47,103.125
ak-47,104.265625
ak-47,20.421875
m4a1,26.203125
m4a1,30.640625
m4a1,33.8125
m4a1,34.8125
awp,35.6875
awp,80.0625
ak-47,96.421875
m4a1,19.953125
ak-47,20.5625
awp,21.21875
ak-47,47.421875
ak-47,53.109375
ak-47,66.453125
awp,69.703125
m4a1,36.078125
m4a1,42.578125
ak-47,44.703125
mp9,77.203125
ak-47,97.265625
ak-47,20.71875
ak-47,21.03125
ak-47,21.25
ak-47,22.0
ak-47,26.78125
m4a1,14.375
m4a1,19.6875
m4a1,20.296875
m4a1,23.609375
ak-47,39.578125
m4a1,21.34375
ak-47,22.015625
mp9,58.734375
ak-47,58.796875
m4a1,66.203125
ak-47,45.53125
m4a1,53.890625
m4a1,13.609375
awp,26.6875
m4a1,38.296875
awp,53.96875
ak-47,77.921875
m4a1,20.15625
m4a1,21.609375
ak-47,22.109375
ak-47,30.671875
m4a1,33.96875
awp,34.5625
ak-47,13.921875
ak-47,32.8125
ak-47,37.828125
ak-47,37.828125
m4a1,53.828125
ak-47,60.640625
ak-47,67.890625
m4a1,26.75
m4a1,28.953125
m4a1,29.765625
awp,30.1875
awp,32.0625
m4a1,10.3125
awp,22.484375
ak-47,26.703125
m4a1,35.03125
ak-47,35.28125
m4a1,36.234375
ak-47,43.9375
ak-47,72.375
mac-10,114.671875
mp9,38.609375
ak-47,41.328125
mp9,54.53125
ak-47,57.859375
m4a1,58.53125
ak-47,58.765625
ak-47,70.796875
mp9,72.265625
m4a1,43.421875
m4a1,60.90625
m4a1,62.015625
mp9,64.21875
mp9,66.8125
m4a1,27.578125
awp,66.328125
m4a1,72.171875
m4a1,73.484375
m4a1,80.3125
awp,4.53125
m4a1,73.6875
m4a1,74.53125
m4a1,75.953125
ak-47,76.296875
m4a1,78.421875
ak-47,39.140625
ak-47,42.21875
ak-47,45.765625
awp,49.34375
m4a1,55.609375
ak-47,32.515625
ak-47,34.03125
ak-47,48.0
ak-47,48.421875
ak-47,49.03125
awp,59.203125
ak-47,60.96875
m4a1,77.125
m4a1,105.5625
m4a1,11.890625
m4a1,13.09375
ak-47,17.15625
m4a1,18.078125
ak-47,80.578125
awp,8.140625
ak-47,15.375
m4a1,22.28125
ak-47,22.484375
ak-47,34.546875
ak-47,48.671875
awp,19.53125
mp9,74.390625
ak-47,81.28125
ak-47,82.8125
ak-47,83.109375
ak-47,83.96875
m4a1,84.3125
ak-47,19.0
ak-47,30.265625
ak-47,31.671875
ak-47,36.296875
ak-47,39.1875
ak-47,73.046875
ak-47,77.015625
ak-47,35.1875
m4a1,51.09375
ak-47,53.6875
mp9,54.34375
awp,62.25
ak-47,89.6875
ak-47,90.625
ak-47,94.234375
m4a1,32.078125
m4a1,34.453125
m4a1,43.234375
m4a1,57.703125
ak-47,77.203125
m4a1,87.578125
m4a1,88.734375
m4a1,89.71875
ak-47,90.28125
ak-47,21.046875
ak-47,22.046875
awp,22.9375
ak-47,24.921875
ak-47,25.8125
m4a1,25.59375
ak-47,28.484375
awp,32.953125
awp,53.953125
awp,62.421875
awp,65.875
awp,8.1875
ak-47,57.359375
ak-47,60.40625
m4a1,65.234375
m4a1,67.234375
awp,68.40625
mp9,19.375
m4a1,36.5
ak-47,37.46875
ak-47,38.703125
m4a1,44.03125
m4a1,72.25
ak-47,72.3125
ak-47,76.0625
m4a1,55.328125
m4a1,58.34375
ak-47,58.546875
ak-47,59.296875
ak-47,77.4375
ak-47,88.640625
ak-47,18.75
awp,38.1875
m4a1,69.4375
ak-47,75.125
awp,82.96875
ak-47,89.953125
awp,96.78125
ak-47,103.40625
mp9,28.515625
m4a1,28.921875
ak-47,33.1875
m4a1,36.546875
mp9,92.546875
mac-10,69.40625
m4a1,74.578125
ak-47,77.4375
mac-10,114.671875
mac-10,38.1875
ak-47,42.484375
ak-47,42.6875
mac-10,95.5
ak-47,100.34375
ak-47,21.765625
ak-47,75.65625
ak-47,78.40625
ak-47,80.78125
awp,80.90625
m4a1,83.390625
m4a1,91.234375
ak-47,92.15625
ak-47,104.640625
ak-47,27.0625
ak-47,33.34375
ak-47,43.4375
ak-47,75.515625
ak-47,95.921875
m4a1,33.34375
m4a1,47.84375
awp,70.09375
m4a1,71.8125
awp,71.9375
awp,81.46875
m4a1,83.359375
m4a1,84.578125
ak-47,12.890625
ak-47,36.046875
ak-47,41.59375
ak-47,51.828125
ak-47,54.921875
m4a1,57.203125
m4a1,76.890625
awp,15.5
awp,41.203125
m4a1,41.59375
m4a1,42.390625
m4a1,43.78125
awp,19.203125
awp,29.796875
m4a1,36.703125
ak-47,72.984375
m4a1,90.984375
m4a1,91.078125
m4a1,92.3125
awp,93.109375
m4a1,97.578125
m4a1,29.625
m4a1,44.8125
m4a1,46.765625
m4a1,58.765625
ak-47,20.640625
m4a1,27.59375
ak-47,34.203125
ak-47,34.90625
ak-47,42.609375
m4a1,44.375
awp,60.28125
m4a1,19.34375
m4a1,24.65625
m4a1,62.796875
ak-47,15.546875
ak-47,42.625
ak-47,56.03125
mp9,22.53125
m4a1,34.875
ak-47,94.46875
ak-47,101.453125
ak-47,104.34375
ak-47,111.03125
ak-47,46.921875
awp,54.3125
ak-47,56.25
ak-47,57.921875
m4a1,80.5625
m4a1,82.015625
m4a1,20.703125
m4a1,25.21875
m4a1,27.078125
m4a1,34.65625
m4a1,44.390625
ak-47,30.65625
m4a1,32.765625
ak-47,33.09375
ak-47,39.609375
ak-47,43.765625
ak-47,81.09375
ak-47,25.53125
awp,31.734375
m4a1,59.75
awp,72.171875
ak-47,76.546875
ak-47,87.234375
m4a1,91.71875
ak-47,93.328125
m4a1,100.46875
m4a1,103.609375
ak-47,106.046875
m4a1,110.875
mac-10,40.5
ak-47,44.078125
mp9,58.078125
mp9,63.625
ak-47,74.1875
mac-10,60.890625
ak-47,77.125
ak-47,79.875
m4a1,39.3125
m4a1,45.3125
m4a1,46.21875
ak-47,49.71875
ak-47,51.546875
ak-47,52.890625
ak-47,13.328125
ak-47,15.25
m4a1,17.578125
ak-47,20.109375
ak-47,26.1875
ak-47,37.046875
ak-47,13.8125
ak-47,70.0625
m4a1,73.46875
m4a1,99.0
m4a1,101.65625
ak-47,16.046875
ak-47,18.265625
ak-47,23.203125
ak-47,31.375
ak-47,55.640625
ak-47,76.71875
ak-47,82.109375
ak-47,85.6875
ak-47,23.984375
m4a1,40.65625
awp,50.859375
awp,54.234375
ak-47,87.890625
m4a1,97.453125
ak-47,99.390625
awp,100.4375
mp9,40.421875
m4a1,45.125
ak-47,49.609375
m4a1,51.515625
mp9,52.25
ak-47,53.046875
awp,55.765625
m4a1,12.296875
ak-47,31.390625
m4a1,74.46875
m4a1,77.140625
ak-47,81.484375
m4a1,84.34375
ak-47,86.3125
m4a1,38.359375
m4a1,46.96875
m4a1,50.234375
ak-47,50.734375
ak-47,55.9375
ak-47,21.515625
ak-47,22.65625
ak-47,41.65625
ak-47,43.765625
ak-47,66.984375
ak-47,70.0625
ak-47,80.34375
ak-47,84.484375
ak-47,92.921875
m4a1,18.890625
mp9,20.609375
mp9,27.765625
mp9,33.78125
mp9,34.1875
mp9,67.71875
ak-47,68.765625
ak-47,84.703125
m4a1,102.8125
mp9,109.359375
ak-47,110.734375
mp9,114.71875
ak-47,22.203125
ak-47,28.234375
ak-47,30.5625
m4a1,34.609375
ak-47,35.140625
m4a1,36.046875
m4a1,42.59375
m4a1,48.34375
m4a1,24.40625
m4a1,36.890625
ak-47,57.40625
ak-47,60.28125
ak-47,65.65625
m4a1,11.046875
ak-47,16.0625
awp,16.1875
ak-47,18.671875
ak-47,27.53125
ak-47,30.078125
mp9,27.953125
mp9,36.40625
mp9,37.390625
m4a1,45.078125
mp9,45.8125
m4a1,13.78125
m4a1,32.34375
ak-47,19.71875
m4a1,22.703125
ak-47,72.90625
ak-47,82.578125
m4a1,90.390625
ak-47,100.796875
m4a1,31.65625
ak-47,36.140625
ak-47,56.0
ak-47,65.5
ak-47,96.90625
m4a1,97.8125
ak-47,98.421875
ak-47,16.875
ak-47,17.0625
ak-47,18.5625
ak-47,48.8125
ak-47,62.5
ak-47,76.453125
m4a1,14.21875
m4a1,29.859375
ak-47,38.0625
ak-47,38.171875
ak-47,40.8125
m4a1,60.109375
m4a1,66.4375
ak-47,25.609375
ak-47,31.796875
ak-47,37.546875
awp,46.203125
ak-47,53.484375
ak-47,22.90625
ak-47,32.8125
ak-47,38.90625
ak-47,55.046875
awp,65.984375
awp,67.765625
ak-47,90.453125
awp,106.453125
ak-47,21.46875
ak-47,21.578125
m4a1,23.484375
ak-47,35.03125
ak-47,38.59375
m4a1,41.828125
ak-47,59.3125
ak-47,62.515625
ak-47,13.421875
ak-47,29.203125
ak-47,39.296875
mp9,39.546875
ak-47,40.5625
ak-47,58.015625
mp9,23.625
ak-47,28.515625
ak-47,31.1875
m4a1,31.59375
m4a1,42.890625
m4a1,44.703125
ak-47,56.171875
m4a1,62.9375
ak-47,18.53125
ak-47,67.265625
ak-47,67.953125
m4a1,33.4375
ak-47,44.265625
ak-47,88.1875
ak-47,16.3125
ak-47,18.6875
ak-47,20.96875
ak-47,50.6875
ak-47,20.078125
m4a1,20.171875
ak-47,22.28125
ak-47,24.296875
ak-47,42.375
m4a1,41.515625
m4a1,48.59375
ak-47,56.265625
ak-47,58.546875
m4a1,59.421875
ak-47,71.34375
ak-47,72.375
ak-47,87.453125
m4a1,37.875
ak-47,38.0
ak-47,88.28125
m4a1,107.609375
ak-47,34.78125
ak-47,68.890625
ak-47,77.546875
ak-47,34.8125
ak-47,22.9375
ak-47,30.25
ak-47,32.671875
ak-47,45.25
awp,55.234375
awp,57.25
awp,93.921875
awp,19.484375
ak-47,22.78125
ak-47,57.34375
ak-47,69.296875
awp,80.5625
ak-47,21.28125
ak-47,23.609375
ak-47,24.984375
m4a1,11.15625
ak-47,74.65625
awp,82.359375
m4a1,82.875
ak-47,84.28125
ak-47,102.453125
m4a1,112.109375
ak-47,62.796875
ak-47,67.53125
mp9,93.734375
awp,94.078125
awp,104.546875
ak-47,106.40625
m4a1,13.140625
ak-47,15.84375
awp,24.65625
ak-47,32.3125
awp,13.75
ak-47,33.515625
ak-47,48.625
m4a1,71.875
ak-47,72.0
m4a1,76.234375
m4a1,79.71875
ak-47,13.625
ak-47,13.921875
ak-47,15.6875
ak-47,21.953125
ak-47,24.109375
m4a1,44.109375
ak-47,38.390625
m4a1,38.671875
m4a1,39.875
m4a1,46.671875
awp,47.5625
ak-47,69.203125
awp,88.0625
awp,95.484375
ak-47,17.203125
awp,39.90625
m4a1,52.28125
ak-47,60.734375
mp9,62.671875
awp,76.140625
mp9,19.484375
m4a1,13.796875
m4a1,56.453125
m4a1,57.984375
m4a1,75.375
awp,65.09375
ak-47,66.359375
m4a1,67.265625
awp,67.265625
m4a1,67.96875
ak-47,11.484375
ak-47,37.390625
ak-47,79.59375
m4a1,97.703125
awp,99.390625
awp,101.15625
m4a1,16.671875
ak-47,70.5
m4a1,91.375
ak-47,92.609375
ak-47,104.140625
ak-47,25.546875
ak-47,27.609375
ak-47,57.859375
m4a1,58.34375
ak-47,59.53125
ak-47,60.03125
ak-47,102.515625
awp,61.984375
ak-47,62.84375
ak-47,100.125
ak-47,109.78125
m4a1,17.859375
m4a1,25.109375
m4a1,35.96875
mp9,53.859375
m4a1,22.8125
m4a1,69.46875
awp,18.546875
m4a1,30.984375
ak-47,67.375
ak-47,68.546875
awp,69.828125
ak-47,16.046875
awp,16.78125
awp,20.96875
ak-47,25.390625
awp,43.4375
ak-47,62.703125
awp,69.109375
m4a1,57.90625
ak-47,59.5625
ak-47,62.4375
ak-47,70.9375
ak-47,82.125
ak-47,85.625
awp,97.03125
ak-47,110.46875
m4a1,22.5625
m4a1,25.328125
m4a1,101.6875
m4a1,93.65625
ak-47,94.3125
m4a1,96.171875
ak-47,99.0625
ak-47,101.953125
ak-47,106.359375
mp9,101.171875
ak-47,82.25
ak-47,83.5625
m4a1,35.296875
m4a1,35.65625
ak-47,40.015625
m4a1,40.359375
m4a1,41.296875
ak-47,30.9375
awp,33.6875
ak-47,35.828125
ak-47,37.5
ak-47,45.265625
ak-47,53.9375
awp,77.234375
ak-47,97.953125
ak-47,101.671875
ak-47,103.609375
ak-47,103.6875
m4a1,104.78125
ak-47,75.015625
awp,78.125
m4a1,81.328125
ak-47,81.671875
ak-47,83.265625
awp,89.65625
ak-47,90.21875
ak-47,92.921875
ak-47,94.34375
ak-47,14.96875
m4a1,25.9375
ak-47,26.40625
mp9,62.6875
mp9,101.125
m4a1,16.84375
mp9,70.25
m4a1,45.59375
awp,78.96875
ak-47,26.75
m4a1,37.71875
ak-47,78.015625
ak-47,79.46875
awp,92.453125
awp,110.3125
awp,54.546875
m4a1,59.59375
ak-47,99.40625
ak-47,17.671875
awp,23.046875
m4a1,44.53125
ak-47,63.46875
awp,64.921875
m4a1,68.625
m4a1,71.234375
m4a1,31.453125
ak-47,31.65625
m4a1,36.125
m4a1,21.609375
ak-47,24.296875
m4a1,49.78125
awp,72.859375
awp,98.90625
m4a1,100.546875
ak-47,101.015625
awp,102.734375
m4a1,24.15625
m4a1,26.484375
ak-47,31.453125
ak-47,33.15625
ak-47,33.46875
ak-47,34.5625
ak-47,42.8125
ak-47,44.15625
ak-47,44.296875
awp,109.203125
awp,111.328125
ak-47,57.75
mp9,59.484375
ak-47,60.015625
ak-47,62.34375
mac-10,68.640625
ak-47,95.921875
mp9,96.96875
ak-47,102.1875
ak-47,109.546875
m4a1,16.296875
ak-47,16.9375
mp9,33.0625
ak-47,33.203125
m4a1,36.984375
m4a1,50.953125
ak-47,52.484375
m4a1,53.09375
m4a1,14.09375
m4a1,16.5625
mp9,18.953125
m4a1,28.78125
ak-47,86.59375
m4a1,103.234375
ak-47,43.25
ak-47,43.5
m4a1,80.65625
ak-47,84.21875
ak-47,86.78125
ak-47,87.6875
ak-47,87.96875
ak-47,104.703125
ak-47,108.03125
mac-10,62.46875
ak-47,11.015625
mac-10,18.21875
mac-10,22.15625
mac-10,22.296875
ak-47,42.078125
mac-10,50.34375
m4a1,50.609375
awp,33.78125
awp,35.859375
m4a1,43.359375
m4a1,51.171875
awp,8.140625
m4a1,17.59375
m4a1,75.03125
awp,10.09375
ak-47,19.5625
ak-47,20.28125
awp,21.1875
awp,34.8125
awp,79.734375
ak-47,47.796875
ak-47,85.109375
ak-47,56.40625
ak-47,84.09375
awp,84.34375
m4a1,97.34375
m4a1,98.15625
m4a1,100.078125
m4a1,108.78125
ak-47,23.78125
awp,29.53125
awp,88.03125
ak-47,107.53125
awp,84.875
mp9,35.265625
mp9,36.03125
m4a1,52.828125
ak-47,55.96875
m4a1,79.640625
ak-47,84.109375
m4a1,89.234375
m4a1,43.109375
mp9,45.109375
m4a1,48.75
mp9,64.203125
mp9,67.359375
ak-47,27.328125
m4a1,38.1875
ak-47,43.78125
ak-47,44.15625
m4a1,47.0625
m4a1,48.859375
ak-47,49.296875
m4a1,49.609375
m4a1,50.671875
ak-47,51.546875
m4a1,54.5625
ak-47,55.671875
ak-47,56.9375
ak-47,94.921875
ak-47,38.578125
awp,43.75
ak-47,49.953125
ak-47,59.171875
m4a1,48.21875
awp,50.734375
m4a1,64.4375
m4a1,70.90625
ak-47,74.140625
ak-47,74.15625
awp,57.8125
ak-47,79.609375
ak-47,80.0625
awp,88.921875
awp,98.46875
m4a1,102.46875
ak-47,76.953125
ak-47,81.203125
mac-10,83.328125
ak-47,45.046875
awp,45.84375
awp,51.5
m4a1,86.859375
m4a1,88.671875
mp9,23.234375
mp9,24.671875
mp9,25.890625
m4a1,22.515625
m4a1,23.015625
awp,84.53125
awp,86.46875
ak-47,101.96875
ak-47,110.46875
mp9,111.609375
awp,4.96875
awp,91.8125
m4a1,92.640625
ak-47,101.90625
awp,107.640625
ak-47,112.625
m4a1,57.59375
ak-47,67.78125
ak-47,55.546875
ak-47,57.671875
awp,24.65625
ak-47,39.40625
m4a1,47.34375
m4a1,47.65625
m4a1,53.703125
ak-47,66.34375
m4a1,67.140625
m4a1,67.4375
ak-47,90.796875
ak-47,98.875
ak-47,12.625
ak-47,31.1875
ak-47,41.6875
ak-47,66.25
ak-47,71.203125
m4a1,81.65625
ak-47,109.25
ak-47,110.125
ak-47,85.421875
ak-47,92.484375
ak-47,95.09375
ak-47,103.34375
awp,19.71875
ak-47,86.203125
ak-47,92.203125
awp,95.609375
mac-10,62.765625
ak-47,63.96875
mac-10,66.59375
ak-47,70.796875
m4a1,68.484375
mac-10,96.890625
m4a1,101.5
awp,109.515625
m4a1,12.6875
awp,62.875
ak-47,80.328125
awp,83.28125
ak-47,86.1875
ak-47,22.984375
m4a1,26.046875
awp,38.65625
awp,44.453125
awp,22.046875
awp,55.125
ak-47,74.359375
ak-47,81.5
awp,82.3125
m4a1,28.296875
m4a1,29.484375
ak-47,36.9375
ak-47,37.921875
ak-47,43.296875
m4a1,26.859375
m4a1,27.859375
m4a1,28.75
ak-47,29.015625
awp,40.15625
ak-47,42.5625
ak-47,42.859375
ak-47,99.53125
ak-47,101.65625
ak-47,106.390625
awp,74.65625
m4a1,76.34375
m4a1,82.671875
ak-47,88.0
ak-47,80.28125
ak-47,81.171875
awp,83.40625
ak-47,88.09375
ak-47,113.046875
m4a1,113.84375
awp,40.34375
m4a1,79.78125
m4a1,80.5625
m4a1,84.921875
m4a1,89.875
ak-47,23.515625
ak-47,27.21875
mac-10,28.625
ak-47,31.65625
ak-47,32.96875
mac-10,94.671875
ak-47,95.0
m4a1,94.46875
ak-47,94.59375
ak-47,97.5
ak-47,101.546875
m4a1,101.828125
m4a1,16.875
m4a1,18.171875
ak-47,21.25
ak-47,25.015625
ak-47,52.765625
ak-47,54.359375
ak-47,63.53125
ak-47,63.90625
ak-47,66.234375
ak-47,75.796875
ak-47,76.640625
ak-47,104.6875
ak-47,112.640625
ak-47,14.109375
ak-47,106.9375
m4a1,107.640625
ak-47,18.4375
ak-47,58.140625
ak-47,72.78125
awp,74.171875
m4a1,31.8125
m4a1,33.171875
m4a1,36.421875
ak-47,36.5
m4a1,40.84375
ak-47,101.265625
ak-47,101.796875
awp,15.25
awp,44.484375
ak-47,56.3125
ak-47,78.984375
m4a1,81.40625
m4a1,82.9375
ak-47,85.828125
ak-47,87.75
ak-47,26.4375
m4a1,56.671875
ak-47,57.515625
ak-47,59.578125
m4a1,64.5625
ak-47,82.96875
ak-47,108.359375
m4a1,38.84375
m4a1,103.796875
mac-10,105.296875
m4a1,68.71875
ak-47,91.40625
m4a1,93.609375
m4a1,103.828125
ak-47,104.328125
m4a1,108.265625
m4a1,74.5625
ak-47,75.5
m4a1,18.484375
m4a1,29.0625
ak-47,39.328125
ak-47,52.0
m4a1,94.9375
m4a1,31.890625
awp,53.484375
ak-47,94.25
ak-47,94.546875
awp,95.484375
awp,98.21875
m4a1,78.0
m4a1,79.40625
ak-47,80.03125
m4a1,87.203125
awp,89.734375
ak-47,93.59375
mp9,77.8125
mp9,78.234375
mp9,79.359375
m4a1,23.125
mp9,50.828125
ak-47,51.203125
ak-47,51.96875
ak-47,94.96875
m4a1,96.9375
ak-47,29.015625
awp,30.515625
m4a1,76.421875
ak-47,77.28125
ak-47,79.453125
mac-10,16.03125
awp,58.546875
mac-10,60.25
ak-47,19.515625
ak-47,33.5
m4a1,13.453125
ak-47,13.5625
ak-47,23.9375
awp,15.453125
m4a1,23.40625
ak-47,37.75
awp,71.0625
ak-47,30.75
ak-47,94.671875
ak-47,95.359375
ak-47,96.09375
ak-47,97.078125
ak-47,86.625
awp,90.703125
ak-47,91.046875
awp,108.265625
m4a1,29.921875
m4a1,35.734375
ak-47,57.703125
m4a1,68.65625
ak-47,58.34375
ak-47,58.921875
awp,69.671875
awp,71.453125
awp,102.484375
ak-47,102.578125
ak-47,106.359375
mp9,60.578125
ak-47,34.5
ak-47,42.828125
ak-47,49.859375
ak-47,50.96875
ak-47,60.3125
ak-47,98.296875
ak-47,18.9375
ak-47,44.625
ak-47,45.578125
ak-47,60.484375
ak-47,22.546875
ak-47,22.859375
ak-47,97.234375
m4a1,99.484375
ak-47,100.15625
m4a1,102.328125
ak-47,21.921875
ak-47,34.328125
ak-47,23.328125
ak-47,32.984375
ak-47,49.0
ak-47,49.671875
ak-47,50.75
ak-47,53.9375
ak-47,58.53125
awp,21.15625
m4a1,33.84375
ak-47,57.3125
ak-47,87.140625
ak-47,87.40625
ak-47,88.75
ak-47,92.8125
ak-47,96.6875
ak-47,10.015625
ak-47,10.921875
ak-47,12.1875
ak-47,19.890625
ak-47,77.40625
ak-47,91.40625
m4a1,96.046875
ak-47,99.40625
ak-47,107.65625
ak-47,109.625
ak-47,22.6875
ak-47,47.859375
m4a1,54.703125
ak-47,56.03125
ak-47,62.546875
m4a1,63.125
ak-47,64.96875
awp,13.34375
ak-47,67.140625
m4a1,67.265625
ak-47,67.796875
m4a1,68.21875
awp,71.40625
m4a1,72.640625
awp,91.0
ak-47,42.109375
m4a1,44.71875
ak-47,48.421875
ak-47,52.203125
m4a1,52.390625
ak-47,52.484375
m4a1,54.25
ak-47,73.234375
m4a1,80.375
ak-47,89.875
awp,109.796875
ak-47,20.0
ak-47,66.6875
awp,107.375
awp,114.28125
m4a1,24.3125
ak-47,25.140625
m4a1,25.9375
awp,67.34375
awp,70.671875
ak-47,38.875
m4a1,42.625
awp,43.546875
m4a1,47.71875
ak-47,47.796875
ak-47,53.390625
ak-47,68.96875
awp,12.875
m4a1,72.0625
awp,73.1875
ak-47,73.296875
ak-47,80.328125
awp,110.46875
ak-47,111.5625
ak-47,13.140625
m4a1,14.828125
m4a1,15.125
m4a1,18.84375
m4a1,19.375
ak-47,24.390625
ak-47,73.9375
m4a1,84.171875
awp,86.1875
m4a1,89.984375
awp,98.296875
awp,24.796875
ak-47,28.640625
ak-47,33.234375
ak-47,37.984375
ak-47,89.21875
ak-47,49.125
ak-47,81.265625
m4a1,55.453125
ak-47,69.28125
ak-47,87.109375
m4a1,10.125
m4a1,58.609375
ak-47,62.46875
ak-47,73.421875
ak-47,78.953125
awp,28.265625
awp,56.546875
awp,57.59375
awp,58.84375
m4a1,70.15625
ak-47,85.921875
m4a1,86.234375
awp,88.3125
m4a1,74.25
ak-47,88.03125
ak-47,93.515625
ak-47,98.28125
ak-47,99.328125
ak-47,99.53125
m4a1,77.890625
m4a1,96.703125
ak-47,97.703125
m4a1,99.203125
m4a1,104.890625
awp,109.40625
ak-47,35.796875
ak-47,64.828125
ak-47,69.484375
m4a1,71.171875
awp,71.703125
ak-47,80.375
m4a1,83.375
m4a1,84.734375
ak-47,94.328125
ak-47,106.234375
mp9,19.1875
mp9,36.625
ak-47,39.453125
ak-47,41.765625
ak-47,44.484375
mp9,46.109375
ak-47,48.4375
awp,22.875
awp,35.296875
awp,37.0625
awp,41.53125
m4a1,43.078125
m4a1,73.25
mac-10,78.46875
awp,99.734375
ak-47,100.890625
awp,104.921875
m4a1,109.625
mp9,29.671875
m4a1,41.9375
m4a1,43.28125
m4a1,69.328125
m4a1,20.25
m4a1,20.984375
m4a1,21.515625
ak-47,23.4375
ak-47,24.15625
m4a1,25.921875
m4a1,27.546875
m4a1,22.0625
m4a1,23.28125
mac-10,24.15625
m4a1,30.90625
m4a1,33.4375
awp,37.890625
m4a1,59.65625
m4a1,60.6875
m4a1,61.5625
m4a1,81.6875
m4a1,52.5625
m4a1,53.953125
m4a1,54.875
m4a1,54.96875
m4a1,56.546875
m4a1,28.953125
m4a1,31.234375
ak-47,36.109375
m4a1,41.78125
ak-47,46.015625
awp,47.875
awp,59.875
awp,76.921875
awp,78.75
ak-47,82.875
awp,85.890625
awp,89.421875
awp,102.109375
awp,82.0
m4a1,82.296875
ak-47,83.75
awp,109.09375
ak-47,111.53125
m4a1,112.171875
ak-47,23.921875
awp,26.5
ak-47,31.046875
ak-47,38.078125
m4a1,25.703125
m4a1,45.984375
ak-47,46.5
ak-47,51.90625
ak-47,61.453125
ak-47,73.109375
ak-47,35.0625
ak-47,41.8125
ak-47,53.9375
ak-47,55.6875
ak-47,63.375
awp,16.03125
awp,26.375
awp,41.84375
m4a1,68.109375
ak-47,71.921875
awp,97.25
ak-47,98.703125
m4a1,12.734375
m4a1,13.546875
ak-47,19.5
m4a1,20.703125
ak-47,22.875
ak-47,23.578125
awp,68.4375
m4a1,11.890625
ak-47,14.625
m4a1,14.953125
m4a1,15.34375
awp,26.046875
awp,30.671875
awp,38.328125
ak-47,10.609375
ak-47,8.9375
ak-47,36.59375
mac-10,43.328125
mac-10,50.890625
awp,13.390625
awp,17.0
ak-47,17.6875
mac-10,20.578125
ak-47,21.3125
mac-10,43.484375
m4a1,23.984375
ak-47,89.0625
m4a1,107.328125
ak-47,114.6875
ak-47,13.65625
ak-47,41.453125
awp,42.546875
m4a1,46.59375
m4a1,51.96875
ak-47,53.109375
ak-47,56.796875
m4a1,42.109375
mp9,60.453125
m4a1,69.09375
m4a1,69.40625
mp9,79.046875
m4a1,11.078125
m4a1,13.890625
m4a1,16.8125
m4a1,21.953125
m4a1,22.65625
ak-47,49.109375
awp,60.59375
awp,62.3125
ak-47,45.984375
m4a1,56.453125
m4a1,57.53125
m4a1,59.625
ak-47,21.765625
ak-47,83.71875
m4a1,97.546875
m4a1,97.859375
awp,100.625
m4a1,103.296875
awp,63.765625
ak-47,72.25
ak-47,73.40625
ak-47,85.71875
m4a1,19.390625
m4a1,22.296875
ak-47,50.078125
ak-47,52.09375
ak-47,56.328125
ak-47,60.1875
ak-47,53.84375
ak-47,57.0625
m4a1,57.71875
ak-47,71.734375
ak-47,81.78125
ak-47,14.984375
ak-47,21.765625
m4a1,23.96875
awp,25.90625
ak-47,44.875
awp,69.140625
awp,97.59375
ak-47,79.25
ak-47,79.375
ak-47,81.453125
ak-47,22.578125
m4a1,33.796875
ak-47,36.296875
m4a1,70.375
m4a1,73.296875
awp,74.640625
awp,82.890625
mac-10,15.375
m4a1,57.984375
mp9,78.546875
m4a1,81.796875
mac-10,16.015625
mac-10,23.046875
m4a1,54.8125
m4a1,30.21875
ak-47,39.5
ak-47,47.8125
ak-47,53.984375
ak-47,64.84375
awp,85.859375
ak-47,23.65625
m4a1,25.859375
ak-47,82.28125
awp,84.0
ak-47,88.734375
awp,93.34375
m4a1,99.78125
m4a1,102.515625
awp,64.140625
awp,77.765625
ak-47,39.375
m4a1,83.9375
ak-47,84.78125
ak-47,86.34375
ak-47,61.9375
m4a1,65.78125
ak-47,96.328125
ak-47,104.203125
awp,17.59375
ak-47,24.75
ak-47,107.015625
m4a1,107.96875
m4a1,110.390625
ak-47,113.03125
awp,113.140625
awp,66.8125
m4a1,68.921875
m4a1,70.8125
ak-47,74.921875
m4a1,79.640625
mp9,105.0
mp9,107.921875
mac-10,29.734375
ak-47,40.40625
m4a1,40.171875
mp9,41.296875
mp9,42.84375
m4a1,104.765625
m4a1,105.84375
m4a1,42.96875
m4a1,50.09375
m4a1,88.6875
m4a1,100.375
m4a1,27.59375
m4a1,30.578125
m4a1,31.1875
m4a1,33.015625
m4a1,34.625
ak-47,26.65625
ak-47,28.296875
ak-47,31.484375
m4a1,50.859375
m4a1,58.203125
ak-47,63.375
ak-47,63.78125
ak-47,42.796875
m4a1,46.421875
ak-47,46.9375
ak-47,49.421875
ak-47,51.171875
ak-47,54.171875
ak-47,54.71875
awp,64.296875
ak-47,39.609375
awp,44.671875
ak-47,47.796875
awp,49.859375
ak-47,55.75
ak-47,62.609375
m4a1,63.734375
ak-47,65.59375
ak-47,66.265625
awp,23.0
m4a1,39.21875
ak-47,40.765625
m4a1,52.734375
m4a1,53.21875
awp,70.203125
ak-47,73.203125
awp,111.546875
m4a1,113.140625
awp,36.125
awp,62.53125
m4a1,63.921875
ak-47,64.609375
m4a1,65.34375
awp,67.734375
m4a1,98.4375
ak-47,79.5
awp,69.03125
m4a1,70.09375
m4a1,70.140625
m4a1,71.59375
m4a1,80.125
m4a1,46.578125
m4a1,53.671875
mp9,53.90625
ak-47,41.65625
ak-47,42.515625
ak-47,48.953125
ak-47,58.3125
ak-47,89.53125
ak-47,95.953125
ak-47,22.234375
ak-47,40.203125
ak-47,51.28125
ak-47,108.375
ak-47,110.640625
ak-47,22.125
ak-47,43.25
ak-47,74.78125
ak-47,96.6875
m4a1,33.75
ak-47,38.296875
m4a1,40.390625
m4a1,42.203125
ak-47,44.21875
ak-47,46.8125
m4a1,47.8125
m4a1,58.96875
ak-47,45.109375
m4a1,45.953125
ak-47,60.34375
awp,66.203125
ak-47,80.875
ak-47,100.5625
ak-47,100.609375
ak-47,114.59375
awp,26.515625
ak-47,34.296875
ak-47,40.65625
ak-47,41.796875
m4a1,43.71875
ak-47,48.328125
m4a1,49.59375
m4a1,49.796875
ak-47,41.59375
ak-47,45.25
ak-47,51.125
ak-47,76.65625
ak-47,77.875
m4a1,13.390625
m4a1,16.5
m4a1,17.0
m4a1,17.984375
m4a1,23.96875
ak-47,35.46875
ak-47,46.609375
ak-47,59.203125
m4a1,60.75
m4a1,61.40625
ak-47,67.15625
m4a1,74.234375
m4a1,24.96875
m4a1,55.796875
m4a1,71.109375
ak-47,24.46875
ak-47,25.265625
awp,32.671875
ak-47,34.859375
ak-47,51.9375
awp,15.4375
m4a1,24.5
awp,82.984375
ak-47,86.5625
ak-47,97.96875
awp,100.84375
ak-47,10.46875
m4a1,72.28125
m4a1,72.703125
ak-47,73.65625
ak-47,62.015625
m4a1,67.953125
awp,71.75
ak-47,72.1875
ak-47,74.296875
ak-47,77.203125
awp,77.6875
ak-47,79.296875
ak-47,58.234375
awp,65.734375
m4a1,67.65625
m4a1,72.65625
awp,73.40625
mac-10,41.453125
mac-10,43.9375
awp,46.03125
mac-10,46.296875
m4a1,52.15625
ak-47,36.75
awp,42.46875
ak-47,50.9375
ak-47,7.703125
m4a1,9.90625
ak-47,18.015625
ak-47,64.59375
ak-47,45.75
mp9,48.78125
mp9,51.03125
ak-47,57.28125
mac-10,58.40625
mac-10,62.953125
ak-47,72.53125
ak-47,15.234375
ak-47,62.40625
ak-47,62.6875
ak-47,63.375
ak-47,67.953125
awp,16.734375
ak-47,33.59375
m4a1,62.703125
ak-47,78.71875
m4a1,78.859375
ak-47,79.921875
m4a1,81.265625
awp,51.71875
m4a1,62.78125
ak-47,67.546875
ak-47,68.671875
m4a1,70.78125
m4a1,71.734375
ak-47,71.875
m4a1,45.21875
m4a1,75.3125
m4a1,76.265625
ak-47,35.953125
ak-47,37.34375
ak-47,40.640625
awp,50.015625
awp,62.09375
mp9,27.53125
m4a1,30.453125
m4a1,31.859375
m4a1,32.359375
m4a1,97.125
m4a1,60.625
m4a1,15.671875
ak-47,16.984375
m4a1,28.421875
ak-47,44.03125
ak-47,66.0
ak-47,14.34375
ak-47,15.25
ak-47,16.75
ak-47,17.34375
ak-47,31.25
awp,79.4375
m4a1,15.9375
m4a1,17.34375
ak-47,39.046875
m4a1,40.46875
ak-47,42.234375
ak-47,64.328125
ak-47,64.9375
ak-47,69.21875
ak-47,69.515625
ak-47,70.109375
ak-47,90.140625
ak-47,34.1875
m4a1,40.546875
ak-47,50.171875
m4a1,71.140625
m4a1,88.203125
ak-47,100.359375
awp,101.921875
ak-47,104.953125
ak-47,108.5
m4a1,17.71875
m4a1,21.03125
m4a1,23.15625
ak-47,27.578125
m4a1,28.65625
awp,32.4375
ak-47,36.484375
ak-47,40.171875
ak-47,14.671875
awp,27.0
ak-47,85.578125
ak-47,41.53125
ak-47,42.234375
ak-47,45.8125
ak-47,53.09375
ak-47,56.4375
ak-47,88.59375
ak-47,99.0
m4a1,81.296875
m4a1,82.0
m4a1,83.171875
mp9,95.8125
mp9,16.90625
m4a1,19.390625
m4a1,37.265625
m4a1,37.96875
ak-47,28.125
m4a1,34.34375
ak-47,34.984375
m4a1,35.5
ak-47,36.484375
ak-47,52.546875
ak-47,65.71875
awp,15.421875
awp,28.609375
awp,30.40625
ak-47,32.21875
m4a1,36.390625
m4a1,48.078125
ak-47,34.15625
m4a1,44.15625
awp,64.4375
awp,104.40625
awp,106.703125
m4a1,29.609375
ak-47,45.296875
ak-47,47.359375
ak-47,57.359375
ak-47,64.265625
ak-47,68.46875
ak-47,103.421875
m4a1,11.703125
m4a1,41.046875
ak-47,96.28125
m4a1,15.15625
ak-47,38.234375
ak-47,48.234375
m4a1,75.328125
ak-47,82.234375
mac-10,18.484375
mac-10,21.40625
mac-10,51.171875
mac-10,53.46875
mac-10,29.109375
ak-47,69.359375
ak-47,112.765625
awp,25.375
awp,19.453125
ak-47,58.03125
ak-47,69.25
ak-47,69.859375
ak-47,71.78125
awp,31.78125
ak-47,69.296875
awp,82.515625
ak-47,41.03125
awp,43.015625
ak-47,53.609375
ak-47,60.203125
ak-47,71.890625
ak-47,102.796875
ak-47,21.78125
ak-47,32.1875
awp,39.984375
awp,56.4375
ak-47,78.1875
awp,19.203125
ak-47,23.03125
ak-47,53.953125
ak-47,55.34375
ak-47,60.71875
awp,37.65625
awp,44.90625
m4a1,47.28125
awp,58.765625
awp,62.34375
ak-47,64.328125
awp,78.9375
awp,25.71875
m4a1,40.453125
ak-47,41.40625
m4a1,63.359375
ak-47,64.453125
awp,67.078125
ak-47,93.34375
ak-47,102.5
awp,113.4375
mac-10,31.984375
ak-47,74.8125
m4a1,15.921875
m4a1,16.703125
m4a1,17.625
mp9,16.796875
mp9,17.296875
m4a1,72.671875
ak-47,74.546875
ak-47,75.046875
ak-47,15.15625
ak-47,23.328125
ak-47,35.3125
ak-47,41.46875
ak-47,47.203125
ak-47,11.640625
ak-47,13.515625
ak-47,14.484375
ak-47,23.609375
ak-47,24.71875
ak-47,45.125
ak-47,49.828125
mp9,22.265625
m4a1,35.0
m4a1,35.0
mp9,63.40625
mp9,69.921875
m4a1,40.015625
ak-47,64.46875
mp9,66.375
m4a1,15.015625
awp,15.078125
m4a1,45.1875
ak-47,45.328125
awp,46.359375
awp,50.53125
m4a1,18.015625
m4a1,18.59375
m4a1,47.359375
awp,49.390625
m4a1,50.734375
ak-47,51.4375
ak-47,68.671875
m4a1,11.59375
ak-47,31.171875
ak-47,85.8125
ak-47,87.28125
m4a1,88.875
ak-47,90.0625
awp,92.484375
ak-47,25.796875
m4a1,26.0625
m4a1,27.28125
ak-47,72.8125
awp,36.328125
ak-47,46.515625
awp,58.109375
m4a1,70.4375
awp,71.1875
ak-47,71.203125
awp,87.765625
m4a1,60.0
m4a1,60.703125
m4a1,60.921875
m4a1,63.140625
ak-47,21.953125
ak-47,31.125
ak-47,38.703125
ak-47,49.875
awp,88.59375
ak-47,92.140625
ak-47,104.921875
awp,23.1875
ak-47,29.09375
ak-47,46.5
ak-47,53.890625
ak-47,54.1875
m4a1,82.078125
ak-47,87.484375
mp9,53.421875
ak-47,76.8125
ak-47,86.03125
ak-47,87.453125
m4a1,22.234375
m4a1,40.53125
m4a1,112.65625
m4a1,28.640625
m4a1,37.671875
ak-47,43.578125
m4a1,65.703125
ak-47,38.28125
ak-47,41.0
ak-47,47.015625
ak-47,51.125
ak-47,63.625
awp,20.4375
ak-47,26.203125
ak-47,33.5
mp9,36.15625
ak-47,68.96875
ak-47,78.9375
ak-47,91.203125
ak-47,38.21875
ak-47,40.21875
ak-47,80.859375
ak-47,95.921875
m4a1,38.859375
awp,47.0
ak-47,69.6875
ak-47,76.578125
awp,79.484375
awp,99.859375
ak-47,109.6875
ak-47,114.609375
ak-47,85.25
awp,86.4375
ak-47,87.796875
awp,90.90625
awp,12.578125
m4a1,86.1875
awp,87.71875
m4a1,90.421875
awp,104.125
ak-47,107.390625
awp,108.234375
awp,108.46875
m4a1,31.65625
m4a1,32.671875
m4a1,34.296875
m4a1,36.65625
m4a1,51.609375
m4a1,39.84375
m4a1,41.609375
ak-47,75.1875
m4a1,78.734375
awp,81.234375
m4a1,108.0625
ak-47,14.75
m4a1,15.859375
ak-47,17.78125
m4a1,52.09375
ak-47,67.40625
ak-47,69.53125
ak-47,72.6875
ak-47,67.953125
ak-47,74.0625
ak-47,49.140625
ak-47,60.578125
ak-47,77.703125
ak-47,27.875
ak-47,32.0
ak-47,39.09375
m4a1,45.6875
ak-47,62.578125
ak-47,76.40625
ak-47,80.265625
ak-47,27.515625
awp,85.265625
ak-47,87.125
ak-47,88.421875
m4a1,103.125
ak-47,107.5
awp,12.65625
ak-47,13.484375
awp,15.046875
ak-47,24.5625
ak-47,34.03125
m4a1,23.53125
ak-47,23.75
ak-47,50.984375
awp,62.40625
ak-47,63.140625
ak-47,63.421875
mp9,47.8125
mp9,50.1875
mp9,54.078125
m4a1,55.625
m4a1,11.671875
m4a1,13.453125
ak-47,65.046875
ak-47,69.09375
m4a1,90.390625
ak-47,90.59375
m4a1,92.53125
m4a1,94.578125
ak-47,34.171875
ak-47,45.4375
ak-47,47.15625
ak-47,49.109375
m4a1,66.109375
m4a1,31.0625
m4a1,36.40625
m4a1,52.078125
ak-47,56.828125
m4a1,60.796875
awp,63.4375
ak-47,58.90625
m4a1,47.53125
awp,83.6875
ak-47,98.328125
ak-47,102.90625
ak-47,111.15625
ak-47,36.90625
ak-47,49.15625
ak-47,54.9375
m4a1,58.15625
ak-47,66.140625
awp,94.15625
awp,15.734375
awp,49.09375
ak-47,52.203125
ak-47,56.296875
ak-47,88.125
awp,13.890625
m4a1,40.5
ak-47,52.359375
ak-47,58.53125
ak-47,61.46875
ak-47,89.484375
ak-47,102.140625
ak-47,106.25
ak-47,107.03125
ak-47,107.296875
awp,9.1875
awp,80.203125
awp,82.21875
awp,84.421875
m4a1,97.640625
ak-47,104.21875
m4a1,104.96875
m4a1,109.53125
ak-47,69.3125
awp,70.265625
ak-47,77.609375
m4a1,83.96875
m4a1,94.125
mac-10,100.6875
ak-47,57.75
awp,66.90625
ak-47,70.8125
ak-47,72.875
m4a1,94.734375
ak-47,94.84375
ak-47,14.90625
ak-47,18.15625
ak-47,20.484375
awp,23.125
ak-47,61.171875
ak-47,11.046875
awp,38.34375
ak-47,95.65625
ak-47,102.609375
ak-47,102.921875
ak-47,111.53125
m4a1,27.25
mp9,27.5625
mp9,52.5625
awp,58.234375
awp,28.859375
ak-47,92.546875
ak-47,92.6875
ak-47,95.671875
m4a1,19.046875
m4a1,21.453125
m4a1,24.453125
m4a1,26.78125
m4a1,36.65625
ak-47,13.15625
ak-47,14.609375
ak-47,17.453125
ak-47,39.765625
ak-47,53.578125
m4a1,30.1875
ak-47,30.953125
m4a1,31.296875
ak-47,35.46875
m4a1,40.96875
ak-47,41.21875
m4a1,51.4375
m4a1,34.421875
m4a1,67.875
ak-47,69.125
m4a1,69.5
m4a1,102.125
m4a1,44.59375
ak-47,58.640625
m4a1,62.34375
m4a1,64.421875
m4a1,64.71875
awp,18.9375
ak-47,21.4375
ak-47,25.046875
ak-47,29.328125
ak-47,44.25
ak-47,60.53125
m4a1,29.453125
m4a1,48.359375
m4a1,70.71875
ak-47,79.640625
m4a1,30.265625
m4a1,31.171875
awp,66.921875
ak-47,84.890625
awp,85.046875
awp,86.828125
m4a1,23.15625
ak-47,32.71875
m4a1,33.171875
awp,70.453125
ak-47,83.09375
ak-47,31.21875
ak-47,37.015625
ak-47,64.65625
m4a1,96.8125
m4a1,100.25
awp,108.75
ak-47,49.21875
m4a1,82.34375
ak-47,83.53125
ak-47,83.953125
ak-47,84.65625
ak-47,87.234375
m4a1,14.4375
m4a1,26.03125
m4a1,32.203125
m4a1,41.25
m4a1,42.109375
ak-47,18.015625
mp9,85.65625
ak-47,88.96875
awp,93.234375
ak-47,103.21875
awp,108.328125
awp,12.453125
ak-47,27.328125
ak-47,64.25
m4a1,76.015625
awp,84.96875
awp,21.421875
ak-47,27.21875
ak-47,28.140625
awp,28.390625
m4a1,30.390625
awp,10.328125
ak-47,32.09375
ak-47,34.859375
ak-47,36.3125
m4a1,61.125
ak-47,67.640625
ak-47,14.578125
ak-47,17.53125
ak-47,17.8125
ak-47,18.0
ak-47,49.546875
ak-47,55.0625
awp,55.109375
ak-47,64.484375
ak-47,13.59375
m4a1,30.875
m4a1,36.890625
m4a1,58.78125
awp,65.1875
awp,69.140625
awp,71.6875
m4a1,33.6875
awp,55.0625
awp,65.59375
m4a1,83.21875
awp,11.71875
ak-47,15.4375
m4a1,17.59375
ak-47,18.265625
ak-47,18.828125
m4a1,23.5625
ak-47,24.609375
ak-47,51.609375
ak-47,53.609375
m4a1,56.09375
m4a1,60.046875
m4a1,67.140625
awp,17.625
ak-47,19.90625
awp,19.921875
ak-47,24.984375
ak-47,26.0625
mac-10,23.90625
m4a1,28.78125
m4a1,36.09375
m4a1,48.8125
mp9,89.875
m4a1,57.328125
awp,114.53125
ak-47,24.53125
ak-47,25.75
mac-10,27.515625
awp,28.640625
m4a1,39.71875
m4a1,92.96875
mac-10,72.71875
ak-47,79.484375
awp,81.390625
ak-47,108.484375
awp,68.5625
m4a1,88.359375
m4a1,89.109375
m4a1,89.3125
m4a1,90.734375
m4a1,13.84375
awp,21.828125
m4a1,54.0
awp,57.46875
ak-47,59.09375
ak-47,62.390625
ak-47,30.890625
awp,68.453125
m4a1,76.96875
ak-47,79.171875
ak-47,82.296875
m4a1,28.984375
m4a1,36.140625
m4a1,66.84375
awp,69.9375
awp,74.0
mac-10,75.1875
m4a1,76.546875
m4a1,77.640625
m4a1,16.71875
m4a1,39.375
ak-47,73.359375
ak-47,74.59375
ak-47,76.625
ak-47,29.96875
ak-47,31.328125
m4a1,33.84375
m4a1,64.328125
ak-47,68.9375
ak-47,27.140625
ak-47,31.71875
mac-10,65.171875
mac-10,72.078125
m4a1,11.984375
ak-47,29.359375
ak-47,66.9375
m4a1,69.03125
m4a1,63.5625
ak-47,77.203125
ak-47,93.6875
ak-47,98.921875
ak-47,102.640625
awp,46.484375
ak-47,56.8125
ak-47,101.0
ak-47,102.703125
ak-47,49.9375
mp9,86.53125
ak-47,92.609375
ak-47,93.765625
m4a1,101.796875
ak-47,103.390625
ak-47,81.65625
ak-47,91.65625
m4a1,93.5
m4a1,94.796875
ak-47,95.875
ak-47,53.484375
m4a1,63.25
ak-47,66.625
ak-47,67.75
m4a1,73.109375
m4a1,85.625
mac-10,29.75
mac-10,30.640625
m4a1,31.8125
mac-10,38.3125
ak-47,43.59375
mac-10,19.1875
mac-10,29.734375
ak-47,49.171875
mac-10,14.078125
ak-47,114.6875
ak-47,72.5625
m4a1,81.28125
awp,86.40625
m4a1,92.375
ak-47,105.390625
ak-47,42.078125
ak-47,59.21875
ak-47,62.484375
ak-47,69.5625
awp,84.53125
ak-47,100.921875
ak-47,17.484375
mp9,18.25
ak-47,18.59375
awp,20.15625
ak-47,68.515625
ak-47,63.984375
awp,65.328125
awp,67.25
awp,80.765625
awp,12.28125
ak-47,41.890625
ak-47,46.109375
ak-47,46.53125
ak-47,49.03125
awp,81.328125
ak-47,84.71875
ak-47,88.75
ak-47,27.65625
ak-47,27.828125
m4a1,37.25
ak-47,39.953125
m4a1,61.375
ak-47,61.484375
ak-47,73.171875
awp,14.265625
ak-47,17.53125
ak-47,53.09375
mp9,93.578125
ak-47,93.96875
ak-47,106.078125
m4a1,21.5
mp9,64.453125
mp9,76.96875
m4a1,83.578125
mp9,16.703125
mac-10,18.671875
m4a1,31.296875
m4a1,38.46875
mp9,40.0625
m4a1,41.546875
m4a1,19.6875
ak-47,12.90625
ak-47,73.59375
m4a1,74.546875
ak-47,86.390625
mp9,89.90625
m4a1,91.671875
ak-47,42.484375
m4a1,61.65625
ak-47,74.171875
m4a1,74.46875
ak-47,75.84375
awp,8.375
m4a1,79.6875
m4a1,80.90625
m4a1,90.71875
m4a1,92.203125
m4a1,110.625
m4a1,86.65625
m4a1,94.578125
m4a1,99.078125
m4a1,103.296875
m4a1,104.953125
awp,8.625
awp,8.625
m4a1,12.25
awp,15.796875
m4a1,34.25
awp,31.421875
awp,33.703125
m4a1,43.453125
ak-47,50.15625
m4a1,51.6875
awp,39.078125
awp,42.828125
awp,45.453125
ak-47,59.8125
ak-47,60.78125
ak-47,65.34375
m4a1,109.21875
m4a1,112.765625
ak-47,61.578125
awp,64.015625
ak-47,67.75
ak-47,76.78125
m4a1,77.484375
ak-47,85.359375
ak-47,93.78125
ak-47,94.34375
m4a1,18.421875
awp,87.390625
m4a1,87.78125
awp,87.828125
awp,93.15625
m4a1,95.59375
awp,36.5
ak-47,48.421875
mp9,56.671875
mp9,91.015625
awp,20.8125
ak-47,39.4375
ak-47,54.265625
ak-47,54.984375
awp,60.6875
ak-47,18.9375
ak-47,23.984375
ak-47,24.59375
awp,28.109375
m4a1,30.75
ak-47,33.6875
awp,34.265625
awp,40.28125
ak-47,50.625
m4a1,82.578125
ak-47,97.40625
ak-47,97.421875
awp,10.8125
awp,19.71875
m4a1,21.1875
m4a1,21.390625
ak-47,28.5625
m4a1,46.6875
ak-47,98.734375
m4a1,107.625
mac-10,100.1875
mac-10,101.421875
awp,9.09375
awp,44.390625
awp,55.1875
mac-10,25.53125
mac-10,28.125
mac-10,29.640625
mac-10,30.34375
mac-10,34.234375
mac-10,36.484375
ak-47,40.078125
ak-47,41.390625
m4a1,42.078125
ak-47,46.0625
ak-47,32.453125
ak-47,32.859375
awp,38.8125
awp,50.6875
ak-47,30.8125
ak-47,36.671875
m4a1,46.265625
m4a1,66.421875
awp,71.15625
ak-47,72.625
awp,96.078125
m4a1,33.453125
awp,63.53125
m4a1,101.71875
m4a1,103.40625
ak-47,107.640625
m4a1,14.0625
awp,29.109375
awp,43.859375
awp,77.875
ak-47,95.875
m4a1,29.1875
mp9,54.984375
m4a1,84.734375
ak-47,85.1875
awp,15.390625
ak-47,84.0625
m4a1,84.90625
awp,89.453125
awp,92.265625
ak-47,25.8125
ak-47,26.953125
ak-47,40.765625
awp,47.8125
ak-47,61.125
awp,14.359375
awp,34.640625
ak-47,40.390625
awp,57.46875
awp,76.453125
mp9,39.828125
ak-47,97.3125
ak-47,100.5
ak-47,38.0625
ak-47,38.25
ak-47,38.359375
ak-47,89.921875
m4a1,25.921875
ak-47,32.0
m4a1,32.234375
m4a1,34.703125
m4a1,35.109375
ak-47,35.6875
m4a1,50.0625
ak-47,23.859375
mac-10,31.046875
ak-47,31.65625
ak-47,21.171875
ak-47,57.125
mp9,59.9375
mp9,76.484375
ak-47,36.796875
m4a1,76.015625
m4a1,76.671875
ak-47,77.203125
ak-47,81.390625
m4a1,82.71875
ak-47,44.859375
ak-47,45.03125
m4a1,47.203125
ak-47,56.65625
m4a1,58.8125
awp,63.96875
ak-47,65.8125
ak-47,26.703125
ak-47,27.40625
ak-47,27.734375
m4a1,28.109375
ak-47,31.15625
ak-47,38.21875
ak-47,14.390625
ak-47,33.65625
m4a1,35.03125
ak-47,41.765625
ak-47,36.390625
m4a1,43.390625
m4a1,49.09375
m4a1,72.578125
ak-47,75.125
m4a1,81.34375
ak-47,88.390625
awp,12.625
ak-47,13.421875
ak-47,23.46875
m4a1,25.578125
ak-47,26.5
ak-47,29.015625
awp,38.296875
ak-47,43.09375
ak-47,46.609375
ak-47,47.53125
m4a1,60.46875
mac-10,14.390625
ak-47,18.953125
mac-10,20.578125
mac-10,21.703125
ak-47,32.0625
awp,34.28125
ak-47,43.390625
m4a1,35.078125
m4a1,36.046875
m4a1,47.21875
m4a1,49.546875
m4a1,51.375
m4a1,14.09375
m4a1,26.546875
m4a1,29.234375
m4a1,51.375
m4a1,52.484375
m4a1,54.609375
m4a1,29.890625
m4a1,32.671875
ak-47,35.015625
awp,46.796875
awp,68.015625
awp,30.859375
mac-10,31.3125
mac-10,32.65625
awp,32.8125
ak-47,86.21875
awp,86.609375
m4a1,37.890625
ak-47,44.890625
m4a1,46.8125
awp,47.3125
m4a1,52.265625
m4a1,56.703125
ak-47,60.59375
m4a1,64.296875
m4a1,66.0
ak-47,70.640625
ak-47,73.75
ak-47,76.0
ak-47,19.21875
ak-47,20.3125
awp,20.8125
m4a1,17.078125
m4a1,17.125
ak-47,29.484375
m4a1,29.9375
awp,48.84375
awp,61.3125
ak-47,18.390625
m4a1,22.15625
ak-47,26.265625
m4a1,29.84375
mac-10,38.21875
ak-47,45.703125
m4a1,34.09375
mp9,37.9375
m4a1,41.6875
mp9,42.46875
m4a1,42.46875
awp,10.890625
mp9,79.96875
ak-47,81.421875
m4a1,82.9375
m4a1,83.5625
ak-47,84.75
ak-47,96.75
mp9,101.796875
ak-47,39.0625
m4a1,40.15625
m4a1,40.4375
m4a1,43.15625
awp,9.671875
ak-47,42.71875
awp,43.1875
ak-47,49.25
ak-47,48.71875
awp,53.609375
awp,58.640625
ak-47,74.234375
m4a1,95.5
m4a1,84.5
m4a1,85.40625
ak-47,85.921875
m4a1,86.21875
awp,98.875
awp,101.3125
awp,110.796875
awp,68.5
m4a1,70.203125
m4a1,72.09375
m4a1,72.734375
awp,59.96875
ak-47,100.375
ak-47,101.578125
ak-47,109.453125
ak-47,111.65625
m4a1,56.28125
awp,59.859375
ak-47,61.5
ak-47,65.796875
m4a1,69.953125
ak-47,14.21875
ak-47,14.921875
awp,17.34375
ak-47,19.15625
awp,29.15625
m4a1,29.75
m4a1,43.90625
ak-47,50.515625
ak-47,16.21875
ak-47,25.15625
m4a1,25.9375
m4a1,28.84375
m4a1,31.84375
awp,39.78125
m4a1,69.5
mac-10,80.453125
ak-47,73.53125
ak-47,74.328125
ak-47,105.328125
awp,37.453125
ak-47,39.90625
mp9,54.34375
awp,56.109375
awp,63.546875
m4a1,75.1875
awp,78.8125
m4a1,10.4375
mac-10,38.1875
m4a1,38.46875
ak-47,48.625
m4a1,49.875
ak-47,53.3125
m4a1,29.546875
awp,31.96875
ak-47,85.203125
m4a1,55.1875
ak-47,58.375
ak-47,58.609375
ak-47,63.21875
ak-47,65.09375
ak-47,103.328125
ak-47,105.703125
m4a1,19.765625
awp,22.203125
ak-47,37.25
ak-47,45.75
ak-47,71.34375
ak-47,73.296875
ak-47,91.75
ak-47,92.75
awp,12.125
m4a1,25.546875
awp,27.390625
ak-47,37.015625
ak-47,51.046875
awp,66.890625
awp,40.53125
awp,45.28125
m4a1,79.109375
ak-47,106.515625
m4a1,106.5625
awp,108.21875
m4a1,21.265625
m4a1,62.5625
m4a1,67.4375
m4a1,42.21875
m4a1,44.015625
awp,64.265625
ak-47,87.96875
m4a1,102.109375
m4a1,75.640625
mp9,77.03125
ak-47,77.546875
ak-47,83.375
ak-47,111.5
ak-47,52.109375
ak-47,17.703125
ak-47,61.78125
ak-47,72.75
mp9,75.15625
ak-47,26.390625
mac-10,28.328125
ak-47,34.90625
ak-47,56.234375
ak-47,62.8125
mac-10,71.8125
ak-47,77.46875
ak-47,96.203125
mp9,96.421875
mp9,106.390625
awp,21.25
ak-47,58.65625
ak-47,68.03125
ak-47,75.640625
awp,96.875
ak-47,33.453125
awp,38.953125
ak-47,54.9375
ak-47,58.078125
ak-47,59.28125
m4a1,72.609375
ak-47,32.890625
ak-47,33.953125
ak-47,37.484375
ak-47,53.140625
ak-47,11.671875
ak-47,16.71875
ak-47,17.3125
ak-47,19.234375
ak-47,26.203125
m4a1,17.59375
awp,17.875
ak-47,25.25
awp,29.90625
awp,17.0
awp,19.34375
awp,53.28125
ak-47,55.484375
ak-47,56.5625
ak-47,57.0625
ak-47,58.859375
ak-47,61.90625
ak-47,40.828125
m4a1,75.515625
ak-47,51.5
awp,65.265625
ak-47,55.96875
ak-47,87.5
ak-47,43.875
ak-47,47.9375
ak-47,87.1875
awp,88.0625
ak-47,90.015625
ak-47,91.0625
m4a1,64.921875
m4a1,66.59375
m4a1,72.359375
m4a1,83.9375
awp,22.265625
m4a1,37.625
ak-47,41.46875
ak-47,46.390625
awp,17.28125
awp,40.890625
awp,62.5625
ak-47,69.203125
ak-47,71.953125
ak-47,85.328125
awp,25.390625
m4a1,77.984375
m4a1,80.953125
m4a1,38.828125
m4a1,42.59375
m4a1,71.890625
ak-47,72.484375
awp,86.296875
ak-47,90.09375
m4a1,24.6875
ak-47,37.5625
ak-47,38.609375
ak-47,40.71875
ak-47,46.5
awp,71.578125
ak-47,73.515625
ak-47,77.421875
m4a1,86.15625
ak-47,110.3125
ak-47,112.40625
awp,114.546875
ak-47,10.46875
awp,20.75
awp,39.25
awp,61.40625
ak-47,63.84375
awp,112.53125
ak-47,13.96875
ak-47,18.140625
ak-47,22.078125
ak-47,25.453125
awp,52.796875
ak-47,84.3125
ak-47,87.984375
ak-47,101.25
ak-47,60.671875
m4a1,63.8125
mac-10,65.609375
mac-10,66.484375
m4a1,66.9375
m4a1,77.78125
awp,82.75
ak-47,97.328125
awp,37.578125
m4a1,39.65625
ak-47,50.265625
ak-47,55.84375
ak-47,18.546875
ak-47,20.171875
ak-47,77.015625
m4a1,79.109375
awp,80.109375
ak-47,80.265625
m4a1,82.4375
ak-47,82.828125
m4a1,13.25
m4a1,15.015625
ak-47,20.90625
ak-47,21.40625
ak-47,95.625
ak-47,96.578125
m4a1,97.734375
awp,97.921875
m4a1,99.796875
awp,106.875
m4a1,38.1875
m4a1,40.34375
ak-47,40.65625
m4a1,36.625
m4a1,38.53125
m4a1,41.234375
ak-47,42.078125
awp,43.1875
m4a1,43.65625
ak-47,44.09375
awp,44.78125
ak-47,55.015625
ak-47,63.09375
ak-47,71.046875
ak-47,78.125
ak-47,83.296875
ak-47,29.75
awp,39.75
awp,41.609375
ak-47,43.203125
ak-47,48.203125
ak-47,65.0625
mp9,52.0
m4a1,60.578125
m4a1,26.3125
m4a1,26.609375
ak-47,26.671875
ak-47,48.9375
ak-47,82.84375
m4a1,86.96875
ak-47,11.953125
m4a1,53.71875
awp,22.828125
ak-47,26.921875
awp,69.34375
m4a1,11.25
m4a1,11.3125
m4a1,15.265625
ak-47,18.453125
m4a1,19.0
awp,25.875
ak-47,73.71875
m4a1,83.59375
ak-47,91.328125
m4a1,91.421875
ak-47,93.359375
awp,95.453125
m4a1,21.0625
m4a1,61.171875
ak-47,62.90625
m4a1,63.3125
awp,64.234375
awp,68.5625
awp,68.75
ak-47,94.53125
ak-47,14.328125
awp,50.53125
ak-47,52.953125
ak-47,54.234375
ak-47,60.875
m4a1,33.734375
m4a1,48.234375
ak-47,25.09375
ak-47,26.328125
m4a1,36.984375
m4a1,23.96875
m4a1,25.5625
ak-47,77.4375
ak-47,77.640625
ak-47,82.984375
awp,58.453125
ak-47,59.890625
m4a1,62.46875
awp,65.796875
m4a1,69.109375
ak-47,69.703125
m4a1,83.328125
ak-47,95.59375
ak-47,22.609375
ak-47,45.015625
ak-47,90.78125
ak-47,91.296875
ak-47,96.125
awp,107.265625
m4a1,63.5
m4a1,70.96875
awp,72.8125
m4a1,86.375
ak-47,88.09375
m4a1,89.046875
awp,95.046875
ak-47,62.78125
m4a1,68.453125
mp9,69.234375
mp9,70.84375
ak-47,29.078125
m4a1,31.234375
m4a1,40.171875
m4a1,41.546875
awp,76.296875
ak-47,19.203125
ak-47,19.890625
ak-47,25.84375
awp,18.203125
awp,20.015625
ak-47,20.34375
awp,22.046875
ak-47,25.453125
awp,26.953125
m4a1,30.1875
m4a1,51.5625
ak-47,45.234375
m4a1,46.4375
m4a1,47.453125
ak-47,47.59375
ak-47,67.890625
ak-47,76.046875
ak-47,80.4375
mp9,18.65625
mp9,19.484375
m4a1,19.890625
m4a1,21.0
m4a1,31.046875
m4a1,26.375
ak-47,27.71875
mp9,30.78125
mp9,32.8125
m4a1,35.796875
ak-47,39.453125
m4a1,42.59375
ak-47,33.640625
m4a1,67.984375
m4a1,86.625
m4a1,87.6875
ak-47,39.1875
ak-47,42.296875
m4a1,50.796875
m4a1,51.140625
ak-47,51.78125
m4a1,61.671875
m4a1,63.640625
ak-47,16.546875
ak-47,35.140625
awp,41.34375
awp,43.734375
ak-47,55.78125
ak-47,61.40625
ak-47,11.515625
ak-47,17.015625
m4a1,35.0
m4a1,39.515625
m4a1,43.046875
m4a1,51.625
m4a1,69.765625
mac-10,43.109375
mp9,43.578125
m4a1,71.28125
awp,79.40625
ak-47,39.71875
ak-47,40.515625
m4a1,41.796875
ak-47,42.59375
ak-47,16.5
ak-47,19.09375
m4a1,21.890625
ak-47,22.4375
ak-47,28.671875
ak-47,29.90625
ak-47,35.28125
ak-47,51.015625
ak-47,67.96875
m4a1,68.25
m4a1,69.234375
m4a1,74.46875
m4a1,46.546875
m4a1,61.453125
ak-47,62.609375
m4a1,67.40625
m4a1,82.0625
awp,14.359375
ak-47,16.046875
m4a1,17.1875
ak-47,33.78125
m4a1,40.875
awp,43.140625
ak-47,46.5625
ak-47,50.96875
ak-47,52.109375
ak-47,54.3125
ak-47,17.734375
ak-47,17.890625
ak-47,84.171875
ak-47,85.203125
ak-47,86.40625
ak-47,92.484375
ak-47,104.40625
mac-10,105.265625
ak-47,105.515625
m4a1,14.515625
ak-47,14.84375
ak-47,52.15625
m4a1,71.203125
m4a1,74.5625
m4a1,80.453125
ak-47,81.296875
awp,82.375
awp,13.75
m4a1,19.0625
ak-47,21.15625
m4a1,22.671875
m4a1,23.75
m4a1,27.390625
awp,15.984375
ak-47,17.3125
ak-47,20.15625
ak-47,30.328125
m4a1,25.0625
ak-47,25.65625
ak-47,28.515625
ak-47,32.0
m4a1,51.6875
ak-47,69.890625
ak-47,21.25
ak-47,38.484375
ak-47,57.09375
awp,95.953125
m4a1,95.421875
m4a1,95.921875
m4a1,96.921875
m4a1,101.15625
m4a1,105.359375
ak-47,18.484375
m4a1,23.46875
ak-47,23.625
m4a1,24.1875
m4a1,30.15625
ak-47,37.734375
ak-47,56.671875
m4a1,30.78125
ak-47,39.34375
ak-47,68.796875
awp,10.953125
ak-47,46.953125
awp,58.8125
ak-47,60.609375
ak-47,61.4375
ak-47,16.53125
ak-47,25.921875
m4a1,26.390625
m4a1,99.21875
ak-47,29.703125
ak-47,49.34375
ak-47,59.921875
ak-47,70.421875
ak-47,12.96875
ak-47,46.15625
ak-47,49.890625
m4a1,50.453125
awp,51.65625
m4a1,63.359375
awp,63.828125
ak-47,64.5625
awp,13.234375
awp,13.234375
ak-47,14.765625
ak-47,16.09375
ak-47,25.84375
m4a1,28.390625
ak-47,29.390625
ak-47,36.21875
m4a1,77.0
awp,77.515625
ak-47,82.921875
m4a1,88.921875
ak-47,7.984375
ak-47,21.109375
ak-47,29.484375
awp,33.421875
m4a1,62.28125
ak-47,83.828125
ak-47,90.359375
ak-47,12.5625
awp,14.046875
ak-47,28.265625
mp9,31.625
ak-47,33.140625
awp,36.78125
m4a1,71.515625
ak-47,80.375
awp,85.328125
m4a1,89.828125
m4a1,110.9375
m4a1,112.453125
ak-47,10.0625
awp,10.421875
ak-47,28.015625
m4a1,29.296875
m4a1,30.390625
m4a1,35.203125
ak-47,41.359375
m4a1,30.28125
m4a1,75.84375
m4a1,77.046875
ak-47,77.296875
awp,82.203125
awp,86.921875
mp9,11.0
mp9,21.390625
mp9,33.328125
mp9,54.75
ak-47,44.796875
ak-47,102.921875
m4a1,105.578125
ak-47,24.203125
ak-47,30.15625
ak-47,46.703125
ak-47,53.703125
ak-47,66.125
ak-47,31.671875
ak-47,41.3125
ak-47,54.8125
ak-47,67.46875
ak-47,76.421875
ak-47,76.71875
ak-47,77.53125
awp,79.515625
ak-47,25.59375
ak-47,31.15625
ak-47,50.6875
ak-47,61.71875
ak-47,22.75
ak-47,29.296875
awp,31.625
m4a1,37.265625
awp,43.953125
awp,47.625
awp,76.453125
ak-47,78.078125
m4a1,85.875
ak-47,88.515625
ak-47,90.046875
awp,23.046875
ak-47,23.765625
ak-47,26.9375
awp,28.109375
m4a1,37.375
ak-47,42.1875
awp,70.703125
awp,107.296875
ak-47,40.875
ak-47,51.125
ak-47,52.6875
ak-47,64.90625
ak-47,71.6875
awp,74.4375
ak-47,80.4375
m4a1,27.78125
m4a1,31.15625
ak-47,14.5
ak-47,55.390625
ak-47,57.765625
m4a1,70.546875
ak-47,71.40625
ak-47,80.359375
ak-47,81.15625
ak-47,84.875
m4a1,85.421875
mac-10,85.5625
ak-47,87.015625
ak-47,88.625
m4a1,97.4375
m4a1,13.875
ak-47,16.734375
m4a1,37.53125
m4a1,17.859375
m4a1,34.578125
awp,59.25
ak-47,59.46875
ak-47,61.03125
awp,64.15625
m4a1,85.953125
m4a1,88.421875
m4a1,91.640625
m4a1,99.328125
m4a1,22.375
m4a1,23.078125
mp9,24.53125
mp9,29.5625
mp9,20.125
m4a1,25.015625
ak-47,29.015625
ak-47,37.109375
m4a1,42.125
ak-47,11.59375
m4a1,12.328125
ak-47,13.140625
ak-47,57.921875
ak-47,83.8125
ak-47,90.890625
ak-47,96.203125
ak-47,35.453125
ak-47,50.546875
ak-47,73.203125
ak-47,75.75
m4a1,75.984375
m4a1,76.875
ak-47,25.015625
ak-47,57.328125
ak-47,107.0625
ak-47,108.6875
ak-47,41.859375
ak-47,42.25
ak-47,43.4375
ak-47,49.90625
ak-47,70.59375
ak-47,87.328125
ak-47,111.375
ak-47,23.125
m4a1,25.609375
m4a1,52.4375
m4a1,80.296875
ak-47,97.8125
m4a1,98.296875
awp,106.65625
ak-47,16.109375
ak-47,23.828125
ak-47,24.859375
ak-47,51.25
awp,90.609375
awp,95.5625
ak-47,14.03125
m4a1,14.140625
m4a1,77.65625
ak-47,79.046875
m4a1,82.015625
m4a1,83.09375
mac-10,96.5625
m4a1,97.96875
m4a1,33.828125
awp,67.453125
ak-47,15.78125
ak-47,17.078125
ak-47,32.90625
ak-47,39.375
ak-47,61.046875
mac-10,16.125
mp9,16.625
ak-47,19.28125
ak-47,86.828125
mp9,87.71875
m4a1,15.09375
m4a1,38.984375
m4a1,63.125
mp9,63.328125
ak-47,68.375
mp9,71.96875
ak-47,18.75
ak-47,20.09375
ak-47,30.765625
m4a1,22.625
ak-47,36.4375
awp,60.953125
ak-47,80.0625
ak-47,40.0
ak-47,59.1875
ak-47,69.5
ak-47,86.265625
ak-47,94.0
ak-47,103.75
ak-47,107.3125
mac-10,14.453125
ak-47,45.390625
ak-47,46.515625
ak-47,47.8125
ak-47,105.796875
ak-47,48.96875
ak-47,49.578125
m4a1,70.421875
ak-47,71.015625
m4a1,71.578125
ak-47,21.3125
m4a1,28.703125
ak-47,33.34375
ak-47,36.296875
ak-47,36.609375
ak-47,45.1875
ak-47,46.984375
ak-47,47.125
ak-47,53.015625
ak-47,17.171875
ak-47,21.34375
ak-47,22.140625
mp9,25.796875
m4a1,38.484375
mac-10,40.140625
m4a1,40.15625
m4a1,41.671875
m4a1,42.15625
m4a1,51.25
m4a1,11.984375
m4a1,13.546875
m4a1,16.953125
mp9,39.828125
mp9,58.78125
ak-47,14.484375
m4a1,29.96875
ak-47,31.921875
ak-47,42.734375
mp9,58.21875
ak-47,64.640625
m4a1,37.03125
ak-47,44.0
awp,44.859375
m4a1,61.765625
ak-47,74.953125
ak-47,88.921875
ak-47,92.5625
ak-47,97.6875
awp,24.53125
m4a1,25.9375
m4a1,28.25
m4a1,34.28125
m4a1,37.96875
awp,43.5
awp,45.3125
ak-47,47.25
ak-47,47.5625
ak-47,49.5625
m4a1,59.09375
ak-47,66.28125
ak-47,67.953125
ak-47,68.5
ak-47,72.421875
awp,13.34375
ak-47,25.65625
m4a1,28.09375
ak-47,35.34375
ak-47,40.15625
m4a1,60.5
ak-47,66.171875
m4a1,66.5625
ak-47,87.515625
ak-47,50.328125
awp,56.328125
awp,56.328125
awp,58.078125
m4a1,59.828125
awp,41.40625
awp,44.75
ak-47,44.875
ak-47,60.578125
m4a1,72.703125
ak-47,74.1875
ak-47,53.125
ak-47,54.59375
ak-47,56.109375
ak-47,68.03125
m4a1,81.921875
awp,82.359375
ak-47,102.0
ak-47,65.328125
m4a1,66.09375
m4a1,66.6875
m4a1,68.6875
mac-10,69.078125
m4a1,70.625
mp9,98.90625
mp9,50.21875
ak-47,71.484375
ak-47,94.40625
m4a1,103.265625
m4a1,107.109375
m4a1,112.21875
ak-47,55.78125
ak-47,62.546875
ak-47,70.9375
mp9,113.3125
ak-47,113.84375
ak-47,27.1875
ak-47,43.84375
ak-47,84.25
mp9,86.203125
ak-47,47.375
m4a1,80.84375
m4a1,86.515625
ak-47,88.28125
ak-47,90.5
ak-47,93.90625
m4a1,104.078125
mac-10,28.125
m4a1,39.609375
m4a1,39.65625
mac-10,50.859375
m4a1,54.578125
ak-47,42.796875
m4a1,46.59375
ak-47,97.34375
ak-47,108.75
m4a1,75.578125
ak-47,75.703125
m4a1,76.6875
ak-47,78.578125
m4a1,84.640625
ak-47,86.078125
ak-47,87.484375
m4a1,88.515625
ak-47,93.71875
ak-47,50.328125
ak-47,51.515625
ak-47,54.265625
ak-47,67.265625
ak-47,77.03125
m4a1,17.65625
m4a1,45.265625
m4a1,45.84375
ak-47,62.0625
ak-47,74.4375
ak-47,75.046875
awp,20.640625
m4a1,31.71875
ak-47,64.859375
awp,73.875
m4a1,76.296875
m4a1,77.03125
ak-47,90.5625
ak-47,103.953125
awp,7.859375
ak-47,62.75
m4a1,66.171875
ak-47,67.9375
awp,71.640625
ak-47,77.875
awp,7.34375
ak-47,12.78125
ak-47,23.734375
ak-47,46.3125
ak-47,55.28125
ak-47,62.5
ak-47,17.5
ak-47,19.71875
awp,45.46875
ak-47,50.125
ak-47,62.640625
awp,66.328125
awp,71.765625
awp,81.4375
awp,89.03125
ak-47,11.546875
awp,14.28125
m4a1,22.921875
m4a1,24.8125
ak-47,45.984375
m4a1,46.46875
awp,48.921875
m4a1,52.875
mac-10,27.34375
mp9,29.5625
mp9,36.328125
ak-47,41.5625
mp9,45.34375
ak-47,45.8125
mp9,47.796875
ak-47,12.109375
m4a1,37.3125
m4a1,41.421875
ak-47,42.546875
ak-47,43.046875
m4a1,19.21875
m4a1,20.6875
m4a1,38.03125
ak-47,41.984375
ak-47,50.890625
m4a1,15.875
m4a1,18.71875
awp,20.890625
m4a1,21.296875
ak-47,23.40625
ak-47,27.25
ak-47,41.203125
m4a1,41.84375
ak-47,26.625
ak-47,36.78125
mac-10,41.984375
m4a1,55.71875
mac-10,56.015625
m4a1,64.15625
m4a1,98.984375
m4a1,103.21875
m4a1,105.765625
m4a1,26.328125
m4a1,26.640625
m4a1,41.0
m4a1,80.21875
ak-47,56.640625
ak-47,57.34375
ak-47,57.9375
ak-47,58.4375
m4a1,65.78125
m4a1,22.890625
ak-47,23.578125
ak-47,31.09375
m4a1,31.53125
m4a1,32.921875
ak-47,43.8125
ak-47,49.78125
ak-47,54.390625
awp,12.140625
ak-47,19.546875
awp,23.328125
ak-47,25.734375
m4a1,43.296875
m4a1,66.703125
awp,73.203125
ak-47,77.21875
ak-47,77.921875
ak-47,81.265625
m4a1,85.234375
awp,12.328125
awp,14.296875
ak-47,58.34375
ak-47,65.40625
ak-47,77.25
awp,10.0
ak-47,20.15625
ak-47,27.609375
ak-47,28.125
ak-47,62.828125
awp,66.546875
m4a1,73.734375
ak-47,103.046875
awp,103.140625
m4a1,109.171875
m4a1,112.078125
ak-47,114.890625
awp,13.328125
ak-47,24.8125
ak-47,27.65625
m4a1,46.671875
awp,47.59375
awp,56.265625
m4a1,57.5
m4a1,11.53125
mp9,41.484375
m4a1,53.953125
m4a1,57.015625
m4a1,62.125
m4a1,20.75
ak-47,36.234375
ak-47,56.8125
m4a1,58.59375
ak-47,61.34375
m4a1,64.796875
awp,38.671875
m4a1,43.296875
ak-47,44.890625
ak-47,45.875
m4a1,46.09375
m4a1,57.65625
ak-47,27.484375
ak-47,29.0625
ak-47,54.375
ak-47,56.71875
m4a1,58.953125
m4a1,78.203125
ak-47,24.15625
ak-47,47.0
ak-47,47.5
m4a1,49.421875
ak-47,53.03125
ak-47,78.484375
ak-47,37.515625
ak-47,45.28125
m4a1,48.078125
m4a1,49.78125
ak-47,57.40625
ak-47,26.4375
mac-10,31.953125
m4a1,32.46875
m4a1,42.71875
mac-10,48.15625
m4a1,43.171875
mp9,45.15625
m4a1,46.890625
m4a1,47.953125
m4a1,31.765625
m4a1,38.4375
m4a1,45.921875
mp9,54.921875
m4a1,99.6875
ak-47,99.015625
m4a1,102.796875
ak-47,104.125
awp,109.640625
awp,18.125
ak-47,49.84375
ak-47,50.984375
ak-47,53.046875
awp,56.71875
ak-47,60.0
m4a1,50.171875
ak-47,85.28125
ak-47,87.375
awp,94.0625
m4a1,20.421875
ak-47,23.140625
ak-47,24.515625
ak-47,37.203125
ak-47,61.359375
ak-47,67.125
ak-47,23.65625
m4a1,26.984375
m4a1,65.09375
ak-47,65.953125
ak-47,83.40625
awp,85.21875
ak-47,24.34375
awp,87.546875
awp,93.328125
ak-47,99.34375
awp,99.4375
awp,21.015625
ak-47,23.859375
ak-47,29.859375
ak-47,49.828125
awp,68.140625
awp,78.1875
ak-47,89.53125
ak-47,36.6875
ak-47,37.53125
mp9,42.296875
ak-47,44.4375
awp,78.078125
m4a1,80.53125
m4a1,83.90625
awp,96.375
m4a1,69.390625
ak-47,75.328125
m4a1,76.703125
ak-47,78.875
ak-47,80.40625
awp,80.953125
awp,105.65625
mp9,19.90625
mac-10,22.4375
m4a1,26.90625
m4a1,37.734375
m4a1,50.59375
m4a1,14.296875
m4a1,20.15625
m4a1,33.25
m4a1,44.03125
mp9,16.375
ak-47,87.21875
mac-10,88.890625
mp9,18.171875
mp9,20.078125
ak-47,81.546875
ak-47,39.484375
ak-47,42.40625
awp,48.328125
ak-47,38.9375
ak-47,40.234375
awp,12.40625
ak-47,86.796875
awp,87.765625
ak-47,88.375
awp,27.234375
awp,33.03125
ak-47,36.09375
awp,36.9375
ak-47,37.203125
awp,39.28125
ak-47,96.828125
ak-47,101.203125
ak-47,105.0625
ak-47,19.140625
m4a1,20.484375
awp,64.59375
m4a1,84.890625
ak-47,97.6875
ak-47,103.46875
awp,19.59375
ak-47,27.546875
ak-47,31.640625
ak-47,52.375
m4a1,60.921875
ak-47,94.375
awp,87.296875
m4a1,97.96875
m4a1,100.859375
awp,110.1875
m4a1,34.234375
m4a1,45.546875
ak-47,55.015625
awp,66.015625
ak-47,67.59375
m4a1,69.84375
ak-47,74.265625
m4a1,108.96875
m4a1,109.90625
ak-47,114.875
m4a1,46.625
m4a1,46.921875
ak-47,49.34375
m4a1,66.9375
m4a1,76.984375
m4a1,69.734375
m4a1,72.75
mp9,74.59375
m4a1,79.796875
m4a1,85.640625
awp,14.3125
ak-47,14.53125
m4a1,19.609375
awp,23.3125
m4a1,24.109375
ak-47,27.375
ak-47,33.984375
m4a1,35.265625
m4a1,8.75
ak-47,24.921875
ak-47,26.84375
ak-47,41.296875
ak-47,41.609375
ak-47,22.390625
m4a1,23.03125
m4a1,25.140625
m4a1,26.5625
ak-47,26.78125
m4a1,30.90625
awp,46.109375
awp,12.671875
m4a1,17.40625
m4a1,18.921875
ak-47,24.90625
awp,27.921875
ak-47,31.296875
ak-47,40.546875
ak-47,52.734375
m4a1,59.421875
awp,63.484375
ak-47,89.546875
ak-47,91.90625
m4a1,14.921875
m4a1,20.046875
ak-47,20.515625
awp,22.25
m4a1,23.296875
awp,25.796875
mac-10,71.03125
mac-10,72.890625
mp9,78.65625
mp9,80.34375
mp9,81.03125
mp9,38.921875
m4a1,40.96875
mac-10,42.625
mp9,78.046875
mp9,78.671875
mac-10,79.234375
mp9,94.28125
mp9,15.328125
mp9,17.453125
ak-47,34.984375
ak-47,45.3125
ak-47,106.21875
m4a1,106.640625
m4a1,107.921875
m4a1,109.5
mp9,12.84375
mp9,13.859375
mp9,14.515625
m4a1,15.21875
m4a1,16.453125
ak-47,42.40625
ak-47,73.625
ak-47,80.359375
m4a1,13.359375
ak-47,20.828125
mp9,48.390625
awp,51.546875
m4a1,90.5625
ak-47,30.65625
m4a1,59.328125
ak-47,61.09375
ak-47,63.015625
m4a1,63.1875
ak-47,64.65625
ak-47,97.796875
ak-47,11.4375
m4a1,17.59375
ak-47,19.3125
m4a1,85.046875
m4a1,85.828125
ak-47,92.953125
m4a1,97.265625
awp,113.484375
m4a1,114.453125
m4a1,42.171875
ak-47,89.8125
m4a1,93.625
m4a1,94.734375
ak-47,35.453125
ak-47,36.609375
awp,60.125
m4a1,62.984375
mac-10,48.578125
ak-47,40.125
awp,30.59375
ak-47,35.421875
ak-47,43.890625
ak-47,49.6875
m4a1,54.6875
m4a1,76.703125
ak-47,77.84375
m4a1,88.40625
awp,26.5625
ak-47,39.90625
awp,40.453125
ak-47,44.8125
ak-47,55.265625
awp,88.078125
awp,90.375
ak-47,53.3125
awp,89.0
awp,95.828125
ak-47,39.515625
m4a1,47.5
ak-47,52.328125
awp,74.765625
ak-47,84.40625
m4a1,16.78125
m4a1,73.390625
m4a1,76.03125
ak-47,76.703125
m4a1,89.0625
m4a1,89.265625
awp,107.953125
m4a1,110.703125
ak-47,38.65625
ak-47,76.203125
ak-47,100.453125
ak-47,71.796875
ak-47,73.140625
ak-47,76.21875
ak-47,76.984375
awp,24.140625
m4a1,33.296875
m4a1,33.703125
ak-47,104.203125
mac-10,106.125
m4a1,107.625
awp,109.21875
ak-47,111.015625
ak-47,15.375
awp,73.390625
ak-47,61.890625
ak-47,87.625
awp,13.5625
awp,47.390625
ak-47,49.09375
ak-47,51.890625
m4a1,100.703125
ak-47,23.390625
ak-47,24.25
ak-47,25.75
ak-47,25.859375
ak-47,58.8125
mac-10,56.796875
m4a1,59.515625
mp9,87.390625
m4a1,88.3125
mac-10,89.15625
awp,84.8125
m4a1,85.75
awp,89.71875
m4a1,92.90625
mp9,102.75
m4a1,77.34375
m4a1,77.453125
awp,78.859375
awp,94.40625
m4a1,97.375
m4a1,102.875
ak-47,103.390625
awp,30.859375
m4a1,36.84375
m4a1,42.171875
m4a1,43.515625
awp,46.84375
ak-47,47.578125
ak-47,52.625
ak-47,52.734375
m4a1,101.109375
m4a1,82.125
m4a1,83.0
m4a1,83.515625
m4a1,99.40625
awp,101.5625
awp,49.265625
m4a1,65.5
m4a1,65.796875
ak-47,69.390625
m4a1,75.0625
m4a1,78.8125
ak-47,55.3125
awp,66.5
m4a1,67.71875
ak-47,95.359375
ak-47,98.90625
ak-47,57.5
ak-47,70.234375
m4a1,71.578125
awp,98.53125
ak-47,102.71875
ak-47,106.171875
awp,97.375
ak-47,100.953125
awp,101.140625
ak-47,106.625
ak-47,53.921875
ak-47,54.78125
m4a1,54.90625
awp,61.9375
ak-47,80.640625
ak-47,82.09375
ak-47,37.65625
ak-47,93.859375
ak-47,94.890625
ak-47,96.1875
m4a1,98.4375
ak-47,100.6875
ak-47,43.125
ak-47,43.84375
ak-47,51.125
ak-47,52.375
ak-47,55.34375
mac-10,13.578125
mac-10,13.796875
mac-10,17.796875
mac-10,26.390625
mac-10,30.765625
awp,13.6875
ak-47,17.890625
awp,37.125
ak-47,39.0625
ak-47,36.453125
m4a1,36.78125
ak-47,40.09375
ak-47,43.46875
ak-47,64.0
ak-47,100.171875
ak-47,101.9375
mac-10,20.78125
m4a1,28.0
m4a1,29.546875
m4a1,31.109375
awp,32.578125
awp,79.65625
awp,97.359375
mac-10,101.390625
awp,10.40625
m4a1,14.71875
ak-47,21.5
m4a1,55.5625
ak-47,55.71875
ak-47,74.09375
ak-47,23.3125
ak-47,27.5
ak-47,28.109375
ak-47,73.578125
ak-47,74.953125
awp,98.34375
ak-47,107.71875
m4a1,24.15625
ak-47,26.6875
ak-47,28.96875
ak-47,29.921875
awp,43.4375
awp,46.015625
m4a1,48.359375
ak-47,24.53125
ak-47,30.671875
ak-47,32.359375
awp,34.03125
m4a1,41.078125
m4a1,19.828125
awp,45.71875
awp,59.40625
awp,92.515625
m4a1,97.796875
m4a1,36.9375
m4a1,37.734375
mp9,85.453125
mp9,88.90625
m4a1,30.46875
m4a1,31.0625
mp9,34.40625
m4a1,37.140625
m4a1,38.515625
m4a1,44.46875
m4a1,51.59375
m4a1,52.578125
awp,53.84375
m4a1,64.15625
ak-47,63.21875
ak-47,64.734375
ak-47,16.859375
ak-47,19.484375
mac-10,20.078125
ak-47,27.96875
mp9,29.0
m4a1,29.921875
ak-47,44.90625
ak-47,66.046875
ak-47,69.53125
m4a1,88.1875
m4a1,89.5625
ak-47,32.703125
awp,71.296875
awp,92.109375
ak-47,95.3125
ak-47,97.21875
ak-47,106.859375
ak-47,17.765625
ak-47,56.6875
ak-47,57.84375
ak-47,76.359375
ak-47,93.3125
mac-10,17.828125
ak-47,21.96875
ak-47,29.265625
ak-47,17.640625
ak-47,22.078125
m4a1,24.390625
m4a1,27.578125
m4a1,29.703125
ak-47,40.609375
m4a1,66.234375
ak-47,68.8125
ak-47,73.046875
ak-47,48.890625
ak-47,50.234375
ak-47,51.390625
ak-47,54.0
ak-47,64.8125
ak-47,66.25
ak-47,56.09375
ak-47,63.828125
ak-47,79.46875
ak-47,84.234375
ak-47,101.3125
m4a1,26.9375
ak-47,30.421875
m4a1,30.921875
awp,33.125
m4a1,38.703125
m4a1,22.625
m4a1,22.6875
m4a1,23.3125
ak-47,23.6875
m4a1,28.90625
m4a1,35.453125
m4a1,7.96875
m4a1,52.921875
ak-47,64.921875
ak-47,76.1875
m4a1,85.625
m4a1,24.109375
m4a1,60.734375
ak-47,62.53125
ak-47,63.859375
ak-47,78.515625
ak-47,40.90625
mp9,41.359375
mp9,47.21875
mp9,49.96875
ak-47,52.65625
m4a1,53.90625
m4a1,58.578125
ak-47,16.65625
ak-47,45.625
ak-47,46.53125
awp,50.5
m4a1,89.71875
ak-47,15.0
ak-47,16.34375
m4a1,27.109375
ak-47,28.5
mp9,37.359375
mp9,39.171875
ak-47,30.109375
ak-47,34.84375
ak-47,53.859375
ak-47,55.203125
ak-47,29.046875
ak-47,30.109375
ak-47,31.578125
ak-47,38.09375
ak-47,42.1875
mac-10,43.0
mac-10,43.6875
m4a1,44.515625
ak-47,49.03125
ak-47,50.21875
ak-47,71.171875
ak-47,59.265625
ak-47,62.015625
ak-47,64.03125
ak-47,65.21875
ak-47,69.671875
ak-47,18.390625
ak-47,22.84375
ak-47,23.15625
ak-47,66.359375
ak-47,74.953125
awp,35.984375
ak-47,63.59375
ak-47,70.40625
ak-47,71.796875
ak-47,22.484375
m4a1,29.0
m4a1,95.765625
m4a1,97.0625
m4a1,100.328125
ak-47,25.796875
ak-47,27.59375
ak-47,51.015625
ak-47,56.578125
ak-47,63.5
ak-47,41.984375
ak-47,52.90625
ak-47,53.28125
ak-47,54.890625
ak-47,27.609375
awp,42.4375
ak-47,45.46875
ak-47,46.609375
m4a1,59.4375
ak-47,76.109375
m4a1,22.09375
m4a1,25.3125
m4a1,27.015625
m4a1,31.078125
m4a1,33.328125
ak-47,66.453125
m4a1,66.6875
m4a1,81.53125
ak-47,82.625
ak-47,82.703125
m4a1,84.234375
ak-47,84.28125
ak-47,94.859375
ak-47,22.3125
mac-10,33.59375
ak-47,36.703125
ak-47,42.359375
ak-47,76.703125
m4a1,14.578125
ak-47,18.875
ak-47,26.0625
m4a1,28.140625
ak-47,28.984375
m4a1,43.8125
m4a1,51.609375
ak-47,26.578125
m4a1,43.03125
m4a1,68.640625
ak-47,86.875
m4a1,94.25
m4a1,97.171875
m4a1,29.8125
m4a1,29.8125
ak-47,32.203125
ak-47,32.515625
ak-47,8.21875
ak-47,10.90625
ak-47,20.375
ak-47,20.984375
ak-47,21.234375
ak-47,23.25
ak-47,45.328125
ak-47,59.5
mac-10,89.421875
ak-47,91.1875
m4a1,93.546875
m4a1,95.75
m4a1,100.359375
ak-47,9.84375
ak-47,10.34375
mp9,20.03125
ak-47,34.6875
ak-47,38.578125
ak-47,39.078125
ak-47,21.453125
m4a1,22.84375
ak-47,24.515625
m4a1,47.5
awp,32.84375
ak-47,39.578125
m4a1,52.03125
ak-47,52.90625
ak-47,62.21875
ak-47,65.78125
ak-47,66.375
ak-47,15.0
ak-47,17.421875
ak-47,29.53125
mp9,42.125
mp9,44.828125
awp,86.125
ak-47,88.09375
ak-47,88.125
m4a1,91.515625
m4a1,93.21875
ak-47,16.875
ak-47,17.859375
ak-47,18.0625
ak-47,20.5
ak-47,22.3125
ak-47,22.875
ak-47,31.484375
m4a1,36.515625
mac-10,40.65625
m4a1,41.0
m4a1,43.890625
ak-47,44.90625
awp,49.015625
ak-47,61.265625
m4a1,31.046875
m4a1,33.484375
m4a1,38.796875
m4a1,42.53125
m4a1,43.5
ak-47,15.765625
ak-47,20.796875
m4a1,21.9375
ak-47,22.5625
ak-47,30.59375
ak-47,87.859375
ak-47,88.75
awp,15.625
m4a1,16.734375
m4a1,32.03125
ak-47,32.359375
m4a1,35.046875
ak-47,35.546875
m4a1,37.96875
ak-47,57.328125
m4a1,22.734375
m4a1,34.71875
m4a1,35.46875
ak-47,87.359375
m4a1,17.296875
m4a1,17.703125
m4a1,21.71875
ak-47,34.921875
m4a1,38.046875
ak-47,39.203125
awp,41.03125
awp,42.640625
awp,61.75
ak-47,62.78125
awp,72.375
m4a1,58.390625
mp9,64.890625
ak-47,74.6875
m4a1,83.578125
m4a1,84.109375
m4a1,50.234375
ak-47,51.828125
ak-47,52.125
m4a1,53.515625
ak-47,17.390625
ak-47,26.28125
ak-47,76.421875
m4a1,86.859375
ak-47,87.734375
ak-47,87.953125
m4a1,97.890625
m4a1,99.765625
m4a1,108.65625
ak-47,58.75
ak-47,61.875
ak-47,62.34375
ak-47,68.15625
m4a1,72.21875
ak-47,24.828125
ak-47,32.625
ak-47,36.1875
ak-47,36.609375
awp,36.71875
ak-47,37.40625
ak-47,60.78125
m4a1,67.859375
ak-47,71.078125
m4a1,58.875
m4a1,60.03125
m4a1,96.03125
ak-47,98.34375
ak-47,101.6875
awp,103.375
ak-47,32.671875
ak-47,33.875
ak-47,52.71875
ak-47,71.28125
ak-47,84.8125
ak-47,61.625
ak-47,65.125
ak-47,88.484375
ak-47,91.0
awp,25.015625
m4a1,34.34375
awp,64.78125
m4a1,100.171875
m4a1,101.140625
ak-47,101.84375
ak-47,104.9375
awp,31.234375
ak-47,80.03125
awp,91.6875
ak-47,106.90625
ak-47,86.171875
ak-47,108.3125
ak-47,16.109375
ak-47,41.5
ak-47,42.953125
ak-47,45.71875
ak-47,60.625
ak-47,62.265625
awp,12.015625
ak-47,12.875
m4a1,14.25
ak-47,20.25
m4a1,61.03125
ak-47,63.96875
ak-47,68.71875
ak-47,70.390625
m4a1,33.484375
ak-47,35.71875
ak-47,37.609375
m4a1,38.875
ak-47,39.4375
ak-47,41.984375
awp,73.328125
ak-47,29.671875
ak-47,31.078125
ak-47,34.40625
ak-47,77.34375
ak-47,23.1875
m4a1,25.515625
ak-47,55.84375
ak-47,55.890625
ak-47,61.5625
ak-47,64.96875
ak-47,93.28125
mp9,79.25
ak-47,99.890625
mp9,19.453125
mp9,36.640625
mp9,37.59375
ak-47,38.421875
mp9,52.5
ak-47,55.375
ak-47,67.703125
ak-47,75.46875
awp,34.546875
m4a1,37.984375
m4a1,38.328125
ak-47,40.1875
m4a1,46.203125
m4a1,46.5
awp,40.75
ak-47,41.03125
m4a1,47.015625
m4a1,69.4375
m4a1,78.015625
ak-47,108.78125
mac-10,65.0625
mac-10,72.171875
mac-10,73.515625
m4a1,29.734375
mac-10,72.75
m4a1,89.71875
m4a1,92.53125
mac-10,97.0625
mp9,51.828125
ak-47,52.125
ak-47,53.453125
ak-47,106.59375
ak-47,91.625
m4a1,92.390625
ak-47,93.15625
awp,95.140625
m4a1,97.921875
awp,98.421875
ak-47,104.46875
ak-47,73.4375
ak-47,74.296875
mp9,79.921875
mp9,80.515625
mp9,81.203125
ak-47,37.375
ak-47,43.21875
ak-47,32.390625
ak-47,32.59375
ak-47,40.296875
ak-47,13.4375
ak-47,35.390625
m4a1,93.9375
ak-47,101.953125
m4a1,102.046875
m4a1,102.953125
m4a1,103.84375
ak-47,17.390625
ak-47,21.828125
ak-47,61.75
m4a1,77.109375
ak-47,88.28125
m4a1,29.125
m4a1,64.953125
awp,74.40625
ak-47,98.65625
m4a1,106.9375
ak-47,81.046875
ak-47,84.09375
m4a1,88.5625
awp,96.484375
ak-47,103.296875
m4a1,107.6875
mac-10,21.421875
mac-10,35.65625
mac-10,38.703125
m4a1,35.28125
m4a1,35.5
m4a1,36.890625
ak-47,37.765625
ak-47,42.484375
ak-47,47.265625
m4a1,68.203125
ak-47,91.21875
ak-47,92.109375
ak-47,93.578125
ak-47,22.875
ak-47,47.6875
m4a1,48.375
m4a1,79.421875
m4a1,82.078125
m4a1,83.9375
mp9,89.8125
ak-47,17.84375
ak-47,19.078125
ak-47,26.75
ak-47,35.421875
ak-47,35.609375
ak-47,39.875
mp9,72.65625
mp9,102.0
ak-47,106.921875
m4a1,48.515625
ak-47,58.234375
ak-47,61.078125
ak-47,65.84375
ak-47,76.171875
awp,75.65625
mp9,98.1875
awp,67.140625
ak-47,103.015625
m4a1,13.0625
m4a1,22.21875
awp,33.59375
ak-47,35.671875
ak-47,44.6875
awp,76.328125
m4a1,80.03125
ak-47,26.359375
ak-47,27.625
mac-10,57.34375
m4a1,63.546875
ak-47,75.71875
ak-47,97.4375
ak-47,103.15625
ak-47,105.3125
ak-47,87.9375
ak-47,90.203125
mp9,92.0625
ak-47,92.796875
mp9,103.671875
ak-47,111.578125
mp9,114.578125
m4a1,48.015625
ak-47,48.609375
m4a1,55.984375
m4a1,80.9375
ak-47,84.15625
ak-47,85.0
mp9,59.328125
mp9,60.78125
ak-47,65.390625
m4a1,70.359375
m4a1,71.734375
mp9,72.859375
m4a1,20.921875
m4a1,22.015625
ak-47,43.359375
ak-47,47.59375
awp,24.6875
ak-47,53.40625
awp,58.6875
ak-47,66.53125
ak-47,80.078125
awp,39.78125
awp,65.328125
m4a1,67.671875
awp,68.5
m4a1,69.78125
awp,22.78125
ak-47,54.625
awp,56.40625
ak-47,59.8125
m4a1,65.28125
ak-47,66.03125
ak-47,67.015625
ak-47,69.046875
m4a1,26.46875
m4a1,27.546875
m4a1,36.40625
m4a1,44.234375
m4a1,58.5625
m4a1,60.96875
ak-47,64.265625
ak-47,65.515625
m4a1,83.40625
m4a1,91.328125
ak-47,92.453125
ak-47,97.953125
ak-47,72.40625
ak-47,74.03125
m4a1,11.875
m4a1,12.46875
ak-47,13.5
ak-47,16.8125
ak-47,17.59375
ak-47,48.75
m4a1,49.375
m4a1,60.65625
m4a1,62.578125
m4a1,68.609375
ak-47,59.578125
ak-47,60.109375
ak-47,61.84375
ak-47,62.0
m4a1,82.796875
m4a1,88.0625
awp,100.03125
m4a1,101.359375
awp,53.890625
m4a1,67.234375
ak-47,71.734375
m4a1,72.9375
ak-47,73.515625
ak-47,86.9375
ak-47,88.5
m4a1,19.296875
m4a1,22.921875
m4a1,27.140625
m4a1,27.9375
m4a1,37.25
ak-47,63.265625
m4a1,63.59375
m4a1,70.09375
m4a1,72.0625
m4a1,73.96875
ak-47,32.828125
ak-47,34.328125
awp,40.546875
ak-47,49.6875
awp,51.1875
ak-47,53.640625
awp,24.078125
awp,46.109375
awp,54.703125
ak-47,59.015625
awp,66.859375
ak-47,18.328125
ak-47,19.546875
ak-47,37.9375
ak-47,80.125
ak-47,42.140625
m4a1,45.515625
ak-47,46.859375
m4a1,47.046875
ak-47,24.65625
mp9,25.375
ak-47,26.359375
m4a1,33.625
m4a1,38.171875
m4a1,35.359375
m4a1,37.671875
m4a1,44.078125
m4a1,59.25
ak-47,39.71875
m4a1,42.859375
ak-47,43.953125
awp,48.765625
ak-47,62.609375
awp,63.765625
ak-47,77.859375
ak-47,78.65625
m4a1,22.21875
ak-47,22.796875
m4a1,75.796875
ak-47,77.015625
ak-47,78.46875
ak-47,35.875
awp,37.328125
m4a1,41.890625
m4a1,49.03125
ak-47,62.96875
m4a1,18.5
ak-47,10.578125
ak-47,13.75
ak-47,40.765625
ak-47,44.515625
ak-47,44.984375
m4a1,45.25
m4a1,47.984375
ak-47,49.109375
m4a1,65.109375
mp9,67.59375
ak-47,45.6875
ak-47,71.1875
ak-47,72.234375
ak-47,74.53125
ak-47,75.46875
ak-47,88.59375
ak-47,90.625
ak-47,40.4375
ak-47,40.9375
mp9,63.390625
mp9,70.171875
awp,78.125
awp,82.25
mac-10,16.046875
mac-10,26.4375
ak-47,29.21875
mac-10,33.9375
ak-47,38.359375
awp,19.0
ak-47,23.453125
ak-47,26.484375
ak-47,29.734375
ak-47,31.890625
ak-47,20.234375
ak-47,37.546875
ak-47,76.015625
mp9,13.375
ak-47,38.109375
m4a1,52.59375
ak-47,56.890625
m4a1,64.828125
m4a1,67.453125
ak-47,67.484375
m4a1,69.203125
ak-47,19.390625
awp,21.078125
m4a1,22.421875
m4a1,70.65625
awp,92.203125
awp,103.25
ak-47,114.828125
m4a1,74.53125
m4a1,75.265625
mac-10,23.109375
ak-47,24.953125
mac-10,27.734375
mac-10,29.5625
mac-10,31.6875
m4a1,13.671875
mac-10,14.34375
mp9,15.5625
ak-47,18.609375
m4a1,26.703125
m4a1,28.5
ak-47,29.140625
m4a1,32.796875
ak-47,25.859375
ak-47,32.828125
ak-47,44.296875
ak-47,75.328125
ak-47,76.34375
ak-47,87.96875
m4a1,88.875
m4a1,90.1875
m4a1,90.28125
mp9,27.265625
m4a1,34.546875
m4a1,53.296875
m4a1,54.734375
ak-47,66.203125
ak-47,16.375
m4a1,19.109375
m4a1,45.828125
m4a1,48.671875
ak-47,64.703125
ak-47,101.875
ak-47,114.09375
m4a1,13.984375
m4a1,14.296875
mac-10,15.21875
m4a1,29.75
ak-47,30.671875
m4a1,31.078125
m4a1,42.515625
m4a1,24.046875
m4a1,25.953125
m4a1,27.25
m4a1,29.515625
m4a1,33.265625
ak-47,34.65625
ak-47,37.640625
m4a1,40.3125
m4a1,46.328125
ak-47,31.78125
ak-47,34.03125
m4a1,36.484375
ak-47,41.328125
awp,65.4375
ak-47,74.625
ak-47,76.203125
m4a1,71.265625
ak-47,83.953125
m4a1,85.078125
ak-47,85.453125
m4a1,85.578125
ak-47,90.59375
ak-47,104.71875
ak-47,108.546875
mp9,18.96875
mp9,30.15625
ak-47,31.03125
ak-47,57.109375
mp9,58.875
ak-47,61.265625
ak-47,62.859375
mp9,63.828125
ak-47,66.140625
mp9,27.34375
mp9,61.890625
m4a1,63.953125
ak-47,18.640625
ak-47,27.34375
ak-47,28.84375
m4a1,44.0
m4a1,55.609375
m4a1,65.578125
m4a1,97.359375
m4a1,98.703125
ak-47,38.578125
awp,51.125
m4a1,52.625
ak-47,53.40625
ak-47,47.328125
ak-47,50.3125
ak-47,86.140625
ak-47,92.0
awp,12.109375
ak-47,62.796875
ak-47,63.0
m4a1,69.28125
m4a1,81.265625
ak-47,86.734375
m4a1,98.015625
ak-47,82.8125
ak-47,84.546875
ak-47,86.671875
ak-47,87.546875
ak-47,106.8125
ak-47,25.6875
ak-47,26.28125
ak-47,27.28125
ak-47,27.96875
ak-47,30.0625
ak-47,24.265625
ak-47,34.15625
ak-47,40.640625
awp,58.21875
m4a1,101.359375
ak-47,110.34375
ak-47,32.90625
ak-47,58.296875
mp9,59.46875
mp9,62.609375
mp9,69.234375
m4a1,74.515625
ak-47,23.171875
ak-47,25.421875
m4a1,16.375
m4a1,22.1875
m4a1,56.234375
ak-47,57.140625
m4a1,101.921875
awp,94.96875
awp,97.75
m4a1,101.46875
ak-47,94.609375
m4a1,97.203125
ak-47,97.421875
ak-47,99.203125
ak-47,100.015625
ak-47,100.40625
ak-47,20.984375
m4a1,55.375
m4a1,55.890625
m4a1,59.328125
m4a1,63.609375
ak-47,75.15625
m4a1,47.640625
m4a1,48.4375
ak-47,70.125
m4a1,74.0
m4a1,97.265625
m4a1,98.015625
m4a1,99.25
ak-47,109.5
ak-47,113.46875
m4a1,96.21875
ak-47,96.625
m4a1,98.0625
m4a1,98.296875
ak-47,99.90625
m4a1,47.21875
awp,56.59375
ak-47,76.484375
ak-47,77.515625
awp,114.640625
awp,21.734375
m4a1,49.03125
ak-47,49.953125
ak-47,72.390625
ak-47,72.671875
ak-47,92.703125
ak-47,99.84375
ak-47,78.375
ak-47,79.578125
awp,84.15625
ak-47,112.75
awp,42.65625
awp,49.296875
ak-47,58.359375
ak-47,73.09375
ak-47,83.15625
ak-47,84.453125
ak-47,86.03125
ak-47,93.484375
m4a1,85.078125
ak-47,86.515625
ak-47,88.765625
ak-47,110.75
m4a1,111.390625
ak-47,65.1875
m4a1,74.390625
ak-47,79.59375
ak-47,84.53125
m4a1,87.828125
ak-47,89.59375
awp,91.59375
ak-47,92.53125
mac-10,22.625
m4a1,53.578125
ak-47,84.59375
ak-47,52.1875
awp,69.203125
ak-47,85.3125
awp,101.59375
awp,111.40625
m4a1,33.34375
m4a1,83.140625
m4a1,85.96875
mp9,86.71875
mp9,87.859375
awp,71.4375
m4a1,74.0625
m4a1,75.5625
ak-47,98.875
ak-47,26.828125
m4a1,27.328125
ak-47,28.625
m4a1,52.90625
ak-47,70.203125
ak-47,71.125
m4a1,63.734375
ak-47,64.546875
m4a1,65.0625
mp9,65.328125
mp9,66.03125
ak-47,95.578125
m4a1,19.96875
awp,66.171875
ak-47,85.5
ak-47,86.59375
ak-47,87.375
ak-47,38.8125
ak-47,56.421875
m4a1,57.4375
m4a1,78.0
m4a1,78.796875
ak-47,86.71875
ak-47,90.546875
ak-47,107.5625
ak-47,114.78125
awp,63.953125
m4a1,64.390625
ak-47,65.453125
ak-47,85.46875
ak-47,87.328125
mp9,91.96875
ak-47,92.53125
mp9,41.75
mp9,42.8125
m4a1,28.0625
ak-47,29.734375
m4a1,30.8125
ak-47,34.453125
m4a1,35.703125
m4a1,48.109375
awp,88.625
awp,13.90625
ak-47,21.09375
m4a1,34.90625
m4a1,49.796875
ak-47,51.96875
ak-47,56.203125
ak-47,57.4375
ak-47,14.359375
m4a1,19.5
m4a1,20.4375
ak-47,43.734375
ak-47,44.734375
ak-47,55.625
awp,79.3125
ak-47,20.390625
mp9,21.71875
ak-47,25.640625
ak-47,31.59375
awp,45.546875
awp,76.453125
ak-47,78.4375
m4a1,30.09375
m4a1,54.71875
ak-47,55.640625
ak-47,88.984375
m4a1,93.203125
ak-47,97.28125
ak-47,99.703125
awp,14.40625
ak-47,50.765625
ak-47,57.859375
m4a1,62.765625
m4a1,79.65625
ak-47,81.09375
m4a1,81.765625
ak-47,21.734375
ak-47,36.3125
ak-47,76.5625
awp,78.90625
ak-47,84.546875
awp,13.25
awp,92.828125
awp,95.15625
ak-47,100.765625
ak-47,102.828125
awp,103.09375
ak-47,41.234375
mac-10,69.03125
mac-10,69.5625
m4a1,72.515625
m4a1,73.671875
m4a1,75.1875
ak-47,77.9375
m4a1,80.078125
ak-47,28.625
m4a1,57.3125
m4a1,60.46875
ak-47,64.4375
ak-47,69.921875
awp,25.0
ak-47,28.90625
ak-47,35.15625
ak-47,45.40625
ak-47,80.15625
ak-47,25.203125
ak-47,26.109375
awp,27.203125
ak-47,54.15625
m4a1,62.265625
ak-47,66.421875
mp9,105.78125
ak-47,31.140625
ak-47,59.25
ak-47,80.421875
ak-47,30.890625
ak-47,31.453125
ak-47,31.765625
ak-47,32.5
m4a1,48.828125
ak-47,49.515625
m4a1,50.484375
m4a1,51.46875
ak-47,61.6875
ak-47,68.796875
ak-47,71.6875
ak-47,73.546875
awp,75.546875
awp,94.40625
awp,99.828125
awp,39.453125
ak-47,40.828125
ak-47,45.34375
awp,46.296875
awp,49.34375
ak-47,30.890625
awp,50.640625
ak-47,63.171875
ak-47,63.46875
ak-47,63.578125
ak-47,78.109375
ak-47,85.265625
awp,72.6875
ak-47,78.453125
awp,15.203125
ak-47,44.125
m4a1,47.6875
awp,18.328125
ak-47,26.703125
ak-47,67.109375
ak-47,68.40625
ak-47,77.421875
awp,84.265625
m4a1,27.859375
m4a1,77.984375
m4a1,78.171875
m4a1,79.015625
m4a1,80.390625
mp9,15.046875
ak-47,15.125
mp9,18.78125
ak-47,40.65625
m4a1,42.046875
ak-47,76.859375
ak-47,78.875
ak-47,79.953125
m4a1,35.421875
m4a1,60.421875
ak-47,75.34375
ak-47,77.0
ak-47,80.65625
awp,87.09375
ak-47,40.703125
m4a1,55.984375
m4a1,56.09375
m4a1,59.1875
ak-47,66.203125
awp,105.203125
ak-47,36.71875
ak-47,36.921875
ak-47,38.328125
ak-47,45.265625
ak-47,42.65625
awp,48.09375
m4a1,48.25
ak-47,49.65625
m4a1,99.609375
ak-47,92.796875
ak-47,94.65625
m4a1,96.390625
awp,12.625
awp,15.640625
m4a1,100.296875
ak-47,101.28125
m4a1,108.09375
ak-47,110.125
awp,112.234375
m4a1,17.9375
ak-47,20.140625
m4a1,41.515625
ak-47,77.53125
m4a1,86.8125
m4a1,87.0
ak-47,91.296875
ak-47,94.359375
ak-47,95.546875
ak-47,105.109375
m4a1,113.890625
ak-47,47.796875
ak-47,48.015625
ak-47,48.90625
ak-47,63.453125
m4a1,72.21875
awp,75.3125
m4a1,54.640625
m4a1,80.0625
awp,80.796875
awp,80.796875
m4a1,84.84375
ak-47,86.609375
m4a1,86.828125
ak-47,103.21875
ak-47,13.484375
awp,14.1875
m4a1,15.96875
m4a1,22.78125
ak-47,89.4375
awp,99.21875
ak-47,19.46875
m4a1,38.875
ak-47,39.078125
ak-47,40.046875
ak-47,40.859375
ak-47,41.578125
ak-47,41.90625
awp,52.375
awp,56.140625
ak-47,60.859375
ak-47,66.25
ak-47,104.140625
ak-47,112.921875
ak-47,66.75
awp,75.125
ak-47,76.453125
ak-47,88.625
ak-47,93.0
mp9,34.984375
ak-47,35.875
ak-47,36.734375
mp9,74.1875
ak-47,74.75
ak-47,79.609375
ak-47,80.484375
mac-10,44.296875
ak-47,45.171875
ak-47,11.4375
ak-47,13.75
ak-47,29.84375
ak-47,44.796875
ak-47,42.015625
ak-47,44.515625
awp,46.015625
ak-47,72.8125
m4a1,81.390625
m4a1,82.0
m4a1,82.984375
ak-47,84.078125
awp,86.453125
m4a1,88.296875
ak-47,28.796875
ak-47,30.0
ak-47,35.65625
ak-47,45.171875
ak-47,48.921875
ak-47,49.296875
m4a1,56.40625
m4a1,22.59375
ak-47,23.453125
m4a1,25.421875
ak-47,27.65625
ak-47,28.40625
ak-47,44.4375
ak-47,53.46875
ak-47,51.609375
ak-47,85.265625
ak-47,103.53125
awp,21.890625
awp,24.71875
ak-47,25.40625
ak-47,26.328125
ak-47,30.171875
ak-47,31.25
ak-47,49.578125
ak-47,49.875
ak-47,14.703125
ak-47,20.65625
awp,50.140625
ak-47,52.515625
m4a1,59.140625
awp,5.546875
ak-47,14.203125
ak-47,15.265625
m4a1,25.734375
ak-47,27.078125
ak-47,40.84375
m4a1,65.375
mac-10,65.421875
m4a1,67.71875
ak-47,27.71875
mac-10,28.40625
ak-47,28.5625
ak-47,31.25
mac-10,32.5625
mac-10,76.328125
awp,81.078125
awp,90.40625
ak-47,104.015625
mp9,19.484375
ak-47,93.3125
ak-47,94.109375
ak-47,55.21875
ak-47,78.21875
ak-47,85.15625
m4a1,44.71875
m4a1,49.484375
awp,72.1875
ak-47,78.890625
awp,82.84375
ak-47,99.84375
awp,8.875
ak-47,57.40625
ak-47,58.609375
ak-47,74.390625
ak-47,75.484375
ak-47,8.890625
m4a1,23.296875
mp9,24.25
ak-47,24.96875
mp9,28.171875
ak-47,28.671875
m4a1,71.640625
ak-47,84.484375
ak-47,92.84375
m4a1,17.140625
ak-47,19.328125
awp,40.921875
ak-47,42.359375
ak-47,42.65625
awp,48.296875
mp9,22.265625
ak-47,23.140625
m4a1,40.265625
ak-47,54.5625
ak-47,14.765625
ak-47,21.140625
ak-47,38.6875
awp,19.765625
ak-47,25.328125
mp9,32.203125
mp9,33.265625
awp,34.25
ak-47,57.734375
ak-47,65.09375
ak-47,16.6875
ak-47,68.46875
mp9,40.96875
m4a1,71.359375
ak-47,34.6875
ak-47,36.78125
ak-47,37.28125
m4a1,47.46875
ak-47,53.3125
ak-47,60.53125
ak-47,31.125
m4a1,19.21875
ak-47,26.828125
ak-47,99.125
ak-47,100.171875
ak-47,100.671875
mp9,101.703125
mp9,102.578125
m4a1,55.453125
mp9,57.46875
mp9,58.25
ak-47,15.40625
m4a1,31.109375
ak-47,32.515625
ak-47,45.4375
ak-47,52.765625
awp,75.28125
m4a1,35.5
ak-47,38.234375
mac-10,41.875
ak-47,60.125
ak-47,93.6875
m4a1,25.78125
ak-47,28.484375
ak-47,101.234375
m4a1,101.5
ak-47,102.171875
ak-47,102.453125
m4a1,102.65625
ak-47,21.53125
ak-47,23.3125
awp,48.109375
ak-47,48.875
ak-47,50.234375
ak-47,60.453125
ak-47,86.625
ak-47,29.03125
ak-47,30.40625
ak-47,32.015625
ak-47,49.53125
awp,51.796875
awp,52.03125
awp,79.625
ak-47,30.828125
mac-10,35.25
ak-47,51.0
awp,55.203125
m4a1,57.15625
awp,60.03125
awp,70.3125
ak-47,19.015625
ak-47,20.859375
mac-10,21.78125
m4a1,70.546875
ak-47,71.765625
m4a1,75.46875
mp9,76.828125
mp9,77.609375
ak-47,30.796875
ak-47,35.015625
ak-47,36.125
awp,42.125
ak-47,59.125
awp,83.328125
ak-47,13.671875
ak-47,14.671875
ak-47,15.359375
awp,31.234375
ak-47,33.109375
ak-47,54.421875
ak-47,56.65625
ak-47,71.0625
ak-47,77.03125
ak-47,29.234375
awp,50.8125
m4a1,61.796875
awp,75.640625
m4a1,14.296875
m4a1,24.265625
ak-47,27.140625
ak-47,28.046875
awp,43.296875
ak-47,36.578125
ak-47,36.6875
ak-47,38.109375
ak-47,42.96875
ak-47,50.171875
awp,6.859375
m4a1,48.15625
m4a1,58.78125
m4a1,102.703125
m4a1,105.921875
awp,30.53125
awp,39.34375
m4a1,45.765625
awp,23.9375
ak-47,30.421875
m4a1,60.9375
awp,74.265625
awp,90.578125
ak-47,93.703125
ak-47,101.75
m4a1,59.953125
ak-47,65.609375
ak-47,26.734375
awp,43.3125
ak-47,56.140625
awp,83.921875
m4a1,58.1875
awp,89.359375
m4a1,94.5625
ak-47,96.84375
ak-47,23.734375
ak-47,54.078125
ak-47,62.21875
ak-47,64.328125
ak-47,65.890625
m4a1,39.5625
awp,52.203125
m4a1,62.59375
ak-47,65.890625
ak-47,22.15625
m4a1,49.34375
ak-47,49.46875
m4a1,50.75
ak-47,51.03125
ak-47,66.546875
ak-47,68.109375
ak-47,73.65625
m4a1,81.5625
ak-47,82.625
ak-47,111.40625
m4a1,112.734375
awp,42.734375
m4a1,46.9375
awp,55.6875
m4a1,62.328125
m4a1,71.84375
m4a1,70.109375
m4a1,72.5
m4a1,74.46875
m4a1,76.09375
m4a1,27.390625
ak-47,47.484375
ak-47,68.015625
ak-47,68.875
m4a1,74.375
ak-47,92.046875
m4a1,95.53125
m4a1,98.46875
mp9,22.859375
ak-47,23.484375
ak-47,24.34375
ak-47,12.9375
m4a1,18.671875
awp,31.25
awp,58.375
awp,68.125
ak-47,73.71875
ak-47,35.828125
awp,73.4375
ak-47,81.1875
ak-47,82.796875
awp,100.703125
m4a1,106.625
ak-47,24.4375
ak-47,32.4375
ak-47,35.71875
awp,41.90625
ak-47,42.6875
awp,46.359375
m4a1,11.421875
ak-47,35.875
m4a1,37.21875
awp,37.328125
awp,40.625
awp,67.921875
ak-47,24.359375
mp9,31.3125
ak-47,31.546875
ak-47,35.8125
ak-47,43.0625
ak-47,44.875
awp,47.453125
ak-47,87.46875
ak-47,89.203125
ak-47,94.703125
awp,104.09375
ak-47,32.34375
m4a1,52.765625
mp9,112.0625
awp,21.1875
ak-47,43.671875
awp,48.140625
ak-47,50.5625
awp,54.4375
ak-47,61.09375
awp,62.390625
awp,11.90625
awp,12.890625
m4a1,14.765625
m4a1,53.65625
m4a1,54.328125
awp,63.8125
ak-47,26.421875
ak-47,32.5625
ak-47,33.765625
ak-47,34.171875
ak-47,36.609375
awp,43.890625
awp,72.15625
awp,12.84375
awp,23.234375
ak-47,87.765625
m4a1,89.265625
awp,92.875
awp,103.421875
awp,8.28125
ak-47,10.34375
m4a1,18.875
ak-47,41.84375
m4a1,52.0625
awp,52.171875
m4a1,85.5
awp,17.515625
awp,25.75
awp,30.203125
awp,37.9375
ak-47,40.890625
awp,42.203125
ak-47,25.78125
ak-47,27.96875
m4a1,28.921875
ak-47,70.90625
ak-47,16.4375
ak-47,17.546875
ak-47,18.34375
awp,27.484375
ak-47,40.3125
ak-47,42.640625
m4a1,43.5625
mac-10,47.296875
ak-47,49.953125
ak-47,12.0
m4a1,57.1875
ak-47,93.875
m4a1,98.90625
m4a1,105.703125
m4a1,113.734375
ak-47,38.84375
ak-47,77.3125
m4a1,78.375
ak-47,78.421875
m4a1,80.796875
ak-47,94.53125
ak-47,108.109375
awp,11.828125
ak-47,15.515625
ak-47,25.765625
m4a1,28.734375
ak-47,29.296875
awp,30.421875
m4a1,83.078125
mac-10,30.796875
ak-47,31.890625
m4a1,35.328125
ak-47,40.0
m4a1,42.125
ak-47,43.59375
ak-47,18.640625
ak-47,19.75
ak-47,25.484375
ak-47,31.40625
ak-47,75.546875
awp,30.390625
ak-47,75.71875
m4a1,76.8125
ak-47,77.203125
ak-47,85.5625
awp,90.03125
awp,93.25
m4a1,93.671875
m4a1,11.6875
awp,26.40625
m4a1,27.859375
m4a1,30.0625
m4a1,32.765625
awp,70.796875
m4a1,98.203125
ak-47,37.65625
mac-10,41.8125
mac-10,43.96875
ak-47,9.984375
m4a1,10.828125
ak-47,12.359375
m4a1,80.015625
ak-47,93.75
m4a1,49.953125
ak-47,50.109375
m4a1,50.453125
ak-47,99.640625
mac-10,104.84375
mac-10,110.8125
ak-47,44.171875
ak-47,44.359375
ak-47,61.96875
m4a1,63.796875
ak-47,66.671875
mp9,87.71875
mp9,98.703125
ak-47,102.59375
m4a1,14.203125
m4a1,15.171875
mp9,16.953125
ak-47,19.46875
ak-47,28.25
ak-47,15.21875
ak-47,15.921875
m4a1,18.390625
ak-47,38.0625
ak-47,61.765625
ak-47,65.09375
awp,29.5625
m4a1,31.515625
m4a1,34.5
m4a1,42.625
ak-47,51.34375
mp9,55.890625
m4a1,58.984375
mp9,60.625
mac-10,62.265625
mp9,88.75
mp9,16.078125
mp9,23.953125
m4a1,44.796875
mp9,31.640625
ak-47,50.203125
ak-47,53.75
m4a1,53.765625
m4a1,80.046875
m4a1,83.046875
m4a1,15.09375
ak-47,29.046875
m4a1,32.65625
ak-47,33.671875
m4a1,46.5
ak-47,47.375
awp,49.421875
ak-47,55.203125
m4a1,67.46875
ak-47,24.734375
m4a1,41.828125
ak-47,42.328125
ak-47,42.328125
ak-47,45.671875
m4a1,47.703125
ak-47,55.140625
awp,38.421875
ak-47,38.703125
ak-47,39.09375
ak-47,40.390625
m4a1,10.015625
m4a1,60.015625
awp,61.265625
m4a1,64.96875
ak-47,65.234375
m4a1,65.5625
m4a1,66.421875
awp,39.609375
ak-47,45.171875
m4a1,45.578125
ak-47,48.28125
ak-47,52.390625
awp,63.625
ak-47,11.03125
ak-47,17.484375
ak-47,20.984375
mp9,30.828125
mac-10,19.15625
awp,21.546875
ak-47,22.53125
ak-47,26.765625
awp,29.796875
ak-47,35.140625
ak-47,87.890625
ak-47,89.90625
m4a1,10.4375
m4a1,14.46875
m4a1,35.3125
ak-47,36.078125
ak-47,44.53125
ak-47,54.484375
ak-47,55.5625
awp,63.5625
mac-10,57.0
ak-47,58.578125
ak-47,59.890625
mac-10,63.15625
ak-47,10.4375
m4a1,10.546875
ak-47,10.71875
m4a1,10.96875
m4a1,19.90625
m4a1,24.921875
ak-47,28.1875
m4a1,40.296875
ak-47,30.84375
ak-47,33.234375
m4a1,39.546875
m4a1,41.046875
m4a1,47.0625
ak-47,60.40625
ak-47,69.625
ak-47,71.96875
ak-47,85.203125
ak-47,86.109375
ak-47,13.890625
ak-47,16.1875
m4a1,18.3125
ak-47,18.359375
ak-47,63.84375
ak-47,68.8125
ak-47,49.921875
ak-47,58.625
ak-47,77.65625
ak-47,80.265625
ak-47,82.90625
ak-47,42.46875
m4a1,45.859375
ak-47,73.078125
ak-47,74.90625
ak-47,75.734375
ak-47,86.609375
ak-47,98.8125
ak-47,95.765625
m4a1,62.96875
m4a1,74.125
ak-47,43.640625
m4a1,45.171875
m4a1,46.171875
mp9,47.421875
mp9,48.71875
ak-47,23.890625
ak-47,28.296875
m4a1,32.03125
ak-47,32.65625
ak-47,38.046875
ak-47,46.71875
ak-47,65.1875
ak-47,80.671875
m4a1,62.921875
ak-47,65.828125
ak-47,74.765625
awp,76.828125
ak-47,103.984375
ak-47,47.578125
m4a1,47.84375
m4a1,53.984375
ak-47,55.296875
m4a1,86.984375
m4a1,40.5625
ak-47,71.9375
ak-47,110.578125
awp,114.28125
mac-10,13.5625
mac-10,14.578125
mac-10,21.390625
mp9,16.453125
ak-47,20.09375
ak-47,48.6875
mac-10,58.59375
ak-47,60.8125
m4a1,44.828125
m4a1,48.546875
ak-47,49.546875
m4a1,52.0
ak-47,52.53125
m4a1,62.546875
ak-47,16.234375
ak-47,20.484375
ak-47,23.234375
ak-47,24.0625
ak-47,24.984375
ak-47,36.8125
ak-47,37.96875
ak-47,44.546875
mac-10,51.21875
ak-47,63.5
ak-47,94.09375
mac-10,97.53125
m4a1,28.59375
mac-10,29.65625
ak-47,34.78125
m4a1,35.34375
m4a1,64.078125
ak-47,31.703125
ak-47,49.671875
ak-47,50.171875
m4a1,50.21875
ak-47,52.3125
m4a1,56.953125
ak-47,67.34375
m4a1,68.171875
m4a1,69.953125
m4a1,95.390625
m4a1,95.640625
m4a1,97.578125
m4a1,99.46875
ak-47,81.453125
ak-47,85.3125
ak-47,88.984375
m4a1,52.71875
ak-47,66.828125
ak-47,67.1875
m4a1,67.984375
m4a1,69.296875
m4a1,71.359375
m4a1,80.125
ak-47,84.640625
m4a1,86.296875
ak-47,19.703125
mp9,47.5
mp9,48.203125
ak-47,49.140625
ak-47,63.84375
ak-47,65.703125
awp,68.703125
ak-47,72.765625
awp,10.125
m4a1,12.921875
m4a1,13.421875
m4a1,86.5
ak-47,87.015625
m4a1,99.265625
ak-47,17.015625
m4a1,25.78125
ak-47,34.703125
ak-47,36.265625
m4a1,34.0
m4a1,35.109375
m4a1,38.71875
mac-10,40.46875
ak-47,42.84375
mac-10,53.3125
m4a1,53.96875
ak-47,14.34375
mac-10,17.0625
ak-47,18.234375
ak-47,35.546875
ak-47,10.6875
ak-47,28.6875
m4a1,30.046875
m4a1,30.953125
awp,59.734375
awp,3.859375
awp,19.546875
ak-47,21.421875
ak-47,54.796875
ak-47,63.03125
ak-47,23.046875
awp,24.109375
ak-47,28.1875
ak-47,31.953125
ak-47,34.640625
ak-47,48.734375
ak-47,19.828125
ak-47,27.015625
awp,49.109375
ak-47,64.234375
ak-47,73.75
m4a1,21.5625
ak-47,22.328125
ak-47,28.65625
ak-47,31.21875
ak-47,47.640625
ak-47,50.265625
ak-47,80.515625
m4a1,16.59375
awp,27.140625
ak-47,30.578125
m4a1,32.265625
ak-47,32.46875
m4a1,33.6875
ak-47,33.75
m4a1,35.875
awp,60.90625
ak-47,94.25
m4a1,95.34375
ak-47,100.765625
awp,113.453125
awp,3.859375
ak-47,15.09375
ak-47,16.546875
mp9,47.0625
mp9,80.21875
mp9,81.84375
m4a1,11.5625
m4a1,40.09375
mp9,40.3125
ak-47,42.328125
m4a1,42.640625
ak-47,44.09375
awp,50.328125
awp,3.625
m4a1,59.5
m4a1,71.4375
awp,8.875
ak-47,64.609375
m4a1,64.984375
ak-47,68.15625
m4a1,69.53125
ak-47,75.5
awp,54.21875
ak-47,56.359375
mp9,61.0625
ak-47,73.484375
awp,4.9375
ak-47,15.15625
ak-47,16.0625
m4a1,48.28125
ak-47,53.375
m4a1,54.765625
ak-47,54.90625
awp,58.046875
ak-47,58.96875
ak-47,60.75
ak-47,104.046875
awp,61.40625
ak-47,69.953125
ak-47,74.640625
m4a1,84.875
ak-47,86.84375
ak-47,88.0
mac-10,86.546875
mac-10,88.265625
ak-47,88.421875
mac-10,37.859375
ak-47,46.984375
m4a1,33.46875
m4a1,35.59375
m4a1,62.703125
ak-47,64.21875
m4a1,79.65625
ak-47,104.515625
ak-47,109.4375
m4a1,46.484375
ak-47,48.875
ak-47,49.578125
m4a1,49.90625
ak-47,55.84375
ak-47,58.515625
m4a1,11.390625
m4a1,82.53125
m4a1,82.828125
m4a1,83.765625
m4a1,85.0
ak-47,14.796875
ak-47,15.53125
m4a1,23.25
ak-47,42.15625
ak-47,52.84375
ak-47,64.28125
m4a1,15.703125
m4a1,18.765625
m4a1,20.921875
m4a1,25.25
ak-47,91.59375
ak-47,94.125
ak-47,95.328125
ak-47,54.015625
mac-10,62.75
ak-47,68.015625
ak-47,112.609375
ak-47,114.203125
m4a1,25.703125
m4a1,27.921875
ak-47,29.34375
ak-47,34.40625
m4a1,56.140625
ak-47,56.328125
ak-47,14.765625
m4a1,15.171875
ak-47,19.328125
ak-47,36.421875
ak-47,43.671875
awp,50.875
ak-47,66.875
ak-47,75.09375
ak-47,29.65625
m4a1,33.484375
m4a1,37.90625
ak-47,39.046875
m4a1,39.734375
ak-47,39.875
ak-47,45.953125
ak-47,83.9375
ak-47,45.484375
ak-47,79.390625
m4a1,81.484375
m4a1,83.765625
m4a1,113.375
mac-10,13.71875
mac-10,23.78125
ak-47,24.90625
ak-47,47.4375
m4a1,41.453125
ak-47,41.84375
mac-10,44.328125
ak-47,48.828125
ak-47,58.859375
m4a1,20.78125
m4a1,32.640625
ak-47,35.953125
ak-47,44.125
m4a1,51.203125
ak-47,51.40625
m4a1,86.5625
ak-47,22.421875
ak-47,22.8125
ak-47,53.03125
ak-47,53.796875
m4a1,87.75
ak-47,31.5
ak-47,54.703125
ak-47,56.40625
ak-47,76.1875
ak-47,105.84375
m4a1,13.453125
ak-47,14.296875
m4a1,14.671875
ak-47,22.46875
ak-47,78.59375
m4a1,85.578125
m4a1,11.546875
ak-47,14.09375
m4a1,43.5625
m4a1,36.4375
ak-47,37.234375
ak-47,71.859375
ak-47,73.5
ak-47,74.96875
m4a1,74.984375
ak-47,81.265625
m4a1,105.671875
awp,13.671875
m4a1,15.078125
m4a1,46.453125
ak-47,66.40625
ak-47,73.984375
m4a1,81.78125
m4a1,83.28125
ak-47,16.359375
mp9,26.5625
ak-47,48.828125
ak-47,77.921875
m4a1,81.265625
awp,81.140625
m4a1,88.46875
awp,90.78125
ak-47,105.734375
m4a1,107.015625
ak-47,48.578125
ak-47,50.4375
ak-47,90.78125
awp,97.234375
awp,43.28125
m4a1,60.1875
ak-47,67.78125
ak-47,67.9375
ak-47,70.59375
m4a1,31.40625
ak-47,32.6875
ak-47,33.921875
ak-47,34.84375
awp,44.375
ak-47,23.859375
ak-47,25.65625
ak-47,42.84375
awp,44.265625
ak-47,47.6875
awp,50.5625
m4a1,61.796875
ak-47,67.4375
m4a1,74.203125
m4a1,50.34375
m4a1,53.421875
m4a1,54.203125
ak-47,54.609375
m4a1,56.140625
m4a1,28.703125
m4a1,38.484375
ak-47,43.109375
m4a1,49.59375
m4a1,56.09375
m4a1,33.703125
m4a1,49.625
awp,53.09375
awp,55.140625
awp,58.421875
ak-47,82.546875
ak-47,50.90625
ak-47,52.84375
ak-47,53.875
ak-47,58.4375
mp9,53.109375
mp9,93.890625
m4a1,94.828125
mp9,96.015625
mp9,100.734375
ak-47,11.734375
ak-47,11.84375
awp,13.4375
ak-47,15.328125
ak-47,36.375
m4a1,60.671875
ak-47,63.890625
awp,14.953125
ak-47,37.921875
ak-47,42.09375
ak-47,52.765625
mp9,54.875
m4a1,17.25
ak-47,19.078125
mp9,24.5625
ak-47,24.71875
ak-47,26.140625
ak-47,35.0
mp9,36.3125
ak-47,44.328125
mp9,46.59375
mp9,47.703125
m4a1,49.0625
m4a1,49.125
mp9,58.8125
m4a1,33.3125
m4a1,33.34375
m4a1,33.84375
m4a1,35.671875
ak-47,38.515625
m4a1,41.9375
ak-47,66.375
m4a1,90.078125
ak-47,98.921875
ak-47,108.921875
ak-47,20.265625
ak-47,24.78125
ak-47,25.859375
ak-47,57.484375
m4a1,17.4375
ak-47,18.859375
ak-47,19.96875
awp,22.90625
m4a1,29.015625
ak-47,32.203125
m4a1,59.421875
m4a1,62.6875
m4a1,45.984375
ak-47,48.1875
ak-47,72.234375
ak-47,18.71875
m4a1,21.265625
awp,21.609375
ak-47,22.046875
ak-47,23.59375
mp9,26.9375
m4a1,48.140625
mp9,50.1875
ak-47,13.078125
ak-47,23.203125
m4a1,23.609375
ak-47,23.796875
mp9,34.453125
ak-47,39.5
ak-47,40.109375
mac-10,14.015625
mp9,33.046875
ak-47,42.75
mp9,76.28125
ak-47,78.78125
ak-47,80.71875
m4a1,83.171875
ak-47,85.34375
mp9,85.890625
ak-47,86.796875
awp,15.953125
m4a1,35.0
ak-47,38.015625
m4a1,47.375
awp,54.875
ak-47,61.21875
ak-47,70.21875
m4a1,82.421875
ak-47,41.484375
ak-47,45.453125
ak-47,25.03125
ak-47,100.859375
ak-47,107.046875
ak-47,107.265625
ak-47,32.078125
ak-47,39.03125
awp,46.140625
m4a1,50.640625
m4a1,60.453125
m4a1,25.578125
ak-47,31.28125
m4a1,31.703125
m4a1,32.703125
m4a1,33.703125
ak-47,34.71875
ak-47,77.515625
awp,14.828125
m4a1,32.21875
m4a1,32.71875
ak-47,40.0625
m4a1,43.5
m4a1,61.21875
awp,68.796875
ak-47,81.609375
ak-47,85.109375
ak-47,100.65625
ak-47,113.03125
m4a1,59.9375
m4a1,63.890625
m4a1,78.625
ak-47,81.453125
m4a1,66.328125
ak-47,68.34375
ak-47,70.34375
ak-47,77.796875
ak-47,79.890625
ak-47,88.1875
ak-47,110.15625
m4a1,21.375
m4a1,22.46875
ak-47,22.9375
m4a1,36.171875
m4a1,75.234375
m4a1,81.5
m4a1,15.28125
m4a1,15.78125
m4a1,16.28125
ak-47,19.78125
mp9,73.953125
m4a1,75.734375
mp9,76.25
ak-47,84.875
ak-47,89.5
m4a1,55.03125
m4a1,56.921875
awp,66.84375
awp,68.96875
m4a1,81.625
awp,15.71875
m4a1,16.453125
ak-47,17.15625
m4a1,30.53125
awp,32.71875
ak-47,73.46875
ak-47,77.515625
ak-47,22.8125
ak-47,25.671875
m4a1,27.65625
ak-47,15.328125
ak-47,59.1875
m4a1,67.953125
awp,70.5
awp,26.875
ak-47,30.765625
ak-47,31.796875
awp,40.34375
ak-47,18.984375
ak-47,21.859375
ak-47,30.90625
ak-47,39.640625
awp,16.796875
awp,49.953125
ak-47,51.15625
awp,51.859375
m4a1,53.0625
ak-47,53.15625
ak-47,55.046875
ak-47,15.9375
ak-47,26.59375
ak-47,35.265625
awp,53.84375
ak-47,84.5
awp,38.890625
m4a1,41.578125
ak-47,42.0625
m4a1,44.171875
ak-47,46.875
ak-47,50.1875
ak-47,72.28125
ak-47,82.859375
mp9,49.015625
ak-47,51.703125
mac-10,66.953125
mac-10,68.15625
mac-10,54.4375
mac-10,54.8125
mac-10,56.765625
ak-47,63.6875
mac-10,79.875
ak-47,44.34375
m4a1,47.0625
m4a1,52.71875
m4a1,59.8125
ak-47,67.390625
ak-47,81.21875
ak-47,82.25
ak-47,99.6875
awp,32.640625
ak-47,76.046875
m4a1,78.625
ak-47,82.96875
ak-47,85.484375
ak-47,85.890625
ak-47,86.71875
m4a1,90.578125
m4a1,93.28125
m4a1,15.515625
m4a1,16.375
mp9,25.84375
ak-47,82.703125
awp,96.203125
ak-47,99.71875
mp9,100.828125
mp9,104.171875
ak-47,104.421875
m4a1,104.921875
awp,30.546875
awp,33.984375
ak-47,42.265625
m4a1,45.9375
ak-47,51.484375
ak-47,53.125
ak-47,55.875
m4a1,88.484375
m4a1,17.09375
m4a1,41.671875
ak-47,28.1875
awp,40.984375
m4a1,49.28125
ak-47,50.921875
m4a1,52.875
ak-47,59.875
ak-47,60.578125
awp,12.765625
m4a1,31.40625
ak-47,46.390625
m4a1,46.625
ak-47,46.890625
ak-47,50.34375
awp,60.3125
ak-47,37.578125
ak-47,25.40625
ak-47,15.390625
awp,25.5625
awp,29.25
ak-47,47.71875
ak-47,53.21875
ak-47,34.96875
ak-47,36.453125
m4a1,83.03125
ak-47,84.859375
ak-47,85.703125
ak-47,97.703125
awp,15.078125
ak-47,83.234375
awp,86.609375
awp,90.15625
ak-47,27.28125
m4a1,66.890625
ak-47,78.84375
m4a1,81.109375
m4a1,83.5625
m4a1,93.546875
m4a1,20.125
m4a1,20.921875
ak-47,21.28125
m4a1,25.40625
m4a1,27.03125
m4a1,29.953125
ak-47,33.390625
ak-47,35.25
awp,10.875
ak-47,23.109375
awp,98.078125
ak-47,99.421875
awp,99.765625
awp,102.28125
awp,104.15625
ak-47,20.859375
m4a1,21.34375
ak-47,22.765625
m4a1,23.109375
m4a1,29.40625
ak-47,26.0625
m4a1,27.15625
awp,40.84375
ak-47,72.3125
awp,84.875
ak-47,98.859375
ak-47,100.984375
ak-47,65.921875
ak-47,67.65625
ak-47,72.53125
ak-47,74.484375
ak-47,55.46875
ak-47,58.140625
ak-47,88.15625
ak-47,92.609375
ak-47,13.859375
ak-47,20.109375
m4a1,21.25
m4a1,25.03125
m4a1,25.828125
ak-47,29.546875
m4a1,40.3125
m4a1,33.328125
ak-47,61.578125
m4a1,67.53125
ak-47,76.765625
ak-47,77.375
ak-47,86.953125
m4a1,87.921875
m4a1,20.921875
m4a1,27.125
m4a1,52.0
ak-47,15.53125
ak-47,32.578125
ak-47,50.453125
m4a1,51.046875
m4a1,59.1875
ak-47,59.75
mac-10,49.6875
ak-47,46.84375
ak-47,49.46875
m4a1,36.921875
ak-47,38.171875
ak-47,38.234375
ak-47,44.0
ak-47,45.609375
m4a1,81.3125
ak-47,23.125
m4a1,24.125
m4a1,24.625
m4a1,25.421875
ak-47,34.203125
ak-47,36.140625
m4a1,41.453125
ak-47,42.078125
ak-47,49.671875
ak-47,64.078125
ak-47,65.8125
ak-47,69.125
ak-47,74.0625
awp,88.046875
ak-47,12.25
m4a1,12.734375
mp9,57.03125
m4a1,13.515625
ak-47,20.890625
m4a1,65.484375
m4a1,69.921875
awp,71.546875
m4a1,79.21875
awp,36.96875
m4a1,39.25
awp,51.3125
ak-47,74.21875
ak-47,82.953125
ak-47,85.578125
ak-47,88.359375
m4a1,15.625
ak-47,16.453125
awp,20.203125
awp,60.1875
awp,68.65625
awp,68.796875
ak-47,19.546875
ak-47,43.6875
ak-47,57.984375
m4a1,60.78125
awp,64.171875
ak-47,74.0625
m4a1,97.375
ak-47,105.921875
m4a1,106.125
awp,109.9375
ak-47,17.34375
ak-47,19.65625
ak-47,20.859375
ak-47,33.53125
mp9,46.59375
ak-47,50.640625
ak-47,55.890625
ak-47,63.484375
ak-47,23.4375
mac-10,36.5
mac-10,53.578125
ak-47,38.34375
ak-47,41.265625
m4a1,63.984375
ak-47,9.421875
ak-47,23.8125
m4a1,36.859375
m4a1,53.953125
ak-47,54.453125
ak-47,56.75
m4a1,96.859375
awp,97.734375
awp,51.234375
ak-47,53.359375
m4a1,60.8125
ak-47,61.96875
m4a1,69.15625
ak-47,13.09375
awp,102.125
m4a1,103.734375
m4a1,105.25
ak-47,33.515625
ak-47,92.1875
ak-47,92.515625
m4a1,92.984375
m4a1,94.5
m4a1,95.703125
awp,96.859375
awp,105.25
awp,13.3125
awp,24.265625
ak-47,53.953125
ak-47,58.921875
ak-47,64.875
ak-47,94.34375
ak-47,101.984375
mp9,20.78125
mp9,28.46875
mp9,36.5625
m4a1,38.734375
m4a1,42.4375
m4a1,27.8125
ak-47,46.796875
m4a1,63.921875
ak-47,72.0
ak-47,92.046875
ak-47,92.203125
m4a1,59.953125
ak-47,62.296875
m4a1,100.15625
m4a1,110.53125
awp,22.28125
ak-47,23.953125
mp9,64.03125
ak-47,79.15625
awp,69.234375
ak-47,69.53125
ak-47,79.640625
m4a1,85.328125
ak-47,86.3125
ak-47,87.65625
m4a1,98.46875
mp9,100.109375
ak-47,101.046875
awp,104.734375
mp9,54.859375
m4a1,56.15625
m4a1,57.328125
m4a1,71.125
m4a1,54.421875
m4a1,55.265625
m4a1,55.65625
m4a1,56.703125
ak-47,15.71875
awp,32.59375
ak-47,43.0625
ak-47,69.25
ak-47,82.421875
ak-47,83.734375
ak-47,79.34375
m4a1,80.65625
m4a1,81.546875
m4a1,84.546875
ak-47,85.78125
m4a1,87.296875
ak-47,94.1875
m4a1,110.78125
ak-47,43.546875
awp,90.765625
m4a1,94.125
ak-47,98.40625
awp,99.53125
awp,111.453125
m4a1,21.671875
m4a1,21.875
m4a1,24.46875
m4a1,25.078125
mp9,25.640625
ak-47,78.9375
mp9,110.140625
ak-47,113.90625
ak-47,58.75
m4a1,59.109375
m4a1,61.3125
mp9,72.125
ak-47,73.703125
m4a1,73.90625
ak-47,110.859375
ak-47,47.625
m4a1,47.859375
ak-47,80.734375
ak-47,104.203125
ak-47,106.515625
m4a1,106.71875
ak-47,53.890625
ak-47,56.0
ak-47,57.46875
ak-47,58.1875
m4a1,70.4375
m4a1,60.265625
m4a1,87.375
ak-47,89.703125
m4a1,90.671875
m4a1,93.9375
awp,99.640625
awp,35.296875
awp,67.546875
awp,86.3125
mp9,86.609375
mp9,87.3125
awp,91.828125
ak-47,50.328125
awp,50.375
awp,52.40625
ak-47,66.375
ak-47,32.171875
m4a1,33.921875
m4a1,34.953125
ak-47,35.890625
awp,36.890625
awp,39.453125
ak-47,77.890625
ak-47,80.65625
awp,64.609375
ak-47,69.671875
ak-47,84.9375
ak-47,86.140625
awp,107.5625
ak-47,107.859375
m4a1,23.765625
ak-47,42.65625
ak-47,97.78125
ak-47,102.515625
m4a1,20.59375
m4a1,37.53125
awp,39.234375
awp,48.359375
m4a1,51.625
awp,85.8125
awp,106.546875
awp,108.328125
ak-47,64.640625
m4a1,70.578125
ak-47,84.734375
ak-47,84.84375
m4a1,90.71875
awp,92.953125
ak-47,114.796875
m4a1,70.8125
m4a1,92.328125
m4a1,92.734375
awp,94.015625
awp,101.671875
awp,105.84375
ak-47,25.390625
ak-47,25.90625
m4a1,75.9375
ak-47,76.71875
m4a1,76.734375
awp,88.046875
m4a1,102.875
ak-47,60.96875
mac-10,82.046875
ak-47,85.28125
mac-10,105.171875
ak-47,108.90625
ak-47,13.6875
ak-47,22.96875
ak-47,40.375
ak-47,41.46875
ak-47,48.890625
ak-47,59.640625
awp,59.734375
ak-47,60.328125
ak-47,72.703125
ak-47,20.796875
awp,23.59375
ak-47,25.828125
ak-47,25.96875
ak-47,35.515625
ak-47,34.875
ak-47,73.53125
ak-47,74.15625
ak-47,74.359375
ak-47,76.328125
ak-47,76.71875
ak-47,19.046875
ak-47,37.34375
awp,47.046875
mac-10,66.34375
awp,22.796875
m4a1,37.40625
ak-47,47.09375
m4a1,55.03125
m4a1,88.90625
awp,112.453125
awp,14.65625
ak-47,61.046875
m4a1,61.78125
ak-47,65.984375
ak-47,71.90625
m4a1,74.859375
ak-47,75.09375
m4a1,81.921875
m4a1,85.484375
awp,89.859375
m4a1,12.640625
ak-47,14.265625
ak-47,16.390625
ak-47,16.890625
awp,20.96875
ak-47,24.515625
ak-47,24.84375
m4a1,29.84375
mp9,31.21875
mp9,31.640625
m4a1,33.515625
m4a1,37.109375
m4a1,31.71875
m4a1,33.078125
ak-47,35.3125
ak-47,65.25
mp9,67.3125
ak-47,69.5
mp9,72.09375
ak-47,72.34375
awp,59.328125
ak-47,61.328125
m4a1,99.875
m4a1,101.921875
ak-47,107.328125
awp,12.203125
ak-47,59.75
ak-47,67.65625
ak-47,80.734375
ak-47,62.953125
ak-47,68.484375
ak-47,90.453125
m4a1,29.921875
awp,42.296875
awp,69.640625
m4a1,88.265625
ak-47,89.1875
awp,90.234375
ak-47,90.3125
ak-47,91.484375
ak-47,92.25
ak-47,93.515625
ak-47,98.375
ak-47,105.484375
mp9,51.703125
ak-47,70.734375
awp,78.359375
m4a1,79.296875
ak-47,83.671875
m4a1,108.453125
m4a1,109.734375
awp,63.296875
awp,78.65625
ak-47,80.5
ak-47,82.1875
ak-47,99.71875
ak-47,104.078125
mac-10,49.015625
ak-47,72.953125
m4a1,73.203125
ak-47,79.96875
m4a1,18.109375
ak-47,24.65625
m4a1,68.921875
ak-47,40.671875
ak-47,69.46875
ak-47,69.875
m4a1,79.0625
m4a1,88.71875
m4a1,89.515625
awp,96.1875
m4a1,102.234375
ak-47,110.046875
mac-10,29.296875
mp9,33.578125
awp,89.609375
m4a1,92.40625
m4a1,22.734375
ak-47,38.734375
ak-47,40.140625
ak-47,55.984375
ak-47,56.453125
m4a1,18.328125
m4a1,24.296875
ak-47,31.5
awp,52.875
awp,55.078125
m4a1,58.609375
ak-47,64.5625
awp,51.359375
ak-47,76.28125
awp,80.734375
ak-47,84.5
m4a1,101.578125
ak-47,43.21875
awp,50.421875
m4a1,70.46875
m4a1,72.875
ak-47,72.921875
m4a1,78.515625
ak-47,79.203125
m4a1,18.8125
ak-47,20.25
m4a1,20.609375
m4a1,27.359375
m4a1,35.796875
m4a1,68.046875
m4a1,27.828125
m4a1,30.875
mac-10,32.328125
mac-10,35.234375
m4a1,56.84375
m4a1,58.4375
mac-10,58.453125
m4a1,60.0
mp9,83.015625
mp9,83.96875
ak-47,84.046875
m4a1,114.171875
m4a1,79.734375
ak-47,90.609375
ak-47,93.515625
ak-47,96.46875
m4a1,106.421875
ak-47,15.140625
ak-47,16.296875
ak-47,16.765625
ak-47,17.5625
ak-47,31.1875
m4a1,13.921875
ak-47,14.625
ak-47,27.140625
ak-47,45.96875
ak-47,67.515625
ak-47,12.65625
ak-47,13.921875
ak-47,33.15625
ak-47,38.25
ak-47,45.125
ak-47,47.21875
ak-47,55.34375
ak-47,62.15625
m4a1,36.03125
ak-47,36.640625
ak-47,49.828125
m4a1,49.890625
ak-47,51.3125
awp,61.4375
ak-47,67.375
ak-47,68.171875
m4a1,68.234375
ak-47,69.078125
m4a1,69.125
awp,69.34375
ak-47,75.328125
mp9,77.015625
mp9,84.71875
m4a1,12.046875
awp,26.65625
mac-10,32.359375
m4a1,33.375
m4a1,49.46875
m4a1,21.046875
mp9,21.265625
m4a1,26.125
m4a1,62.6875
m4a1,72.671875
m4a1,100.421875
m4a1,45.09375
m4a1,47.9375
m4a1,53.390625
m4a1,58.9375
m4a1,61.0
ak-47,24.28125
mp9,51.515625
mp9,52.203125
m4a1,52.5625
ak-47,56.8125
mp9,62.1875
ak-47,62.1875
ak-47,64.25
m4a1,89.15625
awp,42.96875
ak-47,44.765625
ak-47,47.453125
ak-47,49.390625
m4a1,73.25
ak-47,76.0625
ak-47,78.796875
ak-47,12.328125
awp,77.171875
ak-47,78.546875
awp,92.5625
ak-47,114.90625
ak-47,29.21875
m4a1,36.8125
mp9,22.75
ak-47,30.3125
ak-47,36.1875
awp,36.625
ak-47,40.984375
ak-47,51.84375
mp9,60.375
awp,61.484375
ak-47,36.046875
ak-47,50.484375
ak-47,66.4375
m4a1,30.890625
ak-47,40.078125
ak-47,49.3125
mp9,59.578125
ak-47,61.4375
m4a1,66.484375
m4a1,68.546875
awp,24.25
awp,60.34375
awp,98.71875
awp,17.71875
awp,83.640625
mac-10,91.890625
mp9,33.296875
ak-47,36.453125
m4a1,52.015625
m4a1,55.703125
m4a1,59.296875
m4a1,60.890625
ak-47,22.546875
mp9,22.625
mp9,25.046875
ak-47,25.609375
m4a1,31.203125
m4a1,41.59375
ak-47,44.09375
m4a1,44.390625
awp,94.09375
m4a1,98.578125
ak-47,100.703125
ak-47,111.15625
ak-47,15.59375
ak-47,26.375
m4a1,29.828125
ak-47,37.84375
mac-10,38.171875
awp,9.703125
awp,11.546875
m4a1,14.75
ak-47,15.125
awp,31.859375
awp,34.3125
m4a1,39.984375
ak-47,55.1875
ak-47,73.4375
ak-47,24.015625
ak-47,27.703125
ak-47,29.421875
ak-47,31.171875
ak-47,44.28125
awp,15.046875
m4a1,16.046875
m4a1,20.703125
m4a1,21.546875
ak-47,22.984375
ak-47,23.65625
awp,111.5625
awp,38.9375
m4a1,51.3125
m4a1,55.609375
m4a1,58.234375
awp,73.890625
ak-47,11.125
ak-47,24.046875
awp,24.53125
awp,37.921875
awp,39.78125
m4a1,81.640625
m4a1,101.328125
ak-47,102.078125
awp,102.25
ak-47,103.234375
awp,18.671875
m4a1,26.84375
ak-47,26.9375
m4a1,27.4375
awp,35.234375
m4a1,52.8125
awp,13.03125
awp,47.921875
ak-47,49.171875
ak-47,49.84375
awp,50.796875
ak-47,52.109375
m4a1,52.25
awp,54.265625
m4a1,64.625
awp,17.296875
m4a1,34.15625
ak-47,35.40625
ak-47,57.5
ak-47,82.40625
ak-47,91.515625
ak-47,92.46875
m4a1,92.90625
m4a1,37.859375
ak-47,37.890625
ak-47,51.984375
ak-47,58.171875
mp9,67.828125
mac-10,33.0625
mac-10,85.65625
mac-10,86.671875
mac-10,89.203125
ak-47,92.625
awp,51.0625
ak-47,74.90625
mp9,75.171875
ak-47,76.65625
awp,78.265625
ak-47,91.21875
ak-47,58.828125
m4a1,75.265625
m4a1,75.859375
ak-47,79.453125
ak-47,97.84375
m4a1,113.78125
awp,27.109375
ak-47,52.546875
m4a1,57.125
ak-47,60.109375
ak-47,60.6875
ak-47,61.8125
ak-47,65.796875
ak-47,73.125
m4a1,74.0
awp,19.5625
m4a1,52.1875
m4a1,56.640625
mp9,59.0625
m4a1,61.75
m4a1,27.59375
ak-47,19.359375
awp,22.046875
ak-47,23.609375
ak-47,25.4375
awp,33.515625
awp,48.828125
ak-47,48.84375
ak-47,90.78125
awp,94.203125
m4a1,98.4375
awp,102.765625
awp,114.796875
m4a1,15.640625
mp9,90.21875
awp,91.15625
mp9,92.71875
ak-47,26.203125
ak-47,42.375
awp,63.296875
ak-47,71.125
m4a1,20.390625
mp9,31.984375
mp9,35.1875
mp9,36.96875
awp,17.484375
ak-47,29.84375
awp,51.65625
mp9,19.515625
ak-47,78.9375
m4a1,28.046875
m4a1,42.734375
mp9,33.1875
mp9,82.578125
mp9,113.03125
awp,24.65625
m4a1,78.453125
m4a1,79.703125
m4a1,80.09375
awp,76.484375
awp,84.734375
m4a1,84.78125
ak-47,86.578125
ak-47,87.359375
awp,87.875
ak-47,17.953125
awp,17.96875
awp,20.90625
ak-47,36.5
m4a1,38.453125
ak-47,14.484375
ak-47,14.546875
ak-47,14.75
ak-47,74.5625
awp,18.078125
m4a1,39.21875
ak-47,46.203125
m4a1,57.84375
m4a1,86.421875
ak-47,13.34375
m4a1,70.71875
ak-47,74.109375
ak-47,75.578125
m4a1,77.75
ak-47,98.71875
ak-47,99.78125
ak-47,106.015625
awp,4.125
ak-47,8.03125
ak-47,26.75
ak-47,35.71875
awp,37.609375
ak-47,73.1875
ak-47,73.59375
awp,75.40625
ak-47,86.421875
ak-47,87.15625
awp,94.78125
awp,8.015625
m4a1,22.328125
ak-47,56.578125
ak-47,71.109375
awp,79.4375
awp,80.671875
awp,85.109375
ak-47,10.4375
m4a1,34.484375
awp,35.078125
m4a1,36.09375
ak-47,47.34375
m4a1,27.90625
ak-47,30.296875
ak-47,32.203125
ak-47,36.3125
m4a1,38.328125
ak-47,40.890625
awp,41.0625
ak-47,55.859375
ak-47,16.40625
awp,20.890625
awp,37.96875
ak-47,41.796875
awp,42.5
m4a1,43.421875
m4a1,45.96875
ak-47,90.375
awp,106.40625
ak-47,107.703125
mac-10,69.765625
mac-10,108.9375
ak-47,37.4375
ak-47,69.1875
awp,70.375
ak-47,78.953125
mac-10,83.875
awp,15.140625
ak-47,29.015625
ak-47,29.828125
m4a1,38.984375
m4a1,39.890625
ak-47,18.75
ak-47,29.578125
ak-47,29.875
ak-47,40.03125
ak-47,46.921875
ak-47,52.421875
m4a1,79.203125
ak-47,80.984375
m4a1,82.0
m4a1,83.1875
ak-47,84.625
m4a1,88.59375
awp,88.96875
awp,92.953125
awp,37.15625
awp,84.421875
awp,86.4375
ak-47,87.921875
ak-47,48.484375
ak-47,48.6875
ak-47,49.828125
ak-47,54.296875
ak-47,55.375
m4a1,11.4375
ak-47,19.15625
ak-47,22.34375
ak-47,23.1875
ak-47,29.984375
ak-47,56.375
m4a1,18.65625
ak-47,21.90625
ak-47,35.421875
ak-47,43.5625
ak-47,50.921875
ak-47,69.109375
ak-47,76.265625
ak-47,23.328125
m4a1,23.96875
m4a1,24.546875
m4a1,26.015625
awp,34.9375
m4a1,35.546875
ak-47,32.171875
ak-47,32.5625
ak-47,36.1875
ak-47,37.296875
ak-47,32.0
ak-47,52.96875
awp,55.015625
m4a1,58.3125
m4a1,102.296875
m4a1,104.59375
ak-47,14.5
ak-47,22.71875
ak-47,26.21875
m4a1,26.421875
m4a1,51.6875
ak-47,66.671875
ak-47,71.1875
ak-47,34.734375
ak-47,38.5
ak-47,53.421875
ak-47,55.828125
ak-47,60.484375
m4a1,35.546875
ak-47,36.28125
ak-47,68.390625
ak-47,69.40625
ak-47,69.8125
ak-47,70.8125
ak-47,36.296875
mac-10,58.21875
ak-47,61.21875
ak-47,66.484375
ak-47,11.4375
m4a1,19.515625
m4a1,61.109375
ak-47,61.453125
ak-47,61.953125
ak-47,84.484375
ak-47,15.71875
ak-47,58.59375
ak-47,61.53125
ak-47,62.625
ak-47,64.21875
ak-47,97.1875
ak-47,27.609375
ak-47,36.984375
ak-47,89.0625
awp,89.546875
m4a1,90.359375
ak-47,91.125
ak-47,10.84375
m4a1,15.0625
ak-47,18.796875
ak-47,47.578125
ak-47,63.109375
m4a1,93.84375
ak-47,96.53125
m4a1,51.890625
ak-47,75.15625
ak-47,100.34375
m4a1,100.75
awp,107.296875
mac-10,31.046875
ak-47,71.828125
mac-10,71.96875
ak-47,82.40625
ak-47,19.03125
ak-47,34.6875
mac-10,51.546875
ak-47,53.28125
mac-10,23.890625
m4a1,24.484375
m4a1,37.640625
ak-47,38.09375
ak-47,44.59375
m4a1,45.484375
ak-47,62.25
ak-47,76.90625
ak-47,83.609375
ak-47,100.109375
ak-47,16.0625
m4a1,73.328125
ak-47,79.390625
ak-47,82.359375
ak-47,82.953125
ak-47,24.921875
m4a1,27.0625
awp,49.984375
awp,52.0
mp9,10.109375
ak-47,56.65625
mp9,56.75
awp,56.9375
m4a1,57.640625
ak-47,57.9375
mp9,60.4375
mac-10,34.4375
ak-47,40.328125
m4a1,69.515625
m4a1,75.21875
m4a1,83.453125
m4a1,87.796875
ak-47,41.46875
m4a1,42.453125
ak-47,45.984375
m4a1,27.09375
ak-47,28.984375
mp9,30.421875
m4a1,34.84375
m4a1,58.53125
ak-47,59.5625
ak-47,64.59375
m4a1,59.453125
ak-47,62.625
ak-47,63.265625
ak-47,70.40625
ak-47,75.21875
ak-47,83.5625
ak-47,88.3125
m4a1,23.96875
ak-47,25.90625
ak-47,74.375
ak-47,82.6875
ak-47,89.453125
ak-47,37.421875
ak-47,44.0
ak-47,47.125
ak-47,54.84375
ak-47,70.046875
ak-47,76.46875
ak-47,76.9375
ak-47,77.734375
ak-47,85.03125
ak-47,65.125
awp,66.09375
m4a1,24.484375
awp,26.046875
ak-47,35.859375
ak-47,43.703125
mp9,44.328125
mp9,45.3125
mp9,46.578125
ak-47,31.3125
m4a1,43.890625
ak-47,51.078125
m4a1,59.6875
m4a1,64.90625
mac-10,69.375
m4a1,19.8125
ak-47,38.609375
awp,46.71875
ak-47,73.078125
m4a1,73.359375
m4a1,54.46875
m4a1,55.140625
m4a1,56.96875
m4a1,57.578125
m4a1,57.6875
m4a1,26.59375
mp9,31.40625
ak-47,90.53125
m4a1,91.265625
m4a1,93.84375
m4a1,95.46875
awp,62.484375
ak-47,64.75
ak-47,67.703125
m4a1,98.84375
awp,64.28125
ak-47,66.6875
ak-47,70.921875
awp,72.625
m4a1,84.40625
ak-47,90.65625
awp,92.234375
m4a1,37.359375
m4a1,38.46875
m4a1,42.8125
m4a1,43.15625
m4a1,47.015625
ak-47,16.984375
ak-47,22.59375
ak-47,25.109375
awp,25.46875
m4a1,99.25
awp,105.875
m4a1,107.015625
awp,108.46875
ak-47,110.46875
m4a1,113.46875
mac-10,81.03125
mp9,100.015625
mp9,100.0625
mp9,109.171875
mp9,110.734375
mp9,25.5
ak-47,26.0
ak-47,31.09375
ak-47,55.0625
ak-47,91.765625
awp,87.671875
ak-47,106.015625
m4a1,112.046875
m4a1,70.46875
ak-47,75.546875
m4a1,79.953125
m4a1,90.5625
ak-47,91.6875
ak-47,95.53125
ak-47,41.328125
ak-47,96.671875
ak-47,97.609375
ak-47,99.71875
ak-47,89.6875
ak-47,92.34375
ak-47,93.90625
awp,96.703125
awp,109.921875
awp,12.734375
ak-47,16.0625
m4a1,30.171875
m4a1,39.171875
awp,56.25
awp,58.890625
m4a1,63.4375
m4a1,64.5625
awp,95.71875
ak-47,97.734375
ak-47,104.484375
ak-47,109.21875
ak-47,110.71875
ak-47,111.765625
ak-47,112.984375
ak-47,15.28125
m4a1,47.859375
m4a1,90.640625
ak-47,98.15625
ak-47,111.203125
ak-47,114.84375
ak-47,87.15625
ak-47,88.03125
ak-47,92.046875
ak-47,108.453125
m4a1,15.0
ak-47,33.90625
m4a1,90.109375
awp,91.8125
ak-47,96.984375
awp,97.46875
m4a1,113.171875
m4a1,114.921875
ak-47,37.84375
ak-47,38.75
ak-47,48.046875
ak-47,52.453125
ak-47,53.828125
m4a1,90.96875
m4a1,106.25
awp,109.09375
ak-47,15.375
ak-47,18.3125
m4a1,71.125
ak-47,77.984375
ak-47,78.9375
ak-47,102.03125
ak-47,113.59375
m4a1,34.25
awp,54.4375
ak-47,54.6875
m4a1,56.125
awp,71.65625
m4a1,82.5625
ak-47,88.875
ak-47,88.984375
ak-47,110.828125
ak-47,45.953125
ak-47,46.65625
ak-47,60.6875
ak-47,63.234375
m4a1,27.90625
ak-47,41.421875
ak-47,43.4375
m4a1,44.859375
ak-47,48.21875
ak-47,48.65625
m4a1,63.65625
ak-47,68.625
ak-47,77.65625
awp,81.515625
ak-47,83.328125
ak-47,83.71875
ak-47,102.578125
m4a1,103.484375
ak-47,104.0
m4a1,104.171875
ak-47,21.578125
awp,59.515625
awp,75.28125
ak-47,100.75
awp,108.328125
ak-47,112.0625
mac-10,41.8125
ak-47,45.96875
ak-47,51.40625
ak-47,59.9375
ak-47,60.5
m4a1,19.671875
ak-47,20.90625
ak-47,26.546875
ak-47,29.21875
ak-47,60.546875
mac-10,11.828125
mp9,40.40625
mp9,41.953125
awp,48.96875
ak-47,11.015625
ak-47,13.734375
ak-47,38.40625
ak-47,39.5
ak-47,52.703125
ak-47,20.546875
ak-47,28.40625
awp,48.875
ak-47,64.640625
awp,13.71875
m4a1,50.03125
awp,65.984375
ak-47,73.671875
m4a1,90.125
awp,4.25
ak-47,47.90625
ak-47,59.5
ak-47,60.46875
ak-47,62.625
awp,10.625
ak-47,47.484375
m4a1,53.015625
ak-47,54.09375
ak-47,54.78125
ak-47,80.71875
m4a1,84.890625
ak-47,87.1875
ak-47,23.296875
ak-47,37.34375
ak-47,38.796875
ak-47,47.59375
ak-47,97.890625
ak-47,21.265625
ak-47,21.984375
awp,26.96875
ak-47,38.0
m4a1,56.609375
ak-47,66.53125
awp,8.0625
m4a1,11.5
ak-47,26.484375
ak-47,46.0
ak-47,50.390625
awp,59.421875
ak-47,63.40625
ak-47,19.625
ak-47,35.328125
m4a1,36.75
ak-47,36.921875
m4a1,37.609375
ak-47,51.4375
m4a1,63.765625
ak-47,70.703125
ak-47,81.109375
ak-47,17.046875
mac-10,17.328125
ak-47,18.84375
ak-47,38.515625
ak-47,50.296875
awp,16.765625
m4a1,22.890625
ak-47,30.859375
awp,44.875
m4a1,54.953125
ak-47,56.78125
m4a1,60.921875
awp,8.703125
ak-47,20.625
awp,47.953125
ak-47,92.234375
ak-47,104.921875
awp,8.15625
awp,41.4375
m4a1,59.890625
awp,68.921875
ak-47,74.78125
m4a1,77.109375
ak-47,77.890625
awp,17.4375
awp,19.296875
awp,21.671875
ak-47,24.96875
awp,26.609375
mac-10,17.421875
awp,19.1875
m4a1,20.8125
m4a1,46.921875
m4a1,58.0625
ak-47,23.828125
ak-47,39.0625
ak-47,43.5625
ak-47,65.578125
awp,66.75
ak-47,74.53125
awp,14.453125
ak-47,38.59375
ak-47,45.1875
m4a1,71.265625
m4a1,81.859375
m4a1,107.15625
ak-47,23.171875
awp,29.953125
ak-47,43.8125
ak-47,83.125
awp,10.578125
awp,32.953125
awp,34.953125
m4a1,42.375
m4a1,43.765625
ak-47,18.4375
ak-47,19.328125
ak-47,23.859375
ak-47,24.234375
ak-47,25.140625
ak-47,25.9375
awp,34.21875
m4a1,48.546875
m4a1,79.328125
m4a1,81.75
ak-47,98.96875
ak-47,101.65625
m4a1,102.625
m4a1,109.65625
ak-47,114.09375
m4a1,34.0
m4a1,35.078125
m4a1,35.265625
awp,42.234375
ak-47,114.0625
ak-47,18.46875
m4a1,28.984375
ak-47,30.53125
awp,34.65625
awp,39.625
awp,41.390625
ak-47,53.15625
awp,79.84375
mp9,87.0625
mp9,75.8125
mac-10,76.984375
mac-10,78.546875
mac-10,81.6875
m4a1,16.4375
ak-47,16.8125
m4a1,18.234375
m4a1,33.578125
ak-47,45.109375
m4a1,48.0625
ak-47,51.046875
mp9,29.015625
ak-47,29.84375
ak-47,31.15625
ak-47,66.265625
ak-47,89.84375
ak-47,108.03125
ak-47,110.09375
m4a1,18.578125
awp,20.921875
ak-47,26.0625
awp,30.015625
ak-47,33.03125
m4a1,40.703125
ak-47,80.890625
ak-47,112.28125
m4a1,12.453125
ak-47,12.65625
ak-47,15.765625
awp,20.109375
awp,26.78125
m4a1,11.828125
m4a1,12.421875
mp9,16.921875
mp9,21.703125
mp9,15.578125
mp9,16.671875
m4a1,23.75
m4a1,24.3125
mp9,43.3125
mp9,45.0
ak-47,89.078125
ak-47,105.40625
ak-47,106.96875
m4a1,23.09375
ak-47,32.625
ak-47,57.640625
awp,60.921875
ak-47,63.734375
awp,17.484375
ak-47,50.21875
m4a1,77.828125
m4a1,79.28125
ak-47,84.546875
ak-47,56.265625
ak-47,69.6875
m4a1,76.703125
ak-47,80.59375
awp,15.8125
ak-47,37.296875
ak-47,38.8125
ak-47,43.40625
ak-47,63.125
awp,19.4375
ak-47,81.28125
ak-47,86.859375
ak-47,90.8125
mp9,14.21875
mp9,15.46875
awp,16.890625
m4a1,25.25
ak-47,34.921875
m4a1,75.0625
ak-47,31.15625
m4a1,35.953125
awp,37.890625
ak-47,48.46875
ak-47,48.765625
ak-47,71.59375
ak-47,78.78125
ak-47,80.140625
awp,17.296875
ak-47,33.5625
ak-47,35.15625
m4a1,41.0
m4a1,41.703125
ak-47,78.71875
ak-47,81.21875
m4a1,39.625
m4a1,44.78125
m4a1,48.09375
m4a1,63.84375
ak-47,64.015625
mp9,94.171875
m4a1,106.875
m4a1,76.640625
ak-47,95.9375
ak-47,99.96875
ak-47,103.546875
m4a1,103.703125
m4a1,107.125
m4a1,108.5
m4a1,114.109375
m4a1,68.140625
ak-47,54.0
ak-47,38.875
ak-47,51.625
m4a1,63.140625
ak-47,69.828125
mp9,28.703125
ak-47,33.484375
ak-47,97.171875
ak-47,99.40625
ak-47,12.5
awp,34.0
ak-47,68.609375
ak-47,88.671875
awp,108.265625
ak-47,35.6875
ak-47,74.25
ak-47,76.03125
ak-47,92.46875
m4a1,101.90625
awp,60.78125
mp9,76.4375
ak-47,81.65625
m4a1,105.21875
m4a1,107.328125
ak-47,24.703125
ak-47,31.15625
ak-47,32.328125
ak-47,35.203125
ak-47,67.671875
ak-47,75.546875
ak-47,77.796875
ak-47,106.25
ak-47,107.046875
ak-47,107.65625
ak-47,107.859375
ak-47,78.265625
ak-47,87.0
ak-47,90.828125
ak-47,99.96875
ak-47,102.640625
awp,43.078125
ak-47,62.34375
ak-47,64.5
ak-47,99.3125
awp,37.625
ak-47,42.3125
ak-47,62.015625
ak-47,67.625
awp,9.015625
ak-47,19.046875
awp,83.078125
ak-47,96.03125
ak-47,100.921875
awp,8.609375
ak-47,47.171875
ak-47,48.078125
awp,63.140625
ak-47,71.140625
ak-47,19.46875
ak-47,22.671875
ak-47,24.328125
ak-47,38.234375
ak-47,52.9375
ak-47,105.875
awp,53.421875
awp,68.265625
ak-47,73.5
ak-47,83.21875
ak-47,106.953125
ak-47,109.671875
ak-47,111.578125
ak-47,19.84375
m4a1,38.515625
ak-47,80.25
awp,82.109375
m4a1,86.21875
awp,88.71875
awp,95.71875
awp,9.046875
ak-47,13.953125
ak-47,21.40625
awp,22.84375
ak-47,36.1875
awp,70.140625
ak-47,90.984375
m4a1,76.453125
m4a1,79.84375
mp9,101.25
m4a1,104.25
m4a1,105.34375
ak-47,50.015625
ak-47,61.0625
ak-47,62.859375
ak-47,14.1875
m4a1,31.234375
m4a1,32.625
ak-47,36.359375
ak-47,62.953125
mac-10,51.46875
mp9,52.015625
mp9,59.15625
ak-47,59.703125
ak-47,60.515625
mac-10,26.140625
ak-47,50.5
ak-47,73.578125
m4a1,42.578125
awp,53.875
awp,61.390625
m4a1,64.953125
ak-47,98.859375
m4a1,105.625
ak-47,109.359375
ak-47,59.265625
ak-47,65.328125
ak-47,66.71875
ak-47,95.796875
ak-47,98.375
ak-47,64.984375
m4a1,73.625
awp,79.5625
mp9,93.8125
ak-47,17.796875
m4a1,76.890625
m4a1,109.234375
ak-47,110.78125
ak-47,111.421875
ak-47,112.546875
awp,51.34375
awp,54.140625
awp,63.3125
awp,94.8125
ak-47,30.03125
m4a1,33.0
m4a1,33.140625
awp,33.5625
ak-47,51.640625
ak-47,54.625
m4a1,84.421875
m4a1,32.78125
awp,34.390625
m4a1,64.421875
m4a1,66.0625
ak-47,66.265625
ak-47,67.96875
ak-47,69.6875
ak-47,14.234375
ak-47,17.90625
ak-47,31.140625
ak-47,16.921875
ak-47,18.21875
m4a1,19.4375
ak-47,20.890625
awp,25.4375
awp,52.34375
ak-47,35.421875
ak-47,37.015625
ak-47,53.25
awp,59.90625
mac-10,61.890625
mac-10,65.1875
m4a1,99.0
mp9,51.34375
ak-47,52.171875
awp,33.953125
awp,71.90625
ak-47,20.46875
ak-47,25.59375
ak-47,15.109375
ak-47,15.890625
ak-47,16.28125
ak-47,35.21875
ak-47,42.34375
ak-47,62.59375
ak-47,63.9375
ak-47,67.59375
ak-47,72.484375
ak-47,77.734375
ak-47,93.28125
ak-47,95.0
ak-47,98.40625
ak-47,66.515625
ak-47,78.125
awp,82.296875
ak-47,106.75
awp,23.796875
awp,26.203125
ak-47,33.296875
mp9,93.359375
mp9,94.890625
awp,15.96875
ak-47,38.03125
awp,56.21875
ak-47,57.578125
ak-47,63.0625
mp9,93.375
ak-47,94.84375
ak-47,66.671875
ak-47,72.8125
ak-47,57.328125
ak-47,60.265625
ak-47,26.859375
ak-47,28.984375
awp,30.203125
ak-47,31.46875
ak-47,67.140625
ak-47,78.03125
ak-47,23.609375
ak-47,36.296875
ak-47,36.6875
ak-47,79.90625
m4a1,8.6875
ak-47,9.1875
m4a1,9.96875
awp,15.484375
awp,25.828125
ak-47,59.96875
ak-47,64.6875
m4a1,68.734375
ak-47,86.59375
awp,91.328125
ak-47,93.765625
ak-47,109.359375
awp,10.03125
ak-47,20.1875
m4a1,20.40625
ak-47,42.5
ak-47,43.640625
awp,16.109375
ak-47,23.75
awp,40.34375
ak-47,59.765625
m4a1,60.46875
awp,65.0625
ak-47,68.4375
ak-47,69.859375
ak-47,40.234375
awp,41.703125
awp,44.484375
ak-47,46.296875
awp,48.546875
ak-47,52.328125
ak-47,95.625
ak-47,101.28125
m4a1,47.140625
mp9,48.15625
m4a1,90.46875
mp9,95.359375
ak-47,96.09375
ak-47,97.84375
m4a1,99.359375
mp9,103.671875
m4a1,109.640625
mac-10,41.78125
ak-47,43.84375
mac-10,45.390625
mac-10,46.5
awp,52.59375
awp,9.421875
awp,24.984375
ak-47,27.046875
m4a1,51.0
awp,53.71875
m4a1,113.46875
m4a1,40.015625
m4a1,41.5
ak-47,43.203125
ak-47,94.5625
ak-47,99.875
ak-47,47.484375
ak-47,47.78125
m4a1,50.703125
ak-47,57.140625
ak-47,57.84375
awp,57.90625
awp,60.75
m4a1,15.890625
ak-47,18.78125
awp,21.9375
ak-47,23.03125
awp,36.40625
ak-47,43.46875
awp,38.828125
ak-47,52.4375
ak-47,54.9375
m4a1,67.171875
ak-47,69.71875
m4a1,88.03125
ak-47,99.8125
awp,13.078125
m4a1,21.921875
ak-47,23.8125
m4a1,26.421875
ak-47,28.171875
ak-47,29.5
awp,49.3125
mp9,14.8125
ak-47,30.8125
ak-47,31.734375
ak-47,35.5
awp,48.25
ak-47,22.921875
ak-47,85.578125
ak-47,87.015625
ak-47,89.0625
ak-47,89.59375
ak-47,47.375
ak-47,60.65625
awp,82.0
awp,96.953125
ak-47,61.609375
ak-47,61.671875
ak-47,65.71875
ak-47,67.921875
ak-47,102.96875
ak-47,41.71875
ak-47,49.65625
ak-47,52.1875
m4a1,100.9375
ak-47,12.71875
ak-47,73.9375
ak-47,73.953125
awp,19.21875
ak-47,22.859375
ak-47,27.703125
ak-47,78.4375
ak-47,87.359375
ak-47,46.546875
ak-47,50.6875
mp9,60.59375
ak-47,79.046875
mp9,86.0625
ak-47,89.765625
ak-47,105.203125
awp,10.921875
m4a1,12.90625
ak-47,52.25
m4a1,71.390625
ak-47,74.796875
ak-47,78.28125
ak-47,85.1875
ak-47,55.828125
ak-47,58.1875
mac-10,61.078125
ak-47,63.046875
ak-47,83.890625
ak-47,9.40625
ak-47,11.359375
m4a1,20.671875
m4a1,24.28125
ak-47,39.0625
ak-47,17.25
ak-47,25.171875
ak-47,45.859375
ak-47,110.1875
ak-47,23.515625
ak-47,78.828125
ak-47,94.921875
ak-47,99.015625
ak-47,101.84375
awp,39.6875
ak-47,71.9375
ak-47,82.796875
ak-47,98.71875
ak-47,98.875
ak-47,113.96875
awp,60.0625
m4a1,83.15625
m4a1,86.359375
awp,16.34375
ak-47,17.609375
awp,18.078125
m4a1,23.296875
m4a1,35.09375
m4a1,43.65625
mac-10,79.015625
ak-47,80.640625
awp,82.75
awp,93.71875
ak-47,73.953125
m4a1,78.203125
ak-47,78.765625
awp,101.375
awp,111.28125
m4a1,36.21875
m4a1,38.5
ak-47,45.578125
m4a1,49.84375
awp,13.6875
ak-47,21.609375
awp,29.140625
ak-47,29.359375
m4a1,86.65625
ak-47,89.703125
ak-47,95.328125
awp,98.25
m4a1,14.578125
ak-47,22.046875
awp,27.515625
awp,40.875
ak-47,48.234375
awp,56.65625
ak-47,57.828125
ak-47,61.140625
ak-47,47.984375
ak-47,62.328125
ak-47,20.703125
ak-47,24.828125
ak-47,31.0625
ak-47,56.421875
mp9,60.484375
awp,48.796875
ak-47,51.34375
ak-47,59.59375
ak-47,62.46875
awp,65.65625
ak-47,11.109375
ak-47,15.625
mp9,39.953125
awp,51.734375
ak-47,36.8125
m4a1,54.578125
ak-47,58.125
ak-47,60.234375
ak-47,64.3125
awp,23.65625
ak-47,27.5
ak-47,29.8125
awp,34.859375
mp9,42.046875
awp,48.15625
ak-47,41.28125
ak-47,86.671875
ak-47,88.90625
ak-47,89.6875
ak-47,92.5625
m4a1,94.890625
ak-47,96.359375
ak-47,98.96875
ak-47,38.4375
ak-47,39.921875
mp9,43.421875
ak-47,45.203125
mac-10,74.15625
ak-47,78.859375
ak-47,102.390625
m4a1,23.484375
ak-47,24.125
ak-47,38.96875
m4a1,42.75
m4a1,51.90625
ak-47,59.609375
m4a1,71.671875
m4a1,27.8125
m4a1,32.328125
m4a1,32.53125
m4a1,33.59375
ak-47,48.203125
awp,35.4375
ak-47,45.15625
ak-47,60.546875
m4a1,74.40625
ak-47,47.921875
ak-47,53.578125
m4a1,59.875
ak-47,61.1875
ak-47,23.4375
mp9,99.140625
ak-47,39.0
ak-47,42.734375
mp9,52.546875
ak-47,68.859375
ak-47,69.609375
ak-47,77.59375
ak-47,82.015625
m4a1,11.09375
ak-47,89.3125
ak-47,89.90625
m4a1,19.828125
ak-47,20.65625
m4a1,21.484375
m4a1,38.59375
awp,41.21875
awp,80.75
m4a1,11.859375
awp,32.953125
m4a1,22.109375
ak-47,49.84375
awp,15.71875
awp,23.265625
awp,43.5625
awp,47.125
ak-47,52.53125
m4a1,84.984375
m4a1,102.203125
ak-47,16.28125
awp,16.28125
ak-47,18.0
ak-47,79.234375
ak-47,98.921875
ak-47,12.96875
m4a1,52.03125
ak-47,76.890625
m4a1,78.375
awp,105.75
ak-47,110.515625
ak-47,111.09375
ak-47,30.34375
mp9,61.390625
ak-47,62.984375
ak-47,73.5
ak-47,75.484375
ak-47,88.6875
ak-47,75.03125
ak-47,79.34375
mp9,91.03125
m4a1,49.078125
ak-47,84.0625
ak-47,89.421875
m4a1,11.6875
m4a1,13.078125
m4a1,13.1875
ak-47,48.5
awp,21.671875
ak-47,82.75
m4a1,84.03125
ak-47,85.453125
ak-47,87.234375
ak-47,100.421875
ak-47,112.328125
m4a1,11.53125
m4a1,12.921875
ak-47,54.59375
mp9,68.765625
ak-47,81.875
m4a1,90.28125
ak-47,16.59375
mac-10,17.9375
ak-47,18.71875
m4a1,48.765625
m4a1,50.4375
m4a1,55.28125
mac-10,57.3125
mp9,60.0625
m4a1,95.5
m4a1,15.9375
ak-47,18.0
m4a1,33.828125
ak-47,51.21875
m4a1,60.484375
ak-47,85.40625
ak-47,90.609375
m4a1,114.34375
m4a1,16.046875
m4a1,31.015625
mac-10,31.96875
m4a1,32.921875
m4a1,48.671875
m4a1,52.34375
m4a1,53.546875
m4a1,26.5625
m4a1,29.515625
m4a1,30.0625
m4a1,35.390625
m4a1,61.640625
ak-47,25.640625
awp,31.28125
awp,31.28125
ak-47,39.328125
ak-47,63.0625
awp,112.28125
m4a1,23.703125
m4a1,25.859375
ak-47,36.6875
awp,64.734375
awp,79.671875
ak-47,82.75
ak-47,87.890625
awp,14.9375
ak-47,77.109375
awp,77.375
ak-47,78.8125
ak-47,89.390625
awp,100.359375
m4a1,112.296875
awp,112.703125
ak-47,38.265625
m4a1,19.78125
ak-47,60.21875
m4a1,61.078125
m4a1,64.453125
m4a1,64.828125
awp,67.171875
m4a1,77.40625
ak-47,77.640625
ak-47,80.015625
ak-47,80.390625
awp,86.546875
ak-47,96.0625
ak-47,101.953125
mp9,80.796875
m4a1,84.484375
m4a1,75.484375
ak-47,76.875
ak-47,80.796875
ak-47,87.5
ak-47,52.953125
ak-47,53.375
m4a1,66.8125
ak-47,73.890625
m4a1,75.859375
m4a1,14.546875
ak-47,25.046875
m4a1,68.75
mp9,73.953125
mp9,76.578125
ak-47,78.3125
ak-47,81.640625
ak-47,43.9375
m4a1,51.3125
m4a1,66.046875
ak-47,81.8125
m4a1,15.546875
ak-47,46.046875
ak-47,51.9375
m4a1,71.453125
ak-47,72.5
ak-47,75.328125
m4a1,80.234375
awp,12.375
mp9,17.0
m4a1,50.78125
mp9,59.328125
mp9,72.703125
m4a1,33.515625
m4a1,35.625
ak-47,36.625
ak-47,41.171875
awp,16.71875
ak-47,30.75
ak-47,49.859375
m4a1,74.5625
m4a1,77.015625
m4a1,77.1875
m4a1,84.71875
mac-10,36.640625
ak-47,32.71875
m4a1,94.390625
ak-47,56.390625
mp9,95.5
ak-47,99.125
ak-47,14.09375
ak-47,41.6875
mp9,44.640625
ak-47,87.65625
ak-47,90.5625
ak-47,97.734375
ak-47,98.53125
awp,28.40625
ak-47,29.0
ak-47,63.796875
ak-47,63.859375
m4a1,64.46875
ak-47,65.046875
ak-47,76.1875
ak-47,79.359375
ak-47,32.296875
ak-47,46.265625
ak-47,48.21875
ak-47,57.53125
m4a1,98.546875
ak-47,98.78125
ak-47,82.859375
mp9,83.078125
ak-47,97.265625
ak-47,104.0625
m4a1,16.265625
ak-47,18.828125
ak-47,51.921875
ak-47,58.875
ak-47,63.0625
m4a1,79.078125
m4a1,79.984375
ak-47,82.421875
ak-47,92.75
m4a1,19.375
awp,25.40625
ak-47,28.4375
m4a1,30.828125
m4a1,33.765625
ak-47,65.703125
m4a1,77.8125
ak-47,24.5
ak-47,31.734375
awp,37.125
ak-47,39.46875
ak-47,96.546875
ak-47,29.8125
ak-47,30.390625
awp,32.34375
awp,35.078125
awp,62.796875
ak-47,64.734375
m4a1,69.46875
ak-47,70.1875
m4a1,71.640625
m4a1,45.9375
mp9,59.015625
mp9,65.421875
ak-47,67.953125
m4a1,72.640625
m4a1,73.40625
m4a1,16.6875
ak-47,36.125
ak-47,38.40625
mp9,63.109375
mp9,74.46875
m4a1,38.734375
ak-47,41.03125
ak-47,48.296875
ak-47,49.78125
m4a1,56.390625
m4a1,69.0
m4a1,97.359375
m4a1,48.375
mp9,59.984375
mp9,60.0
mp9,61.890625
mp9,74.734375
ak-47,23.171875
ak-47,32.96875
awp,33.5625
awp,36.421875
ak-47,38.734375
ak-47,45.703125
m4a1,26.875
awp,27.984375
ak-47,41.84375
awp,64.65625
m4a1,100.96875
ak-47,101.609375
ak-47,104.859375
ak-47,17.5
mac-10,20.3125
mac-10,24.578125
m4a1,22.640625
ak-47,34.0625
ak-47,83.515625
m4a1,88.25
m4a1,93.65625
ak-47,95.4375
m4a1,97.65625
m4a1,98.15625
m4a1,62.9375
ak-47,72.078125
ak-47,73.609375
ak-47,74.734375
m4a1,89.0
awp,100.765625
awp,105.953125
ak-47,108.25
ak-47,111.21875
m4a1,9.40625
awp,10.796875
ak-47,98.328125
ak-47,48.34375
ak-47,55.71875
m4a1,56.265625
ak-47,58.828125
ak-47,64.34375
ak-47,43.28125
ak-47,63.796875
ak-47,74.328125
ak-47,78.875
awp,81.984375
m4a1,13.34375
awp,32.453125
m4a1,35.78125
ak-47,36.125
ak-47,36.953125
m4a1,37.234375
ak-47,38.0
m4a1,39.359375
m4a1,48.703125
awp,9.28125
m4a1,11.09375
m4a1,12.796875
awp,13.28125
ak-47,65.328125
awp,76.0625
awp,79.015625
m4a1,13.078125
m4a1,40.203125
m4a1,82.96875
m4a1,84.671875
ak-47,39.0625
m4a1,41.40625
ak-47,42.703125
m4a1,48.90625
m4a1,59.71875
m4a1,62.828125
ak-47,68.3125
ak-47,18.015625
ak-47,19.359375
ak-47,21.609375
m4a1,22.6875
ak-47,68.890625
m4a1,18.3125
awp,26.25
m4a1,30.59375
ak-47,36.234375
m4a1,38.109375
ak-47,52.28125
ak-47,52.46875
awp,55.640625
ak-47,63.421875
ak-47,68.3125
ak-47,76.703125
awp,89.796875
m4a1,19.6875
m4a1,29.484375
ak-47,36.8125
awp,60.1875
m4a1,93.359375
awp,98.53125
m4a1,101.515625
awp,103.859375
m4a1,15.890625
mp9,22.265625
m4a1,34.21875
ak-47,37.453125
m4a1,44.109375
mp9,70.15625
mp9,76.96875
m4a1,103.640625
mac-10,30.390625
ak-47,51.34375
ak-47,90.25
ak-47,95.0
m4a1,20.3125
m4a1,21.515625
ak-47,24.640625
m4a1,65.328125
mac-10,66.65625
m4a1,74.578125
ak-47,74.84375
m4a1,75.4375
m4a1,75.875
m4a1,84.640625
m4a1,102.25
awp,30.109375
awp,75.4375
ak-47,11.90625
m4a1,13.359375
m4a1,13.4375
awp,17.453125
awp,52.578125
ak-47,33.5
ak-47,35.28125
awp,49.515625
awp,53.96875
ak-47,105.125
awp,108.84375
m4a1,38.484375
ak-47,40.734375
awp,41.484375
awp,43.59375
awp,71.890625
ak-47,66.921875
awp,67.515625
ak-47,79.28125
ak-47,12.140625
ak-47,42.765625
awp,48.140625
awp,59.15625
awp,61.671875
ak-47,87.25
awp,88.296875
awp,91.4375
ak-47,13.75
ak-47,76.609375
ak-47,32.953125
ak-47,75.171875
awp,9.140625
ak-47,54.515625
ak-47,87.96875
ak-47,88.671875
ak-47,98.28125
awp,7.40625
m4a1,67.578125
m4a1,77.3125
m4a1,77.8125
ak-47,52.359375
ak-47,65.578125
awp,78.25
m4a1,85.96875
m4a1,87.640625
m4a1,95.71875
awp,14.953125
m4a1,24.59375
ak-47,29.703125
ak-47,29.90625
ak-47,31.203125
ak-47,51.5
m4a1,53.25
ak-47,77.546875
ak-47,89.5
ak-47,89.703125
ak-47,92.46875
m4a1,97.21875
m4a1,73.328125
m4a1,73.828125
m4a1,81.46875
m4a1,82.875
m4a1,85.15625
ak-47,84.90625
ak-47,86.515625
ak-47,93.609375
m4a1,95.3125
awp,96.671875
mp9,16.140625
mp9,18.96875
ak-47,26.703125
ak-47,29.0625
mac-10,35.40625
m4a1,66.1875
m4a1,67.796875
ak-47,76.046875
m4a1,82.90625
m4a1,84.0
ak-47,86.875
m4a1,101.015625
ak-47,42.140625
ak-47,87.375
m4a1,66.09375
m4a1,79.328125
m4a1,81.0625
m4a1,82.234375
ak-47,82.671875
ak-47,83.796875
m4a1,86.109375
mp9,46.390625
mp9,98.734375
m4a1,14.265625
m4a1,19.0625
m4a1,28.0
m4a1,12.609375
ak-47,17.09375
ak-47,31.640625
m4a1,31.640625
ak-47,34.609375
ak-47,77.75
ak-47,71.21875
ak-47,89.640625
ak-47,95.578125
m4a1,99.25
ak-47,101.625
m4a1,104.78125
m4a1,109.6875
awp,65.078125
ak-47,13.125
awp,44.0
awp,50.796875
m4a1,51.953125
m4a1,54.046875
awp,58.359375
m4a1,104.90625
ak-47,105.015625
ak-47,84.671875
ak-47,51.375
ak-47,56.25
ak-47,57.65625
ak-47,59.5625
ak-47,64.4375
ak-47,89.875
ak-47,18.640625
m4a1,19.90625
ak-47,27.609375
m4a1,39.53125
ak-47,48.71875
ak-47,49.890625
ak-47,51.484375
ak-47,22.984375
ak-47,29.765625
ak-47,53.21875
ak-47,57.296875
m4a1,67.015625
m4a1,69.03125
ak-47,69.1875
ak-47,68.390625
ak-47,70.0625
ak-47,93.203125
m4a1,49.78125
awp,50.25
awp,82.28125
m4a1,89.515625
awp,92.765625
awp,111.34375
awp,21.1875
m4a1,68.546875
awp,74.109375
ak-47,83.203125
ak-47,106.765625
ak-47,110.328125
awp,24.59375
ak-47,59.703125
mp9,60.890625
ak-47,75.59375
ak-47,103.203125
m4a1,109.1875
awp,110.90625
awp,114.8125
mp9,47.8125
mp9,48.234375
awp,56.671875
m4a1,72.609375
awp,83.625
m4a1,26.25
m4a1,51.578125
ak-47,15.53125
awp,71.375
ak-47,83.875
awp,85.53125
m4a1,93.9375
ak-47,27.1875
mac-10,30.484375
awp,30.734375
mac-10,42.859375
ak-47,44.40625
ak-47,58.671875
ak-47,64.203125
m4a1,20.9375
mac-10,32.109375
m4a1,34.421875
mac-10,35.046875
m4a1,35.40625
m4a1,89.140625
ak-47,90.078125
mac-10,92.28125
m4a1,94.71875
m4a1,105.890625
m4a1,14.40625
m4a1,51.671875
ak-47,56.34375
ak-47,24.375
m4a1,33.765625
m4a1,52.4375
ak-47,53.359375
ak-47,59.953125
m4a1,72.71875
ak-47,86.046875
m4a1,15.328125
ak-47,18.125
m4a1,18.28125
mp9,58.625
ak-47,59.828125
m4a1,60.078125
m4a1,98.03125
m4a1,11.671875
ak-47,13.125
ak-47,59.03125
m4a1,69.546875
awp,71.40625
ak-47,75.78125
ak-47,76.484375
ak-47,97.9375
awp,109.46875
ak-47,12.421875
m4a1,36.703125
awp,39.125
m4a1,54.015625
m4a1,54.734375
awp,60.25
awp,69.609375
m4a1,13.703125
awp,28.40625
m4a1,37.34375
m4a1,37.453125
m4a1,83.03125
ak-47,12.53125
ak-47,39.4375
ak-47,70.71875
m4a1,71.25
ak-47,77.71875
ak-47,79.609375
ak-47,101.34375
ak-47,47.53125
mp9,51.640625
mp9,57.390625
mp9,58.359375
m4a1,12.3125
m4a1,13.625
m4a1,52.5
m4a1,52.9375
ak-47,18.28125
ak-47,18.78125
ak-47,35.15625
ak-47,73.515625
ak-47,77.84375
ak-47,91.71875
awp,44.3125
ak-47,91.984375
ak-47,102.5625
ak-47,106.609375
ak-47,109.09375
m4a1,109.390625
m4a1,114.640625
ak-47,18.40625
ak-47,26.265625
m4a1,26.890625
ak-47,53.296875
awp,89.4375
ak-47,91.578125
ak-47,72.84375
m4a1,96.9375
ak-47,98.421875
ak-47,101.59375
ak-47,103.734375
ak-47,111.140625
ak-47,30.96875
mac-10,73.890625
mac-10,77.6875
mac-10,10.1875
m4a1,11.765625
ak-47,48.296875
m4a1,48.96875
ak-47,55.046875
ak-47,56.265625
ak-47,56.296875
ak-47,93.90625
ak-47,105.609375
ak-47,106.046875
mac-10,12.671875
m4a1,12.8125
ak-47,13.125
m4a1,20.859375
mac-10,22.515625
ak-47,35.0625
ak-47,37.640625
ak-47,38.625
ak-47,20.046875
mac-10,20.1875
ak-47,25.046875
ak-47,50.09375
m4a1,79.203125
ak-47,83.5625
mac-10,86.421875
m4a1,88.84375
ak-47,104.8125
ak-47,18.765625
ak-47,71.5
ak-47,79.8125
ak-47,81.171875
mp9,91.9375
ak-47,100.25
m4a1,12.8125
m4a1,80.484375
m4a1,85.25
ak-47,85.28125
m4a1,89.265625
m4a1,90.390625
awp,3.796875
awp,10.796875
ak-47,15.59375
m4a1,43.046875
ak-47,54.859375
awp,105.5625
ak-47,16.140625
ak-47,32.15625
ak-47,32.65625
ak-47,47.59375
awp,52.9375
ak-47,61.65625
awp,3.609375
mac-10,23.59375
ak-47,29.40625
ak-47,43.5625
m4a1,45.0
ak-47,51.203125
m4a1,68.0
m4a1,76.578125
ak-47,78.484375
ak-47,97.296875
m4a1,98.46875
ak-47,99.9375
awp,4.859375
awp,11.484375
m4a1,28.171875
awp,46.5625
m4a1,52.703125
ak-47,53.359375
m4a1,55.078125
ak-47,55.5625
ak-47,8.140625
ak-47,31.984375
awp,42.796875
mp9,44.359375
m4a1,48.8125
ak-47,51.3125
ak-47,55.71875
awp,37.546875
ak-47,39.71875
m4a1,40.640625
ak-47,63.453125
ak-47,68.578125
awp,70.203125
ak-47,8.078125
ak-47,29.125
ak-47,45.875
ak-47,9.34375
ak-47,11.421875
awp,17.21875
ak-47,27.390625
ak-47,32.328125
awp,106.96875
m4a1,110.484375
awp,111.578125
ak-47,46.8125
mac-10,75.65625
ak-47,20.546875
ak-47,30.0625
m4a1,23.4375
ak-47,24.109375
ak-47,24.953125
ak-47,25.296875
ak-47,26.296875
awp,30.71875
m4a1,48.078125
awp,87.046875
ak-47,87.3125
ak-47,93.6875
m4a1,95.53125
ak-47,106.71875
m4a1,106.84375
m4a1,112.109375
awp,12.203125
m4a1,27.109375
m4a1,28.84375
m4a1,30.078125
awp,52.875
ak-47,21.1875
awp,21.703125
ak-47,23.453125
ak-47,25.328125
ak-47,25.90625
ak-47,19.703125
m4a1,31.640625
ak-47,36.0
ak-47,53.171875
ak-47,53.5625
ak-47,56.875
awp,59.328125
awp,46.328125
m4a1,59.09375
ak-47,71.875
m4a1,73.390625
m4a1,75.140625
m4a1,81.5
awp,27.234375
ak-47,49.9375
m4a1,50.90625
ak-47,52.421875
ak-47,59.59375
awp,69.3125
ak-47,71.421875
m4a1,67.53125
m4a1,72.0625
ak-47,88.90625
m4a1,94.15625
ak-47,99.53125
ak-47,104.78125
awp,106.046875
awp,106.046875
ak-47,33.375
m4a1,44.796875
ak-47,46.625
ak-47,52.171875
awp,55.9375
ak-47,63.421875
ak-47,71.109375
ak-47,24.484375
ak-47,63.859375
mp9,65.203125
ak-47,69.3125
ak-47,85.421875
ak-47,86.296875
awp,84.921875
awp,87.546875
m4a1,88.875
ak-47,93.921875
m4a1,94.78125
ak-47,23.703125
ak-47,30.1875
ak-47,38.0625
ak-47,38.25
ak-47,39.46875
ak-47,43.796875
ak-47,55.671875
ak-47,98.484375
awp,12.65625
ak-47,13.28125
m4a1,15.734375
m4a1,60.875
m4a1,63.5
awp,64.015625
ak-47,15.984375
m4a1,22.125
m4a1,35.609375
awp,37.703125
m4a1,33.515625
ak-47,34.65625
ak-47,37.203125
m4a1,41.75
ak-47,42.578125
ak-47,47.203125
ak-47,47.875
ak-47,50.25
ak-47,19.890625
ak-47,35.78125
awp,8.71875
ak-47,95.984375
awp,108.828125
awp,111.15625
ak-47,31.328125
ak-47,31.796875
ak-47,37.859375
ak-47,48.0625
awp,73.8125
ak-47,82.328125
m4a1,82.53125
m4a1,85.171875
ak-47,85.1875
ak-47,86.890625
ak-47,114.28125
ak-47,61.28125
awp,87.625
ak-47,90.28125
ak-47,99.25
awp,103.65625
ak-47,112.5625
ak-47,31.78125
awp,38.6875
ak-47,39.796875
m4a1,62.53125
m4a1,79.5625
ak-47,89.546875
ak-47,28.046875
m4a1,29.09375
ak-47,29.25
ak-47,70.59375
ak-47,71.953125
ak-47,73.5
ak-47,24.109375
m4a1,29.640625
m4a1,30.828125
ak-47,31.09375
ak-47,36.03125
m4a1,36.90625
ak-47,36.984375
ak-47,61.96875
awp,49.796875
ak-47,49.96875
mp9,52.375
ak-47,60.109375
ak-47,62.703125
awp,69.15625
awp,21.46875
ak-47,33.125
ak-47,41.65625
ak-47,50.40625
ak-47,61.140625
ak-47,24.734375
ak-47,29.515625
ak-47,30.140625
ak-47,32.921875
ak-47,33.640625
mp9,50.984375
mp9,75.03125
ak-47,86.21875
ak-47,88.6875
mp9,93.0
ak-47,94.59375
ak-47,104.90625
mac-10,43.609375
mac-10,57.625
ak-47,64.140625
ak-47,76.0
ak-47,78.734375
m4a1,20.03125
ak-47,22.375
ak-47,25.078125
m4a1,39.21875
m4a1,43.359375
ak-47,44.375
m4a1,45.25
m4a1,47.6875
ak-47,18.671875
ak-47,21.921875
ak-47,24.0
m4a1,37.6875
m4a1,53.015625
awp,53.78125
m4a1,56.9375
awp,67.6875
ak-47,72.15625
awp,11.53125
m4a1,20.328125
awp,21.453125
m4a1,26.84375
m4a1,32.96875
m4a1,35.328125
mac-10,13.765625
mac-10,27.125
mac-10,33.9375
ak-47,35.953125
mac-10,37.453125
mac-10,27.421875
mac-10,109.390625
m4a1,109.4375
mac-10,110.359375
ak-47,14.296875
m4a1,14.71875
ak-47,17.109375
ak-47,28.578125
ak-47,38.296875
ak-47,71.546875
ak-47,19.8125
mac-10,43.140625
mac-10,43.671875
ak-47,47.953125
ak-47,76.421875
ak-47,63.796875
awp,92.96875
ak-47,98.671875
ak-47,101.53125
m4a1,107.078125
ak-47,107.703125
ak-47,23.96875
ak-47,24.1875
ak-47,31.625
ak-47,32.671875
m4a1,14.625
ak-47,19.1875
ak-47,21.21875
awp,22.125
awp,41.328125
ak-47,29.5625
m4a1,35.828125
ak-47,36.375
m4a1,37.625
ak-47,40.125
ak-47,44.53125
ak-47,45.828125
ak-47,65.453125
ak-47,65.734375
mp9,26.390625
ak-47,62.984375
ak-47,69.703125
m4a1,77.515625
ak-47,77.640625
m4a1,10.5
ak-47,11.171875
ak-47,44.171875
m4a1,46.03125
ak-47,48.359375
ak-47,57.96875
m4a1,18.625
ak-47,37.125
ak-47,48.96875
ak-47,49.375
ak-47,49.421875
ak-47,53.171875
ak-47,86.046875
mp9,15.203125
mp9,16.453125
mp9,16.671875
mp9,17.890625
m4a1,38.46875
mp9,21.84375
mp9,24.328125
m4a1,25.609375
m4a1,25.703125
m4a1,27.84375
ak-47,63.125
ak-47,81.53125
m4a1,81.65625
ak-47,82.921875
ak-47,83.203125
m4a1,72.890625
m4a1,81.78125
ak-47,82.5
ak-47,94.578125
m4a1,94.734375
ak-47,106.359375
m4a1,113.09375
m4a1,36.734375
m4a1,46.25
m4a1,52.9375
m4a1,53.578125
m4a1,63.65625
m4a1,26.703125
ak-47,28.078125
ak-47,74.859375
ak-47,80.890625
ak-47,17.359375
ak-47,19.03125
m4a1,22.46875
m4a1,56.46875
m4a1,57.859375
ak-47,77.546875
m4a1,56.046875
ak-47,58.21875
awp,65.15625
ak-47,72.359375
ak-47,75.953125
awp,11.171875
m4a1,27.1875
awp,27.234375
awp,38.40625
awp,52.265625
m4a1,38.625
ak-47,41.984375
ak-47,46.25
ak-47,62.21875
ak-47,65.359375
awp,65.359375
ak-47,76.765625
ak-47,15.65625
m4a1,18.703125
ak-47,25.875
m4a1,42.3125
ak-47,101.390625
m4a1,103.25
m4a1,104.25
ak-47,34.625
m4a1,43.8125
m4a1,47.5
m4a1,82.171875
mac-10,17.0
mac-10,26.578125
ak-47,32.96875
ak-47,64.40625
ak-47,70.875
ak-47,72.5
m4a1,35.609375
m4a1,42.734375
m4a1,45.640625
ak-47,55.796875
ak-47,67.3125
ak-47,86.34375
ak-47,86.71875
ak-47,88.546875
ak-47,92.203125
ak-47,43.453125
ak-47,44.703125
ak-47,47.953125
ak-47,48.375
ak-47,49.21875
ak-47,12.265625
ak-47,17.3125
ak-47,61.09375
ak-47,65.921875
ak-47,66.03125
ak-47,66.484375
ak-47,74.78125
ak-47,77.546875
ak-47,91.46875
m4a1,28.03125
m4a1,51.71875
m4a1,58.828125
awp,70.46875
ak-47,76.203125
m4a1,81.140625
ak-47,84.125
m4a1,88.796875
awp,16.984375
ak-47,63.109375
ak-47,66.640625
ak-47,78.390625
ak-47,28.953125
ak-47,32.84375
ak-47,48.65625
ak-47,38.546875
m4a1,91.84375
m4a1,99.9375
awp,101.359375
m4a1,110.84375
m4a1,112.140625
ak-47,43.515625
ak-47,45.5625
ak-47,47.28125
ak-47,62.21875
awp,71.25
ak-47,73.28125
awp,79.6875
ak-47,32.015625
m4a1,75.8125
ak-47,77.1875
awp,79.15625
awp,79.4375
ak-47,88.234375
ak-47,95.828125
ak-47,15.5625
ak-47,82.515625
ak-47,88.59375
m4a1,101.09375
awp,102.0625
awp,12.5625
ak-47,18.28125
m4a1,34.703125
ak-47,34.84375
awp,46.546875
ak-47,53.171875
ak-47,114.78125
awp,42.75
awp,49.625
ak-47,53.75
awp,82.1875
ak-47,85.734375
ak-47,96.765625
ak-47,97.59375
m4a1,105.015625
m4a1,86.390625
ak-47,93.1875
m4a1,95.5
m4a1,96.28125
m4a1,98.53125
m4a1,100.109375
awp,7.515625
ak-47,20.296875
ak-47,32.53125
ak-47,43.09375
ak-47,60.625
ak-47,64.515625
ak-47,88.78125
ak-47,97.90625
mp9,10.75
mp9,19.71875
mp9,33.71875
mp9,37.3125
m4a1,49.234375
ak-47,47.203125
ak-47,86.3125
ak-47,114.515625
m4a1,67.25
awp,86.203125
m4a1,94.03125
m4a1,102.109375
m4a1,104.203125
awp,28.875
awp,35.46875
m4a1,55.953125
m4a1,56.84375
awp,57.0625
m4a1,82.109375
ak-47,82.5625
m4a1,88.46875
ak-47,89.03125
ak-47,95.96875
m4a1,36.03125
m4a1,37.546875
ak-47,38.078125
m4a1,38.6875
m4a1,39.078125
awp,99.90625
awp,66.765625
m4a1,79.9375
m4a1,82.515625
m4a1,83.46875
awp,81.734375
m4a1,40.359375
ak-47,65.078125
awp,66.296875
m4a1,67.703125
ak-47,70.546875
m4a1,73.796875
awp,25.9375
m4a1,61.328125
ak-47,63.21875
ak-47,83.90625
ak-47,86.90625
awp,106.296875
m4a1,112.25
m4a1,9.734375
awp,19.546875
awp,78.765625
ak-47,90.125
m4a1,21.78125
m4a1,24.25
m4a1,24.640625
m4a1,55.578125
ak-47,17.1875
ak-47,24.25
ak-47,39.390625
awp,40.4375
ak-47,78.546875
mac-10,38.546875
mac-10,41.453125
mac-10,44.078125
ak-47,45.78125
ak-47,53.234375
mac-10,61.828125
mac-10,62.5
m4a1,69.375
m4a1,72.21875
ak-47,72.921875
ak-47,73.15625
ak-47,19.796875
ak-47,23.046875
ak-47,23.046875
ak-47,32.59375
ak-47,34.953125
m4a1,30.6875
ak-47,33.859375
ak-47,47.03125
m4a1,84.3125
m4a1,86.9375
ak-47,103.953125
m4a1,107.046875
m4a1,49.5
m4a1,51.1875
m4a1,55.296875
m4a1,59.03125
ak-47,61.25
ak-47,63.671875
ak-47,73.4375
ak-47,38.015625
ak-47,43.265625
ak-47,43.453125
ak-47,43.5625
m4a1,73.921875
ak-47,18.28125
ak-47,18.78125
ak-47,32.828125
ak-47,37.515625
ak-47,38.140625
ak-47,41.390625
m4a1,41.84375
ak-47,18.1875
ak-47,32.265625
m4a1,34.84375
ak-47,35.78125
ak-47,39.34375
ak-47,37.640625
m4a1,38.0
m4a1,39.0
ak-47,41.4375
m4a1,42.234375
m4a1,43.859375
ak-47,46.34375
m4a1,66.296875
ak-47,39.921875
m4a1,42.15625
ak-47,46.84375
m4a1,51.609375
m4a1,53.765625
ak-47,59.484375
m4a1,68.578125
ak-47,70.109375
ak-47,78.515625
ak-47,28.59375
ak-47,63.78125
ak-47,63.828125
m4a1,70.546875
ak-47,107.71875
ak-47,111.796875
m4a1,38.171875
m4a1,55.546875
m4a1,59.484375
awp,13.15625
m4a1,86.890625
ak-47,88.984375
ak-47,93.828125
m4a1,103.734375
mp9,105.234375
ak-47,105.734375
mp9,106.453125
ak-47,64.359375
m4a1,68.4375
m4a1,69.96875
ak-47,88.34375
m4a1,90.859375
awp,103.984375
ak-47,28.96875
ak-47,37.90625
m4a1,66.8125
ak-47,105.4375
awp,15.03125
ak-47,36.65625
awp,58.296875
awp,64.0625
awp,70.953125
awp,50.421875
awp,53.0625
ak-47,60.265625
ak-47,72.046875
ak-47,75.953125
m4a1,77.1875
m4a1,41.234375
m4a1,47.71875
m4a1,48.875
m4a1,49.578125
m4a1,50.328125
ak-47,14.8125
m4a1,17.0
m4a1,17.953125
m4a1,19.515625
awp,62.5
ak-47,63.75
ak-47,71.109375
ak-47,87.640625
ak-47,94.390625
awp,14.21875
ak-47,26.484375
ak-47,30.265625
ak-47,39.375
ak-47,84.703125
awp,21.90625
ak-47,44.59375
ak-47,56.265625
mp9,60.96875
ak-47,76.015625
ak-47,51.65625
awp,53.5625
m4a1,56.6875
m4a1,57.1875
ak-47,110.9375
ak-47,112.015625
awp,31.796875
m4a1,39.546875
m4a1,91.390625
ak-47,93.34375
m4a1,93.875
m4a1,97.90625
m4a1,48.859375
ak-47,49.28125
ak-47,56.28125
ak-47,57.125
ak-47,57.5625
awp,58.421875
ak-47,62.46875
mp9,68.609375
ak-47,71.1875
awp,54.0625
ak-47,67.3125
m4a1,69.625
m4a1,72.953125
ak-47,77.875
ak-47,80.828125
awp,98.3125
ak-47,106.4375
m4a1,33.75
mp9,104.765625
m4a1,105.484375
ak-47,106.59375
ak-47,106.6875
m4a1,108.8125
m4a1,40.59375
m4a1,42.734375
awp,45.203125
m4a1,48.046875
m4a1,65.0625
m4a1,55.296875
m4a1,56.625
m4a1,60.5625
mp9,61.65625
m4a1,46.875
m4a1,48.453125
m4a1,52.71875
ak-47,53.265625
ak-47,92.5
ak-47,98.0
m4a1,19.046875
m4a1,68.109375
m4a1,19.0625
ak-47,20.21875
ak-47,20.25
m4a1,20.375
m4a1,27.625
m4a1,33.71875
awp,37.546875
m4a1,32.28125
m4a1,32.484375
m4a1,64.8125
ak-47,65.59375
awp,75.078125
m4a1,76.28125
ak-47,78.703125
m4a1,80.25
m4a1,86.1875
m4a1,30.859375
m4a1,31.859375
m4a1,38.15625
awp,45.828125
m4a1,48.671875
ak-47,16.40625
m4a1,36.234375
ak-47,37.28125
ak-47,38.796875
m4a1,46.03125
awp,47.171875
m4a1,47.578125
ak-47,17.953125
ak-47,28.078125
ak-47,32.71875
ak-47,34.625
ak-47,50.375
ak-47,68.75
ak-47,70.46875
ak-47,70.78125
ak-47,72.21875
awp,24.9375
m4a1,28.1875
m4a1,32.140625
m4a1,33.03125
m4a1,37.25
m4a1,36.40625
m4a1,38.5625
awp,39.328125
m4a1,39.34375
mp9,31.09375
mp9,35.125
mp9,35.21875
mp9,51.875
ak-47,40.953125
ak-47,41.765625
ak-47,46.65625
ak-47,53.921875
ak-47,14.328125
ak-47,28.328125
mp9,31.828125
ak-47,39.703125
ak-47,104.578125
ak-47,14.71875
ak-47,97.21875
awp,102.390625
ak-47,104.171875
awp,104.890625
awp,60.203125
awp,67.8125
ak-47,13.296875
ak-47,20.96875
ak-47,25.046875
awp,25.671875
ak-47,68.46875
m4a1,69.5625
awp,19.671875
ak-47,54.140625
ak-47,78.0
ak-47,51.25
ak-47,53.203125
ak-47,60.421875
awp,83.703125
ak-47,91.40625
ak-47,101.53125
ak-47,29.84375
ak-47,33.84375
ak-47,56.171875
ak-47,57.375
ak-47,57.78125
m4a1,58.65625
awp,81.828125
ak-47,11.125
ak-47,11.625
ak-47,12.03125
ak-47,15.71875
ak-47,25.46875
ak-47,61.828125
ak-47,63.46875
m4a1,15.03125
mp9,18.453125
ak-47,20.109375
m4a1,20.125
ak-47,91.03125
m4a1,91.546875
m4a1,102.234375
awp,20.625
m4a1,36.65625
ak-47,37.203125
ak-47,83.109375
m4a1,88.21875
ak-47,15.5
ak-47,59.390625
ak-47,75.4375
ak-47,77.5625
m4a1,79.03125
m4a1,79.4375
ak-47,26.21875
ak-47,100.859375
ak-47,103.328125
ak-47,103.84375
awp,48.8125
ak-47,64.234375
m4a1,66.328125
m4a1,72.046875
mp9,78.59375
ak-47,54.46875
mac-10,55.1875
awp,56.765625
ak-47,64.34375
ak-47,67.75
ak-47,68.6875
ak-47,68.78125
mp9,56.65625
ak-47,57.890625
ak-47,58.6875
m4a1,61.171875
m4a1,79.734375
ak-47,111.296875
awp,36.6875
awp,40.609375
awp,53.9375
m4a1,55.1875
m4a1,58.421875
awp,60.53125
mp9,66.4375
m4a1,18.84375
m4a1,19.5625
m4a1,21.046875
ak-47,25.6875
ak-47,26.984375
awp,30.1875
m4a1,13.96875
m4a1,17.75
m4a1,18.4375
m4a1,27.8125
ak-47,30.9375
awp,32.34375
awp,52.3125
ak-47,53.25
ak-47,55.453125
awp,55.484375
ak-47,56.484375
ak-47,59.25
awp,61.6875
awp,49.046875
ak-47,60.234375
m4a1,61.46875
ak-47,61.484375
ak-47,65.109375
awp,83.03125
awp,84.484375
m4a1,95.6875
m4a1,50.21875
m4a1,50.4375
m4a1,51.671875
m4a1,52.265625
awp,60.234375
m4a1,71.984375
m4a1,47.125
ak-47,49.359375
awp,49.359375
ak-47,51.4375
awp,51.90625
awp,68.515625
m4a1,73.390625
ak-47,100.15625
ak-47,103.546875
ak-47,105.59375
m4a1,111.359375
ak-47,112.765625
ak-47,114.59375
awp,48.734375
ak-47,60.828125
m4a1,66.21875
m4a1,69.40625
m4a1,70.59375
m4a1,73.21875
ak-47,38.859375
m4a1,78.125
ak-47,84.6875
m4a1,85.375
awp,85.875
m4a1,51.25
ak-47,52.609375
ak-47,58.0
m4a1,59.984375
ak-47,62.734375
ak-47,79.015625
ak-47,94.875
m4a1,24.484375
m4a1,25.515625
m4a1,65.921875
ak-47,69.078125
awp,88.671875
m4a1,92.59375
ak-47,63.921875
awp,65.578125
m4a1,66.765625
ak-47,69.078125
ak-47,69.265625
ak-47,70.421875
ak-47,71.8125
ak-47,88.453125
ak-47,88.921875
ak-47,108.84375
awp,113.734375
ak-47,26.203125
ak-47,28.953125
ak-47,7.46875
ak-47,77.171875
ak-47,84.921875
ak-47,92.59375
ak-47,95.09375
awp,47.234375
ak-47,53.78125
ak-47,76.578125
ak-47,114.5625
ak-47,108.0625
awp,25.8125
ak-47,78.8125
ak-47,83.3125
ak-47,90.796875
awp,104.5625
awp,14.828125
ak-47,25.34375
ak-47,58.90625
ak-47,63.546875
awp,114.75
m4a1,64.453125
m4a1,73.859375
m4a1,84.3125
awp,87.546875
m4a1,93.890625
ak-47,19.375
ak-47,22.8125
ak-47,30.5
ak-47,51.46875
ak-47,52.265625
awp,48.046875
ak-47,65.265625
ak-47,69.34375
ak-47,69.71875
ak-47,83.984375
ak-47,51.40625
ak-47,54.4375
m4a1,55.578125
m4a1,56.390625
ak-47,58.625
awp,62.640625
ak-47,79.265625
ak-47,84.140625
m4a1,41.828125
m4a1,50.34375
mp9,66.53125
m4a1,76.859375
m4a1,80.4375
ak-47,37.171875
m4a1,45.8125
m4a1,47.734375
m4a1,49.140625
m4a1,76.078125
m4a1,80.015625
ak-47,23.796875
m4a1,26.0625
m4a1,26.96875
ak-47,34.171875
ak-47,42.546875
awp,62.796875
awp,62.96875
ak-47,64.828125
m4a1,70.265625
m4a1,71.265625
ak-47,79.890625
ak-47,91.390625
m4a1,51.890625
awp,52.171875
ak-47,69.15625
m4a1,82.25
ak-47,82.8125
ak-47,83.578125
m4a1,96.984375
awp,99.875
ak-47,83.328125
ak-47,84.8125
ak-47,89.5625
ak-47,16.015625
m4a1,16.703125
ak-47,16.90625
ak-47,70.5
awp,82.03125
ak-47,59.1875
ak-47,74.921875
m4a1,98.546875
awp,99.1875
ak-47,112.484375
awp,113.25
awp,83.921875
m4a1,84.546875
m4a1,96.453125
ak-47,96.578125
m4a1,108.046875
m4a1,109.484375
m4a1,18.1875
ak-47,15.203125
m4a1,27.828125
ak-47,35.765625
m4a1,37.515625
ak-47,38.328125
ak-47,99.734375
ak-47,104.0
ak-47,105.90625
m4a1,15.40625
awp,77.390625
m4a1,92.96875
m4a1,10.4375
ak-47,104.28125
ak-47,105.71875
ak-47,31.5
ak-47,35.328125
ak-47,36.03125
ak-47,37.140625
ak-47,37.234375
m4a1,43.3125
m4a1,63.71875
ak-47,77.484375
m4a1,56.890625
ak-47,57.515625
ak-47,60.3125
awp,26.328125
ak-47,29.171875
awp,31.28125
ak-47,37.96875
m4a1,41.78125
awp,42.265625
awp,77.125
ak-47,28.65625
ak-47,40.515625
m4a1,50.3125
ak-47,50.6875
m4a1,58.296875
ak-47,58.640625
ak-47,68.53125
ak-47,16.859375
mp9,23.015625
ak-47,36.90625
m4a1,40.46875
ak-47,44.640625
ak-47,45.421875
ak-47,47.34375
mac-10,19.609375
ak-47,34.90625
ak-47,68.890625
ak-47,85.03125
ak-47,85.71875
ak-47,15.84375
ak-47,16.390625
ak-47,18.203125
ak-47,31.515625
awp,33.984375
ak-47,35.640625
mac-10,12.09375
m4a1,24.15625
m4a1,9.203125
ak-47,78.265625
ak-47,80.296875
m4a1,80.390625
m4a1,89.96875
m4a1,22.3125
m4a1,29.15625
ak-47,70.15625
awp,22.84375
m4a1,33.171875
ak-47,46.46875
m4a1,54.1875
m4a1,71.53125
m4a1,72.671875
m4a1,74.5625
mp9,11.40625
m4a1,27.234375
m4a1,28.46875
ak-47,28.46875
ak-47,29.328125
awp,30.953125
ak-47,52.734375
ak-47,66.09375
m4a1,91.9375
ak-47,92.390625
ak-47,98.1875
ak-47,99.921875
mac-10,29.21875
mp9,70.171875
m4a1,22.90625
m4a1,45.1875
mp9,48.046875
mp9,58.203125
m4a1,38.890625
m4a1,41.71875
mac-10,54.265625
ak-47,42.265625
mp9,43.6875
mp9,47.28125
ak-47,80.84375
m4a1,92.03125
awp,38.0
ak-47,97.0625
m4a1,98.09375
m4a1,99.3125
ak-47,107.84375
m4a1,13.328125
ak-47,14.5625
ak-47,28.734375
awp,42.8125
ak-47,68.875
ak-47,36.125
m4a1,39.53125
ak-47,40.46875
ak-47,42.140625
m4a1,58.109375
mac-10,17.0
m4a1,19.71875
mac-10,23.84375
ak-47,28.484375
ak-47,21.90625
m4a1,23.375
ak-47,23.546875
ak-47,21.4375
m4a1,25.3125
m4a1,25.71875
ak-47,27.46875
ak-47,27.640625
m4a1,30.375
ak-47,47.828125
awp,48.328125
m4a1,18.859375
ak-47,18.953125
m4a1,23.53125
ak-47,24.8125
m4a1,28.609375
m4a1,94.046875
ak-47,94.46875
ak-47,97.078125
m4a1,102.625
mp9,46.296875
m4a1,63.59375
m4a1,42.09375
m4a1,68.96875
m4a1,51.328125
mac-10,67.359375
ak-47,78.796875
ak-47,110.703125
ak-47,37.015625
ak-47,89.484375
awp,91.921875
ak-47,93.625
ak-47,65.234375
ak-47,66.6875
ak-47,71.65625
awp,71.6875
m4a1,77.203125
awp,85.1875
ak-47,106.03125
ak-47,42.703125
awp,55.609375
ak-47,57.671875
ak-47,65.046875
ak-47,71.6875
m4a1,25.75
m4a1,28.171875
ak-47,49.03125
ak-47,57.9375
ak-47,61.515625
awp,82.625
m4a1,87.921875
ak-47,88.5
awp,88.59375
awp,98.15625
ak-47,67.71875
ak-47,69.0625
m4a1,69.984375
ak-47,97.578125
ak-47,18.65625
ak-47,19.1875
ak-47,24.375
ak-47,25.484375
ak-47,38.53125
m4a1,52.90625
ak-47,60.03125
ak-47,85.375
ak-47,102.625
ak-47,103.71875
m4a1,45.78125
ak-47,46.046875
ak-47,62.671875
m4a1,82.25
ak-47,90.875
awp,92.84375
ak-47,96.875
ak-47,98.375
m4a1,38.75
m4a1,56.15625
awp,62.5625
m4a1,72.15625
awp,101.8125
awp,103.796875
awp,107.328125
ak-47,25.921875
m4a1,80.984375
ak-47,96.9375
ak-47,100.328125
ak-47,110.390625
ak-47,112.34375
awp,11.609375
m4a1,60.90625
awp,78.90625
m4a1,104.03125
ak-47,21.953125
ak-47,23.546875
awp,29.6875
ak-47,48.4375
m4a1,80.59375
m4a1,82.796875
ak-47,51.046875
m4a1,77.375
ak-47,77.859375
ak-47,87.609375
ak-47,95.046875
m4a1,32.3125
m4a1,47.90625
m4a1,49.65625
ak-47,49.859375
m4a1,54.171875
ak-47,56.953125
ak-47,60.359375
ak-47,86.578125
m4a1,24.75
ak-47,36.375
ak-47,37.109375
m4a1,98.328125
ak-47,104.078125
ak-47,47.203125
mac-10,94.140625
ak-47,103.1875
m4a1,60.703125
ak-47,65.453125
ak-47,65.953125
ak-47,72.546875
ak-47,78.96875
ak-47,88.953125
m4a1,17.765625
ak-47,27.53125
ak-47,28.265625
ak-47,87.140625
ak-47,88.0625
ak-47,92.1875
ak-47,16.875
ak-47,39.875
ak-47,44.84375
ak-47,46.5625
awp,78.6875
ak-47,78.734375
ak-47,79.484375
mp9,18.734375
mp9,19.015625
m4a1,21.015625
m4a1,22.203125
m4a1,22.609375
m4a1,16.90625
ak-47,19.5
ak-47,21.96875
ak-47,29.734375
m4a1,33.140625
m4a1,40.421875
m4a1,48.8125
m4a1,18.796875
m4a1,19.796875
m4a1,24.8125
m4a1,28.53125
m4a1,30.046875
ak-47,19.90625
m4a1,34.90625
ak-47,35.28125
m4a1,97.1875
ak-47,111.984375
ak-47,112.4375
ak-47,112.578125
m4a1,55.03125
m4a1,58.359375
ak-47,61.421875
ak-47,68.84375
awp,77.375
ak-47,15.359375
m4a1,18.078125
ak-47,57.84375
m4a1,72.703125
m4a1,94.4375
awp,96.234375
ak-47,16.28125
ak-47,27.234375
m4a1,28.46875
ak-47,40.265625
ak-47,57.9375
ak-47,58.296875
ak-47,63.5625
ak-47,67.015625
ak-47,72.109375
mp9,14.3125
ak-47,48.859375
ak-47,49.5
awp,57.171875
ak-47,70.734375
awp,95.5
ak-47,108.265625
mac-10,52.328125
ak-47,72.53125
ak-47,73.875
awp,46.296875
m4a1,103.296875
mac-10,105.59375
mac-10,107.046875
m4a1,109.3125
m4a1,19.859375
m4a1,24.53125
m4a1,30.484375
m4a1,45.046875
m4a1,61.75
m4a1,21.296875
m4a1,22.09375
m4a1,22.296875
ak-47,10.9375
ak-47,18.796875
ak-47,84.046875
ak-47,85.21875
ak-47,90.484375
awp,5.390625
ak-47,89.0625
m4a1,91.203125
ak-47,92.46875
ak-47,106.4375
awp,22.5625
ak-47,32.5
ak-47,52.75
ak-47,62.3125
ak-47,63.75
m4a1,16.390625
ak-47,34.703125
m4a1,54.4375
ak-47,85.515625
ak-47,85.828125
m4a1,93.046875
awp,100.453125
m4a1,103.640625
mp9,61.046875
m4a1,74.46875
ak-47,76.359375
m4a1,87.984375
m4a1,42.671875
m4a1,42.96875
m4a1,43.875
m4a1,44.328125
mp9,52.609375
m4a1,75.15625
m4a1,76.15625
m4a1,98.65625
ak-47,19.46875
ak-47,20.71875
ak-47,27.625
ak-47,27.9375
ak-47,39.546875
m4a1,50.578125
awp,78.9375
ak-47,87.140625
ak-47,90.65625
ak-47,90.6875
ak-47,65.609375
awp,82.46875
m4a1,88.203125
ak-47,89.109375
mp9,94.765625
ak-47,95.125
ak-47,97.3125
m4a1,39.34375
m4a1,39.9375
m4a1,40.84375
mp9,45.125
m4a1,41.203125
m4a1,50.546875
mp9,13.953125
mp9,15.484375
m4a1,16.984375
m4a1,17.1875
m4a1,11.328125
m4a1,11.84375
ak-47,40.421875
m4a1,41.578125
ak-47,43.578125
awp,87.015625
ak-47,88.96875
ak-47,11.953125
m4a1,15.984375
m4a1,17.046875
m4a1,19.140625
awp,73.265625
m4a1,18.390625
m4a1,23.5625
m4a1,46.84375
m4a1,54.328125
m4a1,63.5
m4a1,60.625
awp,82.390625
awp,88.203125
m4a1,90.671875
ak-47,100.265625
m4a1,110.515625
m4a1,82.265625
m4a1,82.765625
m4a1,82.859375
m4a1,97.953125
m4a1,41.390625
m4a1,45.921875
mp9,57.84375
m4a1,13.203125
ak-47,16.125
mp9,23.609375
m4a1,36.359375
ak-47,114.796875
ak-47,28.359375
ak-47,29.96875
m4a1,41.421875
m4a1,41.46875
m4a1,45.84375
awp,22.265625
ak-47,42.59375
m4a1,44.40625
m4a1,80.78125
ak-47,105.578125
awp,109.609375
ak-47,111.03125
ak-47,50.03125
ak-47,59.09375
m4a1,86.390625
m4a1,88.46875
m4a1,90.03125
m4a1,96.96875
ak-47,38.484375
ak-47,41.5
mac-10,44.015625
m4a1,45.28125
m4a1,45.875
ak-47,51.109375
ak-47,34.03125
ak-47,43.828125
awp,70.171875
ak-47,82.546875
awp,88.171875
m4a1,75.140625
m4a1,80.71875
awp,81.375
ak-47,81.921875
awp,83.171875
ak-47,33.421875
ak-47,34.28125
ak-47,35.328125
ak-47,47.546875
ak-47,48.046875
awp,13.6875
ak-47,30.921875
ak-47,59.078125
awp,66.140625
ak-47,74.140625
awp,89.046875
ak-47,92.109375
awp,105.46875
mp9,36.390625
m4a1,36.6875
m4a1,64.546875
m4a1,76.578125
mp9,80.625
m4a1,82.84375
m4a1,38.4375
m4a1,104.171875
m4a1,105.296875
mac-10,106.625
mp9,110.59375
ak-47,21.140625
mac-10,30.03125
ak-47,35.015625
ak-47,36.3125
mp9,56.125
m4a1,62.59375
mp9,60.234375
m4a1,61.625
ak-47,67.65625
awp,100.375
ak-47,105.0
mp9,105.953125
m4a1,15.984375
m4a1,16.859375
m4a1,18.359375
ak-47,19.125
m4a1,27.375
ak-47,37.21875
awp,36.484375
ak-47,46.515625
ak-47,46.921875
ak-47,49.40625
m4a1,57.21875
ak-47,89.5625
ak-47,91.34375
ak-47,96.078125
ak-47,73.796875
ak-47,74.15625
ak-47,74.578125
ak-47,75.796875
ak-47,79.40625
ak-47,103.515625
ak-47,105.1875
m4a1,110.859375
awp,51.5
m4a1,60.296875
m4a1,62.421875
ak-47,67.65625
ak-47,81.109375
ak-47,100.890625
awp,104.765625
ak-47,62.828125
awp,64.109375
ak-47,77.4375
m4a1,12.46875
m4a1,12.46875
ak-47,59.140625
m4a1,28.453125
ak-47,40.140625
ak-47,24.90625
awp,31.375
ak-47,43.3125
m4a1,47.375
awp,60.859375
awp,73.328125
ak-47,75.78125
m4a1,76.0625
awp,12.625
awp,15.5
awp,19.078125
ak-47,62.328125
ak-47,64.828125
ak-47,47.546875
m4a1,57.515625
ak-47,67.5625
mp9,70.859375
m4a1,72.15625
awp,80.515625
m4a1,89.515625
ak-47,47.859375
ak-47,51.734375
ak-47,77.0625
ak-47,79.0
ak-47,79.234375
awp,82.390625
ak-47,83.171875
ak-47,89.109375
ak-47,99.125
ak-47,39.984375
m4a1,42.546875
ak-47,44.046875
ak-47,50.875
ak-47,59.640625
ak-47,22.15625
ak-47,23.15625
mac-10,24.265625
mac-10,25.46875
m4a1,18.46875
m4a1,21.15625
mac-10,29.15625
mac-10,30.171875
mac-10,39.46875
m4a1,48.84375
m4a1,50.328125
m4a1,53.125
ak-47,85.609375
mp9,104.5
m4a1,11.71875
m4a1,24.046875
ak-47,25.109375
ak-47,26.296875
ak-47,26.46875
m4a1,27.75
m4a1,49.0625
m4a1,17.0625
m4a1,19.375
m4a1,20.171875
m4a1,20.953125
m4a1,23.265625
ak-47,21.453125
ak-47,21.90625
ak-47,22.9375
m4a1,88.703125
m4a1,90.0625
m4a1,97.140625
ak-47,16.671875
ak-47,20.625
m4a1,43.9375
ak-47,30.890625
ak-47,38.9375
ak-47,29.265625
ak-47,29.359375
ak-47,31.9375
ak-47,56.546875
mac-10,61.734375
m4a1,19.5
m4a1,49.859375
ak-47,77.0625
ak-47,77.5625
ak-47,91.625
ak-47,56.609375
ak-47,69.4375
ak-47,98.0625
ak-47,40.09375
m4a1,43.421875
ak-47,49.09375
ak-47,16.140625
m4a1,29.96875
m4a1,33.609375
ak-47,35.265625
m4a1,38.4375
m4a1,39.15625
awp,43.125
awp,48.21875
ak-47,53.6875
ak-47,66.515625
ak-47,77.9375
awp,79.046875
awp,84.46875
ak-47,27.265625
m4a1,33.46875
ak-47,87.21875
ak-47,109.9375
awp,30.734375
awp,41.390625
m4a1,45.078125
ak-47,21.375
m4a1,38.78125
m4a1,39.578125
awp,41.078125
awp,42.75
ak-47,78.8125
awp,21.828125
awp,23.671875
m4a1,33.609375
ak-47,20.375
m4a1,21.421875
m4a1,93.109375
m4a1,94.1875
ak-47,94.640625
ak-47,108.46875
ak-47,112.6875
m4a1,30.203125
mac-10,30.484375
m4a1,36.375
m4a1,39.3125
m4a1,49.5625
m4a1,67.859375
m4a1,69.0
m4a1,13.671875
m4a1,94.25
ak-47,94.640625
ak-47,102.21875
m4a1,103.234375
m4a1,103.84375
mp9,104.875
ak-47,82.09375
ak-47,92.375
ak-47,93.15625
ak-47,53.8125
ak-47,55.0625
ak-47,66.765625
ak-47,69.421875
awp,100.46875
ak-47,20.109375
ak-47,28.8125
ak-47,29.296875
ak-47,30.515625
ak-47,78.921875
m4a1,80.859375
m4a1,84.015625
awp,88.765625
m4a1,111.921875
ak-47,29.40625
m4a1,36.421875
ak-47,40.125
m4a1,44.6875
ak-47,45.53125
m4a1,56.796875
ak-47,97.09375
ak-47,98.203125
ak-47,100.0
m4a1,103.828125
m4a1,105.25
m4a1,24.765625
m4a1,49.578125
m4a1,57.65625
m4a1,62.03125
m4a1,72.59375
ak-47,81.609375
m4a1,92.0
ak-47,92.109375
ak-47,92.265625
ak-47,96.765625
ak-47,97.296875
ak-47,98.609375
ak-47,106.171875
awp,13.046875
ak-47,16.640625
ak-47,38.796875
awp,43.296875
ak-47,53.390625
ak-47,38.765625
ak-47,40.4375
ak-47,47.890625
awp,61.203125
ak-47,65.203125
awp,65.984375
ak-47,22.5
m4a1,24.0625
awp,44.203125
ak-47,72.953125
ak-47,91.859375
ak-47,97.671875
m4a1,15.90625
ak-47,20.921875
ak-47,50.515625
ak-47,51.109375
ak-47,57.921875
ak-47,49.375
ak-47,50.0625
m4a1,59.84375
ak-47,74.40625
m4a1,84.921875
ak-47,89.890625
m4a1,36.28125
m4a1,38.03125
m4a1,44.234375
m4a1,75.359375
ak-47,78.640625
m4a1,11.484375
m4a1,12.453125
m4a1,14.203125
mp9,18.46875
m4a1,19.078125
ak-47,63.78125
m4a1,67.0625
m4a1,72.140625
m4a1,74.765625
ak-47,75.828125
ak-47,88.796875
m4a1,88.890625
m4a1,96.765625
awp,14.328125
m4a1,17.46875
ak-47,31.515625
ak-47,35.171875
m4a1,59.609375
mac-10,63.078125
m4a1,81.53125
ak-47,107.1875
awp,18.921875
ak-47,65.03125
ak-47,69.609375
awp,75.5
awp,82.59375
ak-47,105.78125
ak-47,109.21875
ak-47,14.296875
ak-47,19.890625
m4a1,27.5
ak-47,19.75
ak-47,27.703125
m4a1,30.484375
ak-47,48.4375
ak-47,20.6875
m4a1,46.640625
ak-47,53.359375
ak-47,54.953125
ak-47,55.453125
m4a1,59.25
m4a1,60.5625
awp,61.9375
m4a1,63.78125
ak-47,20.546875
ak-47,22.53125
awp,47.625
ak-47,52.140625
ak-47,61.125
m4a1,72.28125
ak-47,78.234375
ak-47,79.625
m4a1,82.46875
m4a1,84.734375
ak-47,90.0
m4a1,114.515625
ak-47,26.78125
awp,27.0625
awp,28.984375
ak-47,31.15625
ak-47,63.640625
m4a1,68.25
ak-47,70.640625
m4a1,16.796875
awp,60.125
ak-47,83.171875
awp,100.765625
m4a1,102.453125
ak-47,109.3125
ak-47,111.5625
mac-10,17.34375
mac-10,84.421875
mac-10,90.484375
m4a1,48.203125
m4a1,51.859375
m4a1,55.546875
m4a1,58.5625
m4a1,63.921875
ak-47,51.125
ak-47,88.390625
m4a1,91.375
m4a1,95.21875
ak-47,95.5625
m4a1,96.171875
m4a1,100.921875
ak-47,104.1875
ak-47,25.625
m4a1,25.921875
m4a1,53.046875
m4a1,54.5625
ak-47,41.1875
ak-47,41.796875
m4a1,44.03125
ak-47,48.25
ak-47,55.140625
awp,67.59375
awp,22.234375
awp,26.984375
ak-47,38.78125
ak-47,73.25
ak-47,82.4375
ak-47,86.921875
ak-47,100.296875
ak-47,105.5
m4a1,49.265625
m4a1,68.328125
m4a1,69.9375
awp,73.015625
ak-47,79.3125
ak-47,16.234375
m4a1,16.421875
ak-47,16.890625
m4a1,17.46875
m4a1,62.328125
mp9,72.1875
mp9,85.78125
awp,31.3125
awp,34.765625
m4a1,35.984375
m4a1,36.390625
mp9,39.46875
mp9,20.359375
mp9,23.890625
m4a1,45.234375
m4a1,46.734375
m4a1,55.0
awp,10.078125
ak-47,14.234375
ak-47,14.53125
ak-47,16.671875
ak-47,25.71875
ak-47,18.28125
ak-47,22.53125
ak-47,24.921875
ak-47,35.625
mp9,37.875
ak-47,38.578125
awp,53.984375
m4a1,11.984375
m4a1,12.671875
m4a1,52.1875
ak-47,54.921875
m4a1,69.078125
awp,73.203125
m4a1,80.140625
ak-47,22.5625
ak-47,50.640625
ak-47,51.90625
awp,83.90625
ak-47,101.71875
awp,114.5
mac-10,49.171875
ak-47,53.5625
m4a1,38.703125
m4a1,39.390625
m4a1,46.234375
m4a1,50.15625
m4a1,61.84375
ak-47,101.234375
ak-47,106.90625
m4a1,10.34375
m4a1,85.828125
ak-47,103.84375
m4a1,104.90625
ak-47,106.40625
ak-47,108.125
mp9,112.5
m4a1,85.015625
m4a1,86.359375
mp9,89.828125
m4a1,96.953125
mac-10,12.953125
mac-10,16.34375
m4a1,17.0625
ak-47,17.25
m4a1,25.265625
ak-47,29.765625
m4a1,30.59375
ak-47,30.984375
m4a1,38.0
ak-47,38.78125
ak-47,59.375
awp,30.3125
ak-47,33.78125
ak-47,36.46875
mp9,42.09375
ak-47,45.15625
awp,88.609375
ak-47,30.0625
m4a1,35.78125
awp,39.984375
ak-47,44.375
m4a1,55.90625
awp,87.828125
m4a1,91.328125
awp,25.5625
awp,29.3125
ak-47,34.671875
ak-47,47.234375
ak-47,50.65625
awp,68.953125
ak-47,29.90625
awp,36.203125
awp,46.5625
awp,48.546875
awp,49.671875
awp,51.859375
ak-47,31.171875
ak-47,32.859375
awp,66.828125
m4a1,67.234375
m4a1,69.421875
mp9,61.125
mp9,64.03125
mp9,25.34375
ak-47,45.828125
awp,38.875
ak-47,73.203125
m4a1,76.96875
m4a1,77.828125
ak-47,80.859375
ak-47,36.09375
ak-47,37.3125
ak-47,39.5
ak-47,62.5625
awp,74.09375
m4a1,16.828125
m4a1,17.65625
awp,17.796875
awp,45.6875
ak-47,83.6875
awp,40.375
ak-47,42.109375
awp,42.328125
ak-47,55.375
ak-47,31.953125
ak-47,32.53125
ak-47,32.96875
ak-47,41.21875
awp,24.375
awp,27.46875
ak-47,31.625
awp,37.046875
ak-47,73.078125
ak-47,73.125
awp,74.125
mac-10,25.421875
mac-10,27.375
mp9,114.828125
m4a1,22.53125
mac-10,25.078125
mp9,25.21875
m4a1,31.46875
m4a1,100.0
ak-47,100.828125
awp,50.46875
ak-47,91.84375
m4a1,93.34375
mac-10,94.15625
m4a1,99.9375
ak-47,100.265625
awp,111.921875
ak-47,27.3125
awp,34.65625
awp,43.65625
awp,37.84375
ak-47,40.203125
awp,40.78125
ak-47,42.609375
awp,24.34375
ak-47,24.921875
ak-47,48.796875
ak-47,49.125
ak-47,50.84375
awp,11.0625
ak-47,16.984375
awp,17.203125
ak-47,28.828125
mp9,42.34375
ak-47,51.984375
mp9,40.5625
ak-47,74.15625
mp9,77.828125
ak-47,83.15625
mp9,84.234375
ak-47,86.046875
ak-47,112.15625
ak-47,30.9375
ak-47,41.671875
ak-47,86.296875
awp,89.015625
ak-47,89.90625
m4a1,44.3125
m4a1,68.890625
m4a1,94.421875
mac-10,18.734375
m4a1,19.203125
m4a1,77.703125
mp9,60.8125
mp9,92.390625
m4a1,95.734375
m4a1,96.46875
mp9,102.859375
ak-47,62.46875
ak-47,70.859375
ak-47,89.484375
ak-47,94.125
ak-47,112.421875
mp9,12.5
ak-47,21.015625
ak-47,91.25
ak-47,99.6875
awp,105.515625
awp,108.140625
ak-47,12.4375
m4a1,20.15625
ak-47,25.515625
ak-47,31.03125
awp,63.6875
m4a1,21.3125
mp9,23.890625
ak-47,24.203125
mp9,40.84375
awp,45.453125
awp,58.359375
ak-47,59.46875
ak-47,61.90625
mp9,94.171875
ak-47,94.296875
m4a1,94.5
m4a1,95.109375
ak-47,98.03125
ak-47,98.03125
m4a1,103.40625
ak-47,107.375
m4a1,64.453125
m4a1,65.546875
ak-47,66.984375
ak-47,68.234375
ak-47,74.234375
awp,76.421875
ak-47,80.875
mp9,90.140625
ak-47,91.921875
m4a1,40.796875
ak-47,21.0625
ak-47,22.640625
ak-47,29.578125
ak-47,40.90625
mp9,51.9375
ak-47,52.40625
ak-47,58.875
ak-47,74.796875
m4a1,78.921875
awp,88.78125
ak-47,111.921875
awp,36.59375
ak-47,47.75
m4a1,57.140625
ak-47,78.640625
m4a1,89.046875
ak-47,35.3125
ak-47,35.6875
m4a1,65.609375
m4a1,68.546875
ak-47,76.765625
ak-47,80.703125
ak-47,81.9375
ak-47,17.46875
m4a1,28.46875
awp,32.84375
awp,64.953125
m4a1,81.8125
m4a1,15.15625
awp,31.390625
ak-47,41.53125
ak-47,42.96875
m4a1,44.578125
ak-47,32.0625
ak-47,33.671875
ak-47,34.375
ak-47,37.421875
ak-47,71.546875
ak-47,73.3125
ak-47,73.8125
m4a1,92.71875
ak-47,97.921875
ak-47,99.65625
m4a1,102.1875
m4a1,104.296875
ak-47,106.78125
m4a1,36.625
ak-47,17.234375
awp,44.90625
awp,62.78125
ak-47,65.46875
awp,69.171875
ak-47,16.234375
ak-47,24.640625
ak-47,51.890625
awp,52.3125
ak-47,82.5625
awp,97.90625
ak-47,32.703125
ak-47,34.0
ak-47,35.296875
m4a1,58.921875
m4a1,67.3125
ak-47,9.875
m4a1,14.53125
ak-47,21.84375
m4a1,23.1875
awp,26.9375
m4a1,32.71875
ak-47,11.34375
m4a1,12.40625
ak-47,26.578125
ak-47,32.203125
m4a1,49.84375
ak-47,51.109375
ak-47,53.40625
awp,57.703125
ak-47,59.3125
ak-47,62.40625
awp,74.703125
awp,10.53125
awp,83.859375
awp,95.84375
ak-47,96.8125
ak-47,97.796875
m4a1,100.96875
ak-47,101.171875
m4a1,103.0625
awp,65.328125
m4a1,97.453125
m4a1,23.5625
m4a1,65.171875
m4a1,71.984375
awp,73.328125
m4a1,79.0625
m4a1,83.046875
ak-47,53.46875
m4a1,52.703125
ak-47,60.640625
m4a1,66.125
awp,70.09375
ak-47,101.71875
ak-47,21.5625
ak-47,23.0
ak-47,30.15625
ak-47,37.0625
ak-47,42.1875
mac-10,55.15625
ak-47,16.46875
mac-10,19.984375
m4a1,31.0625
ak-47,15.734375
m4a1,27.796875
m4a1,28.1875
ak-47,29.046875
m4a1,31.03125
ak-47,34.171875
ak-47,58.109375
awp,65.8125
m4a1,83.171875
awp,85.703125
ak-47,85.859375
m4a1,92.921875
m4a1,51.390625
ak-47,54.546875
m4a1,54.984375
awp,73.328125
ak-47,21.0
ak-47,59.328125
ak-47,76.078125
ak-47,77.390625
awp,18.921875
ak-47,23.078125
ak-47,24.984375
ak-47,26.21875
mac-10,28.890625
m4a1,100.828125
mp9,42.546875
mp9,42.765625
awp,84.28125
ak-47,107.3125
ak-47,107.515625
mp9,44.03125
ak-47,55.203125
awp,58.0
ak-47,78.34375
ak-47,23.828125
ak-47,30.21875
ak-47,31.40625
ak-47,33.046875
ak-47,34.59375
awp,46.640625
ak-47,48.140625
ak-47,53.671875
awp,27.09375
ak-47,40.0625
ak-47,62.84375
ak-47,63.46875
ak-47,66.578125
ak-47,71.03125
ak-47,18.453125
m4a1,53.96875
ak-47,58.984375
ak-47,13.703125
m4a1,29.09375
ak-47,31.78125
awp,34.78125
ak-47,38.65625
ak-47,39.0625
ak-47,47.421875
ak-47,63.046875
ak-47,88.578125
awp,43.484375
awp,84.734375
m4a1,22.9375
m4a1,80.203125
ak-47,38.28125
ak-47,26.75
ak-47,30.953125
awp,46.015625
ak-47,49.3125
m4a1,50.171875
m4a1,52.28125
ak-47,91.1875
m4a1,98.203125
ak-47,102.34375
awp,39.375
awp,41.34375
awp,43.296875
awp,50.828125
m4a1,54.625
mac-10,16.859375
m4a1,28.359375
m4a1,33.078125
m4a1,35.203125
ak-47,50.5
ak-47,53.359375
awp,105.296875
awp,107.125
m4a1,17.046875
ak-47,20.421875
ak-47,21.96875
m4a1,20.8125
ak-47,31.421875
ak-47,34.390625
m4a1,38.09375
m4a1,56.28125
m4a1,58.765625
ak-47,56.734375
ak-47,72.109375
m4a1,75.484375
ak-47,79.265625
ak-47,79.5625
m4a1,15.734375
m4a1,46.234375
m4a1,46.640625
m4a1,56.71875
m4a1,59.578125
ak-47,27.359375
ak-47,29.046875
ak-47,30.578125
ak-47,30.828125
ak-47,48.359375
ak-47,48.78125
m4a1,49.203125
m4a1,51.546875
m4a1,36.734375
mac-10,42.453125
m4a1,57.296875
m4a1,69.734375
ak-47,78.546875
awp,79.265625
ak-47,80.328125
ak-47,43.984375
m4a1,45.21875
m4a1,20.28125
ak-47,34.765625
ak-47,39.15625
ak-47,40.0
ak-47,40.984375
ak-47,41.578125
ak-47,42.578125
ak-47,43.453125
ak-47,53.59375
ak-47,40.171875
m4a1,57.234375
ak-47,58.28125
awp,68.921875
awp,84.859375
ak-47,20.125
mp9,55.984375
ak-47,56.28125
ak-47,58.625
ak-47,63.09375
awp,64.109375
awp,33.21875
awp,92.0625
ak-47,94.78125
ak-47,97.75
awp,102.40625
awp,4.578125
ak-47,12.0625
m4a1,29.515625
ak-47,37.171875
awp,89.609375
ak-47,20.296875
ak-47,100.46875
ak-47,101.703125
ak-47,105.1875
awp,54.40625
ak-47,101.859375
awp,107.671875
awp,52.453125
m4a1,68.09375
ak-47,72.703125
ak-47,82.515625
ak-47,85.09375
ak-47,104.328125
ak-47,106.4375
ak-47,78.140625
ak-47,80.84375
awp,81.09375
ak-47,106.25
ak-47,108.390625
awp,111.03125
ak-47,111.3125
ak-47,66.59375
ak-47,68.328125
ak-47,68.515625
ak-47,69.9375
m4a1,36.75
m4a1,38.96875
awp,94.4375
m4a1,98.6875
ak-47,22.625
m4a1,49.65625
ak-47,58.171875
m4a1,23.328125
awp,79.25
ak-47,87.015625
awp,89.265625
ak-47,96.96875
m4a1,97.5
awp,110.71875
ak-47,111.8125
awp,106.03125
m4a1,33.203125
m4a1,33.609375
m4a1,34.078125
ak-47,34.125
awp,36.40625
ak-47,57.15625
m4a1,57.328125
awp,5.375
awp,78.5
m4a1,88.28125
awp,69.515625
m4a1,72.53125
ak-47,73.0625
m4a1,75.390625
m4a1,95.171875
ak-47,12.34375
ak-47,14.59375
m4a1,28.703125
m4a1,38.359375
m4a1,39.484375
m4a1,41.9375
m4a1,41.9375
m4a1,57.734375
m4a1,69.421875
ak-47,69.953125
ak-47,79.15625
m4a1,82.28125
ak-47,83.125
awp,83.25
awp,94.9375
mp9,31.109375
mp9,48.625
mp9,49.375
awp,24.578125
ak-47,25.046875
awp,79.796875
m4a1,83.6875
ak-47,92.15625
ak-47,92.984375
m4a1,26.96875
m4a1,28.046875
m4a1,28.203125
ak-47,56.4375
m4a1,61.234375
awp,82.0
awp,91.265625
awp,97.515625
ak-47,104.453125
awp,104.921875
ak-47,107.921875
ak-47,52.296875
ak-47,63.046875
m4a1,70.578125
ak-47,72.234375
ak-47,74.984375
ak-47,78.34375
ak-47,92.625
ak-47,26.109375
m4a1,35.765625
awp,46.921875
ak-47,47.359375
awp,48.765625
ak-47,92.625
ak-47,94.796875
ak-47,96.828125
ak-47,97.21875
ak-47,103.21875
ak-47,112.515625
ak-47,86.609375
awp,89.84375
m4a1,97.078125
awp,97.53125
ak-47,98.171875
ak-47,102.921875
awp,27.609375
awp,90.828125
m4a1,95.1875
m4a1,96.421875
ak-47,98.25
m4a1,100.40625
awp,9.828125
m4a1,11.625
m4a1,13.46875
awp,16.359375
m4a1,18.109375
awp,21.140625
ak-47,48.171875
m4a1,51.59375
m4a1,28.640625
awp,38.828125
ak-47,41.34375
m4a1,44.65625
m4a1,63.484375
m4a1,84.375
mp9,90.515625
m4a1,90.703125
m4a1,103.953125
m4a1,55.125
m4a1,58.8125
m4a1,60.25
m4a1,52.296875
m4a1,82.15625
awp,85.21875
m4a1,97.859375
ak-47,58.3125
ak-47,73.6875
ak-47,80.265625
ak-47,82.703125
ak-47,38.546875
ak-47,68.828125
awp,87.140625
awp,92.53125
m4a1,97.21875
awp,8.390625
m4a1,45.34375
ak-47,56.0
mp9,57.40625
m4a1,59.84375
m4a1,74.0
awp,98.1875
mp9,51.125
ak-47,52.265625
mp9,90.546875
awp,91.390625
ak-47,95.140625
m4a1,17.984375
m4a1,20.921875
m4a1,24.296875
mp9,31.046875
ak-47,85.296875
mp9,86.34375
ak-47,87.078125
ak-47,89.5
ak-47,92.140625
ak-47,102.078125
ak-47,26.578125
ak-47,63.359375
ak-47,31.359375
ak-47,32.953125
ak-47,35.890625
ak-47,36.171875
awp,41.375
awp,71.734375
awp,75.40625
ak-47,49.78125
awp,87.046875
ak-47,89.734375
m4a1,95.859375
m4a1,109.796875
m4a1,112.890625
ak-47,15.109375
ak-47,77.359375
ak-47,99.65625
m4a1,40.71875
m4a1,42.171875
ak-47,56.40625
awp,74.15625
awp,77.9375
ak-47,82.90625
ak-47,40.765625
ak-47,73.90625
ak-47,93.140625
ak-47,25.109375
ak-47,26.21875
m4a1,33.21875
m4a1,34.375
ak-47,41.78125
awp,51.578125
ak-47,91.09375
awp,94.625
m4a1,38.78125
awp,40.59375
m4a1,46.375
ak-47,46.875
m4a1,29.09375
mac-10,29.28125
m4a1,41.484375
m4a1,45.421875
mp9,35.296875
ak-47,36.546875
mp9,38.8125
ak-47,69.703125
ak-47,43.0
mac-10,73.65625
ak-47,79.5625
m4a1,81.84375
m4a1,82.140625
m4a1,83.109375
ak-47,84.65625
ak-47,113.34375
m4a1,113.6875
awp,14.953125
awp,21.875
ak-47,75.703125
ak-47,83.5625
ak-47,41.953125
awp,43.390625
m4a1,44.9375
ak-47,46.96875
awp,59.34375
ak-47,89.828125
m4a1,26.96875
awp,33.421875
awp,74.484375
ak-47,74.703125
m4a1,81.0625
ak-47,46.390625
m4a1,50.953125
m4a1,52.03125
ak-47,52.546875
ak-47,53.921875
ak-47,93.15625
m4a1,94.734375
m4a1,97.296875
ak-47,98.203125
m4a1,105.921875
ak-47,106.203125
ak-47,39.9375
m4a1,44.6875
ak-47,47.5
ak-47,56.296875
m4a1,61.828125
ak-47,54.65625
ak-47,63.53125
ak-47,64.609375
ak-47,65.328125
ak-47,65.59375
ak-47,67.65625
ak-47,76.109375
ak-47,78.46875
awp,12.28125
awp,14.6875
m4a1,17.015625
ak-47,22.546875
awp,48.359375
ak-47,13.53125
m4a1,16.09375
m4a1,30.78125
ak-47,37.453125
ak-47,48.46875
ak-47,39.609375
m4a1,43.28125
ak-47,47.359375
ak-47,66.828125
mac-10,13.75
m4a1,20.53125
ak-47,48.734375
ak-47,35.90625
ak-47,37.453125
ak-47,42.421875
ak-47,45.28125
ak-47,64.921875
m4a1,69.171875
ak-47,75.03125
ak-47,11.828125
awp,13.09375
ak-47,76.734375
ak-47,16.125
m4a1,16.984375
awp,23.390625
ak-47,30.65625
awp,34.984375
ak-47,43.390625
m4a1,23.25
ak-47,30.046875
m4a1,31.8125
m4a1,101.84375
ak-47,19.625
m4a1,13.515625
ak-47,24.390625
ak-47,25.0625
ak-47,45.765625
ak-47,52.078125
awp,52.734375
awp,59.4375
ak-47,63.546875
m4a1,11.828125
m4a1,16.0
m4a1,17.671875
awp,37.28125
awp,49.84375
m4a1,53.9375
ak-47,16.4375
ak-47,99.265625
ak-47,103.875
ak-47,114.59375
ak-47,13.515625
ak-47,34.15625
ak-47,47.046875
mp9,49.171875
ak-47,61.6875
ak-47,78.046875
ak-47,62.125
ak-47,63.859375
ak-47,11.890625
ak-47,21.046875
awp,23.171875
ak-47,23.3125
ak-47,23.578125
awp,48.34375
ak-47,65.109375
m4a1,65.390625
m4a1,39.59375
awp,63.875
awp,84.3125
ak-47,110.8125
m4a1,110.9375
ak-47,49.046875
ak-47,56.0625
awp,56.515625
ak-47,60.8125
m4a1,63.359375
awp,31.453125
m4a1,33.21875
m4a1,61.578125
m4a1,14.796875
ak-47,14.90625
m4a1,16.9375
awp,18.015625
m4a1,53.34375
m4a1,55.875
ak-47,70.96875
ak-47,106.40625
ak-47,34.09375
ak-47,36.875
ak-47,41.765625
ak-47,49.109375
m4a1,13.296875
m4a1,83.75
ak-47,84.6875
m4a1,89.375
m4a1,98.796875
ak-47,99.359375
m4a1,100.21875
m4a1,24.671875
ak-47,26.375
m4a1,70.890625
ak-47,79.296875
m4a1,80.796875
m4a1,86.21875
ak-47,89.046875
ak-47,26.296875
ak-47,27.078125
ak-47,27.09375
ak-47,43.46875
m4a1,84.78125
m4a1,85.28125
ak-47,86.0625
ak-47,47.03125
ak-47,55.0
ak-47,55.515625
m4a1,89.65625
m4a1,98.15625
m4a1,103.484375
ak-47,16.15625
ak-47,27.0625
m4a1,27.453125
ak-47,30.171875
mp9,33.921875
ak-47,36.296875
m4a1,43.28125
ak-47,73.296875
ak-47,20.578125
ak-47,25.203125
mac-10,32.921875
mac-10,35.6875
ak-47,51.484375
awp,15.65625
ak-47,91.375
m4a1,97.71875
m4a1,24.359375
ak-47,24.390625
ak-47,25.078125
m4a1,30.734375
m4a1,36.953125
m4a1,43.421875
awp,46.609375
awp,54.5
m4a1,55.8125
ak-47,11.078125
m4a1,16.171875
ak-47,16.4375
ak-47,29.34375
m4a1,79.875
ak-47,81.734375
ak-47,99.640625
mp9,44.640625
mp9,54.203125
mp9,65.671875
m4a1,25.578125
ak-47,54.921875
ak-47,81.53125
mp9,84.140625
ak-47,84.296875
mp9,87.671875
ak-47,87.875
ak-47,90.796875
mp9,95.015625
ak-47,23.71875
ak-47,45.28125
ak-47,52.09375
awp,52.59375
m4a1,58.6875
ak-47,11.78125
ak-47,17.953125
ak-47,24.359375
ak-47,28.625
awp,19.40625
m4a1,27.265625
ak-47,52.109375
ak-47,80.25
m4a1,84.953125
m4a1,87.03125
m4a1,87.4375
mp9,30.859375
mp9,43.484375
ak-47,15.3125
ak-47,103.28125
ak-47,108.921875
m4a1,66.375
awp,66.875
ak-47,70.84375
m4a1,82.71875
ak-47,87.078125
ak-47,89.859375
m4a1,101.5
m4a1,108.375
awp,4.859375
m4a1,27.078125
ak-47,55.75
ak-47,58.046875
awp,60.421875
ak-47,61.234375
awp,77.25
ak-47,16.515625
mac-10,19.25
awp,21.15625
ak-47,24.234375
mac-10,35.203125
m4a1,38.046875
mac-10,45.375
awp,30.765625
awp,100.296875
m4a1,103.84375
ak-47,105.796875
m4a1,110.796875
m4a1,112.4375
ak-47,113.25
awp,10.140625
ak-47,32.671875
m4a1,41.703125
awp,42.625
ak-47,53.46875
awp,64.203125
ak-47,58.546875
awp,73.125
awp,98.078125
ak-47,100.59375
m4a1,15.25
ak-47,96.28125
ak-47,97.421875
ak-47,56.25
ak-47,78.609375
m4a1,86.25
m4a1,86.734375
ak-47,88.96875
m4a1,21.375
m4a1,34.265625
m4a1,42.671875
m4a1,44.4375
m4a1,8.828125
m4a1,9.53125
m4a1,16.96875
ak-47,17.203125
m4a1,26.640625
ak-47,37.40625
ak-47,45.34375
ak-47,39.453125
ak-47,41.71875
m4a1,45.78125
ak-47,54.625
ak-47,60.65625
m4a1,39.515625
m4a1,40.578125
m4a1,41.0625
m4a1,44.921875
m4a1,49.796875
m4a1,73.796875
m4a1,90.203125
m4a1,39.671875
mp9,44.5
m4a1,47.3125
ak-47,84.734375
m4a1,90.34375
m4a1,93.90625
ak-47,94.40625
m4a1,95.890625
ak-47,96.5
ak-47,97.921875
ak-47,101.046875
m4a1,43.140625
ak-47,43.4375
m4a1,45.75
m4a1,53.890625
ak-47,79.5
ak-47,98.609375
awp,27.421875
ak-47,41.21875
ak-47,41.265625
ak-47,43.53125
ak-47,57.609375
ak-47,61.46875
ak-47,82.078125
m4a1,33.0625
ak-47,43.96875
ak-47,50.625
ak-47,51.015625
ak-47,57.296875
ak-47,78.75
ak-47,18.0625
awp,24.03125
m4a1,25.453125
awp,26.640625
ak-47,36.625
awp,55.46875
ak-47,65.65625
mp9,30.984375
ak-47,31.921875
awp,46.484375
ak-47,52.875
ak-47,55.203125
ak-47,55.9375
ak-47,21.625
ak-47,23.15625
m4a1,24.265625
ak-47,27.078125
awp,29.359375
awp,71.453125
ak-47,13.109375
mp9,14.5
awp,18.453125
ak-47,85.3125
ak-47,86.84375
m4a1,87.796875
mp9,108.328125
awp,9.0
ak-47,20.265625
ak-47,26.96875
ak-47,44.8125
ak-47,52.40625
ak-47,26.546875
ak-47,27.25
m4a1,26.125
m4a1,81.265625
m4a1,83.421875
ak-47,86.65625
m4a1,86.734375
mp9,11.25
ak-47,78.265625
ak-47,82.25
mp9,84.390625
awp,88.90625
ak-47,14.75
m4a1,16.46875
awp,17.75
awp,19.75
m4a1,20.46875
awp,24.875
ak-47,17.359375
awp,39.484375
m4a1,79.78125
m4a1,83.03125
ak-47,84.71875
ak-47,97.703125
m4a1,99.734375
m4a1,102.625
ak-47,11.75
m4a1,69.078125
m4a1,94.484375
m4a1,96.8125
m4a1,99.28125
m4a1,101.15625
m4a1,26.359375
awp,28.078125
ak-47,40.765625
ak-47,64.53125
ak-47,83.96875
m4a1,15.4375
ak-47,16.3125
ak-47,18.71875
m4a1,19.40625
ak-47,30.796875
m4a1,58.453125
m4a1,66.609375
ak-47,68.609375
awp,73.515625
m4a1,19.59375
m4a1,33.765625
m4a1,35.609375
awp,18.25
ak-47,20.203125
ak-47,29.3125
ak-47,75.640625
m4a1,86.265625
m4a1,112.609375
ak-47,21.546875
mac-10,25.375
ak-47,45.875
ak-47,47.984375
m4a1,52.8125
m4a1,77.359375
m4a1,82.046875
m4a1,88.578125
ak-47,88.8125
m4a1,12.9375
ak-47,13.5625
ak-47,40.328125
m4a1,57.1875
m4a1,61.1875
ak-47,65.109375
m4a1,58.921875
m4a1,61.71875
m4a1,62.9375
m4a1,63.5625
mac-10,64.5
m4a1,65.8125
mac-10,68.109375
m4a1,15.3125
ak-47,72.390625
ak-47,72.5625
ak-47,77.71875
m4a1,82.046875
ak-47,84.546875
ak-47,16.4375
mp9,22.78125
ak-47,26.671875
awp,17.125
m4a1,72.578125
mp9,83.3125
ak-47,18.125
m4a1,25.59375
m4a1,33.609375
ak-47,36.4375
ak-47,66.140625
m4a1,66.84375
ak-47,67.46875
ak-47,84.25
m4a1,64.390625
ak-47,64.8125
ak-47,74.59375
ak-47,88.671875
ak-47,90.0
ak-47,108.234375
ak-47,16.40625
m4a1,49.46875
m4a1,57.71875
awp,58.59375
m4a1,63.125
m4a1,64.046875
ak-47,99.15625
ak-47,99.71875
ak-47,101.84375
m4a1,101.96875
m4a1,104.984375
awp,105.46875
awp,33.90625
ak-47,80.140625
awp,101.5625
ak-47,90.5
ak-47,90.859375
ak-47,92.0625
ak-47,92.15625
m4a1,23.453125
m4a1,25.625
awp,69.875
awp,74.734375
ak-47,76.15625
awp,81.390625
awp,85.796875
awp,88.578125
awp,90.0
mp9,22.65625
mp9,30.78125
ak-47,45.4375
ak-47,54.953125
ak-47,79.84375
ak-47,92.296875
ak-47,96.8125
ak-47,108.28125
mp9,61.71875
mp9,67.109375
m4a1,67.953125
m4a1,71.4375
m4a1,73.609375
m4a1,21.5
m4a1,22.296875
m4a1,28.125
ak-47,32.234375
mac-10,32.453125
mp9,38.5625
ak-47,55.140625
ak-47,56.953125
m4a1,39.1875
m4a1,39.765625
ak-47,43.796875
ak-47,54.15625
m4a1,54.78125
ak-47,60.828125
ak-47,70.328125
m4a1,15.875
awp,20.953125
m4a1,21.21875
m4a1,24.25
m4a1,25.421875
ak-47,19.078125
ak-47,44.859375
ak-47,47.734375
ak-47,59.4375
ak-47,66.953125
awp,60.125
ak-47,73.59375
ak-47,90.5625
m4a1,92.5625
m4a1,92.859375
m4a1,94.1875
ak-47,58.578125
m4a1,59.15625
ak-47,59.90625
m4a1,61.0
ak-47,61.421875
ak-47,96.9375
ak-47,111.53125
ak-47,20.984375
ak-47,21.96875
awp,27.546875
ak-47,31.03125
awp,31.484375
m4a1,22.03125
ak-47,56.984375
ak-47,60.640625
ak-47,74.796875
ak-47,87.328125
ak-47,20.828125
ak-47,22.140625
ak-47,24.09375
ak-47,26.03125
ak-47,56.0625
ak-47,112.25
ak-47,15.734375
mp9,16.375
mp9,21.765625
mp9,53.171875
mp9,54.703125
ak-47,22.4375
ak-47,25.09375
ak-47,28.28125
awp,28.546875
ak-47,30.921875
m4a1,41.5
ak-47,58.4375
ak-47,74.921875
m4a1,76.0
ak-47,77.953125
awp,78.609375
m4a1,22.40625
ak-47,24.75
awp,45.953125
ak-47,56.953125
ak-47,62.515625
ak-47,70.515625
mp9,10.375
ak-47,10.9375
ak-47,32.390625
ak-47,40.46875
ak-47,41.890625
ak-47,43.5625
ak-47,37.71875
awp,54.28125
awp,57.46875
m4a1,64.203125
m4a1,65.765625
ak-47,76.6875
m4a1,80.3125
m4a1,113.015625
ak-47,18.046875
ak-47,28.03125
mp9,48.203125
ak-47,92.5625
ak-47,92.78125
ak-47,99.546875
ak-47,103.46875
m4a1,64.328125
m4a1,64.921875
mp9,69.265625
m4a1,72.078125
m4a1,74.234375
ak-47,55.53125
m4a1,92.921875
ak-47,104.890625
ak-47,105.734375
ak-47,108.03125
ak-47,25.703125
ak-47,53.0
ak-47,65.578125
ak-47,73.875
ak-47,74.953125
ak-47,98.03125
mp9,25.609375
ak-47,25.6875
mp9,27.484375
ak-47,28.734375
ak-47,44.671875
ak-47,45.609375
awp,50.59375
ak-47,35.625
ak-47,55.1875
awp,59.953125
ak-47,41.828125
m4a1,62.875
ak-47,64.546875
ak-47,17.9375
ak-47,32.09375
awp,32.59375
awp,49.78125
awp,69.34375
ak-47,76.375
awp,90.8125
ak-47,19.828125
ak-47,56.09375
m4a1,59.734375
ak-47,62.28125
ak-47,77.390625
ak-47,95.0
awp,40.625
ak-47,43.046875
awp,55.515625
ak-47,55.578125
ak-47,56.46875
mp9,57.921875
mp9,67.59375
ak-47,98.203125
awp,91.71875
m4a1,98.921875
m4a1,100.5625
ak-47,105.234375
m4a1,107.984375
m4a1,108.359375
ak-47,113.1875
m4a1,96.328125
ak-47,96.6875
m4a1,100.5625
m4a1,102.03125
m4a1,38.921875
m4a1,52.875
m4a1,89.65625
m4a1,96.0
awp,96.359375
awp,8.875
ak-47,68.359375
m4a1,25.484375
ak-47,78.859375
ak-47,92.484375
ak-47,104.703125
m4a1,106.359375
m4a1,112.625
m4a1,76.890625
m4a1,78.484375
awp,78.859375
awp,98.390625
m4a1,99.125
ak-47,100.953125
awp,101.875
m4a1,101.96875
m4a1,94.703125
awp,96.8125
m4a1,102.828125
m4a1,111.65625
ak-47,113.015625
awp,11.953125
awp,23.71875
m4a1,29.984375
m4a1,53.875
m4a1,51.921875
m4a1,94.546875
ak-47,44.171875
ak-47,45.59375
ak-47,74.4375
ak-47,75.03125
ak-47,82.34375
ak-47,82.84375
m4a1,30.5625
m4a1,35.03125
m4a1,35.734375
m4a1,37.296875
m4a1,44.90625
ak-47,11.21875
awp,39.578125
ak-47,42.03125
awp,49.234375
awp,49.28125
m4a1,66.328125
ak-47,69.703125
ak-47,83.4375
awp,92.5625
awp,105.21875
awp,107.21875
m4a1,92.53125
ak-47,94.65625
ak-47,96.953125
m4a1,98.171875
ak-47,103.703125
m4a1,109.84375
awp,48.3125
m4a1,49.265625
awp,52.234375
awp,54.3125
mp9,60.453125
ak-47,40.875
ak-47,56.078125
ak-47,60.078125
awp,97.984375
ak-47,110.8125
ak-47,113.078125
awp,92.28125
ak-47,100.0
awp,100.59375
ak-47,104.125
mp9,25.21875
ak-47,29.546875
ak-47,53.671875
mp9,62.59375
ak-47,74.734375
m4a1,98.125
ak-47,98.9375
awp,99.34375
ak-47,99.46875
m4a1,72.90625
awp,73.84375
awp,75.828125
awp,78.640625
awp,85.75
ak-47,88.4375
m4a1,89.671875
ak-47,75.125
ak-47,75.78125
ak-47,79.8125
ak-47,105.078125
awp,13.53125
awp,26.578125
m4a1,33.953125
ak-47,35.3125
m4a1,35.453125
ak-47,36.46875
ak-47,49.046875
ak-47,76.96875
m4a1,92.75
ak-47,98.171875
awp,101.453125
ak-47,102.8125
awp,103.359375
m4a1,105.046875
m4a1,113.40625
awp,5.0625
ak-47,52.390625
ak-47,52.78125
ak-47,61.296875
ak-47,83.140625
awp,11.03125
ak-47,91.84375
ak-47,92.28125
awp,93.140625
ak-47,97.25
awp,104.203125
ak-47,30.921875
ak-47,36.15625
ak-47,45.015625
m4a1,16.578125
m4a1,16.78125
ak-47,67.265625
m4a1,69.21875
m4a1,75.28125
ak-47,16.796875
m4a1,20.390625
m4a1,21.140625
m4a1,22.8125
m4a1,26.046875
m4a1,37.609375
m4a1,52.765625
ak-47,57.859375
mp9,76.34375
mp9,82.71875
awp,105.890625
ak-47,106.15625
ak-47,107.34375
ak-47,82.0
ak-47,100.78125
awp,101.1875
ak-47,103.015625
ak-47,103.5625
ak-47,108.46875
awp,41.171875
awp,43.421875
ak-47,44.40625
m4a1,47.78125
ak-47,47.984375
awp,62.578125
ak-47,62.953125
ak-47,63.5625
ak-47,46.46875
awp,50.5625
ak-47,52.109375
awp,52.53125
ak-47,52.65625
ak-47,55.125
m4a1,45.46875
ak-47,48.03125
m4a1,78.140625
m4a1,93.859375
m4a1,94.4375
ak-47,95.546875
ak-47,97.59375
awp,101.015625
awp,10.125
m4a1,13.609375
awp,45.984375
m4a1,111.15625
ak-47,39.84375
m4a1,43.421875
ak-47,73.546875
ak-47,67.046875
ak-47,69.234375
mac-10,77.078125
ak-47,89.96875
m4a1,90.71875
ak-47,43.171875
ak-47,71.140625
ak-47,77.203125
ak-47,83.28125
ak-47,85.515625
m4a1,12.34375
awp,14.375
m4a1,17.0625
m4a1,41.796875
ak-47,80.40625
ak-47,97.875
ak-47,87.984375
ak-47,89.109375
m4a1,29.5
ak-47,88.0
mp9,92.609375
ak-47,92.625
ak-47,103.796875
ak-47,109.21875
mac-10,52.0625
m4a1,55.546875
m4a1,59.578125
m4a1,77.859375
m4a1,79.640625
awp,87.515625
m4a1,102.140625
ak-47,53.1875
ak-47,57.078125
m4a1,57.78125
ak-47,61.046875
m4a1,61.828125
ak-47,23.0625
ak-47,26.15625
m4a1,57.515625
awp,62.90625
ak-47,64.453125
awp,16.921875
awp,54.53125
ak-47,57.34375
m4a1,61.4375
ak-47,62.546875
ak-47,69.5
m4a1,23.265625
ak-47,35.765625
m4a1,35.84375
ak-47,37.3125
m4a1,37.765625
ak-47,39.046875
m4a1,41.40625
ak-47,48.125
m4a1,99.1875
m4a1,8.015625
m4a1,24.546875
m4a1,57.015625
ak-47,86.75
ak-47,95.21875
ak-47,107.953125
ak-47,108.671875
mp9,20.34375
mp9,21.875
ak-47,23.296875
m4a1,24.125
ak-47,25.5
ak-47,14.46875
ak-47,14.96875
ak-47,15.375
ak-47,15.46875
mp9,16.25
m4a1,64.625
ak-47,72.265625
ak-47,78.75
ak-47,86.8125
ak-47,97.578125
ak-47,103.125
ak-47,32.125
awp,42.84375
ak-47,43.46875
ak-47,48.953125
ak-47,50.484375
m4a1,35.21875
ak-47,40.6875
ak-47,47.6875
ak-47,47.890625
ak-47,49.015625
m4a1,52.25
ak-47,65.65625
awp,79.234375
m4a1,22.734375
mac-10,22.9375
awp,36.6875
ak-47,60.03125
m4a1,60.671875
ak-47,64.234375
awp,78.109375
ak-47,81.5
m4a1,89.21875
m4a1,22.75
awp,55.171875
ak-47,57.046875
ak-47,60.875
m4a1,61.96875
awp,10.75
m4a1,14.96875
awp,15.890625
ak-47,16.296875
m4a1,52.984375
m4a1,55.15625
m4a1,55.65625
m4a1,76.859375
m4a1,20.609375
m4a1,23.046875
m4a1,41.4375
m4a1,72.328125
ak-47,80.21875
m4a1,81.046875
m4a1,83.046875
ak-47,83.453125
m4a1,87.140625
m4a1,92.1875
m4a1,92.59375
m4a1,29.75
ak-47,40.25
ak-47,45.359375
m4a1,55.703125
ak-47,37.703125
m4a1,44.25
m4a1,45.5625
ak-47,68.15625
ak-47,84.21875
ak-47,87.03125
ak-47,95.046875
ak-47,15.328125
ak-47,15.921875
ak-47,19.703125
mp9,36.75
awp,41.875
ak-47,44.328125
mac-10,58.140625
ak-47,61.0625
ak-47,64.359375
ak-47,65.078125
ak-47,66.609375
m4a1,35.921875
m4a1,36.421875
ak-47,37.484375
m4a1,38.71875
m4a1,60.796875
ak-47,77.796875
m4a1,13.15625
m4a1,15.40625
ak-47,17.328125
m4a1,21.640625
m4a1,22.46875
ak-47,29.0
m4a1,13.1875
ak-47,17.265625
ak-47,19.453125
ak-47,32.78125
ak-47,44.1875
ak-47,39.390625
m4a1,45.8125
ak-47,48.21875
ak-47,49.0625
ak-47,58.25
ak-47,61.625
ak-47,70.90625
awp,19.0625
ak-47,32.515625
m4a1,32.53125
ak-47,33.4375
ak-47,40.046875
m4a1,56.109375
m4a1,57.484375
awp,74.6875
m4a1,25.75
m4a1,55.921875
m4a1,57.84375
m4a1,59.671875
m4a1,61.078125
ak-47,35.34375
ak-47,46.421875
m4a1,60.484375
ak-47,74.265625
ak-47,74.4375
m4a1,39.078125
m4a1,69.984375
ak-47,71.203125
ak-47,72.015625
ak-47,84.5
ak-47,86.46875
mac-10,15.234375
ak-47,21.40625
ak-47,28.203125
ak-47,48.109375
ak-47,49.9375
ak-47,52.9375
m4a1,16.265625
m4a1,59.828125
ak-47,70.015625
ak-47,84.96875
m4a1,87.1875
m4a1,92.765625
mac-10,17.96875
mac-10,36.15625
ak-47,18.25
mac-10,18.328125
m4a1,70.71875
ak-47,12.8125
m4a1,19.125
m4a1,19.421875
m4a1,19.984375
ak-47,20.28125
ak-47,33.6875
ak-47,70.90625
awp,57.515625
m4a1,64.515625
ak-47,64.53125
m4a1,65.578125
m4a1,67.609375
m4a1,73.796875
awp,9.78125
ak-47,14.421875
mp9,21.40625
mp9,23.015625
ak-47,24.109375
m4a1,35.953125
m4a1,12.296875
m4a1,15.6875
m4a1,27.484375
m4a1,54.671875
ak-47,64.453125
m4a1,12.765625
ak-47,13.796875
m4a1,17.0625
m4a1,17.5625
awp,18.40625
ak-47,57.546875
ak-47,69.640625
ak-47,73.359375
m4a1,24.5625
ak-47,25.515625
ak-47,48.65625
m4a1,60.703125
awp,27.4375
ak-47,43.375
ak-47,50.109375
ak-47,50.296875
ak-47,57.5625
ak-47,59.953125
ak-47,61.984375
mp9,18.8125
ak-47,45.4375
ak-47,46.03125
awp,56.90625
ak-47,58.71875
ak-47,59.53125
ak-47,74.3125
m4a1,79.171875
ak-47,34.125
ak-47,43.90625
ak-47,44.296875
ak-47,46.28125
ak-47,51.328125
awp,14.734375
awp,19.453125
awp,21.625
awp,23.828125
awp,31.1875
m4a1,31.765625
m4a1,36.546875
m4a1,37.484375
ak-47,38.125
m4a1,38.390625
ak-47,49.765625
ak-47,52.921875
ak-47,9.078125
ak-47,9.78125
m4a1,21.0625
ak-47,24.15625
ak-47,41.953125
ak-47,42.9375
ak-47,47.234375
ak-47,60.984375
awp,56.015625
m4a1,63.296875
ak-47,72.8125
ak-47,77.0
ak-47,78.078125
awp,78.296875
awp,113.125
m4a1,16.421875
m4a1,47.46875
ak-47,54.703125
ak-47,85.28125
ak-47,99.0
m4a1,105.25
m4a1,107.671875
ak-47,10.734375
ak-47,12.125
awp,46.09375
ak-47,47.6875
awp,58.265625
m4a1,27.828125
mp9,40.0
mp9,40.734375
mp9,42.640625
m4a1,114.140625
m4a1,15.390625
mac-10,21.1875
m4a1,22.3125
m4a1,62.515625
m4a1,63.890625
ak-47,33.15625
m4a1,46.875
m4a1,48.40625
ak-47,50.265625
m4a1,51.703125
m4a1,100.875
m4a1,108.828125
mac-10,22.875
ak-47,26.5625
mac-10,52.4375
ak-47,60.84375
m4a1,23.453125
m4a1,62.0625
m4a1,65.625
m4a1,66.984375
awp,21.140625
ak-47,29.015625
m4a1,30.0625
awp,50.8125
awp,53.890625
awp,73.28125
awp,101.265625
ak-47,18.46875
awp,22.546875
m4a1,24.09375
m4a1,24.59375
awp,24.96875
m4a1,13.734375
awp,15.40625
m4a1,18.90625
m4a1,23.34375
ak-47,27.6875
m4a1,39.609375
m4a1,44.109375
m4a1,51.265625
ak-47,56.703125
ak-47,58.296875
ak-47,66.703125
m4a1,106.234375
ak-47,107.0
awp,112.453125
ak-47,113.671875
ak-47,25.046875
ak-47,47.171875
awp,56.25
ak-47,64.4375
ak-47,71.8125
ak-47,18.890625
ak-47,21.046875
ak-47,23.484375
ak-47,15.8125
ak-47,36.125
m4a1,40.09375
ak-47,44.15625
ak-47,46.015625
m4a1,46.421875
ak-47,50.671875
m4a1,23.4375
mac-10,33.578125
m4a1,52.4375
m4a1,56.8125
m4a1,61.65625
ak-47,92.890625
ak-47,94.109375
ak-47,97.125
ak-47,99.78125
ak-47,22.4375
ak-47,23.65625
ak-47,26.53125
ak-47,28.03125
ak-47,28.53125
ak-47,33.40625
ak-47,43.625
awp,48.765625
awp,39.9375
awp,89.875
awp,95.25
m4a1,99.03125
ak-47,111.8125
ak-47,25.71875
ak-47,28.015625
m4a1,38.109375
m4a1,42.71875
ak-47,54.546875
ak-47,60.90625
m4a1,62.9375
ak-47,19.875
m4a1,21.203125
m4a1,52.265625
ak-47,55.203125
ak-47,55.9375
ak-47,68.09375
ak-47,113.25
ak-47,36.171875
ak-47,42.0
ak-47,44.796875
ak-47,45.578125
ak-47,93.421875
m4a1,23.109375
ak-47,36.71875
ak-47,40.390625
ak-47,50.328125
m4a1,55.28125
mp9,53.46875
m4a1,61.59375
ak-47,70.140625
ak-47,89.53125
ak-47,90.765625
ak-47,96.875
ak-47,16.59375
m4a1,17.09375
m4a1,18.578125
ak-47,66.15625
m4a1,67.71875
ak-47,71.828125
ak-47,75.375
m4a1,75.421875
ak-47,84.078125
awp,61.515625
ak-47,67.40625
awp,74.375
awp,67.34375
awp,76.09375
awp,88.65625
ak-47,96.09375
ak-47,97.65625
m4a1,101.421875
ak-47,58.484375
ak-47,59.390625
m4a1,76.859375
awp,89.25
ak-47,89.9375
ak-47,97.921875
ak-47,100.875
awp,19.421875
ak-47,22.1875
ak-47,25.765625
m4a1,27.140625
m4a1,27.75
awp,28.234375
ak-47,39.453125
m4a1,44.5625
m4a1,64.03125
awp,41.609375
m4a1,43.390625
m4a1,46.5
ak-47,46.625
m4a1,47.671875
ak-47,58.015625
m4a1,91.609375
awp,21.296875
m4a1,23.359375
ak-47,30.9375
awp,49.578125
ak-47,61.296875
m4a1,61.828125
ak-47,62.171875
ak-47,12.234375
m4a1,12.453125
ak-47,13.453125
m4a1,27.375
ak-47,56.984375
awp,62.546875
m4a1,63.078125
ak-47,83.5625
ak-47,88.40625
ak-47,13.0
m4a1,15.921875
m4a1,17.25
ak-47,17.546875
ak-47,24.78125
m4a1,74.75
m4a1,17.40625
ak-47,17.859375
ak-47,23.40625
m4a1,45.1875
awp,71.328125
awp,78.203125
awp,80.40625
ak-47,15.453125
m4a1,16.296875
m4a1,16.796875
awp,70.671875
awp,79.15625
m4a1,79.90625
awp,81.078125
ak-47,43.234375
awp,77.296875
ak-47,109.609375
ak-47,112.265625
m4a1,113.15625
m4a1,100.53125
awp,23.84375
m4a1,68.375
m4a1,10.640625
m4a1,19.171875
ak-47,19.578125
m4a1,19.5
ak-47,51.328125
ak-47,52.328125
m4a1,56.75
ak-47,79.921875
m4a1,80.546875
m4a1,61.09375
awp,62.265625
m4a1,63.9375
awp,68.15625
awp,80.578125
ak-47,7.9375
ak-47,13.390625
awp,15.59375
m4a1,19.859375
ak-47,22.265625
awp,24.21875
awp,25.4375
ak-47,26.703125
ak-47,27.203125
ak-47,27.40625
ak-47,33.28125
ak-47,55.609375
ak-47,58.046875
ak-47,58.453125
ak-47,60.296875
ak-47,63.125
ak-47,44.875
awp,48.65625
awp,50.671875
awp,58.484375
ak-47,88.453125
awp,17.921875
ak-47,44.234375
ak-47,54.90625
m4a1,65.1875
awp,67.4375
ak-47,89.4375
awp,101.109375
ak-47,13.859375
awp,14.5
awp,21.96875
awp,30.4375
awp,32.140625
ak-47,44.375
awp,26.796875
m4a1,29.125
m4a1,31.71875
m4a1,41.1875
m4a1,41.9375
m4a1,49.640625
ak-47,36.421875
ak-47,46.703125
m4a1,49.8125
mp9,52.203125
ak-47,100.015625
awp,43.84375
ak-47,53.71875
awp,54.546875
ak-47,66.4375
ak-47,67.84375
ak-47,16.703125
ak-47,27.703125
ak-47,30.078125
ak-47,28.203125
awp,31.0
ak-47,52.890625
m4a1,54.046875
ak-47,63.484375
m4a1,64.109375
ak-47,66.828125
ak-47,72.765625
ak-47,75.09375
ak-47,36.9375
ak-47,47.875
ak-47,52.5
ak-47,54.390625
m4a1,28.078125
mac-10,14.90625
mp9,25.265625
awp,14.21875
m4a1,17.484375
m4a1,25.78125
awp,41.140625
m4a1,67.84375
ak-47,39.84375
m4a1,45.046875
ak-47,51.859375
m4a1,67.203125
ak-47,23.796875
ak-47,66.3125
m4a1,66.65625
m4a1,68.203125
awp,16.25
awp,23.5625
ak-47,26.234375
m4a1,28.890625
awp,36.5625
awp,40.46875
m4a1,41.875
m4a1,16.65625
m4a1,24.15625
ak-47,61.984375
m4a1,65.796875
ak-47,65.90625
mp9,66.8125
ak-47,67.515625
mp9,73.0625
m4a1,44.1875
m4a1,76.71875
ak-47,81.53125
ak-47,83.390625
m4a1,85.765625
m4a1,87.03125
m4a1,87.8125
m4a1,48.4375
ak-47,59.296875
awp,67.515625
m4a1,71.609375
ak-47,74.578125
m4a1,83.890625
ak-47,50.28125
m4a1,50.9375
m4a1,53.71875
ak-47,54.546875
m4a1,56.6875
ak-47,11.828125
ak-47,25.1875
ak-47,36.3125
ak-47,36.96875
ak-47,43.078125
ak-47,68.34375
ak-47,21.046875
mac-10,39.46875
ak-47,39.6875
m4a1,66.0625
ak-47,69.75
m4a1,72.828125
m4a1,73.21875
ak-47,75.0
ak-47,87.1875
ak-47,13.546875
m4a1,21.5
ak-47,21.546875
ak-47,22.03125
ak-47,34.5625
ak-47,36.640625
awp,10.734375
awp,12.59375
m4a1,16.25
m4a1,17.90625
awp,26.203125
ak-47,34.75
mac-10,35.03125
ak-47,37.953125
ak-47,55.296875
ak-47,57.15625
awp,60.875
awp,64.234375
ak-47,73.78125
awp,23.390625
ak-47,78.46875
awp,91.46875
m4a1,100.53125
m4a1,104.5625
m4a1,111.4375
ak-47,18.65625
ak-47,38.328125
ak-47,62.078125
ak-47,67.671875
ak-47,70.5
ak-47,77.46875
m4a1,18.140625
m4a1,22.078125
m4a1,23.890625
awp,26.3125
m4a1,29.765625
ak-47,17.875
awp,26.796875
ak-47,78.828125
m4a1,82.578125
ak-47,84.484375
ak-47,92.828125
m4a1,96.03125
ak-47,34.859375
m4a1,52.15625
ak-47,57.03125
ak-47,58.28125
ak-47,59.015625
mac-10,12.09375
ak-47,16.625
mac-10,24.375
mac-10,27.609375
mac-10,14.3125
m4a1,16.015625
ak-47,50.421875
m4a1,50.578125
m4a1,14.421875
m4a1,37.96875
ak-47,53.078125
ak-47,63.0
ak-47,63.90625
ak-47,64.9375
ak-47,65.4375
ak-47,65.640625
ak-47,69.5
ak-47,14.796875
ak-47,16.859375
ak-47,17.9375
ak-47,18.625
ak-47,23.09375
ak-47,28.84375
m4a1,43.484375
ak-47,13.46875
m4a1,17.765625
ak-47,55.65625
m4a1,17.0625
m4a1,17.359375
ak-47,18.515625
m4a1,20.046875
ak-47,31.828125
ak-47,37.15625
ak-47,13.453125
ak-47,35.53125
m4a1,61.484375
ak-47,71.25
ak-47,73.640625
m4a1,14.859375
ak-47,19.3125
m4a1,20.015625
m4a1,23.6875
mac-10,16.796875
ak-47,23.0
ak-47,23.78125
ak-47,36.578125
ak-47,37.765625
mac-10,15.3125
ak-47,29.09375
ak-47,17.984375
ak-47,56.15625
ak-47,56.5625
m4a1,56.953125
ak-47,57.109375
ak-47,67.328125
ak-47,70.296875
m4a1,14.0625
m4a1,48.40625
mp9,48.796875
m4a1,55.53125
mac-10,77.71875
m4a1,15.859375
m4a1,17.4375
m4a1,19.3125
m4a1,19.84375
m4a1,26.9375
ak-47,11.484375
ak-47,12.796875
m4a1,19.859375
m4a1,20.234375
m4a1,23.078125
ak-47,25.109375
ak-47,29.734375
ak-47,53.265625
m4a1,17.734375
m4a1,30.578125
ak-47,41.03125
m4a1,42.453125
m4a1,24.796875
ak-47,25.109375
ak-47,35.890625
ak-47,38.78125
ak-47,55.59375
m4a1,81.28125
ak-47,88.09375
ak-47,90.53125
mac-10,25.96875
ak-47,33.34375
awp,37.0
ak-47,62.09375
ak-47,65.71875
awp,21.859375
ak-47,27.96875
ak-47,28.171875
ak-47,28.59375
awp,35.59375
awp,15.546875
ak-47,23.03125
mac-10,31.234375
ak-47,49.640625
m4a1,53.359375
ak-47,87.875
ak-47,28.96875
m4a1,29.296875
awp,31.859375
ak-47,36.765625
ak-47,25.546875
ak-47,26.6875
ak-47,28.5
ak-47,40.359375
m4a1,45.4375
m4a1,48.859375
ak-47,23.859375
awp,26.5
ak-47,28.765625
ak-47,34.46875
ak-47,40.296875
m4a1,42.09375
ak-47,71.609375
ak-47,85.859375
ak-47,87.203125
awp,88.921875
awp,103.875
ak-47,106.265625
ak-47,107.65625
m4a1,19.125
awp,30.203125
ak-47,33.75
ak-47,49.421875
ak-47,49.59375
ak-47,51.734375
m4a1,107.890625
ak-47,108.0
mac-10,20.96875
mac-10,23.890625
ak-47,25.546875
ak-47,27.109375
mp9,29.921875
mac-10,33.390625
m4a1,46.15625
mac-10,47.40625
mp9,56.984375
awp,62.84375
awp,66.53125
mp9,69.390625
mp9,76.171875
ak-47,36.5625
awp,54.296875
ak-47,60.8125
ak-47,73.96875
ak-47,74.671875
ak-47,17.375
ak-47,18.171875
ak-47,22.53125
ak-47,23.109375
ak-47,23.140625
ak-47,24.46875
ak-47,21.484375
ak-47,21.59375
m4a1,21.9375
m4a1,107.0625
ak-47,107.078125
m4a1,108.0625
m4a1,110.0
ak-47,39.90625
ak-47,67.796875
mp9,85.359375
ak-47,86.09375
ak-47,87.734375
ak-47,88.140625
m4a1,100.15625
awp,63.34375
m4a1,65.015625
awp,65.25
mp9,68.328125
m4a1,78.21875
ak-47,26.6875
m4a1,28.953125
m4a1,29.75
ak-47,45.828125
ak-47,48.09375
m4a1,48.15625
ak-47,49.015625
ak-47,55.6875
awp,13.5625
awp,83.0
ak-47,93.15625
m4a1,23.609375
ak-47,30.171875
ak-47,42.140625
ak-47,89.046875
ak-47,94.578125
m4a1,109.828125
m4a1,39.0625
m4a1,52.375
m4a1,57.78125
m4a1,65.203125
ak-47,66.328125
ak-47,46.796875
m4a1,68.15625
m4a1,71.21875
m4a1,73.125
m4a1,86.265625
ak-47,69.921875
ak-47,75.765625
m4a1,77.859375
m4a1,78.75
m4a1,82.59375
ak-47,88.109375
ak-47,24.015625
ak-47,25.265625
ak-47,16.65625
ak-47,53.609375
ak-47,71.6875
ak-47,71.875
ak-47,71.875
ak-47,72.078125
ak-47,73.09375
m4a1,85.0
ak-47,96.375
ak-47,100.671875
ak-47,23.4375
m4a1,79.75
ak-47,87.109375
m4a1,96.359375
awp,97.1875
awp,108.875
awp,111.4375
awp,34.25
m4a1,64.5625
mp9,65.90625
awp,65.921875
mp9,67.515625
m4a1,73.5
ak-47,15.53125
ak-47,55.140625
ak-47,14.359375
ak-47,15.15625
ak-47,30.984375
mp9,50.1875
ak-47,56.1875
ak-47,76.875
ak-47,81.375
m4a1,81.5625
ak-47,49.515625
ak-47,51.25
ak-47,52.390625
ak-47,77.484375
ak-47,82.34375
ak-47,97.765625
ak-47,98.265625
m4a1,102.796875
ak-47,37.8125
ak-47,43.59375
ak-47,50.765625
ak-47,101.125
awp,16.9375
m4a1,36.171875
m4a1,41.421875
ak-47,43.328125
awp,46.203125
m4a1,49.359375
ak-47,53.390625
ak-47,54.03125
ak-47,59.15625
m4a1,28.203125
awp,37.765625
m4a1,39.3125
ak-47,41.625
m4a1,50.625
awp,102.0625
ak-47,19.484375
awp,73.140625
ak-47,96.078125
m4a1,13.65625
m4a1,17.8125
ak-47,18.28125
awp,32.953125
awp,94.0
ak-47,104.421875
ak-47,32.171875
ak-47,33.78125
awp,37.265625
m4a1,50.46875
awp,56.078125
ak-47,76.28125
m4a1,92.25
m4a1,93.953125
awp,82.65625
awp,84.359375
m4a1,86.59375
m4a1,94.9375
awp,106.390625
m4a1,107.65625
ak-47,33.59375
awp,46.828125
ak-47,74.765625
m4a1,74.9375
awp,75.265625
awp,81.671875
awp,93.203125
awp,93.890625
m4a1,18.125
m4a1,19.21875
awp,28.03125
awp,39.59375
awp,54.03125
m4a1,56.421875
m4a1,95.078125
ak-47,35.625
ak-47,71.625
ak-47,97.078125
ak-47,97.78125
awp,98.421875
ak-47,100.0
ak-47,12.0
ak-47,13.03125
ak-47,25.796875
ak-47,46.984375
awp,57.84375
ak-47,63.1875
ak-47,66.359375
ak-47,71.296875
ak-47,11.28125
m4a1,11.375
m4a1,87.875
m4a1,15.015625
ak-47,59.59375
ak-47,60.125
ak-47,61.53125
ak-47,73.296875
ak-47,92.0
ak-47,92.65625
awp,97.453125
ak-47,14.390625
awp,36.328125
awp,43.6875
awp,50.109375
ak-47,50.59375
ak-47,55.5
m4a1,32.96875
m4a1,35.78125
awp,48.5625
m4a1,50.0625
ak-47,50.8125
ak-47,77.25
ak-47,16.34375
ak-47,40.671875
ak-47,73.96875
ak-47,75.78125
ak-47,88.640625
ak-47,92.4375
ak-47,92.65625
m4a1,42.203125
ak-47,44.171875
m4a1,45.265625
ak-47,45.71875
m4a1,109.109375
ak-47,109.90625
m4a1,114.234375
awp,114.921875
m4a1,18.3125
ak-47,19.3125
awp,39.203125
ak-47,64.5625
m4a1,65.40625
m4a1,92.53125
m4a1,93.25
awp,12.921875
m4a1,18.921875
ak-47,46.90625
awp,50.734375
ak-47,52.34375
awp,55.921875
m4a1,61.625
m4a1,93.3125
ak-47,96.265625
awp,21.078125
m4a1,25.6875
ak-47,30.390625
m4a1,34.625
awp,38.328125
m4a1,43.1875
ak-47,44.25
m4a1,45.265625
awp,15.796875
m4a1,25.609375
m4a1,31.90625
awp,52.859375
awp,55.40625
m4a1,56.40625
awp,60.890625
awp,20.578125
awp,22.453125
ak-47,30.234375
awp,30.375
awp,35.5625
ak-47,37.140625
awp,69.390625
ak-47,87.4375
awp,13.328125
m4a1,38.296875
m4a1,39.3125
awp,48.171875
m4a1,55.359375
m4a1,61.171875
m4a1,13.25
ak-47,37.328125
m4a1,41.0625
ak-47,41.96875
m4a1,56.015625
m4a1,57.984375
m4a1,58.171875
ak-47,18.921875
ak-47,35.6875
ak-47,37.609375
ak-47,38.578125
awp,47.140625
awp,59.765625
awp,62.9375
ak-47,63.046875
ak-47,50.21875
ak-47,51.796875
m4a1,59.4375
m4a1,59.75
awp,71.421875
awp,31.25
awp,41.28125
m4a1,65.1875
awp,70.0625
awp,72.21875
ak-47,12.375
ak-47,17.453125
ak-47,23.1875
ak-47,24.515625
awp,53.328125
ak-47,100.03125
awp,30.953125
awp,64.203125
awp,83.28125
ak-47,94.828125
m4a1,98.0
ak-47,99.953125
ak-47,100.453125
ak-47,114.1875
ak-47,17.59375
ak-47,55.59375
m4a1,59.125
awp,61.1875
m4a1,63.359375
m4a1,64.46875
ak-47,67.484375
ak-47,72.953125
m4a1,18.859375
awp,32.046875
ak-47,45.59375
awp,52.6875
ak-47,55.421875
ak-47,57.96875
m4a1,15.71875
m4a1,17.4375
ak-47,49.5625
ak-47,62.546875
m4a1,16.71875
awp,18.421875
ak-47,59.171875
m4a1,60.65625
awp,83.703125
ak-47,88.359375
awp,97.609375
awp,43.1875
awp,51.46875
ak-47,53.421875
awp,55.109375
m4a1,70.828125
ak-47,71.140625
m4a1,75.140625
awp,75.765625
ak-47,43.4375
m4a1,44.40625
ak-47,73.9375
m4a1,77.65625
awp,80.703125
m4a1,19.5
awp,20.5
m4a1,28.953125
awp,30.9375
awp,33.109375
m4a1,46.59375
m4a1,63.078125
ak-47,21.625
ak-47,23.015625
m4a1,26.0
awp,26.28125
ak-47,32.140625
ak-47,36.375
ak-47,10.890625
m4a1,12.828125
ak-47,14.390625
m4a1,18.15625
ak-47,18.203125
awp,39.828125
ak-47,98.75
ak-47,68.921875
m4a1,72.265625
m4a1,75.59375
ak-47,30.828125
ak-47,31.328125
ak-47,68.09375
mp9,14.15625
mac-10,17.46875
m4a1,32.90625
m4a1,46.234375
m4a1,66.65625
m4a1,20.296875
ak-47,35.546875
m4a1,39.59375
ak-47,40.328125
ak-47,100.984375
ak-47,102.5
m4a1,19.90625
m4a1,83.984375
ak-47,85.265625
ak-47,88.765625
ak-47,90.5625
m4a1,34.234375
m4a1,38.625
ak-47,45.25
ak-47,54.1875
m4a1,56.109375
ak-47,57.734375
awp,63.453125
ak-47,91.828125
m4a1,38.15625
mac-10,57.703125
awp,61.96875
m4a1,68.390625
m4a1,105.296875
m4a1,108.546875
m4a1,33.234375
m4a1,45.71875
ak-47,65.75
ak-47,68.84375
m4a1,69.03125
m4a1,76.015625
ak-47,80.578125
ak-47,25.734375
ak-47,34.75
ak-47,40.640625
awp,58.4375
ak-47,59.734375
awp,19.546875
m4a1,44.421875
awp,60.609375
awp,73.21875
ak-47,27.015625
ak-47,29.0
mac-10,41.609375
mp9,90.203125
ak-47,65.1875
ak-47,75.546875
mac-10,76.015625
ak-47,79.984375
m4a1,53.890625
ak-47,61.09375
m4a1,63.375
ak-47,64.703125
ak-47,68.1875
ak-47,33.4375
ak-47,35.46875
awp,80.5
m4a1,26.53125
m4a1,27.515625
m4a1,90.78125
ak-47,93.40625
awp,104.4375
m4a1,106.203125
m4a1,108.265625
m4a1,22.421875
ak-47,23.515625
ak-47,24.0625
ak-47,24.21875
ak-47,35.359375
ak-47,37.875
ak-47,68.671875
awp,73.265625
ak-47,74.25
ak-47,76.0
ak-47,79.53125
m4a1,88.265625
ak-47,112.3125
awp,114.4375
awp,16.0625
ak-47,16.375
ak-47,23.6875
ak-47,34.875
ak-47,23.0625
awp,45.25
ak-47,47.15625
ak-47,68.109375
ak-47,75.796875
ak-47,79.21875
awp,7.6875
m4a1,26.34375
ak-47,30.46875
awp,62.734375
ak-47,81.25
ak-47,88.203125
ak-47,94.46875
ak-47,113.109375
ak-47,15.625
m4a1,18.140625
ak-47,18.59375
m4a1,21.21875
m4a1,22.015625
ak-47,23.109375
ak-47,62.203125
ak-47,79.453125
m4a1,33.515625
m4a1,34.515625
m4a1,41.84375
m4a1,20.40625
m4a1,45.0
m4a1,47.6875
mp9,20.546875
m4a1,24.53125
mp9,30.734375
m4a1,36.25
m4a1,39.375
m4a1,13.765625
m4a1,38.09375
m4a1,52.109375
m4a1,53.046875
m4a1,54.265625
m4a1,44.34375
m4a1,44.453125
ak-47,44.765625
m4a1,50.734375
ak-47,53.328125
ak-47,57.4375
awp,65.4375
awp,34.9375
ak-47,108.8125
ak-47,110.5
ak-47,85.375
awp,86.53125
ak-47,87.53125
ak-47,88.953125
m4a1,88.953125
m4a1,90.796875
ak-47,107.078125
ak-47,107.53125
ak-47,114.5
mac-10,12.703125
ak-47,12.71875
ak-47,14.328125
ak-47,15.75
mac-10,27.421875
m4a1,52.0
ak-47,52.546875
ak-47,55.8125
m4a1,57.390625
ak-47,57.6875
ak-47,58.59375
awp,64.921875
ak-47,68.671875
mp9,79.296875
mp9,79.4375
mp9,80.96875
ak-47,56.40625
m4a1,61.984375
m4a1,82.671875
m4a1,15.8125
m4a1,58.578125
m4a1,58.875
awp,68.46875
m4a1,76.5
awp,59.28125
m4a1,107.953125
ak-47,109.640625
ak-47,110.25
m4a1,30.109375
m4a1,30.515625
m4a1,69.96875
awp,13.390625
awp,49.09375
m4a1,60.1875
m4a1,79.875
m4a1,81.046875
awp,83.046875
m4a1,33.28125
ak-47,38.140625
ak-47,39.25
ak-47,40.625
ak-47,53.296875
ak-47,13.15625
ak-47,15.375
ak-47,16.578125
m4a1,42.765625
m4a1,43.8125
m4a1,67.546875
awp,71.078125
m4a1,11.53125
ak-47,19.21875
ak-47,19.96875
ak-47,26.8125
ak-47,31.5625
ak-47,57.234375
m4a1,14.03125
ak-47,15.265625
ak-47,35.46875
ak-47,43.84375
m4a1,52.234375
awp,36.5625
mp9,54.53125
m4a1,78.109375
awp,18.9375
awp,31.34375
mp9,45.5625
mp9,46.59375
m4a1,36.765625
awp,40.09375
awp,78.171875
awp,87.0625
m4a1,21.296875
m4a1,23.9375
m4a1,25.5625
m4a1,25.65625
ak-47,60.140625
ak-47,79.203125
m4a1,85.78125
m4a1,86.390625
awp,89.296875
awp,91.671875
ak-47,92.328125
awp,94.46875
awp,22.75
awp,25.59375
m4a1,26.796875
m4a1,28.171875
m4a1,78.28125
awp,88.8125
awp,92.34375
awp,100.421875
ak-47,112.859375
m4a1,13.5625
ak-47,61.28125
awp,65.140625
m4a1,66.890625
awp,13.140625
m4a1,21.71875
awp,23.515625
m4a1,25.46875
m4a1,50.125
m4a1,81.78125
ak-47,10.546875
m4a1,14.8125
m4a1,25.6875
ak-47,28.375
m4a1,30.3125
ak-47,12.34375
awp,25.671875
ak-47,26.484375
ak-47,32.34375
ak-47,32.90625
awp,48.28125
m4a1,82.703125
m4a1,83.40625
m4a1,96.921875
awp,15.859375
m4a1,18.453125
m4a1,19.28125
m4a1,24.28125
ak-47,32.390625
m4a1,35.796875
ak-47,36.921875
m4a1,38.5
ak-47,40.0625
ak-47,41.375
ak-47,75.8125
ak-47,77.296875
m4a1,90.15625
ak-47,22.171875
awp,41.53125
ak-47,52.234375
awp,56.90625
m4a1,58.15625
ak-47,60.484375
ak-47,99.0
ak-47,100.0625
m4a1,24.359375
ak-47,35.546875
awp,39.25
ak-47,39.90625
awp,41.078125
ak-47,42.171875
m4a1,47.734375
ak-47,57.859375
m4a1,29.859375
m4a1,31.234375
ak-47,37.140625
m4a1,38.765625
ak-47,41.75
ak-47,42.484375
awp,14.15625
ak-47,44.28125
ak-47,49.828125
m4a1,54.53125
ak-47,60.171875
ak-47,62.296875
awp,23.078125
m4a1,30.40625
awp,39.53125
awp,88.578125
awp,89.65625
ak-47,13.9375
m4a1,16.46875
ak-47,41.71875
ak-47,45.28125
ak-47,94.734375
ak-47,99.640625
ak-47,105.890625
m4a1,74.234375
ak-47,80.625
ak-47,87.328125
awp,90.265625
ak-47,109.046875
ak-47,12.0
ak-47,23.390625
ak-47,43.28125
m4a1,50.453125
ak-47,51.640625
awp,64.9375
awp,37.890625
awp,42.125
m4a1,44.203125
m4a1,50.640625
m4a1,54.453125
mp9,20.125
mp9,20.5
mp9,22.5
ak-47,19.46875
awp,39.890625
ak-47,44.703125
mp9,50.453125
mp9,51.375
mp9,52.75
ak-47,13.984375
awp,18.375
ak-47,22.28125
ak-47,23.484375
ak-47,54.765625
ak-47,113.0
ak-47,41.90625
m4a1,43.203125
ak-47,44.09375
m4a1,44.375
ak-47,45.578125
awp,82.5
awp,14.0625
ak-47,16.203125
ak-47,17.625
ak-47,18.859375
ak-47,21.75
ak-47,86.53125
awp,87.359375
ak-47,112.9375
m4a1,15.90625
ak-47,16.546875
m4a1,16.890625
m4a1,21.25
m4a1,22.25
ak-47,24.03125
m4a1,44.796875
awp,73.234375
m4a1,78.21875
m4a1,88.40625
ak-47,94.21875
ak-47,94.421875
m4a1,97.84375
m4a1,98.140625
m4a1,14.296875
awp,30.59375
m4a1,71.25
ak-47,78.40625
m4a1,91.390625
ak-47,92.078125
awp,96.671875
awp,14.125
ak-47,36.15625
m4a1,15.453125
m4a1,16.65625
mp9,31.234375
awp,38.125
m4a1,48.328125
mac-10,9.609375
mac-10,10.5
m4a1,14.3125
m4a1,15.0
mac-10,25.5625
awp,31.9375
awp,70.15625
m4a1,75.21875
awp,26.109375
m4a1,40.125
awp,41.015625
awp,52.0625
awp,55.953125
awp,68.53125
m4a1,72.96875
mp9,13.546875
mp9,13.546875
mp9,16.40625
mp9,16.75
awp,21.0625
awp,16.421875
m4a1,19.328125
ak-47,19.953125
ak-47,51.875
ak-47,67.34375
ak-47,68.140625
ak-47,73.734375
ak-47,74.109375
ak-47,21.703125
awp,29.703125
m4a1,41.203125
awp,71.703125
m4a1,21.703125
m4a1,22.609375
ak-47,48.65625
awp,52.0
awp,95.15625
awp,102.5
ak-47,47.4375
ak-47,52.015625
m4a1,54.765625
m4a1,79.28125
awp,97.1875
m4a1,97.9375
ak-47,103.28125
ak-47,106.9375
awp,109.21875
ak-47,25.4375
ak-47,27.234375
ak-47,28.40625
ak-47,63.453125
ak-47,63.796875
ak-47,66.234375
ak-47,70.546875
m4a1,57.4375
m4a1,58.40625
ak-47,79.1875
ak-47,79.953125
ak-47,92.171875
ak-47,43.53125
ak-47,44.234375
ak-47,46.015625
ak-47,47.890625
ak-47,48.65625
awp,76.09375
ak-47,80.453125
ak-47,82.1875
m4a1,24.234375
m4a1,53.125
m4a1,54.109375
ak-47,55.078125
m4a1,78.234375
awp,78.6875
awp,12.09375
awp,37.921875
ak-47,94.90625
ak-47,95.875
ak-47,95.96875
ak-47,99.59375
m4a1,44.25
m4a1,47.390625
ak-47,53.078125
awp,58.265625
m4a1,61.53125
m4a1,24.203125
m4a1,30.953125
ak-47,33.671875
ak-47,34.765625
m4a1,36.59375
m4a1,40.34375
m4a1,68.359375
awp,27.171875
ak-47,80.078125
m4a1,81.25
ak-47,96.8125
ak-47,96.84375
ak-47,99.75
m4a1,43.140625
m4a1,47.484375
m4a1,94.40625
m4a1,11.703125
mp9,15.96875
m4a1,20.953125
m4a1,32.078125
m4a1,75.28125
awp,5.4375
m4a1,17.296875
m4a1,43.5625
ak-47,46.203125
ak-47,56.890625
ak-47,60.84375
awp,98.03125
ak-47,98.8125
awp,13.65625
awp,17.375
m4a1,26.0
ak-47,45.734375
ak-47,46.515625
ak-47,50.65625
ak-47,15.9375
mac-10,16.71875
mac-10,19.203125
ak-47,96.78125
ak-47,105.796875
awp,111.703125
ak-47,12.8125
ak-47,34.953125
ak-47,41.96875
ak-47,12.125
ak-47,14.109375
m4a1,21.734375
m4a1,25.796875
ak-47,29.53125
ak-47,48.9375
ak-47,84.4375
ak-47,88.53125
m4a1,102.25
ak-47,104.03125
ak-47,110.484375
ak-47,111.359375
ak-47,112.3125
ak-47,17.515625
m4a1,44.4375
ak-47,46.015625
m4a1,10.5625
m4a1,23.59375
awp,87.96875
ak-47,106.96875
ak-47,107.234375
awp,110.21875
awp,20.0
ak-47,27.5
m4a1,38.171875
ak-47,47.734375
ak-47,50.8125
ak-47,44.984375
awp,46.015625
ak-47,46.4375
ak-47,54.4375
ak-47,74.375
awp,10.671875
m4a1,18.125
m4a1,27.421875
ak-47,27.71875
m4a1,33.515625
m4a1,46.921875
ak-47,54.046875
ak-47,55.90625
mp9,61.859375
ak-47,61.921875
m4a1,66.421875
m4a1,76.296875
ak-47,76.46875
m4a1,77.078125
m4a1,80.96875
ak-47,58.921875
ak-47,60.53125
m4a1,75.859375
m4a1,87.84375
ak-47,90.296875
ak-47,14.21875
m4a1,36.140625
ak-47,59.296875
ak-47,62.203125
ak-47,65.953125
ak-47,72.421875
ak-47,5.515625
ak-47,6.328125
ak-47,7.65625
ak-47,8.25
ak-47,10.203125
m4a1,22.984375
ak-47,23.203125
m4a1,98.0625
ak-47,107.6875
ak-47,109.046875
ak-47,110.75
ak-47,113.328125
ak-47,11.265625
ak-47,14.1875
ak-47,14.984375
mp9,19.125
ak-47,20.328125
m4a1,48.109375
m4a1,48.421875
ak-47,89.921875
ak-47,99.265625
m4a1,13.328125
awp,14.34375
ak-47,43.6875
awp,44.890625
m4a1,45.03125
m4a1,47.96875
ak-47,18.109375
m4a1,18.8125
m4a1,41.953125
m4a1,71.21875
awp,72.4375
mac-10,22.671875
mac-10,26.4375
mac-10,39.359375
mac-10,23.84375
mp9,51.5625
mp9,59.578125
mp9,68.96875
ak-47,15.8125
awp,75.859375
awp,77.5
awp,78.328125
m4a1,81.265625
awp,16.671875
awp,20.265625
ak-47,21.828125
ak-47,34.015625
awp,46.84375
ak-47,71.25
m4a1,74.203125
ak-47,86.953125
awp,41.71875
m4a1,46.6875
m4a1,51.0625
m4a1,60.453125
m4a1,62.65625
awp,15.96875
awp,21.921875
ak-47,23.96875
m4a1,24.0
m4a1,24.390625
ak-47,24.671875
m4a1,28.9375
awp,69.171875
ak-47,79.109375
m4a1,82.78125
m4a1,84.453125
m4a1,87.90625
ak-47,73.203125
awp,73.921875
ak-47,76.640625
awp,79.46875
m4a1,83.15625
ak-47,86.953125
m4a1,106.96875
ak-47,114.671875
m4a1,43.84375
ak-47,48.0
awp,49.984375
m4a1,57.609375
ak-47,59.828125
m4a1,60.796875
awp,10.109375
m4a1,18.796875
m4a1,19.703125
m4a1,37.34375
m4a1,41.453125
mac-10,12.28125
mp9,12.328125
mp9,15.4375
mp9,17.59375
mac-10,26.296875
mac-10,65.0625
mp9,52.3125
ak-47,54.0625
ak-47,61.328125
ak-47,64.171875
mp9,64.421875
ak-47,17.59375
ak-47,55.25
awp,58.40625
m4a1,86.0
awp,92.5625
ak-47,52.5
m4a1,53.71875
awp,58.265625
ak-47,74.296875
awp,39.625
m4a1,42.046875
m4a1,45.96875
ak-47,48.03125
m4a1,53.640625
m4a1,54.515625
ak-47,54.640625
ak-47,63.09375
awp,5.078125
ak-47,56.546875
ak-47,57.046875
ak-47,57.4375
ak-47,12.1875
m4a1,12.34375
awp,46.4375
awp,60.6875
awp,65.125
ak-47,21.796875
ak-47,35.40625
ak-47,36.015625
ak-47,37.734375
m4a1,39.578125
m4a1,6.953125
awp,7.3125
ak-47,30.4375
m4a1,47.328125
m4a1,54.203125
ak-47,56.921875
ak-47,58.140625
m4a1,25.234375
mp9,35.703125
mp9,36.90625
m4a1,44.90625
mp9,46.46875
mp9,18.59375
ak-47,19.4375
m4a1,43.65625
m4a1,47.625
m4a1,48.125
m4a1,48.375
ak-47,14.65625
ak-47,41.328125
ak-47,41.53125
m4a1,49.65625
m4a1,52.8125
ak-47,54.171875
m4a1,55.046875
m4a1,29.71875
ak-47,41.78125
m4a1,53.953125
m4a1,18.953125
awp,20.0
m4a1,21.484375
awp,27.8125
awp,21.890625
ak-47,23.03125
awp,23.96875
ak-47,27.265625
ak-47,27.84375
awp,28.375
awp,82.6875
ak-47,15.234375
m4a1,16.078125
m4a1,16.09375
ak-47,16.5625
awp,41.578125
ak-47,47.203125
m4a1,62.875
ak-47,68.015625
awp,27.34375
ak-47,30.765625
awp,13.0625
m4a1,21.75
awp,42.390625
ak-47,57.171875
awp,62.03125
m4a1,74.265625
m4a1,75.640625
ak-47,83.453125
m4a1,22.046875
ak-47,23.34375
ak-47,27.484375
m4a1,29.46875
ak-47,30.890625
m4a1,40.15625
m4a1,40.359375
ak-47,47.78125
m4a1,52.546875
awp,10.609375
mac-10,11.3125
mac-10,17.546875
m4a1,21.5625
ak-47,46.75
m4a1,51.546875
m4a1,65.3125
m4a1,66.03125
m4a1,66.921875
ak-47,114.828125
m4a1,13.84375
ak-47,41.078125
ak-47,41.546875
m4a1,51.609375
m4a1,57.75
m4a1,12.75
ak-47,14.140625
ak-47,14.25
ak-47,16.453125
m4a1,19.890625
ak-47,40.171875
m4a1,54.640625
m4a1,55.390625
ak-47,55.703125
awp,105.328125
ak-47,112.8125
m4a1,49.703125
m4a1,89.59375
awp,16.734375
awp,27.484375
awp,64.328125
m4a1,75.21875
m4a1,19.34375
ak-47,20.234375
m4a1,25.859375
ak-47,28.03125
ak-47,34.109375
m4a1,37.234375
awp,85.28125
m4a1,68.390625
m4a1,69.078125
m4a1,69.390625
m4a1,70.171875
m4a1,73.53125
m4a1,13.9375
m4a1,14.546875
m4a1,24.015625
awp,30.328125
mp9,59.9375
ak-47,25.625
mac-10,28.28125
m4a1,37.453125
ak-47,45.03125
m4a1,83.484375
ak-47,35.5625
mac-10,90.28125
ak-47,13.21875
ak-47,14.21875
m4a1,96.875
ak-47,97.8125
ak-47,98.21875
ak-47,100.28125
ak-47,44.9375
ak-47,81.671875
m4a1,88.71875
ak-47,30.046875
ak-47,30.40625
ak-47,32.421875
ak-47,82.515625
awp,16.34375
ak-47,16.9375
ak-47,29.0
ak-47,42.9375
ak-47,64.4375
ak-47,72.140625
ak-47,91.453125
ak-47,104.296875
ak-47,25.375
ak-47,27.5
ak-47,65.40625
m4a1,44.09375
ak-47,44.796875
m4a1,53.515625
m4a1,55.859375
m4a1,73.859375
m4a1,22.109375
ak-47,34.25
ak-47,58.4375
ak-47,58.9375
ak-47,59.5
ak-47,62.78125
ak-47,66.1875
ak-47,67.09375
awp,17.59375
m4a1,33.390625
awp,34.34375
ak-47,37.0625
mp9,33.984375
m4a1,37.0
m4a1,38.21875
m4a1,16.171875
awp,21.96875
ak-47,22.0625
m4a1,24.90625
ak-47,33.171875
ak-47,36.296875
ak-47,17.0
m4a1,76.46875
m4a1,82.296875
m4a1,87.984375
mp9,50.65625
m4a1,52.421875
m4a1,58.296875
ak-47,33.390625
ak-47,35.234375
ak-47,37.015625
m4a1,37.171875
m4a1,65.3125
m4a1,66.015625
ak-47,77.15625
ak-47,35.953125
m4a1,41.953125
m4a1,45.046875
m4a1,47.78125
m4a1,59.75
ak-47,18.421875
ak-47,24.8125
ak-47,41.671875
m4a1,75.09375
ak-47,76.921875
mp9,50.671875
mp9,52.203125
mp9,52.625
ak-47,53.328125
m4a1,64.03125
m4a1,62.109375
ak-47,63.34375
ak-47,79.453125
ak-47,80.921875
m4a1,20.859375
ak-47,61.84375
ak-47,68.234375
ak-47,68.625
ak-47,69.53125
ak-47,39.984375
ak-47,70.859375
ak-47,74.734375
ak-47,78.734375
ak-47,79.890625
ak-47,80.6875
awp,87.8125
ak-47,87.890625
ak-47,9.609375
ak-47,17.921875
m4a1,42.25
ak-47,52.34375
m4a1,109.640625
ak-47,109.8125
ak-47,111.1875
m4a1,18.578125
m4a1,18.984375
m4a1,106.484375
mp9,109.265625
m4a1,33.421875
ak-47,37.171875
m4a1,37.84375
ak-47,41.5625
ak-47,45.671875
m4a1,49.625
mac-10,36.15625
ak-47,48.8125
mac-10,64.875
mac-10,72.234375
ak-47,79.75
mac-10,90.84375
m4a1,94.96875
ak-47,99.25
ak-47,104.734375
m4a1,105.640625
ak-47,109.984375
ak-47,111.390625
ak-47,45.796875
mac-10,87.09375
ak-47,92.53125
awp,42.546875
ak-47,70.765625
m4a1,70.921875
awp,73.203125
m4a1,85.375
m4a1,86.859375
awp,36.171875
ak-47,38.0
ak-47,38.46875
ak-47,40.703125
awp,70.875
ak-47,75.28125
awp,78.5
awp,86.640625
ak-47,16.03125
m4a1,18.171875
ak-47,25.859375
ak-47,27.96875
awp,51.5
awp,64.796875
awp,66.546875
ak-47,13.40625
ak-47,15.40625
mp9,47.765625
ak-47,49.671875
awp,52.765625
ak-47,53.953125
ak-47,50.265625
awp,50.875
awp,52.78125
ak-47,89.875
m4a1,90.546875
ak-47,96.71875
awp,114.953125
m4a1,16.03125
awp,60.765625
ak-47,73.171875
ak-47,74.609375
ak-47,83.28125
ak-47,101.0625
ak-47,114.734375
m4a1,25.21875
m4a1,26.296875
ak-47,31.890625
m4a1,40.734375
m4a1,41.984375
ak-47,63.046875
m4a1,73.109375
ak-47,73.296875
ak-47,89.328125
mac-10,18.046875
mac-10,21.296875
ak-47,78.6875
awp,12.296875
ak-47,75.703125
m4a1,78.703125
ak-47,79.34375
ak-47,111.078125
ak-47,112.71875
awp,114.921875
ak-47,70.125
ak-47,101.15625
ak-47,101.5625
ak-47,101.90625
ak-47,104.4375
ak-47,113.40625
ak-47,30.15625
m4a1,31.203125
m4a1,31.609375
m4a1,32.40625
m4a1,48.125
ak-47,64.203125
mac-10,65.421875
ak-47,71.765625
ak-47,72.171875
ak-47,100.25
m4a1,35.5625
ak-47,44.3125
ak-47,46.015625
ak-47,88.765625
ak-47,88.828125
m4a1,91.4375
ak-47,96.078125
m4a1,62.234375
m4a1,62.734375
m4a1,62.734375
m4a1,63.4375
ak-47,71.296875
ak-47,9.921875
ak-47,50.640625
ak-47,52.28125
m4a1,54.40625
m4a1,55.015625
ak-47,59.125
ak-47,69.65625
m4a1,71.078125
m4a1,43.40625
m4a1,43.515625
ak-47,47.015625
m4a1,45.703125
ak-47,71.03125
m4a1,73.375
ak-47,80.140625
m4a1,80.953125
ak-47,85.875
m4a1,100.046875
m4a1,20.203125
ak-47,26.6875
ak-47,41.890625
ak-47,42.875
mac-10,46.359375
m4a1,59.9375
ak-47,62.15625
awp,54.921875
ak-47,55.96875
ak-47,57.078125
ak-47,59.796875
m4a1,101.046875
ak-47,21.5
ak-47,22.28125
ak-47,23.4375
ak-47,26.046875
ak-47,31.21875
ak-47,41.515625
ak-47,44.203125
ak-47,45.8125
ak-47,46.140625
ak-47,47.046875
ak-47,44.375
ak-47,50.453125
ak-47,87.109375
m4a1,88.0625
ak-47,88.90625
awp,13.796875
m4a1,69.390625
m4a1,75.65625
m4a1,87.421875
m4a1,89.96875
m4a1,90.0625
awp,97.15625
awp,99.65625
m4a1,105.296875
m4a1,25.859375
m4a1,26.28125
m4a1,58.5
m4a1,60.78125
ak-47,72.1875
ak-47,79.296875
m4a1,90.21875
ak-47,43.65625
ak-47,45.265625
ak-47,45.375
ak-47,15.671875
m4a1,15.734375
m4a1,27.921875
ak-47,36.3125
m4a1,37.1875
ak-47,48.65625
ak-47,21.390625
m4a1,23.09375
m4a1,24.0625
ak-47,26.546875
ak-47,32.578125
ak-47,37.359375
ak-47,18.65625
mp9,22.125
m4a1,23.46875
ak-47,23.5
ak-47,38.59375
ak-47,48.40625
ak-47,66.3125
ak-47,66.640625
ak-47,81.453125
ak-47,72.703125
m4a1,74.765625
ak-47,75.546875
m4a1,98.953125
ak-47,107.890625
ak-47,17.078125
ak-47,86.75
ak-47,88.0
ak-47,48.421875
ak-47,51.0
ak-47,82.609375
ak-47,90.359375
ak-47,93.234375
m4a1,66.78125
m4a1,68.296875
m4a1,73.40625
awp,84.109375
awp,89.796875
awp,11.453125
ak-47,35.921875
ak-47,43.796875
ak-47,47.515625
ak-47,64.90625
awp,32.953125
m4a1,61.0625
ak-47,68.125
ak-47,76.3125
ak-47,108.53125
awp,112.96875
ak-47,33.90625
m4a1,74.21875
ak-47,76.859375
ak-47,71.234375
m4a1,72.125
ak-47,73.6875
awp,80.6875
awp,75.484375
m4a1,77.328125
m4a1,78.203125
ak-47,78.765625
m4a1,79.1875
ak-47,80.625
m4a1,81.078125
ak-47,85.96875
ak-47,88.0
ak-47,105.84375
m4a1,111.0625
m4a1,111.9375
ak-47,112.234375
awp,25.859375
ak-47,33.390625
m4a1,29.6875
m4a1,44.796875
ak-47,47.671875
awp,49.46875
awp,52.03125
awp,60.828125
awp,11.59375
awp,57.453125
ak-47,90.84375
m4a1,51.375
ak-47,51.859375
ak-47,66.09375
ak-47,80.109375
ak-47,83.59375
ak-47,88.375
ak-47,88.4375
awp,36.375
ak-47,48.03125
ak-47,67.5625
awp,63.90625
m4a1,66.453125
ak-47,76.203125
awp,90.59375
ak-47,106.109375
ak-47,26.53125
ak-47,31.625
awp,34.28125
ak-47,36.328125
ak-47,38.78125
m4a1,46.796875
ak-47,46.34375
ak-47,58.703125
ak-47,69.46875
ak-47,93.34375
ak-47,94.1875
ak-47,104.796875
ak-47,33.828125
awp,35.25
ak-47,38.125
ak-47,39.71875
awp,40.3125
m4a1,54.59375
ak-47,63.9375
m4a1,30.359375
m4a1,30.859375
m4a1,60.9375
mac-10,61.140625
mac-10,62.0
mp9,78.15625
ak-47,57.765625
m4a1,70.96875
m4a1,71.375
mac-10,82.53125
ak-47,83.21875
ak-47,84.140625
m4a1,97.625
m4a1,16.53125
m4a1,50.390625
ak-47,58.34375
m4a1,79.78125
ak-47,84.5625
ak-47,15.96875
ak-47,21.453125
ak-47,21.953125
m4a1,40.90625
ak-47,51.625
mp9,54.21875
mp9,57.265625
m4a1,72.484375
ak-47,30.1875
ak-47,31.59375
m4a1,48.296875
awp,57.0625
m4a1,57.359375
ak-47,42.28125
awp,49.75
mp9,55.984375
mp9,56.859375
m4a1,58.703125
ak-47,59.546875
ak-47,65.390625
ak-47,98.40625
ak-47,49.96875
ak-47,51.4375
ak-47,72.859375
ak-47,73.828125
ak-47,92.6875
awp,15.921875
m4a1,24.484375
m4a1,25.5625
awp,25.84375
ak-47,39.6875
m4a1,51.171875
m4a1,58.109375
mp9,58.84375
awp,16.4375
awp,23.65625
ak-47,28.140625
m4a1,64.640625
m4a1,67.546875
ak-47,69.421875
m4a1,76.828125
ak-47,83.578125
m4a1,68.390625
m4a1,81.65625
ak-47,82.328125
awp,84.03125
ak-47,88.484375
m4a1,21.734375
m4a1,23.625
ak-47,25.3125
awp,30.625
ak-47,39.28125
ak-47,40.609375
ak-47,94.234375
m4a1,96.5
mp9,25.46875
mp9,56.515625
ak-47,60.0625
ak-47,64.546875
mp9,20.171875
ak-47,58.84375
ak-47,79.96875
ak-47,103.390625
ak-47,22.140625
ak-47,26.40625
m4a1,66.015625
ak-47,82.9375
mac-10,61.390625
ak-47,24.53125
m4a1,45.65625
m4a1,53.125
ak-47,78.71875
ak-47,19.390625
m4a1,19.765625
m4a1,21.15625
ak-47,32.78125
ak-47,42.9375
ak-47,51.1875
awp,26.046875
ak-47,29.5625
m4a1,45.859375
m4a1,48.203125
ak-47,76.328125
m4a1,76.53125
ak-47,80.609375
m4a1,72.140625
ak-47,81.78125
m4a1,102.53125
m4a1,109.203125
ak-47,61.578125
ak-47,64.0625
awp,65.921875
ak-47,68.515625
awp,68.71875
mp9,70.046875
m4a1,75.890625
m4a1,42.71875
m4a1,44.265625
awp,46.6875
ak-47,57.828125
m4a1,65.109375
ak-47,65.875
ak-47,68.6875
m4a1,72.390625
m4a1,79.96875
awp,86.9375
ak-47,96.578125
m4a1,98.546875
ak-47,98.671875
mp9,22.765625
ak-47,45.5
ak-47,46.09375
awp,68.671875
awp,74.875
awp,106.296875
awp,112.28125
ak-47,37.171875
mac-10,38.671875
awp,39.90625
m4a1,48.71875
m4a1,49.21875
awp,52.34375
mp9,22.765625
ak-47,24.765625
m4a1,33.375
m4a1,33.78125
m4a1,36.0625
m4a1,41.203125
ak-47,17.796875
mac-10,20.4375
mac-10,22.140625
mac-10,23.390625
m4a1,38.6875
m4a1,39.890625
m4a1,41.5
m4a1,52.15625
m4a1,59.625
mac-10,15.25
ak-47,29.234375
ak-47,51.703125
awp,59.40625
m4a1,17.390625
awp,64.953125
awp,66.859375
ak-47,77.453125
ak-47,22.125
mac-10,28.453125
ak-47,43.6875
ak-47,11.046875
ak-47,14.515625
ak-47,17.328125
m4a1,23.171875
mac-10,23.78125
ak-47,16.0625
ak-47,16.875
awp,28.640625
ak-47,68.796875
ak-47,77.015625
ak-47,77.140625
ak-47,62.0
m4a1,63.71875
awp,83.53125
m4a1,89.609375
awp,96.6875
m4a1,96.890625
mac-10,103.453125
mac-10,105.359375
m4a1,23.421875
m4a1,61.203125
awp,64.03125
ak-47,69.0
m4a1,69.21875
m4a1,70.578125
mp9,79.5625
m4a1,79.953125
m4a1,19.203125
ak-47,20.71875
awp,26.109375
awp,42.40625
awp,44.34375
ak-47,62.453125
ak-47,14.328125
mac-10,48.8125
ak-47,49.40625
ak-47,49.90625
awp,50.40625
awp,80.609375
ak-47,82.265625
ak-47,96.421875
mac-10,94.03125
m4a1,110.015625
mp9,110.9375
mp9,28.515625
ak-47,52.734375
m4a1,70.78125
ak-47,84.546875
m4a1,91.296875
mac-10,16.78125
mac-10,18.359375
m4a1,49.28125
m4a1,18.234375
ak-47,51.28125
ak-47,78.34375
mp9,79.96875
m4a1,92.515625
m4a1,94.234375
mp9,56.671875
m4a1,85.515625
ak-47,85.84375
ak-47,87.140625
ak-47,90.46875
awp,97.328125
ak-47,50.8125
ak-47,67.015625
ak-47,68.546875
ak-47,69.25
ak-47,73.921875
m4a1,17.515625
m4a1,18.671875
ak-47,20.984375
ak-47,21.5625
ak-47,80.734375
ak-47,20.234375
ak-47,24.65625
ak-47,26.578125
ak-47,27.640625
ak-47,27.84375
ak-47,43.09375
ak-47,53.09375
ak-47,74.359375
ak-47,82.46875
ak-47,33.578125
m4a1,34.390625
m4a1,36.53125
ak-47,42.765625
ak-47,45.53125
m4a1,51.328125
awp,68.734375
awp,90.375
awp,28.203125
m4a1,32.3125
m4a1,33.53125
m4a1,44.890625
m4a1,45.828125
mp9,20.28125
mp9,22.984375
m4a1,43.78125
mp9,53.21875
m4a1,54.09375
awp,57.3125
ak-47,23.375
m4a1,26.53125
m4a1,36.265625
m4a1,42.90625
m4a1,57.234375
m4a1,61.484375
ak-47,55.0
ak-47,57.59375
ak-47,61.203125
m4a1,88.328125
awp,100.5625
awp,12.296875
m4a1,74.671875
m4a1,111.5625
ak-47,15.859375
ak-47,19.96875
m4a1,20.078125
ak-47,67.625
ak-47,73.984375
ak-47,77.1875
ak-47,105.484375
m4a1,66.234375
m4a1,67.265625
m4a1,68.5
ak-47,71.296875
ak-47,73.125
awp,76.8125
awp,34.359375
m4a1,64.9375
awp,79.25
m4a1,83.625
ak-47,84.046875
m4a1,86.140625
ak-47,54.125
ak-47,78.359375
m4a1,78.5625
ak-47,79.984375
ak-47,94.015625
ak-47,94.96875
ak-47,107.140625
awp,41.875
awp,49.453125
m4a1,49.625
m4a1,50.40625
m4a1,50.609375
ak-47,55.328125
ak-47,83.375
ak-47,84.4375
awp,61.40625
m4a1,96.015625
m4a1,96.96875
ak-47,97.625
awp,102.171875
ak-47,106.078125
awp,106.9375
m4a1,17.875
ak-47,43.0
m4a1,59.28125
awp,60.5
m4a1,60.625
m4a1,61.921875
awp,88.203125
m4a1,73.5625
m4a1,80.296875
ak-47,82.078125
m4a1,86.0
m4a1,99.65625
ak-47,105.890625
ak-47,16.5625
m4a1,16.6875
m4a1,40.140625
ak-47,65.0625
m4a1,84.3125
mp9,91.09375
ak-47,97.328125
ak-47,101.671875
ak-47,15.65625
ak-47,17.703125
awp,56.171875
m4a1,23.71875
m4a1,24.578125
m4a1,53.46875
ak-47,53.625
ak-47,64.234375
ak-47,68.984375
ak-47,37.546875
awp,49.46875
ak-47,82.75
ak-47,88.1875
m4a1,62.640625
awp,64.375
ak-47,65.5625
awp,13.5
ak-47,67.9375
m4a1,74.71875
ak-47,74.921875
ak-47,78.890625
ak-47,90.4375
m4a1,93.640625
awp,11.109375
ak-47,25.15625
ak-47,32.046875
m4a1,64.78125
ak-47,67.90625
ak-47,72.96875
ak-47,78.0
ak-47,84.171875
ak-47,92.46875
ak-47,93.546875
ak-47,95.765625
m4a1,15.65625
awp,54.59375
ak-47,55.90625
m4a1,93.359375
mp9,102.390625
m4a1,104.234375
mp9,104.265625
ak-47,53.1875
ak-47,67.84375
ak-47,35.25
ak-47,37.984375
ak-47,79.828125
ak-47,82.640625
ak-47,110.765625
ak-47,33.96875
ak-47,70.921875
ak-47,77.484375
ak-47,81.15625
ak-47,82.1875
ak-47,15.0
ak-47,26.46875
ak-47,27.59375
ak-47,50.65625
ak-47,92.671875
m4a1,66.6875
m4a1,67.296875
m4a1,69.15625
awp,71.453125
awp,73.171875
awp,26.328125
m4a1,31.203125
m4a1,34.890625
ak-47,41.21875
ak-47,42.625
ak-47,44.75
ak-47,51.625
ak-47,54.34375
ak-47,63.546875
ak-47,35.671875
m4a1,35.875
awp,81.15625
ak-47,85.265625
awp,92.34375
awp,98.59375
m4a1,101.09375
ak-47,11.265625
mac-10,33.9375
m4a1,34.0625
ak-47,37.734375
ak-47,39.34375
ak-47,49.453125
m4a1,14.0
m4a1,16.09375
ak-47,17.765625
m4a1,17.953125
m4a1,30.59375
mp9,27.75
mp9,30.625
ak-47,55.28125
m4a1,56.453125
m4a1,65.921875
ak-47,44.046875
m4a1,46.234375
ak-47,48.5
m4a1,51.203125
ak-47,54.796875
m4a1,55.15625
m4a1,60.453125
m4a1,87.75
awp,35.3125
m4a1,40.015625
m4a1,62.46875
ak-47,63.03125
m4a1,69.96875
ak-47,71.359375
ak-47,81.015625
ak-47,80.453125
ak-47,87.28125
ak-47,90.5625
ak-47,91.0625
ak-47,97.640625
ak-47,42.34375
ak-47,43.75
ak-47,44.34375
ak-47,45.15625
ak-47,47.28125
m4a1,13.875
ak-47,14.40625
ak-47,23.578125
ak-47,33.140625
m4a1,37.046875
ak-47,38.109375
m4a1,44.6875
awp,75.875
ak-47,94.1875
ak-47,94.40625
ak-47,95.09375
awp,109.578125
m4a1,19.5
awp,20.515625
ak-47,23.734375
ak-47,28.484375
ak-47,32.53125
awp,33.1875
awp,42.921875
m4a1,43.921875
awp,46.5625
ak-47,46.765625
ak-47,49.234375
ak-47,49.953125
m4a1,102.78125
ak-47,103.0
m4a1,105.5
ak-47,111.875
ak-47,107.65625
m4a1,11.640625
m4a1,23.171875
m4a1,23.671875
ak-47,24.625
ak-47,24.921875
ak-47,17.4375
mac-10,20.9375
mac-10,22.53125
mac-10,23.65625
m4a1,21.546875
ak-47,22.21875
awp,78.765625
awp,84.53125
awp,91.609375
ak-47,49.34375
ak-47,54.875
awp,82.765625
awp,84.546875
ak-47,41.34375
m4a1,62.5625
ak-47,96.78125
m4a1,98.625
ak-47,99.671875
ak-47,105.390625
ak-47,108.171875
m4a1,110.828125
awp,41.28125
m4a1,51.078125
m4a1,62.171875
m4a1,66.40625
m4a1,76.953125
ak-47,18.625
m4a1,35.671875
ak-47,38.09375
m4a1,44.984375
m4a1,57.125
ak-47,63.625
awp,63.78125
m4a1,22.390625
ak-47,24.125
ak-47,32.875
m4a1,34.25
ak-47,41.21875
m4a1,86.71875
m4a1,32.546875
m4a1,36.921875
m4a1,79.765625
ak-47,81.09375
ak-47,83.3125
ak-47,83.546875
ak-47,86.59375
ak-47,25.0625
awp,34.78125
ak-47,80.375
ak-47,80.484375
ak-47,91.78125
ak-47,69.40625
ak-47,42.0625
awp,50.125
ak-47,51.6875
ak-47,102.609375
ak-47,102.921875
m4a1,104.171875
awp,106.046875
ak-47,111.09375
m4a1,12.9375
ak-47,15.78125
m4a1,18.78125
ak-47,23.46875
m4a1,82.828125
awp,94.28125
ak-47,103.9375
ak-47,111.0625
ak-47,113.984375
m4a1,11.515625
m4a1,70.953125
ak-47,71.90625
m4a1,78.296875
ak-47,83.375
m4a1,88.46875
m4a1,90.0
m4a1,13.546875
mac-10,13.71875
mac-10,15.84375
ak-47,53.953125
m4a1,66.53125
m4a1,68.59375
ak-47,68.78125
ak-47,69.859375
awp,103.75
ak-47,104.5
awp,107.828125
m4a1,18.8125
m4a1,28.875
awp,44.125
ak-47,93.671875
ak-47,100.078125
awp,102.90625
ak-47,106.65625
awp,31.890625
awp,93.859375
mp9,99.859375
awp,101.0
ak-47,103.671875
m4a1,113.5
m4a1,11.25
m4a1,16.265625
m4a1,39.890625
ak-47,54.921875
ak-47,66.234375
awp,80.5625
m4a1,84.859375
mp9,21.578125
mp9,24.984375
m4a1,30.765625
mp9,46.953125
m4a1,76.484375
mp9,106.15625
mp9,108.65625
ak-47,38.65625
ak-47,44.75
ak-47,26.328125
ak-47,28.078125
ak-47,39.65625
m4a1,69.578125
m4a1,70.296875
ak-47,84.03125
ak-47,27.78125
ak-47,96.453125
ak-47,100.109375
ak-47,104.75
ak-47,35.4375
ak-47,43.546875
ak-47,44.421875
m4a1,67.171875
ak-47,67.34375
ak-47,71.359375
ak-47,80.34375
ak-47,85.421875
mp9,56.96875
ak-47,93.875
ak-47,95.328125
ak-47,100.796875
ak-47,11.921875
awp,22.046875
ak-47,60.40625
ak-47,65.9375
mp9,58.03125
ak-47,58.71875
ak-47,85.078125
ak-47,96.453125
ak-47,107.6875
m4a1,94.921875
ak-47,94.953125
ak-47,98.40625
ak-47,18.734375
m4a1,70.953125
awp,75.453125
ak-47,79.140625
m4a1,85.15625
ak-47,32.9375
m4a1,37.078125
m4a1,37.90625
awp,49.609375
m4a1,61.453125
ak-47,98.078125
m4a1,13.59375
awp,96.15625
ak-47,104.703125
ak-47,108.125
ak-47,108.3125
ak-47,109.4375
ak-47,52.484375
ak-47,55.484375
m4a1,55.578125
m4a1,57.109375
m4a1,77.671875
ak-47,77.953125
m4a1,78.46875
m4a1,79.78125
ak-47,20.40625
ak-47,20.8125
m4a1,27.21875
m4a1,30.0
ak-47,31.15625
awp,56.6875
ak-47,79.421875
ak-47,80.125
ak-47,15.859375
ak-47,16.765625
ak-47,52.46875
awp,63.515625
awp,66.5
ak-47,66.703125
ak-47,69.796875
awp,16.921875
awp,23.28125
ak-47,24.4375
m4a1,27.390625
m4a1,30.875
m4a1,33.359375
ak-47,49.0
ak-47,50.1875
ak-47,52.171875
ak-47,53.046875
ak-47,53.84375
ak-47,54.78125
awp,73.03125
ak-47,92.125
m4a1,15.03125
m4a1,40.1875
ak-47,40.546875
awp,55.171875
awp,78.78125
ak-47,27.296875
ak-47,28.265625
m4a1,31.765625
ak-47,32.90625
m4a1,70.03125
ak-47,36.109375
ak-47,39.203125
ak-47,85.3125
ak-47,85.65625
ak-47,90.84375
ak-47,91.453125
ak-47,19.359375
awp,22.1875
ak-47,26.109375
m4a1,32.109375
ak-47,45.453125
awp,51.296875
ak-47,52.578125
ak-47,55.9375
mac-10,49.671875
mp9,76.25
mp9,94.390625
mac-10,34.546875
mp9,73.0
ak-47,37.84375
ak-47,68.921875
ak-47,70.15625
m4a1,74.953125
m4a1,77.890625
ak-47,78.140625
m4a1,93.578125
ak-47,105.671875
ak-47,112.109375
m4a1,55.96875
mp9,57.609375
ak-47,61.15625
awp,63.125
ak-47,70.15625
ak-47,77.0625
ak-47,15.90625
ak-47,24.265625
ak-47,57.265625
ak-47,61.59375
m4a1,37.328125
m4a1,39.96875
m4a1,40.546875
ak-47,41.578125
m4a1,76.265625
m4a1,80.78125
mac-10,103.984375
ak-47,25.09375
m4a1,26.265625
m4a1,29.890625
awp,32.75
ak-47,70.5
m4a1,74.890625
ak-47,74.96875
awp,76.734375
ak-47,81.46875
awp,96.109375
ak-47,99.15625
ak-47,101.625
ak-47,42.09375
ak-47,44.046875
ak-47,44.125
ak-47,47.375
ak-47,51.96875
ak-47,77.9375
ak-47,79.0625
ak-47,81.40625
ak-47,23.84375
ak-47,31.25
ak-47,31.421875
ak-47,34.078125
ak-47,35.921875
ak-47,25.65625
m4a1,45.328125
ak-47,56.953125
m4a1,60.421875
m4a1,86.59375
ak-47,91.578125
awp,96.578125
m4a1,98.5
awp,98.75
ak-47,99.484375
ak-47,56.09375
awp,79.421875
ak-47,86.046875
m4a1,31.21875
m4a1,73.53125
ak-47,77.25
m4a1,78.6875
m4a1,80.03125
ak-47,104.3125
ak-47,112.109375
m4a1,112.96875
m4a1,15.390625
m4a1,20.09375
m4a1,21.03125
m4a1,21.09375
mp9,27.046875
m4a1,18.9375
m4a1,20.625
ak-47,22.09375
m4a1,26.703125
m4a1,28.625
ak-47,53.859375
ak-47,55.265625
m4a1,59.125
ak-47,59.234375
ak-47,66.328125
m4a1,67.09375
m4a1,11.953125
m4a1,12.0625
ak-47,12.171875
m4a1,19.140625
ak-47,28.5
m4a1,17.375
ak-47,28.046875
ak-47,70.84375
awp,59.28125
awp,68.96875
ak-47,93.421875
ak-47,91.640625
awp,97.5625
awp,63.828125
mp9,88.375
ak-47,90.421875
ak-47,90.4375
ak-47,101.640625
mac-10,15.796875
ak-47,42.15625
ak-47,60.59375
ak-47,61.734375
m4a1,62.390625
awp,18.03125
m4a1,32.375
m4a1,34.03125
ak-47,56.40625
ak-47,66.734375
ak-47,81.1875
ak-47,86.84375
ak-47,103.3125
m4a1,38.015625
m4a1,40.53125
m4a1,41.171875
ak-47,45.421875
m4a1,45.9375
ak-47,53.34375
m4a1,62.78125
ak-47,60.359375
ak-47,60.765625
ak-47,63.09375
ak-47,106.75
awp,110.03125
m4a1,24.421875
ak-47,28.875
awp,34.828125
awp,43.96875
ak-47,49.453125
ak-47,65.59375
ak-47,77.46875
mp9,16.90625
mp9,25.859375
mp9,35.140625
mp9,41.9375
m4a1,47.234375
m4a1,44.515625
m4a1,46.140625
m4a1,59.46875
ak-47,75.953125
ak-47,78.453125
ak-47,82.90625
ak-47,93.015625
ak-47,18.703125
ak-47,19.34375
m4a1,41.296875
m4a1,42.375
ak-47,65.28125
ak-47,32.453125
awp,97.078125
ak-47,103.578125
ak-47,81.15625
ak-47,81.46875
ak-47,81.546875
mp9,82.640625
ak-47,82.796875
ak-47,88.546875
ak-47,45.015625
ak-47,48.0625
awp,50.265625
ak-47,55.953125
awp,11.796875
awp,16.0
ak-47,39.53125
awp,39.796875
ak-47,40.1875
m4a1,49.6875
awp,74.21875
ak-47,76.640625
m4a1,20.71875
m4a1,32.84375
awp,63.34375
m4a1,68.171875
ak-47,19.375
ak-47,20.84375
ak-47,43.40625
mp9,44.171875
ak-47,60.421875
ak-47,70.640625
m4a1,71.25
mp9,65.890625
mp9,74.015625
m4a1,81.203125
m4a1,81.703125
mp9,84.828125
ak-47,12.890625
ak-47,50.453125
ak-47,52.484375
ak-47,61.234375
ak-47,62.96875
m4a1,29.6875
m4a1,33.203125
m4a1,34.203125
awp,14.25
ak-47,39.171875
m4a1,78.4375
m4a1,90.296875
m4a1,95.828125
m4a1,95.921875
ak-47,96.46875
m4a1,97.671875
ak-47,101.875
ak-47,106.53125
mac-10,15.015625
ak-47,17.140625
ak-47,23.546875
ak-47,30.421875
ak-47,30.828125
m4a1,32.296875
m4a1,33.578125
ak-47,37.90625
awp,68.328125
ak-47,71.9375
ak-47,54.09375
awp,62.015625
m4a1,70.3125
m4a1,72.078125
m4a1,76.5
m4a1,78.234375
m4a1,86.453125
m4a1,87.125
ak-47,105.15625
ak-47,105.9375
ak-47,27.1875
ak-47,27.484375
ak-47,27.578125
m4a1,45.625
ak-47,86.5625
ak-47,15.03125
awp,18.453125
m4a1,19.5625
m4a1,19.765625
awp,22.984375
awp,25.21875
m4a1,28.484375
m4a1,52.015625
m4a1,56.484375
ak-47,44.890625
ak-47,74.3125
ak-47,74.5625
ak-47,78.625
ak-47,79.625
ak-47,80.859375
ak-47,82.5625
ak-47,30.734375
ak-47,32.4375
ak-47,51.015625
ak-47,52.375
ak-47,55.34375
m4a1,13.21875
mac-10,13.96875
ak-47,19.8125
ak-47,21.5
awp,30.1875
ak-47,46.546875
ak-47,54.09375
ak-47,36.296875
ak-47,45.9375
ak-47,19.34375
ak-47,64.21875
ak-47,66.25
m4a1,70.203125
m4a1,78.390625
awp,86.171875
ak-47,98.359375
awp,100.21875
ak-47,104.578125
ak-47,12.75
ak-47,12.8125
ak-47,13.15625
ak-47,27.703125
ak-47,42.25
ak-47,24.5
ak-47,24.796875
ak-47,34.609375
ak-47,37.6875
ak-47,42.390625
ak-47,9.421875
ak-47,40.546875
m4a1,41.390625
awp,41.53125
m4a1,46.53125
awp,46.8125
ak-47,51.25
ak-47,99.453125
ak-47,27.328125
awp,31.875
ak-47,33.125
awp,68.640625
ak-47,94.9375
m4a1,13.578125
ak-47,35.0625
ak-47,37.9375
ak-47,54.53125
ak-47,40.140625
ak-47,42.75
ak-47,45.546875
awp,46.015625
awp,48.09375
ak-47,16.109375
ak-47,17.125
awp,63.484375
ak-47,57.03125
m4a1,103.09375
m4a1,103.796875
ak-47,104.0625
m4a1,104.515625
ak-47,15.40625
ak-47,20.859375
m4a1,21.53125
awp,69.5
ak-47,71.140625
awp,79.671875
ak-47,105.890625
awp,6.328125
m4a1,16.546875
ak-47,17.3125
m4a1,18.9375
m4a1,19.84375
ak-47,83.515625
ak-47,83.796875
m4a1,55.734375
mp9,67.6875
mp9,68.3125
m4a1,72.390625
ak-47,65.96875
ak-47,84.96875
m4a1,85.890625
ak-47,93.484375
ak-47,100.765625
ak-47,52.90625
ak-47,54.34375
ak-47,55.15625
mac-10,19.515625
ak-47,39.71875
ak-47,44.296875
ak-47,72.75
ak-47,88.3125
ak-47,14.078125
m4a1,17.96875
ak-47,49.515625
awp,67.734375
m4a1,74.453125
awp,4.140625
ak-47,21.703125
awp,29.078125
mac-10,30.21875
ak-47,72.46875
mac-10,73.59375
ak-47,82.515625
m4a1,104.6875
m4a1,27.203125
m4a1,28.34375
mp9,42.65625
mp9,45.609375
mp9,67.859375
mp9,68.890625
mp9,69.15625
m4a1,71.4375
m4a1,80.71875
ak-47,52.375
ak-47,59.65625
awp,77.953125
m4a1,19.625
m4a1,21.96875
ak-47,27.421875
ak-47,28.921875
ak-47,47.234375
awp,78.03125
ak-47,77.75
m4a1,79.21875
m4a1,79.875
ak-47,84.421875
m4a1,90.453125
ak-47,90.46875
m4a1,90.96875
m4a1,107.484375
awp,29.890625
m4a1,32.515625
awp,37.640625
m4a1,56.234375
ak-47,67.734375
m4a1,71.578125
m4a1,76.890625
m4a1,77.859375
m4a1,18.171875
mac-10,21.765625
m4a1,24.03125
m4a1,54.5625
ak-47,107.125
ak-47,108.921875
ak-47,110.984375
m4a1,63.640625
ak-47,63.9375
ak-47,64.25
awp,74.71875
ak-47,95.578125
mac-10,26.25
ak-47,33.546875
mp9,43.25
ak-47,43.9375
awp,47.4375
mac-10,61.5625
m4a1,12.6875
mp9,29.90625
m4a1,35.640625
m4a1,24.109375
m4a1,80.78125
m4a1,85.15625
ak-47,85.390625
ak-47,87.703125
ak-47,94.15625
m4a1,96.78125
m4a1,29.03125
ak-47,31.59375
ak-47,38.390625
ak-47,56.9375
ak-47,68.296875
ak-47,44.515625
ak-47,48.25
ak-47,94.03125
ak-47,103.359375
ak-47,105.71875
mp9,15.1875
ak-47,19.640625
ak-47,54.921875
mp9,55.234375
awp,55.46875
ak-47,64.90625
ak-47,77.828125
ak-47,79.859375
ak-47,79.890625
awp,84.671875
awp,25.65625
m4a1,36.109375
m4a1,61.171875
m4a1,61.984375
ak-47,46.59375
ak-47,47.28125
ak-47,79.078125
ak-47,82.6875
ak-47,82.953125
ak-47,105.9375
mp9,93.0
mp9,95.03125
ak-47,31.125
ak-47,42.453125
mac-10,46.78125
ak-47,69.140625
m4a1,60.90625
m4a1,64.890625
ak-47,67.359375
ak-47,67.75
m4a1,69.0
m4a1,71.0625
ak-47,16.921875
m4a1,26.15625
ak-47,26.828125
mp9,44.265625
mp9,49.53125
m4a1,58.265625
m4a1,14.09375
ak-47,17.109375
ak-47,25.84375
m4a1,31.390625
ak-47,31.875
awp,12.21875
m4a1,26.765625
awp,58.328125
awp,59.828125
awp,68.5625
awp,77.3125
ak-47,87.328125
m4a1,19.984375
m4a1,24.03125
m4a1,25.75
m4a1,28.03125
m4a1,30.03125
ak-47,28.484375
m4a1,67.390625
m4a1,69.109375
m4a1,72.75
ak-47,76.953125
awp,91.359375
m4a1,102.34375
awp,14.25
ak-47,26.265625
m4a1,34.203125
m4a1,34.5
ak-47,37.375
m4a1,47.015625
ak-47,47.953125
awp,65.765625
ak-47,26.078125
ak-47,42.21875
ak-47,46.640625
ak-47,55.328125
ak-47,15.203125
mac-10,52.140625
mac-10,69.265625
mac-10,71.78125
ak-47,36.5
ak-47,49.203125
m4a1,77.359375
ak-47,82.09375
mp9,56.71875
ak-47,57.140625
mp9,61.578125
mp9,83.015625
m4a1,111.515625
m4a1,85.671875
ak-47,107.46875
m4a1,111.0
m4a1,113.40625
mp9,12.6875
mp9,17.0
ak-47,30.703125
ak-47,66.390625
mp9,108.109375
awp,13.9375
awp,69.734375
awp,71.484375
awp,74.0625
ak-47,71.484375
ak-47,73.21875
ak-47,74.5
awp,96.640625
ak-47,110.828125
ak-47,81.03125
ak-47,97.1875
ak-47,108.453125
ak-47,112.890625
ak-47,15.359375
ak-47,19.25
ak-47,33.890625
awp,40.828125
awp,53.90625
awp,7.875
m4a1,27.515625
ak-47,31.921875
m4a1,32.96875
ak-47,37.5625
awp,99.78125
ak-47,33.46875
ak-47,35.734375
m4a1,32.5625
ak-47,33.34375
ak-47,37.40625
awp,53.0
m4a1,57.890625
m4a1,65.359375
ak-47,69.4375
m4a1,49.375
mp9,51.453125
m4a1,61.0625
mp9,71.59375
mp9,76.375
ak-47,15.53125
m4a1,76.671875
ak-47,77.421875
ak-47,84.09375
m4a1,92.078125
ak-47,92.71875
mp9,103.203125
ak-47,109.125
m4a1,47.515625
awp,64.0625
ak-47,95.890625
m4a1,101.28125
m4a1,103.609375
ak-47,104.125
awp,10.34375
awp,52.328125
m4a1,52.734375
ak-47,55.984375
awp,57.484375
m4a1,58.921875
ak-47,66.59375
ak-47,75.65625
m4a1,77.53125
ak-47,78.8125
ak-47,80.84375
mac-10,35.65625
awp,40.390625
ak-47,40.828125
awp,43.375
awp,11.734375
ak-47,19.09375
ak-47,43.46875
m4a1,47.125
m4a1,59.640625
ak-47,63.6875
m4a1,80.109375
awp,84.21875
mp9,21.046875
ak-47,25.5
mac-10,28.078125
mp9,29.578125
mac-10,30.046875
ak-47,46.59375
awp,81.71875
ak-47,37.8125
ak-47,71.734375
ak-47,84.90625
awp,90.703125
ak-47,101.609375
mac-10,42.15625
mac-10,48.265625
ak-47,49.28125
mac-10,58.515625
ak-47,13.171875
ak-47,24.125
mac-10,25.390625
ak-47,58.1875
mp9,72.3125
m4a1,99.875
m4a1,101.84375
awp,9.90625
ak-47,19.4375
ak-47,24.609375
ak-47,34.1875
m4a1,37.8125
m4a1,44.234375
ak-47,72.21875
ak-47,26.390625
ak-47,77.1875
m4a1,77.46875
ak-47,79.546875
ak-47,80.5625
m4a1,81.765625
awp,83.765625
m4a1,60.6875
m4a1,61.578125
ak-47,63.265625
ak-47,75.8125
awp,78.8125
ak-47,80.734375
awp,93.234375
ak-47,18.4375
ak-47,28.9375
ak-47,32.078125
ak-47,40.15625
ak-47,63.25
ak-47,89.5
ak-47,29.828125
ak-47,30.0
awp,47.75
ak-47,43.484375
m4a1,57.171875
ak-47,62.875
ak-47,64.25
ak-47,66.09375
m4a1,20.0
m4a1,28.796875
ak-47,35.875
ak-47,38.75
ak-47,72.375
ak-47,74.5
ak-47,81.6875
ak-47,85.296875
m4a1,82.03125
m4a1,80.390625
m4a1,94.875
ak-47,52.03125
ak-47,60.546875
ak-47,61.875
ak-47,24.96875
awp,47.078125
m4a1,48.765625
ak-47,52.09375
ak-47,55.90625
ak-47,56.234375
ak-47,22.09375
ak-47,23.4375
ak-47,24.9375
ak-47,35.765625
ak-47,36.46875
awp,81.296875
m4a1,56.53125
awp,57.6875
ak-47,57.828125
awp,87.640625
ak-47,89.890625
ak-47,113.828125
ak-47,113.953125
awp,62.015625
ak-47,80.25
ak-47,86.671875
m4a1,89.15625
awp,99.734375
m4a1,101.609375
awp,102.328125
awp,103.96875
awp,110.546875
ak-47,44.140625
ak-47,77.578125
m4a1,78.046875
m4a1,80.09375
mp9,92.65625
awp,103.328125
ak-47,103.421875
ak-47,104.953125
ak-47,22.796875
awp,53.453125
ak-47,113.6875
awp,14.78125
ak-47,53.6875
awp,62.25
ak-47,61.0625
m4a1,61.5625
ak-47,62.546875
ak-47,85.453125
ak-47,101.78125
ak-47,102.546875
ak-47,103.84375
awp,97.015625
ak-47,98.53125
ak-47,99.28125
m4a1,90.4375
ak-47,92.15625
ak-47,94.0625
m4a1,96.15625
m4a1,102.140625
ak-47,25.4375
m4a1,45.109375
ak-47,47.78125
ak-47,49.59375
ak-47,58.9375
ak-47,63.59375
mp9,24.421875
mp9,54.96875
ak-47,57.859375
ak-47,67.625
m4a1,70.4375
m4a1,70.53125
m4a1,71.234375
m4a1,37.671875
ak-47,54.8125
m4a1,68.828125
m4a1,72.484375
awp,73.78125
m4a1,73.9375
m4a1,96.125
m4a1,94.046875
ak-47,94.375
m4a1,94.6875
ak-47,95.46875
ak-47,111.65625
ak-47,38.96875
m4a1,39.09375
ak-47,73.640625
ak-47,23.484375
awp,60.171875
ak-47,66.59375
ak-47,69.703125
awp,76.328125
m4a1,106.953125
ak-47,107.734375
m4a1,110.296875
ak-47,17.125
m4a1,18.75
ak-47,23.15625
m4a1,24.1875
m4a1,24.25
ak-47,54.90625
ak-47,58.875
ak-47,59.875
ak-47,68.90625
mp9,29.1875
ak-47,29.84375
awp,33.65625
ak-47,94.359375
ak-47,95.6875
ak-47,98.828125
ak-47,99.328125
ak-47,24.828125
ak-47,28.78125
mac-10,55.09375
ak-47,56.671875
awp,59.890625
ak-47,15.09375
ak-47,24.53125
awp,30.0625
m4a1,34.34375
ak-47,36.296875
ak-47,50.96875
mac-10,14.796875
mac-10,16.6875
m4a1,22.359375
ak-47,45.828125
mp9,49.953125
mp9,53.28125
ak-47,29.3125
ak-47,36.15625
ak-47,40.5625
ak-47,61.296875
m4a1,14.375
ak-47,39.078125
awp,58.703125
awp,72.3125
ak-47,91.140625
ak-47,95.34375
awp,100.875
ak-47,103.109375
ak-47,13.1875
ak-47,17.015625
awp,18.015625
ak-47,35.234375
m4a1,41.078125
m4a1,11.75
m4a1,15.8125
awp,29.734375
m4a1,40.25
m4a1,46.75
awp,20.390625
ak-47,22.375
ak-47,44.765625
m4a1,75.296875
ak-47,77.703125
ak-47,90.671875
awp,91.0625
m4a1,95.1875
ak-47,41.90625
ak-47,44.6875
ak-47,57.171875
ak-47,62.28125
awp,90.53125
m4a1,15.125
awp,30.125
ak-47,33.296875
ak-47,45.875
ak-47,64.1875
ak-47,65.734375
ak-47,65.984375
ak-47,71.953125
mac-10,22.53125
m4a1,38.1875
m4a1,66.046875
m4a1,28.421875
m4a1,44.296875
ak-47,56.984375
m4a1,61.125
ak-47,63.234375
ak-47,66.390625
mp9,67.109375
m4a1,80.5625
ak-47,16.6875
ak-47,17.59375
m4a1,18.96875
m4a1,20.609375
ak-47,18.453125
ak-47,20.734375
m4a1,23.203125
m4a1,38.921875
m4a1,53.90625
m4a1,55.421875
m4a1,56.0625
ak-47,16.015625
m4a1,18.203125
ak-47,19.703125
ak-47,24.84375
m4a1,27.59375
ak-47,69.15625
ak-47,98.640625
ak-47,22.390625
ak-47,23.0
ak-47,24.078125
ak-47,25.640625
ak-47,46.71875
ak-47,13.671875
ak-47,48.34375
ak-47,51.921875
ak-47,102.09375
m4a1,105.25
ak-47,105.546875
ak-47,14.890625
ak-47,15.078125
mp9,15.75
mp9,17.859375
mp9,18.0625
ak-47,18.96875
mp9,19.265625
ak-47,24.359375
ak-47,44.421875
ak-47,53.34375
ak-47,63.6875
awp,26.453125
ak-47,39.46875
ak-47,42.921875
ak-47,43.53125
ak-47,45.515625
ak-47,47.796875
awp,48.46875
awp,79.578125
m4a1,67.265625
m4a1,67.375
m4a1,69.84375
m4a1,71.453125
m4a1,72.25
mp9,19.640625
mp9,21.40625
m4a1,29.578125
m4a1,31.28125
m4a1,36.203125
m4a1,11.671875
m4a1,12.953125
ak-47,13.1875
ak-47,16.59375
m4a1,18.640625
m4a1,35.3125
m4a1,39.1875
m4a1,84.671875
m4a1,85.4375
ak-47,86.125
awp,19.9375
ak-47,24.71875
ak-47,26.03125
m4a1,26.140625
m4a1,27.265625
ak-47,36.640625
m4a1,36.875
ak-47,38.703125
m4a1,99.59375
m4a1,30.390625
m4a1,35.46875
m4a1,36.578125
m4a1,59.359375
ak-47,59.375
awp,68.640625
ak-47,67.796875
awp,31.78125
m4a1,64.453125
m4a1,65.453125
m4a1,23.859375
m4a1,25.328125
ak-47,25.390625
ak-47,26.09375
ak-47,27.671875
ak-47,29.8125
ak-47,32.515625
ak-47,57.625
m4a1,66.59375
m4a1,67.296875
m4a1,27.875
awp,93.28125
awp,95.0
awp,57.171875
awp,65.828125
awp,72.28125
m4a1,73.359375
awp,76.875
m4a1,34.453125
m4a1,38.46875
m4a1,46.578125
m4a1,94.8125
m4a1,110.65625
awp,22.734375
ak-47,23.0625
ak-47,23.65625
awp,24.890625
ak-47,26.4375
m4a1,40.90625
awp,41.765625
ak-47,51.40625
ak-47,54.65625
ak-47,60.59375
awp,86.40625
ak-47,93.140625
ak-47,108.625
ak-47,52.546875
m4a1,53.9375
awp,82.359375
ak-47,92.109375
mp9,23.421875
mp9,24.328125
mac-10,25.0
m4a1,25.90625
m4a1,57.34375
m4a1,32.3125
m4a1,33.34375
mp9,53.296875
m4a1,57.0625
ak-47,71.5
ak-47,78.15625
ak-47,106.359375
ak-47,27.015625
ak-47,28.3125
ak-47,68.25
ak-47,76.15625
ak-47,98.078125
mac-10,15.375
ak-47,28.0
ak-47,34.6875
m4a1,70.859375
ak-47,92.515625
m4a1,92.546875
ak-47,93.15625
ak-47,101.96875
ak-47,110.984375
ak-47,44.328125
ak-47,60.421875
ak-47,61.625
ak-47,92.109375
m4a1,64.921875
ak-47,68.578125
ak-47,69.203125
awp,70.5
ak-47,72.21875
ak-47,79.6875
ak-47,89.8125
m4a1,76.828125
ak-47,86.453125
ak-47,88.4375
ak-47,89.9375
ak-47,100.390625
ak-47,106.859375
mac-10,42.796875
mac-10,46.265625
mac-10,75.453125
mac-10,77.90625
ak-47,105.140625
ak-47,65.3125
ak-47,91.9375
ak-47,93.609375
m4a1,76.34375
ak-47,101.21875
ak-47,102.703125
ak-47,103.65625
m4a1,109.578125
ak-47,109.890625
ak-47,61.640625
ak-47,66.640625
mp9,67.125
ak-47,103.28125
awp,10.640625
m4a1,16.515625
awp,43.484375
m4a1,89.03125
ak-47,95.0
ak-47,97.609375
m4a1,101.53125
m4a1,105.125
awp,109.328125
m4a1,77.390625
ak-47,98.734375
ak-47,22.40625
m4a1,27.34375
ak-47,29.140625
ak-47,38.078125
ak-47,38.765625
m4a1,10.578125
awp,11.84375
awp,13.4375
awp,18.28125
awp,84.984375
awp,86.828125
awp,88.609375
m4a1,91.65625
awp,94.0
ak-47,34.296875
ak-47,68.453125
awp,108.1875
ak-47,111.234375
ak-47,112.1875
mac-10,50.390625
m4a1,53.328125
m4a1,54.125
mp9,59.171875
m4a1,85.359375
m4a1,91.015625
mp9,13.34375
ak-47,24.359375
m4a1,30.109375
mp9,34.34375
ak-47,39.078125
awp,51.078125
ak-47,64.78125
awp,67.0
ak-47,69.75
awp,70.46875
m4a1,108.0
ak-47,108.640625
m4a1,112.359375
m4a1,19.25
ak-47,20.0
ak-47,37.734375
ak-47,38.015625
ak-47,48.53125
ak-47,57.1875
ak-47,63.84375
m4a1,72.5625
m4a1,88.390625
ak-47,90.046875
ak-47,90.28125
ak-47,90.921875
ak-47,92.453125
m4a1,92.78125
awp,94.046875
awp,103.0625
ak-47,23.140625
m4a1,30.546875
ak-47,32.265625
ak-47,33.046875
m4a1,42.9375
ak-47,58.0
ak-47,72.359375
m4a1,75.8125
ak-47,14.28125
m4a1,19.15625
ak-47,75.671875
m4a1,77.421875
ak-47,99.4375
m4a1,107.75
ak-47,110.65625
mp9,23.25
mp9,24.453125
mp9,25.671875
m4a1,26.125
mp9,31.078125
m4a1,47.53125
ak-47,50.421875
awp,87.078125
ak-47,88.5
awp,90.21875
ak-47,95.78125
ak-47,105.21875
m4a1,19.84375
ak-47,26.71875
m4a1,83.125
m4a1,83.796875
m4a1,85.0
m4a1,100.515625
awp,30.03125
awp,49.9375
ak-47,69.6875
ak-47,99.984375
ak-47,100.765625
m4a1,101.046875
ak-47,105.453125
m4a1,77.65625
awp,83.640625
m4a1,84.171875
ak-47,99.421875
m4a1,102.015625
awp,53.4375
ak-47,57.75
awp,67.390625
ak-47,77.109375
ak-47,77.5
mp9,89.125
ak-47,107.140625
mp9,45.0
ak-47,68.984375
m4a1,69.359375
ak-47,69.59375
awp,69.703125
ak-47,76.40625
ak-47,77.609375
ak-47,14.75
m4a1,67.125
ak-47,70.578125
ak-47,72.21875
m4a1,82.375
m4a1,83.078125
m4a1,84.75
awp,54.296875
m4a1,80.765625
m4a1,89.375
ak-47,91.953125
ak-47,92.140625
m4a1,95.28125
ak-47,21.4375
m4a1,31.796875
m4a1,37.953125
ak-47,49.203125
awp,54.515625
awp,87.265625
awp,87.3125
ak-47,98.609375
m4a1,98.828125
mp9,54.484375
m4a1,61.0
mac-10,31.125
ak-47,32.296875
ak-47,33.515625
ak-47,44.125
ak-47,88.921875
ak-47,76.203125
ak-47,81.640625
ak-47,96.625
ak-47,99.40625
awp,103.25
m4a1,109.109375
awp,110.671875
m4a1,110.796875
mac-10,23.4375
m4a1,25.015625
awp,25.296875
ak-47,33.6875
ak-47,33.78125
m4a1,38.734375
ak-47,44.046875
m4a1,15.5
m4a1,16.109375
m4a1,23.921875
ak-47,27.046875
awp,31.1875
ak-47,69.71875
ak-47,93.796875
awp,102.828125
ak-47,105.28125
m4a1,106.65625
ak-47,106.8125
ak-47,110.1875
ak-47,102.78125
m4a1,105.453125
m4a1,106.671875
m4a1,82.3125
mp9,28.25
ak-47,74.296875
ak-47,74.96875
ak-47,75.0
ak-47,94.4375
ak-47,96.4375
ak-47,38.296875
m4a1,67.40625
awp,70.515625
awp,81.296875
ak-47,83.734375
ak-47,85.625
ak-47,91.28125
m4a1,16.953125
m4a1,67.796875
ak-47,71.125
m4a1,72.015625
awp,72.484375
ak-47,73.359375
ak-47,44.796875
awp,51.078125
ak-47,60.953125
ak-47,86.4375
awp,92.859375
ak-47,37.5
ak-47,48.578125
m4a1,51.28125
ak-47,51.34375
ak-47,51.953125
ak-47,69.375
ak-47,20.59375
ak-47,31.375
ak-47,31.421875
m4a1,58.671875
ak-47,78.46875
m4a1,80.046875
ak-47,85.09375
ak-47,70.203125
ak-47,74.90625
ak-47,78.296875
ak-47,85.3125
ak-47,11.71875
m4a1,13.4375
awp,12.3125
ak-47,23.234375
m4a1,24.484375
awp,64.234375
ak-47,64.828125
ak-47,96.203125
ak-47,78.21875
ak-47,78.90625
ak-47,61.984375
ak-47,45.34375
m4a1,48.734375
m4a1,56.046875
m4a1,58.171875
awp,68.78125
ak-47,68.90625
ak-47,70.453125
ak-47,71.140625
ak-47,75.359375
ak-47,79.6875
ak-47,79.890625
ak-47,90.1875
ak-47,55.953125
m4a1,56.703125
m4a1,70.828125
ak-47,71.15625
mp9,82.609375
ak-47,85.5625
awp,87.203125
ak-47,89.078125
ak-47,44.265625
ak-47,44.921875
m4a1,57.515625
ak-47,58.390625
ak-47,59.828125
ak-47,64.40625
awp,26.078125
awp,29.484375
ak-47,29.5
m4a1,35.875
ak-47,10.34375
ak-47,77.8125
ak-47,81.328125
ak-47,83.59375
m4a1,86.53125
ak-47,86.59375
ak-47,93.578125
awp,110.484375
awp,60.328125
awp,63.703125
m4a1,66.6875
m4a1,24.703125
ak-47,27.46875
m4a1,30.234375
ak-47,32.78125
ak-47,39.78125
m4a1,56.5625
m4a1,62.453125
mac-10,79.390625
mp9,80.734375
ak-47,96.375
mac-10,100.5625
mac-10,102.390625
ak-47,21.84375
ak-47,53.359375
mp9,67.671875
mp9,76.0
ak-47,90.53125
mp9,93.578125
ak-47,94.265625
ak-47,19.65625
ak-47,20.90625
ak-47,26.78125
m4a1,42.484375
ak-47,55.484375
m4a1,13.328125
m4a1,31.921875
ak-47,37.9375
m4a1,13.859375
ak-47,14.140625
ak-47,15.046875
ak-47,18.484375
ak-47,18.546875
ak-47,21.640625
awp,33.9375
ak-47,38.796875
m4a1,46.796875
ak-47,66.203125
ak-47,82.828125
ak-47,99.625
ak-47,18.578125
awp,31.890625
ak-47,46.390625
ak-47,46.828125
ak-47,49.71875
awp,50.234375
ak-47,82.34375
ak-47,92.8125
ak-47,38.125
ak-47,40.5625
ak-47,66.15625
ak-47,66.953125
ak-47,68.546875
m4a1,17.984375
m4a1,21.8125
m4a1,39.1875
ak-47,46.71875
ak-47,66.71875
ak-47,107.203125
ak-47,108.03125
ak-47,43.046875
ak-47,57.765625
ak-47,58.375
ak-47,59.0625
ak-47,68.984375
awp,77.59375
awp,113.328125
ak-47,49.34375
m4a1,53.5
m4a1,55.3125
awp,56.125
awp,59.53125
ak-47,71.796875
ak-47,83.109375
ak-47,69.96875
mac-10,83.828125
ak-47,107.015625
m4a1,33.171875
m4a1,33.671875
m4a1,46.640625
mp9,89.578125
m4a1,93.921875
m4a1,13.203125
m4a1,14.5
ak-47,20.4375
ak-47,30.078125
ak-47,84.578125
m4a1,85.390625
awp,24.71875
awp,24.71875
ak-47,54.84375
ak-47,56.265625
m4a1,57.4375
ak-47,62.421875
ak-47,72.78125
ak-47,12.328125
ak-47,16.53125
ak-47,29.8125
ak-47,30.765625
ak-47,31.6875
ak-47,42.21875
awp,54.234375
ak-47,79.640625
ak-47,87.875
ak-47,91.859375
m4a1,47.65625
m4a1,48.125
m4a1,49.203125
m4a1,51.9375
ak-47,53.21875
awp,55.484375
m4a1,30.90625
m4a1,33.625
ak-47,38.546875
ak-47,39.078125
ak-47,40.515625
ak-47,53.484375
ak-47,78.375
mp9,86.875
mp9,87.5625
ak-47,87.609375
awp,88.96875
ak-47,89.75
awp,97.953125
awp,102.28125
ak-47,17.46875
m4a1,45.3125
awp,53.109375
m4a1,55.015625
m4a1,63.5625
awp,64.609375
ak-47,64.71875
ak-47,23.734375
awp,24.9375
ak-47,25.078125
ak-47,37.84375
ak-47,82.5625
ak-47,84.96875
ak-47,85.546875
mac-10,86.40625
ak-47,88.078125
ak-47,98.75
ak-47,26.21875
m4a1,69.609375
m4a1,74.53125
awp,74.59375
ak-47,75.171875
ak-47,80.921875
m4a1,88.4375
ak-47,96.90625
mp9,13.921875
m4a1,20.515625
mp9,21.46875
mp9,22.078125
m4a1,22.515625
ak-47,70.921875
ak-47,71.515625
ak-47,75.46875
m4a1,77.3125
ak-47,87.109375
m4a1,87.6875
ak-47,44.140625
ak-47,85.234375
m4a1,87.4375
m4a1,88.5
m4a1,88.875
m4a1,90.25
m4a1,90.640625
m4a1,91.140625
ak-47,98.21875
m4a1,99.5
ak-47,99.765625
m4a1,100.296875
awp,104.671875
m4a1,51.234375
ak-47,55.59375
awp,56.640625
ak-47,57.640625
m4a1,86.703125
ak-47,88.09375
ak-47,88.5
ak-47,88.796875
ak-47,91.15625
m4a1,111.84375
ak-47,114.75
m4a1,34.8125
m4a1,82.71875
ak-47,82.734375
ak-47,83.6875
ak-47,96.6875
m4a1,100.953125
m4a1,103.0625
ak-47,106.9375
ak-47,113.6875
mac-10,26.84375
mp9,28.671875
m4a1,75.625
ak-47,75.984375
m4a1,96.03125
m4a1,97.515625
ak-47,104.90625
mp9,65.984375
mp9,66.4375
m4a1,66.84375
mp9,67.40625
m4a1,68.421875
mp9,14.28125
m4a1,75.84375
mp9,79.140625
m4a1,96.765625
ak-47,45.640625
ak-47,25.625
ak-47,64.515625
ak-47,66.890625
ak-47,26.59375
m4a1,55.5625
m4a1,59.4375
awp,60.171875
ak-47,61.9375
ak-47,20.46875
awp,21.484375
awp,13.125
m4a1,16.59375
m4a1,35.21875
awp,37.421875
awp,39.71875
ak-47,56.296875
ak-47,14.4375
ak-47,16.71875
ak-47,41.859375
ak-47,44.546875
ak-47,57.046875
ak-47,57.109375
ak-47,68.5
m4a1,9.328125
ak-47,62.828125
ak-47,65.546875
ak-47,66.578125
m4a1,68.140625
m4a1,76.640625
awp,82.28125
m4a1,82.90625
ak-47,25.890625
m4a1,39.140625
awp,40.90625
ak-47,46.109375
awp,47.25
ak-47,51.140625
ak-47,52.96875
mp9,57.984375
awp,10.578125
ak-47,63.21875
m4a1,66.46875
m4a1,66.78125
m4a1,66.984375
awp,70.765625
mp9,51.390625
m4a1,69.34375
m4a1,21.1875
awp,25.515625
m4a1,74.484375
awp,13.578125
ak-47,96.875
awp,97.046875
ak-47,105.21875
ak-47,110.296875
ak-47,111.75
m4a1,29.875
m4a1,73.328125
awp,74.171875
awp,89.078125
m4a1,90.984375
m4a1,18.109375
awp,23.15625
awp,50.171875
m4a1,63.78125
awp,61.078125
ak-47,78.625
m4a1,83.0625
ak-47,83.65625
m4a1,84.625
ak-47,84.828125
ak-47,95.09375
m4a1,95.40625
ak-47,16.109375
ak-47,34.46875
m4a1,62.6875
m4a1,63.546875
ak-47,73.671875
ak-47,76.53125
mac-10,78.171875
ak-47,82.609375
ak-47,40.84375
m4a1,80.78125
m4a1,81.71875
m4a1,83.296875
mp9,85.34375
mp9,34.1875
mp9,36.03125
mp9,38.90625
m4a1,44.046875
m4a1,55.734375
m4a1,25.8125
awp,47.84375
awp,52.078125
awp,82.25
awp,31.375
awp,31.375
ak-47,36.421875
ak-47,39.8125
m4a1,49.53125
ak-47,50.65625
ak-47,60.46875
awp,22.515625
m4a1,43.1875
m4a1,47.125
ak-47,29.375
ak-47,50.59375
awp,13.40625
m4a1,25.328125
ak-47,78.328125
ak-47,80.515625
m4a1,108.578125
ak-47,109.71875
m4a1,59.078125
ak-47,62.765625
mp9,73.484375
ak-47,80.75
m4a1,82.015625
awp,91.046875
ak-47,95.46875
m4a1,46.5
awp,70.921875
ak-47,73.734375
awp,74.125
ak-47,85.265625
ak-47,86.390625
m4a1,93.65625
ak-47,27.84375
awp,28.015625
ak-47,32.71875
ak-47,69.0
ak-47,70.984375
ak-47,25.171875
ak-47,59.890625
ak-47,62.234375
ak-47,74.0
ak-47,76.96875
m4a1,39.546875
ak-47,44.046875
ak-47,46.875
ak-47,59.765625
m4a1,81.875
ak-47,90.828125
awp,92.796875
ak-47,95.921875
ak-47,39.171875
m4a1,40.6875
ak-47,41.53125
m4a1,42.546875
m4a1,71.40625
m4a1,85.90625
m4a1,88.890625
ak-47,89.546875
m4a1,92.421875
m4a1,94.390625
ak-47,101.25
ak-47,14.21875
m4a1,33.625
m4a1,45.125
m4a1,50.984375
ak-47,90.078125
ak-47,62.484375
ak-47,77.28125
ak-47,78.90625
m4a1,48.03125
m4a1,48.125
m4a1,49.171875
m4a1,53.28125
m4a1,65.09375
m4a1,18.46875
m4a1,20.984375
m4a1,24.40625
ak-47,27.4375
ak-47,43.0625
m4a1,49.25
ak-47,36.4375
ak-47,36.59375
ak-47,65.984375
ak-47,75.5
ak-47,80.125
ak-47,86.859375
m4a1,87.21875
ak-47,89.234375
m4a1,95.671875
ak-47,95.90625
m4a1,96.4375
m4a1,101.265625
ak-47,111.5
ak-47,45.296875
ak-47,47.140625
awp,53.625
m4a1,20.0
m4a1,64.5625
awp,68.1875
m4a1,73.359375
ak-47,74.65625
ak-47,33.578125
ak-47,38.6875
ak-47,44.15625
ak-47,46.6875
ak-47,80.71875
awp,80.875
m4a1,83.09375
awp,86.671875
ak-47,87.265625
awp,88.40625
awp,89.15625
ak-47,98.15625
ak-47,15.46875
ak-47,34.6875
m4a1,35.828125
awp,37.203125
m4a1,37.78125
m4a1,43.015625
mac-10,22.09375
ak-47,23.09375
ak-47,24.40625
mac-10,25.1875
ak-47,49.796875
mac-10,67.484375
ak-47,28.953125
ak-47,30.296875
m4a1,36.0
ak-47,48.21875
ak-47,49.515625
ak-47,65.296875
awp,67.71875
m4a1,99.84375
ak-47,104.515625
ak-47,107.046875
awp,109.03125
m4a1,17.71875
m4a1,19.796875
ak-47,32.6875
m4a1,62.375
ak-47,33.875
awp,75.953125
awp,75.953125
ak-47,98.28125
ak-47,105.078125
awp,24.625
awp,72.140625
ak-47,86.125
m4a1,101.921875
m4a1,103.25
ak-47,15.046875
ak-47,16.796875
ak-47,21.578125
ak-47,26.96875
m4a1,28.328125
awp,28.84375
awp,32.359375
ak-47,60.5
ak-47,63.125
ak-47,63.265625
awp,64.375
ak-47,71.546875
ak-47,74.65625
awp,38.796875
awp,69.53125
awp,30.84375
m4a1,32.828125
ak-47,62.859375
ak-47,63.46875
ak-47,68.671875
ak-47,81.921875
m4a1,18.734375
m4a1,83.140625
m4a1,87.46875
ak-47,89.15625
mp9,90.40625
m4a1,85.171875
m4a1,86.0
m4a1,87.3125
ak-47,26.625
m4a1,56.734375
ak-47,58.984375
m4a1,59.375
awp,67.359375
awp,80.515625
awp,85.015625
ak-47,88.0
m4a1,112.53125
m4a1,19.484375
ak-47,21.171875
m4a1,68.625
ak-47,70.40625
m4a1,92.609375
ak-47,21.703125
ak-47,59.15625
awp,85.3125
ak-47,76.328125
awp,76.5
m4a1,77.640625
ak-47,79.015625
m4a1,80.328125
m4a1,82.859375
awp,88.71875
awp,90.09375
ak-47,92.375
m4a1,93.515625
m4a1,94.65625
awp,95.0
awp,98.703125
awp,60.71875
awp,79.9375
m4a1,102.453125
m4a1,102.515625
ak-47,103.71875
m4a1,104.96875
ak-47,95.546875
ak-47,96.09375
ak-47,96.546875
ak-47,110.984375
awp,19.296875
ak-47,31.125
m4a1,45.046875
m4a1,58.78125
ak-47,59.171875
ak-47,59.796875
m4a1,60.0625
ak-47,80.53125
m4a1,92.609375
mp9,13.96875
mp9,21.34375
m4a1,30.546875
ak-47,31.484375
ak-47,41.0
m4a1,41.734375
m4a1,45.0625
ak-47,46.125
ak-47,47.609375
ak-47,56.578125
ak-47,61.671875
ak-47,63.765625
mp9,97.09375
ak-47,98.265625
ak-47,99.53125
ak-47,100.265625
m4a1,17.6875
m4a1,31.453125
ak-47,77.984375
m4a1,89.53125
ak-47,96.890625
ak-47,100.59375
ak-47,42.171875
awp,43.21875
ak-47,45.265625
m4a1,52.1875
ak-47,92.125
awp,44.625
m4a1,62.921875
m4a1,83.3125
m4a1,42.140625
ak-47,46.984375
ak-47,51.40625
ak-47,57.09375
ak-47,59.03125
ak-47,60.125
ak-47,84.828125
ak-47,89.296875
m4a1,68.078125
m4a1,72.171875
m4a1,86.53125
mp9,96.078125
ak-47,33.640625
ak-47,34.5625
mp9,35.75
ak-47,36.828125
m4a1,49.828125
m4a1,10.703125
m4a1,11.390625
m4a1,12.28125
ak-47,14.296875
ak-47,43.078125
m4a1,98.4375
m4a1,99.8125
awp,101.75
ak-47,19.640625
m4a1,20.15625
awp,40.390625
awp,60.53125
ak-47,60.8125
awp,62.6875
awp,67.28125
ak-47,68.578125
awp,12.875
ak-47,46.828125
m4a1,49.015625
ak-47,63.015625
ak-47,64.15625
ak-47,78.453125
awp,92.25
awp,97.046875
ak-47,37.6875
ak-47,41.328125
ak-47,42.375
ak-47,9.5625
m4a1,20.359375
ak-47,20.65625
ak-47,21.328125
ak-47,46.828125
ak-47,48.25
ak-47,53.28125
awp,9.453125
ak-47,9.8125
m4a1,34.796875
m4a1,37.96875
ak-47,38.25
ak-47,39.421875
m4a1,41.390625
m4a1,43.453125
ak-47,12.03125
mp9,20.953125
ak-47,23.0625
awp,26.53125
m4a1,28.34375
awp,33.265625
awp,69.828125
m4a1,100.421875
m4a1,100.8125
ak-47,11.65625
awp,16.765625
ak-47,16.78125
m4a1,21.859375
m4a1,24.671875
ak-47,26.046875
mp9,27.15625
ak-47,37.28125
ak-47,44.984375
mp9,61.796875
mp9,63.21875
mp9,63.359375
ak-47,17.6875
ak-47,30.78125
mp9,16.484375
ak-47,73.9375
m4a1,86.515625
ak-47,86.515625
m4a1,89.515625
ak-47,91.515625
m4a1,91.921875
mac-10,21.8125
mp9,24.5625
mac-10,31.203125
m4a1,34.6875
m4a1,49.09375
m4a1,49.09375
m4a1,82.28125
m4a1,88.015625
awp,18.28125
m4a1,42.859375
awp,43.8125
m4a1,44.234375
ak-47,51.046875
m4a1,91.75
m4a1,92.25
awp,104.984375
m4a1,43.140625
awp,44.0
m4a1,44.0625
m4a1,51.71875
m4a1,66.109375
m4a1,20.671875
m4a1,21.65625
ak-47,32.953125
m4a1,33.734375
ak-47,53.8125
ak-47,66.671875
ak-47,72.734375
awp,66.15625
awp,74.28125
m4a1,81.375
awp,87.34375
m4a1,95.03125
ak-47,17.0
ak-47,18.359375
ak-47,18.828125
ak-47,52.140625
ak-47,55.21875
ak-47,64.953125
awp,12.828125
ak-47,17.171875
ak-47,46.796875
ak-47,47.90625
m4a1,62.71875
awp,77.859375
ak-47,86.46875
ak-47,29.15625
awp,29.234375
m4a1,33.015625
ak-47,33.734375
m4a1,34.734375
awp,16.90625
awp,37.71875
ak-47,58.40625
ak-47,60.8125
ak-47,90.125
m4a1,97.109375
m4a1,97.875
awp,98.421875
ak-47,56.15625
mp9,72.734375
mac-10,81.078125
mac-10,88.375
mp9,107.4375
mac-10,107.5
mac-10,109.0625
ak-47,14.921875
ak-47,16.125
ak-47,22.921875
ak-47,37.21875
ak-47,23.890625
m4a1,42.078125
ak-47,48.125
m4a1,51.421875
awp,55.8125
ak-47,67.75
m4a1,68.25
m4a1,69.203125
awp,70.734375
ak-47,79.25
m4a1,55.1875
ak-47,55.703125
awp,57.921875
ak-47,61.1875
ak-47,61.984375
ak-47,62.75
m4a1,64.1875
ak-47,19.65625
ak-47,26.359375
ak-47,71.15625
m4a1,72.328125
m4a1,77.984375
awp,25.0
ak-47,27.296875
ak-47,29.53125
awp,58.25
m4a1,67.84375
m4a1,73.609375
awp,25.25
ak-47,40.75
ak-47,60.9375
ak-47,61.890625
ak-47,67.921875
awp,74.21875
ak-47,74.375
ak-47,90.171875
ak-47,93.765625
ak-47,64.609375
ak-47,71.765625
awp,81.625
m4a1,89.75
ak-47,92.265625
ak-47,94.703125
ak-47,41.640625
awp,63.03125
ak-47,72.46875
ak-47,73.34375
awp,78.375
awp,80.171875
ak-47,83.25
ak-47,85.734375
m4a1,54.328125
m4a1,92.921875
ak-47,14.359375
ak-47,25.5625
m4a1,66.609375
ak-47,67.234375
ak-47,72.78125
ak-47,80.375
m4a1,93.046875
m4a1,54.84375
ak-47,56.734375
awp,63.59375
ak-47,63.734375
awp,65.09375
awp,81.65625
awp,89.421875
ak-47,93.5625
awp,34.046875
awp,41.296875
ak-47,62.53125
ak-47,80.171875
awp,85.09375
ak-47,38.140625
ak-47,50.296875
awp,51.234375
ak-47,55.296875
ak-47,90.1875
ak-47,40.796875
m4a1,43.6875
ak-47,48.5
m4a1,51.09375
ak-47,58.0625
ak-47,88.90625
m4a1,88.984375
ak-47,95.046875
ak-47,31.109375
ak-47,59.265625
ak-47,64.390625
ak-47,74.9375
ak-47,84.78125
m4a1,24.40625
m4a1,36.984375
awp,74.859375
awp,88.5625
ak-47,109.84375
m4a1,112.53125
m4a1,114.484375
ak-47,25.0
ak-47,64.796875
ak-47,79.609375
m4a1,66.765625
m4a1,73.40625
ak-47,78.5
m4a1,93.125
m4a1,94.109375
ak-47,99.546875
ak-47,22.53125
ak-47,23.828125
m4a1,31.515625
m4a1,33.140625
m4a1,36.890625
awp,108.15625
ak-47,109.65625
ak-47,30.890625
ak-47,58.15625
ak-47,58.578125
m4a1,87.046875
m4a1,87.609375
m4a1,88.296875
awp,92.09375
awp,94.984375
awp,9.75
ak-47,21.078125
awp,25.90625
ak-47,45.625
m4a1,11.8125
ak-47,13.4375
ak-47,14.4375
ak-47,15.640625
ak-47,19.4375
ak-47,13.46875
awp,13.75
ak-47,14.453125
m4a1,62.515625
awp,93.09375
awp,95.171875
ak-47,100.046875
ak-47,30.578125
ak-47,48.28125
ak-47,51.4375
m4a1,53.171875
m4a1,53.5625
awp,53.78125
ak-47,13.703125
ak-47,16.421875
ak-47,17.4375
ak-47,24.046875
ak-47,40.609375
ak-47,76.703125
awp,51.34375
ak-47,95.640625
ak-47,96.34375
ak-47,106.234375
ak-47,28.140625
mp9,76.90625
mp9,77.46875
mac-10,64.015625
ak-47,70.125
mac-10,82.46875
awp,15.71875
ak-47,84.078125
m4a1,84.71875
m4a1,85.53125
m4a1,33.375
m4a1,46.875
m4a1,50.875
awp,51.4375
ak-47,21.078125
awp,21.53125
m4a1,33.3125
ak-47,51.4375
ak-47,25.65625
awp,27.375
awp,79.890625
ak-47,88.703125
m4a1,97.953125
awp,100.921875
awp,112.046875
ak-47,29.1875
ak-47,37.890625
m4a1,39.34375
m4a1,44.421875
m4a1,108.125
m4a1,20.703125
m4a1,112.03125
ak-47,56.546875
ak-47,58.484375
ak-47,61.359375
m4a1,63.96875
ak-47,65.328125
ak-47,66.625
m4a1,70.3125
ak-47,74.640625
m4a1,32.890625
ak-47,59.546875
m4a1,64.75
m4a1,67.1875
awp,86.21875
m4a1,94.046875
ak-47,26.609375
awp,28.359375
ak-47,57.625
m4a1,59.390625
mac-10,66.03125
mac-10,73.109375
mac-10,74.765625
mp9,35.4375
mp9,91.03125
m4a1,95.140625
ak-47,20.421875
mp9,34.0625
m4a1,36.359375
ak-47,49.0625
m4a1,14.0625
m4a1,50.296875
ak-47,51.890625
ak-47,81.546875
m4a1,87.921875
m4a1,28.53125
ak-47,45.234375
ak-47,54.453125
ak-47,60.640625
ak-47,9.96875
m4a1,28.953125
mp9,30.703125
mp9,32.875
ak-47,33.328125
ak-47,37.546875
m4a1,48.4375
awp,62.90625
m4a1,77.640625
ak-47,39.75
ak-47,40.921875
ak-47,44.09375
mac-10,47.59375
mac-10,49.015625
m4a1,11.15625
m4a1,12.65625
m4a1,19.96875
ak-47,20.515625
m4a1,27.84375
ak-47,57.625
m4a1,70.75
ak-47,71.484375
ak-47,74.734375
awp,88.390625
ak-47,91.71875
ak-47,97.21875
ak-47,97.3125
m4a1,39.640625
m4a1,41.65625
ak-47,48.25
ak-47,80.03125
awp,93.53125
ak-47,10.78125
m4a1,31.921875
ak-47,32.125
m4a1,36.953125
ak-47,37.90625
ak-47,39.359375
awp,64.6875
ak-47,72.359375
m4a1,39.03125
ak-47,42.859375
ak-47,52.40625
m4a1,55.21875
ak-47,55.625
m4a1,67.765625
ak-47,81.796875
ak-47,85.046875
mac-10,67.453125
ak-47,87.65625
mac-10,101.203125
m4a1,15.15625
mp9,18.0
mp9,18.203125
ak-47,41.0
m4a1,96.015625
ak-47,28.578125
ak-47,29.25
ak-47,33.046875
m4a1,37.40625
ak-47,40.796875
m4a1,43.15625
mp9,29.890625
ak-47,30.84375
ak-47,36.90625
ak-47,37.6875
ak-47,38.75
awp,16.34375
ak-47,23.140625
ak-47,24.859375
ak-47,26.625
awp,27.953125
ak-47,47.90625
ak-47,61.75
m4a1,15.890625
ak-47,27.734375
awp,39.625
m4a1,45.21875
m4a1,94.890625
m4a1,95.09375
m4a1,17.25
m4a1,23.65625
m4a1,24.421875
ak-47,50.671875
ak-47,16.078125
m4a1,26.015625
ak-47,27.140625
mp9,27.84375
awp,31.40625
mp9,31.71875
awp,33.109375
awp,43.03125
m4a1,21.203125
m4a1,21.3125
m4a1,23.625
m4a1,46.75
m4a1,47.25
ak-47,41.1875
m4a1,41.296875
m4a1,42.09375
ak-47,64.671875
ak-47,78.9375
ak-47,91.390625
ak-47,34.390625
m4a1,38.859375
ak-47,52.421875
m4a1,83.46875
awp,85.953125
awp,15.5
awp,40.96875
m4a1,72.3125
ak-47,86.484375
awp,88.390625
ak-47,50.65625
ak-47,53.1875
ak-47,53.734375
ak-47,61.921875
m4a1,67.015625
ak-47,12.234375
m4a1,21.046875
ak-47,83.0
ak-47,88.0
ak-47,88.546875
m4a1,91.828125
m4a1,92.328125
ak-47,20.484375
awp,20.875
ak-47,32.34375
ak-47,33.59375
ak-47,40.3125
m4a1,81.375
m4a1,82.546875
ak-47,83.234375
ak-47,88.0
ak-47,56.890625
awp,59.109375
ak-47,72.453125
m4a1,38.0625
mp9,29.890625
mac-10,45.9375
mac-10,48.328125
mp9,73.796875
mp9,75.03125
m4a1,82.578125
mp9,89.140625
m4a1,107.921875
ak-47,57.65625
ak-47,62.84375
m4a1,64.34375
m4a1,66.03125
ak-47,84.796875
m4a1,87.296875
ak-47,93.40625
ak-47,94.421875
ak-47,20.21875
ak-47,48.796875
ak-47,53.484375
ak-47,60.03125
ak-47,65.421875
ak-47,27.6875
mp9,44.28125
ak-47,58.796875
ak-47,24.078125
ak-47,41.203125
ak-47,44.640625
ak-47,61.90625
m4a1,63.703125
m4a1,65.34375
m4a1,71.78125
awp,28.515625
m4a1,29.609375
awp,30.1875
awp,36.078125
awp,39.28125
m4a1,42.515625
m4a1,25.59375
m4a1,27.09375
m4a1,37.46875
m4a1,38.453125
m4a1,59.75
m4a1,21.578125
m4a1,22.234375
m4a1,75.4375
awp,104.046875
ak-47,114.25
ak-47,20.609375
ak-47,20.609375
ak-47,22.734375
ak-47,27.921875
ak-47,39.484375
ak-47,99.0
m4a1,99.359375
ak-47,99.59375
m4a1,104.640625
m4a1,109.171875
ak-47,112.03125
ak-47,14.03125
ak-47,19.71875
ak-47,32.640625
ak-47,86.484375
ak-47,87.984375
ak-47,110.953125
m4a1,21.75
m4a1,23.703125
m4a1,24.578125
m4a1,28.234375
awp,31.75
awp,45.375
m4a1,58.671875
m4a1,23.890625
m4a1,27.828125
m4a1,31.28125
m4a1,36.984375
m4a1,39.40625
m4a1,24.859375
ak-47,44.75
m4a1,70.703125
m4a1,82.109375
ak-47,83.390625
ak-47,84.34375
ak-47,85.421875
m4a1,88.046875
m4a1,27.703125
m4a1,45.1875
m4a1,46.96875
m4a1,55.03125
m4a1,99.65625
ak-47,95.1875
m4a1,95.765625
m4a1,96.265625
ak-47,97.40625
ak-47,98.75
ak-47,105.46875
m4a1,18.8125
ak-47,45.484375
awp,47.5625
m4a1,55.59375
awp,56.328125
m4a1,30.0625
m4a1,74.71875
m4a1,85.984375
m4a1,95.515625
m4a1,111.609375
ak-47,114.40625
ak-47,12.875
awp,19.9375
ak-47,76.40625
ak-47,84.125
ak-47,87.5625
awp,100.03125
m4a1,105.9375
ak-47,16.421875
awp,26.359375
ak-47,38.453125
ak-47,40.109375
ak-47,30.75
m4a1,51.75
ak-47,52.5
ak-47,54.828125
awp,80.96875
m4a1,82.046875
m4a1,94.53125
awp,95.96875
m4a1,60.484375
m4a1,65.171875
m4a1,88.015625
m4a1,88.265625
mp9,97.984375
m4a1,98.4375
ak-47,85.078125
m4a1,87.234375
ak-47,89.421875
m4a1,90.5625
m4a1,94.578125
ak-47,103.15625
m4a1,103.78125
m4a1,84.0
m4a1,106.59375
ak-47,77.171875
ak-47,79.15625
m4a1,81.75
ak-47,81.8125
ak-47,100.78125
ak-47,12.765625
ak-47,13.765625
ak-47,18.140625
ak-47,21.265625
ak-47,21.359375
ak-47,17.546875
m4a1,18.203125
ak-47,55.46875
ak-47,55.9375
ak-47,69.640625
awp,36.609375
awp,50.21875
ak-47,61.65625
ak-47,107.125
awp,7.40625
m4a1,35.234375
ak-47,39.671875
m4a1,45.28125
ak-47,49.90625
ak-47,64.40625
ak-47,72.9375
m4a1,22.9375
ak-47,24.09375
ak-47,25.484375
m4a1,28.65625
mp9,31.96875
awp,33.421875
ak-47,34.90625
m4a1,37.140625
m4a1,37.765625
ak-47,70.546875
ak-47,74.8125
awp,78.1875
ak-47,79.984375
mp9,85.921875
awp,104.609375
awp,17.171875
ak-47,20.890625
ak-47,68.703125
ak-47,78.609375
m4a1,99.421875
awp,112.4375
mac-10,58.859375
mac-10,64.765625
ak-47,70.15625
ak-47,72.109375
mac-10,74.234375
ak-47,37.828125
m4a1,39.0
m4a1,39.203125
ak-47,62.421875
m4a1,94.265625
ak-47,17.90625
m4a1,23.34375
ak-47,33.0
ak-47,33.296875
ak-47,20.078125
m4a1,24.734375
m4a1,26.546875
m4a1,31.234375
m4a1,32.234375
ak-47,32.265625
awp,35.171875
awp,17.046875
m4a1,34.9375
awp,59.203125
ak-47,69.484375
ak-47,16.578125
ak-47,17.578125
ak-47,17.6875
awp,20.921875
ak-47,21.5625
awp,22.703125
m4a1,82.875
m4a1,83.234375
m4a1,19.59375
m4a1,40.0
m4a1,44.859375
m4a1,48.703125
m4a1,52.5625
awp,58.484375
awp,90.046875
ak-47,93.75
m4a1,97.921875
ak-47,101.3125
awp,106.875
m4a1,107.203125
m4a1,108.71875
ak-47,109.46875
awp,97.109375
m4a1,108.890625
m4a1,109.46875
m4a1,111.984375
m4a1,10.984375
mp9,70.40625
mp9,72.65625
m4a1,108.25
mp9,112.5625
ak-47,31.5625
awp,49.015625
ak-47,76.59375
m4a1,76.875
awp,78.140625
m4a1,82.203125
ak-47,84.6875
m4a1,87.203125
awp,91.625
mp9,19.6875
awp,41.0625
awp,61.265625
ak-47,61.453125
mp9,72.9375
m4a1,100.578125
ak-47,57.84375
m4a1,61.703125
m4a1,62.890625
m4a1,63.796875
m4a1,76.640625
awp,39.203125
ak-47,86.25
awp,103.765625
awp,108.375
ak-47,108.546875
ak-47,109.359375
ak-47,111.28125
awp,21.4375
m4a1,23.046875
awp,26.578125
ak-47,26.921875
ak-47,41.984375
awp,38.390625
ak-47,68.296875
ak-47,91.09375
m4a1,95.765625
ak-47,98.203125
mp9,64.296875
mp9,84.53125
mp9,95.5625
awp,12.953125
mac-10,11.875
mp9,13.0
ak-47,45.140625
ak-47,48.703125
ak-47,49.609375
m4a1,52.25
m4a1,59.1875
ak-47,12.734375
ak-47,14.359375
ak-47,15.5
m4a1,17.546875
ak-47,24.015625
ak-47,42.4375
ak-47,92.75
ak-47,67.9375
awp,94.5
awp,111.53125
ak-47,68.109375
m4a1,105.15625
mp9,96.625
m4a1,105.828125
m4a1,24.859375
ak-47,25.6875
ak-47,55.296875
m4a1,60.046875
m4a1,84.65625
ak-47,89.75
ak-47,98.296875
awp,99.953125
ak-47,111.546875
m4a1,113.65625
awp,23.265625
ak-47,24.734375
ak-47,31.828125
ak-47,37.21875
ak-47,47.890625
awp,62.3125
ak-47,17.078125
ak-47,29.421875
ak-47,32.5
ak-47,35.53125
awp,39.65625
ak-47,72.0
ak-47,89.15625
m4a1,32.203125
ak-47,33.640625
awp,58.046875
ak-47,66.5625
ak-47,69.375
ak-47,71.703125
m4a1,72.140625
m4a1,79.75
ak-47,14.578125
ak-47,33.484375
awp,34.09375
ak-47,46.984375
m4a1,49.6875
ak-47,54.90625
ak-47,65.75
ak-47,11.921875
ak-47,13.921875
ak-47,14.59375
awp,22.515625
awp,98.578125
awp,21.28125
ak-47,95.90625
ak-47,96.296875
awp,9.265625
ak-47,59.796875
awp,72.453125
m4a1,80.796875
awp,96.40625
ak-47,62.625
ak-47,64.34375
m4a1,64.890625
ak-47,34.09375
m4a1,69.796875
m4a1,72.03125
ak-47,73.453125
mp9,27.6875
mp9,29.171875
ak-47,29.453125
ak-47,43.53125
m4a1,14.3125
ak-47,20.125
m4a1,32.5
ak-47,37.359375
ak-47,39.84375
m4a1,17.015625
m4a1,18.59375
ak-47,23.53125
awp,98.84375
awp,9.765625
awp,12.109375
awp,60.015625
m4a1,62.59375
ak-47,63.359375
m4a1,64.53125
ak-47,104.703125
ak-47,22.390625
mac-10,30.453125
ak-47,32.171875
ak-47,38.84375
ak-47,34.84375
ak-47,38.515625
mac-10,67.828125
ak-47,68.765625
m4a1,103.234375
ak-47,103.5
ak-47,9.046875
ak-47,9.25
ak-47,9.75
ak-47,14.578125
ak-47,16.46875
awp,23.8125
ak-47,45.140625
m4a1,46.953125
m4a1,66.71875
m4a1,84.8125
m4a1,21.453125
ak-47,30.453125
awp,30.984375
ak-47,41.09375
ak-47,64.125
ak-47,67.515625
awp,75.609375
ak-47,81.65625
awp,29.390625
ak-47,64.328125
ak-47,67.265625
ak-47,88.015625
m4a1,93.046875
ak-47,12.390625
m4a1,45.578125
m4a1,71.3125
m4a1,75.203125
m4a1,81.28125
ak-47,87.265625
ak-47,92.8125
ak-47,107.625
ak-47,24.515625
ak-47,33.578125
m4a1,46.375
ak-47,69.59375
ak-47,77.171875
ak-47,26.546875
ak-47,29.796875
ak-47,34.453125
m4a1,37.375
ak-47,85.734375
ak-47,92.390625
ak-47,27.984375
ak-47,28.5
m4a1,40.484375
ak-47,58.828125
m4a1,60.796875
ak-47,77.515625
ak-47,92.578125
ak-47,93.703125
ak-47,93.8125
ak-47,15.03125
ak-47,16.265625
ak-47,19.0
ak-47,21.84375
awp,24.359375
awp,26.390625
mp9,11.96875
m4a1,14.46875
m4a1,17.421875
m4a1,10.453125
m4a1,11.09375
m4a1,11.6875
mac-10,12.859375
m4a1,18.921875
m4a1,22.546875
m4a1,37.75
m4a1,68.9375
m4a1,13.265625
m4a1,13.5
m4a1,14.5625
m4a1,18.4375
ak-47,19.890625
m4a1,26.109375
ak-47,13.03125
ak-47,13.078125
m4a1,13.078125
m4a1,13.984375
ak-47,15.15625
ak-47,15.203125
awp,7.09375
awp,22.03125
m4a1,53.65625
m4a1,54.421875
m4a1,56.015625
ak-47,88.84375
ak-47,23.265625
awp,61.609375
awp,64.875
ak-47,65.078125
awp,67.515625
awp,70.53125
m4a1,63.71875
ak-47,65.421875
ak-47,68.171875
ak-47,68.390625
awp,73.09375
ak-47,77.046875
awp,78.078125
ak-47,15.46875
ak-47,22.46875
awp,23.3125
awp,36.078125
awp,15.578125
ak-47,43.9375
ak-47,65.84375
ak-47,70.28125
ak-47,70.5625
ak-47,74.203125
awp,86.28125
awp,97.09375
m4a1,19.84375
m4a1,20.828125
m4a1,24.09375
awp,30.25
ak-47,10.25
ak-47,11.859375
ak-47,11.953125
ak-47,12.609375
mac-10,14.328125
ak-47,15.234375
m4a1,93.796875
ak-47,67.5
ak-47,76.3125
ak-47,83.171875
m4a1,86.375
m4a1,93.75
m4a1,96.609375
m4a1,85.46875
ak-47,90.296875
m4a1,91.234375
m4a1,94.578125
ak-47,101.40625
ak-47,8.125
awp,38.0
ak-47,40.453125
m4a1,40.671875
awp,44.234375
m4a1,60.046875
ak-47,63.46875
ak-47,35.5625
ak-47,37.609375
awp,79.125
awp,81.0
ak-47,72.453125
ak-47,79.25
m4a1,79.375
ak-47,79.953125
ak-47,36.796875
ak-47,41.046875
ak-47,41.734375
m4a1,42.828125
m4a1,43.921875
ak-47,44.90625
m4a1,45.703125
awp,50.953125
ak-47,59.65625
ak-47,75.328125
m4a1,77.0625
ak-47,79.390625
awp,79.796875
m4a1,85.390625
ak-47,89.671875
m4a1,78.03125
ak-47,79.03125
awp,92.1875
ak-47,94.015625
m4a1,97.765625
m4a1,103.578125
ak-47,105.828125
ak-47,23.5625
m4a1,84.53125
m4a1,84.828125
m4a1,88.28125
m4a1,104.171875
mp9,23.5
mp9,33.578125
m4a1,33.15625
m4a1,35.34375
m4a1,58.53125
m4a1,41.8125
m4a1,43.046875
mac-10,66.671875
m4a1,99.875
ak-47,101.078125
m4a1,102.234375
m4a1,102.625
m4a1,56.34375
ak-47,56.421875
ak-47,57.28125
m4a1,57.34375
ak-47,58.6875
ak-47,98.1875
ak-47,98.625
ak-47,100.953125
mac-10,29.703125
ak-47,31.453125
ak-47,33.125
ak-47,34.390625
mp9,50.890625
ak-47,64.6875
ak-47,48.78125
ak-47,48.953125
ak-47,50.625
ak-47,59.453125
m4a1,59.40625
ak-47,64.578125
ak-47,66.359375
ak-47,72.28125
m4a1,74.34375
m4a1,90.484375
ak-47,90.578125
ak-47,93.328125
ak-47,56.234375
ak-47,75.984375
ak-47,111.6875
ak-47,97.875
ak-47,111.4375
ak-47,37.9375
m4a1,38.171875
ak-47,39.375
m4a1,43.734375
m4a1,44.84375
ak-47,47.71875
ak-47,58.28125
ak-47,60.171875
ak-47,39.953125
ak-47,63.1875
ak-47,83.921875
ak-47,88.484375
ak-47,94.578125
ak-47,109.78125
awp,37.828125
ak-47,69.484375
ak-47,82.890625
ak-47,101.171875
ak-47,103.046875
m4a1,104.140625
ak-47,22.515625
m4a1,22.875
ak-47,25.046875
m4a1,84.828125
ak-47,29.0
m4a1,46.9375
ak-47,50.09375
ak-47,56.953125
ak-47,45.8125
ak-47,49.0625
ak-47,51.53125
ak-47,60.828125
ak-47,61.84375
awp,64.40625
awp,80.234375
ak-47,88.53125
ak-47,20.640625
ak-47,48.4375
ak-47,49.734375
ak-47,53.546875
ak-47,60.15625
mp9,68.734375
ak-47,68.953125
ak-47,35.859375
awp,36.28125
m4a1,36.3125
m4a1,37.65625
m4a1,65.609375
m4a1,69.8125
m4a1,29.21875
ak-47,29.796875
ak-47,42.109375
ak-47,43.265625
ak-47,52.765625
ak-47,66.125
ak-47,32.515625
m4a1,44.625
m4a1,45.328125
ak-47,47.09375
m4a1,87.078125
m4a1,91.765625
m4a1,34.125
m4a1,27.59375
ak-47,29.53125
m4a1,29.5625
ak-47,18.046875
m4a1,19.203125
ak-47,19.578125
m4a1,24.4375
ak-47,25.53125
m4a1,94.96875
ak-47,96.421875
m4a1,97.21875
ak-47,97.90625
ak-47,98.875
ak-47,102.125
ak-47,114.0
ak-47,24.265625
ak-47,32.4375
ak-47,35.359375
ak-47,50.953125
ak-47,52.953125
awp,40.53125
ak-47,43.1875
ak-47,83.96875
m4a1,91.765625
awp,93.671875
m4a1,100.96875
m4a1,114.46875
ak-47,69.109375
m4a1,83.84375
m4a1,93.15625
m4a1,96.25
m4a1,100.59375
awp,106.671875
mac-10,52.203125
awp,52.5625
m4a1,73.359375
m4a1,79.90625
awp,86.84375
m4a1,87.890625
awp,60.65625
m4a1,67.46875
m4a1,68.46875
m4a1,76.6875
m4a1,11.078125
m4a1,75.953125
m4a1,96.6875
awp,65.5
m4a1,87.609375
ak-47,88.859375
ak-47,90.0
awp,90.03125
ak-47,90.34375
awp,92.65625
m4a1,22.53125
ak-47,30.640625
ak-47,44.8125
ak-47,49.375
m4a1,49.375
m4a1,52.265625
awp,70.171875
m4a1,71.875
ak-47,23.8125
ak-47,27.09375
ak-47,30.1875
ak-47,31.03125
ak-47,31.734375
ak-47,33.625
awp,11.765625
ak-47,14.828125
ak-47,15.4375
ak-47,24.15625
ak-47,26.578125
awp,63.25
awp,65.4375
ak-47,72.421875
ak-47,72.53125
ak-47,78.34375
ak-47,56.609375
ak-47,60.3125
ak-47,79.4375
awp,81.40625
m4a1,19.484375
ak-47,50.125
ak-47,51.015625
m4a1,53.765625
m4a1,67.515625
awp,77.953125
ak-47,99.234375
ak-47,16.09375
ak-47,50.46875
ak-47,28.0625
mac-10,29.546875
ak-47,84.59375
m4a1,62.796875
ak-47,65.859375
ak-47,68.421875
ak-47,76.90625
ak-47,91.203125
ak-47,98.03125
m4a1,105.25
ak-47,73.375
m4a1,102.578125
ak-47,104.203125
ak-47,13.46875
m4a1,54.4375
m4a1,68.859375
awp,71.171875
awp,75.75
ak-47,76.921875
ak-47,77.734375
awp,78.828125
ak-47,81.421875
ak-47,112.859375
m4a1,37.9375
m4a1,43.6875
ak-47,83.390625
ak-47,86.375
m4a1,89.296875
awp,96.40625
awp,14.03125
ak-47,26.703125
ak-47,27.421875
ak-47,29.375
ak-47,9.234375
ak-47,11.046875
ak-47,11.8125
ak-47,15.34375
ak-47,21.390625
ak-47,23.671875
m4a1,57.046875
ak-47,57.421875
ak-47,66.546875
awp,10.90625
m4a1,69.78125
ak-47,69.96875
m4a1,70.5625
m4a1,99.171875
m4a1,101.671875
ak-47,9.828125
awp,20.40625
m4a1,33.28125
m4a1,44.9375
m4a1,60.1875
m4a1,54.75
mac-10,57.0625
m4a1,73.03125
ak-47,10.28125
m4a1,35.234375
ak-47,40.984375
ak-47,19.25
ak-47,20.21875
ak-47,21.015625
ak-47,11.578125
ak-47,33.921875
ak-47,35.421875
ak-47,32.21875
ak-47,32.5625
ak-47,38.015625
ak-47,45.046875
ak-47,49.71875
ak-47,20.5625
ak-47,23.296875
m4a1,39.53125
m4a1,46.5625
ak-47,53.34375
ak-47,55.234375
ak-47,77.3125
ak-47,64.09375
m4a1,66.703125
ak-47,67.671875
awp,67.890625
ak-47,68.171875
m4a1,76.703125
ak-47,22.15625
ak-47,22.65625
ak-47,24.109375
ak-47,36.046875
ak-47,39.234375
m4a1,33.78125
m4a1,60.609375
awp,70.71875
m4a1,73.484375
awp,49.1875
ak-47,59.46875
ak-47,96.203125
ak-47,108.28125
ak-47,109.90625
ak-47,111.1875
awp,10.171875
awp,26.1875
ak-47,30.3125
m4a1,35.484375
ak-47,35.75
ak-47,38.4375
awp,42.21875
ak-47,78.3125
ak-47,19.65625
awp,61.875
awp,82.625
awp,91.40625
ak-47,100.25
ak-47,100.953125
m4a1,107.625
awp,109.03125
m4a1,71.546875
awp,74.609375
ak-47,79.546875
awp,84.34375
awp,91.453125
awp,11.859375
ak-47,42.640625
m4a1,76.40625
m4a1,80.09375
m4a1,82.5625
awp,61.0625
m4a1,61.5
awp,64.15625
awp,65.328125
awp,71.21875
awp,71.96875
m4a1,74.828125
awp,20.171875
ak-47,68.671875
awp,68.984375
ak-47,72.453125
m4a1,74.859375
m4a1,84.734375
awp,86.53125
ak-47,37.578125
ak-47,45.5625
ak-47,47.0625
ak-47,73.4375
awp,75.203125
ak-47,101.59375
ak-47,110.328125
ak-47,111.515625
m4a1,17.640625
m4a1,19.90625
m4a1,24.171875
ak-47,37.34375
ak-47,47.953125
awp,56.046875
awp,49.515625
m4a1,18.0
ak-47,56.078125
m4a1,56.71875
ak-47,22.28125
ak-47,23.5625
m4a1,12.71875
ak-47,18.5
ak-47,75.140625
ak-47,75.4375
ak-47,39.40625
ak-47,76.21875
ak-47,24.328125
ak-47,24.53125
ak-47,30.5
ak-47,57.953125
ak-47,64.8125
ak-47,69.015625
awp,14.6875
ak-47,29.953125
m4a1,36.4375
mac-10,12.5625
ak-47,17.953125
ak-47,44.03125
ak-47,45.203125
ak-47,46.671875
m4a1,16.71875
ak-47,18.140625
m4a1,42.859375
m4a1,43.5625
awp,28.921875
awp,40.171875
awp,53.265625
m4a1,54.703125
m4a1,64.09375
m4a1,64.25
m4a1,13.96875
m4a1,16.984375
m4a1,17.6875
awp,18.5
awp,25.421875
ak-47,24.140625
m4a1,25.484375
ak-47,26.515625
ak-47,29.671875
ak-47,37.375
m4a1,39.078125
m4a1,64.234375
ak-47,100.84375
ak-47,60.84375
m4a1,63.359375
ak-47,87.953125
ak-47,90.890625
awp,94.0625
ak-47,100.671875
m4a1,19.0625
m4a1,30.78125
mp9,35.484375
mp9,41.0625
m4a1,58.125
m4a1,71.40625
m4a1,77.515625
m4a1,85.90625
m4a1,86.953125
ak-47,78.46875
ak-47,80.71875
ak-47,83.375
ak-47,91.984375
mp9,101.84375
ak-47,14.125
ak-47,43.484375
ak-47,20.296875
ak-47,22.15625
m4a1,25.0
ak-47,26.265625
ak-47,27.515625
ak-47,30.3125
m4a1,36.5625
mac-10,43.8125
ak-47,37.96875
m4a1,40.828125
ak-47,42.578125
ak-47,50.09375
ak-47,53.484375
ak-47,75.859375
ak-47,89.8125
awp,10.375
m4a1,53.171875
m4a1,77.953125
ak-47,78.5
m4a1,79.5625
ak-47,85.609375
ak-47,49.78125
ak-47,50.203125
ak-47,51.515625
m4a1,59.765625
m4a1,60.609375
m4a1,43.984375
ak-47,45.796875
m4a1,59.3125
awp,63.6875
awp,74.140625
ak-47,85.28125
ak-47,23.09375
mac-10,25.625
ak-47,27.359375
awp,29.203125
awp,54.828125
awp,63.125
ak-47,66.84375
ak-47,12.65625
awp,30.234375
ak-47,36.0625
awp,38.359375
ak-47,92.171875
m4a1,114.234375
mp9,25.359375
m4a1,25.6875
m4a1,26.765625
m4a1,27.15625
awp,55.4375
m4a1,59.171875
awp,59.6875
ak-47,91.046875
m4a1,95.515625
m4a1,99.640625
ak-47,100.875
ak-47,113.9375
m4a1,54.8125
m4a1,55.421875
m4a1,55.8125
m4a1,58.234375
ak-47,59.640625
ak-47,90.046875
m4a1,74.875
m4a1,76.0
m4a1,76.96875
ak-47,13.328125
m4a1,14.734375
m4a1,15.015625
ak-47,30.140625
m4a1,30.8125
ak-47,33.03125
ak-47,39.796875
ak-47,55.8125
ak-47,60.109375
ak-47,60.546875
ak-47,69.75
m4a1,70.421875
awp,93.890625
awp,17.4375
ak-47,33.578125
ak-47,34.078125
ak-47,49.890625
ak-47,51.515625
ak-47,52.296875
ak-47,60.40625
m4a1,12.5
ak-47,57.4375
m4a1,58.125
ak-47,62.734375
m4a1,83.140625
ak-47,32.328125
ak-47,65.625
m4a1,69.328125
ak-47,70.671875
ak-47,73.703125
ak-47,24.875
ak-47,25.171875
ak-47,25.46875
ak-47,25.78125
ak-47,27.921875
ak-47,68.625
ak-47,69.453125
ak-47,73.0
ak-47,79.421875
ak-47,81.375
ak-47,84.421875
ak-47,85.1875
ak-47,87.75
ak-47,64.15625
m4a1,77.796875
m4a1,78.640625
m4a1,88.78125
ak-47,89.265625
awp,95.125
ak-47,98.28125
ak-47,107.953125
m4a1,23.921875
m4a1,24.625
awp,33.34375
m4a1,56.1875
awp,57.40625
m4a1,17.0625
ak-47,17.25
ak-47,18.9375
m4a1,20.828125
m4a1,25.984375
m4a1,85.890625
m4a1,56.640625
ak-47,71.53125
ak-47,80.390625
awp,94.171875
ak-47,102.765625
ak-47,112.9375
m4a1,113.8125
ak-47,23.484375
m4a1,28.890625
ak-47,34.9375
awp,9.953125
awp,85.34375
ak-47,93.34375
m4a1,94.96875
awp,110.84375
ak-47,112.796875
ak-47,76.640625
ak-47,79.328125
awp,12.3125
m4a1,24.4375
ak-47,36.1875
m4a1,74.671875
ak-47,78.09375
m4a1,79.59375
mac-10,18.234375
m4a1,16.84375
ak-47,37.015625
awp,63.3125
m4a1,72.625
m4a1,80.671875
m4a1,82.09375
ak-47,13.875
m4a1,52.8125
awp,58.34375
m4a1,58.703125
ak-47,66.75
awp,75.734375
m4a1,68.859375
m4a1,69.6875
m4a1,71.359375
ak-47,74.265625
ak-47,74.3125
awp,18.453125
m4a1,22.0625
awp,24.09375
awp,25.859375
ak-47,26.9375
ak-47,35.015625
awp,36.515625
awp,38.40625
awp,40.234375
ak-47,42.71875
awp,103.03125
ak-47,104.34375
ak-47,104.953125
ak-47,105.09375
awp,107.59375
ak-47,110.1875
m4a1,60.46875
m4a1,61.984375
ak-47,71.671875
awp,101.078125
ak-47,101.3125
ak-47,103.96875
ak-47,110.890625
ak-47,61.25
ak-47,67.515625
mac-10,68.328125
mac-10,69.828125
m4a1,31.828125
m4a1,34.015625
ak-47,35.234375
m4a1,48.1875
ak-47,49.0
ak-47,52.65625
ak-47,59.5625
ak-47,104.0625
ak-47,109.171875
mp9,24.953125
ak-47,39.0
ak-47,60.4375
ak-47,66.3125
ak-47,27.03125
ak-47,27.53125
ak-47,27.546875
ak-47,29.15625
m4a1,30.859375
m4a1,49.609375
m4a1,40.453125
ak-47,44.34375
awp,11.84375
m4a1,22.9375
ak-47,24.4375
ak-47,25.34375
ak-47,25.671875
ak-47,26.90625
m4a1,47.421875
m4a1,49.59375
ak-47,38.109375
ak-47,38.5
ak-47,39.296875
m4a1,57.140625
m4a1,66.46875
ak-47,28.46875
m4a1,57.109375
awp,57.609375
ak-47,58.9375
m4a1,60.78125
ak-47,61.15625
m4a1,93.390625
awp,29.359375
ak-47,35.640625
ak-47,36.25
awp,40.765625
m4a1,48.734375
m4a1,54.203125
m4a1,33.328125
awp,33.875
ak-47,38.390625
ak-47,86.875
ak-47,88.25
ak-47,89.765625
awp,95.515625
ak-47,97.296875
awp,104.765625
awp,106.46875
ak-47,42.828125
mp9,45.0
mp9,48.453125
mac-10,51.453125
mac-10,57.65625
mac-10,70.96875
mac-10,84.421875
m4a1,15.53125
ak-47,17.421875
m4a1,21.875
m4a1,28.515625
awp,32.734375
awp,40.5
ak-47,27.59375
awp,49.34375
awp,63.1875
awp,70.40625
ak-47,75.390625
ak-47,106.046875
m4a1,107.921875
m4a1,55.453125
m4a1,72.171875
m4a1,72.46875
m4a1,73.03125
ak-47,72.1875
awp,99.15625
awp,103.8125
ak-47,105.46875
ak-47,105.5625
m4a1,29.203125
ak-47,34.5625
m4a1,51.78125
m4a1,58.890625
ak-47,62.671875
m4a1,68.34375
ak-47,79.640625
m4a1,80.09375
ak-47,45.0
ak-47,45.765625
ak-47,51.09375
ak-47,53.0625
ak-47,68.828125
ak-47,69.890625
ak-47,95.3125
ak-47,46.140625
ak-47,64.28125
ak-47,68.21875
ak-47,79.328125
ak-47,84.078125
ak-47,55.734375
m4a1,70.96875
ak-47,16.40625
ak-47,36.6875
m4a1,58.5625
m4a1,65.765625
ak-47,68.3125
ak-47,69.828125
m4a1,54.8125
m4a1,55.84375
m4a1,57.40625
ak-47,59.359375
m4a1,19.796875
ak-47,20.1875
m4a1,21.734375
m4a1,45.453125
ak-47,59.34375
ak-47,60.390625
ak-47,60.515625
awp,101.859375
ak-47,102.03125
ak-47,103.53125
awp,99.3125
ak-47,102.59375
m4a1,103.421875
ak-47,104.421875
ak-47,106.546875
m4a1,19.921875
ak-47,22.46875
ak-47,25.140625
ak-47,70.8125
ak-47,90.453125
ak-47,19.09375
ak-47,19.671875
m4a1,23.765625
m4a1,48.3125
awp,49.765625
awp,51.578125
ak-47,17.75
ak-47,23.796875
ak-47,24.578125
ak-47,25.59375
m4a1,26.171875
ak-47,30.265625
ak-47,30.9375
ak-47,33.953125
ak-47,44.71875
ak-47,46.5
ak-47,68.234375
ak-47,87.203125
m4a1,44.953125
m4a1,56.59375
m4a1,57.59375
m4a1,11.359375
m4a1,47.546875
mac-10,13.984375
mac-10,16.15625
mp9,17.171875
mp9,20.21875
mp9,20.984375
mp9,23.625
m4a1,24.84375
awp,26.015625
m4a1,57.15625
m4a1,85.5
ak-47,13.3125
m4a1,30.59375
ak-47,31.453125
m4a1,45.328125
awp,60.921875
ak-47,77.140625
m4a1,79.734375
ak-47,16.59375
ak-47,21.140625
m4a1,22.25
ak-47,63.453125
awp,78.203125
m4a1,12.0
awp,24.234375
awp,26.84375
ak-47,82.46875
ak-47,26.0625
mp9,36.546875
m4a1,38.0
awp,41.65625
awp,44.5
m4a1,46.5
m4a1,60.125
awp,21.90625
m4a1,54.84375
ak-47,56.484375
ak-47,64.25
m4a1,64.703125
m4a1,85.8125
ak-47,87.890625
m4a1,94.515625
m4a1,30.859375
ak-47,51.484375
awp,56.328125
awp,64.09375
m4a1,65.46875
awp,67.140625
awp,7.515625
awp,12.265625
m4a1,13.671875
m4a1,17.640625
m4a1,23.515625
awp,58.5
m4a1,60.921875
ak-47,63.3125
awp,64.71875
ak-47,65.59375
awp,17.96875
awp,29.609375
ak-47,31.96875
m4a1,33.625
ak-47,34.0625
m4a1,16.65625
ak-47,17.828125
awp,19.015625
ak-47,108.234375
ak-47,110.390625
ak-47,112.96875
ak-47,31.34375
ak-47,53.59375
ak-47,21.4375
m4a1,22.453125
ak-47,24.53125
awp,28.984375
ak-47,29.921875
awp,31.96875
ak-47,34.578125
ak-47,75.40625
ak-47,62.265625
ak-47,62.375
ak-47,63.625
ak-47,68.21875
ak-47,74.046875
ak-47,36.09375
ak-47,46.390625
ak-47,89.328125
m4a1,95.875
ak-47,98.28125
m4a1,12.65625
m4a1,15.703125
ak-47,23.046875
m4a1,30.671875
awp,15.203125
ak-47,39.59375
ak-47,44.140625
awp,45.953125
awp,16.5625
ak-47,19.53125
ak-47,20.953125
ak-47,31.609375
ak-47,31.96875
ak-47,34.359375
ak-47,36.96875
ak-47,37.84375
awp,38.84375
awp,3.53125
ak-47,17.03125
m4a1,18.25
ak-47,25.078125
ak-47,31.609375
awp,45.640625
ak-47,77.046875
ak-47,16.53125
mac-10,19.921875
m4a1,22.40625
ak-47,22.921875
m4a1,32.296875
ak-47,85.625
m4a1,91.828125
ak-47,95.1875
ak-47,101.015625
ak-47,103.90625
ak-47,107.421875
m4a1,29.265625
m4a1,32.296875
ak-47,32.5625
mp9,33.765625
ak-47,33.921875
ak-47,37.828125
ak-47,45.5
ak-47,95.90625
ak-47,99.96875
ak-47,108.328125
mp9,110.96875
ak-47,83.046875
ak-47,84.6875
ak-47,87.84375
m4a1,42.6875
ak-47,35.625
ak-47,38.890625
ak-47,40.25
ak-47,42.65625
m4a1,57.734375
ak-47,58.78125
ak-47,74.46875
ak-47,76.390625
ak-47,78.578125
ak-47,83.859375
ak-47,66.171875
ak-47,68.21875
ak-47,90.125
ak-47,104.328125
ak-47,105.34375
ak-47,21.578125
ak-47,24.25
ak-47,47.9375
ak-47,80.3125
m4a1,80.71875
ak-47,81.453125
ak-47,85.5
ak-47,18.046875
m4a1,59.125
ak-47,77.96875
ak-47,79.546875
ak-47,106.546875
ak-47,15.5625
ak-47,24.875
ak-47,41.3125
m4a1,43.453125
ak-47,52.046875
m4a1,78.375
m4a1,79.578125
ak-47,51.3125
ak-47,53.1875
mp9,57.078125
awp,82.53125
ak-47,96.359375
ak-47,22.078125
ak-47,26.25
m4a1,107.8125
ak-47,107.9375
awp,108.3125
awp,110.265625
ak-47,59.125
ak-47,66.65625
ak-47,94.125
ak-47,109.796875
m4a1,65.625
m4a1,66.828125
m4a1,67.015625
m4a1,74.40625
m4a1,86.046875
m4a1,46.4375
m4a1,50.90625
m4a1,64.34375
m4a1,65.0625
m4a1,67.296875
awp,38.5625
m4a1,52.015625
awp,38.34375
ak-47,91.328125
ak-47,92.921875
ak-47,95.140625
ak-47,98.375
ak-47,99.609375
ak-47,99.734375
ak-47,44.578125
ak-47,68.6875
ak-47,71.84375
ak-47,16.78125
ak-47,36.125
ak-47,47.109375
awp,57.96875
ak-47,9.671875
ak-47,11.703125
awp,21.859375
awp,50.96875
ak-47,62.9375
m4a1,45.078125
ak-47,45.734375
ak-47,48.15625
ak-47,50.0
awp,79.15625
ak-47,81.03125
ak-47,98.75
ak-47,13.015625
ak-47,73.9375
m4a1,100.78125
m4a1,101.1875
m4a1,105.5
ak-47,106.015625
m4a1,110.171875
mac-10,24.5625
mac-10,27.234375
ak-47,27.5
ak-47,29.546875
ak-47,12.796875
ak-47,58.328125
ak-47,59.21875
ak-47,18.265625
m4a1,33.28125
m4a1,35.46875
m4a1,35.671875
ak-47,67.140625
m4a1,79.765625
ak-47,85.578125
ak-47,15.421875
ak-47,23.375
mp9,26.953125
ak-47,28.296875
ak-47,28.796875
ak-47,68.046875
awp,10.671875
ak-47,14.296875
ak-47,30.53125
ak-47,36.234375
ak-47,11.0
ak-47,11.203125
ak-47,49.1875
ak-47,64.25
ak-47,67.359375
ak-47,96.671875
ak-47,99.734375
awp,102.34375
awp,103.09375
ak-47,104.21875
m4a1,17.453125
ak-47,21.875
ak-47,24.5
m4a1,43.609375
m4a1,48.484375
ak-47,21.859375
awp,35.5
ak-47,49.96875
awp,52.84375
ak-47,56.390625
awp,57.0625
m4a1,17.34375
ak-47,53.890625
ak-47,95.234375
m4a1,101.5
ak-47,101.703125
ak-47,103.390625
mac-10,26.171875
mac-10,44.0
ak-47,39.828125
awp,70.015625
m4a1,9.640625
ak-47,74.6875
ak-47,75.125
awp,76.78125
awp,77.203125
ak-47,101.0
ak-47,101.703125
ak-47,114.078125
m4a1,15.625
m4a1,16.140625
mp9,62.265625
awp,62.71875
awp,68.90625
ak-47,84.703125
ak-47,13.203125
ak-47,58.71875
ak-47,65.71875
awp,78.109375
ak-47,85.15625
awp,85.59375
awp,58.171875
ak-47,64.25
m4a1,107.140625
m4a1,108.390625
ak-47,108.59375
ak-47,110.46875
m4a1,94.234375
ak-47,95.375
ak-47,97.90625
ak-47,98.65625
awp,99.9375
awp,102.59375
ak-47,27.90625
ak-47,28.671875
ak-47,29.671875
ak-47,32.140625
ak-47,13.5625
ak-47,14.75
ak-47,15.953125
ak-47,20.453125
ak-47,23.921875
awp,25.15625
ak-47,73.328125
ak-47,19.90625
m4a1,84.84375
awp,90.09375
m4a1,103.1875
ak-47,110.1875
ak-47,49.09375
m4a1,72.578125
m4a1,81.359375
mp9,45.921875
mp9,46.34375
m4a1,47.140625
m4a1,49.15625
m4a1,50.3125
mac-10,13.578125
m4a1,14.859375
ak-47,16.78125
m4a1,17.25
ak-47,25.9375
mac-10,33.140625
ak-47,59.765625
ak-47,43.625
ak-47,43.71875
m4a1,57.5
ak-47,59.921875
ak-47,33.484375
ak-47,34.375
ak-47,56.875
m4a1,59.203125
ak-47,65.921875
m4a1,10.703125
awp,25.78125
m4a1,27.21875
ak-47,29.890625
awp,35.234375
ak-47,55.703125
m4a1,56.875
ak-47,9.734375
ak-47,11.484375
m4a1,103.390625
awp,20.171875
mac-10,78.625
ak-47,90.234375
m4a1,97.09375
ak-47,99.734375
ak-47,99.796875
ak-47,103.296875
mac-10,13.9375
ak-47,78.453125
awp,82.5625
awp,93.9375
awp,28.296875
awp,37.890625
m4a1,61.359375
awp,74.84375
awp,97.28125
ak-47,106.359375
awp,15.234375
awp,29.4375
ak-47,35.71875
m4a1,90.015625
ak-47,93.046875
m4a1,98.109375
m4a1,103.6875
ak-47,19.046875
m4a1,30.28125
ak-47,31.03125
awp,34.0
ak-47,58.34375
ak-47,65.46875
ak-47,71.65625
ak-47,72.265625
m4a1,32.625
awp,35.640625
ak-47,36.53125
m4a1,36.921875
m4a1,37.328125
awp,41.296875
awp,63.640625
ak-47,16.375
awp,18.421875
m4a1,25.015625
ak-47,29.0625
m4a1,34.546875
m4a1,42.28125
ak-47,44.703125
ak-47,45.90625
ak-47,33.5
m4a1,41.625
ak-47,32.53125
ak-47,42.265625
ak-47,50.015625
ak-47,60.0
m4a1,62.6875
awp,70.171875
m4a1,14.765625
awp,19.71875
awp,23.203125
m4a1,30.359375
m4a1,49.765625
awp,22.125
ak-47,24.640625
ak-47,42.9375
ak-47,52.59375
ak-47,52.59375
ak-47,52.890625
awp,56.4375
ak-47,64.4375
ak-47,72.40625
m4a1,25.734375
mp9,27.609375
m4a1,38.75
ak-47,78.21875
ak-47,91.796875
mac-10,56.9375
ak-47,61.09375
ak-47,83.09375
ak-47,20.9375
ak-47,26.59375
ak-47,27.703125
ak-47,35.671875
m4a1,71.703125
ak-47,73.671875
awp,12.359375
awp,87.28125
awp,94.0625
ak-47,57.171875
ak-47,71.796875
ak-47,77.9375
ak-47,84.90625
ak-47,92.90625
ak-47,102.34375
ak-47,52.90625
ak-47,58.984375
awp,66.515625
ak-47,66.53125
m4a1,73.40625
m4a1,75.125
m4a1,75.421875
ak-47,80.0
m4a1,87.46875
mp9,32.765625
m4a1,40.078125
ak-47,40.859375
m4a1,42.078125
mp9,42.609375
ak-47,20.578125
awp,21.78125
ak-47,27.40625
ak-47,29.4375
awp,30.703125
ak-47,35.25
ak-47,59.96875
awp,68.671875
ak-47,98.3125
m4a1,14.71875
mp9,30.875
mp9,31.59375
mp9,32.21875
mac-10,44.328125
m4a1,47.90625
m4a1,52.40625
m4a1,55.0
ak-47,44.796875
ak-47,66.953125
mp9,99.078125
mp9,100.015625
ak-47,101.359375
mac-10,53.546875
mac-10,56.984375
ak-47,57.703125
ak-47,60.53125
m4a1,22.828125
ak-47,39.734375
m4a1,39.859375
m4a1,59.546875
awp,100.328125
m4a1,104.46875
m4a1,39.53125
ak-47,39.9375
ak-47,40.0
m4a1,65.03125
awp,71.015625
ak-47,71.453125
m4a1,76.53125
ak-47,79.59375
ak-47,83.359375
ak-47,58.796875
ak-47,67.90625
awp,73.484375
ak-47,78.1875
mp9,103.15625
ak-47,104.28125
mp9,83.390625
ak-47,96.703125
ak-47,105.9375
ak-47,114.40625
ak-47,48.75
ak-47,49.890625
ak-47,63.34375
m4a1,65.21875
mac-10,26.65625
mac-10,38.234375
mac-10,13.609375
mac-10,18.578125
awp,56.609375
ak-47,59.34375
ak-47,60.109375
m4a1,64.09375
m4a1,64.1875
m4a1,68.25
awp,69.0
ak-47,86.265625
awp,27.484375
m4a1,29.578125
ak-47,30.421875
ak-47,31.984375
ak-47,32.15625
awp,33.4375
ak-47,40.34375
m4a1,52.203125
mp9,18.671875
ak-47,36.0625
m4a1,69.875
m4a1,77.921875
ak-47,81.40625
ak-47,14.390625
m4a1,19.65625
ak-47,34.109375
m4a1,35.125
m4a1,37.171875
ak-47,69.4375
m4a1,72.59375
m4a1,84.765625
ak-47,16.5625
m4a1,31.59375
m4a1,36.234375
m4a1,36.46875
awp,74.359375
ak-47,77.046875
awp,81.484375
awp,84.484375
ak-47,96.453125
ak-47,106.21875
ak-47,110.953125
ak-47,113.9375
ak-47,10.375
awp,22.015625
ak-47,51.703125
awp,51.78125
ak-47,52.8125
ak-47,54.75
awp,59.21875
mac-10,25.671875
ak-47,25.890625
ak-47,26.796875
ak-47,28.453125
ak-47,48.453125
m4a1,34.9375
ak-47,36.484375
m4a1,36.828125
awp,37.53125
ak-47,38.625
awp,42.328125
m4a1,46.296875
m4a1,17.34375
m4a1,17.609375
m4a1,19.078125
m4a1,20.140625
mp9,26.5
ak-47,41.953125
ak-47,49.453125
m4a1,51.625
m4a1,53.546875
ak-47,56.28125
awp,57.375
awp,61.171875
m4a1,64.390625
awp,11.796875
ak-47,27.09375
awp,28.828125
ak-47,38.953125
awp,66.90625
ak-47,24.84375
ak-47,25.640625
ak-47,29.515625
m4a1,29.890625
awp,112.078125
awp,113.796875
m4a1,15.0
ak-47,64.625
awp,69.375
ak-47,75.875
m4a1,80.421875
ak-47,82.09375
ak-47,83.203125
ak-47,85.3125
ak-47,104.546875
mac-10,76.6875
m4a1,76.84375
awp,92.1875
m4a1,95.0
m4a1,40.53125
ak-47,42.78125
m4a1,45.421875
awp,45.734375
m4a1,48.84375
ak-47,63.1875
ak-47,78.03125
awp,78.34375
ak-47,82.625
awp,14.25
ak-47,42.59375
ak-47,54.484375
ak-47,62.25
m4a1,24.71875
awp,25.140625
m4a1,45.5625
m4a1,68.0625
awp,21.3125
awp,23.046875
ak-47,12.734375
ak-47,57.90625
awp,60.375
m4a1,18.109375
awp,65.34375
m4a1,73.8125
ak-47,74.140625
awp,78.9375
mp9,83.703125
awp,83.921875
m4a1,98.234375
ak-47,101.125
ak-47,102.140625
ak-47,105.140625
awp,110.0
ak-47,16.796875
ak-47,73.71875
ak-47,71.25
awp,75.359375
ak-47,80.421875
ak-47,81.9375
ak-47,84.59375
ak-47,84.984375
ak-47,33.5
ak-47,50.53125
ak-47,52.0
ak-47,78.125
ak-47,83.234375
ak-47,85.65625
awp,12.296875
ak-47,21.296875
m4a1,29.40625
ak-47,36.375
m4a1,40.46875
ak-47,88.59375
ak-47,108.734375
ak-47,84.5
ak-47,84.875
m4a1,96.78125
m4a1,98.6875
m4a1,101.5
m4a1,26.078125
ak-47,44.671875
ak-47,46.734375
ak-47,50.765625
awp,64.8125
awp,86.171875
m4a1,41.953125
mp9,51.578125
m4a1,59.5625
m4a1,24.59375
m4a1,31.25
m4a1,32.9375
m4a1,37.609375
m4a1,44.484375
mp9,34.890625
awp,37.078125
awp,38.953125
ak-47,42.5
m4a1,44.296875
m4a1,45.0
m4a1,30.765625
m4a1,47.03125
ak-47,49.03125
ak-47,19.09375
ak-47,22.828125
awp,36.0625
ak-47,53.4375
ak-47,53.75
ak-47,12.65625
awp,20.359375
m4a1,32.296875
m4a1,53.5
awp,55.265625
mac-10,56.328125
m4a1,65.671875
awp,72.84375
ak-47,20.28125
ak-47,63.3125
ak-47,64.71875
mac-10,67.78125
ak-47,69.265625
ak-47,28.359375
m4a1,28.796875
ak-47,29.671875
ak-47,31.171875
m4a1,63.3125
ak-47,67.3125
m4a1,85.0625
ak-47,33.34375
ak-47,34.71875
m4a1,69.375
ak-47,69.71875
ak-47,83.0625
ak-47,84.03125
awp,92.671875
ak-47,93.71875
awp,24.1875
ak-47,29.0625
ak-47,53.984375
ak-47,91.203125
ak-47,93.796875
ak-47,21.375
ak-47,91.53125
ak-47,94.03125
ak-47,94.53125
awp,97.65625
m4a1,36.734375
ak-47,38.1875
ak-47,39.515625
ak-47,41.34375
ak-47,58.546875
ak-47,60.78125
ak-47,31.90625
m4a1,38.109375
ak-47,39.609375
m4a1,43.078125
ak-47,46.234375
m4a1,52.1875
ak-47,62.109375
m4a1,69.640625
ak-47,76.96875
m4a1,18.03125
ak-47,19.875
m4a1,20.328125
ak-47,61.21875
m4a1,62.984375
ak-47,68.5625
awp,73.671875
awp,75.640625
m4a1,20.984375
awp,23.578125
m4a1,37.890625
ak-47,56.390625
ak-47,102.546875
awp,106.84375
ak-47,35.765625
ak-47,56.421875
ak-47,57.453125
ak-47,57.765625
awp,64.3125
awp,70.109375
ak-47,76.59375
awp,17.765625
ak-47,45.578125
m4a1,46.78125
ak-47,73.0625
m4a1,74.640625
ak-47,90.65625
m4a1,39.875
m4a1,42.046875
ak-47,43.046875
ak-47,47.578125
ak-47,54.25
m4a1,55.015625
ak-47,97.78125
awp,103.1875
awp,106.28125
m4a1,15.328125
ak-47,15.734375
awp,20.9375
m4a1,36.078125
ak-47,89.25
ak-47,90.8125
ak-47,96.484375
ak-47,101.140625
ak-47,23.734375
m4a1,24.671875
ak-47,26.109375
m4a1,29.796875
ak-47,30.78125
m4a1,32.484375
m4a1,32.984375
awp,40.78125
ak-47,53.0625
ak-47,75.578125
m4a1,79.453125
awp,81.5
m4a1,96.375
ak-47,113.53125
awp,13.921875
m4a1,21.796875
ak-47,28.875
m4a1,30.1875
m4a1,40.421875
m4a1,38.0
m4a1,44.609375
m4a1,14.046875
ak-47,22.84375
m4a1,36.765625
ak-47,62.953125
m4a1,31.546875
awp,32.96875
awp,35.03125
m4a1,17.8125
m4a1,45.640625
m4a1,52.40625
ak-47,52.84375
ak-47,58.921875
ak-47,41.28125
ak-47,43.234375
m4a1,103.84375
awp,106.375
ak-47,26.0625
ak-47,27.84375
awp,29.671875
m4a1,43.0625
ak-47,34.03125
ak-47,38.03125
ak-47,69.34375
ak-47,70.953125
m4a1,72.375
m4a1,73.109375
ak-47,75.34375
m4a1,10.78125
awp,33.375
awp,81.390625
m4a1,84.171875
m4a1,95.28125
ak-47,40.734375
mac-10,47.796875
ak-47,103.25
m4a1,103.6875
ak-47,105.40625
ak-47,112.90625
m4a1,9.953125
ak-47,33.09375
m4a1,23.015625
awp,24.53125
m4a1,29.890625
ak-47,30.5625
awp,33.734375
mp9,51.9375
m4a1,53.859375
m4a1,60.640625
m4a1,62.046875
mp9,63.96875
m4a1,68.40625
m4a1,13.203125
m4a1,36.375
m4a1,40.75
m4a1,60.46875
m4a1,61.875
m4a1,64.71875
ak-47,25.78125
m4a1,27.296875
ak-47,43.84375
ak-47,59.796875
ak-47,73.234375
ak-47,98.390625
m4a1,38.25
ak-47,39.796875
ak-47,41.125
awp,51.515625
m4a1,58.359375
ak-47,58.875
awp,86.96875
ak-47,92.328125
ak-47,45.828125
ak-47,47.109375
ak-47,49.375
awp,72.765625
ak-47,78.453125
m4a1,16.75
m4a1,21.71875
m4a1,35.796875
ak-47,42.09375
m4a1,85.125
m4a1,90.9375
awp,25.421875
ak-47,28.015625
awp,28.6875
awp,31.328125
m4a1,32.265625
m4a1,35.421875
m4a1,12.421875
ak-47,16.6875
ak-47,25.484375
ak-47,26.90625
ak-47,27.109375
m4a1,17.328125
ak-47,17.75
m4a1,18.984375
ak-47,20.078125
ak-47,21.3125
ak-47,21.59375
ak-47,76.25
ak-47,100.734375
ak-47,31.6875
ak-47,50.15625
ak-47,53.46875
ak-47,54.78125
mac-10,54.8125
m4a1,35.671875
ak-47,44.390625
ak-47,28.8125
ak-47,29.609375
ak-47,31.125
ak-47,34.078125
ak-47,38.90625
ak-47,21.359375
ak-47,23.578125
m4a1,53.484375
m4a1,25.484375
m4a1,41.484375
ak-47,46.078125
mp9,46.546875
ak-47,36.75
m4a1,37.953125
ak-47,39.625
ak-47,44.34375
ak-47,47.296875
ak-47,11.25
m4a1,29.921875
ak-47,31.40625
ak-47,54.796875
ak-47,61.8125
ak-47,52.703125
ak-47,55.375
ak-47,57.6875
ak-47,59.6875
ak-47,13.515625
m4a1,15.796875
ak-47,32.59375
ak-47,43.0625
ak-47,43.234375
awp,43.296875
ak-47,78.953125
ak-47,12.09375
ak-47,12.25
ak-47,14.0
m4a1,36.40625
m4a1,44.21875
ak-47,49.53125
ak-47,57.5
ak-47,13.8125
ak-47,15.703125
m4a1,16.03125
m4a1,16.15625
ak-47,19.125
ak-47,32.640625
ak-47,15.921875
ak-47,22.09375
m4a1,30.625
ak-47,34.953125
ak-47,37.8125
ak-47,44.578125
m4a1,62.359375
m4a1,67.671875
mp9,11.53125
mac-10,13.40625
m4a1,12.859375
m4a1,43.21875
ak-47,15.625
ak-47,21.359375
ak-47,26.40625
ak-47,33.640625
ak-47,81.203125
ak-47,83.4375
m4a1,20.828125
m4a1,28.390625
awp,61.171875
m4a1,75.75
m4a1,79.578125
m4a1,79.359375
ak-47,81.640625
ak-47,82.234375
mac-10,83.5625
m4a1,84.28125
m4a1,86.390625
ak-47,45.875
ak-47,48.34375
ak-47,67.609375
awp,77.75
ak-47,80.765625
awp,81.71875
ak-47,86.140625
awp,96.109375
ak-47,14.703125
awp,21.015625
awp,48.78125
ak-47,59.15625
m4a1,28.515625
awp,47.140625
awp,53.15625
ak-47,62.984375
ak-47,64.453125
mac-10,14.609375
ak-47,15.53125
awp,16.015625
ak-47,16.953125
ak-47,18.921875
ak-47,32.28125
ak-47,62.625
ak-47,62.828125
ak-47,65.671875
ak-47,69.09375
ak-47,78.765625
m4a1,85.125
ak-47,10.515625
ak-47,12.375
mac-10,14.25
mac-10,14.4375
ak-47,28.03125
ak-47,28.46875
ak-47,11.796875
ak-47,41.28125
ak-47,47.28125
ak-47,61.34375
ak-47,83.5625
mp9,14.953125
mac-10,15.0
mac-10,15.90625
mp9,16.5
mp9,24.84375
mp9,25.609375
m4a1,18.515625
m4a1,19.828125
mac-10,28.34375
mac-10,40.40625
m4a1,54.46875
m4a1,35.703125
ak-47,38.484375
m4a1,43.484375
ak-47,91.5625
ak-47,113.15625
ak-47,18.484375
awp,64.203125
m4a1,74.765625
ak-47,76.484375
ak-47,16.71875
ak-47,26.234375
ak-47,26.984375
ak-47,32.203125
ak-47,43.9375
m4a1,44.703125
ak-47,51.828125
ak-47,53.921875
ak-47,58.359375
ak-47,64.546875
ak-47,87.40625
ak-47,90.59375
m4a1,91.03125
awp,96.265625
ak-47,100.4375
ak-47,13.671875
ak-47,27.828125
m4a1,28.5625
ak-47,35.890625
ak-47,37.28125
m4a1,67.40625
awp,54.5625
ak-47,57.09375
ak-47,64.609375
ak-47,86.125
ak-47,91.625
ak-47,13.015625
ak-47,17.53125
ak-47,18.6875
ak-47,31.25
mp9,30.4375
m4a1,34.6875
m4a1,71.75
ak-47,74.59375
m4a1,75.515625
m4a1,76.015625
ak-47,76.203125
ak-47,76.609375
m4a1,80.796875
ak-47,93.421875
m4a1,99.390625
awp,34.015625
m4a1,39.328125
ak-47,79.359375
awp,14.34375
awp,92.203125
ak-47,99.109375
ak-47,102.921875
ak-47,103.5625
ak-47,35.234375
m4a1,94.625
ak-47,96.3125
awp,101.703125
ak-47,105.296875
awp,112.859375
ak-47,78.359375
m4a1,86.21875
ak-47,86.75
ak-47,86.953125
ak-47,89.671875
awp,96.125
awp,98.03125
ak-47,23.09375
ak-47,24.625
ak-47,25.4375
mp9,26.25
ak-47,64.875
ak-47,86.859375
ak-47,65.671875
ak-47,83.3125
ak-47,84.265625
m4a1,84.640625
ak-47,85.109375
awp,95.1875
ak-47,31.609375
m4a1,13.703125
m4a1,21.71875
ak-47,63.828125
m4a1,89.046875
ak-47,16.53125
ak-47,19.484375
m4a1,30.28125
m4a1,60.203125
ak-47,65.984375
m4a1,66.25
ak-47,106.59375
m4a1,109.40625
m4a1,19.828125
m4a1,20.171875
m4a1,23.03125
awp,46.453125
ak-47,52.921875
ak-47,53.796875
m4a1,71.75
awp,56.984375
ak-47,61.984375
ak-47,64.8125
ak-47,67.84375
m4a1,68.40625
ak-47,72.828125
awp,80.546875
ak-47,26.53125
m4a1,27.390625
ak-47,31.765625
awp,38.234375
awp,65.15625
m4a1,43.453125
m4a1,63.640625
ak-47,66.421875
awp,69.484375
m4a1,80.421875
awp,83.484375
awp,102.1875
m4a1,26.8125
ak-47,29.921875
ak-47,34.921875
ak-47,40.09375
m4a1,110.171875
awp,60.390625
m4a1,86.125
m4a1,89.25
ak-47,89.96875
ak-47,96.53125
awp,97.515625
awp,100.640625
awp,112.34375
ak-47,30.015625
ak-47,36.296875
ak-47,88.09375
ak-47,92.703125
ak-47,94.140625
ak-47,99.640625
ak-47,24.578125
m4a1,26.78125
m4a1,27.328125
ak-47,27.828125
m4a1,29.859375
m4a1,30.84375
m4a1,86.0625
m4a1,55.625
m4a1,56.4375
m4a1,80.3125
awp,95.0
m4a1,95.015625
m4a1,98.734375
m4a1,98.84375
m4a1,104.3125
awp,26.09375
ak-47,49.734375
m4a1,56.203125
m4a1,57.515625
m4a1,68.015625
ak-47,73.890625
ak-47,104.859375
awp,11.046875
m4a1,23.078125
ak-47,25.859375
m4a1,35.0625
m4a1,103.296875
ak-47,28.203125
awp,30.9375
ak-47,48.875
ak-47,49.203125
m4a1,49.28125
ak-47,55.390625
awp,63.0
ak-47,73.609375
awp,82.296875
m4a1,45.6875
ak-47,46.515625
ak-47,51.875
ak-47,56.78125
awp,84.4375
awp,92.875
ak-47,16.671875
m4a1,27.09375
m4a1,28.984375
ak-47,29.75
ak-47,29.875
ak-47,41.03125
awp,72.359375
awp,72.359375
ak-47,36.03125
ak-47,38.203125
ak-47,39.703125
ak-47,42.421875
ak-47,44.21875
m4a1,44.265625
m4a1,77.453125
m4a1,79.4375
awp,81.265625
m4a1,82.671875
awp,83.6875
m4a1,87.703125
m4a1,8.921875
awp,11.3125
awp,16.328125
awp,18.96875
ak-47,27.8125
ak-47,29.78125
awp,17.078125
awp,22.015625
awp,43.609375
ak-47,55.421875
ak-47,58.65625
ak-47,88.875
awp,89.609375
m4a1,39.875
m4a1,40.265625
m4a1,54.109375
m4a1,54.90625
m4a1,72.0
ak-47,10.78125
m4a1,11.421875
ak-47,72.5625
ak-47,73.09375
ak-47,73.8125
ak-47,77.640625
m4a1,39.78125
ak-47,78.0
m4a1,89.109375
ak-47,89.296875
ak-47,91.65625
m4a1,92.546875
ak-47,94.515625
m4a1,101.59375
m4a1,110.796875
ak-47,39.46875
ak-47,43.21875
ak-47,44.921875
ak-47,47.046875
mp9,86.0625
m4a1,14.046875
m4a1,49.453125
ak-47,49.578125
ak-47,50.546875
m4a1,55.359375
ak-47,86.734375
awp,96.296875
awp,96.296875
ak-47,102.265625
m4a1,103.84375
m4a1,104.921875
m4a1,105.421875
m4a1,60.4375
ak-47,61.109375
m4a1,61.9375
awp,64.171875
m4a1,75.65625
awp,8.34375
ak-47,98.828125
m4a1,88.78125
m4a1,91.609375
awp,93.453125
ak-47,101.828125
ak-47,103.484375
ak-47,106.15625
m4a1,106.265625
ak-47,89.65625
m4a1,92.25
m4a1,94.734375
ak-47,96.0
awp,99.015625
ak-47,87.21875
awp,90.15625
awp,93.671875
m4a1,93.53125
awp,94.796875
m4a1,95.703125
awp,95.78125
awp,106.25
awp,108.84375
ak-47,22.34375
awp,49.140625
awp,91.765625
ak-47,97.140625
awp,34.359375
awp,63.78125
ak-47,79.421875
ak-47,84.59375
awp,85.765625
ak-47,87.921875
m4a1,97.40625
m4a1,102.390625
ak-47,102.640625
ak-47,114.984375
m4a1,72.109375
awp,99.515625
m4a1,111.84375
ak-47,112.1875
ak-47,114.78125
ak-47,89.765625
ak-47,90.484375
ak-47,91.84375
awp,112.546875
ak-47,113.453125
m4a1,85.171875
ak-47,87.53125
m4a1,91.21875
ak-47,91.21875
m4a1,91.375
m4a1,92.296875
ak-47,62.8125
m4a1,66.234375
ak-47,67.28125
ak-47,69.921875
awp,89.359375
ak-47,103.25
ak-47,109.53125
m4a1,61.65625
ak-47,61.828125
ak-47,62.953125
ak-47,66.59375
m4a1,78.6875
ak-47,99.46875
ak-47,100.765625
m4a1,21.078125
m4a1,21.671875
ak-47,21.9375
awp,23.53125
awp,27.03125
m4a1,79.96875
ak-47,64.984375
m4a1,66.75
ak-47,69.09375
ak-47,70.484375
ak-47,73.796875
m4a1,94.671875
m4a1,15.5
m4a1,16.1875
ak-47,9.359375
ak-47,77.390625
ak-47,94.71875
m4a1,59.78125
m4a1,70.171875
ak-47,77.9375
ak-47,96.234375
mac-10,74.78125
m4a1,82.5625
ak-47,85.828125
ak-47,86.109375
awp,8.75
ak-47,68.625
ak-47,93.4375
m4a1,94.75
m4a1,110.28125
m4a1,113.203125
ak-47,14.09375
ak-47,21.453125
ak-47,22.578125
ak-47,30.1875
ak-47,37.015625
awp,16.1875
m4a1,83.765625
ak-47,84.296875
ak-47,89.359375
ak-47,112.25
awp,113.3125
ak-47,66.328125
m4a1,71.96875
m4a1,72.78125
ak-47,72.9375
awp,75.640625
ak-47,79.40625
awp,102.828125
m4a1,107.421875
m4a1,114.03125
awp,13.6875
awp,40.53125
awp,44.59375
awp,55.640625
awp,62.234375
ak-47,68.078125
ak-47,21.234375
awp,22.40625
awp,28.28125
ak-47,81.421875
ak-47,84.609375
ak-47,84.953125
ak-47,84.96875
ak-47,86.890625
ak-47,95.515625
ak-47,96.21875
ak-47,52.546875
mac-10,57.75
ak-47,58.9375
mac-10,60.328125
mac-10,9.59375
ak-47,22.984375
ak-47,30.28125
m4a1,33.625
m4a1,43.5
awp,44.796875
ak-47,46.125
ak-47,47.015625
m4a1,13.90625
ak-47,45.578125
ak-47,54.0
ak-47,56.515625
ak-47,64.3125
ak-47,80.375
ak-47,83.828125
ak-47,83.890625
ak-47,87.921875
ak-47,90.578125
awp,28.59375
awp,83.265625
m4a1,83.625
m4a1,92.03125
m4a1,93.5
ak-47,39.109375
ak-47,40.375
awp,43.40625
ak-47,53.171875
ak-47,65.34375
ak-47,69.859375
ak-47,70.65625
ak-47,73.140625
awp,84.203125
awp,89.03125
m4a1,91.828125
ak-47,37.21875
ak-47,42.96875
ak-47,80.65625
ak-47,113.484375
ak-47,81.28125
ak-47,82.625
mac-10,111.734375
m4a1,60.4375
ak-47,61.125
m4a1,66.109375
mac-10,67.234375
ak-47,69.828125
awp,73.3125
awp,96.171875
mac-10,35.9375
awp,37.765625
awp,40.96875
ak-47,45.03125
m4a1,51.046875
ak-47,51.140625
m4a1,57.328125
m4a1,64.5625
ak-47,28.375
mac-10,45.28125
awp,47.609375
awp,50.796875
ak-47,52.65625
ak-47,24.25
awp,24.828125
m4a1,41.296875
ak-47,43.796875
ak-47,45.25
awp,46.90625
awp,22.578125
m4a1,56.078125
ak-47,59.828125
m4a1,61.0625
m4a1,66.375
awp,15.5625
ak-47,20.40625
m4a1,26.84375
ak-47,58.765625
ak-47,65.703125
ak-47,73.421875
ak-47,103.9375
ak-47,61.875
ak-47,70.53125
m4a1,33.859375
ak-47,35.265625
m4a1,48.359375
ak-47,50.421875
ak-47,51.46875
ak-47,38.578125
ak-47,84.296875
ak-47,89.953125
mp9,40.265625
mp9,42.328125
ak-47,43.15625
ak-47,45.1875
ak-47,46.578125
ak-47,47.9375
m4a1,50.921875
ak-47,30.828125
m4a1,76.84375
ak-47,17.953125
ak-47,19.59375
ak-47,58.921875
ak-47,61.65625
ak-47,62.09375
ak-47,45.046875
ak-47,68.109375
ak-47,69.34375
awp,71.59375
m4a1,39.109375
ak-47,47.390625
m4a1,48.40625
ak-47,48.75
m4a1,50.09375
m4a1,65.671875
ak-47,81.375
m4a1,82.0
ak-47,44.5
ak-47,72.5
ak-47,75.890625
awp,77.65625
m4a1,79.21875
awp,93.03125
awp,96.90625
awp,12.015625
ak-47,29.84375
ak-47,112.59375
m4a1,37.265625
ak-47,58.15625
m4a1,59.9375
m4a1,82.0
m4a1,85.34375
m4a1,88.828125
ak-47,28.453125
m4a1,30.0
ak-47,33.71875
m4a1,33.96875
ak-47,34.9375
m4a1,36.9375
m4a1,39.8125
ak-47,40.65625
ak-47,80.875
m4a1,91.03125
ak-47,91.265625
m4a1,92.359375
ak-47,94.953125
ak-47,97.015625
m4a1,99.125
m4a1,101.34375
ak-47,101.59375
m4a1,50.0
awp,50.765625
ak-47,77.46875
m4a1,97.296875
awp,103.90625
ak-47,108.5625
awp,15.71875
m4a1,20.09375
ak-47,58.953125
m4a1,74.21875
m4a1,100.0
m4a1,101.609375
awp,24.609375
ak-47,60.96875
ak-47,62.3125
ak-47,64.25
ak-47,80.890625
ak-47,99.125
ak-47,100.5
awp,12.015625
m4a1,13.765625
m4a1,15.140625
awp,16.375
ak-47,82.6875
m4a1,87.03125
awp,88.328125
awp,89.28125
ak-47,23.8125
mac-10,32.8125
ak-47,87.828125
ak-47,91.28125
ak-47,111.421875
ak-47,98.25
ak-47,114.0
mp9,35.0
ak-47,36.890625
ak-47,38.609375
ak-47,40.328125
ak-47,62.421875
ak-47,64.84375
ak-47,66.4375
m4a1,113.59375
ak-47,114.65625
awp,17.5625
ak-47,23.8125
ak-47,43.453125
ak-47,47.5625
mp9,51.40625
awp,71.078125
ak-47,20.84375
ak-47,22.234375
awp,27.1875
ak-47,53.375
ak-47,91.09375
awp,6.4375
ak-47,23.375
awp,25.8125
awp,37.0625
ak-47,45.625
ak-47,62.4375
ak-47,80.578125
ak-47,26.328125
ak-47,63.234375
ak-47,66.375
ak-47,76.578125
ak-47,99.484375
awp,21.9375
awp,23.71875
ak-47,24.1875
m4a1,58.671875
ak-47,102.171875
awp,57.71875
m4a1,62.8125
ak-47,74.796875
awp,80.09375
awp,85.65625
m4a1,89.703125
awp,93.828125
awp,42.0625
ak-47,60.546875
ak-47,61.78125
ak-47,100.890625
ak-47,101.59375
ak-47,107.171875
m4a1,13.515625
m4a1,63.4375
m4a1,63.59375
mac-10,65.078125
m4a1,72.859375
m4a1,58.78125
m4a1,59.171875
m4a1,17.59375
m4a1,38.28125
m4a1,43.390625
m4a1,30.921875
m4a1,37.703125
ak-47,39.0625
m4a1,45.859375
awp,47.484375
ak-47,87.828125
awp,88.765625
awp,91.65625
ak-47,24.59375
m4a1,98.359375
ak-47,99.828125
awp,114.015625
m4a1,13.28125
ak-47,92.375
ak-47,98.109375
m4a1,98.15625
m4a1,100.171875
awp,100.375
awp,101.859375
m4a1,106.65625
m4a1,18.859375
awp,67.640625
ak-47,91.21875
awp,101.875
m4a1,103.234375
ak-47,113.390625
awp,51.328125
awp,66.8125
m4a1,67.96875
m4a1,102.328125
ak-47,103.0
awp,114.546875
ak-47,37.296875
m4a1,50.796875
ak-47,96.71875
m4a1,97.6875
m4a1,108.46875
awp,12.71875
ak-47,18.4375
ak-47,19.125
m4a1,39.46875
ak-47,101.984375
mp9,57.390625
mp9,65.984375
m4a1,81.859375
m4a1,96.640625
m4a1,103.453125
awp,67.84375
ak-47,79.875
ak-47,84.328125
ak-47,85.8125
ak-47,32.421875
ak-47,70.8125
m4a1,72.5625
ak-47,33.140625
m4a1,33.4375
ak-47,33.9375
awp,39.84375
awp,63.421875
ak-47,84.875
ak-47,30.921875
m4a1,59.03125
m4a1,59.421875
ak-47,59.515625
awp,73.03125
m4a1,75.53125
m4a1,94.078125
ak-47,21.765625
ak-47,33.296875
ak-47,37.328125
awp,49.796875
awp,51.453125
m4a1,67.5625
ak-47,75.875
m4a1,48.9375
m4a1,50.4375
m4a1,51.453125
m4a1,65.21875
m4a1,93.9375
m4a1,15.09375
m4a1,48.421875
m4a1,49.515625
mp9,51.90625
m4a1,56.40625
ak-47,78.578125
m4a1,79.28125
m4a1,82.78125
m4a1,83.078125
m4a1,87.3125
m4a1,103.234375
m4a1,104.984375
m4a1,94.078125
m4a1,96.6875
ak-47,97.1875
m4a1,98.3125
m4a1,98.375
awp,37.421875
awp,37.421875
awp,57.890625
m4a1,59.375
ak-47,61.078125
awp,60.59375
ak-47,74.359375
ak-47,77.125
ak-47,104.640625
ak-47,113.921875
ak-47,22.984375
ak-47,24.1875
ak-47,27.109375
ak-47,31.828125
m4a1,31.890625
m4a1,23.515625
awp,30.703125
m4a1,50.796875
m4a1,52.015625
ak-47,82.65625
ak-47,104.015625
ak-47,44.15625
m4a1,44.84375
ak-47,46.90625
m4a1,47.53125
m4a1,12.90625
m4a1,17.078125
m4a1,20.625
ak-47,21.75
ak-47,23.328125
ak-47,24.640625
m4a1,37.09375
awp,46.8125
ak-47,11.078125
ak-47,11.546875
awp,17.375
ak-47,30.3125
ak-47,55.234375
ak-47,69.3125
mac-10,15.375
m4a1,18.3125
m4a1,32.1875
ak-47,39.890625
ak-47,49.28125
m4a1,50.1875
ak-47,56.21875
m4a1,22.515625
m4a1,56.359375
m4a1,61.953125
m4a1,73.453125
m4a1,13.796875
m4a1,14.4375
m4a1,17.625
awp,22.234375
m4a1,39.4375
ak-47,46.09375
ak-47,53.171875
m4a1,94.234375
ak-47,95.109375
awp,103.03125
m4a1,17.890625
m4a1,27.765625
m4a1,40.203125
m4a1,43.078125
m4a1,43.953125
ak-47,70.796875
ak-47,18.453125
ak-47,62.875
m4a1,64.921875
ak-47,65.84375
m4a1,71.84375
awp,80.203125
m4a1,92.203125
ak-47,100.53125
ak-47,101.53125
m4a1,17.8125
m4a1,25.6875
m4a1,32.6875
m4a1,25.890625
m4a1,28.921875
m4a1,61.625
m4a1,67.65625
m4a1,81.78125
m4a1,15.140625
awp,36.515625
ak-47,50.828125
ak-47,53.875
ak-47,53.96875
ak-47,61.0
ak-47,65.109375
ak-47,68.546875
m4a1,31.640625
m4a1,35.265625
awp,37.890625
ak-47,81.40625
m4a1,81.90625
ak-47,42.78125
m4a1,50.453125
awp,53.6875
ak-47,63.15625
m4a1,69.984375
ak-47,70.0625
mac-10,46.546875
mac-10,68.3125
m4a1,24.03125
m4a1,25.1875
m4a1,25.984375
ak-47,26.015625
ak-47,78.78125
m4a1,95.765625
m4a1,103.15625
ak-47,22.234375
awp,28.234375
ak-47,28.53125
mac-10,29.484375
awp,37.65625
awp,41.25
m4a1,41.484375
m4a1,47.296875
awp,51.203125
awp,10.453125
awp,13.125
m4a1,14.640625
m4a1,45.328125
m4a1,48.0625
awp,52.328125
ak-47,31.71875
awp,37.328125
awp,39.6875
ak-47,41.171875
ak-47,42.3125
awp,44.75
awp,48.171875
awp,50.65625
mac-10,66.5
mac-10,67.25
mac-10,68.5
mac-10,71.6875
awp,13.296875
ak-47,19.5
m4a1,37.953125
awp,37.015625
ak-47,42.109375
mp9,51.65625
ak-47,61.34375
ak-47,62.0625
m4a1,62.390625
mp9,68.171875
m4a1,39.828125
m4a1,43.625
m4a1,46.46875
m4a1,113.59375
ak-47,25.046875
ak-47,71.0
ak-47,80.15625
awp,82.75
m4a1,94.90625
ak-47,19.515625
mac-10,66.703125
ak-47,67.28125
awp,75.3125
mac-10,76.671875
m4a1,60.09375
m4a1,63.53125
ak-47,70.234375
m4a1,70.5
m4a1,72.046875
awp,22.6875
ak-47,27.125
ak-47,28.53125
ak-47,30.03125
ak-47,31.359375
ak-47,34.015625
m4a1,41.203125
m4a1,44.625
m4a1,70.859375
m4a1,70.984375
m4a1,71.953125
m4a1,62.96875
m4a1,66.640625
m4a1,86.3125
awp,92.75
m4a1,94.78125
m4a1,36.03125
m4a1,37.0625
m4a1,38.46875
awp,42.09375
awp,93.421875
m4a1,41.359375
m4a1,41.578125
awp,84.59375
mp9,88.375
m4a1,59.875
m4a1,65.6875
m4a1,66.40625
m4a1,67.796875
ak-47,71.6875
m4a1,13.4375
ak-47,66.953125
awp,73.0625
ak-47,73.640625
ak-47,74.765625
m4a1,77.609375
awp,83.0625
awp,88.46875
m4a1,106.453125
awp,16.015625
ak-47,58.5625
ak-47,59.390625
awp,65.328125
awp,69.09375
m4a1,75.828125
m4a1,82.046875
ak-47,91.546875
ak-47,96.015625
ak-47,102.078125
ak-47,18.125
ak-47,24.515625
awp,83.984375
ak-47,89.96875
awp,91.140625
ak-47,100.265625
ak-47,50.546875
ak-47,51.234375
awp,52.28125
ak-47,52.765625
awp,89.828125
awp,6.34375
ak-47,55.40625
ak-47,60.796875
m4a1,61.828125
awp,13.390625
ak-47,23.09375
ak-47,82.125
mp9,85.3125
ak-47,95.046875
awp,99.40625
awp,112.3125
m4a1,114.1875
ak-47,11.203125
ak-47,13.34375
ak-47,53.765625
m4a1,51.0
ak-47,57.265625
m4a1,58.046875
awp,92.296875
m4a1,92.765625
ak-47,29.3125
ak-47,54.75
ak-47,84.5
awp,86.03125
m4a1,93.609375
ak-47,94.296875
ak-47,109.25
ak-47,57.171875
m4a1,61.78125
ak-47,72.875
ak-47,73.390625
ak-47,104.78125
ak-47,114.359375
awp,27.03125
m4a1,79.03125
m4a1,80.046875
ak-47,84.015625
awp,87.078125
m4a1,87.3125
awp,21.890625
awp,21.890625
awp,31.484375
awp,39.515625
m4a1,52.328125
ak-47,12.28125
ak-47,28.421875
awp,38.53125
ak-47,40.25
ak-47,49.21875
ak-47,61.09375
awp,9.515625
ak-47,80.171875
ak-47,95.453125
awp,96.28125
awp,97.84375
ak-47,99.109375
m4a1,8.734375
m4a1,10.09375
ak-47,16.578125
ak-47,24.828125
awp,32.703125
ak-47,33.59375
awp,44.078125
ak-47,23.875
m4a1,27.3125
m4a1,38.796875
awp,68.21875
awp,77.171875
awp,80.09375
ak-47,79.640625
ak-47,81.265625
m4a1,97.859375
ak-47,100.65625
awp,107.640625
ak-47,11.65625
ak-47,88.765625
awp,111.890625
m4a1,38.453125
m4a1,38.453125
mp9,60.125
m4a1,63.0
awp,10.140625
m4a1,16.84375
m4a1,77.09375
m4a1,78.765625
awp,79.296875
ak-47,99.046875
awp,103.921875
m4a1,110.421875
ak-47,32.59375
awp,38.421875
m4a1,41.578125
m4a1,46.546875
m4a1,47.640625
m4a1,50.203125
awp,56.171875
ak-47,56.6875
awp,18.40625
ak-47,43.59375
ak-47,58.015625
ak-47,61.140625
awp,61.890625
ak-47,64.34375
ak-47,54.859375
awp,90.234375
ak-47,29.59375
ak-47,34.734375
ak-47,35.015625
ak-47,39.703125
awp,45.28125
ak-47,73.296875
awp,91.796875
awp,57.578125
ak-47,60.0625
m4a1,60.109375
m4a1,61.84375
awp,103.75
awp,110.390625
ak-47,59.109375
awp,63.21875
ak-47,65.046875
awp,65.0625
ak-47,68.171875
awp,70.59375
awp,76.921875
m4a1,113.90625
m4a1,87.203125
ak-47,93.796875
mp9,97.328125
awp,100.875
m4a1,51.84375
m4a1,56.640625
mp9,14.671875
m4a1,27.984375
ak-47,91.09375
m4a1,98.78125
ak-47,12.890625
ak-47,32.5625
m4a1,33.71875
ak-47,37.640625
ak-47,48.0
m4a1,59.515625
m4a1,16.140625
m4a1,17.421875
awp,52.15625
ak-47,67.453125
ak-47,67.5625
m4a1,70.234375
ak-47,70.34375
ak-47,72.5625
awp,19.703125
m4a1,21.59375
m4a1,45.109375
m4a1,63.46875
awp,84.25
m4a1,33.15625
awp,59.59375
m4a1,64.046875
ak-47,65.140625
m4a1,66.34375
ak-47,67.796875
m4a1,71.828125
m4a1,70.75
m4a1,73.15625
ak-47,76.46875
ak-47,77.65625
ak-47,80.453125
ak-47,86.0
awp,13.4375
ak-47,15.65625
awp,16.4375
m4a1,17.3125
ak-47,21.296875
awp,26.578125
ak-47,50.78125
ak-47,10.359375
m4a1,11.203125
ak-47,20.90625
m4a1,22.734375
ak-47,85.578125
ak-47,34.296875
ak-47,36.03125
ak-47,38.609375
ak-47,113.625
ak-47,10.0
ak-47,10.796875
awp,16.1875
m4a1,19.15625
awp,23.84375
m4a1,39.0
ak-47,56.3125
ak-47,109.578125
ak-47,111.296875
ak-47,14.09375
mp9,30.953125
ak-47,10.453125
ak-47,11.75
mp9,18.59375
mp9,23.28125
mp9,34.078125
m4a1,29.015625
ak-47,70.46875
ak-47,72.140625
ak-47,75.890625
ak-47,24.984375
ak-47,55.34375
m4a1,58.078125
m4a1,58.171875
ak-47,59.09375
ak-47,70.34375
awp,12.09375
awp,13.953125
m4a1,16.484375
m4a1,25.78125
ak-47,37.109375
m4a1,32.734375
m4a1,33.640625
awp,82.21875
ak-47,94.8125
ak-47,101.421875
ak-47,12.9375
ak-47,12.96875
m4a1,33.390625
m4a1,72.453125
m4a1,30.5625
ak-47,37.484375
ak-47,38.265625
ak-47,15.359375
m4a1,24.375
ak-47,31.0
awp,35.90625
ak-47,46.375
ak-47,46.515625
ak-47,62.640625
mp9,34.15625
mp9,54.734375
ak-47,7.25
m4a1,19.203125
m4a1,20.796875
m4a1,33.796875
ak-47,22.984375
m4a1,57.609375
ak-47,75.484375
m4a1,93.359375
m4a1,99.859375
awp,24.859375
ak-47,25.046875
ak-47,27.203125
awp,28.609375
ak-47,29.15625
ak-47,53.625
ak-47,58.484375
ak-47,60.203125
ak-47,61.203125
ak-47,61.421875
m4a1,64.46875
ak-47,77.5625
awp,83.625
ak-47,38.484375
ak-47,41.1875
awp,46.703125
awp,49.15625
awp,52.984375
awp,86.453125
awp,88.40625
ak-47,90.46875
m4a1,43.375
ak-47,57.90625
ak-47,60.359375
m4a1,60.796875
ak-47,11.078125
m4a1,16.734375
awp,24.015625
ak-47,39.6875
ak-47,20.5
ak-47,21.046875
ak-47,23.546875
awp,26.984375
mp9,11.5625
mp9,17.296875
ak-47,17.921875
ak-47,24.8125
mp9,32.15625
ak-47,32.859375
m4a1,41.640625
m4a1,47.46875
m4a1,48.0625
m4a1,53.046875
m4a1,60.984375
ak-47,29.640625
ak-47,37.390625
ak-47,40.984375
m4a1,58.421875
awp,30.515625
ak-47,97.359375
m4a1,104.0
ak-47,104.203125
ak-47,104.953125
ak-47,106.109375
ak-47,22.34375
m4a1,26.09375
ak-47,38.59375
awp,40.203125
ak-47,42.328125
awp,91.984375
m4a1,104.046875
ak-47,16.375
ak-47,84.859375
m4a1,92.859375
ak-47,107.984375
ak-47,110.96875
ak-47,30.359375
ak-47,32.25
ak-47,35.390625
awp,73.078125
m4a1,77.65625
m4a1,80.046875
awp,9.6875
ak-47,32.359375
ak-47,33.765625
awp,35.265625
ak-47,37.078125
ak-47,66.09375
ak-47,66.875
awp,67.8125
awp,78.25
awp,15.296875
ak-47,22.921875
ak-47,80.953125
ak-47,41.09375
ak-47,48.28125
m4a1,62.34375
awp,67.625
ak-47,89.796875
ak-47,93.421875
ak-47,13.3125
awp,14.5625
awp,71.203125
ak-47,80.234375
m4a1,85.078125
awp,88.484375
ak-47,41.84375
awp,64.546875
awp,66.625
m4a1,77.1875
ak-47,86.296875
ak-47,101.4375
awp,104.4375
m4a1,44.78125
ak-47,56.015625
ak-47,57.59375
ak-47,19.65625
ak-47,20.921875
ak-47,53.15625
ak-47,55.0625
ak-47,26.15625
ak-47,32.890625
ak-47,43.0
ak-47,60.875
ak-47,62.171875
ak-47,15.140625
m4a1,31.328125
ak-47,32.515625
ak-47,39.0625
awp,66.203125
ak-47,66.90625
ak-47,69.859375
ak-47,16.765625
ak-47,17.84375
mac-10,59.734375
ak-47,61.140625
awp,25.875
m4a1,29.984375
awp,42.359375
ak-47,50.296875
ak-47,56.3125
ak-47,57.03125
m4a1,60.078125
m4a1,62.3125
ak-47,16.40625
m4a1,16.921875
m4a1,20.796875
m4a1,20.828125
ak-47,21.15625
awp,29.609375
m4a1,33.171875
awp,108.640625
m4a1,38.015625
m4a1,41.046875
awp,49.5625
ak-47,110.671875
ak-47,111.671875
awp,22.921875
ak-47,35.015625
ak-47,42.921875
ak-47,50.53125
ak-47,56.796875
m4a1,84.125
ak-47,85.1875
ak-47,89.59375
m4a1,89.90625
m4a1,90.703125
m4a1,94.421875
ak-47,20.890625
m4a1,22.21875
m4a1,22.8125
m4a1,23.796875
m4a1,32.734375
m4a1,18.59375
m4a1,19.25
m4a1,19.75
ak-47,23.328125
awp,40.875
m4a1,57.84375
awp,60.90625
awp,21.328125
awp,27.265625
m4a1,29.8125
awp,37.25
ak-47,48.125
ak-47,56.109375
ak-47,56.609375
m4a1,93.484375
ak-47,23.5
m4a1,40.65625
ak-47,52.46875
m4a1,61.375
m4a1,73.03125
ak-47,87.390625
ak-47,92.75
ak-47,93.609375
ak-47,82.546875
awp,83.546875
ak-47,85.453125
m4a1,87.515625
awp,87.703125
ak-47,91.109375
ak-47,88.75
awp,91.6875
ak-47,94.90625
awp,95.6875
ak-47,9.859375
awp,23.96875
ak-47,24.578125
ak-47,39.15625
m4a1,40.484375
ak-47,42.125
ak-47,57.390625
ak-47,50.96875
ak-47,41.921875
ak-47,65.1875
m4a1,82.578125
m4a1,87.5
ak-47,87.625
ak-47,96.859375
ak-47,10.90625
ak-47,11.25
ak-47,11.40625
m4a1,13.671875
ak-47,14.765625
m4a1,29.25
m4a1,45.71875
m4a1,54.28125
m4a1,58.78125
ak-47,60.4375
ak-47,61.84375
m4a1,92.34375
ak-47,107.359375
m4a1,112.875
ak-47,18.265625
m4a1,20.59375
ak-47,65.953125
ak-47,93.078125
ak-47,95.75
awp,97.21875
ak-47,17.28125
m4a1,17.296875
m4a1,52.71875
m4a1,60.265625
m4a1,60.9375
mp9,74.421875
ak-47,29.59375
ak-47,47.0625
ak-47,101.96875
ak-47,15.890625
m4a1,41.1875
ak-47,44.609375
ak-47,48.203125
ak-47,61.296875
awp,64.78125
ak-47,32.625
ak-47,33.609375
ak-47,58.078125
m4a1,14.609375
awp,43.125
awp,52.453125
ak-47,53.015625
m4a1,60.65625
ak-47,85.03125
ak-47,102.921875
m4a1,13.140625
awp,19.28125
mp9,29.421875
ak-47,69.578125
m4a1,72.828125
ak-47,90.671875
ak-47,98.71875
ak-47,30.65625
awp,45.0
awp,45.0
awp,49.453125
awp,66.375
m4a1,54.203125
ak-47,55.375
awp,59.5625
m4a1,61.78125
m4a1,63.109375
ak-47,67.140625
awp,68.296875
m4a1,20.203125
m4a1,22.734375
m4a1,24.765625
awp,81.890625
mp9,38.3125
m4a1,53.546875
m4a1,59.75
m4a1,61.640625
m4a1,102.671875
m4a1,27.578125
m4a1,39.265625
ak-47,80.359375
ak-47,82.09375
m4a1,87.421875
m4a1,88.3125
m4a1,88.46875
m4a1,95.265625
m4a1,10.5625
ak-47,13.625
ak-47,14.828125
ak-47,15.75
ak-47,35.015625
m4a1,71.25
m4a1,73.34375
m4a1,9.703125
m4a1,15.390625
ak-47,15.765625
m4a1,16.125
m4a1,22.15625
ak-47,28.53125
m4a1,37.921875
awp,10.6875
ak-47,39.890625
ak-47,40.875
ak-47,45.515625
ak-47,71.328125
ak-47,83.609375
ak-47,94.25
awp,14.359375
ak-47,25.546875
ak-47,39.875
ak-47,40.703125
m4a1,48.6875
ak-47,77.359375
m4a1,77.75
ak-47,79.125
ak-47,91.171875
awp,101.40625
awp,43.875
awp,54.828125
ak-47,64.125
awp,89.046875
m4a1,107.390625
m4a1,14.953125
ak-47,46.265625
m4a1,46.90625
ak-47,83.53125
awp,94.875
m4a1,99.65625
mac-10,14.84375
mac-10,16.21875
mac-10,24.5625
mac-10,25.515625
ak-47,61.71875
mac-10,67.328125
m4a1,69.078125
m4a1,70.171875
ak-47,50.0625
ak-47,66.375
awp,77.34375
awp,86.421875
awp,32.875
awp,89.125
awp,91.078125
m4a1,95.03125
m4a1,101.5
m4a1,30.46875
ak-47,36.765625
m4a1,38.265625
ak-47,42.25
ak-47,18.453125
ak-47,21.90625
ak-47,25.484375
ak-47,26.671875
awp,58.640625
ak-47,63.46875
awp,68.078125
awp,103.375
awp,10.109375
awp,38.84375
awp,43.15625
ak-47,8.703125
m4a1,9.265625
m4a1,26.890625
awp,60.859375
awp,62.46875
awp,82.125
ak-47,55.515625
ak-47,34.0
ak-47,76.546875
ak-47,85.46875
ak-47,22.828125
ak-47,26.9375
ak-47,77.546875
ak-47,112.296875
ak-47,67.390625
ak-47,91.515625
ak-47,108.03125
ak-47,109.0625
ak-47,76.9375
awp,81.03125
ak-47,88.78125
m4a1,51.921875
ak-47,52.78125
m4a1,76.859375
awp,78.0625
awp,88.359375
ak-47,114.984375
ak-47,34.875
ak-47,42.609375
mp9,65.578125
m4a1,66.65625
ak-47,79.796875
ak-47,80.1875
m4a1,81.890625
m4a1,106.765625
ak-47,32.65625
ak-47,34.984375
ak-47,62.84375
ak-47,77.140625
ak-47,80.953125
ak-47,21.046875
mp9,35.71875
ak-47,37.25
ak-47,50.828125
ak-47,65.03125
ak-47,67.75
awp,13.78125
ak-47,26.84375
ak-47,31.3125
m4a1,36.40625
ak-47,39.359375
ak-47,30.4375
awp,40.375
m4a1,64.984375
ak-47,36.15625
mac-10,84.09375
mac-10,42.640625
mac-10,43.609375
m4a1,45.953125
m4a1,54.890625
ak-47,64.265625
mp9,86.75
mp9,98.65625
ak-47,20.875
mp9,21.3125
mp9,22.875
ak-47,38.109375
ak-47,77.46875
ak-47,85.734375
ak-47,100.859375
m4a1,111.625
m4a1,26.90625
awp,33.65625
ak-47,35.0
ak-47,38.140625
awp,46.6875
m4a1,22.609375
mac-10,22.703125
m4a1,24.265625
m4a1,37.1875
ak-47,38.1875
awp,45.171875
ak-47,56.765625
m4a1,31.875
m4a1,48.28125
awp,54.921875
m4a1,60.515625
awp,68.09375
awp,88.84375
m4a1,65.0625
m4a1,65.390625
m4a1,66.625
m4a1,66.828125
m4a1,67.015625
m4a1,13.703125
ak-47,14.59375
mp9,15.6875
ak-47,15.78125
ak-47,23.046875
m4a1,24.625
ak-47,28.3125
ak-47,32.671875
ak-47,16.015625
m4a1,26.671875
ak-47,30.625
ak-47,40.796875
ak-47,8.1875
ak-47,13.671875
ak-47,17.8125
ak-47,18.5625
ak-47,31.4375
ak-47,28.78125
m4a1,60.921875
m4a1,70.203125
ak-47,103.640625
ak-47,104.25
mp9,105.28125
ak-47,112.671875
ak-47,114.96875
ak-47,20.40625
ak-47,32.5625
ak-47,33.75
ak-47,36.515625
ak-47,54.890625
ak-47,66.796875
ak-47,23.265625
ak-47,25.140625
m4a1,28.484375
m4a1,29.09375
ak-47,31.90625
m4a1,34.109375
ak-47,36.296875
ak-47,40.25
m4a1,12.359375
ak-47,20.609375
ak-47,33.1875
m4a1,35.0
m4a1,35.890625
ak-47,36.8125
ak-47,51.890625
awp,25.15625
ak-47,51.703125
ak-47,53.5625
ak-47,58.625
m4a1,59.734375
m4a1,62.640625
ak-47,73.609375
ak-47,88.953125
ak-47,17.5625
ak-47,18.3125
ak-47,21.890625
ak-47,24.234375
ak-47,25.515625
awp,12.390625
m4a1,13.046875
m4a1,50.265625
m4a1,65.296875
mp9,59.609375
m4a1,60.125
m4a1,66.25
m4a1,99.0
mac-10,11.125
m4a1,22.34375
m4a1,60.046875
m4a1,22.390625
m4a1,38.703125
ak-47,39.78125
ak-47,41.046875
ak-47,24.5625
ak-47,26.171875
ak-47,42.171875
mac-10,74.484375
ak-47,63.3125
m4a1,84.203125
m4a1,85.921875
m4a1,86.828125
ak-47,87.34375
ak-47,88.53125
m4a1,96.84375
ak-47,25.9375
awp,36.078125
ak-47,47.75
m4a1,81.4375
ak-47,100.734375
ak-47,108.84375
ak-47,13.71875
ak-47,16.5625
awp,84.890625
ak-47,108.046875
awp,109.53125
mp9,52.46875
ak-47,22.5625
ak-47,64.40625
ak-47,68.4375
ak-47,16.34375
awp,20.109375
ak-47,22.3125
m4a1,35.171875
ak-47,42.09375
awp,56.015625
ak-47,64.3125
ak-47,69.484375
ak-47,26.328125
ak-47,28.6875
mac-10,48.421875
mac-10,56.4375
ak-47,68.1875
ak-47,15.5625
m4a1,26.53125
ak-47,69.203125
m4a1,71.984375
ak-47,72.796875
m4a1,74.203125
m4a1,75.109375
ak-47,41.109375
ak-47,68.15625
ak-47,68.203125
m4a1,84.609375
ak-47,98.890625
awp,99.546875
awp,105.90625
awp,50.8125
awp,60.734375
ak-47,78.0
ak-47,81.734375
m4a1,84.734375
m4a1,85.234375
m4a1,92.640625
m4a1,94.28125
ak-47,94.75
awp,96.34375
ak-47,48.171875
m4a1,52.171875
m4a1,62.125
m4a1,77.34375
m4a1,80.5
awp,12.140625
m4a1,35.890625
m4a1,44.234375
awp,60.546875
ak-47,82.96875
awp,88.96875
awp,89.1875
m4a1,94.3125
ak-47,56.015625
ak-47,60.390625
ak-47,62.875
m4a1,63.171875
m4a1,64.375
m4a1,76.390625
mac-10,36.453125
mac-10,11.46875
mac-10,27.03125
ak-47,43.828125
m4a1,44.734375
m4a1,46.1875
ak-47,46.359375
ak-47,49.59375
mp9,69.421875
ak-47,70.234375
ak-47,73.234375
ak-47,75.3125
ak-47,77.015625
mp9,9.796875
ak-47,10.4375
mp9,32.90625
ak-47,36.015625
ak-47,13.953125
awp,46.640625
ak-47,58.546875
ak-47,85.375
m4a1,36.890625
ak-47,14.203125
m4a1,27.859375
m4a1,28.4375
ak-47,30.09375
ak-47,31.34375
ak-47,38.015625
ak-47,15.0
m4a1,15.234375
ak-47,29.75
mp9,14.984375
ak-47,20.90625
ak-47,62.75
m4a1,73.0625
ak-47,74.09375
ak-47,12.5
m4a1,14.09375
m4a1,23.671875
m4a1,36.046875
ak-47,36.921875
m4a1,38.328125
m4a1,20.375
m4a1,20.71875
m4a1,22.265625
ak-47,29.296875
ak-47,15.328125
ak-47,18.984375
mac-10,19.703125
ak-47,28.8125
ak-47,30.375
ak-47,59.59375
ak-47,24.65625
awp,27.1875
ak-47,36.578125
m4a1,37.828125
awp,51.328125
ak-47,89.875
awp,90.84375
awp,90.84375
awp,92.140625
awp,101.09375
ak-47,41.359375
ak-47,42.265625
ak-47,43.140625
ak-47,45.171875
ak-47,47.109375
ak-47,48.796875
m4a1,41.140625
m4a1,70.734375
ak-47,40.765625
mac-10,65.125
mac-10,85.859375
ak-47,13.609375
m4a1,14.21875
m4a1,15.421875
mac-10,41.046875
m4a1,46.640625
ak-47,57.859375
ak-47,77.359375
ak-47,93.4375
ak-47,23.46875
ak-47,25.578125
ak-47,66.140625
awp,68.125
awp,73.203125
mp9,22.71875
ak-47,32.625
ak-47,42.296875
ak-47,45.296875
ak-47,55.421875
ak-47,62.03125
ak-47,21.59375
ak-47,42.671875
ak-47,52.71875
awp,58.5625
ak-47,71.09375
m4a1,109.65625
m4a1,18.765625
m4a1,28.640625
m4a1,31.59375
m4a1,32.5625
m4a1,33.8125
mp9,12.546875
ak-47,20.1875
ak-47,22.046875
m4a1,82.96875
m4a1,17.6875
ak-47,84.34375
m4a1,91.28125
ak-47,92.28125
ak-47,96.390625
ak-47,99.265625
ak-47,100.828125
ak-47,37.015625
ak-47,39.59375
ak-47,43.59375
ak-47,45.375
ak-47,55.0
ak-47,39.515625
ak-47,47.9375
ak-47,53.046875
ak-47,62.875
ak-47,64.90625
m4a1,61.921875
m4a1,68.25
ak-47,69.75
m4a1,75.75
ak-47,69.875
m4a1,77.0625
m4a1,99.625
ak-47,102.3125
m4a1,104.09375
ak-47,104.390625
ak-47,105.78125
ak-47,35.609375
ak-47,82.34375
ak-47,90.9375
ak-47,94.640625
ak-47,94.6875
ak-47,99.3125
ak-47,109.453125
ak-47,111.734375
ak-47,17.953125
ak-47,20.21875
ak-47,32.890625
ak-47,60.96875
ak-47,98.578125
awp,21.296875
awp,29.34375
m4a1,81.140625
ak-47,82.140625
ak-47,82.734375
awp,85.078125
m4a1,17.265625
m4a1,45.609375
mp9,12.203125
m4a1,22.78125
ak-47,24.84375
mp9,33.375
mp9,37.84375
m4a1,86.265625
m4a1,54.359375
ak-47,56.828125
m4a1,59.5625
m4a1,60.140625
m4a1,65.53125
ak-47,53.421875
ak-47,59.234375
ak-47,59.953125
ak-47,64.6875
ak-47,85.65625
ak-47,92.09375
ak-47,39.625
awp,40.453125
m4a1,60.0
ak-47,62.96875
ak-47,79.140625
ak-47,83.15625
ak-47,84.171875
ak-47,44.234375
m4a1,62.75
m4a1,64.375
awp,31.15625
ak-47,40.984375
awp,60.96875
awp,71.609375
awp,99.84375
mp9,28.9375
m4a1,29.078125
m4a1,42.984375
m4a1,48.359375
m4a1,51.09375
mp9,53.140625
mp9,55.8125
mp9,58.359375
ak-47,28.546875
m4a1,31.9375
awp,49.09375
m4a1,21.1875
awp,22.9375
awp,27.015625
awp,29.546875
m4a1,43.484375
awp,90.203125
awp,5.09375
m4a1,37.640625
ak-47,38.140625
awp,38.4375
awp,43.34375
ak-47,53.4375
ak-47,58.203125
m4a1,80.328125
ak-47,87.40625
ak-47,17.640625
awp,18.09375
ak-47,30.09375
ak-47,44.734375
m4a1,61.953125
m4a1,40.546875
awp,61.15625
ak-47,62.1875
ak-47,64.484375
m4a1,92.5625
ak-47,92.9375
m4a1,93.203125
ak-47,95.71875
m4a1,108.6875
ak-47,71.640625
m4a1,81.890625
ak-47,82.828125
m4a1,85.96875
awp,86.046875
ak-47,98.03125
ak-47,101.875
awp,54.640625
ak-47,62.78125
ak-47,66.1875
ak-47,68.546875
awp,41.734375
m4a1,49.453125
awp,53.625
ak-47,54.09375
m4a1,55.765625
ak-47,80.15625
m4a1,80.75
ak-47,55.109375
ak-47,57.40625
mac-10,58.421875
ak-47,69.015625
mac-10,84.71875
m4a1,92.40625
awp,46.484375
ak-47,99.453125
ak-47,101.609375
m4a1,103.875
mp9,27.390625
mp9,28.25
ak-47,28.65625
ak-47,36.03125
m4a1,61.984375
m4a1,72.109375
awp,74.828125
awp,78.59375
m4a1,19.203125
ak-47,28.484375
awp,79.0
ak-47,86.296875
mp9,60.890625
ak-47,91.796875
awp,106.796875
ak-47,108.921875
awp,54.21875
m4a1,75.890625
ak-47,77.34375
m4a1,79.5625
m4a1,82.3125
m4a1,86.203125
awp,15.75
m4a1,29.03125
ak-47,44.796875
ak-47,85.796875
awp,23.796875
ak-47,24.8125
awp,26.25
awp,28.9375
ak-47,31.703125
ak-47,40.625
m4a1,67.546875
ak-47,80.5
m4a1,88.65625
ak-47,89.078125
awp,97.234375
m4a1,98.09375
awp,17.0625
ak-47,79.1875
awp,86.03125
ak-47,103.546875
awp,113.484375
mp9,46.140625
m4a1,47.203125
ak-47,28.53125
mp9,66.90625
mp9,30.3125
ak-47,32.984375
ak-47,11.0625
m4a1,21.984375
m4a1,91.65625
ak-47,92.703125
m4a1,92.75
awp,93.140625
m4a1,100.609375
ak-47,103.34375
ak-47,106.859375
m4a1,111.0625
m4a1,37.40625
ak-47,46.4375
ak-47,49.9375
m4a1,62.703125
ak-47,83.078125
m4a1,85.65625
ak-47,88.046875
ak-47,95.40625
m4a1,23.6875
ak-47,83.859375
ak-47,89.546875
m4a1,89.875
ak-47,91.5625
m4a1,101.234375
m4a1,22.921875
ak-47,30.390625
m4a1,24.796875
ak-47,28.046875
m4a1,28.75
m4a1,31.265625
m4a1,32.03125
ak-47,32.484375
ak-47,55.484375
ak-47,56.296875
mp9,65.796875
mac-10,78.484375
mp9,38.25
mp9,39.015625
ak-47,39.953125
ak-47,44.21875
ak-47,49.515625
ak-47,56.59375
ak-47,100.578125
ak-47,58.453125
ak-47,73.765625
ak-47,108.40625
ak-47,28.609375
ak-47,30.015625
ak-47,78.84375
m4a1,11.640625
awp,20.859375
awp,26.984375
ak-47,51.375
ak-47,56.171875
ak-47,91.0625
ak-47,95.46875
awp,97.03125
awp,56.59375
ak-47,74.84375
m4a1,77.078125
ak-47,79.34375
m4a1,20.953125
awp,25.921875
ak-47,62.09375
m4a1,70.484375
m4a1,74.90625
ak-47,58.84375
ak-47,59.640625
m4a1,70.59375
awp,71.375
m4a1,90.828125
awp,26.953125
ak-47,37.453125
m4a1,39.5
ak-47,71.703125
m4a1,74.328125
m4a1,75.625
ak-47,94.359375
ak-47,27.578125
ak-47,27.984375
awp,34.671875
ak-47,35.375
ak-47,12.9375
ak-47,18.25
ak-47,25.875
ak-47,33.75
ak-47,40.3125
awp,27.09375
ak-47,33.046875
m4a1,70.9375
ak-47,71.78125
ak-47,72.28125
ak-47,75.484375
awp,78.453125
awp,94.375
mac-10,77.3125
mp9,101.859375
ak-47,57.109375
ak-47,92.890625
m4a1,44.84375
m4a1,46.328125
awp,48.859375
m4a1,49.203125
ak-47,58.625
awp,79.859375
ak-47,87.453125
awp,90.46875
ak-47,91.984375
ak-47,95.28125
ak-47,100.625
ak-47,103.609375
m4a1,104.21875
awp,20.5625
m4a1,47.515625
ak-47,13.265625
ak-47,20.15625
ak-47,28.671875
m4a1,75.265625
ak-47,107.546875
ak-47,10.046875
ak-47,32.15625
m4a1,73.34375
ak-47,74.1875
m4a1,24.828125
ak-47,41.671875
awp,42.765625
m4a1,74.015625
ak-47,78.5625
m4a1,80.703125
ak-47,37.78125
ak-47,38.546875
ak-47,38.640625
m4a1,52.4375
m4a1,87.640625
m4a1,43.6875
awp,90.78125
ak-47,92.671875
ak-47,99.25
ak-47,103.609375
ak-47,69.203125
mac-10,21.890625
mac-10,56.0625
mac-10,62.859375
m4a1,16.515625
m4a1,23.453125
m4a1,26.046875
m4a1,50.625
awp,77.203125
awp,90.046875
m4a1,97.109375
m4a1,14.0625
m4a1,18.0
ak-47,64.9375
ak-47,78.8125
ak-47,80.734375
awp,80.0
ak-47,93.8125
ak-47,94.546875
awp,97.96875
m4a1,103.140625
m4a1,106.578125
ak-47,51.4375
ak-47,52.46875
m4a1,52.84375
ak-47,54.921875
ak-47,64.796875
ak-47,89.0625
m4a1,56.1875
ak-47,56.453125
awp,79.015625
m4a1,18.546875
ak-47,22.34375
ak-47,25.140625
awp,30.5625
m4a1,39.25
ak-47,46.34375
awp,85.140625
m4a1,23.390625
awp,24.359375
ak-47,32.28125
ak-47,33.46875
ak-47,44.234375
awp,55.953125
ak-47,34.03125
ak-47,85.4375
ak-47,83.984375
m4a1,67.140625
m4a1,108.828125
m4a1,109.515625
m4a1,65.421875
m4a1,67.765625
m4a1,100.515625
m4a1,103.5
m4a1,111.4375
awp,7.03125
ak-47,23.375
ak-47,27.265625
ak-47,27.859375
ak-47,32.84375
ak-47,75.578125
ak-47,93.546875
ak-47,96.03125
ak-47,98.8125
ak-47,106.84375
ak-47,20.125
ak-47,24.078125
ak-47,26.703125
ak-47,29.796875
awp,81.703125
ak-47,12.078125
ak-47,50.921875
ak-47,52.5625
m4a1,53.5625
m4a1,105.75
m4a1,9.03125
m4a1,18.5
awp,39.609375
ak-47,41.390625
m4a1,45.171875
ak-47,54.21875
ak-47,54.71875
awp,40.453125
ak-47,44.3125
awp,54.234375
m4a1,79.734375
ak-47,81.03125
ak-47,81.90625
ak-47,84.765625
ak-47,91.28125
m4a1,81.6875
m4a1,82.546875
ak-47,83.734375
m4a1,106.734375
m4a1,62.203125
m4a1,82.859375
awp,83.515625
m4a1,86.46875
m4a1,88.828125
awp,30.15625
m4a1,37.296875
m4a1,59.875
ak-47,60.84375
m4a1,66.96875
m4a1,71.875
ak-47,11.421875
ak-47,21.703125
m4a1,44.078125
ak-47,48.453125
m4a1,58.59375
ak-47,63.6875
ak-47,75.96875
ak-47,82.53125
ak-47,88.03125
ak-47,21.40625
ak-47,36.328125
ak-47,43.40625
awp,68.40625
ak-47,69.96875
awp,11.59375
ak-47,32.21875
ak-47,34.1875
awp,54.984375
awp,72.25
ak-47,80.171875
ak-47,85.921875
ak-47,86.15625
mp9,10.515625
ak-47,12.265625
mp9,12.609375
ak-47,18.21875
awp,12.875
ak-47,28.78125
ak-47,39.03125
ak-47,51.921875
ak-47,52.5625
ak-47,88.1875
awp,25.578125
ak-47,41.984375
m4a1,47.390625
ak-47,56.484375
ak-47,71.578125
ak-47,88.03125
m4a1,12.09375
m4a1,20.84375
awp,22.75
awp,54.0
m4a1,61.15625
ak-47,67.296875
ak-47,73.8125
awp,81.109375
ak-47,13.109375
ak-47,13.890625
ak-47,15.640625
m4a1,20.3125
ak-47,74.53125
m4a1,78.78125
ak-47,79.609375
ak-47,12.625
mp9,13.78125
ak-47,19.90625
ak-47,34.75
awp,11.0625
ak-47,14.109375
ak-47,30.03125
m4a1,32.234375
awp,38.578125
awp,42.625
mac-10,16.40625
m4a1,37.53125
m4a1,48.890625
m4a1,23.0
m4a1,23.59375
m4a1,24.734375
mp9,13.546875
mp9,15.59375
mp9,17.21875
mp9,18.21875
mp9,49.109375
mp9,52.203125
ak-47,56.359375
ak-47,32.8125
awp,34.640625
awp,12.875
ak-47,18.34375
ak-47,18.796875
ak-47,30.40625
ak-47,53.71875
ak-47,57.125
awp,84.03125
ak-47,22.1875
ak-47,56.609375
m4a1,57.71875
m4a1,60.234375
ak-47,69.84375
ak-47,16.953125
ak-47,17.15625
ak-47,17.953125
ak-47,24.046875
ak-47,24.953125
awp,12.296875
ak-47,50.53125
ak-47,50.9375
ak-47,52.640625
awp,59.921875
awp,33.984375
awp,42.734375
ak-47,59.96875
awp,13.5
awp,65.28125
awp,76.234375
awp,81.375
ak-47,12.953125
m4a1,20.234375
ak-47,20.515625
ak-47,28.359375
awp,47.59375
ak-47,72.953125
ak-47,78.515625
awp,21.6875
ak-47,33.28125
m4a1,52.40625
ak-47,58.125
m4a1,63.640625
mac-10,39.40625
ak-47,49.828125
mac-10,58.1875
ak-47,65.25
m4a1,19.3125
m4a1,38.390625
ak-47,39.703125
ak-47,40.515625
ak-47,41.8125
ak-47,42.875
awp,44.421875
awp,11.484375
ak-47,13.71875
mp9,22.875
ak-47,30.390625
m4a1,56.640625
awp,58.34375
awp,63.046875
m4a1,64.796875
ak-47,66.078125
ak-47,109.3125
m4a1,113.0625
m4a1,83.34375
ak-47,83.484375
ak-47,83.78125
m4a1,86.34375
ak-47,88.59375
m4a1,103.484375
ak-47,111.59375
mac-10,26.046875
ak-47,29.84375
m4a1,70.765625
awp,74.46875
m4a1,48.15625
awp,80.28125
ak-47,96.578125
m4a1,97.5
m4a1,97.609375
m4a1,97.90625
ak-47,18.046875
ak-47,18.484375
awp,28.96875
ak-47,101.125
awp,108.421875
ak-47,113.421875
m4a1,63.84375
ak-47,64.328125
m4a1,66.390625
ak-47,67.0625
ak-47,71.203125
ak-47,78.78125
ak-47,69.28125
awp,70.875
m4a1,75.515625
m4a1,82.265625
awp,88.515625
mp9,51.3125
m4a1,52.671875
m4a1,68.9375
m4a1,73.109375
ak-47,85.515625
m4a1,90.453125
m4a1,95.5
m4a1,100.1875
ak-47,24.140625
m4a1,28.328125
ak-47,30.6875
ak-47,49.234375
ak-47,53.0
mp9,16.734375
mp9,22.796875
mp9,25.53125
m4a1,77.234375
mp9,62.078125
m4a1,64.125
mp9,74.3125
m4a1,14.609375
ak-47,18.609375
mp9,79.546875
ak-47,103.328125
ak-47,109.421875
ak-47,109.96875
ak-47,114.078125
ak-47,11.421875
mac-10,13.296875
m4a1,49.265625
ak-47,66.25
ak-47,69.140625
ak-47,46.109375
ak-47,52.03125
m4a1,56.03125
m4a1,63.546875
ak-47,69.046875
ak-47,71.703125
ak-47,84.140625
ak-47,20.21875
m4a1,26.0625
awp,27.03125
m4a1,90.734375
ak-47,91.03125
ak-47,92.546875
ak-47,38.765625
m4a1,70.171875
ak-47,94.28125
ak-47,97.75
m4a1,101.1875
m4a1,12.734375
ak-47,27.265625
awp,45.671875
m4a1,84.546875
awp,104.65625
awp,106.390625
m4a1,107.625
awp,29.765625
ak-47,35.109375
awp,53.90625
m4a1,65.703125
awp,78.953125
m4a1,88.0625
ak-47,51.921875
m4a1,54.140625
ak-47,54.265625
ak-47,54.359375
ak-47,66.375
ak-47,67.734375
mp9,70.328125
m4a1,71.75
m4a1,78.515625
m4a1,79.640625
m4a1,84.53125
m4a1,19.0
m4a1,37.09375
m4a1,39.78125
m4a1,52.328125
ak-47,62.796875
m4a1,12.921875
ak-47,44.15625
ak-47,62.703125
m4a1,62.921875
m4a1,94.234375
awp,99.40625
m4a1,33.625
ak-47,33.796875
m4a1,34.9375
ak-47,35.109375
ak-47,49.0625
ak-47,66.515625
ak-47,76.90625
ak-47,28.21875
m4a1,29.5625
ak-47,52.90625
ak-47,60.53125
ak-47,81.234375
awp,34.890625
ak-47,43.484375
ak-47,63.75
ak-47,37.8125
ak-47,45.53125
m4a1,58.671875
m4a1,58.875
ak-47,59.25
ak-47,92.765625
ak-47,93.78125
ak-47,34.671875
ak-47,37.0
ak-47,37.59375
ak-47,38.8125
awp,102.9375
awp,104.796875
awp,107.328125
ak-47,108.953125
m4a1,63.5625
awp,68.046875
ak-47,77.875
ak-47,86.09375
m4a1,90.25
ak-47,93.125
m4a1,96.53125
ak-47,69.703125
ak-47,59.953125
m4a1,65.40625
m4a1,91.78125
ak-47,31.359375
ak-47,32.609375
ak-47,33.65625
m4a1,75.046875
ak-47,99.234375
m4a1,99.703125
m4a1,100.171875
awp,18.859375
ak-47,20.484375
ak-47,47.46875
ak-47,48.140625
ak-47,66.296875
m4a1,66.84375
m4a1,90.5625
ak-47,101.609375
awp,105.484375
m4a1,85.09375
awp,91.40625
ak-47,93.796875
awp,94.4375
ak-47,100.5
awp,102.078125
ak-47,106.90625
ak-47,61.765625
ak-47,64.90625
ak-47,66.40625
awp,94.390625
ak-47,93.328125
m4a1,76.15625
awp,78.15625
ak-47,81.015625
ak-47,82.9375
awp,84.46875
ak-47,85.078125
m4a1,13.90625
m4a1,22.671875
mp9,24.828125
m4a1,62.484375
mp9,90.53125
m4a1,95.515625
ak-47,96.640625
m4a1,97.609375
m4a1,103.09375
m4a1,108.328125
m4a1,26.984375
mp9,27.90625
ak-47,63.984375
m4a1,64.78125
ak-47,66.484375
ak-47,67.828125
m4a1,69.4375
ak-47,75.75
m4a1,10.96875
m4a1,12.15625
ak-47,16.125
ak-47,21.125
ak-47,32.078125
awp,80.109375
m4a1,82.390625
ak-47,97.78125
awp,14.59375
m4a1,38.453125
mp9,70.390625
m4a1,72.078125
ak-47,24.8125
m4a1,44.21875
ak-47,45.53125
m4a1,59.8125
ak-47,33.4375
ak-47,34.234375
ak-47,43.921875
m4a1,48.171875
m4a1,23.46875
m4a1,25.8125
ak-47,30.640625
m4a1,32.46875
ak-47,34.828125
ak-47,52.0
ak-47,64.046875
ak-47,62.09375
ak-47,68.484375
ak-47,71.578125
m4a1,72.828125
m4a1,73.53125
ak-47,15.484375
ak-47,24.21875
m4a1,48.78125
ak-47,42.296875
ak-47,57.75
m4a1,64.984375
ak-47,66.625
ak-47,75.109375
ak-47,15.53125
m4a1,18.40625
ak-47,32.390625
ak-47,51.734375
ak-47,54.984375
ak-47,60.40625
mp9,56.734375
ak-47,57.671875
m4a1,58.3125
ak-47,64.265625
mp9,72.0
ak-47,74.921875
ak-47,77.15625
m4a1,77.65625
ak-47,63.828125
ak-47,65.90625
mp9,70.5
mp9,72.203125
mp9,72.859375
ak-47,48.109375
ak-47,59.34375
mp9,66.65625
ak-47,82.96875
ak-47,17.484375
m4a1,19.40625
m4a1,23.59375
m4a1,24.90625
ak-47,25.28125
ak-47,32.703125
ak-47,33.4375
ak-47,43.25
ak-47,35.109375
awp,108.796875
ak-47,17.390625
ak-47,18.65625
ak-47,28.328125
m4a1,28.90625
ak-47,33.03125
awp,82.15625
ak-47,31.671875
ak-47,32.203125
ak-47,32.5
ak-47,47.078125
ak-47,57.5625
ak-47,19.3125
awp,31.296875
ak-47,41.515625
m4a1,43.859375
m4a1,59.578125
m4a1,84.8125
m4a1,92.953125
ak-47,36.234375
mac-10,53.3125
ak-47,50.421875
m4a1,51.75
ak-47,59.078125
awp,78.625
ak-47,81.59375
m4a1,90.171875
m4a1,91.359375
m4a1,94.796875
awp,12.390625
awp,52.28125
ak-47,88.671875
ak-47,20.953125
m4a1,29.859375
ak-47,33.328125
ak-47,35.6875
ak-47,36.578125
ak-47,91.875
ak-47,92.96875
m4a1,95.40625
ak-47,96.4375
ak-47,101.328125
ak-47,107.484375
ak-47,113.421875
ak-47,64.984375
ak-47,65.515625
ak-47,65.703125
m4a1,68.640625
ak-47,91.53125
ak-47,100.9375
m4a1,68.03125
ak-47,78.28125
ak-47,102.03125
ak-47,108.375
ak-47,21.5625
ak-47,58.53125
ak-47,63.03125
ak-47,63.921875
ak-47,65.578125
mac-10,88.71875
m4a1,90.890625
m4a1,14.921875
m4a1,15.71875
ak-47,41.21875
mac-10,15.265625
ak-47,15.890625
ak-47,31.140625
ak-47,36.875
ak-47,54.25
ak-47,56.796875
m4a1,70.84375
m4a1,71.859375
m4a1,76.453125
ak-47,19.96875
m4a1,21.921875
m4a1,30.078125
awp,92.6875
ak-47,26.0
ak-47,26.96875
ak-47,27.96875
ak-47,43.78125
awp,49.375
m4a1,29.453125
m4a1,41.0625
m4a1,71.890625
awp,78.984375
ak-47,44.28125
ak-47,45.796875
ak-47,62.90625
ak-47,64.046875
awp,90.515625
awp,94.4375
awp,21.984375
m4a1,25.28125
awp,54.125
ak-47,62.28125
ak-47,68.78125
ak-47,69.28125
awp,75.84375
awp,85.0
awp,14.03125
ak-47,39.140625
ak-47,40.40625
m4a1,41.3125
ak-47,70.421875
m4a1,72.96875
m4a1,73.984375
mp9,37.609375
mp9,39.65625
mp9,39.8125
m4a1,40.46875
mp9,44.25
awp,84.640625
ak-47,89.859375
m4a1,96.046875
ak-47,97.21875
ak-47,98.0625
ak-47,98.71875
m4a1,37.140625
awp,60.671875
ak-47,73.859375
m4a1,78.828125
ak-47,79.875
ak-47,80.15625
ak-47,81.609375
m4a1,92.828125
ak-47,95.75
m4a1,24.046875
ak-47,24.375
m4a1,57.3125
ak-47,33.546875
ak-47,35.921875
m4a1,37.90625
m4a1,48.40625
mp9,51.078125
m4a1,53.03125
ak-47,53.90625
m4a1,58.484375
ak-47,16.78125
ak-47,60.09375
ak-47,60.703125
m4a1,106.96875
m4a1,12.59375
m4a1,21.375
mp9,26.71875
m4a1,60.25
m4a1,60.640625
awp,100.609375
m4a1,101.234375
m4a1,102.734375
ak-47,108.78125
m4a1,111.171875
awp,83.265625
ak-47,90.859375
ak-47,91.5625
ak-47,95.65625
ak-47,96.71875
mac-10,31.1875
mac-10,32.4375
mac-10,101.65625
ak-47,38.0625
ak-47,39.375
ak-47,20.59375
awp,30.953125
ak-47,60.65625
ak-47,95.859375
ak-47,101.65625
m4a1,10.671875
m4a1,17.21875
m4a1,36.546875
m4a1,60.90625
mp9,22.90625
m4a1,24.875
m4a1,53.40625
m4a1,68.703125
mp9,70.8125
m4a1,60.671875
m4a1,64.296875
m4a1,65.765625
m4a1,67.34375
m4a1,77.25
m4a1,88.421875
ak-47,98.828125
ak-47,105.609375
ak-47,107.796875
ak-47,107.96875
ak-47,109.953125
m4a1,33.671875
ak-47,40.421875
ak-47,44.921875
m4a1,68.171875
ak-47,84.96875
ak-47,100.15625
m4a1,47.984375
ak-47,76.78125
ak-47,77.375
ak-47,87.6875
ak-47,100.609375
ak-47,108.765625
ak-47,67.375
m4a1,74.6875
ak-47,88.6875
ak-47,89.21875
awp,27.5
awp,29.265625
ak-47,32.046875
awp,32.515625
awp,41.28125
ak-47,88.375
ak-47,75.21875
ak-47,76.59375
m4a1,99.03125
awp,103.96875
m4a1,104.9375
m4a1,50.640625
m4a1,69.03125
m4a1,78.015625
ak-47,30.21875
ak-47,31.59375
ak-47,31.703125
ak-47,33.4375
ak-47,34.640625
mac-10,54.1875
m4a1,55.109375
m4a1,56.59375
ak-47,59.40625
mac-10,60.6875
ak-47,62.15625
mac-10,63.0
ak-47,25.5
ak-47,33.921875
ak-47,65.9375
ak-47,69.84375
ak-47,76.25
ak-47,110.734375
awp,80.515625
awp,86.34375
mac-10,88.65625
ak-47,98.90625
ak-47,100.515625
m4a1,109.96875
ak-47,91.125
ak-47,22.34375
ak-47,58.015625
ak-47,62.234375
ak-47,66.296875
awp,11.578125
awp,30.0
ak-47,31.46875
m4a1,32.890625
ak-47,34.203125
ak-47,37.328125
ak-47,44.109375
awp,52.40625
ak-47,83.75
awp,18.453125
awp,41.296875
ak-47,53.46875
ak-47,59.0625
awp,60.015625
awp,64.0625
awp,75.078125
ak-47,76.015625
m4a1,73.234375
ak-47,78.375
ak-47,80.125
mp9,83.78125
ak-47,86.609375
ak-47,87.765625
m4a1,93.859375
m4a1,98.15625
ak-47,112.1875
ak-47,19.890625
awp,70.734375
ak-47,77.46875
ak-47,83.890625
mac-10,114.453125
ak-47,46.578125
ak-47,50.84375
mac-10,59.671875
m4a1,63.9375
ak-47,24.671875
m4a1,75.421875
mac-10,88.53125
m4a1,17.03125
ak-47,21.84375
m4a1,23.21875
awp,40.921875
ak-47,49.671875
ak-47,60.0
ak-47,61.609375
awp,33.875
m4a1,35.359375
ak-47,62.421875
ak-47,63.703125
ak-47,73.4375
ak-47,74.828125
awp,94.203125
awp,111.234375
ak-47,23.59375
ak-47,70.046875
ak-47,73.234375
ak-47,93.6875
ak-47,105.546875
ak-47,106.859375
ak-47,12.703125
m4a1,14.015625
awp,27.3125
awp,29.21875
ak-47,54.0625
awp,55.453125
ak-47,58.625
ak-47,60.171875
awp,35.96875
ak-47,48.71875
ak-47,65.34375
ak-47,106.71875
m4a1,22.09375
awp,84.546875
ak-47,87.703125
m4a1,90.953125
ak-47,95.21875
ak-47,111.0625
awp,20.203125
m4a1,24.671875
m4a1,58.953125
m4a1,65.0
m4a1,56.71875
awp,61.515625
awp,82.296875
ak-47,98.765625
awp,99.265625
ak-47,110.609375
awp,111.640625
mac-10,15.9375
m4a1,17.578125
mp9,83.265625
mp9,105.140625
m4a1,86.921875
m4a1,88.171875
ak-47,15.015625
mp9,49.921875
m4a1,54.15625
mac-10,54.6875
mp9,98.34375
m4a1,54.90625
m4a1,59.078125
ak-47,59.25
m4a1,75.109375
m4a1,75.46875
m4a1,37.4375
ak-47,59.703125
m4a1,61.078125
ak-47,64.34375
ak-47,103.5
m4a1,105.296875
m4a1,112.375
ak-47,114.78125
ak-47,19.515625
ak-47,30.59375
ak-47,33.484375
awp,34.28125
m4a1,35.96875
ak-47,36.703125
ak-47,9.1875
ak-47,12.984375
ak-47,14.328125
ak-47,17.59375
awp,12.265625
m4a1,13.328125
ak-47,57.046875
ak-47,58.046875
ak-47,75.734375
ak-47,89.640625
ak-47,42.625
awp,53.984375
ak-47,57.0625
ak-47,58.078125
awp,14.484375
awp,38.65625
ak-47,72.90625
ak-47,79.1875
ak-47,80.734375
awp,93.96875
ak-47,107.734375
ak-47,17.765625
ak-47,44.234375
ak-47,45.4375
mp9,46.015625
ak-47,50.015625
awp,40.90625
ak-47,60.28125
ak-47,61.296875
ak-47,61.296875
m4a1,62.5625
awp,69.015625
ak-47,89.59375
m4a1,23.0625
ak-47,35.125
ak-47,35.890625
ak-47,48.25
ak-47,64.75
mac-10,93.03125
ak-47,46.734375
mac-10,49.921875
ak-47,62.578125
ak-47,16.734375
ak-47,19.125
mac-10,20.171875
ak-47,56.0
ak-47,72.796875
m4a1,95.796875
m4a1,97.8125
m4a1,100.890625
ak-47,102.734375
m4a1,103.03125
m4a1,107.875
m4a1,61.640625
ak-47,62.15625
ak-47,63.03125
ak-47,76.28125
m4a1,83.640625
m4a1,23.75
m4a1,55.6875
m4a1,59.125
ak-47,59.96875
ak-47,62.5625
ak-47,73.3125
ak-47,52.984375
ak-47,54.34375
ak-47,55.21875
awp,56.109375
awp,74.625
awp,4.296875
mac-10,15.359375
m4a1,15.734375
mac-10,16.4375
m4a1,25.34375
awp,38.65625
m4a1,60.828125
awp,27.15625
ak-47,29.125
ak-47,30.921875
awp,43.609375
ak-47,92.53125
ak-47,98.515625
ak-47,107.609375
ak-47,107.921875
ak-47,109.5
ak-47,81.734375
ak-47,88.703125
ak-47,92.9375
m4a1,93.765625
m4a1,95.734375
ak-47,92.625
m4a1,97.78125
ak-47,111.359375
ak-47,63.65625
mac-10,76.328125
mac-10,92.28125
mac-10,95.09375
ak-47,52.859375
m4a1,53.375
m4a1,101.765625
m4a1,24.28125
ak-47,33.375
ak-47,37.75
m4a1,49.734375
m4a1,64.203125
ak-47,73.28125
ak-47,74.375
m4a1,78.609375
awp,45.0
awp,48.765625
ak-47,59.0625
ak-47,67.59375
ak-47,82.984375
awp,85.484375
mac-10,54.34375
mac-10,55.109375
awp,57.03125
ak-47,58.3125
ak-47,73.3125
ak-47,79.34375
ak-47,84.75
awp,86.3125
awp,92.90625
m4a1,35.171875
ak-47,44.171875
m4a1,45.46875
awp,58.421875
ak-47,79.1875
ak-47,83.109375
ak-47,84.453125
ak-47,17.75
ak-47,28.796875
ak-47,32.171875
ak-47,34.890625
m4a1,39.09375
m4a1,51.609375
awp,58.265625
m4a1,28.71875
awp,28.859375
mac-10,30.78125
m4a1,31.296875
m4a1,34.0
ak-47,80.171875
m4a1,92.1875
ak-47,97.703125
ak-47,98.484375
m4a1,27.125
ak-47,27.828125
ak-47,39.65625
m4a1,45.03125
ak-47,56.8125
ak-47,57.203125
ak-47,67.9375
m4a1,12.015625
ak-47,12.84375
m4a1,13.3125
ak-47,15.09375
m4a1,66.46875
m4a1,68.953125
ak-47,77.953125
mac-10,44.9375
ak-47,47.078125
ak-47,48.515625
mac-10,20.28125
ak-47,56.0
ak-47,41.40625
ak-47,48.21875
m4a1,77.5625
m4a1,79.265625
awp,82.78125
ak-47,83.953125
ak-47,88.15625
ak-47,91.03125
ak-47,92.625
ak-47,93.953125
ak-47,78.09375
ak-47,87.5625
ak-47,93.375
ak-47,28.40625
ak-47,44.359375
ak-47,59.03125
ak-47,61.296875
ak-47,64.734375
ak-47,13.78125
ak-47,20.09375
ak-47,21.890625
ak-47,55.3125
m4a1,57.734375
m4a1,66.3125
ak-47,67.703125
ak-47,71.796875
ak-47,73.984375
m4a1,27.359375
m4a1,33.765625
m4a1,34.265625
m4a1,34.375
m4a1,39.5625
ak-47,59.46875
m4a1,63.515625
m4a1,72.359375
m4a1,77.203125
ak-47,80.71875
ak-47,81.234375
ak-47,82.4375
ak-47,82.9375
ak-47,83.875
ak-47,85.296875
ak-47,14.375
ak-47,16.0
ak-47,89.09375
ak-47,92.4375
ak-47,93.28125
ak-47,94.421875
ak-47,96.875
ak-47,55.921875
m4a1,75.578125
m4a1,78.71875
m4a1,94.484375
ak-47,95.0
ak-47,103.703125
awp,82.65625
m4a1,92.734375
m4a1,99.4375
m4a1,107.984375
ak-47,8.84375
ak-47,10.359375
ak-47,38.484375
ak-47,38.703125
ak-47,40.65625
ak-47,94.796875
ak-47,97.046875
ak-47,97.703125
awp,56.75
ak-47,91.859375
ak-47,93.875
ak-47,95.359375
ak-47,102.0
ak-47,58.640625
m4a1,89.0625
m4a1,91.453125
m4a1,91.5625
m4a1,92.25
awp,93.484375
m4a1,106.625
m4a1,14.984375
awp,80.53125
awp,82.890625
m4a1,92.921875
m4a1,95.5
mp9,19.25
mp9,38.9375
m4a1,59.484375
m4a1,60.015625
awp,61.0625
m4a1,61.5
ak-47,66.265625
ak-47,67.59375
m4a1,79.125
awp,79.546875
ak-47,12.5
m4a1,23.46875
ak-47,73.796875
awp,78.984375
ak-47,80.28125
ak-47,83.859375
ak-47,84.75
m4a1,14.828125
ak-47,18.140625
awp,50.921875
m4a1,50.9375
m4a1,53.140625
m4a1,54.71875
awp,56.328125
m4a1,58.078125
awp,52.9375
awp,54.953125
awp,82.421875
m4a1,84.21875
m4a1,86.078125
ak-47,94.203125
m4a1,96.5
ak-47,98.34375
ak-47,101.703125
m4a1,70.578125
mp9,85.53125
m4a1,80.0625
m4a1,82.890625
ak-47,86.625
m4a1,98.609375
ak-47,43.296875
ak-47,55.6875
m4a1,55.921875
ak-47,58.34375
m4a1,59.25
ak-47,59.546875
awp,25.90625
awp,28.34375
m4a1,53.84375
m4a1,60.078125
awp,61.921875
awp,62.5625
mac-10,55.578125
ak-47,57.46875
mac-10,15.3125
m4a1,13.296875
awp,15.546875
ak-47,38.015625
m4a1,80.1875
ak-47,80.5625
m4a1,81.1875
awp,83.34375
awp,28.828125
ak-47,32.40625
ak-47,43.671875
ak-47,45.03125
ak-47,50.1875
ak-47,57.875
awp,42.046875
ak-47,43.625
ak-47,47.109375
ak-47,57.265625
ak-47,57.921875
mac-10,58.671875
mac-10,59.9375
m4a1,62.140625
ak-47,64.15625
m4a1,14.40625
m4a1,18.796875
m4a1,29.421875
awp,31.09375
awp,39.3125
awp,67.546875
m4a1,89.625
m4a1,93.015625
m4a1,99.078125
m4a1,100.796875
m4a1,25.53125
m4a1,26.125
m4a1,26.734375
m4a1,27.75
m4a1,13.109375
ak-47,13.40625
ak-47,15.265625
ak-47,42.09375
m4a1,52.21875
m4a1,53.15625
m4a1,58.53125
ak-47,58.59375
m4a1,55.953125
ak-47,56.015625
awp,56.546875
awp,56.546875
ak-47,82.1875
m4a1,82.6875
m4a1,86.859375
ak-47,55.59375
awp,73.734375
awp,75.875
m4a1,75.953125
ak-47,76.125
ak-47,76.828125
m4a1,78.109375
ak-47,74.890625
ak-47,104.109375
ak-47,105.328125
ak-47,40.03125
ak-47,40.4375
ak-47,43.03125
ak-47,86.3125
ak-47,15.15625
ak-47,15.265625
ak-47,15.96875
ak-47,16.765625
ak-47,17.15625
ak-47,32.234375
ak-47,33.3125
m4a1,34.15625
ak-47,36.359375
m4a1,38.25
m4a1,39.125
ak-47,53.21875
ak-47,10.421875
ak-47,24.296875
mp9,44.78125
ak-47,44.890625
mp9,48.4375
ak-47,105.046875
ak-47,105.453125
awp,20.625
mp9,22.84375
ak-47,25.796875
ak-47,27.6875
ak-47,29.03125
awp,33.96875
ak-47,24.703125
m4a1,31.34375
ak-47,33.109375
ak-47,41.625
ak-47,43.0
ak-47,98.03125
m4a1,21.78125
ak-47,93.828125
ak-47,103.984375
ak-47,108.78125
ak-47,110.90625
m4a1,112.09375
ak-47,114.515625
ak-47,70.640625
ak-47,72.34375
ak-47,77.234375
ak-47,110.65625
m4a1,15.375
ak-47,41.5
ak-47,60.765625
ak-47,61.96875
ak-47,62.015625
m4a1,78.453125
m4a1,79.5625
ak-47,101.046875
ak-47,91.40625
ak-47,97.515625
ak-47,58.15625
ak-47,59.4375
awp,61.4375
ak-47,69.6875
m4a1,77.203125
ak-47,88.578125
awp,89.65625
m4a1,14.28125
ak-47,67.625
ak-47,24.421875
ak-47,30.6875
awp,32.5
awp,46.09375
awp,59.421875
mac-10,14.3125
ak-47,14.859375
ak-47,16.171875
ak-47,16.828125
ak-47,48.796875
m4a1,28.265625
m4a1,48.96875
mp9,62.234375
m4a1,67.34375
m4a1,68.71875
mp9,14.9375
mp9,15.640625
m4a1,23.234375
m4a1,29.28125
m4a1,46.875
m4a1,61.296875
m4a1,71.6875
m4a1,72.859375
m4a1,73.75
ak-47,77.109375
m4a1,114.671875
ak-47,25.078125
ak-47,26.921875
mac-10,27.390625
mac-10,29.6875
awp,29.84375
ak-47,31.359375
ak-47,61.734375
mp9,30.796875
mp9,30.859375
mp9,32.109375
ak-47,43.921875
m4a1,79.765625
ak-47,80.484375
m4a1,81.09375
ak-47,76.90625
ak-47,77.203125
ak-47,85.09375
ak-47,86.828125
m4a1,87.984375
ak-47,14.5625
ak-47,16.5
ak-47,20.296875
awp,34.84375
ak-47,38.875
ak-47,42.25
ak-47,43.828125
ak-47,46.484375
awp,32.8125
m4a1,67.40625
m4a1,69.828125
ak-47,71.1875
ak-47,72.5
awp,79.390625
ak-47,83.6875
ak-47,20.75
ak-47,27.765625
ak-47,31.90625
mac-10,32.875
awp,49.953125
m4a1,50.96875
ak-47,34.640625
ak-47,40.15625
awp,31.953125
ak-47,35.5625
ak-47,36.0625
ak-47,40.453125
awp,53.078125
ak-47,16.4375
ak-47,17.4375
ak-47,25.0625
ak-47,27.625
awp,39.890625
ak-47,43.15625
awp,51.421875
ak-47,52.34375
mp9,11.78125
mp9,14.3125
mp9,53.0
mp9,60.109375
mp9,66.484375
ak-47,63.453125
ak-47,69.0625
ak-47,75.953125
ak-47,77.265625
ak-47,110.90625
mac-10,12.4375
ak-47,13.75
ak-47,14.109375
mac-10,15.484375
ak-47,16.34375
m4a1,9.40625
mac-10,23.4375
m4a1,36.515625
m4a1,37.75
m4a1,54.9375
ak-47,54.953125
awp,63.34375
ak-47,65.953125
awp,3.84375
ak-47,19.921875
mp9,44.40625
ak-47,45.0
awp,83.9375
ak-47,86.640625
m4a1,77.78125
ak-47,101.09375
ak-47,103.4375
awp,104.625
awp,105.796875
m4a1,28.671875
m4a1,38.578125
m4a1,39.59375
awp,36.65625
ak-47,98.796875
ak-47,101.546875
awp,19.421875
ak-47,40.9375
ak-47,49.90625
ak-47,50.875
mp9,84.75
ak-47,36.140625
ak-47,47.375
awp,56.703125
awp,59.0625
ak-47,60.1875
ak-47,70.265625
ak-47,20.765625
ak-47,25.546875
ak-47,33.90625
awp,47.484375
ak-47,53.375
ak-47,11.5625
ak-47,68.703125
ak-47,76.15625
ak-47,24.671875
m4a1,75.46875
ak-47,83.546875
m4a1,83.796875
m4a1,84.796875
awp,38.390625
awp,60.578125
ak-47,62.46875
m4a1,101.390625
awp,103.546875
awp,40.265625
awp,52.125
ak-47,65.578125
ak-47,78.34375
awp,31.484375
ak-47,41.03125
ak-47,43.953125
m4a1,77.890625
ak-47,81.765625
ak-47,83.125
awp,83.546875
ak-47,52.6875
ak-47,57.234375
awp,58.34375
m4a1,59.484375
m4a1,61.515625
m4a1,25.15625
m4a1,28.84375
awp,28.984375
m4a1,50.0
mp9,50.484375
mp9,50.96875
m4a1,55.96875
m4a1,67.125
m4a1,55.421875
ak-47,58.65625
m4a1,60.171875
ak-47,62.203125
ak-47,90.046875
m4a1,92.390625
m4a1,59.96875
m4a1,60.890625
m4a1,63.328125
ak-47,63.703125
m4a1,67.609375
ak-47,81.734375
ak-47,36.5625
m4a1,39.34375
m4a1,41.796875
m4a1,70.140625
m4a1,74.4375
ak-47,39.5
awp,41.375
awp,43.640625
ak-47,55.578125
m4a1,56.703125
m4a1,57.78125
awp,65.859375
m4a1,59.59375
awp,60.03125
ak-47,62.96875
awp,65.59375
m4a1,79.203125
ak-47,20.40625
ak-47,23.96875
ak-47,26.78125
awp,45.296875
m4a1,69.359375
m4a1,70.0625
awp,70.71875
awp,32.40625
ak-47,61.953125
ak-47,63.1875
m4a1,100.671875
ak-47,107.21875
awp,20.0625
ak-47,101.3125
ak-47,104.171875
awp,105.5625
awp,107.125
ak-47,109.53125
ak-47,21.671875
ak-47,22.953125
ak-47,62.96875
ak-47,64.34375
ak-47,65.28125
ak-47,60.953125
ak-47,61.09375
ak-47,70.140625
ak-47,71.203125
ak-47,83.90625
ak-47,104.65625
m4a1,55.609375
ak-47,64.953125
ak-47,85.171875
m4a1,90.15625
ak-47,109.21875
m4a1,105.234375
ak-47,56.796875
ak-47,77.796875
awp,78.6875
ak-47,79.796875
m4a1,83.90625
m4a1,15.375
awp,52.46875
m4a1,55.375
awp,66.46875
ak-47,75.734375
m4a1,75.875
ak-47,95.71875
ak-47,30.078125
m4a1,33.53125
m4a1,34.734375
m4a1,36.171875
awp,60.03125
awp,86.421875
awp,93.5
m4a1,43.84375
ak-47,46.671875
awp,51.75
m4a1,58.140625
m4a1,72.796875
m4a1,74.9375
m4a1,77.96875
awp,81.734375
ak-47,91.765625
ak-47,53.5625
awp,55.515625
ak-47,61.53125
ak-47,83.171875
ak-47,103.125
ak-47,42.5625
m4a1,79.078125
awp,81.828125
ak-47,87.359375
m4a1,90.375
ak-47,90.75
ak-47,107.984375
ak-47,44.609375
mp9,46.515625
mp9,92.328125
ak-47,82.09375
ak-47,86.203125
m4a1,86.390625
ak-47,94.84375
awp,33.5625
awp,65.328125
ak-47,104.015625
ak-47,105.328125
awp,106.390625
ak-47,107.875
m4a1,111.765625
m4a1,57.625
m4a1,73.84375
ak-47,91.671875
awp,95.296875
awp,97.09375
awp,99.65625
awp,106.015625
ak-47,17.59375
awp,21.953125
ak-47,24.6875
ak-47,64.703125
m4a1,66.0625
m4a1,69.390625
ak-47,71.046875
m4a1,75.28125
ak-47,54.59375
awp,59.84375
awp,64.515625
ak-47,82.859375
awp,98.21875
ak-47,109.296875
ak-47,29.15625
m4a1,35.96875
awp,107.984375
ak-47,109.421875
m4a1,20.828125
awp,63.875
awp,66.28125
awp,85.21875
m4a1,85.484375
m4a1,95.78125
m4a1,98.546875
m4a1,38.078125
ak-47,87.890625
ak-47,95.40625
m4a1,98.609375
m4a1,101.0
awp,102.53125
m4a1,111.265625
m4a1,111.859375
ak-47,77.84375
ak-47,79.71875
ak-47,81.796875
ak-47,82.625
ak-47,108.671875
ak-47,110.3125
ak-47,112.046875
ak-47,23.90625
ak-47,32.9375
m4a1,57.734375
ak-47,59.015625
ak-47,65.546875
m4a1,67.890625
ak-47,88.65625
m4a1,26.5625
m4a1,63.5625
awp,70.96875
awp,73.1875
awp,82.5
m4a1,114.359375
ak-47,96.359375
ak-47,102.390625
m4a1,103.609375
ak-47,103.703125
awp,106.515625
ak-47,109.890625
ak-47,111.4375
mac-10,71.890625
ak-47,100.046875
mac-10,112.875
m4a1,30.03125
ak-47,48.8125
m4a1,55.203125
m4a1,55.703125
m4a1,98.34375
ak-47,113.953125
m4a1,29.78125
ak-47,53.671875
ak-47,20.703125
ak-47,44.140625
ak-47,47.921875
m4a1,56.453125
m4a1,56.921875
ak-47,57.078125
ak-47,59.34375
ak-47,65.671875
ak-47,67.265625
m4a1,111.234375
ak-47,12.578125
ak-47,18.421875
ak-47,19.921875
ak-47,35.703125
ak-47,52.96875
m4a1,18.203125
ak-47,19.078125
m4a1,95.890625
m4a1,97.296875
ak-47,98.71875
m4a1,98.796875
ak-47,100.15625
ak-47,40.375
m4a1,49.625
ak-47,50.453125
m4a1,55.515625
m4a1,57.9375
m4a1,110.078125
m4a1,32.625
awp,37.0
awp,75.90625
awp,25.5
m4a1,27.296875
m4a1,39.84375
ak-47,65.53125
awp,71.65625
ak-47,78.0
ak-47,88.53125
m4a1,41.8125
m4a1,50.8125
m4a1,54.921875
m4a1,55.484375
m4a1,89.4375
m4a1,27.265625
m4a1,46.5625
m4a1,47.5625
m4a1,52.5
m4a1,65.046875
ak-47,46.34375
ak-47,51.5
m4a1,57.203125
ak-47,58.3125
ak-47,75.484375
ak-47,78.875
ak-47,16.203125
ak-47,16.203125
ak-47,24.84375
ak-47,26.796875
awp,28.0625
awp,38.71875
ak-47,62.296875
mac-10,15.25
ak-47,21.375
ak-47,25.015625
ak-47,14.671875
ak-47,16.3125
ak-47,31.265625
ak-47,49.65625
m4a1,11.265625
ak-47,21.28125
ak-47,55.484375
ak-47,56.53125
ak-47,75.53125
m4a1,24.9375
ak-47,77.703125
m4a1,78.265625
m4a1,99.546875
m4a1,101.78125
ak-47,104.625
m4a1,104.859375
ak-47,14.546875
ak-47,27.921875
ak-47,33.234375
ak-47,47.65625
m4a1,57.6875
ak-47,60.34375
ak-47,64.234375
awp,65.671875
ak-47,38.421875
m4a1,67.625
ak-47,111.046875
awp,24.046875
m4a1,56.328125
ak-47,60.65625
ak-47,61.40625
ak-47,62.609375
ak-47,63.15625
ak-47,65.046875
m4a1,77.53125
ak-47,88.328125
awp,17.21875
ak-47,87.140625
ak-47,87.84375
ak-47,90.21875
awp,91.21875
awp,100.0625
ak-47,112.375
awp,24.296875
ak-47,26.53125
ak-47,27.59375
ak-47,29.21875
ak-47,29.390625
ak-47,40.453125
ak-47,68.59375
ak-47,75.796875
ak-47,78.703125
ak-47,78.9375
awp,83.265625
ak-47,85.1875
ak-47,89.4375
awp,90.609375
ak-47,37.375
awp,51.203125
m4a1,73.890625
ak-47,111.546875
awp,113.40625
ak-47,26.890625
m4a1,29.1875
ak-47,29.375
ak-47,48.75
ak-47,55.203125
ak-47,59.5
ak-47,64.75
mac-10,14.0625
mp9,23.28125
mp9,78.421875
mac-10,75.53125
ak-47,76.421875
mac-10,77.609375
mac-10,15.15625
ak-47,22.796875
m4a1,60.046875
ak-47,64.015625
m4a1,65.6875
m4a1,67.609375
awp,67.78125
ak-47,67.796875
m4a1,83.140625
m4a1,91.375
m4a1,31.703125
ak-47,32.015625
awp,53.25
m4a1,73.015625
ak-47,74.8125
ak-47,90.34375
awp,92.109375
m4a1,17.890625
m4a1,38.6875
awp,65.515625
ak-47,66.578125
m4a1,70.484375
m4a1,91.515625
m4a1,12.84375
ak-47,13.640625
ak-47,32.96875
ak-47,37.71875
ak-47,66.0
awp,74.125
m4a1,46.390625
ak-47,46.71875
ak-47,47.609375
awp,63.65625
m4a1,79.71875
awp,80.734375
m4a1,84.453125
m4a1,23.28125
m4a1,24.078125
awp,29.578125
m4a1,63.453125
awp,64.703125
awp,75.46875
m4a1,107.203125
m4a1,25.0
m4a1,27.953125
awp,30.171875
ak-47,31.46875
m4a1,33.21875
ak-47,38.265625
awp,40.65625
awp,50.078125
mac-10,50.296875
ak-47,20.25
ak-47,14.859375
mp9,24.203125
ak-47,30.78125
awp,38.1875
ak-47,82.140625
awp,86.71875
ak-47,107.4375
mac-10,14.40625
mac-10,59.15625
ak-47,61.84375
m4a1,69.25
mp9,73.03125
ak-47,76.3125
m4a1,88.578125
ak-47,91.53125
ak-47,101.921875
ak-47,103.53125
mac-10,23.234375
mac-10,62.953125
mp9,67.578125
mp9,12.609375
ak-47,25.5625
mp9,26.640625
ak-47,36.453125
ak-47,56.921875
ak-47,62.53125
ak-47,71.171875
ak-47,71.5625
ak-47,79.390625
ak-47,89.3125
awp,30.90625
ak-47,42.046875
ak-47,88.421875
awp,11.453125
awp,21.78125
ak-47,23.0
m4a1,26.796875
ak-47,28.3125
m4a1,34.40625
ak-47,45.15625
ak-47,19.921875
ak-47,20.03125
awp,22.8125
awp,24.484375
m4a1,25.171875
awp,98.390625
awp,101.0
ak-47,102.625
ak-47,103.015625
ak-47,105.296875
m4a1,106.265625
m4a1,110.046875
mac-10,66.09375
mp9,98.40625
mac-10,16.953125
m4a1,26.0
m4a1,61.578125
m4a1,99.75
m4a1,40.4375
m4a1,40.796875
m4a1,43.40625
m4a1,46.234375
m4a1,71.5625
m4a1,37.109375
m4a1,66.890625
m4a1,95.921875
m4a1,96.25
m4a1,98.578125
m4a1,16.09375
ak-47,16.171875
m4a1,38.890625
m4a1,42.875
mac-10,43.421875
awp,45.078125
mac-10,46.75
mac-10,57.171875
awp,25.828125
awp,35.921875
m4a1,53.859375
mp9,60.390625
mp9,60.9375
mp9,61.25
awp,39.0
m4a1,41.078125
mp9,48.671875
m4a1,91.703125
ak-47,97.90625
awp,68.640625
ak-47,71.8125
ak-47,72.3125
m4a1,35.5625
m4a1,37.3125
m4a1,41.78125
m4a1,51.109375
mac-10,57.6875
awp,69.859375
m4a1,13.09375
mac-10,26.34375
m4a1,46.953125
m4a1,47.046875
m4a1,52.046875
m4a1,69.296875
ak-47,39.078125
mac-10,12.6875
mp9,13.671875
ak-47,20.796875
ak-47,35.828125
ak-47,37.328125
m4a1,69.6875
ak-47,71.453125
m4a1,15.25
ak-47,24.046875
ak-47,28.3125
m4a1,47.484375
m4a1,48.28125
ak-47,48.390625
ak-47,60.109375
ak-47,24.734375
ak-47,26.21875
ak-47,39.265625
ak-47,51.234375
ak-47,93.4375
ak-47,96.984375
ak-47,97.921875
ak-47,99.53125
ak-47,111.46875
mp9,81.5625
mp9,83.28125
m4a1,86.390625
awp,16.625
ak-47,93.359375
m4a1,78.625
awp,7.921875
awp,9.90625
awp,74.34375
m4a1,74.921875
m4a1,81.0625
awp,12.546875
ak-47,20.4375
ak-47,43.140625
ak-47,50.625
ak-47,50.75
ak-47,51.5625
ak-47,51.8125
m4a1,60.875
ak-47,66.8125
ak-47,15.5
m4a1,16.1875
m4a1,17.1875
mac-10,51.40625
ak-47,53.328125
ak-47,57.796875
ak-47,59.453125
awp,86.46875
ak-47,97.9375
awp,113.953125
awp,12.953125
mac-10,13.6875
ak-47,29.875
ak-47,31.015625
awp,34.078125
ak-47,39.0625
awp,70.984375
ak-47,28.4375
ak-47,29.078125
awp,31.09375
m4a1,36.796875
ak-47,75.421875
ak-47,81.0
m4a1,37.4375
m4a1,67.609375
m4a1,83.15625
m4a1,90.59375
ak-47,103.859375
ak-47,12.828125
ak-47,19.125
mac-10,19.515625
mac-10,21.328125
ak-47,22.765625
ak-47,73.984375
ak-47,79.875
ak-47,93.0625
m4a1,93.125
m4a1,94.109375
m4a1,97.875
mp9,9.140625
ak-47,81.265625
mp9,84.546875
mp9,92.71875
mp9,97.296875
mp9,60.125
ak-47,66.015625
ak-47,91.359375
ak-47,93.890625
ak-47,109.359375
awp,114.125
m4a1,28.34375
awp,88.390625
m4a1,94.25
ak-47,94.4375
m4a1,95.6875
m4a1,97.203125
m4a1,21.75
m4a1,59.796875
m4a1,60.40625
m4a1,61.578125
ak-47,63.859375
ak-47,38.421875
ak-47,47.625
m4a1,49.296875
ak-47,87.65625
m4a1,103.625
ak-47,110.671875
awp,16.359375
awp,46.4375
awp,50.21875
ak-47,66.96875
ak-47,71.953125
m4a1,83.71875
ak-47,108.34375
m4a1,11.65625
m4a1,32.046875
m4a1,67.78125
m4a1,77.4375
mp9,95.296875
ak-47,34.25
ak-47,36.828125
m4a1,40.234375
ak-47,40.609375
ak-47,82.109375
mac-10,49.234375
m4a1,85.015625
ak-47,92.71875
m4a1,94.09375
ak-47,97.0625
ak-47,98.984375
m4a1,107.828125
m4a1,33.84375
m4a1,44.578125
ak-47,45.875
ak-47,47.78125
m4a1,50.296875
awp,51.234375
m4a1,69.09375
awp,8.828125
ak-47,17.515625
m4a1,27.75
m4a1,33.8125
awp,8.765625
awp,13.609375
awp,35.859375
awp,38.84375
awp,44.71875
ak-47,46.453125
awp,15.578125
m4a1,31.40625
m4a1,32.453125
ak-47,33.625
awp,17.28125
awp,22.265625
ak-47,38.28125
ak-47,39.015625
awp,42.4375
ak-47,17.59375
ak-47,33.515625
ak-47,50.703125
ak-47,50.90625
ak-47,60.03125
ak-47,24.140625
ak-47,24.203125
m4a1,27.953125
m4a1,28.4375
m4a1,41.90625
mac-10,43.1875
m4a1,63.125
ak-47,70.375
ak-47,33.53125
ak-47,34.1875
m4a1,36.03125
ak-47,38.734375
ak-47,40.296875
ak-47,41.296875
ak-47,18.265625
ak-47,20.796875
ak-47,27.171875
mac-10,38.078125
mac-10,47.296875
ak-47,50.015625
m4a1,40.421875
m4a1,46.6875
ak-47,48.84375
m4a1,53.953125
mp9,58.84375
m4a1,61.65625
m4a1,89.0
ak-47,12.65625
ak-47,15.234375
m4a1,17.46875
ak-47,17.859375
m4a1,18.53125
ak-47,19.328125
awp,27.390625
awp,47.296875
ak-47,53.96875
ak-47,18.71875
ak-47,19.125
mp9,21.09375
ak-47,23.109375
ak-47,27.171875
mac-10,31.359375
m4a1,12.53125
ak-47,13.109375
m4a1,13.5
ak-47,17.90625
ak-47,19.40625
ak-47,21.484375
m4a1,49.9375
ak-47,69.3125
ak-47,28.015625
ak-47,30.421875
ak-47,35.625
mp9,48.390625
ak-47,75.984375
ak-47,94.171875
m4a1,19.25
m4a1,22.21875
m4a1,22.21875
ak-47,40.515625
ak-47,56.25
awp,62.796875
ak-47,80.875
ak-47,89.921875
m4a1,20.140625
awp,22.28125
m4a1,30.953125
awp,39.9375
awp,64.640625
m4a1,68.6875
ak-47,77.65625
ak-47,12.984375
ak-47,13.109375
ak-47,14.34375
ak-47,16.875
ak-47,21.90625
awp,18.71875
m4a1,20.140625
awp,22.09375
m4a1,47.953125
m4a1,60.0
mp9,51.96875
mac-10,55.65625
mac-10,58.09375
ak-47,62.953125
ak-47,65.046875
mp9,17.40625
mp9,17.765625
m4a1,22.5625
m4a1,23.671875
mp9,24.359375
m4a1,29.046875
ak-47,42.265625
ak-47,13.1875
ak-47,26.375
ak-47,55.078125
ak-47,60.140625
ak-47,68.640625
m4a1,79.015625
m4a1,79.71875
mp9,84.609375
m4a1,86.125
mp9,87.125
mp9,13.984375
mp9,14.546875
mp9,15.171875
mp9,19.03125
m4a1,23.5
ak-47,74.734375
ak-47,79.265625
m4a1,113.90625
ak-47,36.53125
ak-47,37.9375
ak-47,40.046875
ak-47,51.9375
ak-47,56.6875
m4a1,59.546875
m4a1,68.84375
m4a1,74.859375
ak-47,38.109375
ak-47,39.765625
m4a1,49.5625
ak-47,58.703125
ak-47,64.109375
ak-47,85.578125
mp9,85.578125
m4a1,85.9375
m4a1,86.578125
m4a1,90.15625
ak-47,95.21875
awp,100.859375
ak-47,101.875
ak-47,20.234375
ak-47,28.65625
ak-47,38.546875
mac-10,52.5625
ak-47,69.8125
m4a1,23.65625
ak-47,37.890625
ak-47,41.03125
m4a1,41.15625
m4a1,69.03125
awp,88.40625
m4a1,94.53125
m4a1,101.4375
awp,47.265625
ak-47,57.21875
m4a1,49.953125
ak-47,50.40625
ak-47,60.625
ak-47,61.3125
ak-47,62.359375
ak-47,70.25
awp,70.375
ak-47,12.375
ak-47,19.578125
ak-47,65.53125
awp,67.796875
ak-47,76.515625
m4a1,84.921875
ak-47,92.765625
mac-10,83.640625
ak-47,26.3125
ak-47,47.015625
awp,29.203125
awp,44.859375
awp,47.453125
awp,98.609375
ak-47,101.328125
ak-47,14.828125
m4a1,48.15625
awp,62.296875
ak-47,62.9375
awp,67.015625
awp,88.609375
ak-47,90.0
awp,28.46875
m4a1,29.015625
m4a1,33.6875
ak-47,33.75
awp,35.796875
ak-47,69.1875
m4a1,71.390625
ak-47,73.359375
ak-47,75.21875
m4a1,86.609375
ak-47,86.953125
ak-47,96.890625
ak-47,86.34375
m4a1,92.390625
ak-47,93.359375
m4a1,93.875
m4a1,100.859375
awp,33.984375
m4a1,37.65625
m4a1,42.078125
ak-47,46.859375
m4a1,48.09375
m4a1,49.203125
m4a1,51.4375
mp9,35.265625
mac-10,36.890625
ak-47,36.96875
ak-47,20.890625
m4a1,24.15625
ak-47,28.796875
mp9,73.15625
awp,20.65625
ak-47,35.859375
ak-47,54.1875
ak-47,17.34375
m4a1,18.96875
ak-47,19.046875
ak-47,20.359375
ak-47,29.0625
mp9,81.21875
m4a1,83.390625
ak-47,95.953125
ak-47,96.703125
ak-47,26.09375
ak-47,33.046875
ak-47,50.03125
m4a1,39.78125
ak-47,40.828125
awp,52.34375
ak-47,62.6875
ak-47,71.84375
ak-47,72.546875
ak-47,87.5625
awp,107.1875
ak-47,23.09375
ak-47,29.8125
ak-47,38.8125
awp,51.09375
ak-47,53.078125
ak-47,60.1875
ak-47,23.0
awp,33.09375
ak-47,43.09375
awp,46.140625
m4a1,53.609375
awp,58.609375
m4a1,77.6875
awp,47.0
ak-47,48.890625
ak-47,50.5625
ak-47,53.03125
ak-47,53.25
ak-47,53.625
m4a1,54.28125
ak-47,99.0625
m4a1,76.390625
mp9,82.046875
mp9,89.953125
ak-47,19.578125
m4a1,23.15625
m4a1,23.65625
ak-47,35.296875
ak-47,37.40625
mac-10,54.34375
mac-10,57.640625
mac-10,82.78125
ak-47,11.140625
mac-10,73.640625
ak-47,75.125
ak-47,92.640625
ak-47,100.609375
ak-47,102.25
mp9,103.4375
mp9,110.109375
mp9,19.046875
ak-47,30.359375
m4a1,31.90625
awp,34.421875
awp,60.4375
ak-47,40.078125
ak-47,68.703125
ak-47,68.78125
ak-47,84.765625
m4a1,87.015625
ak-47,89.5
ak-47,93.65625
ak-47,102.203125
awp,109.484375
m4a1,37.859375
ak-47,41.359375
ak-47,44.59375
ak-47,45.734375
awp,47.90625
m4a1,54.015625
awp,13.8125
awp,15.625
ak-47,21.40625
m4a1,63.984375
ak-47,65.078125
m4a1,76.6875
ak-47,17.921875
ak-47,20.625
awp,21.265625
m4a1,23.390625
awp,40.140625
awp,84.015625
ak-47,21.671875
m4a1,55.109375
ak-47,68.359375
awp,69.84375
awp,72.96875
m4a1,93.828125
m4a1,94.9375
ak-47,102.890625
ak-47,103.90625
awp,14.359375
ak-47,15.328125
awp,16.859375
ak-47,17.875
ak-47,47.90625
ak-47,58.90625
ak-47,39.8125
ak-47,45.171875
ak-47,53.390625
awp,57.390625
ak-47,59.34375
ak-47,73.609375
ak-47,49.375
awp,51.59375
m4a1,53.421875
m4a1,56.0625
ak-47,85.203125
ak-47,71.53125
ak-47,72.75
ak-47,79.8125
m4a1,102.4375
m4a1,103.453125
m4a1,108.15625
ak-47,16.6875
ak-47,18.625
m4a1,22.28125
awp,62.609375
ak-47,81.21875
awp,89.21875
awp,97.46875
m4a1,105.484375
ak-47,63.125
m4a1,83.171875
ak-47,84.15625
ak-47,90.625
awp,91.828125
ak-47,101.046875
ak-47,112.328125
ak-47,24.6875
ak-47,28.109375
ak-47,29.015625
ak-47,34.1875
ak-47,38.546875
ak-47,41.484375
ak-47,42.78125
m4a1,62.765625
ak-47,67.015625
ak-47,67.71875
m4a1,77.203125
m4a1,77.96875
ak-47,13.078125
ak-47,14.390625
ak-47,68.125
ak-47,69.5625
ak-47,72.0625
ak-47,73.078125
m4a1,78.234375
ak-47,12.640625
ak-47,21.015625
ak-47,21.40625
ak-47,25.6875
awp,34.046875
