"weapon_name","vitesse_tueur"
glock-18,206.81490317610206
ak-47,32.44517731924645
ak-47,18.40435372635945
ak-47,48.982785929411996
ak-47,1.6389127970242956
ak-47,19.98938678924296
ak-47,41.36078898497901
ak-47,0.0
ak-47,22.223098480746582
ak-47,3.3676480791075836
ak-47,40.526357393791436
ak-47,12.846631962665544
ak-47,67.78364161294743
ak-47,40.11379568829732
awp,0.0
ak-47,0.0
ak-47,0.0
ak-47,42.49403472377586
awp,0.0
awp,0.0
ak-47,0.0
ak-47,0.0
ak-47,0.0
awp,0.0
ak-47,0.0
ak-47,30.855067416177135
ak-47,73.69589679946995
awp,0.0
ak-47,0.0
awp,0.0
ak-47,64.48192086585048
ak-47,6.727837704618624
ak-47,0.0
ak-47,18.961354764954454
ak-47,0.0
awp,0.0
ak-47,17.533957321788627
ak-47,10.954295833597019
awp,2.1249781832520074
ak-47,0.0
ak-47,0.0
ak-47,0.0
ak-47,0.0
ak-47,0.0
ak-47,0.0
ak-47,0.0
ak-47,0.0
ak-47,32.69791748659173
ak-47,73.10397325660449
ak-47,135.05312630157113
awp,0.0
ak-47,0.0
ak-47,0.0
ak-47,0.0
ak-47,0.0
ak-47,0.0
ak-47,0.0
ak-47,0.0
ak-47,0.0
ak-47,80.51105614290017
ak-47,13.726956808615157
ak-47,0.0
ak-47,0.0
ak-47,54.82479232525041
ak-47,13.56168125664499
ak-47,15.711667869160804
awp,0.0
ak-47,0.0
ak-47,0.0
ak-47,0.0
ak-47,6.0806101411954545
ak-47,7.800480969088124
ak-47,46.20513249595427
ak-47,24.532807861281043
ak-47,5.927922314787366
ak-47,25.08133107598949
awp,0.0
ak-47,0.0
ak-47,125.27643168487174
ak-47,24.908274607935734
ak-47,0.0
ak-47,0.0
awp,0.0
ak-47,0.0
ak-47,0.0
ak-47,0.0
ak-47,0.0
ak-47,0.0
ak-47,0.0
awp,0.0
ak-47,0.0
ak-47,7.682086808313806
ak-47,9.927450294000167
ak-47,0.0
ak-47,11.871815734749424
awp,13.495702971540423
ak-47,0.0
ak-47,0.0
ak-47,0.0
awp,1.3587068210566988
awp,9.095243742224229
ak-47,0.0
ak-47,70.55061329671747
ak-47,0.0
awp,0.0
ak-47,70.85701729169516
awp,0.0
ak-47,0.0
ak-47,0.0
ak-47,0.0
ak-47,0.0
awp,25.29869991749341
ak-47,10.122482432954328
ak-47,0.0
ak-47,0.0
glock-18,185.9861949756868
glock-18,76.71534511593386
glock-18,17.866984947583852
glock-18,10.046145968884037
glock-18,17.08181503220041
mac-10,99.31934975472389
mac-10,150.534734812677
mac-10,97.5570429102483
ak-47,11.744131517718499
ak-47,18.156854387181305
ak-47,0.0
ak-47,0.0
ak-47,0.7237641392725949
ak-47,27.99356118343054
ak-47,2.1410528203872037
awp,0.0
ak-47,0.0
ak-47,0.0
awp,1.2138948026072935
ak-47,0.0
ak-47,64.09973384426998
ak-47,0.0
ak-47,0.0
ak-47,5.769413558803009
ak-47,0.0
ak-47,23.647264715229667
awp,15.860577611422888
ak-47,22.32174780456593
ak-47,12.86123136327498
awp,0.0
awp,0.0
ak-47,0.0
awp,0.0
awp,0.0
ak-47,0.0
ak-47,5.835692042696221
ak-47,5.148624553696065
ak-47,75.51389749598533
awp,0.0
ak-47,0.0
ak-47,74.74971720172127
ak-47,0.0
awp,0.0
awp,9.120737286741022
ak-47,15.660555283173837
ak-47,13.605205254877413
ak-47,0.0
ak-47,0.0
ak-47,0.0
ak-47,40.35041282436501
ak-47,0.0
glock-18,6.437245738360856
glock-18,7.730469
glock-18,54.0039064
glock-18,239.76279029083847
glock-18,0.0
glock-18,0.0
ak-47,31.743634461651695
ak-47,14.429118576358883
ak-47,20.60985476128471
ak-47,0.0
ak-47,0.0
ak-47,0.0
ak-47,0.0
ak-47,0.0
ak-47,0.0
awp,4.820540145353942
awp,28.49616202227942
awp,0.3906298821570106
ak-47,11.453971780770546
ak-47,1.0541954870895625
ak-47,15.661631214026846
awp,0.0
ak-47,56.38672734915071
ak-47,18.95813037564211
ak-47,8.50721457649835
ak-47,38.87697864044943
awp,13.981245951888123
ak-47,25.246889247582324
awp,33.24113855564496
awp,10.277141301443413
ak-47,0.0
ak-47,52.347656
mac-10,239.99990641274218
mac-10,238.2762958214735
mac-10,0.0
awp,0.0
ak-47,50.85389387967834
ak-47,8.406512056730842
ak-47,0.0
ak-47,0.0
ak-47,19.533187879773262
ak-47,0.0
ak-47,0.0
ak-47,70.19408115333728
awp,10.845051030335727
awp,7.219954879814208
ak-47,46.122381541943234
ak-47,39.11893492338461
glock-18,14.073547189682813
glock-18,20.599644666041886
glock-18,31.548587379947904
glock-18,0.0
ak-47,11.527872557550461
ak-47,0.0
ak-47,8.112117955902084
ak-47,0.0
ak-47,0.0
ak-47,33.28259399497251
glock-18,0.0
glock-18,0.0
glock-18,9.428040064251158
glock-18,0.0
glock-18,167.79730125737075
ak-47,0.0
ak-47,0.0
ak-47,0.0
ak-47,4.817420045649435
awp,0.0
awp,0.0
awp,0.0
ak-47,0.0
ak-47,34.80817102290727
awp,0.0
ak-47,0.0
ak-47,0.0
ak-47,28.906221977874935
ak-47,0.0
awp,0.0
ak-47,0.0
awp,0.0
ak-47,0.0
awp,0.0
ak-47,14.370869396692637
ak-47,0.0
ak-47,52.47610448310431
ak-47,7.158864123795687
ak-47,0.0
ak-47,60.44258356658098
ak-47,0.0
ak-47,0.0
awp,0.0
ak-47,0.0
ak-47,0.0
ak-47,0.0
ak-47,0.0
ak-47,19.38597698530577
ak-47,0.0
ak-47,0.0
ak-47,0.0
ak-47,0.0
awp,0.0
ak-47,0.0
ak-47,1.7269380844318074
awp,0.0
ak-47,0.0
ak-47,0.0
awp,0.0
ak-47,0.0
awp,0.0
ak-47,0.0
ak-47,0.0
ak-47,0.0
ak-47,9.297854719793218
ak-47,0.0
ak-47,0.0
ak-47,0.0
ak-47,0.0
ak-47,0.0
ak-47,7.696026964231609
ak-47,26.497307487067605
ak-47,0.0
ak-47,40.01131735037357
awp,0.0
ak-47,40.90268579389443
ak-47,3.655265327878128
ak-47,0.0
awp,0.0
ak-47,0.0
ak-47,60.61633455331729
awp,0.0
ak-47,65.39190933625218
glock-18,12.914147464330311
glock-18,8.693852757974682
glock-18,180.02684871919973
ak-47,0.0
ak-47,0.0
mac-10,30.26740363255907
ak-47,13.03414703453851
mac-10,57.157734475724816
mac-10,0.0
ak-47,17.81357959817695
ak-47,0.0
ak-47,0.0
ak-47,0.0
ak-47,8.79689306497925
ak-47,53.077327597594284
ak-47,9.958817288863623
ak-47,23.395340330495046
ak-47,12.050234583994497
ak-47,63.960237918176986
ak-47,0.0
ak-47,48.97694156046484
awp,0.0
awp,0.0
awp,0.0
ak-47,0.0
awp,10.336442377124975
awp,2.3216271864726687
ak-47,3.0335241559427213
ak-47,0.0
ak-47,7.486172952882467
ak-47,16.27132231957022
ak-47,0.0
ak-47,0.0
ak-47,0.0
ak-47,4.895870017726063
ak-47,15.330451943532813
ak-47,22.985579739325285
ak-47,36.374964723015005
ak-47,11.452656027233378
ak-47,30.14706582264019
ak-47,14.37178367646024
ak-47,32.93605506257483
mac-10,62.6129077802902
ak-47,20.661504000070323
ak-47,0.0
ak-47,0.0
glock-18,25.095894645336017
glock-18,57.25239116433636
glock-18,0.0
ak-47,40.63391463242828
ak-47,0.0
ak-47,17.674271776016685
ak-47,68.21504411816333
ak-47,0.0
ak-47,51.43654722353841
ak-47,0.0
awp,9.531469309669522
glock-18,220.6673615935448
ak-47,78.69718125759412
awp,0.0
ak-47,0.0
ak-47,91.27489423494605
ak-47,0.0
ak-47,23.21048026442945
awp,0.0
awp,4.280052295971394
ak-47,0.0
ak-47,10.71718478472593
awp,0.0
ak-47,17.124180911724245
ak-47,0.0
ak-47,24.492931919687788
ak-47,13.48808093715292
ak-47,20.31429805532224
ak-47,0.0
ak-47,50.408267592292724
ak-47,0.0
ak-47,53.834585438353066
ak-47,0.0
ak-47,0.0
ak-47,15.155968103048547
ak-47,79.39084992290024
awp,0.0
ak-47,73.09887419338169
awp,0.0
ak-47,32.83865257862582
awp,0.0
ak-47,70.41944642511282
ak-47,9.560617453940202
ak-47,0.0
glock-18,9.242979445359813
glock-18,189.58124584469675
glock-18,51.833667669934265
ak-47,25.61217448981402
ak-47,0.0
awp,9.1798874369716
ak-47,3.351645070661272
awp,3.89612950855859
ak-47,65.6449819528116
ak-47,0.0
ak-47,0.0
ak-47,0.0
ak-47,0.0
ak-47,0.0
awp,0.0
ak-47,0.0
awp,0.0
ak-47,0.0
ak-47,1.5907836226778298
awp,0.0
ak-47,0.0
awp,0.0
ak-47,0.0
awp,7.254109513088495
awp,9.7183823385918
awp,0.0
ak-47,114.4024084716116
awp,0.0
awp,0.0
awp,0.0
ak-47,0.0
ak-47,0.0
ak-47,0.0
ak-47,0.0
awp,0.0
ak-47,0.0
ak-47,0.0
ak-47,0.0
awp,0.0
awp,0.0
awp,0.0
ak-47,0.0
glock-18,0.0
glock-18,57.349664990618116
glock-18,240.00217761781448
glock-18,175.15857909914448
ak-47,2.5366482450935135
ak-47,6.615567893589182
ak-47,0.0
ak-47,5.371832448111724
ak-47,0.0
ak-47,0.0
ak-47,6.546853692498481
ak-47,0.0
ak-47,0.0
ak-47,0.0
ak-47,58.90336695797689
ak-47,29.96314641899158
ak-47,0.0
ak-47,0.0
ak-47,72.99035215332775
ak-47,0.0
ak-47,31.72196729900805
ak-47,0.0
ak-47,5.7097991769085015
ak-47,23.09377675926647
ak-47,32.113461570850625
ak-47,2.86501490711113
ak-47,0.0
ak-47,0.0
ak-47,0.0
ak-47,0.0
ak-47,5.1414797921537145
ak-47,7.444069723927094
ak-47,0.0
ak-47,0.0
ak-47,26.552314223528615
ak-47,0.0
ak-47,0.0
awp,16.326756820668642
ak-47,0.0
ak-47,0.0
awp,0.0
awp,0.0
ak-47,73.09294758203698
awp,0.0
awp,0.0
ak-47,0.0
ak-47,0.0
ak-47,0.0
awp,0.0
ak-47,11.272688543858381
ak-47,0.0
ak-47,9.57828160047349
ak-47,0.0
ak-47,0.0
ak-47,68.1773487230638
ak-47,64.78788444379956
awp,0.0
ak-47,35.24956366086324
ak-47,27.208869749457968
ak-47,81.02651053918248
glock-18,0.0
glock-18,0.40437246636362373
ak-47,6.303428410830808
ak-47,159.01432141976974
ak-47,0.0
ak-47,0.0
ak-47,0.0
ak-47,0.0
awp,13.801979166273583
ak-47,2.7620837333080615
ak-47,18.35118833430822
ak-47,0.0
awp,0.0
ak-47,63.21240609933455
awp,9.491341204866044
ak-47,9.641461400863253
ak-47,0.0
awp,8.754842608834782
ak-47,0.0
awp,0.0
ak-47,0.0
ak-47,32.90494832913386
awp,11.429231611337045
awp,8.258179093743124
ak-47,79.56086475804912
awp,0.0
awp,26.327444636535542
awp,0.0
awp,0.0
ak-47,35.17529039246635
ak-47,0.0
ak-47,41.515940453967126
ak-47,0.0
awp,0.0
awp,11.500374639787568
awp,3.007926719097558
glock-18,0.0
glock-18,143.92171397885832
glock-18,0.0
glock-18,0.0
glock-18,9.335594266703112
ak-47,0.0
ak-47,0.0
ak-47,70.74974558006916
ak-47,0.0
ak-47,28.307729787768306
ak-47,17.084921166045806
ak-47,0.0
ak-47,0.0
awp,0.0
ak-47,0.0
glock-18,0.0
awp,0.0
ak-47,10.355324848679542
awp,0.0
ak-47,41.50940008708683
ak-47,0.0
ak-47,47.1348296249436
ak-47,0.0
awp,0.0
awp,3.7744720693553955
awp,3.063187970557635
ak-47,12.95660754055478
awp,0.0
ak-47,0.0
ak-47,0.0
ak-47,0.0
ak-47,23.60335484563796
awp,0.0
ak-47,24.590665154191864
ak-47,0.0
ak-47,26.575035751240073
ak-47,32.12349686530445
ak-47,10.618585542566628
glock-18,0.0
glock-18,158.23319703640652
glock-18,215.7296021808078
glock-18,0.0
glock-18,9.066299270843976
mac-10,237.75506312398448
mac-10,142.40085726704956
mac-10,23.451487193562883
ak-47,55.94378949749332
ak-47,0.7352160974577474
ak-47,67.09659547994966
ak-47,31.66428899036934
ak-47,0.0
ak-47,0.0
glock-18,54.606314734437674
glock-18,10.519411879196479
glock-18,0.0
glock-18,0.0
mac-10,5.348344794697608
mac-10,40.77084476485426
mac-10,41.238158408171685
ak-47,21.454867527101374
ak-47,36.91497194117814
ak-47,41.31153173490642
ak-47,67.69015911888145
ak-47,73.09399395572024
ak-47,58.899374216685764
ak-47,12.229753111768241
ak-47,45.910676762598534
ak-47,39.85556141383916
ak-47,13.605910762415172
ak-47,8.520383619442319
ak-47,59.91220593784484
ak-47,0.0
ak-47,32.70851414081363
ak-47,23.429425692518585
ak-47,17.542264266332438
ak-47,10.424018239143674
ak-47,0.0
ak-47,0.0
ak-47,70.99887889931756
ak-47,77.2541963313308
ak-47,0.0
ak-47,0.0
ak-47,0.0
ak-47,48.47690092242619
ak-47,0.0
ak-47,0.0
ak-47,29.15482804021811
ak-47,34.970727090860265
ak-47,10.046671160342266
ak-47,73.09824563985786
ak-47,73.10491264169998
ak-47,10.559182633642862
ak-47,197.35339547574216
ak-47,22.575529695128417
ak-47,0.0
ak-47,47.80549674899289
ak-47,10.318183707772604
ak-47,55.83125180205241
ak-47,35.31295652900414
mac-10,30.840118072946492
ak-47,0.0
awp,0.0
ak-47,28.30466642146607
awp,1.4953132170846346
glock-18,21.24874371975833
mac-10,111.71359188659558
mac-10,103.62026746685392
awp,6.029083969860181
ak-47,10.42201827468984
glock-18,0.0
mac-10,109.36801037851083
ak-47,22.448633807073183
ak-47,0.0
ak-47,0.0
ak-47,0.0
ak-47,0.0
ak-47,0.0
ak-47,0.0
ak-47,0.0
ak-47,0.0
ak-47,0.0
ak-47,0.0
awp,5.350431516525092
ak-47,0.0
ak-47,0.0
awp,0.0
ak-47,0.0
ak-47,0.0
awp,4.80675104197513
ak-47,0.0
ak-47,0.0
ak-47,0.0
ak-47,0.0
ak-47,0.0
awp,0.0
ak-47,0.0
ak-47,0.0
awp,0.0
ak-47,45.56194808479165
ak-47,0.0
glock-18,148.6746307080262
glock-18,78.74933365648147
glock-18,88.05063775610508
glock-18,0.0
ak-47,21.015330247282435
ak-47,0.0
mac-10,104.32359883451193
ak-47,0.0
ak-47,35.09203608342595
ak-47,54.808739672721416
awp,0.0
ak-47,0.0
ak-47,71.63612128291119
ak-47,41.20284458508107
ak-47,0.0
ak-47,14.184274793515845
awp,0.0
awp,0.0
awp,0.0
ak-47,0.0
ak-47,0.0
awp,0.0
ak-47,43.513294024956835
ak-47,10.650080129861042
ak-47,83.30618410478652
awp,0.0
ak-47,0.0
awp,0.0
ak-47,0.0
ak-47,0.0
ak-47,0.0
awp,24.464575029120553
ak-47,0.0
ak-47,44.079189624106846
ak-47,0.0
glock-18,0.0
ak-47,39.83875621297282
ak-47,0.0
ak-47,0.0
awp,26.95013117430971
ak-47,0.0
awp,0.514394899182525
awp,0.0
awp,33.97877796764923
awp,0.0
ak-47,0.0
ak-47,0.0
ak-47,12.310641528798813
ak-47,0.0
ak-47,0.0
ak-47,78.92682652636213
awp,0.0
awp,0.0
ak-47,0.0
awp,0.0
awp,0.0
awp,0.0
awp,8.519827453642709
awp,7.0646092352939105
awp,20.031757587117834
ak-47,9.311245464312496
ak-47,48.70397846901176
awp,0.0
ak-47,73.09906671847668
ak-47,0.0
ak-47,16.059701080649198
ak-47,0.0
ak-47,0.0
ak-47,0.0
ak-47,0.0
awp,0.0
ak-47,0.0
ak-47,0.0
awp,0.0
ak-47,0.0
ak-47,0.0
awp,0.0
ak-47,0.0
ak-47,0.0
ak-47,19.594119161668893
ak-47,40.62439975290933
awp,0.0
awp,0.0
glock-18,68.70978127714967
glock-18,31.81003259709309
glock-18,93.49872669472124
glock-18,38.749866858528044
ak-47,8.389981562095652
ak-47,0.0
ak-47,0.0
ak-47,68.45841482411397
ak-47,0.0
ak-47,10.078491397797043
ak-47,0.0
ak-47,0.0
awp,2.6250116242302624
awp,0.0
ak-47,0.0
ak-47,0.0
awp,0.0
awp,0.0
awp,9.62451804799856
ak-47,9.616247677880597
ak-47,0.0
ak-47,10.643976755328293
ak-47,39.34785793429783
glock-18,159.7828505453505
glock-18,94.58912946870512
glock-18,0.0
ak-47,0.0
ak-47,0.0
ak-47,0.0
ak-47,0.0
ak-47,0.0
ak-47,38.15849351154655
ak-47,0.0
awp,0.0
ak-47,0.0
awp,0.0
awp,0.0
ak-47,0.0
ak-47,0.0
ak-47,0.0
ak-47,0.0
ak-47,0.0
awp,6.569773196653672
ak-47,0.0
awp,0.0
ak-47,34.790223688458354
ak-47,0.0
ak-47,26.425669289581748
awp,0.0
ak-47,0.0
ak-47,0.0
awp,0.0
awp,0.0
awp,0.0
awp,6.433128844161758
ak-47,8.145711862257343
awp,0.0
ak-47,0.0
ak-47,0.0
ak-47,0.0
ak-47,0.0
ak-47,0.0
ak-47,0.0
awp,0.0
ak-47,73.09846106290901
glock-18,105.53395319424307
glock-18,133.2323877314559
glock-18,26.25599806383069
glock-18,81.60008960304876
ak-47,10.319889373422953
ak-47,24.811710908874986
ak-47,0.0
ak-47,0.0
ak-47,0.0
ak-47,150.87374732986342
ak-47,61.28940740374392
ak-47,0.0
ak-47,13.95129833885879
ak-47,23.71423361560702
glock-18,37.578855892060496
glock-18,69.09357706522167
ak-47,0.0
ak-47,0.0
ak-47,0.0
awp,9.33522250122947
awp,18.52286307236171
ak-47,0.0
ak-47,24.26396634117079
ak-47,29.45662240672384
ak-47,0.0
ak-47,0.0
awp,12.639603825099464
ak-47,0.0
awp,0.0
ak-47,0.0
awp,0.0
ak-47,0.0
awp,0.0
awp,1.677123770216438
ak-47,24.773808603555207
ak-47,0.0
ak-47,0.0
awp,0.0
ak-47,0.0
ak-47,3.6506302263862604
ak-47,0.0
ak-47,0.0
ak-47,7.267846614917585
ak-47,0.0
awp,0.8782225478237279
awp,4.6979051182415335
awp,0.0
ak-47,0.0
ak-47,0.0
ak-47,0.0
ak-47,0.0
ak-47,0.0
ak-47,0.0
ak-47,0.0
ak-47,14.557506957054425
ak-47,0.0
ak-47,0.0
awp,0.0
awp,0.0
ak-47,0.0
ak-47,0.0
ak-47,0.0
ak-47,0.0
awp,0.0
ak-47,7.967044441689088
awp,0.0
ak-47,57.06862885835318
ak-47,30.89452949589071
ak-47,0.0
ak-47,0.0
ak-47,0.0
ak-47,0.0
ak-47,0.0
ak-47,0.0
ak-47,0.0
ak-47,0.0
ak-47,0.0
ak-47,0.0
ak-47,0.0
ak-47,0.0
ak-47,0.0
ak-47,61.76349403898954
ak-47,0.0
awp,0.0
ak-47,0.0
ak-47,0.0
ak-47,0.0
ak-47,0.0
awp,0.0
ak-47,0.0
ak-47,15.224896325334633
ak-47,0.0
ak-47,42.41937722849223
ak-47,0.0
ak-47,28.9863978049359
ak-47,18.049373357451497
ak-47,37.21115647242941
ak-47,0.0
ak-47,67.68015611016777
ak-47,0.0
ak-47,19.9502126887942
ak-47,0.0
awp,13.134126192037064
ak-47,0.0
ak-47,62.31323282021914
ak-47,77.88832976344943
ak-47,73.09774545789591
ak-47,73.10901434512454
ak-47,6.661213754955549
glock-18,0.0
ak-47,14.86644295123958
ak-47,1.2599705818740372
ak-47,0.0
ak-47,0.0
ak-47,55.033355031431846
ak-47,0.0
ak-47,21.15305321120925
ak-47,15.037697405415365
ak-47,0.0
awp,0.0
ak-47,55.616597518011375
ak-47,0.0
ak-47,27.193225670292755
ak-47,0.0
ak-47,0.0
awp,10.5247181092558
ak-47,0.0
ak-47,0.0
awp,7.930861954098117
glock-18,0.0
glock-18,0.0
glock-18,0.0
glock-18,10.452295837817163
mac-10,16.90159782577402
ak-47,81.47819217914233
ak-47,0.0
awp,0.2752179179196006
awp,0.0
awp,5.128838895692573
ak-47,78.71454385248191
ak-47,56.48014151088721
ak-47,16.153341100042926
ak-47,0.0
ak-47,15.679547008829688
ak-47,0.0
ak-47,0.0
ak-47,0.0
ak-47,3.7903446855082983
glock-18,27.678583849363573
glock-18,26.664460479596602
glock-18,0.0
glock-18,132.10263489300584
mac-10,0.0
ak-47,0.0
mac-10,0.0
ak-47,0.0
ak-47,0.0
awp,0.0
ak-47,0.0
ak-47,34.558279768156574
ak-47,0.0
ak-47,12.504679043480843
ak-47,68.91550075358364
ak-47,0.0
ak-47,22.00047451989584
ak-47,16.097970203714752
ak-47,75.2239139666367
ak-47,20.902197089995706
ak-47,11.379072760882629
ak-47,0.0
ak-47,0.0
ak-47,0.0
awp,0.0
ak-47,0.0
ak-47,115.47427414676257
ak-47,0.0
awp,0.0
ak-47,0.0
ak-47,0.0
ak-47,0.0
awp,0.0
ak-47,0.0
awp,0.0
ak-47,0.0
awp,0.0
ak-47,63.10529485788483
ak-47,0.0
ak-47,0.34454765975696305
ak-47,0.0
ak-47,16.945844423042512
ak-47,34.825710016093
awp,0.0
ak-47,9.301551633623768
glock-18,36.631595532361416
glock-18,145.18291012573803
glock-18,41.6290191735355
glock-18,69.85239839532953
ak-47,17.78939491574983
ak-47,15.877212393995773
ak-47,9.215327311602177
ak-47,20.032122874410216
ak-47,61.07427471906614
ak-47,0.0
ak-47,0.0
awp,0.0
glock-18,201.92509617493943
glock-18,107.55593452017673
glock-18,0.0
glock-18,82.08344481529777
mac-10,0.0
mac-10,0.0
mac-10,0.0
ak-47,29.970186432056394
ak-47,2.753850381702862
ak-47,38.546890007986924
ak-47,73.0399499206973
awp,0.0
awp,9.528112602932964
ak-47,0.0
ak-47,0.0
awp,0.0
ak-47,0.0
awp,0.0
awp,0.0
ak-47,18.35607801704844
ak-47,62.360838410484384
ak-47,0.0
ak-47,0.0
ak-47,0.0
ak-47,73.10293152033773
ak-47,0.0
ak-47,11.466435436402545
awp,6.736029055491151
ak-47,0.0
ak-47,42.117899118721546
ak-47,45.143827149696556
awp,10.516154143029713
awp,10.5566228015344
ak-47,54.12633661837448
ak-47,10.305764945188153
ak-47,0.0
ak-47,0.0
ak-47,12.613086564346094
ak-47,22.23328879418133
awp,0.0
awp,0.0
awp,0.0
glock-18,28.764382291122544
glock-18,0.0
glock-18,0.0
glock-18,0.0
glock-18,0.0
ak-47,0.0
ak-47,24.46756522147612
ak-47,11.407689078739304
ak-47,4.820338296527433
glock-18,98.54327024392477
ak-47,0.0
ak-47,0.0
ak-47,34.62893265885908
ak-47,0.0
ak-47,0.0
ak-47,0.0
ak-47,95.90569667801242
ak-47,33.89112023852946
awp,0.0
awp,0.0
ak-47,0.0
awp,0.0
awp,0.0
glock-18,0.0
glock-18,0.0
glock-18,0.0
glock-18,0.0
glock-18,0.0
ak-47,0.0
ak-47,10.10748479121725
awp,0.0
awp,0.0
awp,0.0
ak-47,0.0
ak-47,0.0
awp,0.0
ak-47,0.0
ak-47,0.0
awp,0.0
awp,0.0
ak-47,39.785798074216686
awp,0.0
ak-47,0.0
ak-47,41.81798390887443
ak-47,30.609490298847266
awp,0.0
ak-47,0.0
awp,0.0
ak-47,0.0
ak-47,0.0
awp,0.0
awp,0.0
ak-47,0.0
ak-47,0.0
awp,0.0
ak-47,0.0
ak-47,0.0
ak-47,0.0
ak-47,0.0
awp,0.0
ak-47,0.0
ak-47,0.0
glock-18,0.0
glock-18,87.16081019462922
ak-47,0.0
ak-47,0.0
ak-47,0.0
ak-47,0.0
ak-47,0.0
ak-47,53.623019351998494
ak-47,0.0
awp,22.058935973881535
ak-47,0.0
awp,0.0
ak-47,0.0
awp,15.410440923384542
awp,0.0
awp,10.219127966239634
ak-47,0.0
ak-47,0.0
ak-47,14.3081436660375
awp,0.0
glock-18,73.73717269403315
glock-18,104.98976351782612
ak-47,0.0
awp,0.0
ak-47,0.0
ak-47,0.0
ak-47,0.0
ak-47,0.0
ak-47,0.0
ak-47,0.0
ak-47,0.0
awp,0.0
ak-47,0.0
ak-47,0.0
ak-47,25.733515313411903
ak-47,0.0
ak-47,0.0
ak-47,6.929809022592181
ak-47,20.786649721240433
ak-47,0.0
ak-47,23.501762063842552
ak-47,45.74923688741977
awp,0.0
awp,9.859282571563107
awp,10.635388580611664
ak-47,0.0
ak-47,73.093560688317
ak-47,3.166916535029618
awp,0.0
awp,0.38153476557713584
awp,0.0
awp,12.5222976215102
awp,0.0
awp,8.172819638279313
awp,29.23584294108152
ak-47,47.90072793108811
ak-47,44.83627169787454
glock-18,7.130262160711133
glock-18,31.48271164961017
glock-18,81.44992756422069
glock-18,128.971612216846
ak-47,40.7937303802906
ak-47,7.32357259469755
ak-47,0.0
ak-47,40.57943556910166
ak-47,0.0
ak-47,33.571801205398636
awp,0.0
ak-47,0.0
glock-18,152.47789916855317
glock-18,72.27222668073107
glock-18,137.29768061775619
ak-47,35.31906963390581
glock-18,0.0
ak-47,1.8586622456772504
ak-47,106.460938
ak-47,27.364992811045724
awp,9.145647826587735
ak-47,36.87843380172169
ak-47,0.0
awp,8.632653420479997
ak-47,73.09780361683563
ak-47,12.21859459204241
ak-47,0.0
ak-47,18.49630762350186
awp,20.84741632405973
ak-47,0.0
ak-47,0.0
ak-47,3.507892737807272
mac-10,58.870419836465246
ak-47,0.0
ak-47,0.0
ak-47,6.679245317162412
ak-47,21.81374286911719
ak-47,0.0
ak-47,8.836528080395887
ak-47,28.47597843193891
ak-47,9.152809720585806
awp,0.0
ak-47,0.0
ak-47,7.00807899124011
ak-47,0.0
ak-47,0.0
ak-47,0.0
ak-47,18.19420754252809
awp,0.0
awp,0.0
ak-47,0.0
ak-47,0.0
ak-47,0.0
ak-47,0.0
awp,0.0
ak-47,22.360976596901757
glock-18,8.303806087221691
glock-18,5.709834019417465
ak-47,57.82616032041505
ak-47,60.7014600229675
mac-10,0.0
ak-47,90.3029842588532
ak-47,36.53957724546555
awp,0.0
ak-47,0.0
glock-18,64.85655832124723
ak-47,11.782157276363314
ak-47,0.0
awp,0.0
ak-47,0.0
ak-47,0.0
awp,0.0
ak-47,0.0
ak-47,0.0
awp,0.0
awp,0.0
ak-47,0.0
ak-47,0.0
awp,0.0
awp,0.0
awp,0.0
ak-47,0.0
ak-47,0.0
awp,0.0
ak-47,0.0
awp,0.0
ak-47,13.463174962768813
ak-47,0.0
ak-47,5.574098348384338
awp,0.0
ak-47,63.62164995569481
ak-47,25.45465138202582
ak-47,0.0
awp,11.547932123463706
ak-47,28.228958448547903
ak-47,0.0
ak-47,0.0
ak-47,0.0
ak-47,26.735397774123822
ak-47,0.0
awp,0.0
ak-47,0.0
awp,0.0
awp,8.383654458824088
ak-47,0.0
ak-47,0.0
glock-18,0.0
glock-18,0.0
glock-18,0.0
ak-47,57.58083527040274
ak-47,58.80890670954121
ak-47,15.332214211169502
awp,0.0
awp,0.0
awp,0.0
ak-47,0.0
ak-47,0.0
ak-47,8.671698495951528
awp,6.1329911375257185
ak-47,34.90224672360605
ak-47,27.571257506455975
ak-47,0.0
ak-47,0.0
ak-47,0.0
awp,0.0
awp,0.0
ak-47,0.0
awp,0.0
ak-47,39.83869582647068
ak-47,0.0
ak-47,33.977963774837654
ak-47,32.70385517968211
ak-47,14.225350459764602
ak-47,0.0
awp,0.0
awp,0.0
ak-47,12.74657763286232
ak-47,0.0
awp,0.0
ak-47,58.8842092386087
awp,0.0
awp,0.0
awp,0.0
ak-47,3.7731326987405307
ak-47,0.0
ak-47,15.266345109292958
ak-47,0.0
glock-18,0.0
glock-18,0.0
glock-18,0.0
glock-18,79.50781345285938
ak-47,0.0
ak-47,0.0
ak-47,103.22426265499297
ak-47,0.0
ak-47,0.0
ak-47,0.0
ak-47,0.0
ak-47,0.0
ak-47,0.0
ak-47,0.0
ak-47,0.0
ak-47,0.0
ak-47,0.0
ak-47,14.304636751650843
ak-47,0.0
ak-47,44.68799982013969
ak-47,20.82591695692365
ak-47,0.0
ak-47,0.0
ak-47,0.0
ak-47,7.828020553382573
ak-47,32.30030294459326
ak-47,0.0
awp,11.186951613949264
ak-47,0.0
ak-47,0.0
ak-47,0.0
ak-47,54.78852276309793
ak-47,0.0
ak-47,0.0
ak-47,0.0
ak-47,56.533630132005
ak-47,87.74405352169438
ak-47,0.0
ak-47,130.56742108514638
ak-47,0.0
ak-47,42.368239284263204
ak-47,0.0
ak-47,28.172459980182083
ak-47,0.0
ak-47,8.398916640285757
ak-47,0.0
ak-47,0.0
ak-47,0.0
ak-47,1.526204970606832
awp,13.36730899809629
ak-47,0.0
ak-47,0.0
ak-47,0.0
glock-18,0.0
glock-18,0.0
ak-47,33.36229256012224
ak-47,0.0
ak-47,0.0
ak-47,0.0
ak-47,0.0
ak-47,0.0
ak-47,0.0
ak-47,0.0
ak-47,0.0
ak-47,47.221651166624234
ak-47,0.0
ak-47,0.0
ak-47,214.99720992512866
awp,0.0
awp,0.0
ak-47,78.86517944642736
ak-47,0.0
ak-47,21.75784035058811
ak-47,0.0
ak-47,0.0
glock-18,104.24078119911472
glock-18,108.71796893729476
glock-18,0.0
ak-47,0.0
ak-47,0.0
ak-47,0.0
ak-47,0.0
ak-47,0.0
ak-47,0.0
ak-47,0.0
ak-47,0.0
ak-47,0.0
ak-47,0.0
ak-47,0.0
ak-47,0.0
ak-47,68.92028116400638
ak-47,0.0
ak-47,0.0
ak-47,0.0
ak-47,46.53386908246702
ak-47,0.0
ak-47,51.26349858495733
ak-47,0.0
ak-47,0.0
awp,0.0
ak-47,61.50272457931996
awp,0.0
ak-47,0.0
awp,0.0
awp,0.0
ak-47,9.265258344155548
awp,0.0
awp,0.0
ak-47,0.0
ak-47,9.447508819913534
ak-47,0.0
awp,0.0
ak-47,21.279555906827497
ak-47,0.0
ak-47,0.0
ak-47,75.69411696193741
glock-18,0.0
glock-18,0.0
glock-18,0.0
glock-18,0.0
glock-18,116.80492233506655
ak-47,0.0
ak-47,0.0
ak-47,0.0
ak-47,33.40785289968794
ak-47,0.0
mac-10,0.0
ak-47,0.0
ak-47,0.0
ak-47,0.0
awp,15.891883771277872
awp,11.140022984040966
ak-47,20.925884336805076
ak-47,0.0
awp,6.563114976467806
ak-47,0.0
ak-47,10.698438377562681
ak-47,0.0
ak-47,0.0
ak-47,0.0
awp,43.169470090182806
glock-18,144.11558161903255
glock-18,33.07421992258177
glock-18,0.0
mac-10,0.0
ak-47,7.914448573998633
mac-10,0.0
mac-10,0.0
ak-47,19.52503025965965
glock-18,202.52855320637428
ak-47,7.103476588289779
ak-47,1.9559081268265133
ak-47,15.84047929625114
ak-47,18.083957868518965
ak-47,48.603006051741545
ak-47,2.033830709623591
ak-47,13.605315180242904
ak-47,0.0
ak-47,0.0
ak-47,0.0
ak-47,0.0
ak-47,0.0
ak-47,70.56813512996982
ak-47,5.443223212797359
ak-47,5.7144210155508315
ak-47,0.0
mac-10,63.86112022021889
ak-47,0.0
ak-47,21.094031117941586
ak-47,47.78673989472001
ak-47,10.89969219014207
glock-18,0.0
glock-18,0.0
glock-18,0.0
ak-47,0.0
ak-47,0.0
ak-47,23.6220981523062
ak-47,71.6871067919074
ak-47,24.345961268311527
ak-47,12.347319499718349
ak-47,22.61178477067613
ak-47,34.77277407148743
ak-47,11.008736296713897
ak-47,0.0
ak-47,0.0
ak-47,1.9698817451420785
ak-47,0.0
ak-47,89.820896549919
ak-47,0.0
awp,0.0
ak-47,0.0
ak-47,0.0
ak-47,0.0
ak-47,18.90829663509183
ak-47,2.929552080203559
ak-47,0.0
ak-47,0.0
ak-47,146.76312182198066
ak-47,0.0
ak-47,22.062585780672425
ak-47,0.0
ak-47,41.94376494998617
ak-47,60.08324245421727
ak-47,15.080361908545994
ak-47,4.987447956338793
ak-47,29.995911356474384
awp,18.44049833011638
ak-47,0.0
ak-47,0.0
ak-47,9.629679662245312
ak-47,73.09578075417555
ak-47,0.0
ak-47,13.394444102406789
ak-47,40.28076815557426
awp,0.0
ak-47,0.0
awp,0.0
ak-47,15.063436538538808
ak-47,21.803237928527242
awp,0.0
awp,4.9568977161634065
awp,0.0
awp,19.69806213069014
awp,8.292308641558934
ak-47,0.0
awp,10.451601229080117
awp,11.417057593648199
ak-47,0.0
ak-47,18.047773747830202
ak-47,45.43680629009496
ak-47,2.4172960803021213
ak-47,15.06925253555149
ak-47,0.0
awp,6.103843135873005
ak-47,0.0
ak-47,79.44114631289528
ak-47,9.212047944673378
ak-47,0.0
ak-47,214.96283535301362
ak-47,0.0
ak-47,0.0
awp,19.672228700156218
awp,19.672228700156218
ak-47,0.0
glock-18,0.0
glock-18,0.0
ak-47,0.0
ak-47,16.61042600489852
mac-10,0.0
ak-47,0.0
ak-47,0.0
ak-47,19.37712896933137
awp,0.0
ak-47,19.02989405329646
ak-47,0.0
awp,0.0
ak-47,0.0
ak-47,9.46071492822424
awp,0.0
ak-47,54.50270768548848
awp,0.0
awp,7.42566754772236
ak-47,0.0
ak-47,13.416024899545505
awp,9.397542552932656
ak-47,0.0
ak-47,0.0
ak-47,0.0
ak-47,0.0
ak-47,0.0
ak-47,45.469769276408314
ak-47,0.0
awp,0.0
ak-47,6.998309564233066
ak-47,0.0
glock-18,127.57719342318714
glock-18,88.76447254028758
glock-18,119.11756060040175
glock-18,79.63451626075819
ak-47,99.589392545992
ak-47,0.5104652624616096
ak-47,150.44043470728863
awp,9.15110243529434
ak-47,147.87363126606533
ak-47,0.0
ak-47,0.0
ak-47,19.596284360493062
ak-47,4.491946381327475
ak-47,0.0
ak-47,7.428779682971154
ak-47,116.40010814630578
ak-47,0.0
ak-47,52.21278443235611
ak-47,20.83003470921988
ak-47,92.32790288093099
ak-47,0.0
ak-47,0.0
ak-47,17.230169462941447
ak-47,0.0
ak-47,34.859232049726515
glock-18,0.0
glock-18,0.0
glock-18,0.0
glock-18,81.33434366260875
ak-47,0.0
ak-47,0.0
ak-47,26.303540256263855
ak-47,0.0
ak-47,0.0
ak-47,11.282992696724394
ak-47,0.0
ak-47,17.51189665111509
ak-47,0.0
ak-47,64.38664471551286
ak-47,0.0
ak-47,17.031234627143302
ak-47,0.0
ak-47,0.0
ak-47,0.0
ak-47,7.66527661713444
ak-47,0.0
ak-47,0.0
mac-10,15.267486540427866
ak-47,61.63520411390738
ak-47,73.09665581288479
ak-47,0.0
ak-47,52.52924052643613
ak-47,0.0
ak-47,0.0
ak-47,0.0
ak-47,0.0
ak-47,25.936691399971277
ak-47,0.0
ak-47,71.92153209995925
ak-47,38.58011209836567
glock-18,0.0
awp,0.0
ak-47,5.66247347055048
glock-18,0.0
ak-47,14.684802045814441
ak-47,0.0
ak-47,0.0
ak-47,0.0
ak-47,0.0
awp,0.0
ak-47,33.028275403137066
awp,0.0
glock-18,54.868125880057576
glock-18,0.0
glock-18,0.0
glock-18,0.0
glock-18,209.15927371897106
ak-47,0.0
ak-47,0.0
ak-47,0.0
ak-47,0.0
ak-47,0.0
ak-47,0.0
ak-47,0.0
ak-47,0.0
ak-47,0.0
ak-47,0.0
ak-47,26.324823276706056
ak-47,0.0
ak-47,20.54080044458582
ak-47,0.0
ak-47,0.0
ak-47,0.0
ak-47,27.433802605373995
ak-47,17.07387756689654
ak-47,24.126696768941848
ak-47,0.0
ak-47,0.0
ak-47,0.0
ak-47,0.0
glock-18,141.15308003158253
glock-18,29.44879775904485
glock-18,2.258339579480907
glock-18,0.0
glock-18,3.648429135429384
mac-10,176.70321936437466
ak-47,10.664692434390878
ak-47,43.806034465337696
mac-10,0.0
awp,0.0
ak-47,22.442116445529106
ak-47,0.0
ak-47,13.158280206292348
awp,0.0
awp,0.0
ak-47,0.0
ak-47,0.0
awp,1.3859866620368322
awp,33.96946141978835
ak-47,64.04153237081655
ak-47,0.0
awp,26.413449872253587
ak-47,0.0
ak-47,0.0
ak-47,18.63953966653868
ak-47,0.0
ak-47,0.0
ak-47,0.0
ak-47,0.0
ak-47,12.390863414950912
ak-47,4.715049252460148
ak-47,0.0
ak-47,0.0
ak-47,0.0
ak-47,0.0
ak-47,0.0
awp,7.253082813579616
ak-47,0.0
awp,0.0
mac-10,0.0
awp,9.283405200935483
awp,11.413607167669694
ak-47,0.0
glock-18,211.00268880970404
glock-18,93.62065862779485
glock-18,56.59530953052089
glock-18,0.0
glock-18,117.61690740876647
mac-10,25.575440800056366
ak-47,0.0
ak-47,0.0
ak-47,0.0
ak-47,0.0
ak-47,0.0
ak-47,27.763239938220252
ak-47,57.53018411253749
ak-47,34.218645361369695
ak-47,0.0
awp,14.066007945173071
ak-47,45.70857236558696
ak-47,4.19896983273874
ak-47,11.081159672150203
awp,18.34327751733929
awp,33.994080628606206
awp,11.502983113385675
awp,10.320856921295054
ak-47,0.0
glock-18,78.71596796890228
glock-18,0.0
glock-18,0.0
glock-18,0.7678932904180111
glock-18,0.0
mac-10,0.0
ak-47,0.0
ak-47,0.0
ak-47,0.0
ak-47,0.0
awp,0.0
awp,0.0
mac-10,0.0
ak-47,9.239240481698157
ak-47,9.324746151650725
ak-47,17.412675675486753
awp,0.0
mac-10,0.0
ak-47,0.0
ak-47,23.34122801474001
ak-47,71.8828665648843
awp,12.447277765322426
ak-47,0.0
mac-10,0.0
ak-47,73.1010660723766
ak-47,0.0
ak-47,8.901151241267728
awp,0.0
ak-47,0.0
awp,0.0
ak-47,0.0
ak-47,0.0
ak-47,0.0
ak-47,0.0
awp,1.5314769933593517
awp,0.0
ak-47,46.50377651855067
awp,6.5842501266635525
ak-47,5.398607961762458
ak-47,8.182505563390837
awp,0.0
ak-47,0.0
ak-47,0.0
ak-47,0.0
ak-47,0.0
awp,0.0
ak-47,0.0
ak-47,0.0
ak-47,0.0
awp,8.676347960104241
ak-47,0.0
ak-47,0.0
awp,0.0
ak-47,22.161284460301935
ak-47,22.341566735117034
ak-47,0.0
ak-47,0.0
ak-47,0.0
ak-47,0.0
ak-47,0.0
awp,0.0
mac-10,0.0
ak-47,0.0
ak-47,18.139464265129995
ak-47,0.0
awp,0.0
awp,1.8518965371153973
mac-10,0.0
awp,0.0
awp,0.0
ak-47,0.0
ak-47,9.134072762223104
ak-47,20.58192945362946
awp,0.0
ak-47,0.0
ak-47,0.0
ak-47,0.0
awp,13.829599144588393
ak-47,0.0
ak-47,0.0
ak-47,0.0
ak-47,0.0
ak-47,73.08952058706817
ak-47,6.318230796787499
ak-47,5.816883131222855
awp,0.0
awp,0.0
ak-47,0.0
awp,0.0
awp,2.552309614288204
ak-47,0.0
ak-47,0.0
ak-47,0.0
ak-47,0.0
ak-47,0.0
ak-47,0.0
ak-47,0.0
ak-47,0.0
ak-47,12.469342993104648
awp,0.0
ak-47,0.0
ak-47,0.0
ak-47,33.25628604154926
ak-47,22.05470360688914
ak-47,0.0
awp,11.548262557488032
ak-47,100.62913648592213
awp,11.221580942088508
ak-47,0.0
ak-47,0.0
ak-47,22.785751197594344
ak-47,15.605786896624021
awp,15.721120508506033
ak-47,0.0
ak-47,0.0
ak-47,0.0
ak-47,0.0
ak-47,0.0
ak-47,4.045511847999583
awp,0.0
ak-47,0.0
ak-47,62.0534683405906
ak-47,12.873915763737036
awp,0.0
glock-18,0.0
glock-18,0.0
glock-18,0.0
ak-47,0.0
ak-47,0.0
ak-47,0.0
ak-47,11.10154008864734
ak-47,69.65159939373413
ak-47,3.6309352466521623
awp,0.0
ak-47,0.0
ak-47,0.0
awp,0.0
ak-47,0.0
awp,0.0
ak-47,19.308540612687356
awp,17.904786421316757
ak-47,0.0
awp,0.0
ak-47,23.010746669610025
awp,0.0
ak-47,0.0
awp,0.0
awp,0.0
awp,0.0
ak-47,0.0
awp,0.0
ak-47,0.0
ak-47,10.910502936131588
ak-47,31.8801940096017
ak-47,32.662518088638315
ak-47,0.0
glock-18,0.0
ak-47,0.0
ak-47,0.0
ak-47,0.0
awp,1.8075470318807751
ak-47,0.0
mac-10,0.0
ak-47,0.0
ak-47,0.0
ak-47,0.0
ak-47,0.0
glock-18,222.7226638428998
glock-18,35.99068123524955
glock-18,0.0
glock-18,0.0
glock-18,113.08008784369291
ak-47,0.0
ak-47,0.0
ak-47,0.0
ak-47,86.20360073210219
ak-47,0.0
ak-47,0.0
ak-47,0.0
ak-47,7.6597468450481445
ak-47,80.25200693770404
awp,3.4705887598279346
ak-47,58.26173332764652
ak-47,0.0
ak-47,42.42195052149988
ak-47,0.0
ak-47,38.21828063927603
glock-18,0.0
ak-47,14.120116262363565
ak-47,0.0
ak-47,0.0
ak-47,0.0
ak-47,0.0
ak-47,0.0
awp,0.0
ak-47,0.0
ak-47,0.0
ak-47,0.0
ak-47,107.42644308468994
ak-47,35.99742501868135
awp,0.0
ak-47,20.252411121888674
ak-47,44.890483645694175
awp,0.0
awp,10.383670565747403
awp,0.6044600694719214
mac-10,0.0
ak-47,7.7787589976145295
ak-47,63.59746054705471
awp,4.305247524823631
ak-47,24.24791590593406
ak-47,30.89872244773793
ak-47,0.0
ak-47,41.59081800804265
awp,0.0
awp,0.0
ak-47,0.0
ak-47,27.87284534834038
ak-47,16.796765988018347
ak-47,26.047174938285053
ak-47,12.249208264234305
glock-18,0.0
glock-18,37.52050752794126
ak-47,91.78333527438325
ak-47,54.28060232774227
ak-47,59.44175306148416
ak-47,9.632140525629234
ak-47,32.19218764063486
awp,8.96000881734142
ak-47,0.0
awp,17.288185204244257
awp,4.563604514309385
ak-47,0.0
ak-47,41.031185443113735
awp,13.593004649106282
awp,11.529124385896312
ak-47,0.0
awp,7.518612971527727
ak-47,6.235168991341454
ak-47,73.10497057471858
ak-47,4.545371314934018
ak-47,16.949351538572945
ak-47,0.0
ak-47,0.0
ak-47,0.0
ak-47,67.96398869817475
ak-47,0.0
ak-47,101.2862204383187
ak-47,0.0
ak-47,4.44718795707872
ak-47,0.0
ak-47,8.667738566400638
ak-47,16.866675945780216
ak-47,0.0
ak-47,47.87703253329655
awp,0.0
awp,0.0
ak-47,0.0
awp,0.0
awp,0.0
ak-47,206.98030146514083
awp,0.0
ak-47,91.06451744719578
ak-47,74.8125
awp,0.0
ak-47,71.6844170442341
ak-47,14.216784007000633
ak-47,73.0966848312432
awp,0.0
ak-47,29.753393432629426
ak-47,36.54332469767852
awp,0.0
awp,0.0
ak-47,0.0
awp,0.0
ak-47,0.0
ak-47,32.321177773527516
ak-47,0.0
ak-47,0.0
ak-47,0.0
ak-47,0.0
ak-47,12.521904635602565
ak-47,23.397681277596057
ak-47,37.57951562363246
ak-47,13.329474071670795
ak-47,4.429466569446484
awp,0.0
awp,0.0
ak-47,32.903948859518444
awp,0.0
awp,0.0
ak-47,0.0
ak-47,18.04729482610203
awp,0.0
ak-47,0.0
ak-47,18.327163270803478
awp,0.0
ak-47,91.83785089233339
awp,0.0
ak-47,0.0
glock-18,7.12426435761237
glock-18,61.39980194321081
glock-18,0.0
ak-47,0.0
ak-47,0.0
ak-47,0.0
ak-47,0.0
ak-47,43.91428750396013
ak-47,0.0
ak-47,0.0
ak-47,5.981616790200205
awp,0.0
ak-47,0.0
ak-47,11.16025891801745
ak-47,0.0
ak-47,13.358464452704883
awp,0.0
ak-47,0.0
ak-47,0.0
awp,0.0
ak-47,0.0
ak-47,0.0
ak-47,0.0
ak-47,0.0
awp,0.0
ak-47,8.369798749400669
ak-47,49.56018886374386
ak-47,83.52371375713714
ak-47,0.0
ak-47,0.0
ak-47,0.0
ak-47,0.0
ak-47,0.0
ak-47,0.0
ak-47,0.0
glock-18,4.520125479517797
glock-18,54.98096936625494
glock-18,233.23259095005858
glock-18,0.0
glock-18,0.0
mac-10,0.0
ak-47,0.0
mac-10,122.697498052323
mac-10,124.5636809836412
awp,0.0
ak-47,8.616231631580769
awp,4.29825435212785
ak-47,7.20584276410643
ak-47,0.0
ak-47,0.0
awp,9.01407690148298
ak-47,0.0
awp,0.0
ak-47,15.830580549769014
ak-47,0.0
ak-47,0.0
ak-47,0.0
ak-47,0.0
awp,0.0
awp,11.033156100979628
ak-47,5.572289441260926
ak-47,0.0
ak-47,0.0
ak-47,0.0
ak-47,1.842574921093848
ak-47,0.0
ak-47,60.3071547103396
ak-47,0.0
ak-47,4.21553991017924
ak-47,41.68319490152295
glock-18,0.0
glock-18,0.0
glock-18,0.0
glock-18,90.73013836544338
glock-18,0.0
mac-10,40.726304239733615
mac-10,44.75654675047377
ak-47,28.570349885469113
ak-47,0.0
ak-47,73.10130858885047
awp,8.642745706058927
ak-47,59.95203367698911
ak-47,34.71962543730615
ak-47,0.0
awp,9.527822740778083
awp,0.0
awp,0.0
ak-47,22.379889997142076
ak-47,13.954733564719357
awp,7.269627069559276
ak-47,1.2874513512645829
ak-47,1.396226488770357
ak-47,51.64840375081147
ak-47,0.0
ak-47,1.902155072522217
ak-47,0.0
ak-47,0.0
ak-47,29.306473427651184
ak-47,32.44752204162945
ak-47,22.585666080931418
ak-47,73.08974094550116
ak-47,61.77066886207376
awp,0.0
awp,0.0
ak-47,35.69046054213872
ak-47,0.0
awp,12.841659694523951
ak-47,81.01224745311077
ak-47,0.0
ak-47,10.988011277744668
ak-47,0.0
ak-47,44.542433522391654
ak-47,50.24031012695285
awp,5.1126475955419615
ak-47,0.0
awp,7.882812777006948
ak-47,0.0
ak-47,51.491636115609154
awp,7.458367410863117
glock-18,0.0
ak-47,32.35904472820049
awp,0.0
awp,0.0
ak-47,0.0
ak-47,0.0
awp,32.169778120774225
ak-47,0.0
ak-47,0.0
glock-18,165.58863511535804
glock-18,24.248039646917974
glock-18,0.0
glock-18,56.352481819911254
mac-10,76.5705384192859
ak-47,0.0
ak-47,72.68982603514328
ak-47,25.051272270195557
ak-47,0.0
ak-47,80.9013592412998
ak-47,0.0
ak-47,42.83676156037556
ak-47,73.04082787319942
ak-47,51.91630801509261
ak-47,83.80635766674976
ak-47,9.422885003075704
awp,0.0
ak-47,0.0
ak-47,31.930992256032916
ak-47,0.0
awp,0.0
ak-47,0.0
ak-47,9.282765891988712
ak-47,13.251252888878092
ak-47,0.0
ak-47,0.0
ak-47,0.0
ak-47,0.0
ak-47,23.52997995601503
awp,0.0
ak-47,19.685692856122337
ak-47,72.70567932314397
awp,0.0
ak-47,0.0
ak-47,0.0
awp,0.9228014412645875
awp,1.8167544496901609
awp,3.232949559685242
ak-47,0.0
ak-47,0.0
ak-47,0.0
ak-47,43.76741481004215
glock-18,97.9562133054737
glock-18,239.99577696760454
glock-18,219.8836653452638
glock-18,110.8948506732164
glock-18,49.46542836222621
mac-10,0.0
ak-47,24.347553452394102
ak-47,0.0
mac-10,0.0
ak-47,0.0
ak-47,0.0
ak-47,0.0
ak-47,39.68168789272176
ak-47,0.8572508150833104
mac-10,0.0
mac-10,0.0
ak-47,0.0
ak-47,11.65071919722126
awp,49.58403388204337
glock-18,232.03217065241643
glock-18,73.11828380413044
glock-18,56.128390692183004
glock-18,84.43284620086027
mac-10,0.0
mac-10,0.0
mac-10,0.0
mac-10,140.77713805767596
mac-10,0.0
mac-10,0.0
awp,0.0
awp,0.0
ak-47,0.0
ak-47,0.0
ak-47,0.0
ak-47,0.0
ak-47,0.0
ak-47,0.0
awp,0.0
awp,0.0
ak-47,10.39492118415551
ak-47,0.0
awp,0.0
ak-47,0.0
ak-47,0.0
ak-47,57.853431365990176
ak-47,9.830028043695703
awp,0.0
ak-47,28.143938935908118
ak-47,0.0
ak-47,0.0
ak-47,19.83117233692542
ak-47,0.0
ak-47,65.68102167551784
ak-47,55.43810859530433
ak-47,10.254060266700455
awp,30.748715550965375
ak-47,0.0
awp,0.0
ak-47,0.0
ak-47,72.14229770421073
ak-47,0.0
ak-47,0.0
ak-47,0.0
awp,0.0
awp,9.437965634208465
ak-47,0.0
ak-47,37.71881923745717
ak-47,0.0
awp,0.0
ak-47,0.0
ak-47,11.886423005358045
awp,0.0
awp,0.0
awp,0.0
ak-47,0.0
awp,0.0
ak-47,0.0
ak-47,0.0
ak-47,0.0
awp,0.0
ak-47,14.89393244931264
awp,27.71499479713949
ak-47,0.0
awp,29.203661851455887
ak-47,0.0
awp,8.640566075918
ak-47,57.14325280728654
awp,25.096989844537852
awp,0.0
ak-47,0.0
glock-18,91.46434437235679
glock-18,239.9944646047445
glock-18,0.0
glock-18,0.0
glock-18,0.0
mac-10,0.0
mac-10,0.0
ak-47,6.794000829086276
mac-10,0.0
mac-10,0.0
mac-10,0.0
mac-10,0.0
mac-10,0.0
ak-47,0.0
awp,17.304751487466355
ak-47,0.0
awp,0.0
ak-47,37.671568132965746
ak-47,35.72117359275177
awp,0.0
ak-47,19.80838187476506
ak-47,0.0
awp,14.733026185744869
ak-47,0.0
ak-47,0.0
ak-47,15.57072407957655
ak-47,0.0
awp,0.0
ak-47,0.0
ak-47,0.0
ak-47,0.0
ak-47,0.0
awp,0.0
ak-47,16.988982677086465
ak-47,29.89180267183095
ak-47,12.392989596843089
ak-47,11.851947101290868
awp,8.924473931326595
ak-47,23.119030701113335
ak-47,0.0
ak-47,74.65481678063249
ak-47,0.0
ak-47,0.0
ak-47,0.0
ak-47,0.0
ak-47,0.0
ak-47,0.0
ak-47,0.0
awp,0.0
ak-47,0.0
ak-47,0.0
awp,9.778360761379588
ak-47,0.0
awp,0.0
ak-47,0.0
glock-18,0.511823104817475
glock-18,0.0
mac-10,0.0
ak-47,0.0
ak-47,0.0
ak-47,9.393218829325015
ak-47,0.0
awp,0.0
awp,0.0
ak-47,45.3587535256685
ak-47,0.0
ak-47,0.0
ak-47,17.142402904546287
ak-47,65.1606937933061
ak-47,37.767462640114715
awp,0.0
ak-47,8.122937891310261
ak-47,30.08733087592359
awp,0.0
ak-47,2.9356370531698905
ak-47,0.0
awp,0.0
ak-47,2.361714504834147
ak-47,0.0
ak-47,1.507857872050612
ak-47,0.0
ak-47,27.377524707260882
ak-47,0.0
awp,0.0
awp,0.0
ak-47,41.985512094529035
ak-47,0.6006619159768662
glock-18,80.20658765849184
ak-47,0.0
ak-47,20.136620838777496
ak-47,0.0
ak-47,0.0
ak-47,120.71338429065082
ak-47,0.0
ak-47,0.0
ak-47,9.404353203426858
ak-47,40.33179702906264
glock-18,83.25230004960707
glock-18,24.4610863686583
glock-18,107.46131194209552
glock-18,0.0
mac-10,0.0
ak-47,0.0
ak-47,0.0
ak-47,0.0
ak-47,0.0
ak-47,0.0
ak-47,56.47148754816313
ak-47,0.0
awp,7.66069966409766
ak-47,34.35429445167607
ak-47,43.94562310699606
ak-47,0.0
awp,17.030965536041816
awp,16.130215526902795
ak-47,116.3943569459253
awp,0.0
ak-47,10.909478083883252
ak-47,12.479409233643233
ak-47,28.926948402815842
ak-47,0.0
ak-47,0.0
ak-47,0.0
ak-47,0.0
ak-47,12.099081815748665
ak-47,0.0
ak-47,0.0
ak-47,0.0
ak-47,21.839925045099996
ak-47,17.803281826230243
ak-47,0.0
awp,9.187247551803804
ak-47,24.08622308223495
awp,0.0
awp,0.0
ak-47,1.6856358117470096
awp,0.0
awp,0.0
ak-47,8.437532064522422
awp,0.0
glock-18,186.71897888324298
glock-18,101.51438051128324
glock-18,47.65657018335064
ak-47,43.16002031412433
ak-47,39.881592500828
ak-47,10.322610796390029
ak-47,0.0
ak-47,0.0
ak-47,0.0
ak-47,23.037069083543614
awp,0.0
ak-47,1.805216007839782
awp,0.0
ak-47,73.10120927319517
awp,0.0
ak-47,30.139016100104545
ak-47,41.122428601576985
ak-47,0.0
ak-47,21.279455102308706
ak-47,9.739680992714495
ak-47,73.09899528755375
ak-47,0.0
ak-47,7.370219542555636
ak-47,2.229794338715793
ak-47,18.414109143104916
ak-47,54.60628509811665
ak-47,64.51612656092122
ak-47,108.33374313735784
ak-47,0.0
ak-47,50.3384904546892
ak-47,0.0
ak-47,0.0
ak-47,20.043335421027237
ak-47,37.978550477925
glock-18,0.0
glock-18,0.0
mac-10,148.2204126571534
mac-10,66.56413216895605
ak-47,79.93530257839652
mac-10,82.02573302842582
mac-10,81.59395486190651
ak-47,21.503980830138612
awp,0.0
ak-47,0.0
awp,0.0
awp,0.0
awp,10.516036666904885
awp,0.0
ak-47,73.09795431332513
ak-47,0.0
awp,0.0
ak-47,0.0
ak-47,0.0
ak-47,14.683485156056276
ak-47,0.0
ak-47,0.0
ak-47,43.0544741477657
ak-47,0.0
awp,0.0
ak-47,0.0
ak-47,0.0
ak-47,0.0
awp,0.0
ak-47,29.723412172014523
ak-47,0.0
glock-18,0.0
glock-18,81.60306272847795
ak-47,1.406385975522367
ak-47,35.752264246037704
ak-47,1.7374907292356987
ak-47,16.94717927983076
awp,0.0
awp,0.0
awp,0.0
mac-10,29.420811378676962
ak-47,26.116335659530225
ak-47,0.0
awp,0.0
ak-47,29.409471803780225
awp,10.749104057192163
ak-47,0.0
ak-47,0.0
awp,0.0
awp,0.0
ak-47,0.0
awp,48.75206948659294
awp,13.641119174093486
ak-47,0.0
awp,0.0
ak-47,0.0
ak-47,0.0
ak-47,42.73749141468088
awp,0.0
awp,8.114683348199916
glock-18,0.0
glock-18,0.0
ak-47,0.0
ak-47,59.778487504153034
ak-47,98.65352022306323
ak-47,14.057533845326498
ak-47,73.10304555979312
ak-47,70.67735477754233
ak-47,17.38595096206903
ak-47,24.608042061282404
awp,0.0
ak-47,0.0
ak-47,0.0
awp,0.0
ak-47,0.0
ak-47,0.0
ak-47,0.0
awp,0.0
ak-47,0.0
ak-47,0.0
ak-47,0.0
ak-47,0.0
ak-47,0.0
ak-47,17.05641237315072
ak-47,24.62195274633937
awp,2.2820119061573716
ak-47,73.84729174004856
ak-47,62.20944250501028
ak-47,0.0
ak-47,0.0
ak-47,0.0
ak-47,0.0
ak-47,12.571536007578548
ak-47,36.67971662006299
ak-47,0.0
ak-47,8.869510295987316
awp,11.046786597948971
ak-47,0.0
ak-47,0.0
ak-47,0.0
ak-47,13.68856207459067
awp,0.0
ak-47,0.0
ak-47,0.0
glock-18,238.46423353163075
glock-18,58.125278934157244
glock-18,0.0
glock-18,239.98604797499428
glock-18,0.0
ak-47,0.0
ak-47,0.0
awp,0.0
awp,0.0
awp,0.0
awp,0.0
glock-18,128.0821732281867
glock-18,54.6922083611365
ak-47,12.281832496284787
mac-10,0.0
ak-47,20.333597223676094
ak-47,0.0
ak-47,0.0
ak-47,0.0
ak-47,0.0
ak-47,0.0
ak-47,0.0
ak-47,59.58484767637816
ak-47,0.0
ak-47,0.0
ak-47,0.0
ak-47,0.0
awp,0.0
awp,11.488668415143898
awp,7.668651632926613
ak-47,0.0
awp,0.0
awp,0.0
awp,0.0
ak-47,73.10093799395928
ak-47,73.0976827353129
ak-47,8.14938612856582
ak-47,0.0
ak-47,0.0
glock-18,0.0
glock-18,0.0
glock-18,0.0
glock-18,0.0
ak-47,9.505318948848377
ak-47,56.946938066068014
ak-47,30.99708824063094
ak-47,7.928036312077853
mac-10,0.0
ak-47,27.535097119173287
ak-47,21.599771521777004
awp,0.0
ak-47,67.20716547251926
ak-47,0.0
ak-47,10.108044268047356
ak-47,0.0
ak-47,0.0
ak-47,0.0
ak-47,0.0
glock-18,140.15453412070391
glock-18,0.0
glock-18,0.0
glock-18,0.0
glock-18,0.0
ak-47,11.735197455489873
mac-10,35.281059703871215
ak-47,49.382887545861344
ak-47,0.0
ak-47,0.0
ak-47,0.0
ak-47,0.0
ak-47,30.698840120279282
ak-47,30.209634776699186
awp,0.0
awp,0.0
ak-47,0.0
awp,0.0
ak-47,0.0
ak-47,7.337743981449953
ak-47,0.0
ak-47,13.829406669841045
ak-47,52.8813212234864
ak-47,27.716269914129516
ak-47,5.8218720058156554
awp,0.0
ak-47,22.79867056079902
awp,0.0
awp,0.0
ak-47,13.790937944608011
awp,0.8813334839667673
ak-47,43.00355244896018
ak-47,8.886783426413013
ak-47,22.368856483706807
ak-47,0.0
ak-47,17.8140593236062
awp,0.0
awp,0.0
awp,0.0
ak-47,0.0
ak-47,0.0
ak-47,0.0
ak-47,0.6730095508007298
ak-47,42.642455338281636
glock-18,0.0
glock-18,23.001581552281355
awp,0.0
awp,0.0
ak-47,0.0
ak-47,0.0
ak-47,0.0
ak-47,0.0
ak-47,0.0
awp,0.0
ak-47,0.0
ak-47,0.0
ak-47,0.0
ak-47,0.0
awp,0.0
awp,0.0
ak-47,72.80220436597317
awp,0.0
awp,0.0
ak-47,146.6442121883799
awp,0.0
awp,0.0
awp,0.0
awp,0.0
ak-47,128.58194602238038
ak-47,0.0
awp,0.0
ak-47,31.16374055916061
awp,1.818639542124827
ak-47,0.0
ak-47,0.0
awp,0.0
awp,0.0
ak-47,0.0
ak-47,0.0
ak-47,0.0
ak-47,0.0
ak-47,0.0
glock-18,0.0
glock-18,36.617390831310864
glock-18,3.8673842086335304
ak-47,13.772367596385198
ak-47,4.973544332814276
ak-47,16.731440941751103
ak-47,58.879625826351614
ak-47,26.275574068542614
ak-47,76.64065759792885
mac-10,20.15616680050659
ak-47,0.0
ak-47,37.08974941648088
ak-47,40.42376740641427
ak-47,11.101630721641213
awp,4.392132609048707
ak-47,0.0
ak-47,0.0
ak-47,0.0
ak-47,0.0
awp,5.389454563916557
ak-47,112.81406240608574
ak-47,71.23784512993663
ak-47,16.11668506099269
ak-47,0.0
awp,1.7823506443278776
ak-47,23.55360683737854
ak-47,0.0
ak-47,19.102241967363096
ak-47,16.36402731529088
ak-47,4.4834513220103105
awp,7.4671980118020835
ak-47,0.0
awp,1.344623982493619
mac-10,99.5818797836735
awp,0.0
ak-47,17.04202640716473
ak-47,43.64913192413348
ak-47,13.863118537506667
ak-47,0.0
ak-47,0.0
ak-47,0.0
awp,12.364228516356691
ak-47,57.51770070506523
ak-47,18.19056702017903
ak-47,65.27686724008504
ak-47,11.523159424610943
ak-47,0.0
ak-47,9.375768765511232
ak-47,25.948952667328406
awp,7.013781515520782
ak-47,5.983905823644787
ak-47,0.0
ak-47,0.0
glock-18,23.084045724302943
glock-18,131.42778264618545
mac-10,0.0
awp,0.0
ak-47,10.441062600066433
ak-47,0.0
ak-47,1.2071659215932165
ak-47,65.28960392206255
ak-47,66.23801346611518
ak-47,0.0
awp,0.0
ak-47,73.1061011304919
ak-47,73.10566056982583
ak-47,0.0
ak-47,0.0
awp,0.0
ak-47,0.0
ak-47,86.39706889222555
awp,0.0
awp,0.0
awp,0.0
awp,0.0
ak-47,0.0
ak-47,0.0
awp,0.0
ak-47,59.812267722576685
ak-47,15.926566408932121
ak-47,7.034274618064325
awp,0.0
ak-47,10.375321090475659
awp,0.0
ak-47,6.269649223870583
ak-47,0.0
ak-47,0.0
ak-47,0.0
glock-18,0.0
ak-47,11.917822186455417
ak-47,26.359102321590925
mac-10,79.26865808338025
ak-47,0.0
ak-47,0.0
ak-47,0.0
ak-47,0.0
ak-47,0.0
ak-47,0.0
ak-47,0.0
mac-10,72.79237646290433
ak-47,7.071867805505488
awp,9.090646380335393
awp,0.0
ak-47,73.1073179075845
ak-47,5.37073542347312
ak-47,27.06705215066297
ak-47,52.79426954424089
ak-47,0.0
ak-47,0.0
ak-47,35.25866699147007
ak-47,0.0
ak-47,62.050781
glock-18,59.69512836406623
glock-18,26.79887300027673
glock-18,0.0
glock-18,0.0
ak-47,0.0
ak-47,0.0
ak-47,0.0
mac-10,60.46324811548587
ak-47,0.0
ak-47,0.0
ak-47,0.0
ak-47,72.57369020873661
ak-47,0.0
awp,0.0
ak-47,0.0
awp,0.0
ak-47,0.0
ak-47,0.0
ak-47,80.80233193233425
ak-47,36.85648659781229
ak-47,0.0
ak-47,0.0
ak-47,0.0
ak-47,0.0
ak-47,0.0
awp,0.0
awp,0.0
ak-47,0.0
ak-47,77.04925740379063
ak-47,0.0
ak-47,0.0
ak-47,0.0
ak-47,21.414647431426577
ak-47,0.0
awp,0.0
ak-47,0.0
awp,0.0
awp,0.0
awp,0.0
awp,33.977344893426206
awp,0.0
glock-18,189.9116931389953
glock-18,4.982039011970601
glock-18,126.64945801376209
glock-18,1.6564937282344296
mac-10,0.0
ak-47,0.0
ak-47,0.0
ak-47,0.0
ak-47,0.0
ak-47,0.0
mac-10,0.0
ak-47,0.0
ak-47,0.0
awp,0.0
ak-47,0.0
ak-47,0.0
ak-47,0.0
awp,9.632141579785099
ak-47,0.0
ak-47,115.256016735265
ak-47,34.21930689449808
ak-47,41.940123355485596
ak-47,0.0
ak-47,23.06738144739979
ak-47,0.0
awp,4.875817054902798
awp,0.0
ak-47,16.95125277680458
awp,0.0
ak-47,44.07126461862606
ak-47,0.0
ak-47,7.18561569695569
ak-47,0.0
awp,5.162428417898112
ak-47,55.2371915253253
ak-47,0.0
ak-47,16.679425373641056
ak-47,0.0
ak-47,0.0
ak-47,40.477544550803785
ak-47,27.364840080955158
ak-47,0.0
awp,0.0
ak-47,0.0
ak-47,5.989131706406197
ak-47,7.544356317335495
ak-47,22.968476247831877
ak-47,50.739034231266956
awp,0.0
ak-47,26.048074732417845
ak-47,0.0
ak-47,50.69007768688409
ak-47,35.28121623492665
awp,0.0
glock-18,100.26778153258678
ak-47,0.0
ak-47,16.80338810245362
ak-47,53.10818288754745
ak-47,0.0
awp,8.638860751157006
ak-47,0.0
ak-47,0.0
ak-47,0.0
ak-47,20.28937724580183
ak-47,30.003972184359924
ak-47,7.532320658790091
ak-47,0.0
awp,0.0
ak-47,0.0
ak-47,48.68267747546028
ak-47,0.0
ak-47,0.0
ak-47,16.372402420820748
ak-47,0.0
ak-47,0.0
ak-47,0.0
awp,1.85034707549827
awp,0.0
ak-47,53.720230260400676
ak-47,0.0
ak-47,0.0
ak-47,0.0
ak-47,0.0
awp,0.0
ak-47,22.86110511224523
ak-47,0.0
ak-47,21.173428911425468
ak-47,0.0
ak-47,0.0
awp,0.0
ak-47,0.0
ak-47,2.3242451783030553
awp,0.0
glock-18,28.180324334734426
glock-18,10.781637530535146
awp,0.0
awp,0.0
awp,0.0
awp,0.0
awp,0.0
ak-47,7.334981240589849
awp,0.0
awp,0.0
ak-47,25.444369741650217
awp,0.0
ak-47,0.0
ak-47,44.32316552683637
ak-47,14.27417808666422
ak-47,62.083529665582844
glock-18,0.0
glock-18,57.88321491791192
glock-18,170.51876217989124
glock-18,81.59006059736228
mac-10,0.0
ak-47,0.0
ak-47,0.0
mac-10,0.0
mac-10,0.0
ak-47,0.0
ak-47,0.0
ak-47,0.0
ak-47,44.380240117541334
ak-47,39.271194800919886
ak-47,0.0
ak-47,0.0
mac-10,0.0
ak-47,0.0
awp,4.298791551667515
awp,0.0
ak-47,0.0
ak-47,0.0
awp,0.0
awp,0.0
awp,0.0
awp,0.0
ak-47,0.0
ak-47,0.0
ak-47,11.712077837302354
ak-47,0.0
ak-47,0.0
ak-47,0.0
ak-47,0.0
ak-47,0.0
awp,0.0
ak-47,0.0
ak-47,0.0
ak-47,0.0
ak-47,0.0
awp,0.0
ak-47,0.0
ak-47,0.0
ak-47,0.0
ak-47,0.0
ak-47,0.0
ak-47,0.0
ak-47,0.0
ak-47,0.0
ak-47,67.24055686272952
ak-47,0.0
ak-47,27.78197226794167
ak-47,46.05803081933192
ak-47,25.192390551653013
ak-47,17.20742983023046
awp,0.0
ak-47,0.0
awp,0.0
ak-47,81.26745293977987
awp,0.0
glock-18,0.0
glock-18,81.38882615867675
glock-18,118.15145697779434
glock-18,126.29807143307693
ak-47,10.495552880742443
ak-47,13.92504760045024
ak-47,0.0
ak-47,24.315387180895065
ak-47,10.831839918613134
ak-47,0.0
awp,0.0
ak-47,0.0
ak-47,76.39663368020851
ak-47,41.285640090468355
ak-47,0.0
ak-47,0.0
glock-18,107.15966770411563
ak-47,2.25002155887027
ak-47,48.43041314098855
ak-47,0.0
ak-47,94.02496607074883
ak-47,35.00799338136712
ak-47,23.43171409394447
awp,0.0
ak-47,29.179255560725416
ak-47,26.644395810845477
awp,1.4111238747338943
ak-47,6.238713135879626
ak-47,111.03798877613664
ak-47,7.301708115656911
ak-47,1.792644812785009
awp,2.029809236779654
ak-47,5.993750814650622
ak-47,40.85071717216809
ak-47,19.49747892146492
ak-47,64.54865249352932
ak-47,67.59073809804619
ak-47,2.466650516887425
ak-47,10.352862269908163
awp,4.449522323159757
ak-47,61.05897042593812
ak-47,8.571452956423432
ak-47,0.0
ak-47,0.0
ak-47,43.51177227831343
ak-47,81.64680299591114
ak-47,28.266471449459782
ak-47,40.34914749161133
awp,1.204446470269227
glock-18,0.0
glock-18,0.0
awp,0.0
ak-47,0.0
ak-47,0.0
ak-47,35.650244619164255
awp,0.0
ak-47,72.66049125919356
ak-47,5.8723813978019175
mac-10,77.24381521456812
ak-47,11.617070027440697
awp,12.36209318955912
awp,5.159681623232678
ak-47,12.002182269303612
awp,0.0
ak-47,0.0
ak-47,21.35340359351043
ak-47,25.627530245430773
ak-47,0.0
ak-47,0.0
ak-47,0.0
ak-47,5.28800066446138
ak-47,111.28635861783765
ak-47,18.310382106945337
ak-47,45.96100854681743
ak-47,0.0
ak-47,0.0
ak-47,0.0
ak-47,0.0
ak-47,0.0
ak-47,0.0
ak-47,17.476233075676834
ak-47,22.49726592485198
awp,0.0
awp,0.0
ak-47,0.0
awp,0.0
awp,0.0
ak-47,61.96178235619789
ak-47,123.09954834088738
awp,7.320329264655313
ak-47,0.0
awp,0.0
ak-47,18.028428213858355
ak-47,0.0
ak-47,24.403661730715495
awp,0.0
ak-47,0.0
ak-47,0.0
ak-47,6.016132283805767
awp,0.0
ak-47,34.385670002821946
ak-47,36.878764384710195
awp,0.0
ak-47,10.84505076739897
ak-47,0.0
ak-47,9.248403998661662
ak-47,9.322709429423885
ak-47,0.0
awp,0.0
ak-47,0.0
ak-47,6.605473619454172
awp,2.5581794757649434
ak-47,52.33600855701252
ak-47,39.80585820775944
ak-47,39.97546142825746
ak-47,43.51490540121351
awp,7.656362603026388
awp,47.162518112645195
awp,23.387123251053367
awp,18.99929090365735
awp,0.0
ak-47,20.870632891528924
ak-47,0.0
ak-47,1.3956252487544785
awp,0.9837855913988576
ak-47,34.70667051901731
ak-47,32.53701737318541
ak-47,73.09967844170896
ak-47,46.420117073896925
ak-47,18.36665808413953
ak-47,0.0
awp,13.33680706622391
awp,2.808504105836415
ak-47,20.703665509500897
ak-47,38.22789250893652
awp,1.7046478638839166
ak-47,29.326846073184498
awp,0.0
awp,17.422716383914878
awp,11.446014393964214
awp,0.0
awp,2.922712867668667
awp,4.547599813363089
awp,8.398916714700118
awp,5.063321520438535
ak-47,0.0
ak-47,13.048832326681342
awp,0.0
ak-47,18.185312062742724
ak-47,60.09338639060562
ak-47,10.895298046921434
ak-47,14.469704091889232
ak-47,0.0
awp,0.0
awp,0.0
glock-18,0.0
glock-18,0.0
glock-18,0.0
mac-10,102.44327805862844
mac-10,72.70000026865543
mac-10,45.697011567275254
ak-47,14.614389584172477
ak-47,0.0
ak-47,26.06178343902161
ak-47,15.211193000775317
ak-47,23.622623061643683
awp,18.625058986903237
ak-47,0.40444792830350856
awp,0.0
ak-47,0.0
ak-47,20.09532578665198
ak-47,11.189141929441595
ak-47,0.0
awp,10.649191892343804
ak-47,29.110048483738154
ak-47,23.61854077242085
ak-47,54.49358243199341
ak-47,62.68691418276095
ak-47,49.965655094704495
ak-47,0.0
awp,0.0
ak-47,72.35156463615563
ak-47,6.1806624668636445
ak-47,0.0
ak-47,0.0
ak-47,73.09785282092284
awp,0.0
ak-47,0.0
ak-47,16.006254880905153
ak-47,0.0
awp,0.0
ak-47,13.268572746218036
awp,9.306791392810789
awp,0.0
ak-47,17.096606237347224
ak-47,22.02550297921264
ak-47,0.0
ak-47,0.0
ak-47,0.0
glock-18,95.69485280835993
glock-18,89.84302274787723
mac-10,0.0
awp,12.095203401038777
awp,5.325433735911658
awp,0.0
ak-47,8.801568764810055
ak-47,6.52031282103704
ak-47,0.0
ak-47,39.56752965377475
awp,0.0
ak-47,50.684456045188846
ak-47,50.62815573057829
ak-47,15.105397482764397
awp,12.0845208647778
awp,0.0
ak-47,69.61244396943309
ak-47,0.0
ak-47,0.0
ak-47,40.134284135759096
awp,0.0
ak-47,15.200499195133363
ak-47,27.08346357637754
ak-47,0.0
ak-47,41.826886082219424
awp,1.8475366147844
ak-47,38.31974953076528
awp,12.621988300084142
ak-47,0.0
ak-47,9.87175556625877
awp,0.0
ak-47,0.0
ak-47,0.0
awp,0.0
ak-47,0.0
glock-18,0.0
glock-18,0.0
glock-18,0.0
glock-18,0.0
ak-47,0.0
ak-47,0.0
mac-10,111.3377737046849
ak-47,0.0
ak-47,0.0
mac-10,82.6158708975943
ak-47,6.075398519271719
mac-10,0.0
mac-10,0.0
ak-47,0.0
ak-47,0.0
ak-47,0.0
awp,16.73547144482249
awp,0.0
ak-47,0.0
awp,6.114647660791666
ak-47,0.0
ak-47,50.58817114318628
ak-47,0.7316269914977167
ak-47,0.0
awp,5.161227814732556
ak-47,0.0
awp,0.0
ak-47,0.0
ak-47,21.5578276925283
awp,1.3568368248883136
ak-47,12.804193533943792
awp,11.830221977095103
ak-47,48.5850353103244
ak-47,0.0
awp,18.566253854097898
awp,0.0
ak-47,71.85970749874151
ak-47,0.0
ak-47,28.86543171686805
ak-47,61.06250999552119
ak-47,153.28059696598913
awp,0.0
awp,0.0
ak-47,70.95751021187516
ak-47,2.139099320355182
ak-47,2.4187097986000716
ak-47,15.843182691119232
glock-18,240.00946386164898
glock-18,179.20200695343945
mac-10,193.63671963040892
ak-47,0.0
ak-47,0.0
ak-47,0.0
ak-47,0.0
ak-47,23.42940163494749
awp,0.0
awp,11.044971585970695
ak-47,0.0
ak-47,0.0
ak-47,12.963116136777684
ak-47,0.0
glock-18,171.6591644868836
ak-47,26.526411397056634
awp,30.805562257742107
ak-47,37.022431043768925
ak-47,32.934839586520596
awp,33.996490299325075
ak-47,61.126891189397725
ak-47,0.0
ak-47,63.83135499751933
ak-47,0.0
ak-47,0.0
ak-47,26.0844112930853
awp,0.0
ak-47,0.0
awp,0.0
ak-47,0.0
ak-47,0.0
ak-47,0.0
ak-47,0.0
ak-47,2.3002738457898877
awp,0.0
ak-47,0.0
glock-18,60.54639102927541
ak-47,25.44790965653069
mac-10,122.79910140527436
mac-10,51.962341786335244
mac-10,0.0
ak-47,28.018826528778913
awp,10.956348654540163
ak-47,67.34132241187194
ak-47,24.472792360136268
ak-47,0.0
ak-47,70.40847468741623
ak-47,31.611682768558225
awp,0.0
ak-47,0.0
awp,0.0
awp,0.0
awp,0.0
awp,18.9393637815839
ak-47,20.619428096895074
awp,0.3800524198015321
awp,0.0
awp,3.5312692442783233
ak-47,31.595948396560672
ak-47,0.0
ak-47,0.0
awp,33.18325021459905
ak-47,0.0
ak-47,34.44970575436748
ak-47,0.0
awp,14.85632527730946
ak-47,43.89780877582998
ak-47,46.854146555052566
awp,0.4918927956994288
awp,7.361286374666047
ak-47,26.946137164660172
ak-47,18.806838334697858
awp,9.969671702491963
awp,13.223901921568006
glock-18,58.02546285851011
ak-47,57.454561275221
ak-47,0.0
ak-47,76.02211080146328
awp,0.0
awp,0.0
awp,0.0
ak-47,31.01849060508859
awp,13.578747533916522
awp,8.17840393367459
ak-47,40.20313157087976
awp,0.0
ak-47,0.0
ak-47,52.96472618075491
ak-47,35.425124602815444
ak-47,61.59738995059438
ak-47,0.0
ak-47,67.89581181167111
ak-47,28.827111354654495
awp,0.0
awp,20.675333624541203
awp,0.0
glock-18,83.88262429423214
ak-47,20.741474892843783
ak-47,71.00154588305934
ak-47,93.01966068394808
ak-47,21.948564917851122
ak-47,5.778810262907756
awp,0.0
ak-47,42.567318226866774
ak-47,49.361378282828255
ak-47,0.0
ak-47,0.0
ak-47,0.0
ak-47,0.0
ak-47,0.0
ak-47,0.0
ak-47,0.0
ak-47,0.0
ak-47,29.668232329968042
ak-47,27.947200371170723
ak-47,37.754069563038364
awp,0.0
ak-47,45.16531136480394
ak-47,0.0
awp,0.0
ak-47,15.098296059567252
awp,0.0
ak-47,0.0
ak-47,0.0
awp,13.356705099398766
ak-47,0.0
awp,0.0
awp,15.756486075735097
ak-47,0.0
ak-47,0.0
ak-47,0.0
ak-47,73.07080364338306
ak-47,0.0
ak-47,7.146378943229151
awp,0.0
awp,0.0
ak-47,31.845605318866212
awp,0.0
awp,7.339124056851744
ak-47,0.0
ak-47,0.0
glock-18,0.0
glock-18,0.0
glock-18,71.0448676791932
ak-47,8.883804818583533
ak-47,0.0
ak-47,0.0
ak-47,0.0
ak-47,0.0
ak-47,0.0
ak-47,0.0
awp,3.154711807732047
ak-47,0.0
ak-47,0.0
ak-47,24.477480626891403
awp,7.695479548884852
awp,0.0
ak-47,30.465800693038087
awp,0.0
ak-47,46.729516759152496
ak-47,0.0
ak-47,0.0
ak-47,0.0
ak-47,76.86802430743651
ak-47,132.85750713607734
ak-47,69.57954817487348
ak-47,0.0
ak-47,0.0
ak-47,8.319708304529732
ak-47,0.0
ak-47,0.0
ak-47,25.548200271187007
ak-47,14.860330000430004
ak-47,25.770505918281465
ak-47,0.0
awp,9.07781747144775
ak-47,30.69806561659197
awp,31.308609356203224
awp,0.0
awp,12.348466266732277
ak-47,0.0
awp,0.0
awp,8.417702695389579
mac-10,0.0
awp,0.0
ak-47,22.718819850305277
ak-47,0.0
ak-47,29.146252817914778
ak-47,19.284887518914598
ak-47,62.91185475645818
ak-47,32.028346950823796
ak-47,61.2439609586631
ak-47,0.0
ak-47,0.0
ak-47,0.0
ak-47,0.0
ak-47,0.0
ak-47,0.0
awp,0.0
ak-47,0.0
ak-47,0.0
ak-47,0.0
ak-47,24.1661338620774
ak-47,61.027213608203105
ak-47,15.760752783411235
ak-47,6.4055639876594785
ak-47,36.36443818532303
ak-47,0.0
ak-47,0.0
ak-47,15.991936057134202
ak-47,0.0
ak-47,0.0
ak-47,52.680908094629544
ak-47,63.95032585520816
ak-47,0.0
ak-47,18.78321832580362
ak-47,0.0
ak-47,6.446756019866736
ak-47,67.7506557167516
ak-47,4.548930173742613
ak-47,19.64539332839493
ak-47,0.0
glock-18,0.0
glock-18,239.96592695856822
glock-18,5.620410322908906
glock-18,0.0
glock-18,101.13972375811193
mac-10,0.0
ak-47,5.133459610315445
ak-47,0.0
awp,32.50203100635162
ak-47,35.36855417795124
ak-47,0.0
ak-47,4.721369006227854
ak-47,24.256493281902085
ak-47,20.30354803937738
awp,0.0
ak-47,22.947474626080318
ak-47,22.947474626080318
ak-47,19.890884287292735
ak-47,59.95028095094034
ak-47,73.0950430987302
awp,16.88129405110414
ak-47,9.098142226876265
ak-47,0.0
awp,0.0
ak-47,33.148534723663545
ak-47,0.0
ak-47,2.6524849459840483
ak-47,38.52404798612556
ak-47,6.680610913292662
ak-47,0.0
ak-47,70.63524586937703
ak-47,0.0
ak-47,0.0
ak-47,0.0
ak-47,0.0
ak-47,0.0
ak-47,33.031591424796474
glock-18,27.805346806579845
glock-18,79.06503979369216
mac-10,0.0
ak-47,39.27158717173658
ak-47,6.297911488516491
ak-47,20.77816941732262
mac-10,112.16996257367343
ak-47,31.49013281811215
ak-47,6.18778204178848
ak-47,13.553791936661305
ak-47,49.91033407613895
ak-47,48.691988163761025
ak-47,0.0
ak-47,56.60496100890218
ak-47,0.0
ak-47,0.0
ak-47,0.0
ak-47,64.90104613677241
ak-47,0.0
ak-47,0.0
ak-47,0.0
ak-47,0.0
ak-47,0.0
ak-47,0.0
ak-47,0.0
ak-47,0.0
ak-47,0.0
ak-47,0.0
ak-47,16.454619803179533
ak-47,0.0
ak-47,0.0
ak-47,0.0
awp,29.48337720224737
ak-47,0.0
ak-47,0.0
ak-47,0.0
awp,8.05151903248505
awp,16.2769412044057
awp,0.46888077342539863
ak-47,155.1988950810654
ak-47,0.0
ak-47,0.0
ak-47,0.0
ak-47,0.0
glock-18,64.42459108050575
glock-18,86.30203076751253
glock-18,4.613914043920628
glock-18,28.99751218450688
mac-10,0.0
mac-10,0.0
mac-10,0.0
mac-10,0.0
mac-10,174.5888138492836
awp,0.0
ak-47,0.0
glock-18,0.0
glock-18,34.73700126384959
ak-47,17.298502336472975
ak-47,0.0
awp,2.122355891750957
awp,16.668916677550612
ak-47,14.56641438026054
ak-47,0.0
ak-47,33.805668784391194
awp,0.0
ak-47,0.0
awp,7.065420441532479
awp,11.812271190368303
ak-47,26.254575797741165
ak-47,41.365470855540686
awp,12.812786172680632
ak-47,61.256481141921334
awp,0.0
ak-47,0.0
ak-47,31.482154840327894
ak-47,0.0
ak-47,0.0
awp,0.0
awp,5.437859183539052
ak-47,18.693184268332775
awp,11.47980711005982
ak-47,0.0
ak-47,20.96380580130442
ak-47,0.0
ak-47,18.54711194035678
awp,0.0
ak-47,0.0
ak-47,4.555679509466068
ak-47,73.09957611221245
ak-47,0.0
ak-47,0.0
ak-47,0.0
ak-47,15.16023676453755
glock-18,72.90972081652055
ak-47,148.5937740545426
awp,0.0
ak-47,73.09966135694464
ak-47,18.548929805192778
awp,8.885972366733085
awp,15.344472799262443
ak-47,26.879407524482158
awp,37.80547778286402
awp,9.30354277698152
ak-47,65.22942717568482
ak-47,50.56240960330143
ak-47,0.0
ak-47,68.70844643258708
ak-47,36.380929360040504
ak-47,0.0
awp,1.6271770272852921
glock-18,181.45988990363642
glock-18,28.65073106339168
glock-18,114.78977717133579
glock-18,11.867649942931793
mac-10,77.80846029925425
ak-47,109.15085536121538
ak-47,18.979487539594555
ak-47,0.0
ak-47,0.40423574084932173
ak-47,16.705363408362867
ak-47,73.36000601656181
awp,0.0
ak-47,0.0
awp,0.0
ak-47,0.0
ak-47,0.0
ak-47,0.0
ak-47,0.0
ak-47,0.0
ak-47,0.0
ak-47,0.0
awp,0.0
ak-47,0.0
awp,0.0
ak-47,50.629631166872095
ak-47,48.55599245824833
ak-47,0.0
awp,11.148840719889266
ak-47,3.6429065864308128
awp,0.0
ak-47,0.0
awp,0.0
ak-47,6.778190002497791
ak-47,31.80702043290657
ak-47,4.307324421026236
ak-47,7.380993354714797
ak-47,73.09922151469664
glock-18,0.0
awp,2.1247982974127213
glock-18,228.34254882681324
glock-18,26.969649788034122
glock-18,179.78514016262014
ak-47,8.322890592366333
ak-47,0.0
ak-47,0.0
mac-10,152.87965232779408
mac-10,10.815449241384705
ak-47,0.0
awp,15.457631396739314
ak-47,64.65494606403263
awp,8.907963102787583
ak-47,31.880744762264886
ak-47,0.0
ak-47,20.74599176919014
ak-47,0.0
ak-47,0.0
ak-47,0.0
ak-47,17.56002790705869
ak-47,24.969936154376725
ak-47,102.89178415857585
ak-47,91.83890869910731
ak-47,0.0
ak-47,214.9996258399724
ak-47,22.389928610157938
ak-47,2.2814640310554974
ak-47,10.000831661413065
ak-47,0.0
ak-47,1.168282008158133
glock-18,50.429050971815535
ak-47,53.29409741708466
awp,5.882003955641309
awp,0.0
ak-47,0.0
ak-47,0.0
awp,3.0957426817662026
ak-47,0.0
ak-47,66.87169745246179
ak-47,0.31868871959954903
ak-47,0.0
ak-47,0.0
ak-47,68.68468095025956
ak-47,37.57651416388275
ak-47,22.676704331427022
ak-47,0.0
ak-47,0.0
ak-47,12.357333312241925
ak-47,0.0
awp,0.0
ak-47,7.662326526125665
awp,0.0
ak-47,7.182615818885832
ak-47,23.879966238707063
ak-47,0.8719340610596653
awp,9.360506349618595
awp,9.360506349618595
awp,4.50010850563628
ak-47,68.21451396550302
ak-47,0.0
ak-47,46.22357122318391
ak-47,0.0
awp,1.591297132059252
ak-47,29.151625819111032
awp,8.116717533315114
glock-18,53.75736652601442
glock-18,0.0
glock-18,0.0
glock-18,116.84518545186725
ak-47,0.0
ak-47,31.346250866767846
ak-47,41.478223423468705
ak-47,0.0
awp,0.0
ak-47,0.0
ak-47,0.0
awp,33.060739714659576
ak-47,21.963800417794847
awp,9.05661911811389
awp,6.574417601047943
ak-47,0.0
ak-47,62.09049207177054
ak-47,25.518535213016616
ak-47,0.0
ak-47,0.0
ak-47,65.6955375956717
ak-47,0.0
ak-47,10.711866218123946
glock-18,14.613377405992122
glock-18,0.0
glock-18,43.7932502304319
glock-18,0.0
glock-18,0.0
ak-47,0.0
ak-47,11.10782787170129
ak-47,9.129417309026026
ak-47,0.0
mac-10,74.40424352870019
mac-10,24.550465975322524
mac-10,31.96124682104046
mac-10,12.440348441255333
awp,0.0
awp,0.0
ak-47,0.0
awp,0.0
ak-47,66.2135212146844
ak-47,2.667270533088086
ak-47,0.0
ak-47,0.0
awp,0.0
awp,0.0
awp,0.0
ak-47,2.803819053394851
ak-47,0.0
awp,0.0
awp,10.140085799801893
awp,15.159413875536382
ak-47,64.87302324959866
ak-47,0.0
ak-47,0.0
ak-47,21.9768123252775
ak-47,0.0
ak-47,0.0
ak-47,6.910230715610658
ak-47,0.0
ak-47,12.505814471075485
ak-47,0.0
ak-47,0.0
awp,12.67511703956997
ak-47,0.0
ak-47,0.0
ak-47,0.0
ak-47,0.0
ak-47,0.0
ak-47,0.0
ak-47,0.0
ak-47,0.0
awp,10.24329140827088
ak-47,0.0
ak-47,0.0
glock-18,29.961655616345052
glock-18,0.0
glock-18,0.0
ak-47,0.0
ak-47,0.0
glock-18,0.0
glock-18,0.0
glock-18,69.64428649039945
glock-18,0.0
glock-18,0.0
ak-47,11.847048518074027
ak-47,0.0
ak-47,0.3915613776919271
awp,11.706739089113842
ak-47,14.419855978943618
awp,2.6228511061066735
ak-47,0.0
ak-47,0.0
ak-47,0.0
ak-47,0.0
ak-47,50.7686817402094
ak-47,0.0
ak-47,0.0
ak-47,0.0
ak-47,0.0
ak-47,26.849607550142704
awp,33.75579377353242
ak-47,0.0
ak-47,0.0
awp,10.488906403156623
ak-47,0.0
ak-47,2.9886364646723096
ak-47,41.18980466677774
ak-47,63.93640510098535
ak-47,4.864503653299995
ak-47,37.79506635813232
ak-47,36.31873579427478
ak-47,0.0
glock-18,149.22233393951748
ak-47,20.30898945940701
ak-47,54.01746454113596
ak-47,23.472568656622222
ak-47,0.0
mac-10,239.9956128830206
mac-10,12.622650219707905
awp,2.4125570831978256
ak-47,0.0
glock-18,0.0
glock-18,0.0
glock-18,0.0
awp,0.0
awp,0.0
awp,0.0
ak-47,0.0
ak-47,46.842038348106385
ak-47,19.166576794399802
awp,0.0
awp,4.649335981523813
ak-47,0.0
ak-47,20.650244371733354
awp,12.96223719489348
ak-47,57.019043345674206
mac-10,0.0
awp,0.0
ak-47,0.0
awp,0.0
awp,0.0
ak-47,7.662343644965619
ak-47,0.0
awp,0.0
ak-47,17.19350313444529
awp,0.0
awp,0.0
ak-47,0.0
ak-47,21.40624622290113
ak-47,0.0
ak-47,0.0
ak-47,0.0
ak-47,29.23285315363023
ak-47,9.836657579678374
ak-47,17.464165989532997
awp,0.0
awp,0.0
ak-47,0.0
awp,0.0
ak-47,0.0
ak-47,8.212095470321325
ak-47,0.0
ak-47,13.285606403429089
ak-47,0.0
ak-47,46.11040764455961
ak-47,15.043889241669689
ak-47,4.925928736733105
ak-47,12.200762693364911
ak-47,0.0
ak-47,0.0
ak-47,0.0
ak-47,34.50110473777193
awp,0.0
ak-47,15.493091156314838
awp,0.0
ak-47,2.6171872000000307
ak-47,6.328030076273737
awp,0.0
awp,0.0
mac-10,0.0
ak-47,36.189821343021904
awp,0.0
awp,0.0
ak-47,31.284361487298554
ak-47,28.58499404483004
ak-47,5.327277241940765
ak-47,0.0
awp,0.0
awp,0.0
ak-47,0.0
ak-47,0.0
ak-47,0.0
ak-47,0.0
mac-10,239.9925447491885
ak-47,32.470537662394214
ak-47,0.0
awp,0.0
ak-47,0.0
ak-47,49.56237824315121
awp,0.0
ak-47,73.09916243588654
ak-47,0.0
ak-47,0.0
ak-47,25.804788340005057
ak-47,73.09460673129807
ak-47,0.0
ak-47,0.0
ak-47,0.0
ak-47,0.0
ak-47,67.20188981078304
awp,0.0
ak-47,0.0
awp,0.0
awp,0.0
ak-47,78.05483747985666
ak-47,0.0
ak-47,0.0
awp,0.0
ak-47,0.0
ak-47,0.0
awp,0.0
ak-47,26.19226949131115
ak-47,0.0
awp,0.0
awp,1.503332885832343
ak-47,0.0
awp,18.68082290829957
awp,4.29282663550032
ak-47,0.0
ak-47,0.0
ak-47,0.0
ak-47,0.0
awp,7.850240994260559
awp,10.394330554361112
awp,0.0
awp,15.035188758603464
awp,0.0
awp,0.0
ak-47,0.0
ak-47,0.0
awp,0.0
awp,0.0
ak-47,0.0
ak-47,0.0
ak-47,0.0
ak-47,33.257796531224145
ak-47,0.0
awp,0.0
awp,0.0
ak-47,25.698629167500936
awp,0.0
awp,0.0
ak-47,0.0
awp,0.0
glock-18,9.128330406795374
ak-47,111.77740770097769
awp,5.686127567155085
awp,6.408764750324355
ak-47,19.73887765339319
ak-47,0.0
ak-47,69.37233329086247
ak-47,21.44663775565907
ak-47,27.604351905825013
ak-47,46.552067568669486
ak-47,77.11726625021306
ak-47,92.59842070456962
ak-47,28.756674181135082
ak-47,10.885356066493003
ak-47,0.0
awp,33.90354251862923
awp,0.0
ak-47,34.408318674739995
ak-47,11.087761876682823
awp,0.0
ak-47,0.0
ak-47,56.075109028101124
ak-47,0.0
awp,6.077105979810127
awp,0.0
ak-47,29.178618406502817
ak-47,73.09296736934046
awp,0.0
awp,0.0
awp,0.0
ak-47,36.51654813278741
glock-18,93.7222933932875
glock-18,49.80569539869372
glock-18,0.0
glock-18,48.06595911641887
ak-47,0.0
ak-47,0.0
mac-10,0.0
mac-10,0.0
ak-47,0.0
ak-47,1.9123439731596406
ak-47,0.0
ak-47,0.0
mac-10,239.99926752602255
awp,0.0
ak-47,0.0
ak-47,0.0
ak-47,4.7827067853189575
ak-47,10.131297135934815
ak-47,0.0
ak-47,0.0
ak-47,0.0
ak-47,50.93326917241053
ak-47,0.0
ak-47,0.0
ak-47,31.808662704744584
ak-47,8.243899368612222
ak-47,67.27969849107386
ak-47,33.242245002928385
ak-47,28.0168575786921
ak-47,0.0
ak-47,5.659831393800525
ak-47,15.792402005289759
ak-47,212.20171592962106
ak-47,0.0
ak-47,0.0
awp,3.519566169638099
awp,9.873857447697986
ak-47,0.0
glock-18,94.67325754826335
ak-47,47.34756843099891
ak-47,44.58556760578998
ak-47,0.0
ak-47,73.1008657422443
ak-47,0.0
ak-47,0.0
ak-47,0.0
ak-47,0.0
glock-18,0.0
glock-18,0.0
ak-47,31.550760133582138
ak-47,31.793703888416903
ak-47,29.393372728278493
ak-47,0.0
awp,11.250605082629157
ak-47,0.0
awp,0.0
ak-47,0.0
awp,0.0
ak-47,3.047315673260649
ak-47,0.0
awp,0.0
ak-47,0.0
awp,0.0
awp,0.0
ak-47,0.0
ak-47,0.0
ak-47,2.3396613751964193
ak-47,0.0
ak-47,0.0
ak-47,0.0
ak-47,0.0
ak-47,0.0
ak-47,0.0
ak-47,0.0
ak-47,30.473109960745525
ak-47,11.803084143263954
ak-47,12.135709822834963
ak-47,0.0
ak-47,0.0
awp,0.0
awp,0.0
awp,0.0
ak-47,0.0
awp,0.0
awp,0.0
ak-47,25.173181446078445
awp,0.0
ak-47,0.0
glock-18,0.0
glock-18,0.0
glock-18,0.0
glock-18,0.0
glock-18,0.0
ak-47,0.0
ak-47,0.0
ak-47,0.0
ak-47,0.0
ak-47,0.0
ak-47,0.0
ak-47,0.0
ak-47,0.0
awp,0.0
awp,0.0
ak-47,0.0
awp,0.0
ak-47,0.0
awp,0.0
ak-47,27.672389112879287
ak-47,0.0
ak-47,0.0
ak-47,0.0
ak-47,0.0
ak-47,0.0
ak-47,0.0
ak-47,0.0
ak-47,0.0
ak-47,0.0
ak-47,0.0
ak-47,29.458546965065484
ak-47,27.31994499502607
ak-47,0.0
ak-47,0.0
ak-47,45.41497111834035
ak-47,0.0
ak-47,0.0
ak-47,0.0
glock-18,0.0
glock-18,0.0
glock-18,162.91913326934957
glock-18,0.0
glock-18,55.75880386738653
ak-47,0.0
mac-10,0.0
ak-47,0.0
ak-47,0.0
ak-47,0.0
awp,0.0
ak-47,0.0
ak-47,0.0
ak-47,0.0
awp,1.8097240604039613
ak-47,0.0
awp,6.349903221990868
ak-47,32.90223071689002
ak-47,26.916976254566634
ak-47,0.0
ak-47,0.0
ak-47,10.339563085206695
awp,5.75171716763481
ak-47,13.337893914051799
awp,0.0
ak-47,0.0
ak-47,0.0
ak-47,0.0
ak-47,5.697858743145183
ak-47,0.0
ak-47,0.0
ak-47,0.0
ak-47,0.0
ak-47,0.0
ak-47,0.0
awp,0.0
ak-47,0.0
ak-47,0.0
ak-47,0.0
ak-47,11.061085632174855
ak-47,0.0
ak-47,0.0
awp,0.0
awp,0.0
ak-47,0.0
ak-47,0.0
ak-47,0.0
ak-47,18.184566894690153
awp,0.0
ak-47,0.0
glock-18,73.98001775667092
glock-18,0.0
glock-18,0.0
ak-47,34.32964355458648
ak-47,25.597885547061676
ak-47,20.460938
ak-47,0.0
ak-47,0.0
awp,1.7305881530476857
ak-47,0.0
awp,0.0
awp,0.0
ak-47,0.0
ak-47,0.0
ak-47,0.0
ak-47,0.0
ak-47,20.43797021905074
ak-47,0.0
glock-18,0.0
glock-18,0.0
glock-18,104.65386819848682
glock-18,25.88175066903968
glock-18,12.82610748446796
ak-47,0.0
ak-47,0.0
ak-47,65.42275250805693
ak-47,0.0
ak-47,0.0
ak-47,46.538500526445844
ak-47,24.776305980473058
ak-47,0.0
ak-47,0.0
ak-47,0.0
ak-47,53.31726828371184
ak-47,0.0
awp,0.0
awp,9.79858491836163
awp,0.0
ak-47,9.606855271867065
ak-47,16.264609848927886
awp,10.527461388813972
ak-47,8.807463812283762
ak-47,13.624363875631955
mac-10,0.0
mac-10,0.0
ak-47,25.49237784368104
awp,0.0
ak-47,0.0
awp,0.0
awp,15.103406143661138
awp,0.0
ak-47,0.0
awp,0.0
ak-47,0.0
awp,0.0
ak-47,12.260003416972607
glock-18,0.0
glock-18,0.0
ak-47,35.753388779451384
ak-47,3.1497754163724117
ak-47,11.049854364053719
ak-47,73.09471605127958
ak-47,0.0
ak-47,0.0
ak-47,78.61980428316049
ak-47,0.0
awp,0.0
awp,0.0
awp,0.0
ak-47,196.97688387233333
ak-47,0.0
ak-47,0.0
ak-47,3.1191134267756278
ak-47,0.8762546808006221
ak-47,12.435497640323849
ak-47,16.467107559228126
ak-47,0.0
ak-47,0.0
ak-47,0.0
ak-47,0.0
ak-47,0.0
ak-47,0.0
glock-18,21.5117755047599
ak-47,0.0
awp,0.0
awp,5.314136769548654
awp,3.10320746727656
awp,5.69026804207192
awp,0.0
awp,5.135755963763854
ak-47,28.017365066639368
awp,0.0
ak-47,0.0
awp,0.0
awp,0.0
awp,0.0
awp,0.0
ak-47,55.95973358020201
ak-47,2.517819957789675
ak-47,0.0
ak-47,0.0
ak-47,7.5166031585397
ak-47,0.0
ak-47,0.0
ak-47,23.878747940436096
awp,16.204320854707394
ak-47,0.0
awp,0.0
ak-47,0.0
ak-47,89.69989731124257
awp,12.281653333349952
awp,8.385709927040704
ak-47,4.647861023812998
awp,0.9466105834396741
awp,3.9059709029044236
ak-47,40.779257965909935
glock-18,27.275593102851218
ak-47,11.067955794797248
ak-47,14.235244715746475
ak-47,48.783267100583124
ak-47,19.307219419599317
ak-47,27.993805323329465
ak-47,21.606039731223028
ak-47,40.60232028963793
ak-47,15.335927550302427
ak-47,21.638352139646308
ak-47,39.561938434008134
ak-47,0.0
ak-47,0.0
ak-47,0.0
ak-47,0.0
ak-47,0.0
ak-47,0.0
ak-47,0.0
ak-47,0.0
ak-47,35.421875
ak-47,36.458813077907585
ak-47,17.721698573199355
ak-47,65.99205068341448
ak-47,119.17394275762408
ak-47,44.54827592684916
ak-47,12.534405774706673
ak-47,0.0
ak-47,38.15965321623797
ak-47,33.35497651395547
awp,0.0
ak-47,0.0
ak-47,76.3474482934428
ak-47,0.0
ak-47,0.0
ak-47,41.00912402830731
ak-47,0.0
ak-47,0.0
ak-47,6.91750002823455
ak-47,16.46806292435358
ak-47,19.416371847231424
ak-47,12.470113435950333
ak-47,20.407938624524135
ak-47,0.0
ak-47,23.64039780128763
awp,0.0
ak-47,31.984898339987513
ak-47,0.0
ak-47,0.0
awp,0.0
ak-47,4.798636638655192
awp,0.3775951866748304
ak-47,20.175451125687374
ak-47,0.0
ak-47,0.0
ak-47,0.0
ak-47,0.0
ak-47,0.0
ak-47,0.0
ak-47,12.404639125740175
ak-47,85.3753397169989
ak-47,0.0
ak-47,33.78148186557511
ak-47,0.0
awp,0.0
ak-47,4.515637529700098
awp,5.2540735725215155
awp,10.390266455785289
ak-47,42.643442642154916
awp,10.36647268348598
awp,0.0
ak-47,19.786960743377467
ak-47,140.36855403984214
awp,6.303772586961319
ak-47,17.544311501301156
ak-47,0.0
ak-47,27.187540409452726
awp,7.3109019298130375
awp,12.63881938058144
awp,0.0
ak-47,20.420896492146692
awp,6.783355807830295
ak-47,1.0533273729890436
ak-47,0.0
ak-47,31.775586066201612
ak-47,0.0
ak-47,73.10132921732576
ak-47,1.6257933324875582
ak-47,6.943766502786798
ak-47,106.52770894614325
ak-47,10.961848467267552
ak-47,0.0
ak-47,73.10007289601252
awp,0.0
awp,0.0
awp,0.0
ak-47,9.240612318219231
awp,0.0
ak-47,14.241271362985119
ak-47,1.8500002763407901
ak-47,41.46857804983896
ak-47,9.52578683219717
glock-18,0.0
glock-18,0.0
glock-18,0.0
ak-47,19.402552830487124
mac-10,133.6143523953008
ak-47,33.993408357758774
mac-10,71.14867953215942
ak-47,26.66511887191064
ak-47,0.0
ak-47,0.0
ak-47,0.0
awp,16.340586913562436
ak-47,15.539777227906743
ak-47,36.41497057796884
glock-18,0.0
ak-47,0.0
ak-47,65.8588805544755
ak-47,76.11931038877388
ak-47,26.882812
ak-47,24.06490744269726
ak-47,0.0
ak-47,24.350764853514807
ak-47,39.89104462661192
awp,0.0
ak-47,8.442291238489052
awp,0.0
awp,0.0
ak-47,0.0
awp,0.0
glock-18,0.0
glock-18,0.0
ak-47,0.0
ak-47,0.0
ak-47,0.0
ak-47,0.0
ak-47,0.0
ak-47,0.0
ak-47,0.0
ak-47,0.0
ak-47,0.0
ak-47,8.59593576451831
ak-47,0.0
ak-47,0.0
ak-47,73.10306027795082
ak-47,0.0
awp,0.0
ak-47,20.783731224618645
awp,0.0
awp,0.0
ak-47,0.0
ak-47,0.0
ak-47,83.86367803416428
awp,0.0
awp,0.0
awp,0.0
ak-47,0.0
ak-47,0.0
ak-47,0.0
ak-47,0.0
ak-47,5.289698779212764
ak-47,0.0
ak-47,0.0
awp,0.0
ak-47,0.0
ak-47,0.0
ak-47,4.60384372316698
awp,0.0
awp,0.0
ak-47,0.0
ak-47,0.0
ak-47,20.70314418216093
ak-47,54.19935036583119
glock-18,37.46747001040328
glock-18,85.246190178656
glock-18,221.99518434894375
ak-47,0.0
ak-47,0.0
ak-47,0.0
ak-47,0.0
ak-47,0.0
ak-47,27.39235922498871
ak-47,0.0
ak-47,0.0
ak-47,0.0
ak-47,6.809077573171053
awp,0.0
ak-47,0.0
ak-47,0.0
awp,0.0
ak-47,0.0
ak-47,0.0
ak-47,0.0
ak-47,0.0
awp,0.0
ak-47,0.0
ak-47,0.0
ak-47,36.62106102234538
ak-47,8.5344326329984
awp,0.0
ak-47,0.0
ak-47,26.90471649230391
ak-47,0.0
ak-47,47.50945017296354
awp,0.0
awp,0.0
awp,0.0
ak-47,0.0
ak-47,34.10567674917761
ak-47,0.0
ak-47,0.0
ak-47,0.0
ak-47,0.0
ak-47,15.784461714397041
awp,0.0
awp,0.0
awp,0.0
awp,0.0
glock-18,0.0
mac-10,18.66548731318505
ak-47,0.0
ak-47,0.0
ak-47,0.0
ak-47,0.0
ak-47,0.0
ak-47,0.0
ak-47,72.78447222459903
ak-47,0.0
awp,0.0
awp,0.0
ak-47,0.0
ak-47,0.0
ak-47,0.0
ak-47,0.0
glock-18,0.0
glock-18,75.38816482690561
glock-18,0.0
glock-18,21.684818395249728
glock-18,0.0
mac-10,239.87624690940086
mac-10,136.19469885930476
mac-10,0.0
mac-10,110.65321300285622
mac-10,92.81618713028485
awp,0.0
awp,2.3975216427269226
ak-47,29.915312940027974
awp,33.996399929521495
ak-47,0.0
ak-47,0.0
ak-47,54.09686739121748
ak-47,37.49050054356218
ak-47,0.0
ak-47,0.0
ak-47,17.973303996584768
awp,9.307625893714466
ak-47,134.1592021292421
ak-47,0.0
ak-47,0.0
ak-47,0.0
ak-47,0.0
ak-47,37.21876311922523
ak-47,0.0
ak-47,32.245308319204916
ak-47,0.0
ak-47,0.0
awp,33.996032939851396
ak-47,0.0
ak-47,0.0
awp,32.60399593745902
ak-47,0.0
ak-47,0.0
ak-47,0.0
ak-47,41.70572519352672
ak-47,0.0
ak-47,138.98592229064232
ak-47,0.0
ak-47,0.0
ak-47,0.0
ak-47,10.095046507097875
glock-18,37.69966734055793
glock-18,10.575762317520189
mac-10,0.0
awp,0.0
awp,6.5545199752132115
awp,0.4228141167747359
ak-47,0.0
glock-18,0.0
glock-18,0.0
glock-18,0.0
glock-18,0.0
glock-18,0.0
mac-10,0.0
mac-10,204.67718100979695
mac-10,24.560869856847496
ak-47,0.0
ak-47,69.86136533939886
awp,0.0
ak-47,63.82979548749616
ak-47,23.99272598817204
ak-47,0.94219366485877
ak-47,10.913592352078393
awp,3.238176285203293
ak-47,0.0
ak-47,15.402612717186166
ak-47,33.47728222742941
awp,4.968466771015783
awp,0.0
ak-47,49.90189634507852
ak-47,0.0
ak-47,0.0
ak-47,0.0
ak-47,0.0
ak-47,15.074056168370475
ak-47,49.85573728248805
ak-47,0.0
ak-47,32.618402155346416
awp,9.580754587801527
ak-47,72.8756739173117
ak-47,0.0
awp,0.5177512976806529
awp,18.102237124243622
awp,15.156743781002865
awp,0.0
ak-47,0.0
awp,4.829724347966868
awp,0.0
ak-47,0.0
awp,7.3561527825708595
awp,0.0
ak-47,58.995217145323444
ak-47,0.0
ak-47,22.434785426820135
awp,0.0
awp,8.385859733836837
ak-47,0.0
ak-47,37.440234110812675
awp,0.0
glock-18,0.0
ak-47,0.0
ak-47,14.098261492497045
ak-47,50.54265224377289
ak-47,0.0
ak-47,0.0
ak-47,0.0
ak-47,0.0
awp,0.0
ak-47,0.0
awp,0.0
ak-47,7.600780372597343
ak-47,81.62836996362213
awp,11.91299730975979
ak-47,0.0
ak-47,0.0
ak-47,0.0
ak-47,56.91519232419236
ak-47,0.0
ak-47,3.4133988989562885
ak-47,10.290335677254944
glock-18,0.0
glock-18,0.0
glock-18,0.0
glock-18,0.0
ak-47,0.0
mac-10,0.0
mac-10,97.72998933283705
mac-10,168.14479184038746
mac-10,223.09815747832965
ak-47,0.0
ak-47,0.0
ak-47,0.0
ak-47,0.0
ak-47,34.08315943909229
ak-47,47.80382780673098
awp,0.0
ak-47,15.750234453488114
ak-47,7.950238916417859
ak-47,24.35823241387037
ak-47,9.945120196638449
ak-47,32.88807537094904
ak-47,0.0
ak-47,85.32950408609044
ak-47,0.0
awp,24.226335516007783
awp,5.260298135246708
ak-47,16.288965284601996
awp,0.0
awp,0.0
awp,6.4606138602436225
awp,0.0
ak-47,0.0
ak-47,0.0
ak-47,16.318859948134737
ak-47,0.0
glock-18,0.0
ak-47,32.41103029675948
awp,0.0
ak-47,14.22876900425346
ak-47,22.769368859311847
ak-47,0.0
ak-47,31.647748061285277
ak-47,58.54251244014633
ak-47,38.496819699205346
ak-47,2.4481471866415627
ak-47,0.0
awp,16.847954572712382
ak-47,0.0
ak-47,0.0
awp,0.0
ak-47,0.0
ak-47,26.94689496532877
awp,2.347315393100808
awp,2.347315393100808
ak-47,0.0
ak-47,0.0
ak-47,0.0
ak-47,0.0
ak-47,7.276211777866625
awp,0.0
ak-47,0.0
ak-47,0.0
ak-47,0.0
ak-47,0.0
ak-47,57.203838112352045
awp,0.0
awp,0.0
awp,0.0
ak-47,23.79332065469938
ak-47,0.0
ak-47,0.0
ak-47,0.0
ak-47,0.0
ak-47,0.0
ak-47,0.0
ak-47,0.0
ak-47,0.0
ak-47,64.56044203562242
ak-47,24.490451742720058
ak-47,31.934705877041125
awp,0.0
ak-47,8.888812425072597
ak-47,0.0
ak-47,80.96133614322753
ak-47,209.07098039322665
ak-47,116.40999230128382
awp,0.0
ak-47,3.0979960169018943
ak-47,32.62402470606925
awp,6.5663720597712105
awp,0.0
ak-47,14.953076648751187
awp,0.0
ak-47,38.470551264511975
ak-47,0.0
ak-47,19.45557268875581
awp,0.30471303578941283
ak-47,0.0
ak-47,81.06576779915915
ak-47,20.961707615249694
awp,0.0
ak-47,0.0
ak-47,62.43417823058237
ak-47,15.827980206025783
mac-10,6.51209234268741
ak-47,0.0
ak-47,5.647408190079853
ak-47,45.131654326093134
ak-47,25.39629945551477
awp,21.674970137824552
ak-47,19.877758474012403
awp,13.822120871654429
awp,4.298791551667515
ak-47,59.392967421906846
ak-47,12.427124319627168
glock-18,0.0
glock-18,0.0
ak-47,8.505954586335681
ak-47,11.23759081234163
ak-47,33.956629699064564
ak-47,12.14081603775051
ak-47,0.0
ak-47,0.0
ak-47,22.096115865460245
ak-47,68.20044481405499
awp,0.0
ak-47,0.0
awp,8.199791980438345
awp,8.802621959136324
ak-47,9.68355527497148
awp,0.0
awp,0.0
awp,1.0074187699884294
awp,0.0
ak-47,69.25051920732662
ak-47,0.0
ak-47,21.843400479673054
ak-47,0.0
ak-47,17.496082442247694
ak-47,37.147437716567346
ak-47,25.779977319723713
awp,4.372085169068187
awp,0.0
ak-47,0.0
ak-47,10.013119324461085
awp,0.0
ak-47,0.0
ak-47,0.0
glock-18,0.0
glock-18,0.0
glock-18,114.05130120707673
glock-18,82.22935037636705
ak-47,0.0
mac-10,233.35473615726625
ak-47,14.87288501232508
ak-47,81.04871702408373
ak-47,53.21674566144497
ak-47,0.0
ak-47,0.0
ak-47,0.0
ak-47,0.0
glock-18,30.51962806439831
glock-18,0.0
ak-47,0.0
ak-47,24.608847768380073
ak-47,49.25435245776946
mac-10,232.6527412411185
ak-47,0.0
awp,0.0
awp,0.0
ak-47,17.200148579425033
ak-47,0.0
ak-47,0.0
ak-47,2.878564366572337
awp,0.0
ak-47,0.0
ak-47,0.0
ak-47,0.0
ak-47,16.152731196199607
ak-47,41.53527104879274
awp,0.0
awp,0.0
ak-47,15.625924191542849
awp,0.0
ak-47,0.0
awp,0.0
ak-47,0.0
ak-47,0.0
awp,0.0
awp,0.0
awp,0.0
ak-47,0.0
ak-47,0.0
ak-47,0.0
awp,0.0
ak-47,0.0
ak-47,0.0
ak-47,0.0
ak-47,0.0
ak-47,0.0
ak-47,0.0
ak-47,14.165355223102596
ak-47,0.0
ak-47,0.0
glock-18,0.0
glock-18,8.694077511579017
glock-18,7.042040331555195
awp,0.0
awp,0.0
ak-47,73.87376649083873
ak-47,0.0
awp,0.0
ak-47,0.0
ak-47,0.0
awp,0.0
ak-47,0.0
ak-47,0.0
ak-47,193.63875101294994
ak-47,0.0
ak-47,0.0
awp,0.0
glock-18,228.77295659212453
glock-18,82.2172199831678
glock-18,183.9104641344463
glock-18,91.52423306676741
glock-18,6.878607397611017
glock-18,12.279851280519647
ak-47,46.09247482337552
ak-47,0.0
ak-47,38.602950702914924
ak-47,33.567350873376306
ak-47,0.0
ak-47,0.265883622259815
ak-47,19.159265818962897
ak-47,65.53548895881562
ak-47,0.0
ak-47,73.09753569213827
ak-47,48.32412862884653
ak-47,86.01899817213545
ak-47,11.36719397305443
ak-47,39.667859754552374
ak-47,0.0
awp,0.0
ak-47,0.0
ak-47,0.0
ak-47,0.0
awp,8.447210062201663
awp,10.041656193108086
awp,0.0
ak-47,66.87005158519646
ak-47,0.0
ak-47,0.0
ak-47,0.0
ak-47,19.605504371997675
ak-47,28.090947754970124
ak-47,0.4699619405068883
ak-47,0.0
ak-47,0.0
ak-47,4.786232806756165
ak-47,19.633096335965575
ak-47,0.0
ak-47,11.288849349924908
ak-47,20.41594452910825
ak-47,0.0
ak-47,8.79721957068283
ak-47,2.3556762877061437
awp,20.91538106937916
ak-47,31.223131504952956
ak-47,0.0
ak-47,55.16287819978377
awp,0.0
ak-47,18.950349931991283
glock-18,84.67010925548024
glock-18,0.0
glock-18,31.077867310076556
glock-18,33.005329180297615
glock-18,35.197897801925684
ak-47,0.0
ak-47,0.0
ak-47,0.0
ak-47,31.237612190279222
ak-47,0.0
glock-18,0.0
ak-47,0.0
ak-47,0.0
ak-47,0.0
awp,0.0
ak-47,0.0
awp,6.773113863983832
ak-47,0.0
ak-47,0.0
ak-47,0.0
ak-47,0.0
awp,0.0
awp,0.3785401552134199
awp,6.010226830013822
ak-47,0.0
awp,0.0
ak-47,69.12353212548436
awp,0.0
ak-47,0.0
ak-47,0.0
ak-47,0.0
awp,0.0
awp,0.0
ak-47,41.39529763794651
ak-47,0.0
awp,0.0
ak-47,33.23628311318352
ak-47,78.0564486795291
awp,6.084922113541717
ak-47,0.0
glock-18,69.23133293513555
glock-18,0.0
glock-18,0.0
glock-18,21.786363024284892
glock-18,19.11189239304957
ak-47,0.0
mac-10,0.0
ak-47,0.0
ak-47,0.0
ak-47,0.0
ak-47,0.0
ak-47,0.0
ak-47,0.0
ak-47,0.0
awp,8.043826410318411
awp,0.0
awp,13.79069571939012
ak-47,0.0
ak-47,0.0
awp,14.385536427014776
glock-18,0.0
ak-47,0.0
ak-47,0.0
ak-47,42.457678446304676
ak-47,0.0
ak-47,0.0
ak-47,0.0
ak-47,73.0937566802049
ak-47,22.609461385460403
ak-47,0.0
ak-47,27.496343725742516
ak-47,26.641394821263788
awp,9.079405863813117
awp,0.0
ak-47,0.0
ak-47,0.0
awp,0.6988945112404303
awp,11.975816627581645
ak-47,0.0
ak-47,39.152307015556325
glock-18,164.8984676157697
glock-18,85.41921240361735
glock-18,97.9464969732958
glock-18,113.70548784520994
glock-18,24.671486175688486
mac-10,122.81696278469131
mac-10,0.0
ak-47,5.537144433773514
ak-47,0.0
ak-47,38.95102887003346
ak-47,39.074474573302815
ak-47,24.275516082772803
ak-47,27.958110050881263
ak-47,38.20296607405594
ak-47,0.0
ak-47,26.291993160569017
ak-47,83.95494817854897
awp,1.4029272305465454
ak-47,71.6321048014021
ak-47,0.0
ak-47,36.843780257568156
ak-47,106.07018127337761
ak-47,0.0
ak-47,0.0
ak-47,73.09604885373315
glock-18,0.0
glock-18,0.0
glock-18,0.0
glock-18,0.0
mac-10,74.09097177279635
ak-47,0.0
mac-10,16.6636094545776
ak-47,0.0
ak-47,0.0
ak-47,18.658181844179488
awp,0.0
awp,0.0
ak-47,0.0
ak-47,0.0
ak-47,70.69053146881487
ak-47,21.19578172872029
ak-47,0.0
awp,0.0
awp,0.0
ak-47,0.0
ak-47,34.382058116919424
ak-47,0.0
ak-47,0.0
ak-47,9.734011329482826
ak-47,8.01893779440806
awp,0.0
ak-47,0.0
ak-47,20.485301576944114
ak-47,2.7626139093809323
ak-47,0.0
awp,0.0
awp,0.0
mac-10,239.99858709786537
awp,0.0
mac-10,3.4261887763592362
mac-10,107.78254782008933
ak-47,0.0
glock-18,0.0
glock-18,0.0
ak-47,0.0
ak-47,0.0
ak-47,109.4568871349467
ak-47,30.779342894585337
ak-47,70.15777085380354
ak-47,73.10781720049327
awp,0.0
awp,12.801267797588878
ak-47,26.782878615226725
ak-47,80.02713607344191
ak-47,15.19687927603786
glock-18,27.587291405585294
glock-18,0.0
glock-18,85.4485749462204
mac-10,0.0
ak-47,19.28198186513671
ak-47,10.713316930225718
ak-47,9.666447315034413
mac-10,0.0
ak-47,92.06947453207445
ak-47,0.0
ak-47,26.785940059991564
ak-47,85.9151178239495
awp,0.0
awp,0.0
ak-47,44.25558473346145
awp,0.0
ak-47,61.87407312101702
ak-47,0.0
awp,0.0
awp,0.0
ak-47,0.0
ak-47,0.0
awp,0.0
ak-47,0.0
ak-47,16.125099136050636
ak-47,1.898116248539325
ak-47,30.440664138666964
ak-47,0.0
awp,0.0
ak-47,118.92655417096918
ak-47,0.0
awp,0.0
ak-47,0.0
ak-47,15.959124867428667
ak-47,8.40909884231622
awp,0.0
ak-47,0.0
ak-47,3.533116210408313
ak-47,6.907084730946118
awp,0.0
ak-47,24.59374757891904
awp,0.0
glock-18,92.06712458412726
ak-47,0.0
ak-47,0.0
mac-10,58.26248312094129
glock-18,92.51086203511709
glock-18,0.0
glock-18,0.0
glock-18,0.0
ak-47,15.619783827079297
ak-47,50.52786153573844
ak-47,91.1564853471797
ak-47,72.72061511402565
ak-47,7.396147399518753
ak-47,0.0
ak-47,101.73467605372731
ak-47,0.0
ak-47,0.0
ak-47,0.0
ak-47,22.612995583966956
ak-47,0.0
awp,0.0
ak-47,43.323488602956125
ak-47,18.469787671779688
ak-47,3.968419826324957
ak-47,0.22124687497906045
ak-47,22.07239266642792
ak-47,10.777004771759406
awp,0.0
awp,0.0
ak-47,21.365693523736343
ak-47,0.0
ak-47,0.0
ak-47,33.23704657968039
ak-47,0.0
ak-47,0.0
ak-47,0.0
ak-47,0.0
awp,8.816323423625121
ak-47,55.40340941596487
glock-18,59.6549150905864
glock-18,147.65362816120697
ak-47,0.0
ak-47,69.16560564588663
ak-47,0.0
awp,0.0
ak-47,0.0
ak-47,0.0
ak-47,0.0
glock-18,10.38683502647404
ak-47,0.0
awp,0.0
ak-47,0.0
ak-47,21.273961242795405
awp,0.0
ak-47,0.0
ak-47,0.0
ak-47,56.05607300819945
ak-47,48.54694925826112
awp,0.0
ak-47,0.0
awp,0.0
ak-47,73.08998799579588
ak-47,0.0
ak-47,12.334043253828202
ak-47,11.65936579364251
ak-47,0.0
ak-47,0.0
awp,0.0
ak-47,21.44570625471281
ak-47,0.0
ak-47,1.0306066764391737
awp,0.0
ak-47,0.0
ak-47,0.0
ak-47,30.021852738097095
glock-18,14.729397479078361
glock-18,222.5409317896215
glock-18,43.447405008275524
glock-18,63.31879683133378
glock-18,146.35904741695953
ak-47,4.554627197285196
ak-47,10.384403263907897
ak-47,0.0
ak-47,23.703383824595257
ak-47,0.0
ak-47,0.0
ak-47,0.0
ak-47,0.0
ak-47,0.0
ak-47,0.0
glock-18,0.0
glock-18,20.40625598200525
ak-47,0.0
ak-47,0.0
ak-47,77.5281673258329
ak-47,0.0
ak-47,46.348317163692684
ak-47,35.835801610817136
ak-47,0.0
awp,0.0
ak-47,11.35965971733916
ak-47,32.74447628077664
ak-47,21.738927189145304
ak-47,0.0
ak-47,10.71708715235861
ak-47,14.510031551481893
ak-47,0.0
ak-47,66.18622400159903
ak-47,1.242286266513882
ak-47,7.997333725791366
ak-47,19.379346790623515
ak-47,0.0
ak-47,44.20601827867658
awp,0.0
glock-18,91.1004620704699
ak-47,0.0
awp,0.0
awp,0.0
ak-47,0.0
awp,0.0
awp,0.0
awp,0.8084044778481871
ak-47,0.0
awp,0.0
ak-47,0.0
ak-47,0.0
awp,0.0
ak-47,21.71678498527533
ak-47,0.0
ak-47,0.0
ak-47,59.90607372832048
ak-47,3.022783941474481
ak-47,0.0
ak-47,6.3039011407062056
ak-47,27.013053853894935
ak-47,33.30322874882674
awp,0.0
awp,0.0
ak-47,119.98589801579288
awp,0.0
ak-47,29.83956178929818
ak-47,19.213826859273116
ak-47,45.860831003291906
mac-10,3.374249951631325
ak-47,31.786589324781986
ak-47,33.703115540763484
ak-47,29.614967221363944
glock-18,40.68577029780297
glock-18,30.799601187689753
ak-47,96.04687627094516
ak-47,27.630070486427663
ak-47,26.920440464537126
awp,0.0
ak-47,0.0
ak-47,25.874068632524455
ak-47,13.777910572972813
ak-47,14.573535585201176
ak-47,59.19044781361862
awp,0.0
awp,0.0
awp,0.0
awp,0.0
ak-47,0.8045915719425603
ak-47,20.23854171041503
ak-47,48.62744066974781
ak-47,14.591817658473019
ak-47,0.0
ak-47,0.0
ak-47,42.227088021239695
ak-47,22.12026582593349
ak-47,22.80628828811188
glock-18,0.0
glock-18,0.0
glock-18,0.0
glock-18,0.0
glock-18,212.98636395195638
ak-47,0.0
ak-47,0.0
ak-47,0.0
ak-47,0.0
ak-47,0.0
awp,6.154164029245971
ak-47,0.0
ak-47,0.0
ak-47,0.0
ak-47,0.0
awp,1.1736967739531365
ak-47,0.0
ak-47,0.0
ak-47,0.0
ak-47,43.56671989066023
ak-47,0.34736328278763146
awp,0.0
ak-47,0.0
ak-47,0.0
ak-47,26.177422586504978
ak-47,0.0
ak-47,0.0
awp,39.20398323003143
awp,8.989815554835427
awp,0.0
awp,0.0
mac-10,0.0
awp,0.0
awp,0.0
awp,0.0
ak-47,0.0
ak-47,0.0
glock-18,0.0
glock-18,20.549971068163188
glock-18,0.0
mac-10,0.0
mac-10,0.0
mac-10,0.0
ak-47,140.9716439378191
ak-47,2.9679541932964533
mac-10,0.0
mac-10,0.0
mac-10,0.0
ak-47,0.0
ak-47,0.0
ak-47,0.0
ak-47,46.77997906276044
ak-47,0.0
ak-47,44.93474992809669
ak-47,53.06013394766708
ak-47,0.0
ak-47,58.13745361660124
ak-47,0.0
ak-47,0.0
ak-47,0.0
ak-47,0.0
ak-47,0.0
ak-47,0.0
ak-47,0.0
ak-47,41.643140671434665
ak-47,0.0
ak-47,0.0
ak-47,0.0
ak-47,0.0
ak-47,0.0
ak-47,0.0
ak-47,56.06365183111625
ak-47,0.0
ak-47,0.0
ak-47,17.631837730567536
awp,0.0
ak-47,0.0
glock-18,0.0
glock-18,0.0
glock-18,0.0
glock-18,0.0
glock-18,0.0
mac-10,73.69072028305001
glock-18,0.0
glock-18,0.0
glock-18,0.0
ak-47,0.0
ak-47,16.988772242888537
awp,8.579164511184116
ak-47,17.65007013696671
awp,30.431209625196992
ak-47,0.0
ak-47,0.0
awp,15.115363953185382
awp,11.70650401819967
awp,32.32593548790149
ak-47,0.0
awp,4.446219324218386
ak-47,0.0
awp,0.0
awp,10.985131326635472
ak-47,8.984385402697782
ak-47,5.576195055753072
glock-18,0.0
glock-18,45.450536482358274
glock-18,26.114664305801213
ak-47,62.14185882140196
ak-47,0.0
ak-47,38.003122691642396
mac-10,0.0
mac-10,0.0
ak-47,0.0
ak-47,0.0
ak-47,0.0
awp,0.0
ak-47,0.0
ak-47,0.0
awp,0.0
glock-18,5.7363595241096945
awp,0.0
ak-47,0.0
ak-47,0.0
ak-47,0.972656
ak-47,28.014566882067694
ak-47,42.69030908220483
awp,0.0
ak-47,43.03501235467684
ak-47,6.238309948489896
ak-47,0.0
ak-47,3.6755302701826578
ak-47,0.0
awp,0.0
awp,31.619055817297014
ak-47,7.157158430059306
ak-47,3.7997509612062736
ak-47,0.0
ak-47,0.0
awp,0.0
ak-47,0.0
ak-47,0.0
ak-47,0.0
ak-47,0.0
ak-47,0.0
ak-47,0.0
ak-47,0.0
awp,0.0
ak-47,0.0
ak-47,0.0
ak-47,0.0
ak-47,0.0
ak-47,52.362684716872046
ak-47,2.306997273020712
ak-47,0.0
ak-47,0.0
glock-18,83.44017488398453
glock-18,22.739849432797573
glock-18,219.4342042980625
glock-18,39.26312692559758
glock-18,0.0
glock-18,14.401916309258986
ak-47,15.05329075318749
ak-47,0.0
ak-47,7.439054386334463
ak-47,0.0
ak-47,0.0
ak-47,0.0
ak-47,55.44133326050954
ak-47,0.0
ak-47,0.0
ak-47,40.17910388436915
ak-47,55.29375225576992
ak-47,0.0
ak-47,0.0
ak-47,18.450248396765396
ak-47,0.0
awp,0.0
ak-47,196.17435283416216
ak-47,67.25814250535753
ak-47,8.165419295151045
awp,0.0
ak-47,0.0
ak-47,23.24724349131174
ak-47,21.20397476537326
awp,0.0
ak-47,0.0
ak-47,0.0
ak-47,0.0
glock-18,0.0
ak-47,0.0
ak-47,10.428619444376375
ak-47,0.0
ak-47,0.0
glock-18,7.919720846909252
glock-18,0.0
ak-47,0.0
ak-47,12.559274374713533
ak-47,95.7405430485204
ak-47,0.0
mac-10,0.0
ak-47,0.0
ak-47,30.854610031980407
glock-18,234.45501253415455
glock-18,230.44514090216344
glock-18,45.99977853860371
glock-18,0.0
glock-18,101.20479105016143
ak-47,0.0
ak-47,0.0
ak-47,1.6424840657522373
glock-18,193.7630733162135
ak-47,42.70084235643892
ak-47,0.0
ak-47,0.0
ak-47,14.922843818508321
ak-47,0.0
ak-47,49.89498799480474
ak-47,13.406606513570724
ak-47,7.846360413343501
ak-47,31.2014547017737
ak-47,27.652690904092953
ak-47,42.72466734495782
ak-47,19.133650451510448
awp,0.0
awp,0.0
awp,0.0
ak-47,0.0
ak-47,0.0
ak-47,0.0
ak-47,20.155313213714145
awp,0.0
ak-47,0.0
awp,8.383348601391988
ak-47,52.341046114258745
ak-47,9.980838982761169
ak-47,16.864146148540577
awp,0.0
ak-47,8.418407653755251
awp,0.0
ak-47,58.614913827746776
awp,0.0
ak-47,0.0
ak-47,15.41654058894112
awp,0.0
ak-47,0.0
awp,4.300270511908058
awp,35.8146417417492
awp,0.0
ak-47,73.09515223817294
ak-47,33.37969062203035
ak-47,21.675092617704866
awp,4.267944268959472
ak-47,0.0
ak-47,37.03528788639458
ak-47,48.21504463950898
ak-47,0.0
ak-47,29.357917713284113
ak-47,56.58381849632455
glock-18,77.51127077256149
glock-18,58.98712534978502
glock-18,108.32403931425134
glock-18,129.40351388353483
glock-18,0.0
ak-47,0.0
ak-47,15.100930230265154
ak-47,31.816847709153418
ak-47,0.0
ak-47,24.068201434932774
ak-47,9.2657545388816
ak-47,0.0
ak-47,0.0
ak-47,0.0
ak-47,0.0
ak-47,0.0
ak-47,1.8340083950105026
ak-47,46.9669122420221
ak-47,0.0
ak-47,0.0
ak-47,0.0
ak-47,0.0
ak-47,0.0
ak-47,0.0
ak-47,0.0
ak-47,59.3147158349845
ak-47,0.0
ak-47,47.75277492430864
ak-47,1.5271238601305397
ak-47,0.0
ak-47,0.0
ak-47,0.0
ak-47,0.0
ak-47,0.0
ak-47,0.0
ak-47,0.0
ak-47,0.0
ak-47,0.0
glock-18,0.0
glock-18,0.0
glock-18,0.0
glock-18,0.0
glock-18,0.0
glock-18,0.0
glock-18,0.0
ak-47,73.10308924407603
mac-10,161.8554697541933
ak-47,22.64941928736117
ak-47,0.0
ak-47,28.441968474438053
ak-47,11.10039766333531
ak-47,12.237908582779534
ak-47,66.49363221111258
ak-47,67.51828583590157
ak-47,0.0
ak-47,0.0
ak-47,0.0
ak-47,0.0
ak-47,0.0
awp,4.53831685398761
ak-47,0.0
ak-47,0.0
awp,0.0
ak-47,46.54766236523558
ak-47,5.864919696686733
ak-47,38.625079009830195
ak-47,37.829897506696845
awp,0.0
ak-47,29.36698904475377
ak-47,0.0
ak-47,0.0
ak-47,0.0
ak-47,0.0
ak-47,0.0
ak-47,19.3560381806248
ak-47,39.353063361094826
ak-47,39.44800109250576
awp,0.0
ak-47,0.0
ak-47,0.0
awp,0.0
ak-47,0.0
ak-47,0.0
glock-18,53.780447005553874
glock-18,116.9650553192698
glock-18,113.2077971523598
glock-18,83.66434716660319
mac-10,43.93463090468007
awp,14.179548011813916
ak-47,0.0
ak-47,0.0
ak-47,0.0
ak-47,26.39104245251538
ak-47,33.357973477584785
ak-47,0.0
ak-47,0.0
ak-47,17.54691847890874
ak-47,0.0
ak-47,0.0
ak-47,0.0
ak-47,2.2967283448078923
awp,0.0
awp,0.0
ak-47,0.0
ak-47,0.0
glock-18,0.0
glock-18,91.2831253852572
awp,0.0
ak-47,16.454101235460936
ak-47,0.0
ak-47,0.0
ak-47,19.43081929813254
awp,0.0
ak-47,7.900358684297884
ak-47,50.737526064994974
ak-47,20.52322794040394
ak-47,32.43881334648549
ak-47,0.0
awp,0.0
ak-47,0.0
awp,0.0
ak-47,68.847202460774
ak-47,0.0
awp,0.0
mac-10,18.957291805132954
mac-10,79.882682075951
ak-47,0.0
ak-47,53.76743485437385
ak-47,73.1046596175634
ak-47,22.458518902478165
ak-47,45.39759271525137
ak-47,0.39484028490770795
ak-47,26.281987113882714
ak-47,0.0
ak-47,0.0
awp,2.316735331599188
ak-47,0.0
awp,0.0
ak-47,28.544974387156632
ak-47,0.0
awp,0.0
awp,1.2115670863340584
ak-47,0.0
ak-47,0.0
ak-47,0.0
glock-18,0.0
glock-18,0.0
glock-18,0.0
mac-10,0.0
mac-10,0.0
mac-10,0.0
mac-10,239.99485787143539
mac-10,115.18397817177346
ak-47,0.0
ak-47,0.0
ak-47,7.356686778394741
ak-47,40.45620823170784
mac-10,22.374074916456056
ak-47,0.0
mac-10,62.90564208853664
ak-47,0.0
ak-47,0.0
glock-18,0.0
glock-18,0.0
awp,0.0
ak-47,0.0
ak-47,0.0
ak-47,0.0
ak-47,0.0
awp,0.0
ak-47,0.0
ak-47,0.0
awp,0.0
awp,0.0
ak-47,41.28567979823445
ak-47,0.0
awp,0.0
ak-47,0.0
ak-47,0.0
ak-47,0.0
awp,0.0
awp,0.0
awp,0.0
awp,0.0
awp,0.0
awp,0.0
ak-47,0.0
ak-47,0.0
ak-47,0.0
awp,0.0
ak-47,0.0
ak-47,0.0
awp,0.0
awp,0.0
ak-47,0.0
awp,0.0
awp,0.0
awp,0.0
awp,0.0
ak-47,0.0
ak-47,2.3154673993265376
ak-47,0.0
ak-47,31.089771342311092
ak-47,0.0
awp,0.0
ak-47,0.0
glock-18,0.0
glock-18,0.0
glock-18,0.0
ak-47,0.0
ak-47,0.0
mac-10,0.0
ak-47,0.0
ak-47,0.0
ak-47,0.0
awp,0.0
awp,0.0
awp,0.0
ak-47,0.0
ak-47,0.0
ak-47,0.0
ak-47,0.0
ak-47,0.0
ak-47,0.0
ak-47,0.0
ak-47,0.0
ak-47,0.0
ak-47,0.0
ak-47,43.93291981785048
ak-47,6.257628783117851
ak-47,32.49945394119086
awp,0.0
awp,0.0
awp,40.731159679535814
awp,0.0
awp,0.0
awp,43.10668783749612
ak-47,0.0
awp,0.0
awp,0.0
ak-47,0.0
ak-47,0.0
awp,0.4400084535653832
awp,23.782002916720366
awp,5.566775183287807
awp,30.738235697132342
ak-47,0.0
ak-47,0.0
awp,0.0
awp,0.0
awp,11.879039197916008
ak-47,0.0
ak-47,0.0
ak-47,0.0
ak-47,0.0
ak-47,0.0
ak-47,0.0
ak-47,0.0
ak-47,0.0
awp,0.0
awp,0.0
ak-47,10.460101384154793
ak-47,54.34325590365341
ak-47,46.18029698110903
awp,19.313410172727135
ak-47,0.0
ak-47,0.0
awp,0.0
ak-47,0.0
ak-47,0.0
ak-47,0.0
awp,0.0
awp,0.0
awp,0.0
awp,0.0
ak-47,0.0
ak-47,19.163341112084943
glock-18,0.0
glock-18,0.0
mac-10,2.430130437720576
ak-47,0.0
ak-47,0.0
ak-47,0.0
ak-47,25.299408625881675
ak-47,0.0
ak-47,12.818081863377609
ak-47,18.988740986617202
ak-47,0.0
ak-47,4.766740961858637
ak-47,0.0
awp,0.0
ak-47,0.0
ak-47,56.0640233356783
ak-47,0.0
ak-47,0.0
awp,0.0
ak-47,0.0
ak-47,22.588816907320776
ak-47,57.153437070261454
awp,0.0
ak-47,0.0
ak-47,20.649494758285517
awp,8.463426133876517
ak-47,64.90918954121567
ak-47,4.276202017484207
ak-47,0.0
ak-47,27.408380170974716
ak-47,73.1044599629474
awp,7.99053790600758
ak-47,73.1019683159624
ak-47,0.0
ak-47,29.16466472616896
ak-47,63.4079590575466
ak-47,19.156557442144454
ak-47,0.0
ak-47,0.0
ak-47,24.412206245172435
ak-47,8.496398706021276
ak-47,0.0
awp,0.0
awp,0.0
ak-47,52.25917347781839
awp,19.513687336853305
ak-47,0.0
ak-47,0.0
awp,0.4437504478431543
ak-47,0.0
ak-47,0.0
ak-47,41.3105150819963
ak-47,0.0
ak-47,0.0
awp,0.0
awp,0.0
ak-47,10.098211572012392
ak-47,0.0
ak-47,0.0
ak-47,65.11622170621331
awp,0.0
awp,0.0
glock-18,0.0
ak-47,0.0
ak-47,0.0
ak-47,0.0
awp,0.0
awp,0.0
ak-47,0.0
ak-47,0.0
ak-47,0.0
awp,0.0
ak-47,0.0
ak-47,0.0
ak-47,0.0
awp,0.0
ak-47,0.0
awp,0.0
ak-47,0.0
ak-47,0.0
ak-47,0.0
ak-47,0.0
ak-47,0.0
glock-18,72.54336493072044
glock-18,0.0
ak-47,50.84973748690651
ak-47,0.0
ak-47,40.229164449436496
ak-47,36.76090388892075
ak-47,2.433690934054692
awp,0.0
ak-47,8.465008597437336
ak-47,31.99997520810121
ak-47,34.002501561946204
ak-47,1.9769992631169595
ak-47,61.13862592198452
awp,0.0
ak-47,19.254808163218453
ak-47,17.225974296732247
ak-47,0.0
ak-47,0.0
ak-47,0.0
awp,0.8255990626545067
awp,0.0
ak-47,11.807914405036987
ak-47,10.478365453548802
ak-47,0.0
ak-47,5.51401087223901
ak-47,0.0
ak-47,3.089754913387954
ak-47,5.452594334046868
awp,0.0
ak-47,34.20972836936109
glock-18,0.0
glock-18,59.574615787092476
glock-18,21.22297822284754
glock-18,89.96978930886328
ak-47,0.0
ak-47,0.0
ak-47,0.0
ak-47,0.0
ak-47,0.0
ak-47,35.36094746404129
ak-47,0.0
ak-47,0.0
ak-47,0.0
ak-47,71.665796082406
ak-47,0.0
awp,0.0
ak-47,72.96921290575197
awp,0.0
ak-47,0.0
glock-18,0.0
glock-18,0.0
glock-18,0.0
mac-10,0.0
mac-10,0.0
mac-10,0.0
mac-10,0.0
mac-10,20.929426687694672
awp,0.0
ak-47,0.0
ak-47,8.1459648165806
ak-47,0.0
awp,27.124738262074143
ak-47,0.0
awp,3.998340119924767
awp,9.391053962748272
ak-47,0.0
ak-47,0.0
ak-47,1.7485387311512433
ak-47,209.92309637699907
awp,0.0
ak-47,0.0
ak-47,6.413718951600078
ak-47,34.46076007254257
ak-47,60.676926865277295
ak-47,33.542867633072234
ak-47,0.0
ak-47,0.0
ak-47,43.99134345558617
ak-47,0.0
ak-47,0.0
ak-47,0.0
awp,0.0
ak-47,0.0
ak-47,0.0
ak-47,0.0
awp,4.295852150985296
glock-18,20.416446017028722
glock-18,81.30199410407928
glock-18,0.0
glock-18,104.98542611841715
mac-10,77.07084345520984
glock-18,17.519550828717527
glock-18,81.60025967617193
ak-47,0.0
ak-47,86.68494847898734
ak-47,0.0
awp,0.0
awp,0.0
ak-47,0.0
ak-47,0.0
ak-47,3.6719082445303557
awp,13.896837437231392
awp,0.0
awp,0.0
awp,10.372705081169906
ak-47,1.1943935094720668
awp,0.0
awp,0.0
ak-47,0.0
ak-47,19.13774587482478
ak-47,0.0
ak-47,14.110064118946484
ak-47,11.729053188981668
ak-47,90.01896771029264
ak-47,0.0
ak-47,0.0
glock-18,47.38108996859723
glock-18,51.01666584178453
glock-18,112.4299903616543
glock-18,0.0
glock-18,192.40679879022758
mac-10,0.0
ak-47,0.0
ak-47,0.0
ak-47,0.0
ak-47,0.0
ak-47,0.0
ak-47,38.30272069292818
awp,0.0
ak-47,54.621039076914286
ak-47,0.0
awp,0.0
ak-47,0.0
ak-47,0.0
ak-47,0.0
ak-47,0.0
ak-47,0.0
ak-47,0.0
ak-47,0.0
ak-47,0.0
ak-47,4.364560641883671
ak-47,39.41098643516766
ak-47,26.423292774554138
ak-47,0.0
ak-47,0.0
ak-47,0.0
ak-47,0.0
ak-47,0.0
ak-47,0.0
ak-47,0.0
ak-47,0.0
ak-47,0.0
glock-18,66.85836315788849
glock-18,0.0
ak-47,0.0
ak-47,0.0
ak-47,0.0
ak-47,0.0
ak-47,0.0
ak-47,0.0
awp,4.32472665580855
awp,13.970701370517515
ak-47,0.0
ak-47,0.0
awp,7.075438858683537
ak-47,0.0
ak-47,0.0
awp,6.5833434350776505
awp,9.11900290875077
awp,10.321731545135439
ak-47,0.0
ak-47,2.320522428213957
ak-47,0.0
ak-47,0.0
ak-47,0.0
awp,6.4513762018239955
awp,18.003126106578268
awp,0.0
ak-47,26.74845361732093
ak-47,22.581503856170652
ak-47,19.901762330000928
ak-47,0.0
awp,0.0
mac-10,0.0
ak-47,116.7654288206401
glock-18,11.560288500966834
glock-18,153.4602618653355
ak-47,0.0
ak-47,0.0
mac-10,0.0
awp,6.251592573893551
awp,0.0
awp,0.0
glock-18,62.21438308275015
ak-47,0.0
awp,0.0
glock-18,21.567092678557046
awp,33.99967386487654
ak-47,0.0
awp,2.6503265328010057
ak-47,46.41654191785839
awp,8.350105045594397
ak-47,5.668844593684326
ak-47,0.0
ak-47,0.0
ak-47,0.0
ak-47,8.73681031501022
ak-47,0.0
awp,0.0
ak-47,29.8798508150638
ak-47,95.33284874995213
ak-47,10.318771767087883
ak-47,148.97958726631973
ak-47,0.0
ak-47,0.0
ak-47,0.0
ak-47,0.0
ak-47,24.804179374716774
ak-47,44.82734074775823
ak-47,33.32624840145348
awp,0.0
awp,0.0
ak-47,4.450691220455987
awp,0.0
ak-47,0.0
ak-47,20.990865991619426
glock-18,17.622587709265062
mac-10,63.532785665988776
ak-47,0.0
ak-47,0.0
ak-47,0.0
ak-47,48.19931356487351
ak-47,21.672753677212434
ak-47,0.0
awp,2.6230609212673652
ak-47,0.0
ak-47,92.82505307574904
ak-47,0.0
glock-18,0.0
ak-47,0.0
ak-47,0.0
ak-47,0.0
ak-47,12.31999296113841
ak-47,0.0
ak-47,0.0
ak-47,12.3848531069395
ak-47,0.0
ak-47,153.66166861370294
ak-47,5.98835132256784
glock-18,43.08312106596016
glock-18,15.778215846533632
glock-18,33.78289108552848
ak-47,0.0
ak-47,13.778036617855571
ak-47,85.6347122655567
ak-47,7.871981019284091
ak-47,6.901662240336599
ak-47,0.0
ak-47,6.7266542739819775
ak-47,76.16755877401813
ak-47,0.0
ak-47,0.0
ak-47,5.695704914721794
ak-47,48.54834285392556
ak-47,0.0
awp,0.0
awp,0.0
ak-47,0.0
ak-47,7.9833973662117055
ak-47,25.216223602213635
ak-47,9.239258761392119
ak-47,39.934273599474984
ak-47,13.065632073515195
ak-47,0.0
ak-47,46.12215225701568
ak-47,38.78110879354581
awp,0.0
ak-47,10.112383897471654
awp,83.14480321571095
ak-47,0.0
ak-47,44.598447028287445
awp,0.0
ak-47,0.0
ak-47,0.0
ak-47,0.0
ak-47,0.0
ak-47,0.0
ak-47,83.2768128513555
ak-47,8.176169242107576
ak-47,200.02854735541422
ak-47,0.0
awp,0.0
glock-18,0.0
glock-18,0.0
ak-47,0.0
ak-47,0.0
ak-47,63.83133747077315
awp,2.4210809399871374
ak-47,0.0
awp,0.0
ak-47,34.995916104918024
ak-47,68.7118733058787
ak-47,20.866486447883076
ak-47,51.15440839927374
ak-47,11.612993102336794
awp,0.0
awp,1.7151951875078242
ak-47,39.55134741107122
ak-47,24.443150139261284
mac-10,5.036107825908814
ak-47,20.30784653931108
ak-47,3.0053769463819346
ak-47,0.0
ak-47,46.473382805239225
ak-47,28.679397797501675
ak-47,25.365402582414674
ak-47,0.0
ak-47,89.08464037520328
ak-47,62.90797721182298
ak-47,0.0
ak-47,0.0
ak-47,33.11428835773478
ak-47,43.68663098589157
ak-47,21.9979872167061
ak-47,0.0
ak-47,0.0
ak-47,0.0
ak-47,0.0
ak-47,0.0
ak-47,0.0
ak-47,51.6875850210909
ak-47,0.0
ak-47,0.0
ak-47,0.0
ak-47,17.939983946671635
ak-47,19.488406776329562
ak-47,34.56063506855359
ak-47,0.0
ak-47,52.39071623350802
glock-18,0.0
glock-18,0.0
mac-10,136.98196077754164
mac-10,37.01999508241923
mac-10,214.79684906356368
mac-10,0.0
ak-47,0.0
ak-47,0.0
ak-47,0.0
ak-47,0.0
awp,0.0
awp,11.16623687589091
awp,25.589276795219202
awp,3.9104373565288064
ak-47,0.0
ak-47,0.0
awp,5.79757119059016
awp,0.0
ak-47,46.42470850976399
awp,0.0
ak-47,204.99929139549786
awp,14.003611566390436
awp,2.9742747212031375
awp,0.0
ak-47,0.0
ak-47,0.0
glock-18,215.48554313885808
ak-47,0.0
ak-47,0.0
awp,0.0
ak-47,0.0
awp,0.0
ak-47,76.51742334283966
awp,10.343261213102036
awp,2.1672326518368994
awp,13.677629053401798
ak-47,0.0
awp,9.340734475562883
ak-47,72.26861499589434
glock-18,217.69163706388366
ak-47,0.0
ak-47,12.642532352052338
ak-47,42.1413002470052
ak-47,0.5922776319598774
ak-47,7.161949940675654
ak-47,0.0
ak-47,2.099462910763608
ak-47,66.33033528413866
ak-47,0.0
ak-47,0.0
ak-47,7.522008452723381
ak-47,53.46800115726105
ak-47,56.4751593096452
ak-47,205.6446424745544
ak-47,0.0
awp,3.290904369812347
ak-47,61.50167134392918
ak-47,24.552662828156237
ak-47,31.471917881061923
ak-47,66.73904010101936
ak-47,47.08753524413003
awp,0.0
glock-18,0.0
mac-10,57.041349685507406
mac-10,0.0
ak-47,0.0
mac-10,0.0
ak-47,0.0
ak-47,29.299879723982556
ak-47,23.045439573942822
ak-47,0.0
ak-47,0.0
awp,6.537088394666848
ak-47,0.0
ak-47,0.0
ak-47,0.0
ak-47,0.0
awp,0.0
awp,0.0
ak-47,0.0
ak-47,5.982911000756153
ak-47,31.50967281137156
ak-47,0.0
ak-47,0.0
awp,0.0
ak-47,73.69549992856878
ak-47,0.0
ak-47,0.0
ak-47,0.0
ak-47,0.0
ak-47,0.0
ak-47,0.0
ak-47,22.68004223766667
ak-47,17.31640135127807
awp,0.0
ak-47,0.0
ak-47,0.0
ak-47,0.0
ak-47,43.71299402909054
ak-47,11.701844359003584
glock-18,0.0
glock-18,0.0
glock-18,42.41833260992527
glock-18,63.38831221132173
glock-18,87.20594358141425
glock-18,148.3377942677117
glock-18,92.09069288743193
mac-10,0.0
ak-47,0.0
mac-10,0.0
mac-10,0.0
awp,0.0
awp,0.0
awp,0.0
ak-47,0.0
ak-47,0.0
ak-47,0.0
ak-47,27.261793666557764
ak-47,0.0
ak-47,0.0
awp,0.0
ak-47,0.0
ak-47,0.0
ak-47,0.0
ak-47,0.0
awp,0.0
ak-47,0.0
ak-47,0.0
awp,0.0
ak-47,0.0
ak-47,0.0
ak-47,0.0
awp,0.0
ak-47,0.0
ak-47,61.68302169978077
awp,0.0
awp,0.0
awp,0.0
glock-18,109.04090391049218
glock-18,183.24205450517448
glock-18,27.530984481250137
ak-47,0.0
mac-10,0.0
mac-10,0.0
ak-47,0.0
ak-47,0.0
ak-47,0.0
ak-47,0.0
ak-47,0.0
ak-47,33.492563400036566
ak-47,2.3688407574550046
awp,0.0
awp,0.0
awp,17.236077085374415
awp,0.0
awp,13.14340457329622
ak-47,32.9361940731449
ak-47,0.0
awp,0.0
ak-47,0.0
ak-47,0.0
awp,25.25785593222372
ak-47,10.476748846963165
ak-47,0.0
ak-47,0.0
ak-47,0.0
ak-47,0.0
ak-47,0.0
awp,0.0
awp,0.0
ak-47,14.62984224205251
ak-47,89.77538159554099
ak-47,60.78129302501691
ak-47,9.98436706458752
awp,0.0
awp,0.0
awp,0.0
ak-47,0.0
ak-47,0.0
ak-47,0.0
ak-47,0.0
awp,6.9675937942197805
awp,6.457933075332153
ak-47,0.0
ak-47,0.0
ak-47,0.0
ak-47,0.0
glock-18,0.0
glock-18,0.0
glock-18,11.918027971173755
glock-18,0.0
ak-47,0.0
ak-47,0.0
mac-10,0.0
ak-47,0.0
ak-47,0.0
awp,0.0
ak-47,0.0
ak-47,0.0
awp,0.0
glock-18,52.744392567036215
awp,0.0
ak-47,0.0
ak-47,0.0
ak-47,48.61994755177401
ak-47,0.0
ak-47,0.0
ak-47,130.52949990986139
ak-47,2.581696884742281
awp,0.0
ak-47,0.0
ak-47,0.0
ak-47,6.737801168405091
ak-47,7.420379067597288
awp,5.758909537620816
awp,3.655202580473071
ak-47,0.0
ak-47,11.04717335169952
awp,0.0
ak-47,111.22395113117709
ak-47,66.90441569782362
ak-47,51.55230051917505
ak-47,0.0
ak-47,0.0
ak-47,0.0
awp,0.0
awp,3.0824639685141495
ak-47,0.0
ak-47,32.602043269819575
ak-47,70.56891479319944
awp,0.0
awp,0.0
ak-47,0.0
awp,0.0
ak-47,63.1903537295547
ak-47,0.0
awp,0.0
ak-47,0.0
ak-47,0.0
awp,0.0
awp,0.0
ak-47,0.0
awp,0.0
ak-47,0.0
ak-47,0.0
awp,0.0
ak-47,0.0
awp,24.04418831737834
ak-47,0.0
awp,14.994302303291741
awp,0.0
ak-47,0.0
awp,10.212776389648457
awp,0.0
ak-47,0.0
ak-47,38.263498047615094
awp,0.0
ak-47,0.0
ak-47,0.0
ak-47,0.0
awp,0.0
ak-47,0.0
ak-47,0.0
awp,11.757065164289259
ak-47,0.0
awp,0.0
awp,0.0
ak-47,0.0
ak-47,0.0
ak-47,0.0
ak-47,0.0
glock-18,42.19069313357572
glock-18,0.0
glock-18,42.69591075220156
ak-47,193.27793345153222
ak-47,21.845141849388895
ak-47,26.774181134405755
glock-18,0.0
ak-47,0.0
ak-47,0.0
ak-47,0.0
ak-47,0.0
ak-47,0.0
ak-47,0.0
ak-47,11.748987519168875
ak-47,41.541390161309955
ak-47,73.07872305760733
ak-47,37.89051868541786
ak-47,0.0
ak-47,33.01254919031502
ak-47,0.0
ak-47,0.0
ak-47,24.48444087776317
ak-47,17.15989547767375
ak-47,27.700688688820733
ak-47,65.0263897688253
ak-47,0.0
ak-47,0.0
ak-47,0.0
ak-47,4.3648827790451605
mac-10,87.7044989996371
ak-47,0.0
ak-47,203.3261942292867
ak-47,0.0
ak-47,22.977518151427276
ak-47,0.0
ak-47,0.0
glock-18,2.2285348106646214
glock-18,0.0
glock-18,25.5183234147046
glock-18,0.0
glock-18,77.97636896763434
mac-10,0.0
mac-10,0.0
ak-47,76.90658232904502
ak-47,38.664239593805384
ak-47,7.703636870607284
ak-47,23.311956515845683
ak-47,18.090427692583333
ak-47,0.0
ak-47,0.0
ak-47,27.228208326439127
ak-47,57.88108893151079
ak-47,0.0
ak-47,1.1962307649316666
ak-47,6.291809963142959
ak-47,15.351422046526698
ak-47,0.0
ak-47,19.937229986881455
ak-47,17.323284659851605
ak-47,23.332087077720757
ak-47,71.78141187241626
ak-47,0.0
ak-47,0.0
ak-47,49.629873279323206
ak-47,0.0
ak-47,0.0
ak-47,10.703584821646439
awp,5.698234416623889
glock-18,91.21390274806895
glock-18,45.318208112052545
glock-18,0.0
glock-18,0.0
mac-10,43.28857853030988
mac-10,62.30231431608801
mac-10,35.23520734532392
mac-10,11.581473814610385
mac-10,19.60442563719246
mac-10,43.19747241040222
ak-47,0.0
ak-47,9.002991112712818
ak-47,20.188627977858154
ak-47,50.83787999490841
awp,13.62654365922188
awp,27.666107391080608
ak-47,13.252584622619393
ak-47,10.485597451087372
ak-47,20.771476327766425
ak-47,8.751226746965765
ak-47,59.47130356600437
ak-47,5.0147625791841834
ak-47,1.2225501651261597
ak-47,54.754580874776686
ak-47,0.0
ak-47,0.0
awp,16.581419954419886
awp,6.87501775565889
ak-47,13.431468454336777
ak-47,28.674832770693417
ak-47,41.622771149035714
awp,7.333607116545309
ak-47,2.6817738195709198
ak-47,54.180507098586304
ak-47,4.545968720247534
ak-47,27.08272689810435
ak-47,0.0
ak-47,78.89038891512507
glock-18,97.05350992457556
glock-18,0.0
glock-18,0.0
glock-18,0.0
glock-18,0.0
mac-10,223.18846118959576
mac-10,38.99715332047438
mac-10,79.81982273572461
ak-47,48.92036327522997
ak-47,14.282755934687254
ak-47,0.0
ak-47,14.44381978887531
ak-47,32.11969982219586
ak-47,31.317249366800144
ak-47,0.0
awp,10.935825764717084
ak-47,3.0439717230266776
ak-47,66.30280914109144
ak-47,29.386575920645196
ak-47,2.000061034224956
ak-47,0.0
mac-10,67.09686880253969
ak-47,6.943202775185527
ak-47,69.78704902043408
ak-47,6.037364788535144
ak-47,35.12208233754921
ak-47,0.0
ak-47,13.503259502049422
ak-47,13.832480986855142
ak-47,69.60011061205263
awp,0.0
ak-47,73.09196803353721
awp,0.0
glock-18,0.0
awp,6.599251644464242
ak-47,7.13527695869922
mac-10,217.05090503790225
mac-10,240.0010573084819
ak-47,0.0
ak-47,33.20895169462972
ak-47,30.007038562331505
awp,0.0
ak-47,17.656422842074353
awp,0.0
ak-47,73.08754459245904
ak-47,28.577933353854405
awp,0.0
ak-47,0.0
ak-47,28.941562540001808
ak-47,0.0
ak-47,63.48929269538259
ak-47,2.1799535007942255
ak-47,18.839391881917763
awp,0.0
ak-47,8.144361981754248
ak-47,25.84347604147418
ak-47,0.0
ak-47,0.0
ak-47,39.82693899007726
awp,0.0
ak-47,21.09493630923367
awp,0.0
ak-47,1.024242288535774
ak-47,0.0
ak-47,87.603319401458
ak-47,12.622650229968546
ak-47,54.896972648593916
glock-18,67.3426192250483
glock-18,38.194329799883974
ak-47,0.0
ak-47,0.0
ak-47,0.0
ak-47,0.0
ak-47,0.0
ak-47,0.0
ak-47,0.0
ak-47,0.0
awp,0.0
ak-47,73.09835509379106
awp,9.118496183924737
ak-47,0.0
ak-47,28.060982889444197
awp,33.99512401847139
ak-47,0.0
awp,7.906883727010345
ak-47,0.0
ak-47,56.75800122559814
ak-47,0.0
ak-47,27.93536878720852
awp,1.8984529536409376
awp,0.0
awp,5.6003705589417025
ak-47,22.049686041978127
ak-47,37.05833802984397
ak-47,0.0
ak-47,14.010256737915439
ak-47,22.94351475013896
ak-47,24.090297082486572
ak-47,27.68650957786967
ak-47,0.0
awp,4.7242629364768645
ak-47,16.880755214512916
ak-47,73.10642305189644
ak-47,27.369633460064204
ak-47,6.8948439145109734
glock-18,88.96746573787148
glock-18,101.37409776557412
ak-47,0.0
ak-47,98.37136533954066
ak-47,0.0
ak-47,0.0
ak-47,40.67358926990191
ak-47,44.26211613880386
ak-47,0.0
ak-47,47.37782302232724
ak-47,53.056303735910475
ak-47,50.81987463403797
ak-47,0.0
ak-47,0.0
ak-47,9.450580752657478
ak-47,0.0
ak-47,0.0
awp,0.0
ak-47,11.402964886130974
ak-47,0.0
ak-47,0.0
ak-47,0.0
ak-47,0.0
ak-47,0.0
awp,6.4856371090249105
ak-47,0.0
awp,10.905173476373724
awp,8.201045339953255
awp,1.5657778119037196
ak-47,29.21188114818671
awp,15.88287206395619
ak-47,4.44185801407339
ak-47,0.0
ak-47,0.0
ak-47,0.0
awp,0.0
ak-47,0.0
glock-18,25.623633022952113
glock-18,198.9859135208754
glock-18,50.52917001987526
ak-47,47.468697661399695
ak-47,18.503624039984597
ak-47,52.5264246479789
ak-47,12.978763619460985
ak-47,29.213573744825126
ak-47,7.067146210618258
ak-47,74.74902028679013
awp,0.0
ak-47,13.668567452042112
ak-47,47.797143615326846
ak-47,8.499155747365087
mac-10,109.2813883630451
mac-10,4.8330594440627355
ak-47,26.72118734656005
awp,0.0
ak-47,0.0
ak-47,0.0
ak-47,0.0
awp,0.0
ak-47,0.0
ak-47,0.0
ak-47,0.0
ak-47,0.0
ak-47,0.0
awp,24.338098984948925
ak-47,0.0
ak-47,0.4709015160232551
ak-47,49.76264335925681
awp,0.0
ak-47,0.0
ak-47,0.0
ak-47,62.3686243695767
ak-47,73.095734193295
ak-47,4.990409850461783
ak-47,60.94038565759721
ak-47,31.888072523816486
ak-47,7.547057611856425
ak-47,0.0
ak-47,0.0
glock-18,239.839462250883
glock-18,41.78964587355706
glock-18,0.0
mac-10,107.31393141962549
ak-47,73.09650414882405
glock-18,112.95793312551076
glock-18,54.67631686058608
ak-47,0.0
ak-47,0.0
ak-47,0.0
ak-47,26.076826383525372
ak-47,0.0
ak-47,61.85337381133833
ak-47,41.31788968506673
awp,3.6532105421977805
ak-47,18.650755797143667
ak-47,0.0
ak-47,3.650879172263717
ak-47,0.0
ak-47,0.0
ak-47,19.470689100362346
ak-47,23.286583196589405
ak-47,0.0
ak-47,0.0
ak-47,8.793991879002903
ak-47,0.0
ak-47,64.99047425801416
glock-18,85.41792501266406
glock-18,39.27182673774338
ak-47,0.0
ak-47,26.58382620348674
ak-47,5.16524431560057
ak-47,36.313766166285866
awp,0.0
awp,0.0
ak-47,31.143855714970844
awp,0.0
awp,0.0
ak-47,39.329246622613354
ak-47,19.10611225733388
ak-47,71.64012927753791
ak-47,20.19064170810232
ak-47,48.79967979267065
ak-47,50.98556972627157
ak-47,12.916095072349421
ak-47,0.40217237248224796
ak-47,2.3800444118427704
ak-47,6.122504301738382
ak-47,0.0
ak-47,2.5400390450908428
ak-47,76.17613238196597
glock-18,37.26144569347745
glock-18,13.260841613297739
ak-47,0.0
ak-47,31.294136534258378
ak-47,45.65462416893851
ak-47,0.0
ak-47,61.42632512888789
ak-47,14.048661060776789
ak-47,45.20600902483125
ak-47,0.0
ak-47,43.01789844454237
ak-47,0.0
ak-47,24.537225585895506
ak-47,9.315134379901613
ak-47,65.89063667817658
ak-47,0.0
ak-47,1.7447605718622254
ak-47,0.0
awp,0.0
ak-47,22.102572428211516
ak-47,47.328922330430906
ak-47,82.87736993453414
ak-47,65.37392775783071
awp,11.982134698973134
ak-47,12.99275707076081
ak-47,0.0
ak-47,0.0
ak-47,27.804963044346255
ak-47,0.0
ak-47,0.0
ak-47,0.0
ak-47,75.91089502051636
ak-47,88.16034394395263
ak-47,6.470358349270078
ak-47,54.73522268815283
ak-47,41.37926352092531
awp,0.0
awp,0.0
awp,0.0
ak-47,29.37440411892294
ak-47,0.0
awp,0.0
ak-47,15.672837228934908
awp,0.0
ak-47,67.42822819554021
ak-47,82.14811789792071
awp,9.632714138792243
ak-47,26.358806082405252
ak-47,42.453055990006476
ak-47,33.29906238525801
ak-47,11.781108586808799
ak-47,0.0
ak-47,7.037350626120671
ak-47,15.294395960731826
ak-47,21.68890243691248
ak-47,3.991453247545811
ak-47,42.251597860849266
ak-47,20.304721173975302
ak-47,59.84877210659986
ak-47,0.0
ak-47,32.59782241097181
ak-47,55.05610407330389
ak-47,0.0
awp,1.4380306289658784
awp,0.0
ak-47,0.0
ak-47,73.10101267234046
ak-47,16.155018388743017
ak-47,0.0
ak-47,14.486228272711017
ak-47,0.0
ak-47,3.765090129025864
ak-47,57.830227434086105
awp,0.0
glock-18,0.0
glock-18,19.13040845006316
glock-18,50.671728326604615
ak-47,0.0
ak-47,0.0
awp,0.0
ak-47,0.0
ak-47,0.0
ak-47,0.0
awp,0.0
ak-47,0.0
ak-47,0.0
ak-47,0.0
ak-47,19.349455005951565
ak-47,0.0
ak-47,0.0
ak-47,0.0
ak-47,0.0
awp,0.0
ak-47,0.0
ak-47,0.0
awp,0.0
ak-47,19.200451526062817
ak-47,0.0
ak-47,64.6008420907044
ak-47,0.0
ak-47,0.0
ak-47,0.0
ak-47,0.0
ak-47,0.0
ak-47,0.0
ak-47,0.0
awp,0.0
ak-47,10.324003515917651
ak-47,0.0
awp,0.0
glock-18,209.90119013824378
glock-18,0.0
glock-18,0.0
glock-18,101.43983286148887
glock-18,0.0
ak-47,0.45449655206722966
ak-47,12.574228707979904
ak-47,0.0
ak-47,0.0
ak-47,11.175966911152253
ak-47,18.686509763238078
ak-47,0.0
ak-47,0.0
glock-18,0.0
ak-47,0.0
ak-47,0.0
ak-47,0.0
ak-47,13.041983204342198
ak-47,14.649416082927674
ak-47,0.0
glock-18,0.0
ak-47,82.98023255053353
ak-47,0.0
ak-47,40.454495383980024
mac-10,111.34829044729057
mac-10,121.1776221638354
mac-10,94.31571966300106
mac-10,14.78644585326981
ak-47,18.83486005058174
mac-10,82.57949271227808
mac-10,32.71362883029166
ak-47,58.16525311752305
awp,0.0
ak-47,0.0
awp,0.0
ak-47,30.786606767863407
ak-47,30.587765136200193
awp,0.0
ak-47,9.229238990869506
ak-47,0.640625
ak-47,0.0
ak-47,53.393959840018056
awp,0.0
ak-47,9.133667545944729
awp,0.0
awp,0.0
ak-47,0.0
ak-47,0.0
awp,10.76243829831326
awp,2.0321065184541878
ak-47,0.0
ak-47,51.45244162717121
ak-47,19.91714404610071
ak-47,39.22602077180203
awp,10.573373735018592
awp,0.0
glock-18,149.0641378595985
glock-18,52.612749875689566
ak-47,0.0
ak-47,73.10154029528358
ak-47,7.929684858804983
ak-47,53.294992927154695
ak-47,0.37508136096585765
awp,0.0
ak-47,26.51210299721546
awp,0.0
awp,1.7690094774336287
ak-47,3.639369430352736
awp,0.0
ak-47,29.543210900368464
ak-47,0.0
awp,0.0
glock-18,37.56757943618854
glock-18,0.0
ak-47,0.0
ak-47,0.0
ak-47,0.0
ak-47,0.0
ak-47,0.0
ak-47,0.0
glock-18,22.674848247407724
ak-47,0.0
ak-47,0.0
ak-47,0.0
ak-47,0.0
ak-47,0.0
ak-47,0.0
ak-47,52.71828129984855
ak-47,10.396309535268994
ak-47,0.0
awp,0.0
awp,0.0
ak-47,0.0
awp,0.0
ak-47,0.0
awp,10.244925949462056
awp,8.222016936251105
ak-47,0.0
ak-47,0.0
awp,0.0
awp,0.0
awp,0.0
ak-47,7.819262698018592
ak-47,0.0
awp,0.0
ak-47,0.0
awp,0.0
awp,0.0
ak-47,0.0
ak-47,0.0
ak-47,0.0
awp,0.0
ak-47,0.0
ak-47,0.0
awp,0.38561242762130993
glock-18,0.0
glock-18,0.0
glock-18,0.0
mac-10,0.0
mac-10,0.0
ak-47,10.023030857093875
awp,0.0
ak-47,0.0
ak-47,0.0
ak-47,0.0
ak-47,7.579590708771813
ak-47,0.0
ak-47,0.0
glock-18,45.09175830012265
glock-18,5.3494634686428135
glock-18,24.955559199504247
glock-18,0.0
glock-18,0.0
mac-10,0.0
ak-47,0.0
mac-10,31.61383635020185
ak-47,0.0
mac-10,0.0
ak-47,91.12606116203915
ak-47,3.084553023611201
awp,0.0
mac-10,0.0
awp,27.200708213683114
ak-47,79.09669622377173
ak-47,13.060154170342898
ak-47,23.04576433654282
ak-47,53.905298483485026
ak-47,33.84719135175538
ak-47,0.0
ak-47,13.987320297940846
ak-47,21.80621209207798
ak-47,28.864155865977942
ak-47,0.0
ak-47,2.9206867301348836
ak-47,0.0
ak-47,0.0
ak-47,0.0
ak-47,0.0
ak-47,0.0
ak-47,0.0
ak-47,0.0
ak-47,0.0
awp,6.203216254838856
awp,10.16897250403609
ak-47,58.3167505340497
ak-47,0.0
awp,1.4431198959823124
ak-47,0.0
awp,11.37259833282808
ak-47,0.0
ak-47,0.0
glock-18,100.92639410729836
glock-18,0.0
glock-18,135.57048875296127
awp,0.0
ak-47,45.133623870454805
ak-47,0.0
ak-47,73.04160426928252
awp,0.0
ak-47,31.999035621881934
awp,0.0
ak-47,0.0
awp,28.922778683460912
ak-47,0.0
ak-47,0.0
ak-47,55.60339968704105
ak-47,22.508508073163977
ak-47,0.0
ak-47,23.429640436431562
ak-47,17.509373101010244
glock-18,107.06127394640578
glock-18,0.0
glock-18,41.81110246893723
glock-18,72.63085403845578
ak-47,0.0
ak-47,0.0
ak-47,7.139219314799414
ak-47,22.92481214873282
ak-47,0.0
mac-10,71.13945530347246
ak-47,0.0
awp,0.0
ak-47,0.0
awp,0.0
awp,0.0
ak-47,0.0
ak-47,8.215437876755932
ak-47,0.0
ak-47,28.79143319456704
ak-47,0.0
ak-47,0.0
ak-47,0.0
ak-47,0.0
ak-47,0.0
ak-47,0.0
ak-47,28.158984396410766
ak-47,0.0
awp,0.0
ak-47,0.0
awp,0.0
awp,0.0
ak-47,0.0
ak-47,0.0
ak-47,133.29002511355628
ak-47,0.0
ak-47,69.85307678345963
ak-47,0.0
ak-47,0.0
ak-47,13.863446274482728
ak-47,0.0
ak-47,13.794037236333097
ak-47,0.0
ak-47,0.0
ak-47,33.48054422201563
ak-47,14.180465114628223
ak-47,0.0
glock-18,0.0
glock-18,0.0
mac-10,0.0
mac-10,0.0
mac-10,0.0
mac-10,0.0
ak-47,0.0
ak-47,0.0
ak-47,0.0
mac-10,0.0
ak-47,0.0
mac-10,0.0
ak-47,0.0
ak-47,0.0
awp,0.0
ak-47,0.0
ak-47,0.0
ak-47,0.0
ak-47,0.0
ak-47,0.0
ak-47,0.0
ak-47,184.1135551308006
ak-47,42.47661351040711
awp,0.0
ak-47,0.0
ak-47,0.0
ak-47,0.0
awp,0.0
ak-47,0.0
awp,0.0
awp,0.0
awp,0.0
awp,0.0
awp,0.0
awp,0.0
ak-47,0.0
awp,0.0
mac-10,11.64590487432372
ak-47,0.0
ak-47,0.0
ak-47,0.0
ak-47,0.0
ak-47,0.0
ak-47,0.0
ak-47,0.0
ak-47,38.58993999456568
ak-47,0.0
ak-47,166.03796147252342
ak-47,0.0
glock-18,0.0
glock-18,55.92960515771197
glock-18,89.54438296624019
ak-47,0.0
ak-47,0.0
ak-47,0.0
ak-47,0.0
awp,0.0
ak-47,0.0
awp,0.0
ak-47,0.0
ak-47,51.400224625753154
ak-47,14.830701501656959
ak-47,4.893899444956343
awp,0.0
awp,0.0
ak-47,47.0829410564215
ak-47,0.0
ak-47,5.066790234581456
awp,0.0
awp,0.0
awp,4.294703179203541
ak-47,36.52344075187152
ak-47,0.0
awp,0.0
ak-47,0.0
ak-47,0.0
ak-47,0.0
ak-47,0.0
ak-47,0.0
ak-47,0.0
awp,0.0
ak-47,0.0
awp,32.81473578692391
ak-47,0.0
ak-47,0.0
ak-47,0.0
awp,0.0
ak-47,0.0
ak-47,0.0
ak-47,0.0
ak-47,0.0
ak-47,0.0
ak-47,0.0
awp,27.65378166928178
ak-47,0.0
awp,0.0
awp,0.0
ak-47,7.0608283355552555
ak-47,0.0
ak-47,6.667811977264206
glock-18,129.4237818929754
glock-18,25.041303770595693
glock-18,0.0
glock-18,0.0
glock-18,0.0
ak-47,0.0
ak-47,0.0
mac-10,0.0
ak-47,0.0
ak-47,0.0
ak-47,0.0
ak-47,0.0
ak-47,11.916737505885576
ak-47,7.6149884237821395
ak-47,22.443719120958296
ak-47,0.0
ak-47,0.0
ak-47,0.0
ak-47,0.0
ak-47,0.0
ak-47,19.57663476970059
glock-18,66.52672541083524
glock-18,0.0
glock-18,0.0
glock-18,0.0
mac-10,0.0
mac-10,0.0
mac-10,0.0
ak-47,19.42780425523399
mac-10,0.0
ak-47,0.0
ak-47,0.0
ak-47,27.96253997391376
ak-47,24.854867093928224
ak-47,107.24912354941269
ak-47,0.0
ak-47,0.0
awp,0.0
ak-47,51.00541404679469
ak-47,35.64110323735204
ak-47,0.0
ak-47,0.0
ak-47,0.0
ak-47,0.0
ak-47,0.0
ak-47,0.0
awp,0.0
ak-47,0.0
ak-47,0.0
ak-47,0.0
ak-47,0.0
ak-47,0.0
ak-47,0.0
ak-47,0.0
ak-47,0.0
ak-47,0.0
ak-47,0.0
ak-47,13.888124908553568
ak-47,0.0
awp,4.136799340574788
ak-47,66.89174201279883
ak-47,0.0
ak-47,0.0
ak-47,0.0
ak-47,0.0
ak-47,0.0
ak-47,0.0
awp,0.0
ak-47,0.0
glock-18,42.41046521897448
glock-18,37.576657231873085
glock-18,160.01665933591835
glock-18,53.459187800197974
ak-47,39.88581719743042
ak-47,4.547707183295776
ak-47,0.15566343651930595
glock-18,0.0
glock-18,11.308453172183233
glock-18,0.0
awp,0.0
ak-47,32.45359654332136
awp,0.0
awp,0.0
awp,0.0
ak-47,0.0
awp,0.0
ak-47,0.0
ak-47,0.0
ak-47,0.0
awp,0.0
ak-47,0.0
ak-47,0.0
awp,23.32282632861708
awp,13.162733428917415
ak-47,0.0
awp,2.1708766329455482
awp,16.037623671946196
ak-47,57.13305504301048
ak-47,0.0
awp,0.0
ak-47,12.931188068212021
ak-47,0.0
ak-47,0.0
ak-47,0.0
ak-47,0.0
ak-47,0.0
ak-47,0.0
ak-47,0.0
awp,11.04667344572804
ak-47,0.0
ak-47,0.0
awp,29.42361800531099
awp,1.7102382017280517
ak-47,3.476564194241205
ak-47,21.4937141311617
glock-18,0.0
glock-18,0.0
glock-18,51.75226093954954
awp,0.0
ak-47,0.0
ak-47,54.387790701037346
ak-47,73.09795209292588
awp,0.0
ak-47,45.21973192492747
ak-47,44.991070136498685
ak-47,0.0
awp,0.0
ak-47,18.711217537041943
awp,0.0
ak-47,89.66022826669003
ak-47,36.17856085608143
glock-18,0.0
ak-47,0.0
awp,0.0
awp,0.0
ak-47,0.0
awp,0.0
ak-47,0.0
awp,0.0
ak-47,10.585801994520207
ak-47,50.21639328563122
ak-47,0.0
ak-47,29.842001838442172
ak-47,14.66240036114776
ak-47,0.0
ak-47,1.3057864009860112
ak-47,0.0
awp,1.8507053838925849
ak-47,0.0
ak-47,20.622054750125848
ak-47,0.0
ak-47,0.0
ak-47,0.0
ak-47,0.0
awp,0.0
awp,14.527931408690812
ak-47,73.10349808349098
awp,45.81321172549976
ak-47,0.0
awp,32.8356776278082
ak-47,16.802203481681918
ak-47,5.202323133687968
ak-47,0.0
ak-47,0.0
ak-47,0.0
ak-47,15.875738171814248
ak-47,34.812142779529445
ak-47,72.71936774554975
ak-47,85.46946574387235
ak-47,22.328917716858783
awp,0.4932411222596916
ak-47,21.818778197489657
ak-47,0.0
glock-18,24.76868744180531
glock-18,26.609563086534322
glock-18,240.08611024386906
glock-18,38.544870362345236
glock-18,89.91782874601377
awp,0.0
awp,1.8715175261231192
awp,0.0
ak-47,26.092235106250364
awp,0.0
awp,0.0
ak-47,22.47100007431454
awp,0.0
ak-47,30.96723010485743
awp,0.0
awp,32.15903246586603
ak-47,32.580418084765654
awp,0.0
awp,0.0
awp,13.48990507981802
awp,19.501452646388575
ak-47,36.726756692974305
awp,11.403885511387598
awp,0.0
ak-47,22.784297226649432
ak-47,0.0
ak-47,0.0
awp,0.0
glock-18,0.0
glock-18,49.343381515634505
glock-18,0.0
ak-47,0.0
ak-47,23.689916777802516
ak-47,57.11416493657545
ak-47,58.79430880409862
ak-47,0.0
ak-47,0.0
ak-47,0.0
ak-47,0.0
ak-47,24.68143085833153
ak-47,4.648841270069027
ak-47,0.0
ak-47,0.0
awp,0.0
ak-47,8.88526303575758
ak-47,0.0
ak-47,0.0
ak-47,12.917958144272955
awp,0.0
ak-47,39.62271101925795
ak-47,14.684823877709123
ak-47,12.819605245114374
awp,0.0
awp,0.0
awp,0.0
awp,0.0
awp,0.0
ak-47,45.61896293371664
ak-47,0.0
ak-47,7.981218475307264
ak-47,44.77191747587491
ak-47,12.276575150456459
ak-47,0.0
ak-47,25.663496475336323
ak-47,48.0418706843881
ak-47,16.270394322125725
ak-47,0.0
ak-47,30.94746673541865
ak-47,4.807427318215222
glock-18,116.6733508037688
glock-18,99.28769554662833
glock-18,0.0
mac-10,12.360107248773044
ak-47,49.17421706890557
ak-47,147.10708309482493
ak-47,56.61689601127186
ak-47,73.10669847242346
ak-47,12.162530804729128
ak-47,45.27176729472028
glock-18,0.0
ak-47,12.30712080301323
ak-47,0.0
ak-47,7.467087071934008
ak-47,0.0
ak-47,0.0
ak-47,48.99386372708831
ak-47,17.71262966395179
ak-47,45.86423811672166
glock-18,64.46231598086737
glock-18,45.36311020618103
glock-18,37.239598371453845
glock-18,72.5122091027651
glock-18,87.27072625353439
mac-10,0.0
mac-10,0.0
ak-47,0.0
ak-47,0.0
ak-47,0.0
mac-10,0.0
ak-47,1.7969129667184773
mac-10,178.73354655481577
mac-10,0.0
mac-10,0.0
awp,10.085221006841447
glock-18,0.0
ak-47,23.062803099210836
ak-47,110.50611831466883
ak-47,0.0
ak-47,0.0
ak-47,0.0
ak-47,8.754885070053405
ak-47,0.0
awp,0.0
ak-47,44.468945481611335
awp,0.0
awp,0.0
ak-47,23.98717963453261
ak-47,12.421271476179923
awp,0.0
ak-47,73.09961631007161
ak-47,142.66663161230304
glock-18,66.48637445583306
ak-47,95.41711867613083
ak-47,0.0
ak-47,80.315305682291
awp,8.857376869028437
ak-47,0.0
ak-47,0.0
ak-47,0.0
ak-47,0.0
ak-47,0.0
awp,0.0
ak-47,103.2564856927505
glock-18,48.741919785929326
glock-18,228.23975734700414
glock-18,168.09903468558522
glock-18,105.62617790359765
glock-18,220.4512909843067
ak-47,40.53144608872189
ak-47,69.10422850108718
ak-47,28.80603404941836
ak-47,17.966212722791244
ak-47,29.772858683612093
glock-18,82.99366533855536
awp,0.0
ak-47,0.0
ak-47,23.345120023384972
awp,0.0
ak-47,0.0
ak-47,14.530955978208214
ak-47,8.25309514170102
ak-47,110.96987313744495
ak-47,0.0
ak-47,54.3133635106485
ak-47,20.15150860464221
ak-47,4.649273016823275
ak-47,37.22462231117948
ak-47,0.0
ak-47,34.77367899639519
ak-47,0.0
awp,0.0
awp,0.0
awp,0.0
ak-47,5.507471763906285
ak-47,4.212426397493136
ak-47,13.466078694927079
ak-47,7.272547673818921
ak-47,9.375406630139784
glock-18,0.0
glock-18,0.0
glock-18,0.0
glock-18,0.0
ak-47,0.0
ak-47,34.542009496080915
ak-47,45.558340626654704
awp,0.0
ak-47,91.63827911973982
ak-47,163.39743216957922
ak-47,0.0
awp,0.0
ak-47,5.668214913024381
ak-47,9.321543308597189
ak-47,0.0
ak-47,179.74673074171602
awp,0.0
ak-47,0.0
ak-47,38.44634362186637
awp,0.0
awp,0.0
ak-47,0.0
ak-47,0.0
awp,0.0
ak-47,0.0
ak-47,18.73647411415683
ak-47,0.0
awp,0.0
ak-47,73.10171437460845
ak-47,0.0
ak-47,0.0
awp,0.0
ak-47,0.0
ak-47,0.0
awp,0.0
ak-47,0.0
awp,0.0
ak-47,0.0
awp,0.0
ak-47,0.0
ak-47,0.0
ak-47,19.80269030403051
awp,0.0
awp,0.0
ak-47,0.0
ak-47,0.0
mac-10,230.9750287428423
ak-47,153.17603860034677
ak-47,0.0
ak-47,4.567320504392482
ak-47,0.0
ak-47,24.601600954638094
glock-18,0.0
glock-18,0.0
glock-18,0.0
ak-47,0.0
ak-47,0.0
ak-47,0.0
awp,19.642746640851424
ak-47,0.0
awp,0.0
ak-47,0.0
awp,0.5933905984627663
ak-47,23.138069627455117
awp,4.298893492148415
ak-47,0.0
ak-47,0.0
ak-47,24.054126594771738
ak-47,0.0
ak-47,0.0
ak-47,0.0
ak-47,0.0
ak-47,7.687203427396727
ak-47,0.0
ak-47,0.0
awp,0.0
ak-47,20.522435319055216
awp,0.0
ak-47,0.0
ak-47,0.0
ak-47,0.0
ak-47,0.0
ak-47,0.0
ak-47,8.213226396480497
awp,0.0
ak-47,0.0
awp,0.0
awp,0.0
awp,0.0
ak-47,69.52821107192608
awp,0.0
awp,0.0
ak-47,69.8939767301615
ak-47,212.86393462330872
ak-47,0.0
ak-47,0.0
ak-47,33.36233218068215
awp,0.0
ak-47,0.0
ak-47,40.30568840272038
ak-47,0.0
ak-47,0.0
awp,0.0
awp,0.0
ak-47,0.0
ak-47,19.709601474217102
ak-47,5.9071662863152925
glock-18,209.0680218274422
ak-47,39.83930784535143
ak-47,28.71584379089331
ak-47,20.090410463448574
ak-47,15.840292484056885
ak-47,0.0
ak-47,0.0
ak-47,0.0
ak-47,0.0
ak-47,0.0
awp,0.0
ak-47,0.0
awp,0.0
awp,0.0
ak-47,38.019212214383714
ak-47,5.614759082515295
ak-47,21.223175704207886
ak-47,58.36810018837846
ak-47,54.30500887734969
ak-47,0.0
awp,0.0
awp,0.0
awp,0.0
ak-47,0.0
awp,34.897597125823005
ak-47,0.0
ak-47,0.0
awp,0.0
ak-47,0.0
glock-18,219.1681548253528
glock-18,110.5840044140495
mac-10,161.04140768033182
ak-47,48.29556402923921
ak-47,0.0
ak-47,9.10342322717806
ak-47,64.30514451681238
ak-47,14.428748431273206
ak-47,0.0
ak-47,49.42315958165949
ak-47,8.81513507212703
ak-47,0.0
ak-47,22.550723793242337
ak-47,0.0
ak-47,43.110286065128214
ak-47,39.59614398908924
ak-47,0.0
ak-47,34.52034643249306
ak-47,70.77585175330813
awp,2.287715580688517
awp,13.950500173044873
awp,0.680678829772162
mac-10,65.98586364594
ak-47,0.0
awp,16.479931555620613
awp,10.873529444394999
awp,14.317118450497851
ak-47,4.221361084098824
ak-47,0.0
awp,4.906473920049407
glock-18,206.20785850253895
glock-18,63.78509790076332
ak-47,0.0
ak-47,43.883582338137856
ak-47,15.144668092011393
awp,7.926801060314621
awp,7.034192286731221
mac-10,131.75836919702564
ak-47,16.561212430494606
ak-47,22.909319371437032
ak-47,0.0
ak-47,0.0
awp,10.66847722264054
ak-47,0.0
ak-47,0.0
ak-47,21.72558907609009
awp,8.740641725437612
awp,34.06189923180068
ak-47,0.0
ak-47,0.0
ak-47,26.663766917238025
ak-47,0.0
mac-10,226.42581329384961
awp,6.4939167372121425
ak-47,0.0
awp,0.0
ak-47,0.0
awp,0.0
mac-10,0.0
ak-47,0.0
awp,13.329018601051917
ak-47,0.0
ak-47,0.0
ak-47,0.0
ak-47,0.0
ak-47,0.0
ak-47,14.235193643034435
glock-18,18.809095196352985
glock-18,146.01945298110576
glock-18,50.807931879893026
glock-18,79.85094782638599
glock-18,83.25044476612867
mac-10,51.65412659500661
mac-10,3.262829575666495
mac-10,48.25948133851523
ak-47,0.0
ak-47,5.17947570209418
ak-47,0.0
ak-47,38.374866526933495
ak-47,5.283550875177223
ak-47,2.341700796477637
ak-47,0.0
ak-47,0.0
ak-47,33.420673333805844
ak-47,26.068039027026945
awp,6.365821364177996
awp,10.354321611160433
ak-47,4.205019154515708
ak-47,4.923755355397443
awp,0.6997011811623587
ak-47,48.352062417798564
ak-47,8.209471368748233
awp,0.0
awp,0.0
ak-47,8.540711041862146
ak-47,33.80920128629465
ak-47,44.74190371935978
ak-47,178.74830547582954
ak-47,13.31644029901779
awp,0.0
ak-47,32.126182666642315
ak-47,15.032445808333021
ak-47,142.0621723750553
ak-47,0.0
ak-47,2.016850618654986
glock-18,0.0
glock-18,0.0
glock-18,0.0
glock-18,0.0
glock-18,43.90940937916774
mac-10,124.8036005919025
mac-10,98.57657706127347
mac-10,109.4318388913732
mac-10,38.10451649857067
ak-47,1.2537789259490686
ak-47,73.09736736169067
ak-47,0.0
ak-47,0.0
ak-47,0.0
ak-47,63.84892129221674
ak-47,0.0
ak-47,0.0
ak-47,0.0
ak-47,0.0
ak-47,11.75075018200302
ak-47,0.0
ak-47,0.0
ak-47,0.0
ak-47,0.0
awp,0.0
ak-47,6.601489020624741
awp,0.0
ak-47,0.0
awp,9.178091582123377
ak-47,55.66676840833626
ak-47,50.59603526196958
ak-47,9.410223557511479
ak-47,114.91061935022857
ak-47,0.0
ak-47,57.90827581790987
ak-47,0.0
ak-47,21.13322422692728
ak-47,47.7039441785932
ak-47,0.0
ak-47,9.994493112615817
ak-47,0.0
ak-47,0.0
ak-47,0.0
ak-47,23.38778111550636
awp,22.47642124599341
awp,9.165697451128583
ak-47,45.064741823046994
ak-47,0.0
awp,8.846638113880832
awp,10.836834529313991
ak-47,4.640337091132066
awp,0.0
glock-18,0.0
glock-18,50.53108814522625
glock-18,3.7008912835922376
ak-47,58.775363492892836
ak-47,22.85882047302461
ak-47,20.888359609312765
ak-47,0.0
ak-47,17.68899529097956
ak-47,20.72406467949384
ak-47,34.830680003859385
awp,0.0
ak-47,0.0
awp,0.0
awp,0.0
ak-47,0.0
awp,0.0
ak-47,0.0
ak-47,9.33163145988551
ak-47,0.0
ak-47,0.8248107210663547
ak-47,0.0
awp,0.0
awp,0.0
ak-47,0.0
glock-18,2.770883798960902
awp,0.0
ak-47,24.7224094195294
ak-47,0.0
ak-47,61.49863835405093
ak-47,0.0
ak-47,47.367570843121406
ak-47,92.73653509489262
glock-18,0.0
glock-18,0.0
glock-18,0.0
mac-10,0.0
ak-47,0.0
ak-47,41.92889773202321
ak-47,6.133189109435644
ak-47,21.111903348625603
ak-47,48.35802250352233
ak-47,0.0
ak-47,0.0
ak-47,0.0
ak-47,0.0
ak-47,0.0
awp,0.0
ak-47,14.155674924178678
ak-47,0.0
awp,0.0
ak-47,3.880933029528853
mac-10,0.0
ak-47,0.0
ak-47,27.901394904015895
ak-47,0.0
ak-47,0.0
awp,0.0
ak-47,0.0
ak-47,0.0
awp,0.0
mac-10,227.2081584407439
mac-10,0.0
awp,0.0
ak-47,0.0
ak-47,105.65633434076787
awp,0.0
ak-47,0.0
awp,0.0
awp,0.0
ak-47,0.0
awp,0.0
awp,0.0
glock-18,0.0
glock-18,0.0
glock-18,0.0
glock-18,0.0
glock-18,0.0
ak-47,29.750024378870616
ak-47,4.8387367536832375
ak-47,19.100188260995466
mac-10,0.0
mac-10,0.0
ak-47,0.0
awp,9.71266637179539
awp,0.0
ak-47,0.0
ak-47,41.68795620801731
ak-47,0.0
awp,8.294353464984477
ak-47,20.36852384125271
ak-47,0.0
ak-47,0.0
ak-47,35.77974390793187
ak-47,0.0
awp,0.0
awp,9.819803338431427
ak-47,0.0
ak-47,9.034190429139791
ak-47,0.0
glock-18,119.82319981795888
glock-18,83.16689824453711
glock-18,0.0
ak-47,0.0
ak-47,6.180409213782289
ak-47,5.233908561307219
ak-47,5.67246223294435
ak-47,0.0
ak-47,80.09923695313275
ak-47,44.333157234004446
ak-47,47.96556514287709
ak-47,0.0
ak-47,12.203427990956845
ak-47,35.423274638371154
awp,2.9479948826490525
ak-47,0.0
ak-47,0.0
ak-47,0.0
awp,3.0320748761678034
awp,24.3150303953131
ak-47,0.0
ak-47,3.315225883141298
awp,0.0
ak-47,40.80640570452709
awp,0.0
ak-47,0.0
ak-47,0.0
awp,7.4054760950485825
ak-47,19.95640517898875
ak-47,0.0
ak-47,20.073597502184008
ak-47,0.0
ak-47,0.0
awp,38.81001871592526
ak-47,26.898047208425915
ak-47,88.46219343864126
ak-47,60.78380271281544
ak-47,0.0
awp,0.0
ak-47,0.0
ak-47,0.0
ak-47,0.0
ak-47,0.0
ak-47,77.98570715704372
ak-47,17.33401019601598
ak-47,22.14001300318611
ak-47,0.0
ak-47,0.0
ak-47,66.43401625391166
ak-47,0.0
ak-47,61.19116193546373
ak-47,38.811275100183195
ak-47,32.7218098509224
ak-47,0.0
awp,18.078146578632058
awp,33.986785153717626
ak-47,144.6397506122701
ak-47,71.18377691660021
ak-47,0.0
ak-47,0.0
ak-47,24.13211467297974
ak-47,62.26559252010571
ak-47,0.0
ak-47,0.0
awp,0.0
ak-47,17.621709114393674
ak-47,0.0
ak-47,18.366615444940965
ak-47,0.0
ak-47,16.85346571600705
ak-47,8.18638172229496
ak-47,5.851749747337886
mac-10,135.35417656021173
mac-10,154.04016687208718
ak-47,0.0
ak-47,22.73295131081323
ak-47,38.34610555013774
ak-47,59.44331989958183
ak-47,25.43080116885514
glock-18,96.42963512831763
ak-47,0.0
ak-47,3.658319393006849
ak-47,87.82039694251344
ak-47,55.49269610931216
ak-47,22.763654948197267
ak-47,18.732233375732857
ak-47,0.0
ak-47,0.0
awp,0.0
ak-47,0.0
ak-47,0.0
ak-47,0.0
awp,0.0
awp,0.0
awp,0.0
ak-47,46.55089429779846
ak-47,39.49204621452225
ak-47,23.145805900512087
awp,0.0
awp,0.0
ak-47,0.0
ak-47,19.24493951562231
ak-47,6.634687446569884
ak-47,20.800862738831004
ak-47,9.229157608475054
ak-47,0.0
ak-47,11.104531171291294
ak-47,8.435592194382206
ak-47,0.0
ak-47,109.39062674356786
ak-47,136.41677288463043
ak-47,0.0
ak-47,72.7297871773008
ak-47,32.6130343324136
ak-47,0.0
ak-47,61.106360604762855
ak-47,21.83392454621578
ak-47,0.0
ak-47,16.75992865959772
ak-47,85.3257030432175
mac-10,2.0840972835510825
mac-10,81.60146144007541
ak-47,67.37781206046014
ak-47,72.08928919426367
ak-47,0.0
ak-47,0.0
ak-47,12.778663859441213
ak-47,0.0
glock-18,239.99581722775238
glock-18,14.435813696669856
ak-47,43.421136833371186
ak-47,40.1551357254784
ak-47,16.375441260633835
ak-47,10.974980424242222
ak-47,0.0
awp,0.0
ak-47,0.0
awp,10.722636101802578
ak-47,0.0
ak-47,10.397440191421156
ak-47,0.0
ak-47,22.831303926311044
awp,0.0
awp,1.0441020869479192
ak-47,10.073039805240969
ak-47,21.420239498106692
awp,0.0
ak-47,2.105174857271481
ak-47,0.0
ak-47,0.0
ak-47,0.0
ak-47,15.318592683555757
awp,11.90024044531244
awp,6.134066492178659
awp,0.0
awp,0.0
ak-47,0.0
ak-47,8.63788692218583
ak-47,73.98762737067646
ak-47,0.0
ak-47,0.0
glock-18,0.0
ak-47,18.50377178802311
ak-47,0.0
ak-47,85.72460467837149
ak-47,0.0
ak-47,0.0
ak-47,28.598880239002455
ak-47,24.83626557859746
mac-10,0.0
ak-47,13.465633909691887
ak-47,52.457656903233335
mac-10,222.94456710120645
ak-47,0.0
ak-47,0.0
ak-47,0.0
glock-18,27.679468924182867
glock-18,0.0
glock-18,0.0
ak-47,0.0
ak-47,0.0
ak-47,45.052179556292955
ak-47,0.0
ak-47,0.0
ak-47,0.0
ak-47,0.0
ak-47,20.54874672479957
ak-47,0.0
ak-47,0.0
ak-47,9.173941496970864
ak-47,0.0
ak-47,0.0
ak-47,0.0
ak-47,0.0
ak-47,84.4942206534563
ak-47,0.0
ak-47,7.429502659372631
ak-47,0.0
ak-47,0.0
ak-47,0.0
ak-47,0.0
ak-47,2.882783633154941
ak-47,7.953819386926258
ak-47,0.0
ak-47,10.703644716898351
ak-47,0.0
ak-47,0.0
ak-47,0.0
awp,0.0
ak-47,0.0
ak-47,0.0
ak-47,0.0
ak-47,69.80673029221354
awp,0.0
ak-47,36.328921909270086
ak-47,59.15354079305371
ak-47,35.075750428425444
ak-47,17.09553543529234
ak-47,7.330111699979749
awp,0.0
ak-47,0.0
ak-47,0.0
awp,9.98903541560345
ak-47,0.0
ak-47,0.0
ak-47,7.969856195524735
ak-47,2.072713819639605
glock-18,28.804915284222762
glock-18,0.0
glock-18,0.0
glock-18,43.10223987849087
glock-18,0.0
ak-47,67.71635302053961
ak-47,0.0
ak-47,20.249851301223917
glock-18,68.2198182606464
ak-47,8.893304941209651
ak-47,66.71363872104672
ak-47,39.82962851741102
ak-47,0.0
ak-47,68.27055175307962
ak-47,10.085302235113433
awp,0.0
ak-47,21.526067500387757
ak-47,25.028270148786252
ak-47,32.07322326163407
ak-47,25.32511139786376
ak-47,55.43747836491087
ak-47,10.4531313381427
awp,0.0
awp,14.66867341786039
mac-10,34.87576304048773
mac-10,11.77034475387191
mac-10,58.287389027176964
ak-47,0.0
ak-47,107.10594151633506
ak-47,82.37187847070727
ak-47,33.21457523155309
awp,0.0
awp,0.0
awp,4.7536221797830125
ak-47,13.031484185545597
ak-47,36.44673261113188
ak-47,0.0
ak-47,20.172667983808214
ak-47,23.749010048508968
ak-47,42.107554459718095
ak-47,22.717078901745378
ak-47,17.99316276395009
ak-47,38.69262385293869
mac-10,0.4860259515560872
ak-47,0.0
glock-18,53.79911025605376
glock-18,74.89697581405939
mac-10,29.41928593228641
ak-47,8.47097356250626
ak-47,23.19931323993639
mac-10,54.059585859428935
ak-47,78.00479033016578
ak-47,44.721092891019424
awp,0.0
ak-47,42.25714908485068
ak-47,11.703829632476072
awp,0.0
ak-47,38.131108629470766
ak-47,8.38887117285085
ak-47,0.0
ak-47,24.84940775402074
ak-47,0.0
ak-47,22.679118721316886
ak-47,53.02634091966326
ak-47,0.0
ak-47,1.5703905303996837
ak-47,4.7100048131444625
ak-47,22.75326799104825
awp,0.0
glock-18,0.0
glock-18,143.16713743272123
ak-47,7.398137557475936
ak-47,73.09732716236107
ak-47,0.0
ak-47,0.0
ak-47,0.0
awp,0.0
awp,0.0
awp,33.99611424467957
awp,0.0
awp,0.0
awp,0.0
ak-47,0.0
ak-47,31.61220173964675
ak-47,18.504120719044206
ak-47,66.16265717455325
ak-47,0.0
ak-47,27.306794751214593
ak-47,8.062701108683678
ak-47,0.0
awp,0.0
ak-47,0.0
ak-47,0.0
awp,0.0
awp,0.0
ak-47,22.40906375062751
ak-47,6.454998509437163
ak-47,28.443241497430563
awp,0.0
ak-47,0.0
ak-47,6.260280810955368
awp,0.0
awp,0.0
ak-47,0.0
ak-47,0.0
glock-18,70.18557449397849
glock-18,22.264014055319606
glock-18,0.0
ak-47,0.0
awp,0.0
ak-47,17.32992549682733
glock-18,0.0
ak-47,0.0
ak-47,0.0
ak-47,0.0
ak-47,0.0
awp,0.0
ak-47,0.0
ak-47,0.0
ak-47,0.0
ak-47,9.231675717322668
ak-47,0.0
ak-47,24.52900684991076
ak-47,2.457580599755988
ak-47,25.444755404473945
awp,0.0
awp,0.0
ak-47,8.783974221558259
ak-47,24.181304697029603
ak-47,18.232898101500155
ak-47,44.199494781904306
awp,0.0
ak-47,0.0
ak-47,0.0
ak-47,59.199995309167626
ak-47,26.440661268202145
ak-47,33.648470139524456
ak-47,0.0
ak-47,22.459214162409356
ak-47,64.3795327819765
ak-47,57.37382334529255
awp,0.0
awp,0.0
ak-47,0.0
ak-47,0.0
ak-47,0.0
ak-47,0.0
ak-47,0.0
ak-47,0.0
glock-18,31.420984350427425
glock-18,124.09286565568797
glock-18,56.18571668380195
mac-10,8.20798128769139
mac-10,84.63440727516992
ak-47,0.0
ak-47,39.352315802795765
ak-47,19.136805423965544
awp,0.0
ak-47,0.0
ak-47,0.0
awp,33.838431530730865
awp,0.0
awp,0.0
awp,0.0
awp,0.0
ak-47,0.0
ak-47,0.0
ak-47,28.189197931364987
ak-47,5.989754423163356
ak-47,0.0
ak-47,0.0
ak-47,2.412640128297629
awp,6.413087996235589
ak-47,0.0
ak-47,30.566260411153685
ak-47,0.0
awp,32.727380455447175
ak-47,0.0
ak-47,0.0
ak-47,0.0
ak-47,0.0
ak-47,39.92627788832344
ak-47,48.21590969692829
ak-47,36.91381326718773
ak-47,22.71393624577968
ak-47,0.0
awp,0.0
ak-47,0.0
awp,8.864250302684937
ak-47,44.29782888239937
glock-18,0.0
glock-18,0.0
ak-47,1.3035469247253817
ak-47,2.3789709375442145
ak-47,0.0
ak-47,0.0
ak-47,0.0
awp,0.0
awp,0.0
ak-47,62.80260209054642
ak-47,0.0
ak-47,10.791283328093467
ak-47,10.651581917018758
ak-47,0.0
ak-47,0.0
ak-47,0.0
ak-47,22.784655301882143
ak-47,0.0
ak-47,34.04268168542192
ak-47,0.0
awp,15.66646305318083
mac-10,0.0
mac-10,0.0
ak-47,0.0
awp,0.0
awp,0.0
awp,0.0
ak-47,0.0
ak-47,8.564542281177904
ak-47,0.0
awp,0.0
ak-47,0.0
ak-47,23.816192497892686
ak-47,0.0
awp,11.148473997618956
ak-47,0.0
ak-47,6.14854812535488
ak-47,19.244896058024842
ak-47,73.09968619642042
awp,24.86720796714987
ak-47,0.0
awp,0.0
ak-47,0.0
ak-47,0.0
awp,0.0
ak-47,4.909994037943122
ak-47,20.243816762773665
ak-47,41.019489322932934
ak-47,0.0
awp,0.0
ak-47,0.0
ak-47,0.0
ak-47,10.482047236038627
awp,10.88129359496402
ak-47,9.206008900016771
ak-47,3.652269844353782
awp,12.176238373156218
ak-47,11.586525288318152
ak-47,59.637535930333314
ak-47,0.0
ak-47,89.27227503137435
ak-47,52.50485678296632
ak-47,0.0
ak-47,52.24079543019696
awp,0.0
ak-47,0.0
ak-47,4.303918016751945
ak-47,1.550913610535416
ak-47,0.0
awp,0.0
ak-47,8.07044941262133
ak-47,80.9364623181535
ak-47,0.0
ak-47,39.01396046231187
ak-47,31.11671928021057
ak-47,24.86105237851342
glock-18,0.0
glock-18,0.0
glock-18,42.98840743535546
glock-18,0.0
glock-18,0.0
glock-18,0.0
glock-18,52.27583561296921
ak-47,0.0
ak-47,55.69066524393922
awp,2.1572725453593016
ak-47,0.0
awp,0.0
awp,0.0
awp,0.0
ak-47,0.0
awp,0.0
ak-47,0.0
ak-47,11.763583245650281
ak-47,30.85456845478883
ak-47,0.0
ak-47,33.46425988204617
ak-47,11.435333213471525
ak-47,58.66266000694005
awp,0.0
ak-47,1.4652551505625224
awp,0.0
ak-47,4.4023974736074205
ak-47,0.0
ak-47,0.0
ak-47,0.0
ak-47,12.853415225988773
awp,10.88238344900831
ak-47,0.0
awp,0.0
ak-47,0.0
ak-47,0.0
awp,11.07190068494764
awp,0.0
ak-47,0.0
ak-47,36.99516430345788
ak-47,0.0
awp,0.0
awp,15.19014412425455
ak-47,16.023438
glock-18,0.0
glock-18,0.0
glock-18,0.0
ak-47,0.0
ak-47,23.146322684024106
ak-47,0.0
ak-47,0.0
ak-47,0.0
awp,0.0
awp,0.0
ak-47,0.0
ak-47,0.0
ak-47,9.463763180837157
awp,0.0
ak-47,0.0
ak-47,0.0
ak-47,20.578495030533208
ak-47,49.240659805946954
ak-47,7.710085970966083
ak-47,0.0
glock-18,0.0
glock-18,0.0
glock-18,8.094195992960698
mac-10,10.355764950721893
mac-10,36.29451681796859
mac-10,0.0
mac-10,0.0
ak-47,0.0
awp,0.0
ak-47,0.0
ak-47,0.0
ak-47,0.0
awp,0.0
awp,0.0
ak-47,43.26591389054644
ak-47,7.948059957599717
ak-47,0.0
ak-47,0.0
ak-47,0.0
awp,0.0
ak-47,45.43704608391133
ak-47,0.0
ak-47,0.0
ak-47,0.0
ak-47,0.0
awp,0.0
ak-47,0.0
ak-47,0.0
ak-47,0.0
ak-47,0.0
ak-47,0.0
ak-47,0.0
awp,0.0
awp,0.0
ak-47,0.0
ak-47,0.0
awp,0.0
ak-47,9.519243216764766
ak-47,31.936537290223622
ak-47,7.468063514476159
glock-18,111.6146231237189
glock-18,229.14000535532267
ak-47,8.10606877152236
ak-47,15.587963919018577
ak-47,0.0
ak-47,14.018483144333734
glock-18,193.9230751240759
glock-18,0.0
ak-47,24.10951455288111
ak-47,17.030239967296087
ak-47,0.0
ak-47,6.936275234212956
awp,0.0
awp,10.61304802306312
ak-47,0.0
awp,0.0
ak-47,4.03662585628765
ak-47,0.0
mac-10,70.13879710320613
ak-47,19.2006013384174
awp,9.392691640312696
ak-47,36.925035571453755
awp,0.0
awp,1.3120583468234177
ak-47,27.06356443280399
ak-47,0.0
ak-47,13.970438648910385
awp,3.3712725365394296
awp,3.3712725365394296
ak-47,19.650751446822717
ak-47,0.0
ak-47,18.264004749112008
ak-47,59.193433824630645
ak-47,19.295869790189844
ak-47,10.667705080719516
awp,25.427165964804434
awp,27.380917408031987
ak-47,28.70754587360196
awp,20.237890474609873
ak-47,0.0
awp,0.0
ak-47,0.0
ak-47,9.655828570518432
ak-47,14.89867857276611
ak-47,7.169348295039516
awp,0.0
ak-47,77.57109920617786
glock-18,12.072390537413956
glock-18,11.353261572774759
ak-47,16.721730280980015
ak-47,18.81835477976723
ak-47,42.65468744685517
awp,0.0
ak-47,34.885325006194826
awp,0.0
ak-47,53.6060396768857
ak-47,10.956785623750882
ak-47,0.0
awp,0.0
awp,0.0
awp,0.0
ak-47,53.844783972855545
awp,15.836030053010255
ak-47,0.0
glock-18,0.0
glock-18,0.0
ak-47,0.0
ak-47,0.0
glock-18,0.0
ak-47,31.929290317507654
ak-47,0.0
ak-47,0.0
ak-47,0.0
ak-47,0.0
ak-47,0.0
awp,0.0
awp,0.0
ak-47,0.0
ak-47,0.0
ak-47,0.0
mac-10,0.0
awp,0.0
ak-47,0.0
awp,0.0
awp,0.0
ak-47,55.203125
ak-47,19.652762011170974
awp,0.0
ak-47,36.70195828429791
ak-47,2.1019249938301794
ak-47,0.0
ak-47,0.0
awp,0.0
ak-47,11.82673167156717
awp,0.0
ak-47,46.42601904256518
ak-47,0.0
awp,0.0
ak-47,3.60737296897687
ak-47,6.57929103701949
awp,0.0
ak-47,0.0
ak-47,0.0
awp,0.0
awp,0.0
ak-47,0.0
glock-18,0.0
glock-18,0.0
ak-47,0.0
ak-47,0.0
ak-47,0.0
ak-47,0.0
ak-47,7.185945922750045
ak-47,40.88655280529046
ak-47,0.0
ak-47,0.0
ak-47,0.5108682101334943
ak-47,9.138397337736196
ak-47,0.0
ak-47,0.0
awp,0.0
ak-47,0.0
ak-47,0.0
ak-47,0.0
ak-47,0.0
ak-47,0.0
ak-47,0.0
ak-47,0.0
ak-47,0.0
ak-47,0.0
ak-47,0.0
ak-47,0.0
ak-47,0.0
ak-47,66.65979802228466
ak-47,0.0
ak-47,0.0
awp,0.0
awp,4.00687764474547
ak-47,48.636868097564054
ak-47,36.237640224614296
awp,3.9869857539680273
ak-47,0.0
awp,0.5547291220631921
ak-47,64.9026865048202
ak-47,0.0
awp,0.0
ak-47,0.0
awp,9.200631028800416
awp,0.0
ak-47,0.0
awp,0.0
glock-18,38.431857312496945
glock-18,0.0
glock-18,7.062722837175192
glock-18,0.0
glock-18,0.0
ak-47,0.0
mac-10,238.61032549724686
awp,0.0
ak-47,23.999575864579107
ak-47,0.0
ak-47,18.40945559455021
awp,3.1878561717367364
ak-47,0.0
awp,0.0
awp,0.0
awp,3.290398821168036
ak-47,0.0
ak-47,0.0
awp,0.0
awp,0.0
awp,0.0
awp,0.0
ak-47,0.0
ak-47,0.0
ak-47,0.0
ak-47,9.204100660878607
ak-47,0.0
ak-47,0.0
awp,0.0
ak-47,0.0
ak-47,30.87902952216065
awp,16.50474156539947
ak-47,0.0
awp,14.337197471606645
ak-47,0.0
awp,0.0
ak-47,0.0
awp,0.0
ak-47,0.0
ak-47,41.00981774835281
ak-47,0.0
ak-47,30.873265052010293
ak-47,16.807821007771857
ak-47,0.0
ak-47,22.024300410279913
ak-47,0.0
ak-47,45.772456069312994
glock-18,196.45963769810098
ak-47,0.0
ak-47,31.728017806502585
ak-47,9.316301432985304
ak-47,7.569058254973864
ak-47,7.6824098116039075
ak-47,0.0
ak-47,9.07814707503822
ak-47,8.784616445232198
ak-47,9.466839433639137
ak-47,42.81960609556898
ak-47,7.800718638206418
ak-47,0.0
ak-47,0.0
ak-47,0.0
ak-47,0.0
awp,0.8548174604118707
ak-47,0.0
ak-47,0.0
ak-47,0.0
awp,0.0
ak-47,0.0
ak-47,0.0
ak-47,46.53225904571431
awp,0.0
ak-47,46.995794111597775
ak-47,0.0
mac-10,137.1920518788373
ak-47,35.781212871036956
ak-47,0.0
awp,6.018065006126886
glock-18,0.0
glock-18,39.94367122874998
glock-18,24.692238615953556
glock-18,58.31850489492754
glock-18,0.0
mac-10,0.0
ak-47,0.0
mac-10,0.0
ak-47,7.507231792058109
ak-47,48.376092687089994
ak-47,14.982127592607533
ak-47,0.0
mac-10,0.0
awp,0.0
ak-47,0.0
ak-47,0.0
awp,29.046900985230938
awp,9.566406797417304
awp,2.7218042397160014
ak-47,8.839536030658227
awp,7.651417479991861
ak-47,0.0
ak-47,0.0
ak-47,0.0
ak-47,0.0
ak-47,0.0
ak-47,0.0
ak-47,0.0
awp,2.416108227850938
awp,0.0
ak-47,0.0
ak-47,0.0
ak-47,0.0
ak-47,0.0
ak-47,0.0
ak-47,24.92516931420521
ak-47,0.0
awp,0.0
ak-47,0.0
ak-47,0.0
ak-47,40.28916217525726
ak-47,11.085500731133484
ak-47,0.0
ak-47,0.0
ak-47,0.0
glock-18,0.0
glock-18,0.0
glock-18,0.0
glock-18,28.621173164553703
glock-18,0.0
mac-10,0.0
mac-10,0.0
ak-47,0.0
ak-47,0.0
ak-47,0.0
ak-47,0.0
ak-47,0.0
ak-47,0.0
ak-47,0.0
ak-47,0.0
ak-47,0.0
ak-47,0.0
awp,0.0
ak-47,0.0
ak-47,0.0
ak-47,0.0
awp,0.0
awp,0.0
awp,0.0
ak-47,0.0
ak-47,0.0
ak-47,0.0
ak-47,0.0
ak-47,0.0
glock-18,0.0
glock-18,0.0
glock-18,0.0
glock-18,0.0
glock-18,0.0
mac-10,0.0
ak-47,0.0
ak-47,0.0
ak-47,13.610505526773649
ak-47,5.205663530518373
ak-47,0.0
ak-47,0.0
ak-47,92.96614229536068
ak-47,0.0
awp,0.0
ak-47,0.0
awp,11.270542298526767
ak-47,28.296668252540545
ak-47,0.0
ak-47,0.0
ak-47,0.0
ak-47,36.28913395514696
ak-47,0.0
ak-47,0.0
ak-47,0.0
ak-47,0.0
ak-47,0.0
ak-47,24.37245863368294
ak-47,0.0
ak-47,0.0
ak-47,0.0
ak-47,0.0
ak-47,0.0
ak-47,0.0
ak-47,0.0
ak-47,0.0
ak-47,0.0
awp,20.81729296565644
ak-47,0.0
ak-47,0.0
ak-47,0.0
glock-18,81.14697793877896
glock-18,0.0
glock-18,168.52807668339858
glock-18,0.0
ak-47,0.0
ak-47,8.15750860487882
ak-47,0.0
ak-47,0.0
mac-10,53.368490172705926
ak-47,0.0
mac-10,10.2791903244169
ak-47,1.8356887310184153
ak-47,38.24693012138309
ak-47,22.43817333081247
ak-47,0.0
ak-47,0.0
awp,14.402886436209096
awp,48.75095823024598
awp,6.4812076700492325
awp,0.0
awp,2.5902178509972864
ak-47,0.0
ak-47,101.0095837150749
ak-47,14.308401805428375
awp,14.19051362362702
ak-47,31.5184683892709
ak-47,0.0
ak-47,0.0
awp,0.0
ak-47,0.0
ak-47,35.51102422871609
awp,0.0
awp,14.597574025089546
ak-47,65.79504195260401
ak-47,0.0
ak-47,0.0
ak-47,0.0
awp,0.0
awp,0.0
ak-47,0.0
glock-18,65.42558501777397
glock-18,38.24157000470568
ak-47,0.0
ak-47,7.94307725981971
ak-47,0.0
ak-47,0.0
ak-47,15.231662158713606
awp,0.26848180658845394
ak-47,6.612205236518601
ak-47,12.469113000002688
ak-47,0.0
ak-47,39.06351589747729
ak-47,0.0
awp,0.0
awp,0.0
ak-47,30.096915934807175
ak-47,17.139435635581762
ak-47,29.964448698999302
ak-47,0.0
ak-47,25.68853501053155
ak-47,0.0
ak-47,5.837538457030069
awp,0.0
awp,6.932378606759803
awp,10.21783111498404
awp,0.0
ak-47,0.0
ak-47,32.53765865607628
ak-47,0.0
ak-47,22.60274509695601
awp,3.971309274718981
ak-47,0.0
awp,34.002312076717665
ak-47,25.60641035507439
ak-47,12.845038267166082
ak-47,31.64597390403653
ak-47,6.581932226925768
ak-47,0.0
ak-47,0.0
ak-47,13.953232122629116
ak-47,41.54732489591642
ak-47,22.978926435007118
ak-47,31.35914164797023
ak-47,0.0
ak-47,0.5140989301301842
ak-47,46.01992249990715
ak-47,0.0
ak-47,0.0
ak-47,28.94408104047085
glock-18,126.6393722427704
glock-18,50.07894554006002
awp,0.0
ak-47,0.0
awp,0.0
ak-47,0.0
ak-47,0.0
ak-47,0.0
awp,10.589741971707525
ak-47,7.510445681838329
ak-47,0.0
ak-47,57.69927528936537
ak-47,26.45147912740125
ak-47,60.161952843157806
ak-47,0.0
ak-47,15.743495990904465
awp,0.0
awp,0.0
ak-47,0.0
ak-47,56.203481198482045
ak-47,0.0
ak-47,0.0
ak-47,22.771463518650926
ak-47,65.03917276642305
awp,0.0
ak-47,0.0
awp,0.0
awp,7.566139808421862
awp,4.082941360863513
ak-47,19.646076264482026
awp,0.0
ak-47,0.0
glock-18,225.36931757044474
glock-18,58.187689661042945
awp,0.0
ak-47,0.0
ak-47,14.70561744429553
ak-47,0.0
ak-47,28.02574142829176
ak-47,0.0
ak-47,0.0
glock-18,239.99670662209746
glock-18,117.37610771864813
ak-47,24.8218310164024
ak-47,0.0
ak-47,0.0
ak-47,0.0
ak-47,0.0
awp,7.311786805765673
ak-47,3.1516925456560636
ak-47,0.0
ak-47,2.0589017959749807
ak-47,0.0
ak-47,41.58604136877644
ak-47,18.18712772747764
ak-47,29.745950146087218
ak-47,43.35495805372027
awp,0.6370419156884419
ak-47,0.0
awp,32.60413380256597
awp,0.0
glock-18,0.0
ak-47,0.0
ak-47,0.0
ak-47,0.0
awp,34.000662878059615
ak-47,0.0
ak-47,0.0
ak-47,14.074457292732854
ak-47,0.0
awp,0.8190563471489614
awp,6.5232695535267435
ak-47,0.0
ak-47,0.0
ak-47,0.0
ak-47,0.0
ak-47,0.0
ak-47,0.0
ak-47,0.0
glock-18,0.0
ak-47,0.0
ak-47,38.94133298138609
ak-47,22.5203987565074
ak-47,41.76995231720585
ak-47,40.744200268646836
ak-47,0.0
awp,0.0
ak-47,1.8238464890513675
awp,0.0
awp,0.0
awp,1.94226815644828
ak-47,0.0
ak-47,0.0
awp,2.831241321040826
awp,0.0
ak-47,0.0
ak-47,0.0
ak-47,0.0
awp,2.8090180423601767
ak-47,0.0
awp,0.0
ak-47,93.79270828952633
awp,0.0
ak-47,0.0
ak-47,0.0
ak-47,0.0
ak-47,18.16559347556077
ak-47,30.1007853737604
ak-47,0.0
ak-47,31.02061999929049
awp,0.0
awp,0.0
awp,0.0
glock-18,0.0
glock-18,129.2984554107944
glock-18,46.33573653871233
ak-47,51.894432836650864
ak-47,27.637787185544145
mac-10,0.0
ak-47,22.25954175665162
mac-10,0.0
ak-47,0.0
ak-47,0.0
ak-47,0.0
ak-47,0.0
ak-47,0.0
ak-47,0.0
ak-47,34.42756102027398
ak-47,21.5772165762799
ak-47,12.095401009679712
ak-47,74.33884112620606
awp,0.0
ak-47,0.0
awp,0.0
ak-47,0.0
ak-47,0.0
awp,0.0
ak-47,0.0
ak-47,34.213091712548426
ak-47,0.0
awp,12.907576778163282
ak-47,0.0
ak-47,0.0
ak-47,0.0
ak-47,0.0
ak-47,0.0
ak-47,0.0
ak-47,0.0
ak-47,0.0
ak-47,0.0
ak-47,0.0
ak-47,0.0
awp,0.0
ak-47,0.0
ak-47,0.0
ak-47,0.0
ak-47,0.0
ak-47,0.0
ak-47,0.0
ak-47,0.0
glock-18,85.66093532787296
glock-18,89.95894386631586
glock-18,239.993430257946
glock-18,19.086858976527385
ak-47,0.0
ak-47,0.0
ak-47,0.0
ak-47,0.0
ak-47,0.0
ak-47,0.0
ak-47,0.0
ak-47,0.0
ak-47,0.0
ak-47,33.74354089477256
ak-47,8.62522644630273
glock-18,0.0
awp,0.0
awp,0.0
awp,0.0
ak-47,41.20718255085267
awp,0.0
ak-47,0.0
ak-47,0.0
ak-47,0.0
ak-47,0.0
ak-47,4.753526379748933
ak-47,0.0
ak-47,20.238525153543797
ak-47,0.0
ak-47,13.625062334645888
ak-47,0.0
ak-47,0.0
ak-47,5.5965781636665275
awp,0.0
awp,0.0
ak-47,14.530729922648792
ak-47,24.134790399037424
ak-47,0.0
ak-47,0.0
ak-47,0.0
glock-18,0.0
glock-18,0.0
glock-18,0.0
glock-18,0.0
mac-10,0.0
mac-10,0.0
glock-18,0.0
ak-47,0.0
ak-47,0.0
ak-47,24.578479267372913
ak-47,0.0
ak-47,0.0
ak-47,0.0
ak-47,0.0
ak-47,0.0
ak-47,0.0
ak-47,7.860525460963854
ak-47,0.0
ak-47,0.0
ak-47,0.0
ak-47,0.0
ak-47,0.0
ak-47,0.0
ak-47,0.0
ak-47,0.0
ak-47,0.0
ak-47,0.0
ak-47,0.0
ak-47,0.0
ak-47,0.0
ak-47,0.0
ak-47,0.0
ak-47,0.0
ak-47,0.0
ak-47,0.0
ak-47,31.418695080792805
ak-47,35.003634017201726
glock-18,0.0
glock-18,0.0
glock-18,0.0
ak-47,16.200804438456906
awp,0.0
mac-10,0.0
ak-47,44.85089367577174
ak-47,0.0
ak-47,60.38526737916195
ak-47,67.75021985870116
mac-10,239.75236369416507
awp,0.0
ak-47,17.192089119248422
awp,0.0
ak-47,87.43423449272102
ak-47,19.98662381238935
ak-47,0.0
mac-10,44.84675279379167
awp,0.0
ak-47,11.270723637847748
ak-47,61.138770841869956
ak-47,12.659197001610568
ak-47,0.0
ak-47,0.0
ak-47,50.52612776856288
awp,0.0
mac-10,110.66375469644693
ak-47,0.0
ak-47,0.0
ak-47,0.0
awp,0.0
mac-10,0.0
ak-47,0.0
awp,1.2179733535032695
glock-18,0.0
glock-18,0.0
glock-18,0.0
glock-18,120.32085416461415
mac-10,28.535286055762256
mac-10,20.223956811593226
awp,0.0
ak-47,0.0
awp,0.0
awp,0.0
awp,24.203857260415933
awp,0.0
ak-47,25.744721729410966
ak-47,7.702985839260254
ak-47,0.0
awp,8.931272699192652
ak-47,0.0
ak-47,35.483700731154364
ak-47,4.700502798903538
ak-47,50.54743065435508
ak-47,0.0
ak-47,0.0
awp,0.4588973441424563
ak-47,0.0
ak-47,0.0
ak-47,0.0
ak-47,0.0
ak-47,73.09811144720129
awp,0.0
awp,0.0
ak-47,27.196559194707884
awp,0.0
awp,0.0
ak-47,0.0
glock-18,0.0
glock-18,0.8212136044781528
glock-18,116.12107396064016
glock-18,234.5229195598065
ak-47,50.06100635955966
ak-47,52.35203821631345
ak-47,0.0
ak-47,0.0
ak-47,4.8515635723630375
ak-47,0.0
ak-47,0.0
ak-47,54.88381390120222
ak-47,0.0
ak-47,20.20673428672184
ak-47,0.0
ak-47,29.074266438292213
ak-47,0.0
ak-47,0.0
ak-47,0.0
ak-47,0.0
ak-47,19.631193586033042
ak-47,8.50566652789333
awp,0.0
awp,0.0
ak-47,0.0
ak-47,0.0
ak-47,0.0
ak-47,1.0312791946626287
ak-47,0.0
ak-47,0.0
awp,0.0
ak-47,0.0
ak-47,79.89557434455185
ak-47,25.876858870559154
awp,0.0
ak-47,0.0
ak-47,46.776483051507505
glock-18,115.4630751643407
awp,0.0
awp,0.0
ak-47,4.501698033357303
ak-47,0.0
awp,0.0
ak-47,18.49467432845534
awp,0.0
ak-47,0.0
mac-10,239.99317853646212
ak-47,0.0
awp,0.0
ak-47,7.792259386073079
ak-47,13.075735295409777
ak-47,0.0
ak-47,0.0
ak-47,58.93723077639332
ak-47,0.0
ak-47,0.0
awp,0.0
awp,0.0
awp,0.0
ak-47,54.64620751485721
awp,0.0
awp,0.0
ak-47,0.0
ak-47,22.88540577740932
glock-18,232.31548598078376
ak-47,0.0
ak-47,16.74752220499606
ak-47,16.269414484124805
ak-47,0.0
ak-47,42.43645954942335
ak-47,18.248673771669136
awp,0.0
awp,0.0
ak-47,50.57322538415793
awp,8.047595265337838
awp,0.0
ak-47,19.562407038691862
ak-47,0.0
ak-47,25.799738397943962
awp,2.5683894572383297
ak-47,73.09566309924256
ak-47,69.74077380044031
awp,0.0
ak-47,43.96655140893328
awp,0.0
ak-47,6.914319895138278
ak-47,39.43300145331557
ak-47,15.09769251023298
awp,0.0
awp,4.218520233442172
ak-47,0.0
awp,7.496097486971471
ak-47,0.0
awp,9.884152912607382
awp,20.959772276574213
ak-47,34.147915548973764
awp,0.0
ak-47,0.0
ak-47,17.380834419474457
ak-47,0.0
awp,0.0
ak-47,0.0
awp,6.721546786144541
awp,0.0
ak-47,0.0
ak-47,73.09246442603725
ak-47,58.40145114482212
glock-18,229.24108456713344
glock-18,0.0
glock-18,59.75201537889617
glock-18,239.99421801150308
glock-18,239.99421801150308
ak-47,0.0
ak-47,99.52969163320354
ak-47,22.174575816783893
ak-47,0.0
ak-47,0.0
ak-47,15.773440132614953
ak-47,0.0
ak-47,0.0
ak-47,0.0
ak-47,0.0
ak-47,0.0
ak-47,0.0
ak-47,5.372440579864984
ak-47,0.0
mac-10,129.9921779042269
ak-47,26.750910046686787
mac-10,8.012426989173505
awp,0.0
ak-47,28.705920809544935
ak-47,61.34075194074645
ak-47,89.43501490922839
ak-47,14.012038807502961
awp,0.0
ak-47,31.682216812901334
ak-47,43.09621185379825
awp,0.0
ak-47,0.0
ak-47,13.252890728999654
ak-47,64.26259587886132
ak-47,5.361611871020599
ak-47,0.0
ak-47,0.0
ak-47,0.0
ak-47,31.04154571846009
ak-47,34.52548773571015
ak-47,20.594795133641895
ak-47,49.28953964664187
ak-47,10.693555584284397
ak-47,55.839431797571024
awp,0.0
ak-47,1.648884558732054
ak-47,0.0
ak-47,14.565284346343672
awp,0.0
awp,0.0
ak-47,0.0
ak-47,0.0
awp,0.0
awp,0.0
ak-47,22.286487067712937
ak-47,0.0
ak-47,0.0
ak-47,12.983660479738562
ak-47,20.326829857185526
ak-47,30.968758468654247
ak-47,29.730497963443145
ak-47,1.4129182179535376
ak-47,27.282127653050523
ak-47,0.0
awp,0.8840558766101835
awp,14.469294519687578
awp,0.0
ak-47,0.0
awp,0.7088524493306064
awp,0.0
ak-47,27.78957035146625
ak-47,0.0
ak-47,73.95039653849167
ak-47,43.749063710235184
ak-47,32.03502333530454
ak-47,41.9767683876715
glock-18,0.0
glock-18,0.0
glock-18,14.348079916832253
ak-47,28.59819446914964
ak-47,43.793585084014865
ak-47,32.355768449429924
ak-47,0.0
ak-47,66.9986752195869
ak-47,61.03520520475987
awp,0.0
awp,0.0
ak-47,36.90367055375175
ak-47,0.0
ak-47,0.0
ak-47,52.60372271053481
ak-47,25.248491885790642
ak-47,8.620406913283503
ak-47,3.6823321838883576
ak-47,16.79942019190484
awp,0.0
awp,0.0
awp,0.0
ak-47,0.0
ak-47,31.371335225318926
awp,0.0
ak-47,0.0
awp,0.0
ak-47,24.77272250718457
ak-47,0.0
ak-47,0.0
ak-47,0.0
awp,0.0
ak-47,0.0
awp,0.0
glock-18,32.855020909205585
glock-18,81.59867581378943
glock-18,20.712988421274318
glock-18,0.0
glock-18,92.54022858952935
mac-10,0.0
ak-47,0.0
ak-47,0.0
ak-47,41.15068032994337
ak-47,15.461279532188176
ak-47,0.0
ak-47,69.42773865680766
awp,0.8225882308062765
awp,0.0
ak-47,5.462238969020671
ak-47,10.077726957934114
ak-47,9.052973155332563
awp,0.0
glock-18,0.0
glock-18,0.0
glock-18,0.0
mac-10,240.00205527493787
ak-47,0.0
ak-47,0.0
mac-10,115.35823390187612
ak-47,0.0
ak-47,0.0
ak-47,0.0
awp,0.0
ak-47,0.0
ak-47,73.2884272605717
ak-47,13.034717963837231
ak-47,57.272919202314405
awp,66.12641036749118
awp,0.0
ak-47,35.82561772650717
awp,0.0
ak-47,0.0
awp,0.0
awp,0.0
ak-47,33.86948948518866
awp,0.0
awp,0.0
ak-47,0.0
ak-47,0.0
ak-47,27.98050278618969
awp,0.0
awp,0.0
ak-47,0.0
ak-47,0.0
glock-18,240.000276619736
glock-18,0.0
glock-18,0.0
glock-18,0.0
ak-47,0.0
ak-47,35.88398394619229
ak-47,0.0
ak-47,0.0
ak-47,0.0
ak-47,0.0
ak-47,0.0
ak-47,0.0
ak-47,37.11100208647437
ak-47,73.09529801326116
ak-47,20.104885816884437
ak-47,5.975128509911816
ak-47,11.450628955970279
ak-47,12.395967158079277
ak-47,56.921354910985244
ak-47,101.08869605494891
ak-47,0.0
awp,0.0
ak-47,43.44840515367004
ak-47,24.591671661900275
awp,0.0
mac-10,0.0
awp,0.0
ak-47,0.0
glock-18,0.0
glock-18,0.0
ak-47,0.0
ak-47,0.0
ak-47,61.48533381872302
ak-47,0.0
ak-47,0.0
ak-47,90.34798718877195
ak-47,125.89608476548166
ak-47,26.553871326509153
awp,0.0
ak-47,143.66244024605447
ak-47,0.0
ak-47,14.908419980941138
ak-47,42.82568227711031
awp,0.0
ak-47,31.906411164566034
awp,0.0
mac-10,52.12889078006515
ak-47,11.051391956437207
ak-47,36.73342551213362
ak-47,27.274662949463483
ak-47,20.895911906992836
ak-47,35.52605183832142
awp,0.0
awp,0.0
awp,0.0
ak-47,36.52762164567855
awp,0.0
ak-47,0.0
ak-47,14.537851756113211
ak-47,100.09868280080737
ak-47,0.0
awp,0.0
ak-47,33.51586908942294
ak-47,19.935882595518688
awp,0.0
ak-47,0.0
ak-47,16.339270394584453
ak-47,0.0
ak-47,0.0
ak-47,0.0
ak-47,0.0
awp,0.0
ak-47,55.25591709493988
ak-47,0.0
ak-47,0.0
ak-47,0.0
ak-47,0.0
awp,0.0
ak-47,0.0
ak-47,0.0
glock-18,32.099963444410875
glock-18,226.5004188372036
glock-18,18.697482176100237
glock-18,0.0
glock-18,0.0
ak-47,120.44722367662216
ak-47,0.0
ak-47,18.80847204667272
awp,0.0
ak-47,0.0
ak-47,0.0
awp,0.0
ak-47,0.0
ak-47,0.0
ak-47,0.0
ak-47,0.0
ak-47,0.0
ak-47,0.0
ak-47,102.62036550957775
ak-47,0.0
ak-47,73.09496037756392
awp,0.0
ak-47,0.0
ak-47,0.0
awp,0.0
awp,0.0
awp,0.0
awp,0.0
ak-47,0.0
ak-47,0.0
ak-47,0.0
awp,0.0
ak-47,0.0
awp,0.0
ak-47,0.0
ak-47,0.0
ak-47,0.0
ak-47,0.900346653617372
awp,0.0
glock-18,143.7901703963125
glock-18,0.0
glock-18,3.043520335759234
glock-18,134.90897881382782
glock-18,187.90168790535034
mac-10,110.31196868343076
ak-47,0.0
mac-10,0.0
ak-47,45.33843750193855
ak-47,0.0
mac-10,190.75408900541078
mac-10,107.62117178776526
awp,0.0
ak-47,73.59954435604863
awp,0.0
ak-47,56.493308014022226
ak-47,25.786941686329925
ak-47,0.0
ak-47,69.5948683742859
ak-47,26.533791355169885
ak-47,8.281085639111879
awp,0.0
ak-47,0.0
ak-47,0.0
awp,0.0
ak-47,57.89562897060834
ak-47,0.0
awp,0.0
awp,0.0
ak-47,0.0
ak-47,28.257301410207326
ak-47,73.10113028895118
ak-47,27.605599081564957
mac-10,0.0
ak-47,0.0
ak-47,30.792917768876823
awp,0.0
awp,0.0
ak-47,0.0
awp,0.0
ak-47,0.0
ak-47,0.0
ak-47,18.447780335123493
ak-47,0.0
ak-47,1.499063600948272
ak-47,34.11916874399565
glock-18,0.0
glock-18,0.0
glock-18,23.31656414096734
ak-47,0.0
ak-47,0.0
ak-47,0.0
ak-47,0.0
ak-47,0.0
ak-47,0.0
ak-47,0.0
ak-47,0.0
ak-47,0.0
ak-47,0.0
ak-47,0.0
ak-47,0.0
ak-47,0.0
ak-47,0.0
awp,0.0
ak-47,0.0
awp,0.0
awp,0.0
awp,0.0
awp,6.13430152966383
awp,0.0
ak-47,34.46694436470753
ak-47,7.640913788445791
mac-10,158.35025307991043
ak-47,0.0
ak-47,0.0
ak-47,0.0
mac-10,0.0
awp,21.690032063710856
ak-47,0.0
ak-47,0.0
ak-47,53.795527323193596
awp,1.4374359917815471
ak-47,0.0
ak-47,0.0
ak-47,47.15109220789547
ak-47,18.677962095319177
ak-47,0.0
ak-47,0.0
ak-47,0.0
ak-47,0.0
ak-47,0.0
ak-47,38.066309859703516
ak-47,25.050015109210612
awp,0.0
glock-18,0.0
ak-47,0.0
ak-47,74.66253660103688
ak-47,0.0
ak-47,0.0
ak-47,22.006618217589818
ak-47,0.0
ak-47,0.0
ak-47,31.266786748890365
ak-47,0.0
ak-47,0.0
ak-47,15.230567183703467
ak-47,0.0
ak-47,0.0
ak-47,0.0
ak-47,0.0
ak-47,18.796916049726587
ak-47,30.474976990913053
ak-47,0.0
ak-47,9.35161442425018
ak-47,0.0
ak-47,0.0
awp,0.0
awp,0.0
ak-47,0.0
ak-47,0.0
ak-47,3.473860522591545
ak-47,0.0
ak-47,0.0
ak-47,55.49762930876587
ak-47,75.20601844122974
ak-47,55.386304368089846
ak-47,4.89723495007642
ak-47,15.647736962726846
ak-47,211.84221574923382
awp,0.0
ak-47,14.764889612077566
glock-18,139.3114688579636
glock-18,0.0
glock-18,25.300231395773597
glock-18,140.5317571101834
glock-18,0.0
ak-47,19.450640065158165
ak-47,0.0
ak-47,29.328940785137895
ak-47,11.652409063008387
ak-47,0.0
ak-47,147.42066423640324
ak-47,0.0
ak-47,0.0
ak-47,0.0
ak-47,0.0
ak-47,25.29513446969286
ak-47,0.0
glock-18,0.0
glock-18,0.0
glock-18,0.0
glock-18,202.11412628464316
glock-18,87.85346158741058
ak-47,4.704876066878702
ak-47,16.218734947006503
glock-18,0.0
ak-47,7.285021153237992
ak-47,0.0
ak-47,0.0
ak-47,0.0
ak-47,38.02023579724519
awp,0.0
ak-47,69.49069387264991
ak-47,0.0
ak-47,0.0
ak-47,65.92999099393205
ak-47,0.0
ak-47,161.24855566513924
ak-47,61.13755809535007
ak-47,26.014073106622117
ak-47,5.113517807457797
ak-47,0.0
ak-47,0.0
awp,0.0
ak-47,0.0
awp,0.0
ak-47,4.015625
ak-47,15.757446591529352
awp,0.0
awp,0.0
awp,0.0
awp,0.0
awp,0.0
ak-47,0.0
awp,0.0
ak-47,0.0
glock-18,81.60317028615806
glock-18,130.67281223653484
glock-18,0.0
ak-47,13.545260177171127
awp,0.0
ak-47,20.969718596923993
ak-47,0.0
awp,0.0
ak-47,25.473698586076917
ak-47,0.0
ak-47,0.0
ak-47,0.0
ak-47,25.315029416039813
awp,0.0
awp,0.0
ak-47,36.32815524192289
ak-47,0.0
ak-47,25.11667214414919
ak-47,0.0
ak-47,0.0
ak-47,0.0
ak-47,0.0
ak-47,39.03116588310342
ak-47,0.0
ak-47,0.0
ak-47,69.8825046283045
awp,0.0
ak-47,0.0
awp,0.0
awp,0.0
glock-18,0.0
glock-18,1.8253852333137792
glock-18,0.0
glock-18,35.209113033772944
glock-18,0.0
ak-47,0.0
ak-47,71.9229866984471
glock-18,0.0
ak-47,0.0
ak-47,0.0
ak-47,0.0
ak-47,0.0
awp,0.0
awp,5.219593213971372
ak-47,9.02027152251217
ak-47,0.0
ak-47,0.0
awp,0.0
awp,0.0
ak-47,0.0
ak-47,0.0
ak-47,0.0
awp,0.42252556782874096
awp,2.0267377767301324
glock-18,71.96994982095283
ak-47,0.0
ak-47,0.0
ak-47,0.0
ak-47,0.0
awp,6.655444422422969
ak-47,0.0
awp,29.40416188787099
awp,0.0
ak-47,14.182638339069216
ak-47,0.0
ak-47,0.0
awp,0.0
ak-47,0.0
glock-18,0.0
glock-18,126.64756130712888
glock-18,3.7763478093713774
glock-18,0.0
glock-18,0.0
awp,0.0
awp,0.0
awp,0.0
ak-47,0.0
awp,0.0
awp,0.0
awp,0.0
ak-47,15.807203611228521
ak-47,0.0
awp,0.0
awp,0.0
awp,0.0
ak-47,0.0
ak-47,0.0
awp,0.0
awp,0.0
awp,0.0
ak-47,0.0
awp,1.085347186675766
ak-47,0.0
awp,8.599504944644721
awp,0.0
ak-47,22.70741173939346
ak-47,69.3226171183736
awp,2.423899914063285
ak-47,0.0
awp,0.0
ak-47,0.0
glock-18,152.1868004603404
glock-18,63.24203580175599
glock-18,0.0
glock-18,60.61354690700306
glock-18,49.545562400580785
ak-47,0.0
ak-47,0.0
ak-47,0.0
ak-47,0.0
ak-47,0.0
ak-47,0.0
awp,0.0
ak-47,0.0
ak-47,0.0
ak-47,103.71403709375205
ak-47,34.131066622936586
ak-47,0.0
ak-47,0.0
awp,0.0
ak-47,0.0
ak-47,53.52700104787945
ak-47,0.0
ak-47,0.0
ak-47,0.0
ak-47,0.0
ak-47,0.0
awp,0.0
ak-47,28.038192040542558
ak-47,0.0
awp,0.0
awp,0.0
ak-47,42.508859334014055
ak-47,16.88746324406259
ak-47,0.0
ak-47,12.478317728836567
ak-47,0.0
ak-47,0.0
ak-47,39.45382115722443
glock-18,0.0
glock-18,0.0
glock-18,125.08581245506991
glock-18,0.0
glock-18,0.0
ak-47,0.0
ak-47,0.0
ak-47,0.0
ak-47,29.28212183087095
ak-47,26.839388651814055
ak-47,0.0
ak-47,0.0
ak-47,13.510091258192448
ak-47,0.0
ak-47,0.0
ak-47,8.374915691506631
ak-47,22.37109191819445
awp,9.628557619652126
awp,12.72133684599107
awp,20.297610542694922
ak-47,0.0
ak-47,0.0
ak-47,0.0
awp,9.36995372478904
ak-47,5.509717854831044
awp,20.52250913240981
ak-47,0.0
ak-47,0.0
ak-47,45.95657087530779
ak-47,0.0
ak-47,41.91803991496382
ak-47,49.62308899827246
mac-10,33.51965795753059
awp,4.029470442002149
awp,0.0
ak-47,0.0
ak-47,0.0
ak-47,0.0
ak-47,0.0
glock-18,81.59738703069667
glock-18,135.92051977281614
glock-18,68.97277205310229
glock-18,11.533346384260554
mac-10,0.0
ak-47,14.348592959587432
ak-47,0.0
ak-47,22.439281025408455
ak-47,31.786927660436827
ak-47,79.18764268986256
ak-47,0.0
awp,0.3340243488504992
ak-47,117.5461877899251
ak-47,22.374656291005344
ak-47,8.195891915345456
ak-47,4.05090153823331
ak-47,23.646290155682117
ak-47,0.0
ak-47,126.68377068726274
ak-47,25.165186288299257
ak-47,64.66382488176711
awp,0.0
ak-47,0.0
awp,0.0
ak-47,0.0
awp,2.570742409145654
ak-47,0.0
ak-47,0.0
ak-47,99.13856434105483
ak-47,29.110686314046344
ak-47,0.483571336314509
awp,19.2743198135204
awp,0.0
awp,1.514502813394878
awp,0.0
ak-47,0.0
ak-47,24.100090581237758
ak-47,0.0
ak-47,200.10509081969894
ak-47,0.0
ak-47,0.0
ak-47,31.206331310338065
ak-47,0.0
ak-47,0.0
glock-18,43.983211401815545
glock-18,4.866118027164672
glock-18,0.0
glock-18,140.84801908056062
mac-10,73.91387707686684
ak-47,9.374270804974646
ak-47,19.25651490666434
ak-47,0.0
ak-47,0.0
mac-10,58.56010432126285
ak-47,0.0
ak-47,108.09131633029374
ak-47,41.305174131540106
awp,1.2424149772060864
awp,25.773443677079435
awp,0.0
awp,0.0
ak-47,1.0196507248004092
awp,0.0
glock-18,10.836681103541066
glock-18,0.0
glock-18,117.33039837861088
glock-18,210.250000580596
ak-47,0.0
ak-47,0.0
ak-47,0.0
ak-47,32.282604154665655
ak-47,0.0
ak-47,0.0
ak-47,0.0
ak-47,9.925024106551328
ak-47,5.415166766173412
ak-47,0.0
ak-47,0.0
ak-47,0.0
ak-47,0.0
ak-47,0.0
ak-47,0.0
ak-47,0.0
awp,0.0
ak-47,0.0
ak-47,0.0
ak-47,0.0
ak-47,22.160156
ak-47,3.9932193505053037
mac-10,0.0
mac-10,232.25756342023038
mac-10,0.0
mac-10,29.45213529686637
mac-10,0.0
awp,0.0
ak-47,0.0
awp,8.038785375446965
awp,0.0
awp,0.0
awp,0.0
ak-47,20.096548063154728
ak-47,0.0
ak-47,0.0
awp,0.0
glock-18,0.0
glock-18,0.0
glock-18,0.0
glock-18,0.0
glock-18,0.0
ak-47,0.0
ak-47,0.0
ak-47,12.264184373200038
ak-47,72.36032366553144
ak-47,69.55995916673143
ak-47,0.0
awp,13.342077725862978
awp,33.986951685938884
awp,0.0
awp,9.304698196205022
awp,4.486158029671714
awp,0.0
ak-47,0.0
awp,0.0
ak-47,2.4638995071329512
glock-18,0.0
awp,0.0
glock-18,0.0
ak-47,42.94900419806575
ak-47,0.0
ak-47,0.0
ak-47,44.350961799041066
awp,0.0
awp,0.0
ak-47,0.0
awp,0.0
ak-47,4.465117384440862
ak-47,35.12035009919241
ak-47,5.988866194278263
awp,0.0
ak-47,46.2795024043363
ak-47,23.89221912601726
awp,0.0
awp,0.0
ak-47,0.0
ak-47,0.0
ak-47,64.94061694224843
glock-18,33.306396062023595
glock-18,220.2178176688593
glock-18,84.2769627200251
glock-18,172.72144484621944
glock-18,147.41848178944684
ak-47,6.0195806799560385
ak-47,53.90479741726779
ak-47,15.736971401832692
ak-47,0.0
ak-47,0.0
ak-47,38.32249483748536
ak-47,31.623143504083114
ak-47,5.771248589261513
ak-47,39.4207978140089
awp,0.0
awp,0.0
awp,4.294939778725774
ak-47,8.087431656154443
ak-47,42.67210158984074
ak-47,0.0
ak-47,22.972236130000493
ak-47,36.24570623816185
ak-47,101.65431546921963
ak-47,30.144785553887157
ak-47,18.489069828550058
ak-47,15.166483730807085
ak-47,6.410403561347445
ak-47,0.0
awp,0.0
awp,0.0
awp,0.0
awp,0.0
ak-47,19.318582822031978
ak-47,0.0
ak-47,0.0
ak-47,0.0
ak-47,22.056507795934063
ak-47,0.0
ak-47,0.0
ak-47,0.0
ak-47,30.165324557400158
awp,0.0
ak-47,79.93165912664284
ak-47,0.0
glock-18,38.84191339874474
glock-18,198.3744487800619
ak-47,0.0
ak-47,0.0
ak-47,0.0
ak-47,0.0
ak-47,0.0
ak-47,0.0
mac-10,66.09141535194928
awp,0.0
ak-47,0.0
ak-47,2.460540304454288
mac-10,41.50355403188195
awp,0.0
ak-47,0.0
ak-47,24.907873866090075
ak-47,25.059960151054927
ak-47,50.122784044183376
ak-47,64.99913129244467
ak-47,26.613354399576558
ak-47,0.0
ak-47,24.322741207352514
awp,0.9449269822102658
ak-47,0.0
ak-47,0.0
mac-10,71.56675615189967
awp,0.0
ak-47,76.32282958857232
awp,0.0
ak-47,0.0
ak-47,0.0
ak-47,7.398020876601052
ak-47,0.0
ak-47,0.0
awp,4.474782859606151
awp,0.0
ak-47,0.0
ak-47,17.07439773390517
ak-47,0.0
ak-47,24.398123983156182
ak-47,0.0
ak-47,83.88811198275504
ak-47,71.31063674235833
ak-47,18.672740048476253
ak-47,30.02862404997873
awp,0.0
ak-47,17.87814490448005
ak-47,73.09908728910368
ak-47,0.0
awp,20.268366580458427
ak-47,0.0
ak-47,0.0
ak-47,0.0
ak-47,0.0
awp,1.8063987544174736
ak-47,0.0
ak-47,0.0
ak-47,14.114554163374061
awp,0.0
ak-47,25.76717274677812
ak-47,20.04711856827871
ak-47,9.490384571730273
awp,0.0
ak-47,57.248516292651296
ak-47,0.0
ak-47,0.0
awp,0.0
glock-18,108.14543661961636
awp,0.0
ak-47,0.0
ak-47,35.88678594106315
ak-47,0.0
glock-18,80.76581985791418
ak-47,214.99750131157035
ak-47,0.0
ak-47,31.333248935195996
ak-47,0.0
ak-47,0.0
ak-47,0.0
ak-47,26.895520717165173
ak-47,1.5556760696922094
awp,7.700136999085666
ak-47,22.829345091197187
ak-47,0.0
awp,16.859949038970434
ak-47,54.442106513539606
awp,0.6834039915196575
ak-47,0.0
awp,9.353036972313806
awp,5.147188813066119
ak-47,26.61718896041235
ak-47,10.125000753423972
awp,1.6678777223405798
awp,0.0
ak-47,61.7134813848536
ak-47,0.0
ak-47,0.0
ak-47,0.0
ak-47,0.0
ak-47,0.0
ak-47,0.0
ak-47,0.9431591032805653
ak-47,36.45940865292586
ak-47,72.19637746424651
awp,0.0
awp,20.497114892039345
awp,0.0
awp,0.0
ak-47,0.0
ak-47,0.0
ak-47,0.0
ak-47,0.0
ak-47,0.0
ak-47,14.840685160824785
ak-47,0.0
awp,0.0
ak-47,44.522392527777086
ak-47,35.13148433252216
ak-47,3.6552091065088193
ak-47,0.0
ak-47,37.004871552159145
ak-47,0.0
ak-47,26.84831978710446
ak-47,0.0
glock-18,0.0
ak-47,14.91848202010446
ak-47,12.670950182035481
ak-47,0.0
ak-47,0.0
ak-47,0.0
ak-47,0.0
awp,0.0
awp,0.0
ak-47,0.0
ak-47,0.0
ak-47,23.148485460294566
ak-47,0.0
ak-47,54.646080833406266
awp,0.0
awp,0.8209166198098319
awp,11.412209487677003
awp,0.0
ak-47,40.93549789101094
ak-47,4.816151212327121
ak-47,7.88288605639616
ak-47,39.97417684522253
ak-47,19.82532559385454
ak-47,27.891889852271575
awp,0.0
ak-47,0.0
awp,0.0
awp,0.0
ak-47,14.891919237031068
ak-47,0.0
ak-47,0.0
ak-47,0.0
ak-47,0.0
ak-47,54.401944204257305
ak-47,73.09251434175599
ak-47,77.00598908535409
glock-18,0.0
glock-18,0.0
glock-18,125.02188492031043
glock-18,0.0
ak-47,0.0
ak-47,0.0
ak-47,0.0
ak-47,0.0
ak-47,35.88710384558197
ak-47,7.714440507942621
ak-47,0.0
ak-47,36.67536000164143
ak-47,0.0
ak-47,0.0
awp,0.0
ak-47,73.08547958445538
glock-18,44.95934713602346
ak-47,70.79691390325983
ak-47,0.0
awp,0.0
ak-47,0.0
ak-47,16.07091224403484
ak-47,50.07842482359544
ak-47,0.0
ak-47,74.66666321527383
ak-47,18.931686819716937
ak-47,0.0
ak-47,23.21021351722946
awp,0.0
ak-47,22.03427677142692
ak-47,0.0
ak-47,98.3224218627225
ak-47,6.153736480218258
ak-47,35.77282717867668
ak-47,27.621200712086072
ak-47,0.0
ak-47,24.227631995661234
ak-47,0.0
ak-47,0.0
ak-47,6.579666087221752
ak-47,11.83872995486999
awp,0.0
awp,0.0
awp,0.0
ak-47,20.549948956559188
ak-47,21.266661394083133
ak-47,52.89339393232096
ak-47,16.520038440931184
awp,0.0
ak-47,28.69535946116495
ak-47,62.0581187904104
ak-47,60.08086027268142
awp,51.27661275498802
ak-47,125.43300936768671
ak-47,8.850372961773983
mac-10,0.0
ak-47,10.12526319348317
ak-47,0.0
ak-47,36.8977439443076
ak-47,0.0
ak-47,0.0
ak-47,10.855596423491296
ak-47,39.61201099448681
glock-18,71.5064051773712
glock-18,116.36371091804003
glock-18,31.54768494069237
glock-18,9.073971902636904
ak-47,2.1636008196605956
ak-47,0.0
ak-47,0.0
ak-47,0.0
ak-47,0.0
awp,15.875254470616714
ak-47,24.24733736248007
ak-47,0.0
ak-47,0.0
ak-47,0.0
ak-47,0.0
awp,0.0
awp,7.733633171495142
glock-18,44.4418690326722
ak-47,0.0
ak-47,38.430458934255014
awp,0.0
awp,0.0
ak-47,40.81562887963193
ak-47,19.090897195713588
ak-47,0.0
ak-47,17.568234584555416
ak-47,1.2717965023957252
ak-47,0.0
ak-47,37.74877119274878
ak-47,0.0
ak-47,0.0
ak-47,0.0
ak-47,58.70237847209643
ak-47,12.2492671053083
ak-47,3.320395281578384
ak-47,47.15459186389578
ak-47,49.97448571691281
awp,0.0
awp,0.0
ak-47,25.484469321952165
awp,0.0
awp,31.435793398617857
awp,5.543011783020942
awp,7.035419787748561
awp,5.497607550320776
awp,0.0
ak-47,0.0
ak-47,10.44805817391294
awp,0.0
ak-47,59.361184879223735
awp,0.0
ak-47,0.0
ak-47,0.0
awp,0.0
ak-47,0.0
ak-47,0.0
ak-47,10.832320309747537
ak-47,6.378360890343302
ak-47,48.593273813382275
ak-47,55.33216115732191
awp,0.0
awp,0.0
ak-47,0.0
ak-47,58.511851118190954
ak-47,50.93794240229662
awp,15.364226989197537
ak-47,18.819034220184335
ak-47,14.055171701637088
awp,0.0
ak-47,0.0
awp,4.687662360104874
ak-47,11.32435105148657
ak-47,89.43333553550843
ak-47,0.920947626768211
ak-47,8.21372826621687
ak-47,0.0
ak-47,0.3467559367739794
ak-47,87.79760838174744
glock-18,0.0
glock-18,0.0
glock-18,0.0
glock-18,0.0
glock-18,82.87288677517618
mac-10,16.09646276040848
ak-47,0.0
ak-47,8.462165271489148
ak-47,0.0
ak-47,0.0
awp,8.191558049439923
awp,17.286075360111933
ak-47,0.0
ak-47,0.0
awp,5.7237757717228055
awp,0.0
ak-47,0.0
ak-47,0.0
ak-47,0.0
ak-47,0.0
ak-47,0.0
ak-47,0.0
awp,9.992330123342104
ak-47,73.10048849148914
awp,0.0
ak-47,5.926249886874499
awp,0.0
ak-47,25.704374019842188
ak-47,0.0
ak-47,7.3402846945783375
ak-47,0.0
awp,0.0
ak-47,19.361305966552695
ak-47,32.12147478019476
ak-47,0.0
glock-18,41.465952315088785
glock-18,22.996107616773255
glock-18,26.139565548128797
glock-18,42.10040347333013
glock-18,166.34848314761825
mac-10,116.23033144804528
mac-10,0.0
mac-10,0.0
mac-10,0.0
mac-10,0.0
mac-10,8.57220310163175
mac-10,29.279119901410496
ak-47,0.0
ak-47,13.526696576924463
awp,0.0
ak-47,0.0
ak-47,0.0
ak-47,54.49780972114699
ak-47,33.19969811308236
ak-47,51.30113165049123
ak-47,0.0
ak-47,15.271505565123107
ak-47,27.21962240034178
ak-47,4.706667940335923
ak-47,0.0
awp,0.0
awp,0.0
ak-47,32.88328860613987
awp,0.0
ak-47,1.2371533534376407
ak-47,5.243876701668814
ak-47,39.8929201144368
ak-47,4.607032542818208
ak-47,72.41132654183725
ak-47,9.741177362440384
ak-47,0.0
ak-47,16.351398198141347
ak-47,26.041318573970962
glock-18,52.20128185734336
ak-47,8.153688872542599
ak-47,0.0
ak-47,0.0
ak-47,0.0
ak-47,21.687763459331624
awp,8.50356277708044
ak-47,8.413979957522242
ak-47,0.0
ak-47,0.0
awp,0.0
ak-47,65.03853379228799
awp,0.0
glock-18,11.050380212456222
ak-47,17.608671852171618
ak-47,11.111602769731512
ak-47,69.52537023080474
ak-47,0.0
ak-47,0.0
awp,10.231530406540411
awp,7.255541126819488
ak-47,0.0
awp,0.828125
ak-47,0.0
ak-47,0.0
ak-47,60.66845685664988
ak-47,0.0
ak-47,17.626898930394535
awp,8.075186527874202
ak-47,0.0
ak-47,0.0
awp,2.3938907432514545
awp,10.701620170444333
awp,6.245564832593206
ak-47,0.0
ak-47,0.0
ak-47,0.0
ak-47,0.0
awp,0.0
ak-47,0.0
ak-47,0.0
awp,0.0
awp,8.0625
ak-47,0.0
ak-47,0.0
awp,8.260472570612652
glock-18,114.76603450403455
mac-10,0.0
ak-47,3.778860298588716
ak-47,0.0
ak-47,36.36183445610834
ak-47,0.0
awp,6.864232984096693
ak-47,0.0
ak-47,0.0
ak-47,0.0
ak-47,0.0
glock-18,2.5923029490260197
glock-18,0.0
mac-10,25.100451664010052
mac-10,113.35623241534778
mac-10,94.50278782079577
mac-10,154.9660530627614
ak-47,0.0
ak-47,78.65433539884613
ak-47,12.290238627275754
ak-47,34.055716146198854
ak-47,10.351636105210035
ak-47,0.0
ak-47,65.30832324646975
ak-47,0.0
mac-10,26.870572605881865
ak-47,71.84886447230716
ak-47,29.635380262887264
ak-47,37.19022466500498
ak-47,58.993537127191686
ak-47,0.0
ak-47,5.992460197347747
mac-10,231.67701723610386
ak-47,7.996703422348487
ak-47,13.378727910444589
ak-47,15.935848442950252
ak-47,129.07495195267344
mac-10,236.16374761418146
ak-47,0.0
ak-47,8.18138928279788
mac-10,102.60488111306199
ak-47,0.0
ak-47,32.69345638284267
ak-47,0.0
awp,4.314546279353137
ak-47,0.0
ak-47,0.9003721756518245
ak-47,69.81137603408531
ak-47,3.653220595814055
awp,0.0
ak-47,0.0
awp,2.941178033643322
ak-47,32.25910888299311
awp,0.8441282988154112
glock-18,157.23843197110074
glock-18,83.37292480883958
glock-18,64.4331692591731
glock-18,8.361772589690597
mac-10,0.0
ak-47,0.0
glock-18,0.0
ak-47,0.0
ak-47,24.024181892674413
ak-47,4.520029210359154
ak-47,0.0
ak-47,0.0
ak-47,0.0
ak-47,0.0
awp,4.771503407248181
ak-47,0.0
ak-47,0.0
ak-47,0.0
ak-47,0.0
ak-47,56.92627663420488
ak-47,16.89228802723071
awp,5.785087120113664
awp,3.7143658768608137
ak-47,0.0
ak-47,5.0888602365201585
awp,0.0
glock-18,49.83711015727261
awp,1.0049135680425456
awp,30.337576312593942
ak-47,46.789222003902445
ak-47,0.0
ak-47,0.0
awp,11.511397614285592
ak-47,0.0
ak-47,5.851601704975486
awp,20.157998481987367
ak-47,0.0
awp,6.776865918674207
awp,5.0943440316006345
awp,10.136859179614957
ak-47,2.7407887101206834
ak-47,214.99696809272103
ak-47,34.185717399991766
awp,6.788478690016269
ak-47,4.250684097860603
ak-47,38.032233432180185
ak-47,31.62008221666528
ak-47,0.0
awp,0.0
ak-47,25.382575789197126
awp,0.0
ak-47,0.0
glock-18,0.0
glock-18,0.0
glock-18,0.0
ak-47,21.470240613781485
ak-47,10.903374931096932
mac-10,7.391171073311793
mac-10,83.21692660689568
ak-47,0.0
ak-47,0.0
ak-47,0.0
ak-47,3.6497421029394665
mac-10,239.9992615391593
ak-47,12.864153588739835
ak-47,0.0
awp,0.0
awp,0.0
ak-47,8.776613391120062
awp,0.0
ak-47,0.0
awp,0.0
awp,0.0
awp,0.0
mac-10,152.16420739848763
ak-47,0.0
ak-47,0.0
ak-47,0.0
ak-47,0.0
awp,0.0
ak-47,0.0
ak-47,0.0
glock-18,142.3202744074783
awp,0.0
ak-47,0.0
ak-47,0.0
ak-47,0.0
ak-47,16.220682832415072
ak-47,0.0
ak-47,38.74899547301799
ak-47,0.0
ak-47,0.0
ak-47,0.0
awp,0.0
ak-47,0.0
awp,0.0
ak-47,35.80208915128669
awp,0.0
awp,0.0
ak-47,0.0
ak-47,0.0
ak-47,0.0
ak-47,0.0
ak-47,0.0
ak-47,0.0
ak-47,0.0
ak-47,1.2734909647520078
glock-18,74.45538231781364
glock-18,138.58977569000064
glock-18,0.0
glock-18,141.8870322885098
ak-47,0.0
mac-10,0.0
ak-47,45.19856365251002
ak-47,11.027213081983543
ak-47,0.0
ak-47,0.0
ak-47,0.0
ak-47,0.0
ak-47,0.0
awp,0.0
awp,0.0
ak-47,0.0
awp,0.0
mac-10,0.0
ak-47,0.0
ak-47,8.53121111964585
ak-47,6.303230353606395
ak-47,0.0
awp,0.0
ak-47,0.0
ak-47,0.0
awp,1.980495716039295
ak-47,0.0
ak-47,0.0
awp,4.6326548910796275
ak-47,0.0
ak-47,0.0
ak-47,11.8164283532438
ak-47,0.0
awp,1.050047511946007
ak-47,0.0
awp,0.7265418182541181
awp,5.7864893147610665
awp,7.107340368744697
ak-47,0.0
awp,0.0
ak-47,32.490429156558456
ak-47,0.0
ak-47,0.0
ak-47,0.0
ak-47,0.0
glock-18,0.0
glock-18,0.0
glock-18,67.45365851041149
awp,6.498312253222447
awp,5.0443563467385015
glock-18,88.31527011279918
glock-18,0.0
glock-18,0.0
glock-18,0.0
mac-10,0.0
ak-47,0.0
ak-47,0.0
ak-47,0.0
awp,0.0
ak-47,0.0
ak-47,0.0
ak-47,0.0
ak-47,0.0
ak-47,0.0
ak-47,0.0
mac-10,0.0
ak-47,32.33313769533643
ak-47,2.4652270280452875
ak-47,0.0
ak-47,12.019905859331343
ak-47,25.243313045549804
ak-47,99.1257643187549
mac-10,28.922641282899754
ak-47,0.0
ak-47,0.0
ak-47,0.0
ak-47,0.0
ak-47,29.95839450503541
ak-47,0.0
ak-47,38.196499266628955
ak-47,0.0
awp,0.0
awp,0.0
ak-47,0.0
ak-47,0.8291009991532997
ak-47,19.730500255741035
ak-47,65.41132573544652
ak-47,10.701044305374406
ak-47,3.8851932464807977
awp,0.0
ak-47,35.60808793246953
ak-47,15.792550444588139
ak-47,0.0
ak-47,24.00207271532173
awp,0.0
ak-47,0.0
awp,0.0
ak-47,0.0
ak-47,0.0
awp,0.0
ak-47,0.0
ak-47,0.0
awp,0.0
ak-47,73.10039984180148
glock-18,62.66254253860391
glock-18,55.340321093409635
glock-18,79.63962720806674
ak-47,8.777365729778895
ak-47,6.100048049807559
ak-47,0.0
ak-47,1.0944473045076222
mac-10,239.89532408856775
mac-10,17.154256491697446
ak-47,39.68148512086539
ak-47,55.153816110745055
awp,0.0
awp,0.0
ak-47,33.97006332102106
ak-47,27.72078465712751
awp,0.0
glock-18,93.38885991328057
glock-18,125.3161704574673
awp,14.673082117774745
ak-47,0.0
glock-18,0.0
glock-18,238.35410897423677
awp,0.0
awp,0.0
ak-47,0.0
ak-47,0.0
awp,0.0
ak-47,43.628003291653776
awp,26.726391125857322
ak-47,0.0
ak-47,0.0
ak-47,10.619260369945168
ak-47,0.0
awp,0.7637103210831971
awp,0.0
ak-47,0.0
ak-47,0.0
awp,2.421298352116277
ak-47,0.0
awp,10.627287602907996
ak-47,0.0
ak-47,0.0
ak-47,0.0
ak-47,0.0
ak-47,0.0
ak-47,0.0
awp,0.0
ak-47,0.0
ak-47,72.67325364378276
ak-47,14.847246429657218
awp,5.566236231438619
ak-47,15.28848603393943
awp,0.0
ak-47,24.675590481789893
ak-47,0.0
ak-47,0.0
ak-47,0.0
glock-18,15.658653140096373
glock-18,0.0
glock-18,0.0
glock-18,0.0
mac-10,0.0
ak-47,11.090806936925103
ak-47,0.0
ak-47,16.591024812407703
mac-10,32.48567196998629
ak-47,29.887168427557466
mac-10,0.0
mac-10,0.0
ak-47,0.0
ak-47,15.968360479318502
ak-47,0.6270597738342015
ak-47,6.059068577702105
ak-47,0.0
ak-47,4.421419235346045
ak-47,0.0
ak-47,67.75943512932292
ak-47,39.53304715620634
ak-47,0.0
ak-47,46.64977524437375
glock-18,0.0
glock-18,0.0
glock-18,0.0
glock-18,0.0
ak-47,0.0
ak-47,0.0
ak-47,33.66030712389305
awp,0.0
ak-47,0.0
ak-47,0.0
ak-47,0.0
awp,0.0
ak-47,0.0
ak-47,0.0
ak-47,0.0
awp,14.694712324931713
awp,0.0
ak-47,0.0
ak-47,55.05271931499466
ak-47,0.0
ak-47,1.622904855474282
ak-47,0.0
awp,0.0
ak-47,0.0
ak-47,0.0
ak-47,0.0
ak-47,0.0
ak-47,0.0
ak-47,0.0
ak-47,0.0
ak-47,0.0
ak-47,0.0
ak-47,0.0
awp,0.0
ak-47,0.0
awp,0.0
ak-47,19.065613061277208
ak-47,0.0
ak-47,0.0
ak-47,0.0
ak-47,0.0
ak-47,16.05052164821094
awp,0.0
glock-18,0.0
glock-18,21.20588863151224
ak-47,69.24858783301785
ak-47,0.0
ak-47,0.0
ak-47,0.0
ak-47,0.0
ak-47,49.46398242735161
ak-47,0.0
ak-47,0.0
awp,0.0
awp,0.0
awp,0.0
awp,0.0
awp,0.0
ak-47,45.43405992917055
ak-47,0.0
ak-47,89.37810061944617
ak-47,0.0
ak-47,0.0
ak-47,22.526976637587655
ak-47,0.0
ak-47,0.0
ak-47,0.0
ak-47,0.0
ak-47,0.0
ak-47,0.0
ak-47,0.0
glock-18,0.0
ak-47,24.170670659234673
ak-47,0.0
ak-47,0.0
ak-47,0.0
ak-47,1.6172936278394223
ak-47,14.84986756908411
ak-47,21.010280454235374
ak-47,14.435675991786598
ak-47,14.460834092688083
ak-47,39.147981542083826
ak-47,46.89514890942671
awp,0.0
awp,2.125229766989913
ak-47,0.0
ak-47,0.0
ak-47,0.0
ak-47,0.0
ak-47,41.99364314337499
awp,0.30055287596361474
ak-47,0.0
awp,0.0
ak-47,13.207087483769461
ak-47,0.0
ak-47,0.0
ak-47,0.0
ak-47,0.0
ak-47,0.0
awp,0.40625
awp,0.0
glock-18,55.07985932240192
glock-18,113.5280906369343
glock-18,112.45909195472481
glock-18,45.241305545021234
mac-10,0.0
ak-47,0.0
ak-47,0.0
mac-10,0.0
ak-47,0.0
ak-47,0.0
ak-47,0.0
ak-47,0.0
ak-47,0.0
glock-18,239.9965938261933
glock-18,189.11030445902827
glock-18,10.312795923784442
glock-18,50.360854418607886
glock-18,133.70406543258574
mac-10,0.0
mac-10,0.0
ak-47,21.523334945354588
awp,12.93309578341431
ak-47,71.97917576059623
ak-47,23.779640928953512
awp,0.0
ak-47,20.238589443296117
ak-47,0.0
ak-47,1.9286947393149076
ak-47,0.0
awp,4.012829044992572
awp,0.0
ak-47,0.0
ak-47,0.4711040463220413
awp,24.20360537765694
ak-47,72.45608520706995
ak-47,42.35132126304427
ak-47,57.75907067389766
ak-47,47.48060755035245
awp,17.954180754035647
ak-47,0.0
ak-47,0.0
awp,0.0
glock-18,34.73623951865632
awp,0.0
awp,0.0
ak-47,0.0
ak-47,0.0
ak-47,26.449777441891378
ak-47,15.022273821124285
ak-47,0.0
ak-47,38.32215792582402
ak-47,0.0
ak-47,69.09698485629072
ak-47,0.0
ak-47,68.72648159716591
ak-47,21.818727216826947
awp,0.0
awp,0.0
awp,0.0
ak-47,35.87409442654692
ak-47,24.213607703600573
ak-47,0.0
glock-18,0.0
glock-18,0.0
glock-18,0.0
glock-18,0.0
glock-18,0.0
ak-47,0.0
ak-47,0.0
ak-47,32.337778491066835
mac-10,0.0
ak-47,8.389493286573927
ak-47,2.635169909355372
ak-47,28.184040580051132
ak-47,66.74284626008406
awp,11.736698050710217
awp,16.239978929086945
ak-47,19.65322160859842
ak-47,0.0
awp,0.0
ak-47,0.0
ak-47,5.887769302160964
ak-47,0.0
ak-47,0.0
ak-47,0.0
awp,33.089106784453534
ak-47,7.180593622567774
ak-47,0.0
awp,8.362671443671873
ak-47,0.0
ak-47,0.0
awp,7.361584775192363
glock-18,81.60377783066973
ak-47,8.574446787400397
ak-47,0.0
ak-47,0.0
ak-47,0.0
ak-47,0.0
ak-47,0.0
awp,0.0
ak-47,0.0
ak-47,0.0
ak-47,0.0
ak-47,0.0
awp,0.0
ak-47,0.0
awp,0.0
awp,0.0
awp,0.0
awp,0.0
awp,0.0
ak-47,34.003071341387106
ak-47,0.0
ak-47,0.0
ak-47,0.0
ak-47,0.0
ak-47,0.0
ak-47,0.0
awp,0.0
ak-47,0.0
ak-47,0.0
ak-47,20.508812655397193
ak-47,0.0
awp,0.0
awp,0.0
ak-47,0.0
ak-47,0.0
awp,0.0
awp,0.0
ak-47,0.0
ak-47,4.586597841192969
ak-47,23.950983837826055
ak-47,6.821068143420648
ak-47,37.13447844520589
awp,0.5248352382834064
awp,0.0
ak-47,0.6992626382876466
ak-47,0.0
ak-47,15.729759155144174
awp,0.0
ak-47,73.09643436232143
ak-47,53.76446292066406
ak-47,8.52470240539727
ak-47,0.0
ak-47,0.0
ak-47,0.0
ak-47,0.0
ak-47,0.0
ak-47,0.0
ak-47,0.0
ak-47,0.0
awp,0.0
ak-47,0.0
ak-47,0.0
ak-47,83.55526665519682
ak-47,10.967576524735444
ak-47,0.0
ak-47,0.0
glock-18,102.3025559445324
ak-47,0.0
ak-47,0.0
ak-47,0.0
ak-47,0.0
ak-47,0.0
ak-47,0.0
ak-47,0.0
ak-47,0.0
ak-47,0.0
ak-47,0.0
ak-47,0.0
ak-47,0.0
ak-47,0.0
ak-47,0.0
ak-47,0.0
ak-47,0.0
ak-47,40.93757499576862
ak-47,0.0
ak-47,0.0
awp,0.0
ak-47,0.0
ak-47,15.545972451408788
ak-47,18.992139265030282
ak-47,0.0
ak-47,29.04815254049085
ak-47,70.97669435990595
ak-47,0.0
ak-47,11.05350588243246
glock-18,27.660133908072464
glock-18,6.3890959390126545
mac-10,0.0
mac-10,0.0
ak-47,18.56004576484983
ak-47,5.418181378758467
ak-47,0.0
ak-47,0.0
ak-47,202.76786512883706
ak-47,0.0
ak-47,18.275857911393956
ak-47,0.0
awp,0.0
ak-47,82.95477165675884
ak-47,0.0
ak-47,0.47346303974016807
ak-47,3.4364813108161956
ak-47,0.8584385974407255
ak-47,15.531409637886833
ak-47,0.0
ak-47,27.075003155135292
ak-47,20.038745330043596
ak-47,0.0
mac-10,36.29997229036477
glock-18,202.35018570316527
glock-18,224.56409975972886
ak-47,21.425670913776983
ak-47,0.0
awp,0.0
ak-47,0.0
ak-47,0.0
ak-47,7.712967092318494
ak-47,23.412804698030627
ak-47,0.0
ak-47,9.293953591835285
ak-47,0.0
ak-47,19.48265319206663
ak-47,0.0
awp,0.0
ak-47,48.33289120609116
ak-47,0.0
ak-47,0.0
ak-47,0.0
ak-47,0.0
ak-47,0.0
ak-47,0.0
ak-47,0.0
ak-47,21.450402306264234
ak-47,73.09642330377518
ak-47,114.62417542415722
ak-47,42.58136168890387
ak-47,23.31393027071946
ak-47,0.0
ak-47,0.0
glock-18,0.0
glock-18,118.73243781222956
glock-18,169.07701143654688
glock-18,239.9938855958675
glock-18,64.16108458708148
awp,3.63780738606719
awp,12.765024986357998
ak-47,0.0
awp,3.810594727819793
ak-47,48.54738054624929
awp,9.63338252084744
awp,0.0
awp,17.922912306156608
awp,10.637364528505405
ak-47,26.029915162279515
awp,0.0
awp,0.0
ak-47,3.564591834184666
ak-47,59.130358799229235
awp,0.0
ak-47,0.0
ak-47,0.0
ak-47,18.64156797698694
ak-47,9.444834777827985
ak-47,19.264130947643835
ak-47,54.87684260851464
ak-47,0.0
ak-47,46.036680112015944
awp,0.0
ak-47,0.0
ak-47,0.0
ak-47,0.0
ak-47,25.81855730293298
glock-18,0.0
glock-18,58.68382997875638
glock-18,0.0
awp,0.0
ak-47,0.0
ak-47,0.0
ak-47,0.0
ak-47,0.0
awp,0.0
ak-47,0.0
ak-47,32.82291469937283
awp,0.0
ak-47,40.203961472679275
awp,0.0
awp,0.0
ak-47,0.0
ak-47,51.595751588975325
ak-47,0.0
ak-47,0.0
ak-47,37.27476990261602
ak-47,9.273963612708647
ak-47,24.667232869229675
ak-47,11.433307968626972
ak-47,0.0
ak-47,0.0
ak-47,14.948609380732544
ak-47,43.662444719661096
ak-47,0.0
ak-47,69.92419853939485
ak-47,23.002448408657912
ak-47,0.0
ak-47,0.0
ak-47,0.0
ak-47,51.90104051844685
awp,0.0
ak-47,46.88787583577044
ak-47,0.0
ak-47,8.870530757509497
ak-47,28.283431024792236
ak-47,34.63969936218188
ak-47,0.0
awp,0.0
ak-47,13.966349456478884
awp,0.0
ak-47,0.0
glock-18,50.17142385945371
glock-18,238.91095725744754
glock-18,13.245950671042378
glock-18,92.8585589382575
ak-47,0.0
ak-47,0.0
ak-47,0.0
mac-10,105.97811260615326
ak-47,0.0
mac-10,77.83290463086512
awp,0.0
ak-47,68.7759885732693
ak-47,126.35582982750523
ak-47,0.0
ak-47,3.316406
ak-47,0.0
ak-47,0.0
ak-47,0.0
ak-47,0.0
ak-47,123.42248394777933
ak-47,0.0
awp,0.0
awp,0.0
ak-47,7.118901953766747
ak-47,19.946867475617417
awp,1.938507802408853
awp,0.0
ak-47,0.0
ak-47,0.0
ak-47,0.0
awp,0.0
awp,0.6558897158333862
ak-47,20.11185298631056
ak-47,0.0
ak-47,0.0
ak-47,0.0
ak-47,0.0
ak-47,0.0
ak-47,0.0
ak-47,0.0
ak-47,0.0
ak-47,0.0
ak-47,0.0
ak-47,0.0
awp,8.841119984641143
awp,17.236981178285365
ak-47,0.0
ak-47,4.376956599954013
ak-47,37.48249231891776
awp,6.333245739791407
ak-47,21.27956450070922
glock-18,0.0
ak-47,73.09268632535567
awp,18.30944007071557
ak-47,0.0
ak-47,0.0
ak-47,0.0
awp,9.140375954887196
ak-47,0.0
ak-47,0.0
ak-47,0.0
ak-47,0.0
ak-47,0.0
ak-47,0.0
ak-47,0.0
ak-47,0.0
ak-47,0.0
ak-47,25.65217882794818
ak-47,30.627002460199986
ak-47,42.57733591053988
ak-47,44.74100372145807
glock-18,0.0
glock-18,0.0
glock-18,0.0
glock-18,0.0
glock-18,0.0
mac-10,0.0
mac-10,0.0
mac-10,0.0
ak-47,0.0
ak-47,0.0
ak-47,0.0
ak-47,0.0
ak-47,0.0
ak-47,72.85509919364344
ak-47,0.0
ak-47,0.0
ak-47,0.0
ak-47,0.0
ak-47,0.0
ak-47,5.189317035311006
awp,0.0
awp,4.180960100539708
ak-47,0.0
awp,6.769842644020982
awp,0.5071662455112721
awp,0.0
awp,0.0
awp,0.0
ak-47,0.0
awp,22.768248996512405
ak-47,7.070072819124638
awp,0.0
awp,10.087659539040065
ak-47,28.8068566331865
awp,9.440853958815378
awp,22.109752615569445
mac-10,42.969518871200556
mac-10,4.624098839155149
ak-47,4.931254951577843
ak-47,0.0
ak-47,0.0
glock-18,186.63366097344425
glock-18,98.82228233695162
glock-18,17.158325655488795
glock-18,228.27003075821293
mac-10,132.73915700824134
mac-10,49.5088699834986
mac-10,81.60145236023563
mac-10,118.31183181710915
ak-47,0.0
awp,0.0
ak-47,0.0
awp,0.0
awp,0.0
awp,0.0
ak-47,0.0
ak-47,0.0
ak-47,30.7836305424613
ak-47,9.469168855009821
ak-47,0.0
awp,0.0
ak-47,47.506768713084796
ak-47,32.59549648095337
ak-47,0.0
ak-47,12.839180950188373
ak-47,0.0
ak-47,20.402378712108668
ak-47,0.0
ak-47,0.0
awp,0.0
ak-47,0.0
awp,0.0
mac-10,85.56884853318363
ak-47,0.0
awp,0.0
awp,0.0
awp,0.0
glock-18,129.98526299008125
glock-18,0.0
ak-47,0.0
ak-47,24.859243730247385
ak-47,0.0
ak-47,22.561771321595497
ak-47,59.07395739951611
ak-47,69.70061341815571
ak-47,0.0
ak-47,0.0
ak-47,0.0
ak-47,0.0
ak-47,0.0
awp,5.630515109858422
awp,1.0098392895035329
ak-47,0.0
ak-47,40.87832422928956
ak-47,164.27872900635776
ak-47,0.0
ak-47,28.079526606662814
awp,0.0
awp,15.21384363186003
ak-47,0.0
ak-47,73.0033979335315
ak-47,0.0
ak-47,0.0
awp,0.0
awp,0.0
ak-47,0.0
ak-47,0.0
ak-47,0.0
ak-47,10.783433479446703
ak-47,0.0
ak-47,0.0
ak-47,36.493188761146236
awp,0.0
ak-47,0.0
ak-47,0.0
ak-47,0.0
ak-47,0.0
ak-47,0.0
ak-47,0.0
ak-47,0.0
ak-47,0.0
ak-47,6.107640939007794
glock-18,0.0
glock-18,0.0
glock-18,0.0
glock-18,0.0
mac-10,110.13282088018696
ak-47,25.61163309297572
awp,33.99624433531225
ak-47,32.98626653563512
ak-47,30.95880993137798
ak-47,47.560097672576326
ak-47,44.61599441499284
mac-10,61.9291133186905
awp,25.128683898805445
awp,0.0
ak-47,40.79116132678329
ak-47,43.876289258022375
awp,1.3640365475767136
ak-47,21.34010273192971
ak-47,32.39179704222969
awp,0.0
awp,0.0
awp,0.0
ak-47,1.8130523702356203
ak-47,1.7562113092797234
ak-47,0.0
awp,0.0
ak-47,0.0
ak-47,0.0
ak-47,0.0
ak-47,0.0
ak-47,0.0
ak-47,5.042260582732709
ak-47,10.613855042687742
ak-47,0.0
awp,0.0
awp,0.0
glock-18,21.47564303688346
glock-18,0.0
ak-47,0.0
ak-47,0.0
ak-47,0.0
ak-47,14.184897594711813
glock-18,24.447930324415214
ak-47,8.153414329321551
ak-47,26.25171427839881
ak-47,0.0
ak-47,0.0
ak-47,59.71349681702779
ak-47,67.69693488881047
ak-47,40.18415344843273
ak-47,8.512421304186077
awp,8.123002455832511
awp,7.495810127451001
awp,0.0
glock-18,5.75
glock-18,7.79934130876358
glock-18,98.86169143405915
ak-47,74.09871379136199
ak-47,55.504208084160105
ak-47,2.9793519591817277
ak-47,69.56430043155217
ak-47,152.38044979574914
ak-47,132.74204492849958
ak-47,6.998562492395206
ak-47,2.0533092247542744
awp,0.0
ak-47,1.250024410699247
ak-47,12.781801155073099
ak-47,30.86813776663063
awp,0.0
awp,0.0
ak-47,0.0
ak-47,23.45593724236934
awp,0.0
ak-47,0.0
ak-47,0.0
ak-47,0.0
ak-47,0.0
ak-47,0.0
ak-47,48.108083471621484
awp,1.9382596655961761
ak-47,0.0
ak-47,0.0
ak-47,47.05778881917217
ak-47,0.0
awp,0.0
ak-47,0.0
ak-47,0.0
ak-47,0.0
awp,0.0
awp,17.18239777549597
ak-47,45.808594166528096
awp,0.0
awp,0.0
awp,11.141964861749878
ak-47,0.0
ak-47,0.0
ak-47,0.0
ak-47,0.0
awp,3.7183255229116234
ak-47,59.88451806696206
ak-47,1.094149473812879
awp,16.090723319761764
glock-18,98.5453555486506
glock-18,30.774204488569595
glock-18,118.97399750949226
awp,1.9945947796384607
awp,0.0
ak-47,32.99227602450828
ak-47,20.884251222325116
awp,0.0
ak-47,25.036552036082544
ak-47,18.386748210752902
ak-47,0.0
ak-47,0.0
awp,0.0
ak-47,7.43179533473985
awp,8.407533475729014
mac-10,0.0
mac-10,0.0
awp,22.553601188833703
ak-47,37.16531135504165
ak-47,2.817400245017559
ak-47,22.641127940152273
awp,0.0
ak-47,6.137588209333043
ak-47,58.704280531952435
ak-47,15.240207865869875
ak-47,1.3532625713219884
ak-47,0.0
ak-47,0.0
ak-47,7.202858220385085
awp,0.0
ak-47,0.0
ak-47,7.048057545733363
ak-47,0.0
ak-47,24.02623586343947
ak-47,34.500555503906384
awp,0.0
ak-47,73.09257855191038
ak-47,0.0
glock-18,231.0917332217186
glock-18,0.0
glock-18,0.0
ak-47,0.0
ak-47,0.0
ak-47,38.28349802072853
ak-47,18.057471185772386
ak-47,0.0
ak-47,41.37658725240942
ak-47,0.0
ak-47,0.0
ak-47,23.15541852007525
ak-47,15.317016185987303
ak-47,0.0
ak-47,14.682938082361751
awp,0.0
awp,0.0
ak-47,58.713743090741424
ak-47,0.0
ak-47,0.0
ak-47,0.0
ak-47,65.58378940020044
ak-47,12.599934499922767
ak-47,15.612878834694003
ak-47,31.43909640249651
ak-47,6.532543678994347
ak-47,25.182031160379122
ak-47,25.187501211460894
ak-47,8.335287156859385
ak-47,0.0
ak-47,43.25452977091677
ak-47,66.70579133520755
ak-47,61.856572486718726
awp,0.0
ak-47,0.0
ak-47,0.0
ak-47,18.523699452491936
ak-47,15.1367867942019
ak-47,0.0
ak-47,11.733159914952322
ak-47,48.898936154391436
ak-47,0.0
ak-47,0.0
ak-47,0.0
ak-47,7.109482311003313
awp,0.0
ak-47,18.433283764849634
ak-47,0.0
awp,0.0
glock-18,0.0
glock-18,135.14204342738964
glock-18,114.6988775861876
glock-18,26.22552471077498
glock-18,70.61470645395423
ak-47,20.817814196076014
ak-47,0.0
awp,10.589506202477292
ak-47,8.488569614004295
ak-47,0.0
ak-47,2.7620698859167194
ak-47,73.09388527403044
ak-47,18.36981271966236
awp,2.6805529710246354
ak-47,0.0
awp,12.190920369683374
ak-47,0.0
ak-47,0.0
ak-47,0.0
ak-47,0.0
ak-47,0.0
ak-47,0.0
ak-47,0.0
ak-47,0.0
ak-47,0.0
ak-47,0.0
awp,0.0
glock-18,81.6044269788286
glock-18,235.40782021699988
ak-47,2.9928406702235253
ak-47,0.0
ak-47,0.0
ak-47,41.48589039134269
awp,15.31353010144849
awp,3.155805769480752
ak-47,13.242187200000007
awp,4.288328905842928
ak-47,0.0
awp,33.82010595048024
awp,8.193461570056943
ak-47,172.0936879883105
ak-47,27.867928283117298
ak-47,30.36629628168684
ak-47,0.0
ak-47,25.771053437207957
awp,5.373327880874291
ak-47,0.0
awp,9.646141174055302
ak-47,0.0
ak-47,0.0
ak-47,0.0
awp,8.162638927664753
awp,0.0
ak-47,0.0
ak-47,0.0
ak-47,3.1533479851778172
awp,0.0
glock-18,0.0
glock-18,0.0
glock-18,0.0
ak-47,0.0
ak-47,0.0
ak-47,0.0
awp,0.0
ak-47,0.0
awp,0.0
awp,0.0
ak-47,46.205305946581376
awp,0.0
awp,0.0
glock-18,25.829743803909206
glock-18,0.0
glock-18,0.0
glock-18,0.0
ak-47,47.434398331982536
ak-47,0.0
ak-47,0.0
ak-47,0.0
glock-18,0.0
glock-18,239.9947502007124
ak-47,0.40330993335646964
awp,0.3816145695436693
awp,34.43243958919995
ak-47,0.0
awp,11.27759203160187
awp,18.66628795328182
awp,9.040774663847175
ak-47,0.0
ak-47,0.0
ak-47,15.008008104919988
ak-47,0.0
ak-47,0.0
ak-47,0.0
ak-47,0.0
ak-47,0.0
awp,5.756790903518731
ak-47,43.00429332086907
ak-47,37.98117402185095
awp,0.0
ak-47,41.250002959280195
ak-47,0.0
ak-47,0.0
ak-47,14.615400322599584
ak-47,44.563437428034476
awp,9.177408353009088
awp,6.072096946535439
ak-47,9.814021877201466
awp,0.0
awp,0.0
ak-47,23.46004761896659
ak-47,0.0
glock-18,136.2342525836001
glock-18,225.99983659848732
glock-18,75.87033736803761
glock-18,144.9128302389485
glock-18,59.29541297051306
ak-47,58.870598352810795
awp,12.106108430380301
awp,9.729155769141792
ak-47,4.253741951987802
awp,2.2091070618802067
ak-47,7.874569955628307
ak-47,30.84588911792925
ak-47,0.0
awp,17.31546291692324
awp,0.0
ak-47,0.0
awp,43.17996687534011
awp,20.534255418704277
ak-47,6.482868800972684
ak-47,73.10205047374905
glock-18,0.0
glock-18,0.0
ak-47,0.0
glock-18,0.0
glock-18,0.0
glock-18,0.0
glock-18,9.318228222208985
mac-10,0.0
ak-47,13.014746385223187
awp,0.0
awp,0.0
ak-47,0.0
mac-10,0.0
ak-47,0.0
ak-47,10.424047264243768
awp,0.0
ak-47,24.35663176068452
ak-47,10.018880992386325
awp,0.0
ak-47,0.0
ak-47,66.46211804302979
ak-47,0.0
awp,0.0
awp,0.0
ak-47,0.0
ak-47,0.0
ak-47,0.0
ak-47,0.0
ak-47,0.0
ak-47,0.0
ak-47,0.0
ak-47,0.0
ak-47,0.0
ak-47,0.0
ak-47,19.150137942143523
ak-47,0.0
ak-47,0.7859624051721558
awp,0.0
awp,0.0
ak-47,8.119760174055635
ak-47,13.081545036528562
awp,0.0
ak-47,0.0
ak-47,0.0
ak-47,0.0
ak-47,11.582383663483308
ak-47,4.51630077123413
ak-47,0.0
ak-47,0.0
ak-47,13.49870723465162
glock-18,155.74383797250616
glock-18,0.0
ak-47,0.0
awp,2.044817074260678
ak-47,73.09457166062333
ak-47,40.6565702423014
awp,33.84621565181916
ak-47,20.227345772662215
ak-47,0.0
awp,0.0
awp,0.0
ak-47,0.0
ak-47,0.0
ak-47,0.0
ak-47,0.0
ak-47,0.0
ak-47,0.0
ak-47,0.0
ak-47,69.23136250391993
ak-47,0.0
awp,0.0
ak-47,0.0
ak-47,21.040271309545822
awp,0.0
awp,0.0
awp,0.0
awp,0.0
awp,6.023540593718947
awp,0.0
awp,0.0
awp,10.305409922364515
awp,0.0
awp,0.0
ak-47,0.0
glock-18,0.0
glock-18,98.84330666313821
ak-47,27.04385371757252
ak-47,0.0
mac-10,230.5749531057308
ak-47,30.128043925621522
ak-47,0.0
ak-47,0.0
ak-47,97.27605375833727
awp,0.0
awp,6.873882323282528
ak-47,0.0
ak-47,10.355481821981101
ak-47,0.0
ak-47,0.0
glock-18,11.185640494817317
ak-47,42.08430562989707
ak-47,0.0
awp,7.708717749078701
ak-47,0.0
ak-47,2.6781303457570917
ak-47,32.09668000115713
ak-47,77.55275027473111
ak-47,0.0
ak-47,15.91212167006553
awp,0.0
ak-47,24.50311384070655
ak-47,0.0
ak-47,0.0
ak-47,0.0
ak-47,0.0
ak-47,0.0
awp,0.0
ak-47,0.0
awp,0.0
awp,10.122542767992831
awp,15.147261100273013
awp,0.0
awp,0.0
ak-47,176.90883954447185
glock-18,15.177758717270741
glock-18,0.0
glock-18,0.0
glock-18,0.0
mac-10,23.65561529036235
mac-10,51.2510116600608
mac-10,66.95203288199134
ak-47,25.348179052220456
ak-47,104.67614722735216
ak-47,16.616186573639574
ak-47,37.21501399368009
mac-10,0.0
mac-10,0.0
ak-47,8.367798
ak-47,21.38498816845763
ak-47,0.0
awp,21.21847694428045
awp,4.254227160186559
ak-47,0.0
ak-47,0.0
ak-47,62.024919159111654
ak-47,0.0
ak-47,0.0
awp,0.0
awp,0.0
ak-47,37.59282425293763
awp,0.0
ak-47,0.0
ak-47,30.92243998231642
ak-47,63.18674037713375
ak-47,0.0
awp,7.611935641924267
ak-47,35.258978216367886
ak-47,0.0
ak-47,0.0
ak-47,0.0
glock-18,2.111634558070122
glock-18,6.614069443653355
glock-18,0.0
glock-18,12.556017061677043
glock-18,0.0
mac-10,0.0
ak-47,39.21356087248141
ak-47,79.22580479296822
ak-47,0.0
ak-47,17.4311216262024
ak-47,26.84085895309321
ak-47,0.0
ak-47,0.0
ak-47,0.0
ak-47,11.975910149226404
awp,0.0
ak-47,16.87406135453703
ak-47,12.957470898668614
awp,0.0
ak-47,0.0
ak-47,8.351668715333961
awp,0.0
ak-47,71.00675857625521
ak-47,9.33096428732047
ak-47,23.422489527691223
ak-47,50.62111597612175
awp,0.0
ak-47,19.190464449336552
ak-47,23.415230319224793
awp,0.0
ak-47,61.17764436931364
ak-47,4.281366057819046
ak-47,38.72664513092607
ak-47,44.57882232462614
ak-47,0.0
ak-47,0.0
ak-47,0.0
ak-47,0.0
ak-47,0.0
ak-47,108.85501439988809
ak-47,25.167003421436572
awp,0.0
ak-47,64.26619298736968
ak-47,0.0
ak-47,18.386882016052013
ak-47,50.02981358630541
awp,0.0
glock-18,74.20028371567932
glock-18,0.0
glock-18,0.0
ak-47,77.7765690747732
ak-47,0.0
ak-47,0.0
ak-47,11.360828580140799
ak-47,56.01627597448625
awp,0.0
ak-47,0.0
ak-47,24.45130081197033
ak-47,0.0
awp,0.0
ak-47,44.465132064425894
ak-47,7.691563966450516
ak-47,16.180127665518
ak-47,0.0
ak-47,0.0
ak-47,0.0
ak-47,51.75322788993305
ak-47,8.495276944012419
ak-47,0.0
glock-18,0.0
glock-18,40.75003141246872
ak-47,0.0
ak-47,0.0
ak-47,0.0
ak-47,0.0
ak-47,0.0
awp,0.0
ak-47,0.0
ak-47,0.0
awp,0.0
ak-47,0.0
ak-47,0.0
ak-47,0.0
ak-47,0.0
ak-47,0.0
ak-47,21.132924610302215
awp,0.0
awp,0.0
awp,0.0
awp,0.0
awp,0.0
ak-47,110.27576874857796
awp,0.0
awp,0.0
awp,0.0
ak-47,0.0
ak-47,0.0
ak-47,0.0
ak-47,0.0
ak-47,0.0
ak-47,0.0
ak-47,0.0
ak-47,0.0
awp,0.0
awp,0.0
awp,0.0
ak-47,0.0
awp,0.0
ak-47,0.0
ak-47,0.0
ak-47,0.0
ak-47,0.0
ak-47,0.0
ak-47,0.0
ak-47,36.451000889786116
glock-18,0.0
glock-18,0.0
glock-18,239.99795293804672
glock-18,0.0
glock-18,195.25515337805865
mac-10,0.0
ak-47,0.0
mac-10,0.0
ak-47,0.0
ak-47,0.0
mac-10,0.0
ak-47,0.0
ak-47,0.0
ak-47,0.0
ak-47,0.0
glock-18,0.0
glock-18,0.0
glock-18,50.67469227698564
glock-18,54.33172133742226
ak-47,37.60216024914452
ak-47,8.536013436647403
ak-47,0.0
mac-10,0.0
ak-47,0.0
ak-47,4.208277290258924
ak-47,0.37896713557246625
ak-47,6.426625792734006
ak-47,0.0
ak-47,0.0
ak-47,0.0
awp,0.0
ak-47,63.17277190588094
ak-47,0.0
ak-47,0.0
ak-47,0.0
ak-47,0.0
awp,0.0
ak-47,16.811122578217198
ak-47,23.218997392167065
glock-18,45.35115807851548
awp,0.0
ak-47,0.0
awp,3.5289152093367164
ak-47,0.0
ak-47,38.76187961097328
ak-47,0.0
ak-47,36.98188502780405
ak-47,66.72561380272636
ak-47,0.0
ak-47,0.0
ak-47,0.0
ak-47,7.738938337384787
awp,0.0
awp,0.0
awp,0.0
awp,0.0
ak-47,13.411186637810241
ak-47,5.254520826601413
ak-47,43.44407260803781
awp,0.0
awp,0.0
awp,9.63899829585004
awp,0.0
ak-47,4.301691414931689
ak-47,0.0
ak-47,11.791291816843522
ak-47,0.0
glock-18,0.0
glock-18,0.0
glock-18,0.0
glock-18,0.0
ak-47,0.0
ak-47,0.0
mac-10,126.67497917176749
mac-10,17.847670724578293
ak-47,0.0
ak-47,0.0
awp,0.0
awp,0.0
awp,0.0
awp,0.0
awp,0.0
ak-47,93.26324008924597
mac-10,0.0
awp,4.307770277721991
ak-47,0.0
ak-47,0.0
ak-47,9.55530096839864
ak-47,21.00963406362198
ak-47,9.248023956320615
ak-47,17.437343111049373
ak-47,7.0200992800917
glock-18,0.0
glock-18,0.0
ak-47,0.0
ak-47,0.0
ak-47,0.0
ak-47,0.0
ak-47,0.0
ak-47,0.0
ak-47,0.0
awp,0.0
awp,0.0
ak-47,0.0
ak-47,23.105790932517067
ak-47,64.32418696299364
ak-47,39.20978186409399
awp,0.0
ak-47,35.54965417718136
ak-47,34.6041443168639
ak-47,43.04896957997323
ak-47,0.0
ak-47,6.5445418178223145
ak-47,32.19717029631399
ak-47,27.234018371154505
ak-47,11.680495541739058
ak-47,3.533161694434745
ak-47,45.009916442101954
ak-47,24.483821587555525
ak-47,25.779000848861948
glock-18,0.0
glock-18,0.0
glock-18,0.0
glock-18,0.0
glock-18,0.0
mac-10,38.71417504618736
mac-10,0.0
glock-18,236.12082048411062
ak-47,0.0
mac-10,239.9996324321399
ak-47,0.0
mac-10,106.32028907428649
ak-47,0.0
ak-47,0.0
ak-47,0.0
ak-47,0.0
ak-47,0.0
ak-47,36.30486486534036
ak-47,12.415820065167866
ak-47,43.58226270330447
ak-47,0.0
ak-47,0.0
ak-47,0.0
ak-47,0.0
ak-47,23.239796358092836
ak-47,0.0
ak-47,30.445411734826727
awp,39.73302130268782
ak-47,7.37776729305479
awp,0.0
ak-47,64.50564399988457
ak-47,22.66292855330716
ak-47,14.989948998301495
mac-10,97.89843831168702
awp,9.101870503801347
ak-47,0.0
ak-47,0.0
ak-47,0.0
ak-47,0.0
ak-47,31.110349200712033
ak-47,0.0
mac-10,81.55074590166045
ak-47,26.778697369597722
mac-10,0.0
ak-47,0.0
ak-47,0.0
glock-18,17.759394538305294
ak-47,0.0
ak-47,32.43762394262866
ak-47,0.0
glock-18,0.0
glock-18,0.0
glock-18,0.0
glock-18,0.0
glock-18,68.25692985825546
mac-10,116.41486840942689
ak-47,98.12904549781629
ak-47,0.0
ak-47,0.0
ak-47,0.0
ak-47,29.919496642406287
mac-10,224.57351371912438
ak-47,2.070625801529818
mac-10,235.36301302003082
mac-10,50.76071605446781
ak-47,21.720688987187422
ak-47,5.422305276694774
ak-47,0.0
ak-47,28.35632458160514
ak-47,0.0
ak-47,0.0
ak-47,0.0
ak-47,0.0
awp,0.0
awp,0.0
ak-47,125.14330652224008
ak-47,73.40463944041078
ak-47,0.0
ak-47,0.0
ak-47,0.0
ak-47,0.0
awp,0.0
ak-47,0.0
ak-47,0.0
awp,0.0
ak-47,65.64221616917413
ak-47,8.182646202005069
ak-47,0.0
ak-47,0.0
ak-47,0.0
ak-47,0.0
ak-47,0.0
ak-47,0.0
ak-47,0.0
awp,0.0
glock-18,0.0
glock-18,0.0
ak-47,0.0
ak-47,0.0
ak-47,0.0
ak-47,0.0
awp,0.0
ak-47,0.0
ak-47,24.6242058511499
ak-47,0.0
awp,0.0
ak-47,80.40317637603299
ak-47,0.0
ak-47,0.0
ak-47,38.87218211159734
awp,0.0
glock-18,0.0
glock-18,0.0
glock-18,83.43319320303334
glock-18,0.0
ak-47,0.0
ak-47,0.0
ak-47,0.0
ak-47,0.0
ak-47,0.0
awp,0.46128471138874744
ak-47,0.0
ak-47,53.433402567142814
awp,16.28521574782247
ak-47,13.76461186066665
ak-47,0.0
awp,7.703632082701315
ak-47,0.0
ak-47,0.0
ak-47,0.0
ak-47,0.0
awp,18.04784899969038
awp,43.10814759587172
awp,0.0
ak-47,9.972709104986718
awp,20.767614736072318
ak-47,0.0
ak-47,0.0
ak-47,0.0
ak-47,0.0
awp,0.0
awp,0.0
awp,14.131534126815248
awp,0.0
ak-47,18.403644601150855
ak-47,0.0
ak-47,0.0
ak-47,18.767677375875817
ak-47,0.0
ak-47,0.0
ak-47,61.48030690668227
ak-47,0.0
glock-18,121.58332987509277
glock-18,42.435245805281816
glock-18,0.0
glock-18,232.52203468137637
ak-47,0.0
mac-10,55.639315092211724
ak-47,46.36822021035082
ak-47,18.67452673364241
ak-47,32.695858271609694
ak-47,73.09995345260118
ak-47,213.82625143054779
ak-47,0.0
ak-47,0.0
awp,0.0
ak-47,0.0
ak-47,23.067097689128666
awp,0.0
mac-10,0.0
ak-47,0.0
ak-47,0.0
ak-47,0.0
ak-47,0.0
ak-47,0.0
awp,1.8599823661379158
ak-47,0.0
ak-47,0.0
ak-47,0.0
ak-47,0.0
awp,0.0
glock-18,0.0
ak-47,0.0
ak-47,0.0
awp,0.0
ak-47,58.09155661720523
ak-47,51.69278332168785
awp,0.0
awp,6.5639807589828445
ak-47,0.0
ak-47,0.0
awp,0.0
glock-18,63.796285571215044
glock-18,15.262210952180718
glock-18,10.643747808829792
glock-18,0.0
ak-47,0.32821798087399173
ak-47,9.363514423932287
ak-47,1.2862414935337765
ak-47,14.242761994447179
mac-10,0.0
mac-10,0.0
ak-47,58.70148649110499
ak-47,0.0
ak-47,0.0
ak-47,0.0
ak-47,7.484321631774119
awp,6.501323297390155
ak-47,0.0
awp,14.1589707283037
ak-47,109.93734888151833
ak-47,12.448063608943562
awp,34.473170903378545
ak-47,41.75452067257724
ak-47,33.00960267565619
ak-47,10.610809080532267
ak-47,8.519336920353602
ak-47,25.96231079919852
ak-47,5.4717638558636645
ak-47,42.51978227561408
ak-47,42.24358653795679
ak-47,10.39207335375593
ak-47,0.0
ak-47,48.30967190614823
awp,0.0
ak-47,0.0
ak-47,15.818819616653101
ak-47,0.0
ak-47,0.0
ak-47,82.88486666292266
ak-47,0.0
awp,0.0
ak-47,0.0
awp,0.0
glock-18,67.62704449999784
awp,0.0
ak-47,13.075061617438175
ak-47,27.579812597302833
awp,0.0
awp,0.0
ak-47,10.892262984335348
glock-18,186.03676459140723
glock-18,83.93282688696542
glock-18,116.97102594449122
glock-18,48.979291459750314
glock-18,48.45063446847173
ak-47,37.76532531340547
ak-47,28.183153251183374
ak-47,0.0
ak-47,0.5037853188224126
ak-47,22.38244967993461
awp,0.0
awp,0.0
ak-47,20.28720338459614
ak-47,6.979081267605644
ak-47,0.0
ak-47,50.07539531497652
ak-47,17.11000305396922
ak-47,0.0
awp,11.401957815004272
ak-47,37.67172129556908
ak-47,14.58806546110419
ak-47,17.24779424563744
ak-47,131.355469
ak-47,0.0
ak-47,0.0
ak-47,13.212552928842365
awp,0.0
ak-47,12.846916679420358
awp,3.3361319795477216
ak-47,21.807249177161363
ak-47,4.011787466305387
ak-47,24.36071451145358
awp,0.0
ak-47,16.862013593696958
awp,0.0
awp,0.0
ak-47,20.622769990706875
ak-47,0.0
awp,0.0
ak-47,21.905533192261174
awp,3.9068827522519793
ak-47,0.0
ak-47,0.0
awp,0.0
ak-47,56.571129913364864
ak-47,0.0
ak-47,0.0
ak-47,0.0
ak-47,0.0
awp,8.220981808904822
ak-47,69.82217374734682
awp,12.52369823886399
ak-47,0.0
awp,0.8825708850783601
ak-47,49.01973923628082
awp,15.242283392830092
ak-47,0.0
ak-47,22.870010812043116
ak-47,22.493803144711322
ak-47,17.74098292916627
ak-47,14.307941731552656
ak-47,6.260227368870957
awp,0.0
ak-47,0.0
ak-47,51.17892405165393
ak-47,0.0
ak-47,23.599165880117564
awp,0.0
ak-47,19.72879841058715
ak-47,9.508364277333351
ak-47,19.16063516129306
ak-47,30.466963186693484
ak-47,23.03258569547362
ak-47,28.872168954153548
ak-47,32.26172689774689
ak-47,72.27938529545547
ak-47,8.983215266779316
ak-47,214.78604673246343
glock-18,0.0
glock-18,37.217133374367634
ak-47,0.0
awp,0.0
ak-47,47.30731953239207
mac-10,0.0
ak-47,17.833370805436083
ak-47,12.09763543851132
awp,0.0
ak-47,0.0
ak-47,0.0
ak-47,0.0
ak-47,26.111418371828677
awp,0.0
ak-47,0.0
ak-47,0.0
awp,0.0
awp,0.0
ak-47,0.0
ak-47,0.0
awp,0.0
ak-47,0.0
ak-47,0.0
ak-47,0.0
mac-10,0.0
mac-10,0.0
mac-10,0.0
glock-18,81.59668102383496
mac-10,0.0
mac-10,0.0
mac-10,0.0
mac-10,0.0
ak-47,0.0
ak-47,0.0
ak-47,0.0
ak-47,0.0
ak-47,0.0
awp,0.0
awp,0.0
ak-47,0.0
ak-47,0.0
ak-47,73.09632107953385
glock-18,147.42226296241677
ak-47,30.29194022904185
ak-47,0.0
awp,0.0
glock-18,0.0
glock-18,0.0
glock-18,0.0
ak-47,0.0
ak-47,0.0
ak-47,0.0
ak-47,0.0
ak-47,0.0
ak-47,0.0
ak-47,0.0
ak-47,0.0
ak-47,0.0
ak-47,0.0
ak-47,0.0
ak-47,1.0904598616918462
ak-47,0.0
ak-47,0.0
ak-47,0.0
ak-47,0.0
glock-18,0.0
ak-47,0.0
ak-47,0.0
glock-18,0.0
ak-47,61.58512224515895
ak-47,0.0
ak-47,22.620925507845207
ak-47,117.95353345430338
glock-18,94.95798693820056
glock-18,8.265436956982008
glock-18,0.0
glock-18,146.0798531157809
glock-18,0.0
ak-47,1.5722011562093445
ak-47,73.10352916626186
ak-47,10.028585291272941
ak-47,19.77449802793578
ak-47,0.0
ak-47,0.0
ak-47,56.464340844707856
ak-47,0.0
ak-47,6.459011653045689
ak-47,34.861619017012174
ak-47,37.55790008907029
awp,6.136929101343929
ak-47,0.0
ak-47,9.98440250993864
ak-47,28.13389736341599
ak-47,0.0
ak-47,0.0
ak-47,0.0
ak-47,0.0
ak-47,0.0
ak-47,0.0
ak-47,3.9374161224945476
ak-47,10.133256115722922
ak-47,39.53875020182683
ak-47,46.062696315293586
ak-47,39.01476838690934
ak-47,0.0
ak-47,0.0
ak-47,3.758210036664795
ak-47,13.070153450915143
awp,7.699171177538852
ak-47,17.857246805339198
ak-47,0.0
ak-47,0.0
ak-47,0.0
awp,0.0
awp,0.0
ak-47,49.66341906358201
ak-47,0.0
awp,58.868866639356526
ak-47,0.0
awp,0.8371416350821407
ak-47,0.0
awp,7.861600081398442
ak-47,27.17919524410515
ak-47,38.095155849199585
ak-47,0.0
ak-47,18.379664641658835
ak-47,24.0481622535374
ak-47,24.86731657135448
glock-18,0.0
ak-47,29.064751256891913
ak-47,9.995812111360687
ak-47,0.0
ak-47,0.0
glock-18,0.0
glock-18,0.0
glock-18,0.0
glock-18,14.583063206586775
ak-47,0.0
ak-47,48.43106958872826
ak-47,0.0
ak-47,0.0
ak-47,1.9166113559728273
ak-47,33.98724844174099
ak-47,16.623471570337077
ak-47,0.4713634054113662
awp,11.472294722257443
ak-47,5.084822451404277
ak-47,70.91304452544107
ak-47,0.0
awp,14.355090229839588
mac-10,31.77490932377589
ak-47,54.895719678882976
awp,0.0
ak-47,0.0
ak-47,0.0
ak-47,0.0
glock-18,0.0
ak-47,0.0
ak-47,0.0
ak-47,0.0
ak-47,0.0
ak-47,0.0
ak-47,0.0
awp,3.2019533729184753
ak-47,0.0
awp,0.0
awp,0.0
ak-47,13.14402704103537
ak-47,0.0
awp,0.0
awp,0.0
ak-47,0.0
awp,0.0
awp,0.11568026973084045
ak-47,0.0
ak-47,43.532174129795045
ak-47,0.0
ak-47,0.0
glock-18,225.451617732164
glock-18,0.0
glock-18,0.0
ak-47,26.50573229199603
awp,9.602163858392961
awp,20.256007622426612
awp,31.041997052596795
ak-47,0.0
glock-18,81.5925127371723
ak-47,0.0
awp,14.766555788354506
ak-47,0.0
ak-47,0.0
ak-47,0.0
awp,9.875012361542895
awp,0.0
ak-47,72.91217802632647
ak-47,0.0
ak-47,40.32240491780555
ak-47,11.016544731107844
ak-47,0.0
mac-10,0.0
ak-47,0.0
ak-47,0.0
ak-47,0.0
ak-47,0.0
ak-47,0.0
ak-47,0.0
ak-47,55.080466404098004
ak-47,0.0
ak-47,0.0
ak-47,0.0
ak-47,0.0
ak-47,0.0
glock-18,108.23296091639769
glock-18,61.227490371078936
ak-47,0.0
ak-47,5.158927475858912
ak-47,32.87471701897799
ak-47,20.22626540403186
ak-47,0.0
ak-47,0.0
ak-47,0.0
ak-47,46.74797771519179
ak-47,45.050003578103585
ak-47,1.656260122536916
ak-47,68.88397829655283
ak-47,0.0
ak-47,19.360137949050106
glock-18,0.0
ak-47,0.0
mac-10,0.0
ak-47,0.0
ak-47,0.0
ak-47,0.0
ak-47,17.197068342742636
ak-47,0.0
ak-47,0.0
ak-47,14.602541483734262
ak-47,0.0
ak-47,39.15013040044083
ak-47,0.0
ak-47,8.717158584319778
ak-47,24.007299415604184
ak-47,18.504927853105208
ak-47,0.0
ak-47,2.309184795110387
ak-47,72.14301253629834
ak-47,0.0
awp,0.0
ak-47,0.0
ak-47,16.924430041524854
ak-47,16.978516411372638
ak-47,18.852556543771033
ak-47,0.0
awp,0.0
awp,0.0
ak-47,0.0
ak-47,35.25734773349986
ak-47,66.94848838962871
awp,0.0
awp,0.0
ak-47,71.85154744155503
glock-18,90.29010311543941
glock-18,42.307954265741806
glock-18,95.48904851539132
glock-18,166.05910827595773
glock-18,206.992188
mac-10,28.468767151476722
mac-10,142.62615638307483
ak-47,48.12912039604173
mac-10,128.72216111670394
mac-10,42.97311090211493
mac-10,106.28518680938313
mac-10,239.99818569397996
mac-10,63.580620904490424
ak-47,20.641176332814563
awp,0.0
ak-47,0.0
ak-47,0.0
ak-47,21.30560040632803
ak-47,27.12916390361697
ak-47,5.9922754943832475
ak-47,0.0
ak-47,68.62233352344647
awp,55.36715316052096
ak-47,52.821151188629244
ak-47,0.0
awp,0.0
ak-47,36.20109106675632
ak-47,0.0
ak-47,20.528954875522768
awp,0.0
ak-47,108.57517931451777
ak-47,79.19007525659003
ak-47,19.598461930842635
ak-47,0.0
ak-47,0.0
glock-18,45.71785062456971
ak-47,0.0
ak-47,0.0
ak-47,0.0
ak-47,6.734693467455368
ak-47,0.0
ak-47,0.0
awp,0.0
ak-47,0.0
ak-47,0.0
ak-47,31.625074721251742
ak-47,17.053256561790302
awp,1.082788962361549
ak-47,0.0
ak-47,43.48071817946829
ak-47,17.032884095918693
ak-47,0.0
ak-47,0.0
awp,0.0
ak-47,77.13921596982439
ak-47,14.217070474974125
ak-47,11.740114303630309
awp,2.1262380453716845
ak-47,0.0
ak-47,5.306642680920678
ak-47,0.0
ak-47,0.0
awp,0.0
awp,19.008148873404426
ak-47,0.0
ak-47,0.0
ak-47,92.277355905769
ak-47,73.09787896437108
ak-47,38.636923887848276
ak-47,13.22605193653348
ak-47,69.9759192946445
ak-47,74.00644800085412
ak-47,19.07128536823567
awp,6.894873625546446
ak-47,27.572407829612217
awp,0.0
glock-18,7.720956204048433
glock-18,28.015625
glock-18,73.24204817456082
glock-18,91.21468924581151
glock-18,0.0
mac-10,0.0
mac-10,0.0
ak-47,24.66923579247969
ak-47,0.0
mac-10,0.0
awp,10.229366722479403
ak-47,9.670102234495042
ak-47,9.272038779308465
ak-47,66.3003925067069
awp,0.0
awp,0.0
ak-47,43.953785574308114
awp,0.0
awp,0.0
awp,6.467990963728459
awp,6.750886081887695
ak-47,3.7787151025087877
ak-47,25.292078533059733
ak-47,3.7909772968733275
ak-47,73.10325690191901
awp,16.099854728090715
awp,0.0
ak-47,0.9715182222943634
ak-47,0.0
ak-47,0.0
ak-47,0.0
ak-47,0.0
ak-47,0.0
ak-47,4.876026534548904
ak-47,30.909479381581
ak-47,73.10032542649834
ak-47,78.58488070764605
ak-47,0.0
ak-47,0.0
awp,6.384419283681484
glock-18,0.0
glock-18,0.0
mac-10,33.6490510951716
mac-10,147.1062715418793
mac-10,204.26048976827778
mac-10,6.111338170193906
ak-47,13.224771955589404
ak-47,9.266813933627295
ak-47,0.0
ak-47,0.0
ak-47,0.0
ak-47,0.0
ak-47,0.0
ak-47,0.0
ak-47,20.803040748829506
glock-18,7.901664011299202
awp,0.0
ak-47,0.0
ak-47,0.0
ak-47,11.095303879027785
ak-47,0.0
ak-47,51.97791101843016
ak-47,0.0
ak-47,13.213430554055066
ak-47,2.6955276182270884
ak-47,0.0
ak-47,13.171426257146983
ak-47,22.28790511225146
ak-47,23.384112522527943
awp,19.432977769760353
ak-47,2.1594495589063896
ak-47,64.807268640181
awp,0.0
awp,0.0
awp,0.0
awp,0.0
glock-18,19.47658707018106
glock-18,134.18225598235924
glock-18,146.87616331504395
ak-47,0.0
ak-47,0.0
ak-47,26.163264431841622
ak-47,53.35750825818669
ak-47,30.885966332368167
ak-47,3.5404520391390704
ak-47,0.0
ak-47,0.0
ak-47,0.0
ak-47,0.0
ak-47,0.0
ak-47,0.0
ak-47,28.077760350406532
ak-47,0.0
ak-47,1.5614396114294653
ak-47,0.0
ak-47,8.43177300615618
ak-47,74.02538791955517
ak-47,22.907095120664863
ak-47,0.0
awp,0.0
awp,0.0
ak-47,0.0
ak-47,0.0
glock-18,126.20975212630829
glock-18,237.93544404580078
mac-10,3.281398806149597
mac-10,12.4233288505729
ak-47,0.0
ak-47,0.0
ak-47,0.0
ak-47,0.0
mac-10,60.73463074457949
ak-47,0.0
ak-47,0.0
awp,0.0
ak-47,0.0
ak-47,0.0
ak-47,0.0
mac-10,0.0
ak-47,0.0
ak-47,0.0
ak-47,0.0
ak-47,15.855950871119145
awp,5.313052683658991
awp,11.960562999811547
ak-47,0.0
ak-47,0.0
ak-47,0.0
ak-47,0.0
ak-47,0.0
ak-47,0.0
ak-47,0.0
awp,33.991096930735964
ak-47,0.0
ak-47,7.399036422097475
ak-47,26.769821572699733
ak-47,0.0
awp,2.6488203902796053
ak-47,63.86066719392403
awp,0.0
awp,0.0
awp,31.81474343117978
awp,11.273050579465526
glock-18,38.39075934037342
ak-47,64.38399073508558
ak-47,1.5562222848311227
ak-47,6.67642605926292
ak-47,0.0
ak-47,10.363252869872566
ak-47,50.333250119545035
ak-47,0.0
ak-47,0.0
ak-47,49.83597430210812
ak-47,10.265616373807275
ak-47,46.333045468841405
awp,0.0
ak-47,63.06761387502045
ak-47,9.792353670203298
ak-47,10.086208654856243
ak-47,0.0
ak-47,0.0
ak-47,0.0
ak-47,0.0
ak-47,11.301053274225062
ak-47,20.764714912619052
ak-47,16.428483584991767
awp,0.0
ak-47,0.0
awp,0.0
awp,0.0
awp,0.0
ak-47,10.12219101500935
ak-47,21.49197736417515
ak-47,2.027584833449885
ak-47,0.0
ak-47,0.0
ak-47,7.2511124194385514
ak-47,0.0
ak-47,0.0
ak-47,43.206201856981714
ak-47,18.92789324872055
ak-47,33.9254573343309
ak-47,100.25137472755985
ak-47,0.0
awp,0.0
ak-47,0.0
ak-47,0.0
ak-47,11.48983174886334
ak-47,1.5784580202463416
ak-47,23.31080199418941
ak-47,13.359335316242234
awp,0.0
awp,32.57220157015348
ak-47,0.0
ak-47,0.0
awp,0.0
ak-47,13.036450134352872
awp,0.0
awp,0.0
ak-47,0.9923110238070522
ak-47,0.0
awp,0.0
ak-47,9.835618480678326
ak-47,33.90080236783054
awp,0.0
ak-47,0.0
ak-47,0.0
ak-47,0.0
ak-47,0.0
ak-47,66.36393132871457
awp,0.0
ak-47,3.6538541418403665
ak-47,0.0
ak-47,0.0
awp,0.0
ak-47,0.0
awp,0.0
awp,0.0
ak-47,14.111430957004218
awp,0.0
ak-47,17.850111442420634
ak-47,0.0
ak-47,0.0
ak-47,0.0
ak-47,0.0
ak-47,0.6540259627575958
awp,0.0
ak-47,0.0
awp,0.0
awp,0.0
ak-47,0.0
awp,0.0
ak-47,0.0
ak-47,0.0
ak-47,0.0
ak-47,0.0
ak-47,0.0
ak-47,0.0
awp,0.0
ak-47,59.75143839295707
ak-47,14.01141999949841
ak-47,6.5549149540392975
ak-47,10.296100188508122
ak-47,15.293113175275888
awp,0.0
ak-47,0.0
ak-47,0.0
ak-47,72.9693698917727
ak-47,8.564959549522753
awp,0.0
ak-47,7.904683925367352
ak-47,68.67899490043648
ak-47,16.76330467969189
ak-47,7.96446849925254
ak-47,34.1042071894724
ak-47,89.04718694937354
ak-47,7.978748408736924
ak-47,37.455263280395556
ak-47,10.045262445045624
ak-47,8.852194332866626
ak-47,0.0
ak-47,17.11091277678336
ak-47,30.848833489360615
ak-47,0.0
ak-47,0.0
ak-47,1.71309509505106
ak-47,0.0
ak-47,51.20675381949601
ak-47,73.09465850226336
awp,0.0
ak-47,42.393136413154615
ak-47,59.95306405241071
awp,0.0
awp,0.0
awp,0.0
ak-47,0.0
ak-47,7.129119900428663
ak-47,40.5886423679391
ak-47,0.0
awp,0.0
ak-47,61.65118421849631
ak-47,22.389214235802918
ak-47,6.375096877251043
ak-47,53.95909160097438
glock-18,112.45724140343627
glock-18,0.0
awp,0.0
ak-47,23.646965596971125
glock-18,0.0
glock-18,0.0
glock-18,0.0
glock-18,0.0
glock-18,0.0
ak-47,36.9486387283044
mac-10,0.0
ak-47,0.0
ak-47,0.0
ak-47,24.153316521247884
ak-47,73.71903812470188
ak-47,37.76817713665284
ak-47,16.277428085844644
ak-47,11.3456897251707
ak-47,73.09975199902757
ak-47,9.007661840835944
awp,6.897870746820645
awp,0.0
awp,1.3488786456112352
ak-47,16.53832405058324
awp,0.0
awp,22.03856960349217
awp,0.0
ak-47,0.0
ak-47,10.358149437309011
awp,8.713879920984912
awp,0.0
awp,0.0
ak-47,1.660156
ak-47,0.0
ak-47,0.0
awp,13.414135327954611
ak-47,73.242571123902
ak-47,37.03766096931777
awp,29.06948681753706
ak-47,12.84227129656931
ak-47,19.810469394166006
ak-47,0.0
ak-47,6.065817549993159
ak-47,32.634336206631524
mac-10,152.009272184343
ak-47,98.61832842288905
ak-47,24.744321628654625
glock-18,121.19123103293136
ak-47,137.8747566708068
ak-47,0.0
awp,0.0
ak-47,0.0
ak-47,22.692607081778178
ak-47,40.017972388672895
ak-47,29.595871783015276
ak-47,15.88382909769203
ak-47,18.557586944512074
awp,0.0
ak-47,2.7294381504602736
ak-47,12.13355448874113
ak-47,72.71288652600951
ak-47,0.0
ak-47,0.0
ak-47,0.0
ak-47,0.0
ak-47,0.0
ak-47,0.0
ak-47,0.0
awp,0.0
ak-47,73.1031662667602
awp,0.0
ak-47,0.0
ak-47,0.0
awp,0.0
awp,0.7930093744212612
ak-47,7.122844895288961
ak-47,0.0
ak-47,0.0
awp,6.631321567415427
ak-47,39.91732251339851
ak-47,39.38805897036721
ak-47,9.07242555958328
ak-47,26.308655157862347
ak-47,8.375962232138406
glock-18,0.0
glock-18,33.867096091557734
glock-18,156.5011448720196
glock-18,118.13838899609858
glock-18,6.9652078447843175
ak-47,0.0
awp,0.0
awp,0.0
ak-47,23.937391512543822
awp,0.0
awp,0.0
awp,0.0
ak-47,12.57156397196355
ak-47,0.0
awp,0.0
ak-47,0.0
awp,0.0
awp,0.0
awp,0.0
awp,0.0
awp,0.0
awp,0.0
ak-47,0.0
ak-47,0.0
ak-47,48.47954063594725
glock-18,0.0
glock-18,0.0
glock-18,2.1015623717472676
awp,0.0
ak-47,0.9653179785982441
awp,0.0
ak-47,0.0
awp,0.0
ak-47,39.40593838947969
awp,0.0
awp,0.0
ak-47,1.6743060604859554
awp,0.0
ak-47,22.627384629166713
awp,0.0
ak-47,0.0
awp,0.0
ak-47,0.0
ak-47,0.0
awp,0.0
ak-47,44.290036539242784
ak-47,50.907362625789915
ak-47,41.61017401764925
ak-47,73.09885516855326
ak-47,34.21639738567882
ak-47,71.05673402539318
ak-47,80.93982490046521
ak-47,29.327706905617376
ak-47,0.0
ak-47,0.0
ak-47,3.3131101075818474
awp,0.0
ak-47,9.625280361886713
ak-47,0.0
ak-47,0.0
ak-47,0.0
awp,0.0
ak-47,0.0
awp,13.619601589619316
ak-47,0.0
ak-47,0.0
ak-47,0.0
ak-47,8.451345406194507
awp,0.0
ak-47,0.0
ak-47,0.0
ak-47,0.0
awp,11.708331596951806
awp,12.20782050028538
awp,0.0
ak-47,0.0
awp,0.0
ak-47,14.226811751248732
ak-47,75.00075527832594
ak-47,22.308891070247753
ak-47,52.391386163703444
ak-47,26.00937496012292
awp,0.0
awp,5.771023667420018
awp,0.0
awp,0.0
ak-47,7.874745144127586
ak-47,11.728768085136734
ak-47,0.0
ak-47,5.1256959793004695
ak-47,81.65172506228795
ak-47,91.4313208145735
ak-47,19.429463506423975
awp,14.053754642436482
ak-47,0.0
ak-47,12.101028181231914
awp,0.0
glock-18,0.0
glock-18,0.0
ak-47,10.487463344505382
ak-47,4.280466467534583
ak-47,25.043698260100665
ak-47,21.182198931767235
ak-47,0.0
ak-47,3.4285130677115703
ak-47,0.0
awp,0.0
awp,0.0
awp,0.0
ak-47,16.826054074725484
ak-47,0.0
ak-47,2.435596211659478
glock-18,104.11515587670446
ak-47,6.974183951128619
ak-47,83.68789820900406
ak-47,4.437964869019357
ak-47,29.840728141970146
ak-47,17.735207854892764
awp,0.0
awp,0.0
ak-47,29.655085604232134
awp,0.0
ak-47,31.90693357825518
awp,0.0
awp,0.0
ak-47,21.92907201246512
ak-47,11.949749657092738
ak-47,0.0
ak-47,3.1853213605415074
ak-47,0.0
ak-47,7.15193755079482
glock-18,239.99144602299882
ak-47,6.010808450650211
awp,0.0
awp,0.0
ak-47,31.18407982102695
ak-47,46.77422827201527
ak-47,0.0
awp,0.0
awp,0.0
ak-47,10.81070711345789
ak-47,0.0
ak-47,15.780366192671353
ak-47,0.0
awp,0.0
awp,0.0
awp,0.0
awp,0.0
glock-18,0.0
glock-18,0.0
glock-18,0.0
glock-18,0.0
ak-47,44.90145761044923
ak-47,0.0
awp,11.60094120558625
awp,12.815282184172185
ak-47,0.0
awp,0.0
awp,11.102661734460074
ak-47,0.0
awp,27.726099117359173
ak-47,0.0
glock-18,0.0
glock-18,0.0
ak-47,46.31419329862438
ak-47,25.33548821101786
ak-47,0.0
ak-47,0.0
awp,0.0
ak-47,0.0
awp,0.0
awp,0.0
ak-47,0.0
ak-47,69.63258113114927
awp,0.0
ak-47,37.5089333100088
ak-47,0.0
ak-47,0.0
awp,0.0
ak-47,84.43046354147373
ak-47,27.79418726466246
ak-47,7.712092564957257
ak-47,45.734039856604284
ak-47,0.0
ak-47,78.29968117459336
ak-47,0.0
ak-47,0.0
awp,0.0
awp,0.0
ak-47,0.0
ak-47,39.827399108871575
ak-47,0.0
awp,0.0
awp,0.0
glock-18,48.73359862923596
glock-18,0.0
ak-47,0.0
ak-47,51.56434331716273
ak-47,0.0
ak-47,0.0
awp,0.0
ak-47,40.90724227261703
awp,0.0
ak-47,0.0
ak-47,32.974307144208886
ak-47,10.14452448137048
ak-47,0.0
ak-47,0.0
ak-47,0.0
ak-47,34.91151787156611
ak-47,36.06505354726634
ak-47,49.283284506949904
ak-47,0.0
awp,0.0
ak-47,55.489066649879824
ak-47,42.67826240642009
glock-18,0.0
mac-10,0.0
ak-47,0.0
awp,0.0
awp,0.0
awp,0.0
ak-47,0.0
ak-47,0.0
ak-47,0.0
ak-47,0.0
awp,0.0
awp,0.0
awp,0.0
glock-18,0.0
ak-47,0.0
ak-47,0.0
ak-47,0.0
ak-47,0.0
ak-47,0.0
ak-47,0.0
ak-47,0.0
ak-47,0.0
ak-47,0.0
awp,0.0
ak-47,0.0
ak-47,0.0
ak-47,0.0
awp,0.0
ak-47,0.0
ak-47,0.0
ak-47,0.0
ak-47,0.0
ak-47,0.0
awp,0.0
ak-47,14.816481902950814
ak-47,1.6190843030012365
ak-47,43.27647762497544
ak-47,9.836462228854844
ak-47,38.39735564120666
ak-47,0.0
ak-47,0.0
ak-47,0.0
ak-47,0.0
awp,0.0
glock-18,0.0
glock-18,158.11306763391022
glock-18,7.792106658644246
ak-47,0.0
ak-47,0.0
ak-47,0.0
ak-47,0.0
glock-18,175.64674846345486
ak-47,19.458383200370502
ak-47,0.0
ak-47,33.73583281615862
ak-47,0.0
ak-47,59.1726237259453
ak-47,19.898059340782382
awp,0.0
ak-47,33.09837652215504
awp,5.192317508810975
awp,10.716127483271745
ak-47,0.0
awp,0.0
awp,2.1118181693670977
awp,0.0
ak-47,0.0
ak-47,0.0
ak-47,0.0
ak-47,17.349072153768915
ak-47,47.4042132215281
glock-18,0.0
ak-47,0.0
ak-47,0.0
ak-47,0.0
ak-47,5.400504779303227
ak-47,0.0
ak-47,0.0
ak-47,0.0
awp,0.0
ak-47,0.0
glock-18,0.0
awp,10.356181163018055
ak-47,0.0
ak-47,0.0
ak-47,0.0
awp,0.0
glock-18,39.502633207609854
glock-18,101.75478185122233
glock-18,157.9323531573823
glock-18,83.22840923502605
glock-18,12.491599105397235
mac-10,56.99674684041735
ak-47,37.79864048629666
mac-10,1.265782032696388
mac-10,122.53380925690198
mac-10,81.60806960613542
ak-47,30.47401190566659
glock-18,74.87677079427067
ak-47,14.594252251689568
ak-47,18.166743388435034
ak-47,21.144017454130754
ak-47,0.0
ak-47,0.0
ak-47,0.0
ak-47,25.32842880460533
ak-47,60.14549049099478
ak-47,21.737598919210487
ak-47,11.212111119536589
ak-47,21.1908947349556
ak-47,55.51456510979649
ak-47,0.0
awp,9.279646316365511
ak-47,16.266418334247525
ak-47,0.0
ak-47,0.0
ak-47,0.0
ak-47,0.0
awp,38.74890838914802
awp,1.2647803277027991
awp,10.052025312872278
awp,0.0
ak-47,0.0
awp,13.853871156732476
ak-47,0.0
ak-47,9.911288643669147
ak-47,7.252829022868318
ak-47,51.85661618904694
glock-18,41.19340135721629
ak-47,0.0
ak-47,0.0
ak-47,0.0
ak-47,36.09299539799662
ak-47,24.98170483775249
awp,5.222734220624767
ak-47,0.0
ak-47,73.10845763203434
ak-47,0.0
ak-47,0.0
ak-47,0.0
ak-47,0.0
ak-47,31.481012347750333
ak-47,45.380944426754816
awp,8.409198097765387
awp,7.3649817782195495
ak-47,29.38066652093856
ak-47,9.759435538557033
ak-47,58.23199720493524
ak-47,8.837792971131764
mac-10,23.17662712422731
ak-47,0.0
ak-47,8.78062832919541
ak-47,8.57368989626147
awp,0.0
awp,8.268756135142759
awp,31.85430742970137
ak-47,23.218279598679594
ak-47,68.29826270688774
ak-47,18.059675796122946
ak-47,110.9617549036595
ak-47,36.83822715296605
ak-47,5.2592527602958965
awp,5.398007628326306
ak-47,1.5696756852407443
ak-47,5.260777627879741
ak-47,5.260777627879741
awp,15.644407354339315
awp,15.015141881633554
awp,0.0
ak-47,0.0
ak-47,0.6048000412070093
glock-18,82.48103118092044
glock-18,0.0
glock-18,9.170011522791288
ak-47,0.0
ak-47,0.0
ak-47,0.0
ak-47,0.0
ak-47,0.0
ak-47,0.0
ak-47,0.0
ak-47,0.0
ak-47,0.0
ak-47,0.0
ak-47,0.0
awp,0.0
awp,0.0
awp,0.0
ak-47,25.411900014264205
ak-47,0.0
ak-47,0.0
ak-47,0.0
awp,0.0
ak-47,19.686732488908465
awp,0.0
awp,0.0
awp,0.0
awp,0.0
awp,0.0
ak-47,0.0
ak-47,0.0
ak-47,0.0
ak-47,0.0
ak-47,0.0
awp,0.0
ak-47,0.0
ak-47,0.0
ak-47,41.81240226735589
ak-47,0.0
ak-47,0.0
awp,0.0
ak-47,54.369290738344425
ak-47,14.098434989055523
awp,0.0
ak-47,21.997981727645925
awp,0.0
ak-47,0.0
ak-47,4.6573656825061525
awp,0.0
ak-47,0.0
awp,0.0
ak-47,0.0
ak-47,0.0
glock-18,0.0
glock-18,0.0
glock-18,0.0
ak-47,0.0
awp,0.0
ak-47,0.0
ak-47,0.0
awp,0.0
glock-18,0.0
ak-47,0.0
ak-47,0.0
ak-47,0.0
ak-47,0.0
ak-47,0.0
ak-47,0.0
ak-47,0.0
ak-47,0.0
ak-47,0.0
ak-47,66.90224945288065
ak-47,0.0
ak-47,0.0
ak-47,19.7214276713797
ak-47,4.196530631319162
ak-47,0.0
awp,0.0
awp,0.0
ak-47,28.58399160074537
ak-47,0.0
awp,0.0
ak-47,0.0
awp,0.0
ak-47,5.327185584340008
awp,0.0
ak-47,8.824365114268675
ak-47,0.0
awp,0.0
awp,0.0
ak-47,0.0
ak-47,13.411841636771737
awp,0.0
awp,0.0
awp,0.0
awp,0.0
awp,0.0
ak-47,10.706378917924583
ak-47,17.711526843056333
ak-47,0.0
ak-47,0.0
ak-47,0.0
ak-47,52.06509920455053
ak-47,0.0
ak-47,0.0
ak-47,0.0
ak-47,73.0833117447818
ak-47,43.89064857999322
glock-18,195.08316598412745
glock-18,63.87251552723866
glock-18,99.11179195779361
glock-18,58.55689898484789
glock-18,105.18301670900505
ak-47,0.0
mac-10,0.0
ak-47,0.0
ak-47,0.0
ak-47,22.833038235193428
ak-47,0.0
ak-47,14.240550153275997
ak-47,54.85227730555468
ak-47,29.401426220422064
ak-47,13.577632466757375
ak-47,8.733606294438168
ak-47,37.46504915477787
ak-47,0.0
awp,0.0
ak-47,13.433589439371222
awp,28.963445258395694
ak-47,12.614239086270167
awp,1.690869681346555
ak-47,0.0
ak-47,3.6546248793200373
ak-47,71.57081040659548
ak-47,46.01817631942166
ak-47,73.10013622203236
ak-47,62.812431980684565
ak-47,1.541944905564722
ak-47,18.98799344105967
ak-47,8.749581463204397
ak-47,15.959502672886051
ak-47,0.0
ak-47,74.98746084549528
ak-47,0.0
ak-47,0.0
ak-47,20.225685226026457
ak-47,0.0
ak-47,10.173820787684537
ak-47,36.520158091208145
awp,0.0
ak-47,0.0
awp,8.655112580676233
awp,0.0
ak-47,3.3918405312173805
ak-47,0.0
ak-47,0.0
ak-47,16.97706310142614
glock-18,43.20194312316505
glock-18,50.14198760225335
glock-18,118.82994533451206
glock-18,124.34010547922566
ak-47,102.0560964940198
ak-47,76.15332951688217
ak-47,73.08655840529947
ak-47,7.219258563728065
ak-47,10.625942053825158
ak-47,24.851609079596617
ak-47,140.83357684168382
ak-47,6.25819774875323
ak-47,17.284600155461508
ak-47,46.965672720216624
ak-47,46.49657945798776
ak-47,64.76711056145878
ak-47,19.32470806273567
ak-47,0.0
ak-47,43.97626296216162
ak-47,10.585322221960228
ak-47,0.0
ak-47,6.657464370152048
ak-47,68.49681904643799
ak-47,18.438176695103124
awp,6.268752635140902
ak-47,0.0
ak-47,73.09960329545657
ak-47,17.584200339011723
glock-18,0.0
glock-18,0.0
glock-18,0.0
glock-18,0.0
glock-18,0.0
mac-10,61.59236000975072
mac-10,207.6148254838993
mac-10,1.805081410676538
mac-10,118.58680907555309
ak-47,0.0
ak-47,0.0
ak-47,0.0
ak-47,39.45591445870265
ak-47,48.88596823859583
ak-47,26.105770810107177
ak-47,0.0
ak-47,55.6161035927531
ak-47,0.0
ak-47,0.0
ak-47,0.0
ak-47,0.0
ak-47,0.0
ak-47,0.0
awp,0.0
ak-47,0.0
awp,0.0
ak-47,0.0
ak-47,16.79171625301238
ak-47,11.438861120128438
awp,9.739590235268011
glock-18,3.1754798811664666
glock-18,0.0
ak-47,0.0
ak-47,79.79015820009809
ak-47,0.0
ak-47,13.371875605710668
ak-47,0.0
ak-47,0.0
awp,3.5280014469896406
awp,0.0
ak-47,8.13808390228228
ak-47,8.496474304120857
ak-47,0.0
ak-47,0.0
awp,7.918122853458451
ak-47,0.0
glock-18,117.80609433988204
glock-18,24.856910698646143
glock-18,29.036816637679568
glock-18,135.63601610770917
mac-10,0.0
mac-10,0.0
mac-10,0.0
mac-10,0.0
mac-10,0.0
glock-18,0.0
ak-47,0.0
awp,0.0
ak-47,0.0
ak-47,0.0
ak-47,4.4086889569730365
ak-47,0.0
ak-47,0.0
awp,0.0
ak-47,16.57690415683049
ak-47,0.0
ak-47,0.0
ak-47,15.661450537586516
ak-47,23.016039564409624
ak-47,61.06263691562823
ak-47,51.521448027663084
awp,0.0
ak-47,18.552312211581093
ak-47,0.0
ak-47,0.0
ak-47,10.530647906703605
ak-47,0.0
ak-47,0.0
ak-47,0.0
ak-47,0.0
ak-47,2.786128358577365
ak-47,0.0
ak-47,0.0
ak-47,15.606354426556672
ak-47,0.0
ak-47,8.882274508884084
awp,0.0
ak-47,0.0
ak-47,25.060962567401276
ak-47,5.1920173425135046
ak-47,52.521888163886544
ak-47,8.497566344104705
ak-47,19.42156887960455
ak-47,31.876761735735265
ak-47,13.364596387492815
ak-47,47.6587514586837
ak-47,4.846266692540248
ak-47,0.0
glock-18,149.12339308641486
glock-18,0.0
ak-47,8.198752419147013
ak-47,73.08630286186069
ak-47,19.289965868376363
ak-47,0.0
awp,0.0
ak-47,0.0
ak-47,24.83368998363161
ak-47,42.552952489873945
ak-47,51.705994094276384
ak-47,0.0
ak-47,38.90699196992053
ak-47,8.226914908168796
ak-47,73.97449392673664
awp,0.0
ak-47,56.27255795038374
awp,0.0
ak-47,0.0
ak-47,19.59293134154989
ak-47,0.0
ak-47,0.0
ak-47,13.471038807556305
mac-10,211.3713728737017
ak-47,0.0
ak-47,64.02948296521664
ak-47,0.0
ak-47,79.30882166957966
ak-47,50.43766066048365
ak-47,4.5408815842582815
ak-47,0.0
ak-47,0.0
ak-47,0.0
ak-47,0.0
ak-47,0.0
awp,0.0
ak-47,0.0
awp,0.0
awp,0.0
ak-47,0.0
ak-47,55.159935960263596
ak-47,0.0
ak-47,0.0
ak-47,0.0
ak-47,0.0
ak-47,0.0
ak-47,0.0
glock-18,84.20981570220805
glock-18,76.98545598372603
glock-18,0.0
ak-47,0.0
ak-47,0.0
ak-47,206.55316059821558
ak-47,7.441298950063019
ak-47,9.412759331677615
glock-18,0.0
glock-18,0.0
glock-18,0.0
mac-10,146.8307420090218
ak-47,0.0
ak-47,0.0
mac-10,69.01483020681559
mac-10,62.044738772562084
mac-10,50.862839401938075
awp,0.0
awp,0.0
awp,0.0
awp,0.0
awp,0.0
ak-47,0.0
awp,0.0
awp,0.0
glock-18,0.0
ak-47,18.500950502794065
ak-47,71.02548055604096
ak-47,63.38747659068138
awp,0.0
mac-10,168.8720331603279
ak-47,20.445316977932258
awp,0.0
ak-47,0.0
ak-47,35.464462830273405
ak-47,56.05588467798229
ak-47,33.391415152969614
awp,12.218560643313761
mac-10,70.08893973128892
ak-47,60.65141909168293
awp,0.0
ak-47,0.0
ak-47,16.060839804006545
ak-47,18.653822339955557
ak-47,4.532854077174887
glock-18,0.0
ak-47,0.0
ak-47,1.1944760386194442
ak-47,35.734211990824996
ak-47,27.28187814803409
ak-47,14.25991995479596
awp,28.578345930459882
awp,15.259086783801513
awp,10.803052889141384
ak-47,34.911034069149885
mac-10,96.90012856104713
ak-47,6.489460838965669
ak-47,18.084975637246654
awp,15.44766629494439
glock-18,66.61412143790787
ak-47,62.547642225801255
ak-47,0.0
ak-47,22.273486945928987
ak-47,18.521981074333517
ak-47,0.0
ak-47,9.471538458659449
ak-47,11.508054516591239
ak-47,39.770425790757194
ak-47,24.191518019618073
ak-47,73.1021489546851
ak-47,72.77108603594277
ak-47,44.72777428947679
ak-47,23.51858509853112
ak-47,5.827235860376771
awp,0.0
ak-47,0.0
ak-47,56.11795311523315
ak-47,7.865516613712414
ak-47,0.0
ak-47,0.0
ak-47,54.200696399677014
awp,0.0
ak-47,4.912224403449418
ak-47,6.487152792968113
ak-47,29.169165532297733
awp,0.0
ak-47,85.24054212463206
ak-47,46.50321571962121
mac-10,108.24386755507791
ak-47,0.0
ak-47,29.180832095538758
ak-47,7.276572618890572
ak-47,18.572383188442053
ak-47,0.0
ak-47,8.122521777284502
awp,18.063779319199096
ak-47,66.03549230237621
ak-47,0.0
glock-18,0.0
glock-18,0.0
ak-47,64.38386686228453
mac-10,0.0
mac-10,0.0
ak-47,122.82339212735464
awp,10.092651957883467
ak-47,0.0
ak-47,0.0
ak-47,68.3300544262232
awp,0.0
ak-47,46.40802816458592
ak-47,24.355518710293588
ak-47,0.0
awp,0.0
ak-47,0.0
ak-47,0.0
ak-47,36.95785287699143
ak-47,0.0
ak-47,0.0
ak-47,0.0
awp,0.0
ak-47,76.22023304727722
ak-47,8.543097599851356
ak-47,0.0
ak-47,0.0
ak-47,0.0
ak-47,0.0
awp,0.0
ak-47,0.0
ak-47,0.0
ak-47,0.0
ak-47,84.46202339464743
ak-47,3.229223740591073
ak-47,4.769402352988055
ak-47,0.0
ak-47,0.0
awp,0.0
ak-47,0.0
ak-47,0.0
ak-47,1.5634766322807643
ak-47,33.15290429178821
ak-47,0.0
ak-47,8.636897571927607
awp,0.0
ak-47,0.0
awp,9.762987431100893
ak-47,39.79911904616214
ak-47,0.0
ak-47,0.0
glock-18,0.0
glock-18,33.97383570823979
glock-18,14.026589885096376
glock-18,36.170821991624756
glock-18,68.13767974309414
mac-10,57.63676415302346
ak-47,0.0
mac-10,115.82053825894523
ak-47,0.0
ak-47,0.0
ak-47,0.0
ak-47,0.0
ak-47,0.0
ak-47,10.93293668144424
ak-47,0.0
ak-47,0.0
awp,0.0
ak-47,23.6454562902386
awp,0.0
awp,0.0
awp,2.4099284398008587
awp,12.048512039550278
ak-47,0.0
ak-47,9.640793141767123
ak-47,69.53273397507525
awp,0.0
ak-47,14.363052029446457
awp,0.0
ak-47,23.139886466945445
ak-47,7.9120034788797335
ak-47,18.31885205996604
ak-47,35.41863345185243
awp,6.669799142446945
glock-18,0.0
ak-47,0.0
ak-47,0.0
ak-47,0.0
ak-47,7.9385612805170815
awp,0.0
ak-47,67.35490473530565
ak-47,30.344380658530582
ak-47,36.55258382244243
awp,0.0
ak-47,0.0
glock-18,0.0
glock-18,25.837117729917168
glock-18,0.0
glock-18,0.0
glock-18,0.0
mac-10,0.0
mac-10,0.0
mac-10,0.0
mac-10,129.69753833399253
mac-10,0.0
mac-10,7.060084850529773
mac-10,0.0
mac-10,0.0
ak-47,15.998985745898425
ak-47,0.0
awp,7.842762042471644
awp,33.58414247587459
ak-47,43.84657745588389
ak-47,0.0
ak-47,6.609228208106904
ak-47,0.0
ak-47,0.0
ak-47,11.810397360152113
awp,5.628159037757995
ak-47,5.681408257129564
ak-47,3.311209949267035
ak-47,5.587020028584559
awp,0.0
ak-47,0.0
ak-47,0.0
ak-47,35.72124130091401
ak-47,73.09550694184261
ak-47,52.26159831274896
ak-47,40.31613188880507
awp,17.025922650837604
ak-47,2.1651811884442838
glock-18,0.0
ak-47,16.54616377154197
ak-47,46.93535957586375
ak-47,53.33235950154192
ak-47,15.176082385204028
ak-47,0.0
ak-47,0.0
ak-47,0.0
ak-47,0.0
ak-47,0.0
ak-47,0.0
ak-47,40.362425057647116
ak-47,0.0
ak-47,2.9406800404984557
ak-47,0.0
ak-47,10.691100597247647
ak-47,49.38062950229542
ak-47,0.0
ak-47,13.490109353418452
glock-18,0.0
awp,5.880826810541695
ak-47,0.0
ak-47,15.023654850871841
ak-47,0.0
ak-47,0.0
ak-47,0.0
ak-47,0.0
ak-47,0.0
ak-47,0.0
ak-47,0.0
ak-47,0.0
ak-47,0.0
ak-47,72.52495024612651
ak-47,0.0
ak-47,16.562832031312187
ak-47,0.0
awp,10.095735697676718
ak-47,0.0
ak-47,0.0
ak-47,0.0
ak-47,51.71935422607769
ak-47,0.0
awp,4.245183095625087
ak-47,141.13399896574356
glock-18,40.28533899625233
glock-18,165.57118671379453
ak-47,0.0
ak-47,23.43625169134015
ak-47,0.0
ak-47,0.0
ak-47,0.0
ak-47,0.0
ak-47,0.0
ak-47,0.0
ak-47,0.0
ak-47,1.6410899519736875
ak-47,0.0
ak-47,0.0
ak-47,0.0
ak-47,21.096299291693033
ak-47,90.27463747765304
ak-47,0.0
ak-47,9.148781278220012
ak-47,0.0
ak-47,34.61600784722722
ak-47,9.32765582561728
ak-47,17.991374712752997
ak-47,8.023783615952327
ak-47,3.047998852827212
ak-47,16.878265998039787
ak-47,59.06715349834848
ak-47,30.697471307305463
ak-47,40.21047863561772
ak-47,26.845838638985914
awp,0.0
ak-47,0.0
ak-47,0.0
ak-47,51.56014903683782
ak-47,0.0
ak-47,0.0
awp,0.0
awp,0.0
awp,0.0
ak-47,6.9836760737827035
ak-47,0.0
awp,0.0
ak-47,38.14787711957861
awp,0.0
awp,0.0
awp,0.0
ak-47,49.943155971812644
awp,0.0
awp,0.0
awp,0.0
ak-47,17.53356573361394
ak-47,1.9202587978150236
ak-47,8.158788553106215
awp,0.0
awp,0.0
awp,0.0
awp,0.0
ak-47,0.0
ak-47,0.0
ak-47,78.10642950865085
ak-47,6.831556631956219
ak-47,0.0
ak-47,23.351346864594877
glock-18,235.57009317574276
glock-18,209.7250737132481
glock-18,23.614276046559738
glock-18,108.88805021941094
glock-18,26.65469450846968
mac-10,0.0
ak-47,0.0
mac-10,69.88001030044174
ak-47,10.074501486569
ak-47,0.0
ak-47,0.0
ak-47,0.0
ak-47,20.73953166848579
ak-47,56.51673087803845
glock-18,66.31092952234336
glock-18,27.66935759829534
glock-18,25.519563413974073
mac-10,0.0
ak-47,30.92332969782824
ak-47,6.516678768204629
ak-47,73.0937604375527
ak-47,18.749173158852233
ak-47,4.988112152258207
ak-47,42.140177201166125
ak-47,30.235608488055703
ak-47,0.0
awp,0.0
mac-10,88.6620977836497
ak-47,24.76294132970817
mac-10,82.32747416335077
glock-18,132.13824170221787
ak-47,0.0
ak-47,0.0
awp,0.0
ak-47,0.9016586278908443
ak-47,33.523389252179214
ak-47,22.89981684049296
awp,0.0
ak-47,31.36803100515914
ak-47,0.0
ak-47,45.21242865584596
ak-47,9.861127628247491
ak-47,0.0
ak-47,16.41964695625241
ak-47,24.43802459681093
ak-47,25.172012251565608
ak-47,8.436867429759934
ak-47,0.0
ak-47,19.401167879533542
ak-47,0.0
awp,8.39700932624229
ak-47,3.893385065161806
ak-47,37.003603000340874
ak-47,5.960907611245539
ak-47,9.685929267973208
ak-47,44.26739198290889
ak-47,2.020132625826334
ak-47,0.0
glock-18,152.4810074828577
glock-18,94.97929212263686
glock-18,146.1981424169607
ak-47,35.76713389559568
ak-47,30.110603996388782
ak-47,0.0
ak-47,0.0
ak-47,0.0
awp,22.37694222486533
ak-47,0.0
ak-47,18.23774219606654
ak-47,2.320365551582121
ak-47,44.39861313187812
ak-47,5.259131125417581
ak-47,29.53348432247008
ak-47,0.0
ak-47,9.318583008019191
ak-47,189.49038392383025
ak-47,1.6480486804475771
glock-18,0.0
ak-47,0.0
ak-47,0.0
ak-47,0.0
ak-47,0.0
ak-47,0.0
ak-47,0.0
awp,0.0
ak-47,0.0
ak-47,0.0
ak-47,0.0
ak-47,0.0
awp,6.264296258344189
ak-47,0.0
awp,10.17597342275352
awp,5.932987072342733
awp,8.887510725863795
ak-47,0.0
ak-47,0.0
ak-47,0.0
ak-47,0.0
awp,17.978557106314177
ak-47,0.0
ak-47,8.431312304717931
ak-47,8.309738991119096
ak-47,66.22747258253119
ak-47,0.0
ak-47,0.0
ak-47,0.0
ak-47,0.0
ak-47,0.0
ak-47,0.0
awp,11.034403320552725
ak-47,0.0
ak-47,0.0
awp,0.0
ak-47,0.0
ak-47,0.0
awp,0.0
awp,9.631289705098949
ak-47,0.0
ak-47,16.45016094974335
awp,15.346116938841108
ak-47,0.0
ak-47,0.0
awp,0.0
ak-47,27.764137430853076
ak-47,44.988964631997035
ak-47,50.51769690878998
ak-47,29.91037093173311
awp,5.783804334356843
awp,0.0
awp,0.0
awp,39.37308290698845
ak-47,0.0
awp,0.0
awp,0.6052037589473482
ak-47,0.0
awp,28.697044231165496
ak-47,9.052649143894897
awp,0.0
ak-47,0.0
awp,10.269821725874797
ak-47,0.0
ak-47,62.74385131210536
ak-47,0.0
ak-47,1.6567767357432324
ak-47,0.0
ak-47,55.25716903218235
ak-47,0.0
ak-47,0.0
ak-47,0.0
ak-47,45.00087099065938
glock-18,60.51193839008618
awp,0.0
awp,0.0
awp,8.042965480572448
ak-47,38.51958111136438
ak-47,1.9368270532445586
ak-47,24.559164609159755
awp,16.632583150720304
ak-47,0.0
ak-47,0.0
ak-47,0.0
ak-47,0.0
ak-47,29.23894820316463
ak-47,0.0
awp,12.692675013082624
awp,46.69764119525924
ak-47,18.527139088712538
ak-47,34.89963512244344
glock-18,21.809334275476864
glock-18,42.75997974124497
glock-18,23.505074780803657
ak-47,56.055525363947176
ak-47,0.0
ak-47,0.0
ak-47,0.0
ak-47,0.0
ak-47,15.619661827719096
ak-47,35.9084746808096
ak-47,0.0
ak-47,4.809004168208217
ak-47,0.0
ak-47,0.0
awp,0.0
ak-47,0.0
ak-47,0.0
ak-47,0.0
ak-47,0.0
ak-47,0.0
awp,46.520673852633784
ak-47,28.581998951481683
awp,0.0
awp,5.97436795714032
ak-47,52.28008881716725
ak-47,0.0
ak-47,0.0
glock-18,44.93770317255662
glock-18,35.672613820983806
glock-18,0.0
glock-18,0.0
ak-47,0.0
ak-47,27.209637112697553
ak-47,0.0
ak-47,0.0
ak-47,0.0
ak-47,0.0
ak-47,0.0
ak-47,0.0
ak-47,0.0
ak-47,0.0
awp,0.0
ak-47,0.0
ak-47,0.0
ak-47,0.0
ak-47,0.0
ak-47,0.0
ak-47,0.0
ak-47,0.0
ak-47,0.0
awp,0.0
awp,0.0
ak-47,2.6736936155447952
ak-47,71.3181049508761
ak-47,58.907175372066256
ak-47,0.0
awp,0.0
ak-47,13.719413585033
ak-47,43.6862426572352
ak-47,0.0
awp,0.0
awp,0.0
ak-47,35.84745019119158
awp,0.0
awp,0.5533238969726502
ak-47,65.49570543539649
ak-47,0.0
ak-47,0.0
glock-18,0.0
ak-47,0.0
ak-47,0.0
ak-47,0.0
ak-47,0.0
ak-47,0.0
ak-47,15.871962262716352
ak-47,0.0
ak-47,31.378000971707372
ak-47,0.0
ak-47,0.0
ak-47,0.0
ak-47,54.69488017651985
ak-47,0.0
ak-47,40.020949144196265
ak-47,0.0
ak-47,0.0
awp,12.041899745765075
ak-47,29.88253249548147
ak-47,0.0
ak-47,73.10633324446776
ak-47,0.0
ak-47,0.0
awp,0.0
ak-47,0.0
ak-47,0.0
glock-18,0.0
glock-18,0.0
glock-18,0.0
ak-47,0.0
ak-47,0.0
ak-47,0.0
ak-47,0.0
ak-47,0.0
ak-47,0.0
ak-47,73.75207973526811
ak-47,0.0
awp,0.0
awp,0.0
awp,26.016300666901607
mac-10,0.0
ak-47,0.0
awp,5.886730664802154
ak-47,105.85007255896099
ak-47,0.0
ak-47,0.0
awp,22.672178359014577
awp,0.0
ak-47,34.139099183924635
ak-47,11.576643071490455
ak-47,5.72067588575371
ak-47,31.166781769226446
awp,3.093928166863122
awp,11.66663675143115
ak-47,115.5740665261993
ak-47,0.0
ak-47,0.26565371719778363
awp,19.859376536486963
ak-47,114.97632747014691
awp,8.650103371627647
ak-47,0.0
awp,5.776149926688711
awp,8.031329850527184
awp,8.685434219319434
glock-18,48.19888973459307
glock-18,69.30364203435188
glock-18,0.0
glock-18,0.0
glock-18,0.0
awp,29.645045456141233
ak-47,0.0
ak-47,0.0
ak-47,0.0
ak-47,32.87242426589782
ak-47,49.586419921081664
ak-47,0.0
ak-47,0.0
ak-47,0.0
awp,0.0
ak-47,0.0
awp,0.0
awp,0.0
ak-47,0.0
ak-47,0.0
awp,23.568783478310056
ak-47,0.0
awp,0.0
ak-47,0.6512552632946623
awp,0.7058973123797824
ak-47,0.0
awp,29.41749751689035
awp,0.0
awp,10.951355901889226
awp,0.0
awp,0.0
ak-47,10.033844211864613
ak-47,0.0
ak-47,0.0
awp,1.2856251519202633
awp,0.0
awp,6.852235036832873
ak-47,19.909451865630153
ak-47,0.0
ak-47,0.0
ak-47,0.0
ak-47,0.0
glock-18,0.0
glock-18,0.0
glock-18,0.0
glock-18,0.0
glock-18,0.0
ak-47,12.265416537360686
mac-10,40.38428161880793
ak-47,123.77309679601454
ak-47,26.440912632802014
ak-47,1.4444465311149457
ak-47,0.0
ak-47,27.165587474792183
ak-47,22.718132084100247
ak-47,23.182611986662977
ak-47,0.0
ak-47,0.0
ak-47,0.0
ak-47,0.0
ak-47,27.859591007347543
ak-47,36.626410074484994
ak-47,0.0
awp,0.0
ak-47,0.0
ak-47,113.30064307009329
ak-47,43.120094478740064
awp,0.0
ak-47,59.68737522086925
ak-47,0.0
awp,0.0
ak-47,0.0
awp,32.46693781035178
ak-47,68.83502200120408
ak-47,0.0
ak-47,2.3088953937346317
ak-47,0.0
awp,0.0
ak-47,15.752961859277258
mac-10,6.34841449632804
ak-47,0.0
ak-47,6.053780614662956
ak-47,0.0
ak-47,95.50182146434085
awp,0.0
ak-47,161.56797066302457
ak-47,0.0
ak-47,0.0
ak-47,11.270251459482216
ak-47,0.0
ak-47,16.937169550685617
awp,23.755472007817673
ak-47,42.0158209915822
ak-47,0.0
ak-47,34.47044278481566
awp,17.884380959914044
ak-47,0.0
ak-47,0.0
ak-47,0.0
ak-47,1.2567442233680646
ak-47,25.044115709579465
ak-47,19.57813499099406
glock-18,59.02001326481597
glock-18,44.55316362295958
glock-18,209.55772457961865
glock-18,25.9020209590947
ak-47,0.0
mac-10,68.52365876236047
ak-47,0.0
ak-47,0.0
ak-47,32.7615590657614
ak-47,16.79467282075629
ak-47,26.99613043270461
ak-47,0.0
awp,12.85148481720443
ak-47,0.0
ak-47,28.769559525257666
ak-47,0.0
awp,0.0
ak-47,30.54959626625612
ak-47,0.0
ak-47,0.0
glock-18,81.59669581920768
ak-47,22.33470971605823
ak-47,47.368970514393766
ak-47,77.00839475411411
awp,0.0
awp,0.0
ak-47,4.643158185280036
ak-47,72.85474230660967
ak-47,0.4693355967151863
ak-47,0.0
ak-47,57.72024945602388
ak-47,8.37602752605243
ak-47,0.0
ak-47,0.0
ak-47,0.0
ak-47,0.0
ak-47,30.634287247587874
ak-47,28.565084527141263
ak-47,73.52930398861264
awp,0.0
ak-47,73.10455028346362
ak-47,0.0
ak-47,0.0
glock-18,75.96430618941928
glock-18,73.15052693822406
glock-18,18.69057101428001
glock-18,0.0
glock-18,0.0
mac-10,0.0
mac-10,0.0
ak-47,0.0
ak-47,0.0
ak-47,0.0
mac-10,0.0
awp,0.0
awp,3.651949220001423
awp,3.651717408861206
awp,0.0
ak-47,32.96636369999861
ak-47,45.21933475545152
awp,0.0
ak-47,0.0
ak-47,35.60379371574222
awp,17.71800081228636
ak-47,0.0
ak-47,0.0
ak-47,0.0
ak-47,0.0
ak-47,63.53817029369811
ak-47,0.0
ak-47,0.0
ak-47,0.0
awp,0.0
glock-18,0.0
ak-47,0.0
ak-47,0.0
awp,9.33881316883168
awp,30.2552743787008
ak-47,0.0
awp,0.0
ak-47,24.032076766047687
awp,0.0
awp,0.0
awp,4.2187954561208585
ak-47,0.0
ak-47,0.0
awp,0.0
ak-47,0.0
ak-47,0.0
ak-47,17.977434008291088
ak-47,5.332060089665626
ak-47,20.014662399862484
ak-47,38.02600820356327
ak-47,0.0
ak-47,87.70897129037239
ak-47,37.57558813920064
ak-47,0.0
ak-47,1.563344867521239
ak-47,14.082177523546846
awp,0.0
ak-47,73.09777645335599
ak-47,6.691240922140302
ak-47,0.0
ak-47,0.0
ak-47,0.0
ak-47,0.0
ak-47,0.0
ak-47,0.0
ak-47,0.0
ak-47,0.0
ak-47,0.0
ak-47,0.0
ak-47,0.0
ak-47,0.0
ak-47,0.0
ak-47,0.0
mac-10,0.0
mac-10,0.0
mac-10,0.0
ak-47,1.8168896961480627
ak-47,43.15104929442575
ak-47,32.7762830274679
ak-47,24.89455300926791
ak-47,21.713793353170242
ak-47,0.0
ak-47,0.0
ak-47,0.0
ak-47,28.131482468885583
ak-47,0.0
awp,0.0
ak-47,0.0
ak-47,48.54684250316744
ak-47,18.41077629679384
ak-47,0.0
ak-47,46.80352390682437
ak-47,0.0
ak-47,0.0
ak-47,19.6745803342314
ak-47,0.0
awp,0.0
awp,0.0
ak-47,30.393466044195883
ak-47,0.0
ak-47,0.0
ak-47,0.0
ak-47,0.0
ak-47,0.0
awp,0.0
awp,0.0
ak-47,0.0
awp,0.0
ak-47,23.658957301449213
ak-47,0.0
ak-47,16.17633938492343
ak-47,10.10203509059833
awp,0.0
awp,0.0
ak-47,0.0
glock-18,156.5675417300864
mac-10,139.46226829070235
ak-47,0.0
ak-47,0.0
ak-47,0.0
ak-47,0.0
ak-47,0.0
ak-47,0.0
ak-47,0.0
ak-47,0.0
ak-47,0.0
ak-47,37.63363393325791
ak-47,0.0
ak-47,0.0
ak-47,0.0
ak-47,54.74181265273224
ak-47,0.0
ak-47,0.0
ak-47,0.0
ak-47,0.0
ak-47,0.0
ak-47,0.0
ak-47,0.0
ak-47,0.0
ak-47,0.0
ak-47,3.299667148879717
ak-47,0.0
ak-47,15.022844378136819
ak-47,7.014217455544987
ak-47,20.484208141959627
ak-47,27.162508058486498
ak-47,63.078973755126235
ak-47,21.463786185048082
ak-47,0.0
glock-18,0.0
glock-18,0.0
glock-18,114.67372925769524
glock-18,36.841227730481634
mac-10,0.0
mac-10,99.40207156313679
ak-47,1.9702573681323972
ak-47,65.8356149971631
ak-47,15.255945184986246
ak-47,37.69119866312327
ak-47,25.245906433019115
awp,0.0
ak-47,0.0
mac-10,0.0
ak-47,0.0
ak-47,0.0
ak-47,0.0
ak-47,0.0
awp,33.99605352588322
ak-47,0.0
glock-18,98.08914310012698
glock-18,0.0
glock-18,0.0
glock-18,0.0
glock-18,0.0
mac-10,0.0
ak-47,11.767421234649161
mac-10,59.36062065939921
ak-47,11.199107894147462
ak-47,0.0
ak-47,0.0
ak-47,0.0
awp,1.8977300204373118
awp,13.974058223207244
ak-47,0.0
ak-47,18.68355786782927
awp,0.0
awp,7.57041436122132
awp,22.95033807110747
ak-47,23.28129718954949
glock-18,33.18721515458622
awp,0.0
ak-47,26.11648789303776
ak-47,116.67597300602358
ak-47,20.67076480389937
awp,0.0
awp,3.0588957614304215
ak-47,0.0
ak-47,13.925953327863912
ak-47,16.508494985300388
ak-47,40.782129779120716
awp,5.071722635092045
awp,0.0
ak-47,73.1001570969357
ak-47,40.47612155109894
ak-47,0.0
awp,15.96018890189524
awp,4.165771564258654
ak-47,17.031402723971095
ak-47,0.0
ak-47,100.76933459653812
awp,0.0
awp,0.0
ak-47,150.08337865828392
awp,0.0
awp,0.0
awp,0.0
glock-18,0.0
glock-18,0.0
glock-18,0.0
glock-18,0.0
ak-47,7.473921905362739
glock-18,7.999420145001136
awp,0.0
ak-47,0.0
ak-47,0.0
ak-47,25.06003796120804
awp,55.63984724461685
ak-47,9.360131492257628
ak-47,0.0
ak-47,66.8247894435501
ak-47,17.85534305832484
ak-47,0.0
ak-47,0.0
ak-47,0.0
ak-47,0.0
ak-47,0.0
ak-47,0.0
ak-47,0.0
ak-47,0.0
glock-18,0.0
glock-18,55.69645966733959
ak-47,0.0
ak-47,0.0
ak-47,0.0
awp,0.0
awp,2.469642953816604
awp,1.7827051895837964
ak-47,0.0
ak-47,13.370765965855208
awp,0.0
awp,8.893497197522693
ak-47,33.97260437239844
ak-47,55.477054867930185
awp,0.0
ak-47,0.0
ak-47,0.0
ak-47,35.61472320428686
ak-47,35.3392818603087
ak-47,33.53273035210804
awp,0.0
awp,0.0
ak-47,0.0
ak-47,7.99596835050671
ak-47,18.976457968526425
awp,0.0
ak-47,0.0
awp,15.272459145871206
ak-47,0.0
awp,10.483880727125142
awp,0.0
ak-47,0.0
ak-47,48.388609531607166
ak-47,0.0
ak-47,47.73636752620249
awp,0.0
ak-47,35.00156944025868
awp,0.0
ak-47,0.0
awp,0.0
ak-47,39.805424778598805
ak-47,15.071525433951601
awp,0.0
glock-18,95.53070682746377
glock-18,0.0
glock-18,0.0
glock-18,0.0
ak-47,0.0
ak-47,0.0
ak-47,34.804884085135065
ak-47,55.80515287937688
ak-47,38.310796460240404
ak-47,43.686950087874855
ak-47,61.9889752830342
ak-47,2.4287201651538615
glock-18,0.0
glock-18,0.0
glock-18,0.0
glock-18,0.0
glock-18,0.0
mac-10,238.54371360110426
mac-10,43.92863319671024
mac-10,50.82897627560077
awp,0.0
awp,0.0
ak-47,0.0
ak-47,0.0
ak-47,0.0
awp,0.0
ak-47,36.87600545561172
ak-47,0.0
ak-47,0.0
ak-47,35.830881846562804
awp,0.0
awp,0.0
ak-47,0.0
ak-47,0.0
ak-47,0.0
awp,0.0
ak-47,0.0
ak-47,0.0
awp,0.0
ak-47,0.0
ak-47,0.0
ak-47,0.0
awp,0.0
awp,0.0
mac-10,0.0
awp,0.0
ak-47,0.0
ak-47,0.0
glock-18,0.0
ak-47,0.0
awp,0.0
ak-47,0.0
glock-18,130.72492334327632
glock-18,0.0
ak-47,40.45330303649506
ak-47,0.0
ak-47,18.18152757168231
ak-47,0.0
ak-47,4.783598279538113
mac-10,59.883270657738535
ak-47,0.0
ak-47,0.0
ak-47,53.40449108096798
ak-47,7.383189539247994
ak-47,22.364678017013528
ak-47,33.49054878793699
ak-47,0.0
ak-47,0.0
ak-47,0.0
ak-47,19.25205800948527
ak-47,44.837751582517896
ak-47,13.162720228962097
ak-47,0.0
awp,10.897373272053638
ak-47,0.0
ak-47,0.0
ak-47,0.0
ak-47,0.0
awp,0.0
ak-47,0.0
ak-47,0.0
ak-47,0.0
awp,13.582217235317067
ak-47,56.511451722635876
awp,0.0
ak-47,0.0
awp,0.0
ak-47,7.743417113254587
ak-47,43.8244372334446
ak-47,0.0
awp,0.0
glock-18,55.93379902920813
ak-47,0.0
ak-47,0.0
ak-47,0.0
awp,0.0
ak-47,39.94655271684856
mac-10,0.0
awp,26.224992738619108
ak-47,71.41133821810502
ak-47,1.9353760704782934
ak-47,63.993427148166745
awp,13.998939856903021
ak-47,0.0
awp,0.0
awp,0.0
ak-47,11.654705302138188
mac-10,240.00418878862294
ak-47,0.0
ak-47,0.0
ak-47,0.0
ak-47,0.0
ak-47,0.0
ak-47,39.32402802288107
glock-18,235.32647367431338
ak-47,18.35372822786436
ak-47,0.0
ak-47,20.390638470397857
awp,0.0
awp,5.703719717193772
awp,0.0
ak-47,20.183503584639908
ak-47,73.03167887020389
ak-47,6.909205072254623
awp,0.0
ak-47,0.0
ak-47,0.0
awp,0.0
ak-47,0.0
ak-47,0.0
ak-47,0.0
ak-47,0.0
ak-47,0.0
ak-47,0.0
mac-10,0.0
ak-47,0.0
mac-10,0.0
ak-47,0.0
ak-47,0.0
ak-47,0.0
ak-47,0.0
awp,0.0
ak-47,0.0
awp,0.0
ak-47,0.0
ak-47,0.0
awp,0.0
awp,0.0
ak-47,0.0
ak-47,0.0
ak-47,0.0
ak-47,0.0
awp,0.0
awp,0.0
ak-47,0.0
awp,0.0
ak-47,0.0
ak-47,0.0
awp,0.0
ak-47,0.0
awp,0.0
ak-47,0.0
awp,0.0
awp,0.0
ak-47,0.0
awp,0.0
ak-47,0.0
awp,0.0
awp,0.0
awp,0.0
ak-47,0.0
ak-47,9.082591592875294
ak-47,0.0
ak-47,44.45609493778314
ak-47,34.60886484240256
ak-47,0.0
awp,0.0
ak-47,0.0
ak-47,0.0
ak-47,0.0
ak-47,0.0
awp,0.0
ak-47,0.0
ak-47,0.0
awp,0.0
ak-47,13.253584738474418
ak-47,0.0
ak-47,0.0
ak-47,0.0
ak-47,0.0
ak-47,0.0
awp,0.0
ak-47,2.0554448461646935
ak-47,68.05468811209246
ak-47,55.271785568123924
ak-47,14.47185909221621
awp,0.0
ak-47,20.29957521492137
awp,0.0
ak-47,0.0
ak-47,25.154350758283147
awp,0.0
awp,2.13881767202817
awp,0.0
ak-47,65.7842766187851
ak-47,0.0
awp,11.455360589580103
ak-47,20.875791107296244
ak-47,21.0
ak-47,0.0
awp,0.0
ak-47,0.0
ak-47,0.0
awp,0.0
ak-47,0.0
awp,0.0
ak-47,16.036232525664747
ak-47,10.391329863310325
ak-47,0.0
ak-47,0.0
ak-47,0.0
glock-18,0.0
ak-47,52.17296953018528
awp,0.0
ak-47,20.295343694254306
awp,0.0
glock-18,224.7333102785888
glock-18,229.8070266095386
glock-18,26.973446835132602
ak-47,0.0
ak-47,14.163546030357406
awp,33.95808609636481
awp,14.610474554335358
ak-47,3.810704617786716
ak-47,14.745783566009166
ak-47,10.484043431791381
ak-47,0.0
ak-47,0.0
ak-47,0.0
awp,0.0
awp,0.0
awp,30.244688213127837
awp,11.717942688622863
awp,1.3002830626325177
ak-47,0.0
ak-47,16.667084327096717
ak-47,0.9451590593445106
ak-47,139.29013960090913
ak-47,2.6175894384003384
ak-47,84.18727237067726
ak-47,26.333509782403883
ak-47,0.0
ak-47,25.828389668940357
ak-47,0.0
ak-47,32.2344037969909
ak-47,51.03034908967996
awp,1.5967585240668045
ak-47,43.04421500024486
ak-47,53.610524382604964
awp,1.4872557227864347
mac-10,167.86979901952427
awp,3.2885335827690736
ak-47,40.70893072798185
ak-47,0.0
ak-47,0.0
glock-18,117.25833887966918
glock-18,57.178075128414605
glock-18,0.0
glock-18,239.9947705155663
glock-18,7.876656711630957
mac-10,214.52651453002807
ak-47,84.87596792756254
ak-47,42.78884497046222
ak-47,0.0
awp,9.028167726620945
ak-47,16.927971854202735
ak-47,55.15877747153261
ak-47,58.70728583537353
ak-47,44.234275653367774
ak-47,0.0
ak-47,30.811355534209607
ak-47,0.0
ak-47,0.0
glock-18,117.71812237846467
ak-47,0.0
ak-47,0.0
ak-47,0.0
ak-47,32.51166131817888
awp,0.0
awp,8.602325267042627
ak-47,7.784832841999179
ak-47,13.340266183831153
awp,6.563713386116506
ak-47,17.61272704140279
ak-47,0.0
ak-47,0.0
awp,7.785007186731494
ak-47,173.35193211361235
glock-18,86.40944533421562
glock-18,0.0
mac-10,0.0
awp,0.0
awp,0.0
awp,0.0
ak-47,22.055366397428198
ak-47,18.982679050070065
ak-47,46.50650324194423
ak-47,0.0
ak-47,0.0
ak-47,107.52961616044347
mac-10,77.37396503759305
ak-47,29.35770994704732
ak-47,0.0
awp,0.0
ak-47,33.35647423184423
ak-47,65.31576901632818
ak-47,3.6533215070918685
ak-47,16.545062329301423
ak-47,6.284378107905746
ak-47,0.0
ak-47,0.0
ak-47,0.0
awp,0.0
ak-47,0.0
ak-47,0.0
awp,0.0
awp,0.0
ak-47,41.43123800991445
awp,0.0
ak-47,0.0
ak-47,0.0
ak-47,28.09669702834025
awp,0.0
ak-47,1.40112477940439
ak-47,0.0
glock-18,45.17556987830401
glock-18,110.60144598072552
ak-47,0.0
ak-47,70.37635367719375
ak-47,13.611864534926434
ak-47,0.0
ak-47,0.0
ak-47,0.0
ak-47,0.0
ak-47,0.0
ak-47,53.929515266130885
ak-47,0.0
ak-47,0.0
ak-47,0.0
ak-47,0.0
ak-47,41.53034554804287
ak-47,10.777742648471433
ak-47,10.945993697886912
ak-47,3.773175519753752
awp,0.0
ak-47,12.20722010193918
ak-47,15.872280110379354
ak-47,0.0
ak-47,10.21641324561732
ak-47,21.831890633135465
awp,0.0
ak-47,0.0
ak-47,0.0
ak-47,5.520452674416203
awp,0.0
awp,0.0
ak-47,0.0
ak-47,10.381836677244012
ak-47,37.11380349991724
ak-47,32.4679867872282
ak-47,32.70565704668642
ak-47,14.52412820156105
awp,0.0
ak-47,25.27010410103892
ak-47,0.0
awp,0.0
ak-47,0.0
ak-47,0.0
ak-47,0.0
awp,1.887300723907295
ak-47,31.36679476541186
ak-47,9.031687525692195
ak-47,44.49549417873636
ak-47,45.79721650704297
ak-47,79.39069867232362
ak-47,72.67795239062762
awp,0.0
ak-47,0.0
awp,0.0
ak-47,0.0
awp,0.0
ak-47,0.0
awp,0.0
ak-47,0.0
ak-47,24.314633399710246
ak-47,52.830553641712335
awp,0.0
awp,0.0
ak-47,31.601014490631847
ak-47,10.725316620608691
ak-47,15.05011971765092
ak-47,0.0
ak-47,0.0
ak-47,79.67846511350237
ak-47,0.0
ak-47,0.0
awp,0.0
ak-47,0.0
ak-47,20.41042779113628
ak-47,15.170401510418404
awp,0.0
awp,0.0
awp,0.0
ak-47,0.0
ak-47,0.0
ak-47,0.0
awp,0.0
ak-47,0.0
ak-47,36.94418531860554
ak-47,0.0
ak-47,0.0
ak-47,33.613381767437595
ak-47,0.4021917771237995
ak-47,0.0
ak-47,0.0
ak-47,49.57047783439725
ak-47,42.77020224938013
ak-47,0.0
ak-47,0.0
ak-47,0.0
ak-47,0.0
ak-47,14.792069390967175
ak-47,52.50800034321407
ak-47,41.817477398997
ak-47,0.0
ak-47,0.0
ak-47,91.99628830806144
glock-18,166.4217275665951
ak-47,23.315683955641017
ak-47,0.0
awp,0.0
ak-47,0.0
ak-47,7.548929238468195
ak-47,80.67934062997358
awp,0.0
awp,14.375687823218234
ak-47,5.986215664380043
ak-47,0.0
glock-18,115.45699893690129
glock-18,227.59036442593313
glock-18,53.53492808803076
glock-18,53.52761326799439
mac-10,0.0
mac-10,0.0
awp,3.131673636161342
ak-47,0.0
awp,7.050031864054233
awp,8.799697845931302
ak-47,0.0
ak-47,0.0
ak-47,72.71053997249503
ak-47,53.623154998336176
ak-47,0.0
ak-47,13.951858388319888
ak-47,0.0
awp,0.0
ak-47,5.867542008077402
ak-47,0.0
awp,0.0
ak-47,0.0
ak-47,8.74141599030872
awp,0.0
awp,0.0
ak-47,28.554249295472435
awp,0.0
ak-47,8.489711144232176
awp,0.0
ak-47,4.670594515155432
ak-47,0.0
ak-47,41.76418582714965
ak-47,73.11157464362414
ak-47,26.16172158613775
ak-47,9.3077283114268
ak-47,0.0
awp,0.0
glock-18,0.0
glock-18,0.0
glock-18,0.0
glock-18,0.0
ak-47,14.899535346250902
ak-47,15.696115947757395
ak-47,10.584408570053265
mac-10,41.14693306338227
mac-10,236.42405114447263
awp,0.0
awp,0.0
awp,0.0
awp,0.0
awp,0.0
awp,0.0
glock-18,0.0
ak-47,0.0
ak-47,3.4051475802039772
awp,0.0
ak-47,0.0
awp,0.0
ak-47,0.0
awp,0.0
ak-47,0.0
ak-47,0.0
awp,0.0
ak-47,0.0
awp,10.635386032236347
ak-47,93.3290460157028
ak-47,0.0
ak-47,11.07776362086879
ak-47,0.0
awp,0.0
ak-47,20.254388565689215
ak-47,25.008934057851427
ak-47,0.0
ak-47,24.071274412777253
ak-47,0.0
ak-47,0.0
awp,0.0
awp,0.0
ak-47,0.0
ak-47,0.0
ak-47,0.0
ak-47,0.0
awp,0.0
ak-47,0.0
awp,0.0
ak-47,0.0
ak-47,0.0
glock-18,0.0
ak-47,0.0
ak-47,0.0
mac-10,0.0
ak-47,0.0
ak-47,0.0
ak-47,18.129831834592014
ak-47,69.20804932000098
ak-47,0.0
ak-47,0.0
awp,15.721516524809049
ak-47,0.0
ak-47,0.0
ak-47,0.0
awp,0.0
ak-47,0.0
ak-47,0.0
awp,0.0
ak-47,57.5322845268351
ak-47,60.22006901455019
ak-47,0.0
ak-47,137.92064758005722
awp,0.0
ak-47,0.9734656926846472
ak-47,0.0
ak-47,51.07385795245412
ak-47,10.562040677697848
awp,0.0
ak-47,46.76330964448785
awp,0.9410820022511323
ak-47,0.0
ak-47,33.04533533405046
ak-47,5.818214574922791
ak-47,0.0
ak-47,18.084354875030325
ak-47,13.673932802725117
ak-47,0.0
ak-47,8.602031201069895
ak-47,0.0
ak-47,26.996438303780817
ak-47,0.0
ak-47,4.032347086666027
ak-47,16.308303041870083
ak-47,108.71891034730558
ak-47,57.151209613618896
ak-47,0.0
ak-47,0.0
ak-47,49.19183329161299
ak-47,0.0
ak-47,0.0
ak-47,8.36314580349219
awp,9.997832846031583
ak-47,0.0
ak-47,39.82934788726775
ak-47,1.384223709284016
ak-47,0.0
glock-18,121.92037716944868
glock-18,28.272883776354508
glock-18,118.14366864712787
ak-47,0.0
ak-47,23.072398927559764
ak-47,33.76090680246904
ak-47,0.0
ak-47,0.0
ak-47,0.0
awp,0.0
ak-47,8.174698577621134
ak-47,68.91480600641886
ak-47,28.175185260315946
awp,0.0
awp,6.934812207657032
ak-47,57.94149764454634
awp,0.0
awp,13.301699133967285
awp,13.301699133967285
awp,0.0
ak-47,105.80484760850827
ak-47,4.821547231017031
awp,0.0
ak-47,10.107675206982266
ak-47,28.155630105672667
ak-47,29.744033963172246
ak-47,24.38836949275988
awp,0.5547017524580213
ak-47,30.27513963930948
ak-47,8.919381308341066
ak-47,33.315830772744135
awp,5.166929584865755
awp,14.326523220171913
awp,0.0
ak-47,4.8711731369834315
awp,0.0
ak-47,21.876446705799367
ak-47,4.863609811868136
ak-47,22.5580209421811
ak-47,13.718876353489888
ak-47,31.16740901654624
glock-18,50.92847496359171
ak-47,21.55097955917459
ak-47,10.932661705896967
ak-47,0.0
ak-47,0.0
ak-47,0.0
ak-47,0.0
awp,8.121949547560918
awp,0.0
ak-47,0.0
awp,14.542591035385028
ak-47,20.75153012149321
ak-47,0.0
ak-47,40.92453687175909
ak-47,0.0
awp,0.0
ak-47,0.0
ak-47,0.0
awp,11.242350500859684
ak-47,28.593888178764498
ak-47,19.873508530024814
ak-47,0.0
ak-47,0.0
ak-47,0.0
ak-47,5.593341714411878
glock-18,76.63486693137689
awp,0.0
awp,0.0
awp,0.0
ak-47,0.0
ak-47,19.160353353343982
awp,1.0775587280979166
ak-47,80.77082134722582
ak-47,0.0
glock-18,37.3603472595021
glock-18,109.22849465332052
glock-18,108.67642508462258
ak-47,41.86716334864717
ak-47,20.282853011452307
ak-47,18.756918629863087
ak-47,3.0534982179768826
ak-47,1.498208565671015
ak-47,20.54582201567523
awp,1.0455042051417105
ak-47,21.668594136842103
ak-47,65.70846812400305
ak-47,36.26408038672595
ak-47,0.0
ak-47,21.537478229525966
ak-47,25.290685372626584
ak-47,0.0
ak-47,0.0
awp,0.0
awp,0.0
ak-47,0.0
glock-18,0.0
glock-18,230.8690474028073
ak-47,0.0
ak-47,0.0
ak-47,43.216701527775776
awp,0.0
awp,0.0
awp,0.0
awp,0.0
awp,0.0
ak-47,0.0
ak-47,0.0
ak-47,0.0
awp,0.0
ak-47,0.0
ak-47,0.0
awp,0.0
ak-47,0.0
ak-47,0.0
awp,0.0
ak-47,0.0
awp,0.0
ak-47,6.0826476062931665
awp,0.0
awp,0.0
awp,0.0
ak-47,0.0
ak-47,0.0
ak-47,0.0
ak-47,0.0
ak-47,0.0
awp,0.0
ak-47,0.0
ak-47,33.46983396161339
ak-47,45.477313411812816
ak-47,0.0
ak-47,29.79849503212684
awp,4.296349473708116
ak-47,0.0
ak-47,0.0
ak-47,40.92070564385009
ak-47,0.0
ak-47,44.69686858983865
ak-47,68.51666613816602
ak-47,0.0
glock-18,0.0
glock-18,48.53710666358489
glock-18,0.0
glock-18,0.0
glock-18,239.99876211900406
glock-18,65.37804946262898
glock-18,0.0
ak-47,59.722147360421026
ak-47,23.731582085508965
ak-47,0.0
ak-47,3.1748201682278006
ak-47,0.0
ak-47,0.0
ak-47,9.774820670509767
ak-47,13.218318403562876
awp,0.0
ak-47,0.0
ak-47,0.6958392274577512
ak-47,7.679652649653889
ak-47,3.4493581819213848
ak-47,29.777832603966395
ak-47,21.436390899425422
ak-47,10.392026319604085
awp,0.0
ak-47,0.0
ak-47,27.43725604753451
ak-47,0.0
ak-47,46.484164915491654
ak-47,0.0
ak-47,23.29718971297742
ak-47,0.0
ak-47,11.107026265912943
ak-47,0.0
ak-47,50.096358446396515
ak-47,20.93351272696114
ak-47,0.0
ak-47,0.0
awp,0.0
ak-47,0.0
awp,0.0
ak-47,37.49099632448228
ak-47,29.224900462348543
ak-47,0.0
ak-47,3.0054702378473155
awp,8.229737835426109
ak-47,0.0
ak-47,0.0
ak-47,62.52025845865726
awp,0.0
ak-47,41.58604574981215
glock-18,0.0
glock-18,75.25124169018402
mac-10,0.0
mac-10,0.0
ak-47,0.0
ak-47,0.0
ak-47,0.0
ak-47,0.0
ak-47,0.0
ak-47,0.0
ak-47,74.71243789250754
ak-47,0.0
ak-47,0.0
ak-47,0.0
ak-47,0.0
ak-47,0.0
ak-47,0.0
ak-47,0.0
ak-47,0.0
ak-47,0.0
ak-47,0.0
ak-47,0.0
ak-47,0.0
ak-47,0.0
ak-47,0.0
ak-47,32.762923869214745
ak-47,0.0
ak-47,0.0
awp,22.01703451385268
awp,0.0
awp,6.154913752024556
ak-47,0.0
ak-47,0.0
awp,0.0
ak-47,30.359858743379704
awp,4.090536031786543
ak-47,33.427518185077275
glock-18,235.21776915399323
glock-18,0.0
ak-47,0.0
ak-47,6.278442201341508
ak-47,0.0
ak-47,0.0
ak-47,0.0
ak-47,20.12026108907946
ak-47,22.82962533585661
ak-47,28.704707783183736
ak-47,0.0
ak-47,0.0
awp,0.0
ak-47,0.0
awp,0.0
awp,0.0
ak-47,6.839452145610787
awp,0.0
ak-47,73.09928564026592
awp,0.0
ak-47,0.0
ak-47,26.548576168936595
ak-47,0.0
ak-47,0.0
awp,0.0
ak-47,0.0
ak-47,0.0
awp,0.0
ak-47,48.729657224705626
ak-47,0.0
ak-47,66.468933650428
awp,14.514785773237199
ak-47,45.15700020729543
awp,0.0
awp,11.46294324009266
ak-47,0.0
ak-47,0.0
awp,0.0
awp,0.0
ak-47,0.0
ak-47,0.0
glock-18,12.583437713108768
awp,0.0
glock-18,57.204275310127265
ak-47,57.85092742546211
ak-47,16.235206403849197
ak-47,73.10155408261147
ak-47,72.27131483321499
ak-47,11.850892726624817
ak-47,0.0
ak-47,65.5771217491462
ak-47,71.83283122528196
ak-47,75.2839633544258
ak-47,0.0
ak-47,0.0
ak-47,0.0
ak-47,0.0
ak-47,0.0
ak-47,0.0
ak-47,0.0
ak-47,0.0
ak-47,0.0
ak-47,0.0
ak-47,0.0
ak-47,4.711526963535813
ak-47,0.0
ak-47,0.0
mac-10,67.49341443084785
ak-47,0.0
ak-47,0.0
glock-18,0.0
glock-18,0.0
glock-18,0.0
mac-10,0.0
mac-10,0.0
mac-10,0.0
ak-47,0.0
ak-47,0.0
ak-47,0.0
ak-47,0.0
ak-47,0.0
ak-47,59.14385923448689
ak-47,14.841572431951711
ak-47,50.24229320905145
ak-47,0.0
ak-47,54.01013634520232
mac-10,240.0048799699755
ak-47,17.5134334148272
ak-47,7.15527857755804
ak-47,0.0
ak-47,0.0
awp,0.0
ak-47,33.41391748733731
ak-47,11.273632679140295
ak-47,14.303849097588804
ak-47,3.738132262574453
ak-47,0.0
ak-47,0.0
ak-47,0.0
ak-47,64.45618794888776
ak-47,0.0
ak-47,0.0
ak-47,0.0
glock-18,0.0
ak-47,111.78676290549782
ak-47,0.0
ak-47,82.5539446102777
ak-47,3.652344
ak-47,0.0
awp,0.0
ak-47,0.0
ak-47,0.0
ak-47,4.30630755900284
awp,0.0
awp,0.0
awp,0.0
ak-47,26.365930024459367
ak-47,13.102906523637722
awp,0.0
ak-47,0.0
ak-47,0.0
ak-47,0.0
ak-47,0.0
awp,0.0
awp,4.302273916259284
awp,0.0
ak-47,38.29544111549662
awp,0.0
awp,0.0
ak-47,0.0
ak-47,70.74474429879822
ak-47,30.03968445682113
ak-47,20.573657945461132
ak-47,0.0
ak-47,27.662737292492007
ak-47,0.0
ak-47,0.0
ak-47,16.45630014472041
awp,11.356798120199592
mac-10,36.646965179998915
ak-47,78.55616179931798
ak-47,0.0
ak-47,37.04762047942465
awp,0.0
awp,16.687361012997982
ak-47,0.0
ak-47,0.0
ak-47,0.0
ak-47,0.0
awp,0.0
awp,4.396487411843687
ak-47,0.0
awp,0.0
ak-47,19.400287465697744
ak-47,0.5601215888858418
glock-18,0.0
glock-18,74.58699038729328
glock-18,0.0
ak-47,0.0
awp,0.0
glock-18,0.0
glock-18,0.0
glock-18,0.0
glock-18,0.0
mac-10,0.0
mac-10,0.0
mac-10,0.0
ak-47,0.0
ak-47,0.0
ak-47,0.0
awp,8.609726388643544
awp,0.0
awp,0.0
ak-47,0.0
ak-47,0.0
awp,0.0
ak-47,11.951268916800425
ak-47,43.027626045998595
ak-47,0.0
ak-47,0.0
ak-47,0.0
awp,1.0070926455296951
awp,6.871789439837996
awp,29.548472486742952
ak-47,73.053141693269
ak-47,0.0
ak-47,0.0
ak-47,0.0
ak-47,0.0
ak-47,0.0
ak-47,0.0
awp,16.901579864924464
ak-47,0.0
ak-47,0.0
awp,0.0
ak-47,0.0
ak-47,0.0
awp,5.202686761105266
awp,0.0
awp,28.221969050543656
awp,2.177043413085968
ak-47,24.162083734733994
ak-47,59.98535397106681
glock-18,0.0
glock-18,0.0
glock-18,28.341824803691186
glock-18,0.0
mac-10,29.201802284026254
ak-47,0.0
mac-10,5.602630262249062
ak-47,122.42578255792333
ak-47,21.170711483803963
ak-47,0.0
ak-47,0.0
ak-47,0.0
ak-47,0.0
ak-47,0.0
awp,12.156065724744046
ak-47,22.487485966512597
awp,0.0
ak-47,0.0
awp,0.0
ak-47,0.0
glock-18,0.0
glock-18,0.0
glock-18,0.0
glock-18,0.0
glock-18,86.01018952995905
glock-18,115.04055419363942
ak-47,9.771723096037105
ak-47,20.453520870023063
ak-47,45.08177004877325
ak-47,36.18772577373169
ak-47,18.283608607757934
mac-10,0.0
mac-10,0.0
awp,0.0
awp,0.0
awp,0.0
ak-47,0.0
ak-47,136.18096503331256
ak-47,0.0
ak-47,0.0
ak-47,0.0
ak-47,0.0
ak-47,0.0
ak-47,0.0
ak-47,77.54276321458454
glock-18,0.0
ak-47,0.0
ak-47,0.0
ak-47,0.0
ak-47,0.0
ak-47,0.0
ak-47,0.0
awp,0.0
awp,0.0
glock-18,95.15531401812866
glock-18,88.37565781752173
glock-18,56.97174002174648
ak-47,0.0
mac-10,61.54251346754002
ak-47,2.1398976674934715
ak-47,8.435072215301064
mac-10,131.2304163391025
ak-47,30.083920013812378
ak-47,0.0
ak-47,2.2281514435668415
ak-47,82.35841590323265
ak-47,0.0
ak-47,0.0
awp,0.0
awp,0.0
ak-47,0.0
ak-47,0.0
ak-47,0.0
ak-47,0.0
ak-47,5.163494731269124
awp,0.0
ak-47,16.820138399470558
glock-18,0.0
ak-47,0.0
ak-47,0.0
awp,1.3614388069244978
awp,0.0
ak-47,0.0
ak-47,0.0
ak-47,0.0
ak-47,0.0
ak-47,0.0
ak-47,9.533099898757381
ak-47,0.0
ak-47,0.0
glock-18,23.55018830794871
glock-18,84.30236538880425
glock-18,182.21904999527268
mac-10,42.08785901901744
mac-10,156.76366249722213
mac-10,0.0
ak-47,0.0
ak-47,0.0
ak-47,0.0
ak-47,0.0
ak-47,0.0
ak-47,0.0
ak-47,0.0
ak-47,0.0
ak-47,0.0
ak-47,0.0
ak-47,21.546605841587322
ak-47,0.0
awp,0.0
ak-47,73.22575431543338
ak-47,0.0
ak-47,21.557071394094166
awp,33.99236396483729
ak-47,34.140058399517436
ak-47,141.50190638509852
awp,0.0
ak-47,0.0
awp,0.0
ak-47,0.0
ak-47,0.0
awp,0.0
ak-47,73.09486894922813
ak-47,54.73778336815459
awp,0.0
ak-47,0.0
awp,0.0
ak-47,0.0
ak-47,10.392046425331731
ak-47,4.80478420502274
awp,15.41628027126985
ak-47,10.052117729289982
ak-47,69.2417402311866
ak-47,73.10156241741477
ak-47,7.568563229722336
mac-10,0.0
ak-47,12.542671904615698
ak-47,0.0
ak-47,0.0
glock-18,34.57100492543843
glock-18,72.15745374686158
glock-18,0.0
glock-18,0.0
glock-18,0.0
ak-47,15.810686329009757
ak-47,33.52835932320951
ak-47,12.890805302034508
ak-47,25.30365183576446
ak-47,30.12902754456655
ak-47,0.0
ak-47,0.0
ak-47,34.37931089797083
ak-47,0.0
ak-47,17.176082855692826
mac-10,57.487584758470284
ak-47,0.0
ak-47,0.0
ak-47,0.0
ak-47,5.402262471027671
ak-47,40.54045672125524
ak-47,0.0
ak-47,39.02492406091216
ak-47,9.850476157143927
ak-47,0.0
awp,0.0
ak-47,0.0
ak-47,0.0
ak-47,0.0
ak-47,0.0
ak-47,0.0
ak-47,0.0
ak-47,0.0
awp,0.0
ak-47,0.0
ak-47,0.0
ak-47,0.0
ak-47,0.0
awp,0.0
awp,0.0
awp,0.0
awp,0.0
ak-47,4.44543089594091
awp,0.0
ak-47,4.53620913154817
ak-47,0.0
ak-47,0.0
ak-47,0.0
ak-47,0.0
ak-47,0.0
glock-18,49.98678238661884
glock-18,27.7024739847673
glock-18,166.8634147536161
glock-18,31.903300027616268
glock-18,148.69552287938853
mac-10,82.04609565973774
mac-10,0.0
mac-10,50.59438041870738
ak-47,0.0
mac-10,19.610158736603967
ak-47,16.473797669252253
ak-47,0.0
ak-47,0.0
awp,0.0
ak-47,0.0
ak-47,0.0
ak-47,0.0
ak-47,0.0
ak-47,0.0
ak-47,0.0
ak-47,57.00830874201584
ak-47,0.0
ak-47,0.0
awp,0.0
ak-47,0.0
ak-47,4.636497285438761
ak-47,27.69952714722199
ak-47,0.0
ak-47,0.0
ak-47,39.0837668585753
ak-47,0.0
ak-47,127.52149860818506
ak-47,5.997204335504752
ak-47,0.0
ak-47,0.0
ak-47,0.0
ak-47,28.5222070050027
ak-47,12.195202301231785
ak-47,3.137234528578474
ak-47,12.622622748261234
ak-47,16.58651769201302
ak-47,13.408949850191886
ak-47,26.32382983604979
ak-47,14.78563714743024
ak-47,0.0
awp,0.0
ak-47,0.0
awp,4.677986521727163
awp,0.0
awp,0.0
awp,0.0
awp,0.0
glock-18,158.86892672278555
glock-18,108.89715014448194
glock-18,216.34456307174239
ak-47,0.0
ak-47,26.416691143118737
ak-47,4.846521324716111
ak-47,39.36231412378708
ak-47,80.59831273808148
ak-47,0.0
ak-47,0.0
ak-47,0.0
ak-47,0.0
ak-47,0.0
awp,0.0
awp,0.0
ak-47,0.0
awp,0.0
awp,6.235084245057881
ak-47,0.0
ak-47,0.0
awp,30.009951370451038
ak-47,0.0
ak-47,0.0
ak-47,22.33246354031048
ak-47,5.188589172085222
awp,0.0
glock-18,35.17434296866601
glock-18,0.0
glock-18,148.95695685363836
glock-18,0.0
glock-18,0.0
ak-47,0.0
mac-10,0.0
mac-10,120.0776945219624
ak-47,0.0
ak-47,31.3422466613555
ak-47,49.04185971092705
ak-47,72.35514970807084
ak-47,8.772950984729654
awp,0.0
ak-47,0.0
ak-47,0.0
ak-47,0.0
awp,0.0
awp,0.0
ak-47,0.0
ak-47,0.0
mac-10,29.696587141743883
ak-47,0.0
ak-47,0.0
ak-47,0.0
ak-47,0.0
ak-47,0.0
mac-10,14.164720382784157
ak-47,0.0
ak-47,0.0
ak-47,46.193355251059494
awp,0.0
ak-47,0.0
ak-47,131.07996326961427
awp,0.0
ak-47,0.0
ak-47,0.0
awp,0.0
ak-47,0.0
ak-47,0.0
ak-47,9.283986076032267
ak-47,61.38922306379768
ak-47,18.016478845815264
ak-47,0.0
glock-18,0.0
glock-18,0.0
glock-18,0.0
mac-10,32.37049273921681
ak-47,0.0
ak-47,47.10914041192628
ak-47,35.50720997765751
mac-10,26.432198189184057
ak-47,23.031875415524677
ak-47,0.0
ak-47,4.302645766251737
ak-47,0.0
ak-47,90.20475365823425
ak-47,0.0
ak-47,0.32103168005665733
ak-47,120.76437273634284
ak-47,1.7472122100180045
ak-47,72.99683147419798
ak-47,0.0
ak-47,0.0
ak-47,50.34487031950033
ak-47,0.0
awp,0.0
ak-47,0.0
ak-47,18.947967566216196
ak-47,3.1701142890231893
ak-47,36.22714358974614
ak-47,36.380362242080786
ak-47,0.0
ak-47,26.69473126232907
ak-47,0.6996872822690149
ak-47,68.75504315615002
ak-47,0.0
ak-47,0.0
awp,0.0
ak-47,0.0
ak-47,0.0
ak-47,25.042339619476213
ak-47,23.31090577070282
ak-47,0.0
awp,0.0
ak-47,0.0
awp,0.0
awp,0.0
awp,0.0
awp,0.0
ak-47,36.05764057498717
ak-47,61.989347338932646
ak-47,0.0
ak-47,110.91486603461047
awp,0.0
ak-47,0.0
ak-47,0.0
ak-47,26.255101709554527
awp,0.0
ak-47,0.0
ak-47,0.0
ak-47,0.0
ak-47,0.0
ak-47,0.0
ak-47,45.99441446638351
ak-47,0.0
ak-47,21.227297155578945
ak-47,34.12731069285579
ak-47,10.299771530547753
awp,0.0
ak-47,0.0
ak-47,6.723345085641894
ak-47,2.017782731638865
ak-47,0.0
ak-47,0.0
ak-47,54.98977227882785
ak-47,0.40331016580790524
ak-47,0.0
ak-47,41.28454105446886
awp,0.0
ak-47,0.0
ak-47,0.0
ak-47,0.0
ak-47,30.722620906098555
ak-47,40.11413203236437
awp,0.0
ak-47,0.0
awp,0.0
ak-47,59.745953279117316
ak-47,13.565415082304892
ak-47,21.73002203765187
ak-47,44.57980974922778
glock-18,239.9998274711355
glock-18,0.0
mac-10,188.7531518528958
ak-47,42.282892729544
ak-47,81.36304243585025
mac-10,44.888975645028495
ak-47,8.124026640494787
awp,0.0
awp,0.0
ak-47,2.3488259748140132
ak-47,0.0
ak-47,0.0
ak-47,26.748430152534187
ak-47,7.311415659387448
ak-47,0.0
awp,0.0
awp,0.0
ak-47,0.0
ak-47,0.0
ak-47,0.0
ak-47,0.0
ak-47,0.0
ak-47,0.0
ak-47,0.0
awp,0.0
awp,0.0
ak-47,0.0
ak-47,0.0
ak-47,0.0
ak-47,0.0
ak-47,0.0
glock-18,68.28121013482102
ak-47,0.0
ak-47,0.0
awp,0.0
ak-47,58.86751094453279
ak-47,0.0
ak-47,2.000622080435233
ak-47,19.39934333688499
ak-47,0.0
ak-47,21.631632912946472
glock-18,0.0
glock-18,218.3610111459342
glock-18,0.0
mac-10,0.0
ak-47,0.0
mac-10,0.0
mac-10,0.0
glock-18,0.0
ak-47,0.0
ak-47,0.0
ak-47,0.0
ak-47,0.0
ak-47,0.0
awp,0.0
awp,2.3295926581969217
ak-47,0.0
ak-47,0.0
ak-47,0.0
ak-47,0.0
ak-47,0.0
awp,0.0
awp,0.0
awp,0.0
awp,0.0
ak-47,0.0
ak-47,0.0
ak-47,0.0
awp,0.0
ak-47,0.0
ak-47,0.0
ak-47,0.0
ak-47,76.03400285513584
ak-47,10.426266409889976
ak-47,41.71381349538933
ak-47,29.198915428658665
ak-47,0.0
ak-47,28.791382892292376
awp,0.0
ak-47,0.0
ak-47,0.0
ak-47,0.0
ak-47,73.10166561457406
ak-47,78.46243534179668
ak-47,73.09060706586443
awp,0.0
ak-47,0.0
ak-47,6.839363707878825
ak-47,15.924121944708945
ak-47,18.746803112881008
glock-18,28.172486105333782
glock-18,141.68417520952963
ak-47,0.0
ak-47,0.0
ak-47,0.0
ak-47,0.0
ak-47,8.1692386536132
ak-47,49.046738276768664
awp,33.991791575779736
ak-47,0.0
ak-47,11.631256716816974
ak-47,19.79287584647226
awp,0.0
ak-47,0.0
awp,0.0
ak-47,54.785362604673765
ak-47,0.0
ak-47,19.447906702279965
awp,0.0
awp,9.527423506277497
ak-47,0.0
ak-47,0.0
mac-10,23.390767041235392
mac-10,7.186111528660267
mac-10,64.4041598941246
ak-47,15.66209362164797
ak-47,0.46107477999127217
ak-47,0.0
ak-47,0.0
glock-18,0.0
ak-47,0.0
ak-47,0.0
ak-47,0.0
ak-47,0.0
awp,0.0
ak-47,0.0
ak-47,32.961576175427446
ak-47,12.23078479852548
awp,0.0
ak-47,73.100159375895
ak-47,0.0
ak-47,3.651845196780389
ak-47,0.0
ak-47,29.41275001221834
awp,0.0
awp,0.0
ak-47,72.98982063285007
ak-47,0.0
ak-47,0.0
ak-47,0.0
ak-47,9.930436957554738
awp,5.419786028049816
ak-47,47.44997622908388
awp,0.0
ak-47,4.741320014045244
awp,0.0
ak-47,0.0
ak-47,57.55346105062883
mac-10,0.0
ak-47,41.46953436400255
glock-18,0.0
ak-47,0.0
ak-47,0.0
ak-47,45.04908424768131
ak-47,29.8125
awp,13.31066791486603
ak-47,0.0
ak-47,0.0
awp,0.0
ak-47,0.0
ak-47,0.0
awp,0.0
ak-47,0.0
ak-47,0.0
ak-47,0.0
ak-47,39.76930174990259
ak-47,12.622206173816684
awp,0.0
awp,0.0
ak-47,16.562267974369753
ak-47,5.8854005346386575
awp,0.0
ak-47,47.004322304202454
ak-47,32.90269678225361
ak-47,0.0
ak-47,47.511141132546975
ak-47,10.275602424173874
ak-47,20.881507734655106
ak-47,0.0
ak-47,0.0
awp,0.0
ak-47,0.0
ak-47,0.0
ak-47,0.0
mac-10,0.0
ak-47,69.47923174620578
ak-47,3.39340454445738
ak-47,22.779770399476835
ak-47,28.65966832022984
ak-47,0.0
awp,0.0
ak-47,0.0
awp,0.0
ak-47,7.162443323019667
ak-47,0.0
ak-47,0.0
ak-47,48.87547007298472
ak-47,50.69448210322895
ak-47,121.02175951321648
ak-47,66.40435327284621
ak-47,15.69091622237086
ak-47,12.770427111317343
awp,0.0
awp,0.0
ak-47,187.26172160748033
ak-47,0.0
ak-47,0.0
awp,0.0
awp,8.347363761838883
glock-18,239.99298394398917
awp,0.0
awp,0.0
awp,8.110764620039221
ak-47,18.334569966658748
ak-47,8.951765229365657
awp,0.0
ak-47,0.0
ak-47,21.643875329824116
awp,0.0
awp,0.0
ak-47,67.75453785996321
ak-47,20.199264933156453
awp,0.0
ak-47,0.0
ak-47,62.61584576307342
ak-47,9.331268458412769
ak-47,0.0
ak-47,0.0
ak-47,0.0
ak-47,0.0
ak-47,0.0
ak-47,0.0
ak-47,0.0
ak-47,0.0
ak-47,32.51041374626175
glock-18,0.0
ak-47,0.0
ak-47,0.0
ak-47,0.0
ak-47,0.0
ak-47,0.0
ak-47,33.815642133520754
ak-47,0.0
ak-47,0.0
ak-47,0.0
ak-47,0.0
ak-47,0.0
ak-47,0.0
glock-18,0.0
glock-18,0.0
awp,2.6226071428229583
ak-47,0.0
ak-47,0.0
ak-47,0.0
ak-47,0.0
awp,0.0
ak-47,0.0
ak-47,0.0
ak-47,0.0
awp,0.0
awp,0.0
ak-47,0.0
ak-47,0.0
ak-47,0.0
ak-47,35.84063453216152
ak-47,0.0
ak-47,0.0
ak-47,0.0
ak-47,0.0
ak-47,0.0
ak-47,1.8828120663900578
ak-47,13.915088424277762
ak-47,214.9860014184699
awp,7.174023608162228
awp,36.917358811343334
ak-47,0.0
ak-47,9.314977124401594
ak-47,0.0
ak-47,0.0
ak-47,0.0
ak-47,0.0
ak-47,0.0
awp,25.48378683403124
ak-47,0.0
ak-47,24.16406247893934
ak-47,0.0
ak-47,0.0
ak-47,0.0
glock-18,78.14602592876979
glock-18,128.24991814385788
glock-18,139.59664207073465
ak-47,0.0
ak-47,0.0
ak-47,0.0
ak-47,110.24305275126396
awp,0.0
glock-18,0.0
glock-18,0.0
ak-47,89.94282023195261
ak-47,0.0
awp,0.0
ak-47,0.0
ak-47,0.0
ak-47,0.0
ak-47,0.0
awp,0.0
ak-47,0.0
awp,0.0
ak-47,0.0
ak-47,0.0
ak-47,0.0
awp,0.0
ak-47,0.0
ak-47,10.855480245046094
ak-47,0.0
ak-47,4.621748024265818
ak-47,0.8696825031297342
ak-47,0.0
ak-47,13.851113690663288
awp,0.0
ak-47,95.35207810440276
awp,0.0
awp,0.0
ak-47,0.0
ak-47,0.0
ak-47,0.0
ak-47,0.0
awp,0.0
awp,0.0
ak-47,36.87471950036324
ak-47,0.0
glock-18,0.0
glock-18,47.415623557542574
glock-18,0.0
glock-18,33.062913513482144
ak-47,65.42273754193162
ak-47,0.0
ak-47,0.0
ak-47,0.0
ak-47,0.0
ak-47,0.0
awp,0.0
ak-47,7.663525875899813
ak-47,0.0
awp,0.0
ak-47,5.5189322895998645
awp,0.0
ak-47,0.0
awp,0.0
ak-47,0.0
ak-47,0.0
ak-47,0.0
ak-47,0.0
ak-47,0.0
ak-47,0.0
ak-47,22.524748171954354
ak-47,0.0
awp,0.0
ak-47,23.963053104123546
ak-47,28.412090568392763
ak-47,0.0
ak-47,13.861700730698994
glock-18,0.0
glock-18,0.0
awp,0.0
ak-47,0.0
ak-47,0.0
ak-47,0.0
ak-47,0.0
ak-47,0.0
awp,0.0
ak-47,0.0
ak-47,0.0
ak-47,43.105049029005514
ak-47,0.0
ak-47,12.467891164501076
ak-47,30.436733225707403
ak-47,0.0
ak-47,63.49688184396341
ak-47,0.0
ak-47,8.496542310285344
ak-47,26.54379980503628
awp,0.0
awp,9.12666495384201
mac-10,0.0
glock-18,0.0
ak-47,73.09917579530651
ak-47,0.0
ak-47,0.0
ak-47,0.0
glock-18,66.16349194242717
ak-47,0.0
awp,0.0
ak-47,178.78125614512314
ak-47,15.298934121592785
awp,0.0
ak-47,42.087418904918906
awp,18.480405586052488
ak-47,0.0
ak-47,0.0
ak-47,0.0
awp,11.1450348540263
ak-47,0.0
ak-47,0.0
ak-47,0.0
awp,0.0
awp,0.0
awp,0.0
glock-18,77.34895791212573
ak-47,0.0
ak-47,0.0
mac-10,206.7220426166631
ak-47,0.0
awp,0.0
ak-47,0.0
awp,0.0
ak-47,0.0
ak-47,13.640206464798984
ak-47,9.345062415772727
awp,0.0
ak-47,0.0
ak-47,15.747694608277936
ak-47,0.0
ak-47,0.0
ak-47,0.0
ak-47,47.13009609162595
ak-47,0.0
ak-47,0.0
ak-47,0.0
ak-47,71.48605271085158
ak-47,0.0
ak-47,25.311656247800855
glock-18,0.0
glock-18,0.0
glock-18,63.57504337859192
glock-18,0.0
glock-18,0.0
awp,0.0
ak-47,0.0
ak-47,0.0
awp,0.0
awp,0.0
awp,9.630459125086457
ak-47,2.000725847717523
ak-47,33.94187448918878
ak-47,0.0
ak-47,0.0
ak-47,4.186824555949891
ak-47,0.0
ak-47,0.0
ak-47,0.0
ak-47,0.0
ak-47,0.0
ak-47,0.0
ak-47,0.0
ak-47,0.0
awp,5.890865973000065
awp,1.453871324389129
awp,9.498924137887617
awp,9.150115898717402
ak-47,20.696966821549122
ak-47,4.201890243353341
ak-47,0.0
ak-47,0.0
ak-47,1.7730772909926966
ak-47,0.0
ak-47,0.0
ak-47,29.8678373544264
glock-18,189.87787308732942
glock-18,59.3824871924059
glock-18,20.321658460613985
glock-18,107.72610895591305
mac-10,240.00695350947117
ak-47,151.7019052777435
ak-47,0.0
ak-47,13.00531418632249
ak-47,50.82241110297047
awp,0.0
ak-47,13.350523137865721
awp,0.0
mac-10,0.0
awp,0.0
ak-47,32.86027028618678
ak-47,26.78281124069753
glock-18,47.37147527697077
ak-47,19.318486100180856
ak-47,0.0
ak-47,22.089903224553836
ak-47,0.0
ak-47,0.0
ak-47,105.34913516069066
ak-47,13.831334377213826
awp,9.000274650106185
awp,33.9998669876046
ak-47,71.4219843851711
ak-47,0.0
awp,1.1111341685975642
ak-47,0.0
ak-47,0.0
ak-47,0.0
awp,0.0
glock-18,53.16185658887005
ak-47,0.0
ak-47,0.0
ak-47,0.0
ak-47,1.2111462902411914
ak-47,26.83927068532083
ak-47,0.0
ak-47,12.766453308491007
ak-47,11.40707685684501
ak-47,6.678433108094817
ak-47,4.633123548896144
ak-47,26.97441521817118
awp,0.0
awp,5.753546191191134
ak-47,0.0
ak-47,24.465613036064905
ak-47,33.758792160050234
awp,33.65134960262552
ak-47,0.0
ak-47,25.618566829392094
ak-47,0.0
ak-47,0.0
ak-47,0.0
ak-47,0.0
awp,0.0
awp,9.978694988809309
awp,0.5529995159093721
ak-47,10.673947695316105
ak-47,0.0
ak-47,4.469132413707385
ak-47,26.15493529541683
glock-18,106.28666681103422
glock-18,71.5411378224082
glock-18,31.938020700283055
glock-18,95.2786098549257
glock-18,120.22810652921606
mac-10,59.70001975390953
ak-47,10.473651004078043
glock-18,239.98894083877693
glock-18,7.2750144348546835
glock-18,30.06351602694442
glock-18,25.59351298478472
ak-47,45.482328360472536
ak-47,8.817886762321514
ak-47,24.794354392998923
awp,3.118059391222047
awp,0.0
ak-47,60.001620449699885
ak-47,0.0
ak-47,31.879243435617227
ak-47,24.048819162798825
awp,10.6842214452259
ak-47,0.0
ak-47,0.0
ak-47,0.0
ak-47,0.0
ak-47,0.0
awp,0.0
ak-47,0.0
ak-47,56.135731590269714
ak-47,13.006028845879284
awp,0.0
ak-47,33.195340087876865
ak-47,73.7104965033973
ak-47,0.0
ak-47,20.364182108951812
awp,1.5727209639567346
ak-47,0.0
ak-47,0.0
ak-47,0.0
ak-47,20.219021684805252
ak-47,4.40327893305716
ak-47,0.0
ak-47,0.0
ak-47,15.546039322515172
ak-47,0.0
ak-47,0.0
ak-47,0.0
ak-47,11.263514722427631
ak-47,0.0
awp,0.0
ak-47,0.0
ak-47,0.0
ak-47,30.010565359605025
glock-18,50.305395461123254
ak-47,0.0
ak-47,0.0
ak-47,0.0
ak-47,0.0
awp,0.0
ak-47,0.0
ak-47,0.0
ak-47,0.0
awp,6.337170215470309
awp,26.366011262652982
awp,6.165691662716195
awp,2.3206414236559687
awp,0.4032527208042123
ak-47,0.0
ak-47,0.0
awp,0.0
ak-47,0.0
ak-47,0.0
ak-47,0.0
ak-47,0.0
ak-47,0.0
ak-47,0.0
ak-47,0.0
ak-47,0.0
ak-47,0.0
awp,0.0
ak-47,0.0
awp,0.0
ak-47,0.0
awp,0.0
ak-47,0.0
glock-18,0.0
ak-47,0.0
mac-10,22.883064670746922
ak-47,7.939334685382712
mac-10,28.379638185399408
mac-10,29.817960371851477
mac-10,14.319988524431297
ak-47,8.395729941464293
ak-47,0.0
mac-10,77.73259977538281
ak-47,12.026069738305447
ak-47,29.398844888952492
ak-47,0.0
ak-47,9.476050053539607
ak-47,24.010182289808714
awp,0.0
ak-47,0.0
ak-47,23.664292600436063
ak-47,35.57214074617418
ak-47,0.0
ak-47,0.0
ak-47,10.861757832097206
ak-47,34.909774889169654
awp,0.0
awp,0.0
awp,0.0
ak-47,0.0
ak-47,62.3042610562965
ak-47,0.0
ak-47,0.0
ak-47,0.0
awp,0.0
awp,0.30338262248355624
awp,21.17349509484086
awp,35.25939729570331
ak-47,70.76783047120058
awp,0.39080074921371377
ak-47,3.4988773002643296
ak-47,14.752003260912092
ak-47,17.974409323896268
ak-47,9.094979653869327
awp,16.32002253580221
glock-18,85.73438629295163
glock-18,144.76115725728536
glock-18,74.92009599933655
ak-47,0.0
ak-47,5.963636123988116
ak-47,71.71826550803128
ak-47,0.0
ak-47,10.804764354831066
ak-47,0.0
ak-47,0.0
ak-47,0.0
awp,2.599253343623126
ak-47,0.0
ak-47,0.0
ak-47,0.0
ak-47,0.0
ak-47,20.854095908177392
ak-47,1.9450962347156502
ak-47,0.0
ak-47,0.0
awp,12.365102181265021
awp,6.7617096400863
ak-47,91.4803962287812
ak-47,0.0
ak-47,83.75455870181014
ak-47,0.0
glock-18,74.6862483333926
glock-18,142.9860936904742
glock-18,97.46270445542554
glock-18,14.190888290988164
glock-18,0.0
mac-10,224.83578101216582
ak-47,0.0
ak-47,0.0
mac-10,26.28365824742035
ak-47,33.17376317347557
ak-47,64.17060084959047
ak-47,12.316712873799771
ak-47,110.99843724397866
ak-47,27.89501891159289
ak-47,72.90492814934643
ak-47,60.5981441406663
ak-47,8.134598936362444
ak-47,18.081239693114078
ak-47,20.820431355641052
ak-47,0.0
ak-47,20.082039987962503
ak-47,29.04792141068359
ak-47,54.7997508690733
ak-47,12.983935086861917
ak-47,2.192260234838921
ak-47,87.1319758598789
ak-47,31.05122172503343
ak-47,14.679815369387212
ak-47,0.0
ak-47,68.02696726422522
awp,2.2190597396999028
awp,29.992401534385422
ak-47,0.8575982769852094
ak-47,60.82812951550844
awp,10.969718963923416
ak-47,0.0
glock-18,125.77243934478373
ak-47,16.36137463901261
awp,0.0
ak-47,120.68502268142964
ak-47,26.34365969689075
ak-47,107.46025109967988
ak-47,25.36631454655573
ak-47,0.0
ak-47,25.413621849757288
ak-47,0.0
ak-47,0.0
ak-47,96.67826824990094
ak-47,29.850327084093134
ak-47,8.080232595952173
ak-47,61.86001572267793
ak-47,47.7038113877494
ak-47,14.475887523390197
glock-18,219.19668884522403
glock-18,67.94712738057777
ak-47,31.111079616300444
ak-47,85.87337122929424
ak-47,6.097319198003661
ak-47,11.342471651627303
ak-47,0.0
ak-47,64.89320317490734
ak-47,25.769334459003034
ak-47,15.931084681125387
ak-47,16.23632542109476
ak-47,62.654254351938945
ak-47,5.744993736652809
awp,6.163884168523042
ak-47,0.0
ak-47,46.787679335374655
ak-47,58.89970832148041
glock-18,0.0
ak-47,0.0
ak-47,0.0
ak-47,23.241416000787904
ak-47,9.109888047087571
ak-47,80.28314636738658
ak-47,0.0
ak-47,0.0
ak-47,0.0
ak-47,0.0
ak-47,0.0
ak-47,0.0
ak-47,0.0
ak-47,0.0
ak-47,0.0
ak-47,0.0
ak-47,0.0
ak-47,80.71478023718646
ak-47,24.150262785432975
ak-47,25.249355078242846
ak-47,0.0
ak-47,0.6011057519272295
ak-47,15.780170659872091
ak-47,35.64699577338752
awp,0.0
ak-47,25.17959230502871
ak-47,4.33514935760511
ak-47,0.0
ak-47,0.0
ak-47,0.0
awp,0.0
awp,0.0
ak-47,0.0
awp,0.0
ak-47,112.23732936261078
ak-47,0.0
ak-47,0.0
ak-47,0.0
ak-47,0.0
ak-47,0.0
ak-47,0.0
ak-47,124.80480944876672
ak-47,0.0
ak-47,0.0
ak-47,0.0
ak-47,0.0
glock-18,0.0
glock-18,175.20526929918853
ak-47,0.0
ak-47,0.0
ak-47,0.0
ak-47,0.0
ak-47,0.0
ak-47,0.0
ak-47,1.8611836222108769
ak-47,0.0
ak-47,0.0
ak-47,19.99184776802004
ak-47,45.22138730343709
ak-47,3.792094212355621
ak-47,0.0
ak-47,0.0
ak-47,0.0
ak-47,35.601751316305005
ak-47,0.0
ak-47,25.78796895803291
ak-47,0.0
ak-47,2.568834967373342
ak-47,13.108594686997115
ak-47,0.0
ak-47,49.66395626883204
ak-47,0.0
ak-47,15.025867226818193
ak-47,58.05516072273824
ak-47,0.0
ak-47,0.0
ak-47,66.9826822449715
ak-47,8.517629459673918
ak-47,40.70715375738451
awp,0.0
awp,0.0
glock-18,0.0
glock-18,68.0753564627772
glock-18,122.92590373715656
awp,4.300459885927202
awp,0.0
ak-47,0.0
ak-47,0.0
ak-47,7.849366141805655
awp,0.0
ak-47,13.660295546008403
ak-47,0.0
glock-18,0.0
ak-47,0.0
glock-18,0.0
ak-47,31.279971539555163
awp,0.0
ak-47,2.597918755627281
ak-47,21.933739071090272
ak-47,9.898298840669996
ak-47,0.0
ak-47,0.0
awp,0.0
awp,0.0
ak-47,0.0
ak-47,8.63620582760045
awp,0.0
ak-47,16.472495379698245
awp,0.0
ak-47,34.62506057279788
ak-47,0.0
ak-47,0.0
ak-47,0.0
ak-47,0.0
ak-47,0.0
ak-47,0.0
ak-47,0.0
ak-47,0.0
awp,2.2219149343721507
ak-47,45.63139600776189
awp,2.2200296093865504
awp,3.1929930669492532
ak-47,0.0
awp,0.0
ak-47,0.0
awp,0.0
glock-18,0.0
glock-18,0.0
awp,16.177495539322674
ak-47,0.0
awp,33.67642584263033
ak-47,17.484344537451125
ak-47,0.0
ak-47,5.868531065122259
awp,0.4617483450755401
awp,41.89768690572076
glock-18,19.761064219659477
ak-47,0.0
ak-47,0.0
ak-47,0.0
ak-47,75.29890550553495
ak-47,7.581444252328971
ak-47,0.0
ak-47,0.0
ak-47,79.31248043152586
ak-47,27.139356918526495
ak-47,58.608998170901025
ak-47,49.60506400292529
awp,0.0
ak-47,0.0
ak-47,0.0
ak-47,0.0
awp,0.0
ak-47,0.0
ak-47,0.0
awp,0.0
ak-47,25.36847607403905
awp,0.0
awp,0.0
ak-47,11.961749928636069
awp,0.0
ak-47,0.0
awp,0.0
ak-47,0.0
ak-47,0.0
ak-47,32.23929086974743
ak-47,22.246356143172413
ak-47,0.0
awp,0.0
ak-47,0.0
glock-18,52.66481755225684
glock-18,0.0
glock-18,28.311765001893843
glock-18,0.0
glock-18,0.0
ak-47,0.0
ak-47,14.898307194524383
ak-47,0.0
ak-47,18.705252726683273
ak-47,0.0
ak-47,22.023074963826122
ak-47,11.002529893733533
ak-47,59.09743984542968
awp,0.0
ak-47,7.75368485987469
ak-47,2.267661609412877
ak-47,0.0
ak-47,0.0
awp,32.839755417431306
ak-47,0.0
ak-47,60.9036865321232
ak-47,14.408271404550513
ak-47,22.95748012245379
ak-47,47.565092385032536
awp,29.66396057530801
ak-47,55.78328077535867
ak-47,0.0
awp,0.0
ak-47,0.6990573310537556
ak-47,58.6391202725191
ak-47,12.840022473200932
ak-47,12.047736009347481
ak-47,28.79718602654131
glock-18,176.32097695414038
glock-18,205.70734535402613
glock-18,58.74325173204739
awp,0.0
ak-47,0.0
ak-47,0.0
ak-47,32.417436618313054
awp,0.0
ak-47,0.0
ak-47,52.68532316860509
awp,0.0
awp,0.0
awp,0.0
ak-47,0.0
ak-47,11.163873883116246
awp,0.0
ak-47,0.0
awp,0.0
ak-47,54.64301531094767
ak-47,15.710610700728473
awp,0.0
awp,0.0
ak-47,0.0
awp,0.0
ak-47,51.26940400638496
ak-47,2.024327145158361
ak-47,31.026879255383147
ak-47,29.948511316560044
ak-47,16.095449165368485
ak-47,28.221497276410776
ak-47,13.622976947141325
awp,0.0
awp,0.0
glock-18,35.10462181332039
glock-18,238.93640720797055
glock-18,13.278860079088114
ak-47,0.0
ak-47,4.760506771519184
ak-47,4.988665555771804
mac-10,26.253989119271093
ak-47,0.0
ak-47,0.0
ak-47,0.0
ak-47,0.0
ak-47,0.0
ak-47,0.0
glock-18,239.99159313344805
ak-47,10.162765597505631
ak-47,10.143083605796612
ak-47,7.818310339357219
ak-47,60.13758367776831
ak-47,41.54664288671529
ak-47,28.191090308083954
ak-47,0.3449026753578464
ak-47,32.23902700477482
ak-47,19.84279495937518
glock-18,0.0
glock-18,0.0
glock-18,0.0
glock-18,53.2324330537252
mac-10,0.0
ak-47,0.0
mac-10,0.0
mac-10,0.0
mac-10,0.0
ak-47,12.04996979735584
mac-10,0.0
awp,17.10083442671275
awp,8.235798026944627
awp,0.0
awp,0.0
ak-47,34.22612141578283
ak-47,26.466471061010854
awp,15.905559292469096
awp,0.0
awp,0.0
ak-47,0.0
ak-47,0.0
ak-47,0.0
ak-47,0.0
awp,0.0
ak-47,0.0
awp,0.0
awp,0.0
ak-47,32.98451326811084
awp,0.0
glock-18,189.4576256386646
glock-18,117.66122243368817
glock-18,47.84836181470151
ak-47,0.0
ak-47,22.396411791114843
ak-47,0.0
ak-47,0.0
ak-47,0.0
ak-47,13.597307466548074
ak-47,0.0
ak-47,0.0
ak-47,0.0
ak-47,0.0
ak-47,0.0
awp,3.0131274092178706
ak-47,9.33075916507762
ak-47,0.0
awp,28.353912817984117
ak-47,0.0
ak-47,20.52220110921799
awp,2.7277516588401154
ak-47,0.0
ak-47,4.990141149911993
awp,0.0
awp,34.00393869866344
ak-47,0.0
ak-47,0.0
mac-10,0.0
ak-47,24.599939603187423
awp,2.3220909234644536
awp,0.4468859264398466
glock-18,182.49173061314227
glock-18,0.0
awp,20.891771352984435
awp,9.408489250436862
ak-47,14.563614831254121
ak-47,0.0
ak-47,32.38660091253741
awp,0.0
awp,0.0
ak-47,0.0
awp,20.22833257094084
ak-47,0.0
awp,52.23524200970548
ak-47,34.12578530166251
ak-47,0.0
ak-47,0.0
awp,0.0
ak-47,58.75505182301847
ak-47,0.0
ak-47,0.0
ak-47,0.0
ak-47,0.0
ak-47,0.0
ak-47,0.0
ak-47,0.0
ak-47,0.0
ak-47,0.0
ak-47,0.0
ak-47,0.0
ak-47,0.0
ak-47,0.0
ak-47,0.0
ak-47,0.0
awp,0.0
ak-47,0.0
ak-47,0.0
awp,0.0
ak-47,0.0
awp,0.0
glock-18,0.0
glock-18,0.0
glock-18,0.0
glock-18,0.0
mac-10,0.0
ak-47,8.135551943464254
mac-10,0.0
ak-47,20.835669659203685
mac-10,0.0
awp,0.8047255306550177
awp,0.0
ak-47,0.0
awp,4.831599488491156
ak-47,0.0
ak-47,0.0
awp,0.0
awp,22.754233165569985
awp,5.594099151114503
awp,10.414073721674386
ak-47,0.0
ak-47,0.0
awp,0.0
ak-47,0.0
ak-47,0.0
ak-47,0.0
ak-47,0.0
awp,32.134655401808324
ak-47,0.0
ak-47,0.0
ak-47,0.0
ak-47,0.0
ak-47,0.0
awp,0.0
ak-47,0.0
ak-47,0.0
ak-47,0.0
awp,0.0
ak-47,0.0
ak-47,0.0
ak-47,68.57494223815688
ak-47,0.0
ak-47,0.0
awp,9.198933199389808
glock-18,0.0
glock-18,0.0
glock-18,84.99342439149612
ak-47,15.637830633746646
ak-47,31.1397366778717
mac-10,0.0
ak-47,21.082748170892142
ak-47,66.77710200261156
mac-10,58.12718849559425
ak-47,73.10825383703667
ak-47,42.63384901832332
ak-47,0.0
ak-47,0.0
ak-47,42.039761506488844
glock-18,0.0
ak-47,11.594942390670555
ak-47,53.684648997268866
ak-47,0.0
ak-47,14.456391148893454
ak-47,0.0
ak-47,44.85827987368203
ak-47,15.889472906828471
ak-47,0.0
ak-47,0.0
ak-47,23.919126695328742
ak-47,0.4844379918720248
ak-47,103.6947551232498
ak-47,2.709326598472026
ak-47,0.0
ak-47,0.0
awp,1.0092422082736137
ak-47,18.907368504180294
ak-47,54.232210064890964
ak-47,0.0
awp,0.0
awp,0.0
ak-47,33.07601154579167
ak-47,25.688911965110005
ak-47,21.55037779205898
ak-47,1.7967558558326726
ak-47,6.1893593693001865
ak-47,11.409032967646118
ak-47,6.551126024916328
ak-47,32.56757173194872
ak-47,55.83568339693125
glock-18,29.42015037636567
glock-18,115.86278393248179
glock-18,7.615199740640032
mac-10,20.434705546626898
ak-47,24.164745810800206
ak-47,0.0
ak-47,25.137125200385267
ak-47,7.144405811706387
ak-47,0.0
ak-47,13.223461511262625
awp,0.0
ak-47,72.57617499611759
ak-47,21.40458905358636
awp,7.038087787883936
awp,0.0
ak-47,10.205679973700233
awp,0.0
ak-47,0.0
ak-47,0.0
ak-47,0.0
ak-47,50.696019821887894
ak-47,0.0
awp,0.0
ak-47,0.0
ak-47,0.0
mac-10,0.0
awp,0.0
mac-10,239.9940617144581
ak-47,0.0
ak-47,0.0
ak-47,181.59216810851336
ak-47,15.550321540083987
awp,0.0
ak-47,0.0
awp,0.0
ak-47,7.711338264851374
ak-47,11.050333175124178
ak-47,9.843799603049627
ak-47,72.56929776782758
ak-47,0.0
ak-47,0.0
awp,0.0
ak-47,73.08882652293714
awp,0.0
ak-47,0.0
ak-47,7.63760484788916
ak-47,34.4147997155288
ak-47,29.289830876474195
ak-47,68.61675137115185
awp,0.0
awp,0.0
awp,34.63700092163226
ak-47,70.9417051779292
ak-47,4.345696137325871
glock-18,60.798253503661144
glock-18,0.0
glock-18,12.210277762368062
ak-47,0.0
ak-47,0.0
ak-47,0.0
ak-47,0.0
ak-47,0.0
ak-47,108.42210246470592
ak-47,0.0
ak-47,13.0125209494533
ak-47,176.95138238658228
ak-47,0.0
ak-47,0.0
ak-47,72.79676189924582
ak-47,69.03496144336799
ak-47,36.924398315830196
ak-47,17.038403331587265
ak-47,0.0
ak-47,5.0760458697793505
ak-47,0.0
ak-47,0.0
ak-47,0.0
ak-47,0.0
ak-47,0.0
ak-47,0.0
awp,0.0
ak-47,69.66736102045697
ak-47,0.0
ak-47,0.0
ak-47,0.0
ak-47,0.0
ak-47,0.0
ak-47,0.0
ak-47,0.0
ak-47,11.506890315010395
ak-47,109.41358639798207
ak-47,0.0
ak-47,12.075094633913599
ak-47,0.726562
ak-47,71.26469204301723
ak-47,0.0
ak-47,5.995155922180007
ak-47,0.0
ak-47,0.0
ak-47,28.166545993970736
ak-47,0.0
ak-47,49.25988759872427
awp,0.0
ak-47,30.26393334519591
ak-47,58.89270102989572
awp,0.6020316441732942
awp,18.908453510744053
ak-47,0.0
ak-47,0.0
ak-47,0.0
ak-47,29.841903614464023
ak-47,6.524840298273132
ak-47,0.0
awp,0.0
awp,0.0
ak-47,38.55474212475962
ak-47,0.0
ak-47,0.0
awp,0.0
awp,0.0
awp,0.0
ak-47,48.934743984774954
ak-47,10.899972378656242
awp,0.0
awp,0.0
ak-47,0.0
awp,0.0
ak-47,85.228485703963
ak-47,9.31336510243478
ak-47,0.0
awp,0.0
awp,0.0
ak-47,16.07110956944072
ak-47,56.24574100999495
awp,0.0
ak-47,0.0
ak-47,0.0
ak-47,0.0
ak-47,0.0
awp,0.0
awp,0.0
awp,22.812720558779677
ak-47,16.08257040558461
ak-47,48.39077657991072
ak-47,13.95193040602941
ak-47,52.75389756242987
glock-18,0.0
glock-18,0.0
glock-18,0.0
glock-18,0.0
glock-18,0.0
ak-47,0.0
ak-47,8.492048443836211
ak-47,0.0
ak-47,0.0
ak-47,0.0
ak-47,49.96768813861583
ak-47,0.0
ak-47,0.0
awp,0.0
awp,0.0
awp,8.361511853228457
awp,0.0
ak-47,0.0
awp,17.61768390574882
ak-47,0.0
ak-47,20.71315536019527
ak-47,79.43390418944132
ak-47,25.439055477549555
ak-47,0.0
ak-47,0.0
ak-47,0.0
awp,1.681993330099736
ak-47,2.5099898063787034
ak-47,0.0
ak-47,33.55974296171307
awp,1.8268769209172249
ak-47,0.0
ak-47,113.07860556804987
ak-47,0.0
ak-47,0.0
ak-47,51.83977504988463
ak-47,0.0
ak-47,0.0
glock-18,0.0
awp,0.0
awp,0.0
awp,0.0
awp,0.0
mac-10,83.35182667634933
awp,0.0
ak-47,16.460005280526524
awp,0.0
glock-18,42.86528737018014
ak-47,14.409285015366063
ak-47,31.37616158044927
mac-10,10.311441013382224
awp,3.9082494882619763
glock-18,0.0
glock-18,157.53099830715053
ak-47,0.0
ak-47,0.0
awp,4.823193886020549
awp,2.547641755746871
awp,0.0
awp,0.0
ak-47,0.0
awp,0.0
awp,0.0
awp,2.074847745731961
awp,0.0
ak-47,8.378847967163265
awp,10.258716566405566
ak-47,0.0
ak-47,18.2284193517762
ak-47,70.69070836722433
ak-47,0.0
awp,21.16945435451677
glock-18,37.83767240628049
ak-47,0.0
ak-47,0.0
ak-47,0.0
ak-47,0.0
ak-47,0.0
ak-47,0.0
ak-47,7.623274663151263
ak-47,0.0
ak-47,0.0
ak-47,57.94079156231116
ak-47,0.0
awp,0.0
awp,0.0
awp,0.0
ak-47,61.57341572952232
awp,0.0
ak-47,13.674315006695728
ak-47,0.0
ak-47,0.0
ak-47,0.0
awp,0.0
ak-47,0.0
awp,0.0
awp,0.0
awp,0.0
glock-18,0.0
glock-18,0.0
glock-18,101.0335468440588
glock-18,178.3687519552958
ak-47,0.0
ak-47,10.03548955854611
ak-47,0.0
mac-10,237.9324347684768
mac-10,39.75702623470905
awp,0.0
awp,0.0
ak-47,28.23809661144506
mac-10,87.29701560168
ak-47,21.58228824790423
mac-10,0.0
ak-47,6.023736414437886
ak-47,43.731724445538035
ak-47,0.0
ak-47,0.0
ak-47,0.0
awp,8.34183648353101
ak-47,77.39648497567472
ak-47,0.0
glock-18,10.398219353259769
glock-18,0.0
glock-18,98.61862742262072
ak-47,17.483548337668356
awp,0.0
awp,0.0
ak-47,2.854001945596569
ak-47,30.74745577247765
glock-18,19.103107928127088
ak-47,94.83324301790469
ak-47,15.0457395970574
awp,0.0
awp,0.0
ak-47,0.0
ak-47,24.238610808093974
ak-47,20.143189640431356
ak-47,0.0
ak-47,75.87086378609025
ak-47,22.064373503845243
ak-47,83.93261812040014
ak-47,0.0
ak-47,0.0
ak-47,0.0
ak-47,13.692145687058147
ak-47,12.30277068478727
ak-47,23.56827632162482
awp,0.0
ak-47,0.0
awp,4.293791192488056
awp,0.3407415059322829
ak-47,0.0
ak-47,0.0
ak-47,4.417017055652152
ak-47,0.0
ak-47,22.977623711042227
awp,20.998122473151284
awp,0.0
glock-18,0.0
mac-10,0.0
mac-10,44.56350979983161
mac-10,37.78456889017728
ak-47,0.0
ak-47,0.0
ak-47,20.589647297482223
ak-47,0.0
awp,0.0
ak-47,0.0
ak-47,10.49707128863437
awp,25.559594262367956
ak-47,0.0
awp,0.0
awp,0.0
awp,0.0
ak-47,0.0
ak-47,0.0
ak-47,0.0
ak-47,0.0
glock-18,16.755166239196942
glock-18,98.15466522121712
ak-47,0.0
ak-47,0.0
awp,0.0
ak-47,0.0
ak-47,0.0
ak-47,13.649891146078966
awp,0.0
ak-47,0.0
awp,0.0
ak-47,0.0
mac-10,89.01988199823803
ak-47,0.0
glock-18,0.0
glock-18,70.87965734430804
glock-18,60.19488882978542
ak-47,0.0
ak-47,18.37798259169447
ak-47,0.0
ak-47,27.41199659528368
ak-47,31.652571393479803
ak-47,0.0
ak-47,0.0
ak-47,0.0
ak-47,5.523234697390742
ak-47,53.86959862063745
ak-47,0.0
awp,0.0
ak-47,0.0
awp,0.0
ak-47,0.0
awp,0.0
ak-47,0.0
ak-47,17.90149284528651
ak-47,0.0
ak-47,0.0
awp,0.0
ak-47,0.0
awp,0.0
ak-47,11.664635472363678
awp,0.0
awp,0.0
awp,0.0
awp,0.0
ak-47,0.0
awp,0.0
ak-47,0.0
awp,0.0
glock-18,121.24800899468332
glock-18,150.48840287179058
ak-47,0.0
ak-47,0.0
ak-47,0.0
ak-47,0.0
ak-47,0.0
ak-47,16.40992354449234
ak-47,0.0
ak-47,0.0
ak-47,0.0
ak-47,13.852893647825677
ak-47,0.0
ak-47,2.609574606465391
ak-47,0.0
ak-47,0.0
ak-47,11.897615258020448
ak-47,0.0
ak-47,0.0
ak-47,0.0
ak-47,4.903412794294399
ak-47,0.0
awp,0.0
ak-47,10.248651700336245
ak-47,0.0
ak-47,12.571166409768825
ak-47,0.0
ak-47,0.0
awp,0.0
ak-47,0.0
ak-47,0.0
ak-47,0.0
ak-47,0.0
ak-47,0.0
ak-47,0.0
ak-47,0.0
ak-47,0.0
ak-47,0.0
ak-47,60.59738031746789
ak-47,24.10612730505381
ak-47,0.0
ak-47,17.865391460423698
ak-47,0.477586473681992
ak-47,47.46283832160661
awp,0.0
ak-47,38.584214537496884
ak-47,0.0
awp,0.0
awp,0.0
ak-47,0.0
ak-47,73.09825689089519
awp,0.0
ak-47,0.0
ak-47,0.0
ak-47,0.0
awp,0.585938
ak-47,0.0
ak-47,0.0
ak-47,15.023947355492997
awp,0.3841853686191081
ak-47,0.0
ak-47,0.0
awp,0.0
awp,0.0
mac-10,56.10954306414541
mac-10,98.91205164269908
awp,0.0
mac-10,20.72258057264693
ak-47,0.0
awp,0.0
ak-47,0.0
ak-47,0.0
ak-47,0.0
ak-47,0.0
ak-47,44.602094268155255
ak-47,0.0
mac-10,97.8744722568387
mac-10,87.17020955349705
ak-47,0.0
ak-47,0.0
ak-47,12.09296497306777
ak-47,13.698247607721981
ak-47,0.0
ak-47,0.0
awp,0.0
ak-47,74.76604950245215
ak-47,0.0
ak-47,0.0
awp,0.0
ak-47,0.0
ak-47,0.0
ak-47,0.0
ak-47,0.0
ak-47,0.0
ak-47,0.0
awp,0.0
awp,0.0
glock-18,0.0
glock-18,0.0
ak-47,0.0
ak-47,0.0
ak-47,0.0
ak-47,11.7722089308806
ak-47,40.4333057249034
ak-47,24.786239585243585
ak-47,23.00077416060951
ak-47,0.0
awp,0.0
ak-47,21.327506859174257
ak-47,5.241490875378874
ak-47,0.0
ak-47,0.0
ak-47,0.0
ak-47,37.98042746178205
ak-47,0.0
ak-47,49.23760697015505
ak-47,0.0
ak-47,15.953959434860364
ak-47,0.0
awp,0.0
ak-47,72.74248478362581
ak-47,6.719392838996392
ak-47,22.68558299035546
awp,0.0
ak-47,68.00150970578245
ak-47,78.81010573590943
ak-47,26.969191358334438
awp,0.0
ak-47,0.0
ak-47,29.226203393259617
ak-47,0.0
ak-47,0.0
ak-47,81.85473938987116
ak-47,14.406857971546225
ak-47,0.0
ak-47,0.0
glock-18,0.0
glock-18,48.58953254273681
ak-47,15.890141392069518
ak-47,44.56477108148231
ak-47,2.880855950379331
ak-47,0.0
ak-47,23.345243989404032
awp,0.0
awp,0.0
awp,0.0
ak-47,21.5495009130278
ak-47,0.0
awp,0.0
awp,0.0
awp,0.0
ak-47,18.49128492925684
ak-47,61.6697511193697
ak-47,32.57605787283323
ak-47,31.315248953731473
ak-47,0.0
ak-47,0.0
ak-47,0.0
ak-47,24.754409209660732
ak-47,0.0
ak-47,59.90400052127268
glock-18,65.89919066555184
glock-18,24.741145558006426
glock-18,106.1684760359905
glock-18,12.565863734831122
glock-18,140.24927877533528
mac-10,163.04893255689942
mac-10,238.10973612630875
mac-10,74.22438884239696
mac-10,204.49780915943046
mac-10,88.96806352192789
ak-47,9.16389308730127
ak-47,12.357501775859916
awp,9.268016931932419
awp,16.60245199452385
ak-47,0.0
ak-47,13.435683016691039
ak-47,0.0
ak-47,0.0
awp,0.4610631522991184
ak-47,24.079299830618435
glock-18,8.768026649476381
glock-18,49.196071192091196
awp,8.114411767964022
ak-47,28.43003008526134
awp,0.0
ak-47,122.7066971169686
ak-47,0.0
ak-47,63.627271867369736
ak-47,3.22908686057297
ak-47,43.15150908557318
ak-47,63.085544425578824
awp,0.0
awp,0.0
ak-47,2.483616608891356
awp,0.0
ak-47,21.935069333195642
ak-47,14.58751918098033
ak-47,52.07989231886272
ak-47,19.44600980228255
awp,0.0
awp,0.0
awp,0.0
awp,0.0
ak-47,0.0
awp,9.45930210234497
awp,0.0
ak-47,18.95133938336771
ak-47,4.867946421971794
awp,9.719846261925598
ak-47,0.0
ak-47,7.152530419805986
awp,0.0
mac-10,239.70936636323918
ak-47,5.170936585181547
ak-47,25.446523064157272
ak-47,2.0563502473664355
ak-47,19.699663094433365
ak-47,0.0
ak-47,0.0
ak-47,68.99858884125614
ak-47,0.0
ak-47,0.0
ak-47,0.0
ak-47,0.0
ak-47,0.0
ak-47,1.892441404246377
ak-47,0.0
ak-47,13.671504823810034
glock-18,1.799675360264734
ak-47,12.149560931133932
awp,0.7033962081117583
ak-47,54.545072447935986
awp,10.430200157203886
awp,0.3991454433674522
awp,0.0
ak-47,17.42198010057984
ak-47,0.0
ak-47,0.0
ak-47,25.131610703450843
ak-47,7.0438175767610565
ak-47,0.0
awp,6.611536532405761
ak-47,0.0
ak-47,1.688024838522526
awp,23.153092531505614
ak-47,0.0
awp,4.5404607037550715
awp,0.0
ak-47,0.0
awp,15.611498369309752
ak-47,0.0
ak-47,13.82301675167863
ak-47,0.0
ak-47,1.7662683924534233
awp,0.0
ak-47,28.92786468263221
ak-47,173.88683580270126
awp,0.0
ak-47,0.0
ak-47,0.0
ak-47,0.0
ak-47,0.0
ak-47,0.0
glock-18,15.484367648049467
glock-18,51.23533298562098
glock-18,13.27911800384201
glock-18,150.17212176311207
ak-47,0.0
ak-47,40.37167410837083
ak-47,16.847904606816275
glock-18,7.341602776032288
ak-47,0.0
ak-47,0.0
ak-47,0.0
ak-47,0.0
ak-47,0.0
ak-47,0.0
awp,0.0
ak-47,0.0
ak-47,0.0
ak-47,0.0
ak-47,0.0
ak-47,15.256250320053253
ak-47,0.0
ak-47,12.97321589940062
ak-47,13.649681663518054
ak-47,0.0
awp,0.5814935645602624
ak-47,0.0
ak-47,7.330140314567655
awp,9.159891759347868
awp,18.581850641333762
ak-47,31.52431975981934
ak-47,1.2696930162322702
awp,8.171236834307521
ak-47,0.0
awp,0.0
ak-47,13.790304687249952
awp,2.3157208260789988
awp,0.0
awp,4.297089840879058
awp,0.0
awp,0.0
ak-47,0.0
awp,13.325212489767697
awp,5.5579239582407025
awp,36.838443131324695
glock-18,0.0
ak-47,85.99493945144003
awp,0.0
ak-47,0.0
ak-47,22.586829057117978
ak-47,27.36468317645284
ak-47,26.939977253043775
ak-47,0.0
ak-47,38.43375235795355
ak-47,0.0
ak-47,33.609826759341814
ak-47,20.07574922393543
ak-47,72.59097062638348
ak-47,33.721866918997236
ak-47,0.6730090864683775
ak-47,27.66966923732781
ak-47,0.0
ak-47,0.0
ak-47,17.657282266616484
ak-47,0.0
ak-47,16.25733790311455
awp,0.0
ak-47,121.23030661746222
ak-47,0.0
ak-47,0.0
awp,9.033900191496583
ak-47,15.780540448281357
awp,0.0
ak-47,0.0
ak-47,20.29398194354671
ak-47,82.94141485060027
ak-47,0.0
awp,1.579980345012241
ak-47,19.004619471508395
ak-47,9.350084920601578
glock-18,15.49394457430644
glock-18,239.63451370482886
glock-18,120.37702127287024
ak-47,11.683735529728924
ak-47,3.025001614152462
ak-47,0.0
ak-47,0.0
ak-47,0.0
ak-47,0.0
ak-47,0.0
ak-47,19.963197721262993
awp,25.08302286867492
ak-47,0.0
awp,0.0
ak-47,0.0
ak-47,0.0
ak-47,56.16677871526905
awp,9.774820670509767
ak-47,2.735490843751812
awp,0.0
ak-47,136.75297216022827
ak-47,42.26853619256651
ak-47,39.68525473283447
ak-47,0.0
awp,6.576176640033934
awp,12.863431024900045
awp,29.551730357021142
ak-47,70.08819256000346
ak-47,0.0
ak-47,0.0
awp,0.0
ak-47,29.497164521501606
ak-47,51.0753394142827
ak-47,0.0
ak-47,15.787787751121055
ak-47,17.72617912793352
glock-18,220.02851877033038
ak-47,35.32029826940656
ak-47,127.35983889929008
ak-47,48.43273494154516
glock-18,179.8879215140378
awp,33.99743531914278
awp,0.0
awp,0.0
awp,11.749660254895417
ak-47,36.64334381975762
glock-18,66.8702466835347
glock-18,11.028045979102009
glock-18,63.65843812816938
ak-47,38.43798068617118
awp,13.344230837611473
ak-47,0.0
mac-10,13.822573949516205
ak-47,0.0
awp,0.0
ak-47,0.0
ak-47,0.0
ak-47,13.382488951977694
ak-47,0.0
ak-47,0.0
ak-47,24.483563983616516
awp,4.153710281252894
ak-47,0.0
ak-47,0.0
awp,0.7538336897658527
ak-47,10.0733283480107
ak-47,73.10261402365549
ak-47,73.25555778475425
ak-47,27.759668086707737
awp,17.03851847733083
awp,0.0
ak-47,0.0
ak-47,0.0
ak-47,0.0
ak-47,0.0
awp,0.0
glock-18,10.313157437776512
glock-18,0.0
ak-47,23.031472157404636
ak-47,43.267981822849094
ak-47,35.27080694904958
ak-47,9.697388374965808
ak-47,20.682470345979105
ak-47,38.84375
ak-47,12.742132361468704
ak-47,73.09413738010424
ak-47,35.95317932416582
ak-47,5.629491997281904
awp,17.208773893097323
ak-47,1.3564359906313308
ak-47,0.0
ak-47,30.690340778327048
ak-47,0.0
ak-47,0.0
ak-47,0.0
awp,0.0
ak-47,0.0
awp,18.375234021356025
awp,0.0
ak-47,1.5986632000968808
awp,0.0
ak-47,27.443816618908983
ak-47,17.52010870912872
ak-47,0.0
ak-47,0.0
awp,0.0
ak-47,48.69001372481032
ak-47,23.746953734241135
ak-47,22.53481060310845
ak-47,9.343335688295696
ak-47,3.7661436364834784
glock-18,96.86640700104948
glock-18,144.53783839088567
ak-47,99.44103313329558
ak-47,38.721236243508365
awp,1.123873337746296
ak-47,0.0
awp,5.350086520091147
awp,0.5392884019418552
ak-47,0.0
ak-47,20.760083221586278
awp,1.0467876288168485
awp,1.6003234536336708
ak-47,0.0
ak-47,31.134989043365167
awp,4.295064032464358
awp,2.1049796795152202
ak-47,5.949265168893129
ak-47,34.576169962622814
ak-47,9.675201336628453
ak-47,0.0
ak-47,73.1062908235968
ak-47,32.257812
ak-47,20.632829822408485
ak-47,30.603034105651684
ak-47,13.398902624251733
ak-47,48.279185655776764
awp,42.55469445451568
ak-47,31.65625946845552
ak-47,0.0
awp,0.0
awp,0.0
awp,1.6153605123813692
awp,0.0
awp,1.5939845535123607
ak-47,0.0
awp,25.694485525153915
ak-47,12.87748259268111
ak-47,49.19546664927414
ak-47,44.2171626261017
ak-47,0.0
ak-47,40.79750361517809
ak-47,0.0
awp,0.0
ak-47,43.39808067306052
awp,1.5097392181552416
ak-47,36.651697420830665
ak-47,48.55880978578964
glock-18,0.0
glock-18,0.0
glock-18,0.0
mac-10,44.89291728474505
glock-18,0.0
awp,0.0
ak-47,0.0
ak-47,0.0
mac-10,0.0
awp,0.0
mac-10,0.0
ak-47,0.0
awp,0.0
ak-47,26.8603625457633
awp,0.0
awp,0.0
awp,0.0
ak-47,0.0
ak-47,0.0
ak-47,0.0
awp,0.0
ak-47,0.0
ak-47,0.0
awp,0.0
awp,0.0
mac-10,0.0
ak-47,0.0
ak-47,52.00266050013467
ak-47,57.45134266496159
ak-47,29.55918463088874
ak-47,41.19397829363231
ak-47,14.125857207811107
glock-18,70.27383327033496
glock-18,7.585053953115956
glock-18,0.0
glock-18,123.38701759957239
glock-18,19.006866820392176
ak-47,0.0
ak-47,73.10008444593694
mac-10,0.0
mac-10,0.0
ak-47,0.0
ak-47,0.0
ak-47,0.0
ak-47,77.03403099429802
ak-47,0.0
ak-47,42.33606977220295
awp,0.0
ak-47,108.48588066906552
ak-47,0.0
ak-47,0.0
awp,0.0
ak-47,7.5333442137585225
ak-47,0.0
ak-47,0.0
ak-47,0.0
ak-47,0.0
ak-47,0.0
ak-47,0.0
ak-47,26.279615313144067
ak-47,15.452297597035335
glock-18,0.0
ak-47,0.0
ak-47,0.0
ak-47,0.0
mac-10,77.57975715532523
mac-10,45.10059587989587
mac-10,239.99502642555507
ak-47,0.0
mac-10,124.81467793711171
mac-10,164.67158674100338
ak-47,0.0
mac-10,0.0
ak-47,0.0
awp,0.0
ak-47,21.225777060405115
awp,0.0
ak-47,0.0
ak-47,0.0
ak-47,60.14831324069838
ak-47,13.541981576078
ak-47,5.643925482373593
ak-47,0.0
awp,0.0
ak-47,0.0
ak-47,32.87076159168187
ak-47,0.0
awp,0.0
ak-47,34.25851309996889
ak-47,0.0
awp,0.0
awp,0.0
awp,0.0
awp,0.0
ak-47,5.8605207213182
ak-47,0.0
ak-47,29.861451130383887
ak-47,0.0
awp,0.0
ak-47,37.57222421789383
ak-47,0.0
ak-47,23.37766951006195
ak-47,0.0
ak-47,0.0
ak-47,65.75016110390308
ak-47,9.021881378374967
awp,0.0
ak-47,15.03750269349389
ak-47,0.0
ak-47,67.32920844778167
ak-47,73.10128666138377
mac-10,0.0
ak-47,0.0
ak-47,27.142616179530666
ak-47,0.0
ak-47,0.0
ak-47,0.0
ak-47,0.4045943860065288
awp,0.0
glock-18,0.0
glock-18,116.23098845914204
awp,1.3604352427826178
awp,1.3604352427826178
awp,9.11646840158995
awp,0.0
awp,0.0
ak-47,7.406884221262541
awp,0.0
awp,8.567619795469277
awp,9.652843110565302
ak-47,4.521927254686877
ak-47,5.209063240146351
ak-47,14.08221397159541
ak-47,42.14830956977805
awp,9.030730200817706
ak-47,43.394745206106094
ak-47,0.0
ak-47,0.0
ak-47,0.0
ak-47,0.0
awp,0.7462879256486735
awp,1.186117704935307
awp,0.0
awp,0.0
ak-47,0.0
awp,0.0
ak-47,0.0
ak-47,0.0
ak-47,0.0
awp,12.118216983830088
ak-47,0.0
ak-47,27.403098995454656
ak-47,20.070016616225956
awp,0.0
ak-47,0.0
awp,21.861234659079436
awp,13.201958102391668
ak-47,0.0
ak-47,0.0
ak-47,19.431108238265466
awp,0.0
awp,18.90178083838412
ak-47,0.0
ak-47,0.0
glock-18,0.0
glock-18,0.0
glock-18,0.0
mac-10,0.0
mac-10,0.0
ak-47,0.0
mac-10,0.0
awp,0.0
awp,1.8504409050193955
awp,0.553685752789432
glock-18,238.31029778405465
glock-18,207.56352272830927
glock-18,24.39109342354756
glock-18,197.10604576340955
mac-10,63.554919985930034
mac-10,0.0
mac-10,0.0
mac-10,0.0
glock-18,0.0
mac-10,0.0
mac-10,0.0
ak-47,0.0
ak-47,0.0
ak-47,0.0
awp,0.0
awp,0.0
awp,0.0
ak-47,4.460964565592177
ak-47,11.73085002631284
awp,5.790032175199375
awp,4.250934923706313
ak-47,4.671473223885801
ak-47,67.72541517581183
awp,0.0
ak-47,0.0
awp,0.0
awp,11.268398583677497
ak-47,36.87048799871556
ak-47,0.0
ak-47,0.0
ak-47,0.0
awp,11.754386036277863
awp,15.70803716702456
awp,0.0
ak-47,12.104234950234112
ak-47,0.0
ak-47,41.20660601563639
ak-47,38.9634024247835
ak-47,0.6344981407577173
awp,0.0
awp,0.0
ak-47,0.0
awp,0.0
ak-47,0.0
awp,0.0
awp,0.0
ak-47,30.23971426329267
ak-47,0.0
ak-47,33.39791148919112
awp,0.0
ak-47,21.682952931735198
awp,0.0
awp,0.0
ak-47,19.085739509001716
awp,0.0
awp,0.0
glock-18,166.7221519519913
glock-18,99.71710395373465
glock-18,29.50106345446442
glock-18,80.33402692768504
glock-18,17.346644435492415
ak-47,49.28772962692991
ak-47,82.9319574357026
ak-47,59.96345933214765
ak-47,27.03555457712989
ak-47,0.0
ak-47,8.069995166074698
ak-47,0.0
ak-47,18.022532304859052
ak-47,17.2770151164766
glock-18,0.0
glock-18,0.0
glock-18,0.0
glock-18,46.25808924903492
glock-18,0.0
ak-47,0.0
mac-10,39.858832883306256
ak-47,19.67207125676371
ak-47,0.0
ak-47,0.0
ak-47,0.0
ak-47,0.0
ak-47,0.0
ak-47,0.0
ak-47,0.0
ak-47,0.0
ak-47,40.45872896965306
awp,0.0
ak-47,73.0963030199181
ak-47,11.944410630604592
ak-47,7.72605371498516
ak-47,0.0
ak-47,0.0
ak-47,47.6262983744337
ak-47,50.57802896806994
ak-47,18.332072616722993
ak-47,27.849184423422617
ak-47,0.0
ak-47,0.0
ak-47,12.665942184376533
awp,0.0
ak-47,34.194081643378304
ak-47,0.0
ak-47,0.0
ak-47,13.868869845239015
awp,0.0
ak-47,0.0
ak-47,0.0
ak-47,0.0
mac-10,0.0
ak-47,0.0
mac-10,0.0
mac-10,0.0
ak-47,0.0
awp,8.528402111657552
ak-47,0.0
glock-18,91.24817495937093
glock-18,0.0
glock-18,3.8609579050199447
glock-18,0.0
ak-47,0.0
awp,0.0
awp,3.7326748221784602
awp,0.0
mac-10,0.0
mac-10,0.0
awp,0.0
ak-47,0.0
awp,9.590070702444326
ak-47,0.0
awp,1.9397119505668876
ak-47,0.0
ak-47,0.0
ak-47,58.271760261080196
ak-47,0.0
ak-47,0.0
ak-47,0.0
awp,0.0
glock-18,10.45429272251954
ak-47,9.832738011596158
awp,0.0
awp,0.0
ak-47,24.089850080528606
ak-47,7.332925331541907
mac-10,60.446241141663336
ak-47,9.332340903035476
awp,0.0
ak-47,68.41150693841615
glock-18,31.38795830066333
glock-18,34.863657789451196
glock-18,15.726641989999042
awp,0.0
ak-47,18.014406676823107
ak-47,0.0
ak-47,0.0
ak-47,1.1037766541941354
awp,0.0
ak-47,0.0
awp,0.0
ak-47,29.613057108780257
ak-47,9.23785775111492
awp,0.0
awp,4.624044724297657
ak-47,0.0
ak-47,0.0
awp,0.0
awp,0.0
awp,0.0
awp,16.23811373123689
awp,0.0
awp,4.945312785717806
ak-47,17.73331067349963
ak-47,9.178444651415674
ak-47,16.967066560140854
ak-47,32.94070143294453
awp,0.0
ak-47,0.0
ak-47,0.0
ak-47,0.0
ak-47,82.39754051497972
awp,0.0
ak-47,0.0
awp,0.0
ak-47,0.0
ak-47,0.0
ak-47,0.0
awp,0.0
glock-18,0.0
glock-18,0.0
glock-18,0.0
glock-18,79.43107171172035
mac-10,0.0
ak-47,0.0
ak-47,0.0
ak-47,0.0
awp,0.0
ak-47,0.0
awp,0.0
awp,0.0
awp,0.0
glock-18,7.573296655369114
glock-18,37.881507510712666
glock-18,6.321801224467596
glock-18,0.0
mac-10,81.1004968503103
ak-47,23.490332154349797
ak-47,0.5709671371278736
awp,1.0463205005370009
ak-47,138.58191108267314
awp,11.752003415638926
ak-47,0.0
ak-47,51.48237543348374
ak-47,4.079614530388012
ak-47,21.32205905943842
ak-47,0.0
ak-47,40.62324020024976
ak-47,32.58762467647325
awp,1.3303336609512666
ak-47,2.9243593622685977
ak-47,12.080015105575322
ak-47,39.59707708411656
ak-47,73.09979756999786
ak-47,5.676983650424582
ak-47,9.421904152318097
awp,0.0
awp,11.170489742613974
ak-47,56.990270333346984
ak-47,25.485119619404987
awp,7.212465644957208
awp,7.718651723248368
awp,0.0
ak-47,19.34673507356825
awp,9.122599203384198
awp,16.27949033041173
ak-47,16.983902845208135
ak-47,99.17598118567129
ak-47,24.312116101438683
ak-47,3.2969979895231964
ak-47,51.37206626215232
awp,38.945963651665316
awp,34.00080839727151
awp,22.690598961904907
ak-47,0.0
ak-47,24.279724796209862
ak-47,55.0643336950896
ak-47,0.0
ak-47,0.0
glock-18,7.926841055852956
glock-18,7.714884750824603
glock-18,62.06877090115196
glock-18,5.621131218429704
ak-47,2.3812265162474566
ak-47,12.654724717464424
ak-47,17.12899352968072
ak-47,45.605437065385146
mac-10,98.13389906628049
ak-47,14.017310941206269
ak-47,48.86968586291346
ak-47,0.0
mac-10,219.11146904467992
ak-47,41.261930614397386
ak-47,23.471725390761883
awp,3.351280668220434
ak-47,0.0
ak-47,29.58505350045864
ak-47,116.13993391092902
awp,7.3022932239211675
ak-47,9.665462587179674
awp,17.670280498688864
ak-47,58.5113755677899
ak-47,16.373166047110438
ak-47,14.3091186469588
glock-18,43.95977073802642
ak-47,0.0
ak-47,0.0
ak-47,0.0
ak-47,31.535682443027312
ak-47,0.0
ak-47,62.309044315090894
ak-47,27.236003612951148
ak-47,0.0
ak-47,0.0
awp,0.0
ak-47,0.0
awp,0.0
awp,0.0
awp,0.0
awp,0.0
ak-47,0.0
ak-47,0.0
ak-47,0.0
ak-47,0.0
ak-47,0.0
ak-47,0.0
ak-47,14.976908370672033
glock-18,23.487152192736268
awp,34.00070369216643
ak-47,0.0
ak-47,0.0
ak-47,0.0
ak-47,0.0
ak-47,43.57918295031686
awp,19.20806359400265
ak-47,27.106941727252966
ak-47,0.0
awp,1.156256354289999
ak-47,34.48094269144282
ak-47,0.45352851860494947
awp,0.4680334314651038
awp,0.0
awp,7.735938078860313
ak-47,0.0
ak-47,0.0
ak-47,0.0
glock-18,0.0
glock-18,0.0
glock-18,32.07124408665222
awp,6.640643382327498
ak-47,0.7999709638286879
awp,0.0
ak-47,0.0
ak-47,0.0
ak-47,0.0
ak-47,0.0
ak-47,0.0
awp,0.5041943256017465
ak-47,0.0
ak-47,24.636723554938488
ak-47,0.0
ak-47,0.0
awp,0.0
ak-47,46.7793506065435
awp,8.024447237461095
awp,12.943255145319355
awp,0.0
ak-47,0.0
awp,28.90381382024644
ak-47,175.06205892444882
ak-47,17.619583054977493
ak-47,2.6766909360604187
ak-47,6.965688662506314
awp,0.0
glock-18,0.0
glock-18,0.0
glock-18,9.57137415064274
ak-47,0.0
ak-47,0.0
ak-47,11.313378988077302
ak-47,13.32133797323741
mac-10,46.283179494624086
mac-10,61.82709452597761
awp,0.0
ak-47,0.0
awp,0.0
ak-47,0.0
ak-47,0.0
ak-47,0.0
ak-47,0.0
glock-18,5.033774311521723
ak-47,68.25892994592213
awp,0.0
ak-47,49.04064861653513
ak-47,0.0
ak-47,0.0
ak-47,0.0
ak-47,30.301090665668337
ak-47,0.0
awp,2.13429997946493
awp,0.0
ak-47,0.0
ak-47,28.267323277093446
awp,0.0
ak-47,0.0
awp,0.0
ak-47,0.0
ak-47,0.0
ak-47,5.601910664214845
ak-47,0.0
ak-47,0.0
ak-47,0.0
awp,0.0
awp,0.0
ak-47,18.557515238289202
ak-47,0.0
ak-47,0.0
glock-18,0.0
glock-18,124.29219534952583
ak-47,0.0
ak-47,0.0
ak-47,0.0
ak-47,174.51072598833457
awp,0.0
ak-47,0.0
awp,0.0
ak-47,0.0
awp,0.0
ak-47,0.0
ak-47,0.0
ak-47,0.0
awp,0.0
ak-47,0.0
awp,0.0
awp,0.0
awp,8.936797309293748
ak-47,0.0
ak-47,0.0
awp,0.0
ak-47,0.0
ak-47,0.0
ak-47,0.0
ak-47,12.525867259202215
ak-47,18.840107763206557
ak-47,12.8459375728661
ak-47,21.364951821735733
ak-47,0.0
awp,6.590819921381861
ak-47,0.0
awp,0.0
ak-47,0.0
ak-47,0.0
ak-47,0.0
ak-47,0.0
ak-47,0.0
ak-47,0.0
ak-47,0.0
awp,0.0
ak-47,0.0
awp,0.0
ak-47,17.60716612019606
awp,2.2189700595095916
ak-47,0.0
ak-47,0.9712044558969033
awp,0.0
ak-47,18.615170167113327
ak-47,10.026220882007586
ak-47,0.0
awp,0.0
awp,0.0
ak-47,0.0
awp,0.0
ak-47,10.982516317984917
awp,0.0
ak-47,0.0
ak-47,0.0
ak-47,0.0
ak-47,0.0
ak-47,0.0
glock-18,45.53923351154843
glock-18,30.36492010172561
ak-47,0.0
ak-47,155.77314524790467
ak-47,32.77729227631129
ak-47,0.0
ak-47,0.0
ak-47,0.0
ak-47,38.92866387815703
ak-47,0.0
awp,5.921886595552637
awp,1.0518262201813566
ak-47,0.0
ak-47,0.0
ak-47,0.0
ak-47,21.035800027869158
glock-18,68.45755267884869
mac-10,0.0
awp,6.015646578451563
ak-47,23.889695184361585
ak-47,60.0282177201031
ak-47,56.006376615015625
ak-47,0.0
ak-47,2.6154709465442356
ak-47,6.633338214498036
glock-18,18.822125733091493
ak-47,15.187263277733352
ak-47,21.0744554473834
ak-47,8.4921285104897
ak-47,5.4248794795080935
ak-47,0.0
ak-47,29.718028253442387
awp,3.8591219552671565
ak-47,0.0
ak-47,8.516943705233997
awp,2.559786103849499
ak-47,0.0
ak-47,0.0
ak-47,0.0
ak-47,0.0
ak-47,11.091928535976825
ak-47,12.68833165223813
ak-47,63.71402400205296
ak-47,0.0
ak-47,0.0
ak-47,0.0
glock-18,98.41365100224562
glock-18,148.95132014047354
glock-18,6.722752136155251
glock-18,15.73709052755499
glock-18,228.3149076575364
ak-47,51.92143216760263
mac-10,0.0
ak-47,15.729673484988046
ak-47,45.88964360658998
ak-47,30.4261922334709
ak-47,42.21677806968411
awp,8.008576003053227
awp,12.191718138472895
ak-47,76.41875856199347
awp,6.872304878266388
ak-47,0.0
ak-47,0.0
glock-18,30.728003597339757
ak-47,73.09569918422335
ak-47,0.0
ak-47,0.0
ak-47,0.0
ak-47,15.991278636118157
ak-47,10.496697769417771
ak-47,26.96795334860434
ak-47,73.09400518975333
awp,0.0
ak-47,2.3525754640837775
ak-47,0.0
ak-47,0.0
ak-47,15.875601497339998
ak-47,10.3933502065323
ak-47,9.097894336730066
ak-47,0.0
ak-47,0.0
ak-47,0.0
awp,0.0
ak-47,0.0
awp,0.0
ak-47,0.0
ak-47,0.0
ak-47,3.704767163710157
ak-47,23.167472435166076
ak-47,0.0
ak-47,0.0
ak-47,0.0
ak-47,0.0
ak-47,0.0
ak-47,0.0
ak-47,0.0
awp,0.0
awp,0.0
ak-47,0.0
awp,12.73099540706413
awp,12.73099540706413
ak-47,0.0
ak-47,0.0
ak-47,0.0
ak-47,0.0
ak-47,71.19375206517203
awp,1.6750845361130284
ak-47,0.0
ak-47,35.37967775856367
ak-47,0.0
ak-47,65.841797
awp,21.42330145205143
ak-47,14.120507067377007
ak-47,0.0
awp,11.265248481051982
awp,0.0
ak-47,0.0
awp,7.533657634282699
ak-47,11.696489273629288
ak-47,24.547925178919787
awp,3.4056280280413773
glock-18,83.28012575460681
ak-47,37.286476342332804
awp,7.150963944801009
ak-47,0.0
awp,0.0
ak-47,0.0
ak-47,0.0
ak-47,0.0
ak-47,0.0
ak-47,14.437985164999859
awp,21.190496673682382
awp,14.508460167018725
glock-18,0.0
glock-18,0.0
glock-18,74.26684497473761
glock-18,0.0
glock-18,37.400342839755496
ak-47,12.613913019947654
ak-47,71.91382968628122
ak-47,0.0
ak-47,17.13561771665235
ak-47,74.12164237738989
ak-47,56.60130267924321
ak-47,13.916864882366754
ak-47,5.305659230217109
ak-47,53.886237296988405
ak-47,10.268430933113637
glock-18,114.33609433373691
glock-18,68.97338353789138
ak-47,0.0
ak-47,56.327676195962376
ak-47,71.81620167901242
ak-47,20.75652737513684
awp,9.222305273340718
ak-47,18.66028406361921
ak-47,40.76109522988611
ak-47,0.0
ak-47,19.85799552700589
glock-18,176.8010176823528
ak-47,0.0
ak-47,18.784216588807343
awp,9.756020808837023
awp,2.2509386867882477
awp,0.0
awp,0.0
ak-47,1.602595508013485
ak-47,91.87379249808113
ak-47,18.05486452779937
awp,0.0
ak-47,22.685081489117643
ak-47,27.95237031155283
awp,0.0
ak-47,22.504378313396284
awp,0.0
awp,0.0
ak-47,0.0
ak-47,0.0
ak-47,15.762523911312174
ak-47,0.0
ak-47,9.674916222182494
awp,22.681395090965218
ak-47,0.0
glock-18,73.87675730769323
glock-18,55.47378957581989
glock-18,35.11684331332999
ak-47,19.064022846850165
ak-47,0.0
ak-47,36.174109121067254
ak-47,18.06254355336446
ak-47,20.15405629147904
ak-47,53.85186009530577
ak-47,0.0
mac-10,127.06152871769694
ak-47,23.065456720141594
ak-47,78.79987348746548
ak-47,10.230414309944882
awp,0.0
ak-47,0.0
ak-47,33.45383795754747
awp,11.7176697167075
glock-18,174.6431239794003
ak-47,0.0
ak-47,0.0
ak-47,0.0
ak-47,0.0
ak-47,0.0
ak-47,0.0
ak-47,17.668749693130692
ak-47,9.140812800154098
ak-47,20.385872092713353
ak-47,0.0
ak-47,95.30671560434776
ak-47,0.0
ak-47,0.0
ak-47,0.0
ak-47,0.0
ak-47,0.0
ak-47,13.642745770466773
ak-47,0.0
ak-47,0.0
ak-47,0.0
ak-47,0.0
ak-47,0.0
ak-47,0.0
ak-47,0.0
ak-47,0.0
ak-47,9.24406027322199
ak-47,0.0
awp,19.175015512440766
ak-47,11.32943360751931
ak-47,0.0
ak-47,0.0
ak-47,9.59111911056103
awp,31.1435784210355
awp,10.25382042764086
ak-47,0.0
ak-47,0.0
ak-47,0.0
mac-10,0.0
awp,0.0
ak-47,0.0
ak-47,0.0
ak-47,0.0
ak-47,0.0
ak-47,73.09464593748017
glock-18,0.0
glock-18,0.0
glock-18,0.0
glock-18,44.40348161317359
glock-18,0.0
mac-10,239.9913730364151
ak-47,0.0
ak-47,73.10824167880929
ak-47,0.0
ak-47,76.06845684554345
ak-47,20.730289912479975
ak-47,13.091013802115862
ak-47,0.0
awp,0.0
ak-47,0.0
ak-47,46.23467136829438
ak-47,21.40681101582363
ak-47,8.339880941376801
ak-47,0.0
ak-47,61.84937274685725
ak-47,0.0
ak-47,0.0
mac-10,0.0
ak-47,0.0
ak-47,0.0
ak-47,0.0
ak-47,0.0
ak-47,6.6084621112317805
ak-47,16.121813807731808
ak-47,0.0
ak-47,0.0
ak-47,41.388632726531085
ak-47,29.336630908730097
ak-47,62.06431659258467
ak-47,76.90707048987693
ak-47,10.116707938027913
ak-47,0.0
ak-47,0.0
ak-47,0.0
ak-47,0.0
ak-47,0.0
glock-18,0.0
glock-18,0.0
glock-18,0.0
mac-10,58.43228398362266
ak-47,0.0
ak-47,89.18647758042205
ak-47,42.58444047199047
ak-47,34.00547118203922
ak-47,0.0
awp,0.0
ak-47,0.0
ak-47,0.0
ak-47,29.907786060277747
ak-47,0.0
ak-47,0.0
awp,0.0
awp,0.0
awp,0.0
ak-47,0.0
ak-47,54.85510579506729
ak-47,0.0
ak-47,0.0
ak-47,0.0
ak-47,0.0
ak-47,0.0
awp,0.0
ak-47,0.0
ak-47,0.0
ak-47,0.0
ak-47,0.0
ak-47,0.0
ak-47,0.0
awp,0.0
awp,0.0
awp,0.0
awp,0.0
awp,0.0
ak-47,11.475360873104123
ak-47,0.0
ak-47,0.0
ak-47,0.0
ak-47,0.0
ak-47,0.0
ak-47,0.0
awp,0.0
ak-47,0.0
ak-47,0.0
glock-18,205.60630250819125
glock-18,171.2935405628098
ak-47,0.0
mac-10,0.0
ak-47,0.0
ak-47,0.0
ak-47,0.0
ak-47,58.27163323774559
ak-47,0.0
ak-47,6.627624473081513
ak-47,2.7185175049657118
ak-47,36.18724040325359
ak-47,23.92607429667475
ak-47,50.12985838556534
ak-47,2.2162911006724726
ak-47,0.0
ak-47,9.235396918536853
ak-47,0.0
ak-47,0.0
ak-47,0.0
ak-47,73.0857082605972
glock-18,100.41775127735427
mac-10,11.606969138833962
mac-10,32.87933485800517
ak-47,16.03616852882761
ak-47,16.240756895156487
ak-47,82.48588341434208
ak-47,0.0
ak-47,14.710308396399716
ak-47,37.276012946393394
ak-47,35.3190619087935
ak-47,0.0
ak-47,22.914913073690787
ak-47,0.0
ak-47,28.871148451189555
ak-47,0.0
ak-47,0.0
ak-47,0.0
ak-47,77.74531173192968
ak-47,17.04941403384471
ak-47,22.008278460256268
awp,6.015777853252894
ak-47,26.484657451812435
awp,0.0
ak-47,0.0
awp,0.0
ak-47,25.420921100342607
ak-47,0.0
awp,0.0
ak-47,6.509927064923615
ak-47,20.203561537337148
awp,0.0
ak-47,5.055629484096812
awp,0.0
ak-47,12.740077327571447
ak-47,0.0
ak-47,32.91795812173496
ak-47,23.217255853401475
ak-47,0.0
ak-47,0.0
ak-47,0.0
ak-47,11.494930696544847
awp,0.0
ak-47,0.0
ak-47,0.0
awp,0.0
awp,0.0
awp,0.0
awp,25.116899541506413
ak-47,0.0
awp,0.0
ak-47,0.0
awp,0.0
glock-18,0.0
glock-18,0.0
mac-10,41.27538573471852
ak-47,0.0
ak-47,0.0
ak-47,98.84841071449378
ak-47,38.649507849831416
ak-47,33.24307059166323
ak-47,73.10357592142809
ak-47,0.0
awp,0.0
ak-47,0.0
ak-47,0.0
ak-47,0.0
glock-18,0.0
glock-18,0.0
glock-18,37.32342989291954
glock-18,239.9943467755799
ak-47,51.22260285835698
ak-47,2.953783593866348
mac-10,239.99407463595261
mac-10,34.01643243759184
ak-47,2.5085823201234594
ak-47,24.787950859943244
ak-47,7.970236478452882
ak-47,31.11343253693602
ak-47,9.802046328114656
ak-47,12.543801678315948
ak-47,0.0
ak-47,0.631859386398588
ak-47,31.671380869630692
awp,0.0
ak-47,0.0
awp,0.0
ak-47,33.705185814370616
awp,0.0
ak-47,0.0
ak-47,0.0
ak-47,0.0
awp,0.0
awp,0.0
ak-47,0.0
ak-47,0.0
ak-47,3.538833860440046
awp,0.0
ak-47,0.0
ak-47,0.0
ak-47,0.0
ak-47,0.0
awp,0.0
ak-47,0.0
awp,0.0
ak-47,0.0
awp,0.0
awp,0.0
ak-47,0.0
ak-47,65.38826065053532
awp,0.0
awp,0.0
glock-18,121.88550766848972
glock-18,15.021801210932894
glock-18,0.0
ak-47,0.0
ak-47,0.0
ak-47,0.0
ak-47,0.0
ak-47,0.0
awp,0.0
ak-47,0.0
ak-47,23.015298973738883
ak-47,99.3434711884604
ak-47,11.21424986867994
glock-18,41.9761070162218
ak-47,0.0
ak-47,0.0
ak-47,12.597107500025075
ak-47,0.0
ak-47,0.0
ak-47,73.09931448950094
ak-47,39.50871702172984
ak-47,14.81704911444789
ak-47,12.8728883135907
ak-47,15.499805215604486
ak-47,68.31501596464719
mac-10,0.0
mac-10,0.0
glock-18,61.089431260490755
ak-47,10.108361189843585
ak-47,59.046205176142564
awp,0.0
ak-47,0.0
awp,0.0
ak-47,0.0
ak-47,0.0
ak-47,0.0
awp,0.0
ak-47,60.32322851234092
ak-47,0.0
ak-47,0.0
awp,0.0
ak-47,0.0
ak-47,0.0
ak-47,0.0
ak-47,22.431242598912124
ak-47,0.0
ak-47,0.0
ak-47,3.0047675730360575
ak-47,0.0
awp,0.0
ak-47,9.632923382370743
awp,0.0
awp,0.0
ak-47,4.334360141917605
awp,0.0
awp,0.0
ak-47,12.557120196015804
ak-47,21.461489072999314
ak-47,0.0
awp,0.0
awp,0.0
ak-47,0.0
ak-47,0.0
ak-47,0.0
ak-47,5.116791288835807
awp,0.0
awp,0.0
ak-47,0.0
ak-47,0.0
ak-47,0.0
awp,0.0
awp,0.0
glock-18,0.0
glock-18,0.0
glock-18,0.0
mac-10,0.0
glock-18,190.8198907684695
ak-47,9.246013710310514
mac-10,101.05480799559884
glock-18,59.126086542986016
ak-47,63.42067516116247
ak-47,5.778247419183866
ak-47,0.0
awp,0.0
ak-47,0.0
ak-47,0.0
awp,0.0
ak-47,0.0
awp,33.991416272723704
ak-47,5.9957197750996505
awp,0.0
awp,0.0
ak-47,0.0
awp,0.0
ak-47,0.0
awp,0.0
ak-47,44.87619960530999
ak-47,0.0
ak-47,0.0
ak-47,0.0
ak-47,0.0
ak-47,0.0
ak-47,0.0
awp,0.0
ak-47,57.41843901721453
ak-47,73.10359191918893
ak-47,0.0
awp,1.0630956974520216
ak-47,0.0
ak-47,0.0
ak-47,0.0
ak-47,0.0
awp,0.0
awp,22.990003984408638
glock-18,45.58283940293957
glock-18,61.62389878202028
ak-47,44.18572770940817
awp,8.59834842384978
ak-47,1.1265079901079265
ak-47,39.25160787411294
ak-47,0.0
ak-47,19.645073914656187
awp,0.0
ak-47,6.262899216297992
awp,7.307506975920379
ak-47,0.0
ak-47,0.0
ak-47,0.0
ak-47,0.0
ak-47,0.0
ak-47,0.0
ak-47,14.993611861459534
ak-47,0.0
awp,23.172233603913458
awp,1.8877172888173694
ak-47,0.0
awp,0.0
ak-47,39.05254611288706
ak-47,0.0
ak-47,23.578131573262628
awp,3.138894360230685
ak-47,8.98454144171916
ak-47,0.0
ak-47,121.61363974060085
awp,9.553000537911846
awp,5.845348112361487
glock-18,35.37902200246052
glock-18,180.5979225094201
glock-18,93.92416764378657
glock-18,112.22515493234948
glock-18,31.16988558814621
mac-10,0.0
mac-10,240.00379395104875
mac-10,0.0
mac-10,59.396774538037505
ak-47,17.047476835961415
ak-47,0.0
ak-47,43.77787755648492
ak-47,2.593456061234314
ak-47,46.74449917339665
ak-47,0.0
ak-47,52.46632351643397
awp,0.0
ak-47,8.767435936319181
ak-47,0.0
ak-47,0.12651663906775265
ak-47,48.66397783869462
ak-47,14.34829637630698
ak-47,0.0
ak-47,0.0
awp,0.0
ak-47,0.0
awp,9.259217879351636
awp,9.30260676334897
ak-47,0.0
ak-47,0.0
ak-47,39.55955784126865
awp,0.0
glock-18,0.0
glock-18,105.24703006960186
glock-18,139.36007048583932
glock-18,91.29397389672262
mac-10,32.60589458564922
ak-47,0.0
awp,1.2987617927610897
ak-47,19.627747429444188
ak-47,24.36448591347917
ak-47,45.835684433424454
ak-47,12.425996330463324
awp,0.0
ak-47,0.0
awp,0.0
ak-47,0.0
ak-47,0.0
awp,0.0
awp,0.0
ak-47,0.0
awp,7.89554646496802
awp,4.5180302850080585
ak-47,0.0
ak-47,60.43052668010565
awp,0.0
ak-47,0.0
glock-18,0.0
glock-18,0.0
ak-47,0.0
awp,0.0
ak-47,49.97051873174158
ak-47,0.0
ak-47,4.210669344430289
ak-47,0.0
ak-47,33.45538365214932
ak-47,0.0
ak-47,0.0
awp,0.0
ak-47,51.1186323997226
mac-10,112.3269301752727
awp,28.213954599585307
ak-47,10.980201538671045
ak-47,0.0
awp,0.0
ak-47,0.0
ak-47,29.268840753649606
awp,0.0
awp,0.0
ak-47,5.278815597167607
ak-47,8.685925739578712
ak-47,0.0
ak-47,0.0
ak-47,0.0
ak-47,0.0
ak-47,0.0
glock-18,0.0
glock-18,0.0
glock-18,0.0
glock-18,60.809741745876224
glock-18,0.0
mac-10,0.0
mac-10,0.0
awp,0.0
awp,0.0
awp,0.0
awp,0.0
ak-47,2.6040740892503424
awp,0.0
awp,0.0
ak-47,0.0
ak-47,0.0
ak-47,0.0
awp,0.0
awp,0.0
ak-47,0.0
ak-47,0.0
awp,0.0
ak-47,0.0
ak-47,0.0
ak-47,0.0
ak-47,32.947482602391645
awp,13.925921561985978
ak-47,0.0
ak-47,52.72865487338773
awp,0.0
ak-47,23.489158412296703
awp,0.0
ak-47,0.0
ak-47,0.0
ak-47,0.0
ak-47,0.0
ak-47,0.0
ak-47,0.0
awp,0.0
ak-47,62.64901474556359
ak-47,6.7650295638674045
ak-47,0.0
ak-47,0.0
ak-47,0.0
ak-47,0.0
ak-47,0.0
ak-47,0.0
ak-47,0.0
ak-47,0.0
ak-47,63.79203577348038
ak-47,4.2830905777792045
glock-18,0.0
glock-18,62.67983730170308
glock-18,61.128191984420575
glock-18,225.11414362686514
glock-18,57.452346602211
mac-10,0.0
mac-10,0.0
mac-10,0.0
mac-10,0.0
mac-10,0.0
awp,0.0
ak-47,0.0
awp,0.0
ak-47,0.0
ak-47,46.8000705161791
ak-47,0.0
ak-47,0.0
ak-47,0.0
ak-47,0.0
ak-47,18.11476003843275
mac-10,81.59347492659373
awp,0.0
awp,0.0
awp,13.213917399840405
mac-10,236.99405454784588
awp,0.0
ak-47,0.0
ak-47,0.0
ak-47,0.0
ak-47,0.0
ak-47,0.0
ak-47,0.0
ak-47,0.0
ak-47,0.0
awp,0.0
ak-47,0.0
ak-47,0.0
ak-47,20.636162778238617
ak-47,9.678777914588288
awp,0.0
awp,10.526508598412914
ak-47,46.98331599001894
ak-47,25.186907589007767
ak-47,45.012059115173145
awp,0.0
ak-47,0.0
ak-47,0.0
ak-47,43.27771435861529
ak-47,61.713533291681706
awp,0.0
awp,18.178311961067013
awp,25.936619902237165
ak-47,0.0
ak-47,0.0
awp,19.072596199061653
glock-18,34.380398914703996
glock-18,148.15777890511413
glock-18,26.21212030156042
ak-47,19.822199231346353
ak-47,7.094383838629328
ak-47,0.0
ak-47,0.0
mac-10,103.31359201765198
ak-47,23.078153579027678
ak-47,0.0
ak-47,0.0
ak-47,0.0
ak-47,0.0
ak-47,0.0
awp,11.2283325345679
awp,4.300367898505894
ak-47,0.0
ak-47,19.046144434713522
ak-47,3.654087246559529
ak-47,0.8140766961337242
ak-47,0.0
ak-47,17.83003437636352
ak-47,49.387283381105554
ak-47,0.0
mac-10,0.0
ak-47,0.0
ak-47,0.0
ak-47,0.0
ak-47,0.0
ak-47,0.0
ak-47,0.0
ak-47,0.0
ak-47,0.0
ak-47,0.0
ak-47,0.0
ak-47,0.0
ak-47,27.53826482078789
ak-47,5.365875350067405
ak-47,0.0
ak-47,0.0
ak-47,0.0
ak-47,19.554642241757453
ak-47,0.0
ak-47,0.0
awp,0.0
glock-18,0.0
glock-18,11.103923592164394
ak-47,0.0
ak-47,0.0
ak-47,0.0
ak-47,30.209317236871954
ak-47,10.8704541855974
ak-47,0.0
ak-47,36.443812102877544
ak-47,0.0
ak-47,0.0
ak-47,0.0
ak-47,40.0590815609499
awp,0.0
ak-47,34.57798184678626
ak-47,116.25911764881269
ak-47,28.637026724370408
glock-18,0.0
glock-18,25.316299869106068
glock-18,0.0
ak-47,3.0782697275224273
ak-47,25.692327817946627
ak-47,0.0
ak-47,0.0
ak-47,0.0
ak-47,0.0
ak-47,13.609927300216853
ak-47,0.0
ak-47,0.0
mac-10,62.1019724401839
mac-10,128.60815433157524
ak-47,10.361822974858478
ak-47,0.0
ak-47,76.97297569332343
ak-47,59.35043349569326
ak-47,24.729200246570066
ak-47,0.0
ak-47,31.113028245320336
ak-47,64.16556319902024
ak-47,0.34011846619229597
ak-47,0.0
ak-47,0.0
ak-47,71.38725718995981
ak-47,15.472083790809627
awp,0.0
ak-47,0.0
ak-47,0.0
ak-47,0.0
ak-47,0.0
ak-47,93.78339286114885
ak-47,30.061984798453693
ak-47,0.0
ak-47,0.0
ak-47,0.0
ak-47,214.99373526843706
ak-47,0.0
ak-47,15.320615680834893
ak-47,59.630656762644634
ak-47,0.0
awp,1.7609348136626182
ak-47,0.0
ak-47,0.0
ak-47,0.0
glock-18,164.49181601748583
glock-18,0.0
glock-18,84.77408433944773
glock-18,125.06640624397976
glock-18,25.21794850095225
ak-47,61.750769963554276
ak-47,53.66369828017097
ak-47,15.510093110012267
ak-47,39.67602800261398
ak-47,0.7190078761237598
ak-47,0.0
mac-10,0.0
ak-47,50.42023108591268
ak-47,0.0
ak-47,0.0
ak-47,38.74962956103178
ak-47,0.0
ak-47,0.0
ak-47,0.0
ak-47,0.0
ak-47,0.0
ak-47,81.23121208794895
ak-47,0.0
ak-47,18.396499854655612
ak-47,0.0
ak-47,0.0
ak-47,0.0
ak-47,0.0
ak-47,0.0
ak-47,0.0
mac-10,239.99714686629082
ak-47,0.0
glock-18,146.2167861382196
glock-18,162.46161615953466
glock-18,67.55387209306085
glock-18,122.26173616019956
glock-18,93.136764662809
ak-47,20.640828392331542
ak-47,10.180879208928715
ak-47,31.3530907236206
ak-47,9.251755006652791
ak-47,0.0
ak-47,19.829104480708047
ak-47,36.10061398285643
awp,3.6750732364089016
ak-47,47.1126800212446
ak-47,23.28614147439685
ak-47,0.0
ak-47,0.0
ak-47,0.0
ak-47,16.302926129705213
ak-47,80.23127665125268
ak-47,0.0
awp,0.0
ak-47,0.6025767423897141
ak-47,18.796002171131708
ak-47,0.0
ak-47,0.0
ak-47,8.186575568041254
ak-47,0.0
ak-47,47.47191289338188
ak-47,73.1011151461945
ak-47,72.18703516056202
mac-10,0.0
ak-47,24.09847148939119
awp,8.424037595021998
ak-47,27.426125951544105
ak-47,58.705436377730855
ak-47,34.70374801663855
ak-47,0.0
ak-47,15.841185809637768
ak-47,92.35420725020546
ak-47,0.0
awp,0.0
ak-47,0.36241917202322504
ak-47,18.21788480929674
glock-18,128.98245711769172
glock-18,4.549297319968106
glock-18,228.51987282376695
glock-18,11.600194172506079
glock-18,21.1162798417588
ak-47,28.836340778997272
ak-47,0.0
glock-18,152.25136630104237
ak-47,73.10557467682013
ak-47,0.5571717284293954
awp,0.0
awp,0.0
awp,0.0
ak-47,0.0
awp,0.0
ak-47,0.0
ak-47,120.55449890829976
ak-47,0.0
ak-47,0.0
ak-47,21.32045513803514
ak-47,0.0
ak-47,0.0
ak-47,0.0
ak-47,0.0
ak-47,73.1024754953139
ak-47,0.0
ak-47,0.0
ak-47,7.938077442024989
ak-47,9.808284453357222
ak-47,0.0
ak-47,191.44091012715256
awp,0.0
ak-47,66.01817003611936
ak-47,14.671992000831414
ak-47,13.55828903622592
ak-47,0.0
ak-47,0.0
awp,0.0
glock-18,0.0
glock-18,0.0
glock-18,0.0
glock-18,0.0
glock-18,0.0
glock-18,0.0
ak-47,0.0
ak-47,0.0
ak-47,0.0
ak-47,0.0
ak-47,0.0
ak-47,0.9924412308444263
ak-47,20.30931358155792
ak-47,22.96030014214074
ak-47,0.0
awp,0.0
awp,0.0
ak-47,0.0
ak-47,0.0
awp,0.0
ak-47,17.01578142452779
awp,17.18120842380838
ak-47,0.0
ak-47,0.0
ak-47,0.0
ak-47,0.0
ak-47,24.54509268877561
ak-47,14.438962655887888
ak-47,0.0
ak-47,30.151999376596073
ak-47,0.0
awp,13.322775157249522
ak-47,27.47654195734123
ak-47,13.15511103784263
ak-47,20.078894453519744
ak-47,7.771388746537197
ak-47,19.14767447630615
ak-47,177.1773622746134
ak-47,47.643181768090436
ak-47,0.0
ak-47,0.0
awp,0.0
ak-47,49.733208293955464
ak-47,70.98672044688843
ak-47,15.346154926696785
ak-47,76.84997672631373
ak-47,0.0
ak-47,0.0
ak-47,48.49297478517507
ak-47,11.87028072343384
ak-47,0.3672712617235386
ak-47,40.39439880710326
glock-18,0.0
glock-18,0.0
glock-18,0.0
ak-47,43.43734600885474
ak-47,58.73961436577401
ak-47,0.0
ak-47,3.6496422978620795
ak-47,0.0
awp,0.0
awp,0.0
ak-47,15.317540194061186
awp,0.0
ak-47,34.21814354485424
ak-47,35.74065350697255
glock-18,177.12646171952215
glock-18,0.0
glock-18,0.0
glock-18,103.45501899191352
glock-18,135.7780816989246
mac-10,0.0
mac-10,0.0
mac-10,0.0
mac-10,0.0
mac-10,0.0
ak-47,0.0
ak-47,0.0
ak-47,28.411120623808312
ak-47,28.87455782837514
ak-47,111.17704258065362
ak-47,0.0
ak-47,8.757900254466707
awp,9.182889403747003
awp,2.5123285317557493
ak-47,0.0
ak-47,3.357032854316591
ak-47,25.7047093695389
ak-47,0.0
ak-47,13.73569253961987
ak-47,0.0
ak-47,7.074443128965064
ak-47,34.834445979227056
ak-47,0.0
ak-47,0.0
ak-47,8.568147584358243
ak-47,0.0
ak-47,0.0
ak-47,0.0
ak-47,0.0
awp,3.881169483866944
ak-47,0.0
ak-47,34.145046309237316
ak-47,0.0
awp,0.0
ak-47,0.0
glock-18,12.612352381096914
glock-18,40.80782885092607
glock-18,146.23216641143068
glock-18,54.07661996927017
glock-18,0.0
mac-10,0.0
mac-10,236.7602516818787
mac-10,144.671168755941
ak-47,0.0
ak-47,0.0
ak-47,0.0
ak-47,0.0
ak-47,0.0
ak-47,0.0
ak-47,0.0
ak-47,0.0
ak-47,0.0
glock-18,0.0
glock-18,0.0
glock-18,35.356727005355715
ak-47,65.36340906149728
ak-47,22.912799870770247
ak-47,0.0
ak-47,0.0
ak-47,0.0
ak-47,34.587900588163485
ak-47,0.0
ak-47,25.082203868429524
ak-47,0.0
ak-47,0.0
ak-47,0.0
ak-47,0.0
ak-47,0.0
awp,17.532216972970218
awp,13.0721499194136
ak-47,10.089977047512843
awp,18.614170163709822
ak-47,0.0
ak-47,0.0
awp,4.939962926537102
ak-47,0.0
ak-47,0.0
mac-10,222.65625
ak-47,53.421875
ak-47,0.0
ak-47,0.0
ak-47,0.0
ak-47,0.0
ak-47,21.636170502275235
ak-47,0.0
ak-47,0.0
ak-47,0.0
glock-18,233.56251060940403
glock-18,17.43032725302256
glock-18,0.0
glock-18,20.751759365464558
glock-18,5.351905132097261
ak-47,0.0
ak-47,0.0
ak-47,0.0
mac-10,0.0
mac-10,0.0
ak-47,0.0
ak-47,0.0
ak-47,0.0
ak-47,0.0
ak-47,0.0
ak-47,20.256777108036907
awp,7.231455269342402
ak-47,9.729875466658347
awp,0.0
ak-47,14.205837672126096
ak-47,18.897061242995456
awp,0.0
awp,10.153680510157093
awp,0.0
awp,0.0
ak-47,0.0
awp,8.069068303171687
ak-47,23.14111527765786
ak-47,0.0
ak-47,37.38338639188537
ak-47,23.56847558393597
glock-18,140.65007837908578
ak-47,0.0
ak-47,18.82359438201549
ak-47,0.0
ak-47,0.0
ak-47,0.0
ak-47,0.0
ak-47,14.995684703850804
ak-47,72.80414892096101
ak-47,157.29431237838781
ak-47,10.752153185853754
ak-47,0.0
ak-47,0.0
ak-47,0.0
ak-47,0.0
awp,0.0
awp,0.0
ak-47,0.0
ak-47,0.0
ak-47,0.0
ak-47,56.236909877137606
ak-47,0.0
ak-47,0.0
ak-47,0.0
awp,0.0
ak-47,16.305461198551267
awp,0.0
ak-47,129.46954565199866
awp,0.0
awp,0.0
awp,0.0
ak-47,14.176744896738038
awp,0.0
glock-18,23.54220535075981
glock-18,0.0
glock-18,0.0
ak-47,0.0
ak-47,0.0
ak-47,0.0
ak-47,0.0
ak-47,0.0
ak-47,0.0
ak-47,0.0
ak-47,5.637426222840437
ak-47,0.0
ak-47,0.0
awp,0.0
ak-47,9.702314542189713
awp,0.0
ak-47,0.0
ak-47,78.32920690280517
ak-47,39.68680881420764
ak-47,60.88034178308298
ak-47,0.0
ak-47,0.0
awp,0.0
ak-47,4.381594422089749
glock-18,28.287624667594784
ak-47,69.71445735770801
ak-47,0.0
ak-47,0.0
ak-47,0.0
ak-47,0.0
ak-47,33.78828559176196
ak-47,0.0
ak-47,10.528476649060158
ak-47,57.588067095218854
ak-47,32.806118463059676
ak-47,32.1943448248473
ak-47,2.501064320905202
ak-47,6.480485554637477
awp,0.0
ak-47,0.0
ak-47,48.37242498466932
ak-47,56.328731910998776
awp,0.0
awp,0.0
mac-10,0.0
mac-10,95.38381860159753
ak-47,54.62936958363577
mac-10,8.189745497594476
ak-47,73.73869418108276
awp,0.0
ak-47,0.0
ak-47,0.0
ak-47,0.0
ak-47,10.892712012188195
ak-47,18.276406475968
ak-47,14.418598375873989
ak-47,0.0
ak-47,0.0
ak-47,22.938752434046386
ak-47,27.0229694355966
ak-47,146.0169459408649
awp,0.0
awp,0.0
awp,0.705562203112525
ak-47,0.0
glock-18,0.0
glock-18,0.0
glock-18,0.0
mac-10,0.0
ak-47,0.0
mac-10,67.91488796206006
mac-10,76.25734802250079
mac-10,0.0
mac-10,199.6421221882933
ak-47,28.262982817079056
ak-47,26.951376972138846
ak-47,4.548567666786545
ak-47,38.18426509322867
ak-47,0.0
ak-47,0.0
ak-47,0.0
ak-47,47.48224712898463
ak-47,0.0
ak-47,0.0
ak-47,0.0
ak-47,0.0
ak-47,11.696573472895214
ak-47,9.713197414519485
mac-10,108.99750582618776
ak-47,15.498276961619089
ak-47,0.0
ak-47,23.087739285816486
ak-47,0.0
ak-47,0.0
ak-47,0.0
awp,8.247784423852504
ak-47,0.26608416196760004
ak-47,0.0
ak-47,40.182855510968615
ak-47,43.71420997592586
ak-47,12.794834981396672
ak-47,168.42190921990328
ak-47,56.04172212277282
ak-47,49.889054335399756
ak-47,0.0
ak-47,0.0
ak-47,0.0
ak-47,0.0
glock-18,0.0
glock-18,0.0
ak-47,44.74134922058258
ak-47,57.08134608847676
ak-47,19.91244584091035
ak-47,0.0
awp,0.0
ak-47,54.549404997023544
ak-47,0.0
ak-47,0.0
ak-47,4.010157514732931
ak-47,0.0
awp,0.0
ak-47,0.0
ak-47,0.0
ak-47,15.68951737535862
ak-47,0.0
ak-47,0.0
ak-47,0.0
ak-47,0.0
ak-47,0.0
ak-47,0.0
ak-47,0.0
ak-47,0.0
ak-47,0.0
ak-47,0.0
ak-47,0.0
ak-47,0.0
ak-47,0.0
awp,0.0
ak-47,0.0
ak-47,0.0
glock-18,0.0
glock-18,14.610129079870205
glock-18,0.0
ak-47,0.0
ak-47,0.0
ak-47,0.0
ak-47,15.917608541476575
awp,0.0
awp,0.0
ak-47,6.235941219304829
ak-47,0.0
ak-47,63.1116921139041
ak-47,0.0
ak-47,0.0
ak-47,0.0
ak-47,0.0
ak-47,0.0
ak-47,0.0
ak-47,0.6519694375206556
ak-47,2.737063489027794
glock-18,2.134161044135376
glock-18,0.0
glock-18,0.0
ak-47,0.0
ak-47,0.0
ak-47,0.0
ak-47,49.97596194261641
ak-47,0.0
ak-47,0.0
awp,0.0
ak-47,62.471053578054054
ak-47,38.68373450398507
awp,0.0
awp,0.0
ak-47,2.3137937634616446
ak-47,45.620625560627396
ak-47,14.305576198628142
ak-47,60.806663383031825
ak-47,88.33414482847573
ak-47,18.47381150405365
ak-47,18.984838376829444
awp,0.0
ak-47,0.0
awp,0.0
awp,0.0
ak-47,25.2763348972877
ak-47,36.34526666083853
ak-47,15.994087912974875
ak-47,22.15691664194558
ak-47,37.708571427534466
ak-47,26.41376095102939
ak-47,14.791244110979509
ak-47,29.215833744842026
ak-47,0.0
ak-47,0.0
ak-47,14.584682350923657
ak-47,0.0
ak-47,22.568493836818178
awp,0.0
ak-47,0.0
mac-10,115.02580290734974
ak-47,3.6559917382078426
ak-47,29.560939665415646
awp,0.0
ak-47,5.465289083445175
awp,0.0
awp,0.0
glock-18,0.0
glock-18,0.0
awp,0.0
ak-47,34.108755863597544
ak-47,0.0
ak-47,0.0
ak-47,0.0
ak-47,0.0
ak-47,28.375903413481833
ak-47,6.6365384474294284
ak-47,0.0
ak-47,0.0
ak-47,19.730211605555578
awp,0.0
ak-47,0.0
ak-47,0.0
ak-47,71.58337475353805
ak-47,80.52326733330715
ak-47,0.0
ak-47,0.0
ak-47,0.0
ak-47,0.0
ak-47,68.48599731165825
ak-47,0.0
awp,0.0
ak-47,54.50707530661015
ak-47,0.0
ak-47,0.0
ak-47,0.0
glock-18,0.0
glock-18,0.0
glock-18,62.56049041849292
ak-47,0.0
ak-47,0.0
awp,0.0
awp,0.0
ak-47,0.0
ak-47,5.973125032698546
ak-47,0.0
ak-47,0.0
ak-47,56.16589980938132
ak-47,0.0
ak-47,65.81931316521016
ak-47,0.0
awp,8.992849993569113
ak-47,0.0
ak-47,0.0
ak-47,0.0
awp,27.407049061950833
awp,3.410199341473164
ak-47,0.0
ak-47,77.40962384914938
ak-47,0.0
ak-47,0.0
ak-47,24.24918028084597
awp,0.0
ak-47,1.1439129399604673
ak-47,24.070113642268268
ak-47,0.0
ak-47,0.0
ak-47,12.232912791612142
ak-47,0.0
awp,18.061147267678095
ak-47,0.0
awp,0.0
awp,0.0
awp,0.0
ak-47,53.90776764407137
ak-47,0.0
awp,0.0
glock-18,0.0
glock-18,0.0
glock-18,0.0
ak-47,0.0
mac-10,0.0
mac-10,0.0
ak-47,0.0
ak-47,0.0
ak-47,73.10513935005103
ak-47,0.0
awp,0.0
ak-47,39.82315091256875
ak-47,0.0
ak-47,41.37747821128059
ak-47,10.162695566614598
ak-47,0.0
ak-47,0.0
awp,0.0
ak-47,45.56949752630376
ak-47,39.119818247491075
glock-18,0.0
glock-18,47.00727707921768
glock-18,223.77300887086682
ak-47,73.1018303999447
ak-47,18.853504471854137
ak-47,0.0
ak-47,5.567024106499271
ak-47,32.29284787820611
ak-47,0.0
ak-47,4.134281697737831
ak-47,49.76402850287506
ak-47,21.058072248411914
ak-47,16.13244649511428
ak-47,1.8584756614440772
ak-47,36.020078512164034
awp,0.0
awp,0.0
awp,0.0
awp,0.0
ak-47,0.0
ak-47,0.0
awp,0.0
awp,0.0
ak-47,162.11595402548005
awp,0.0
ak-47,0.0
ak-47,25.009864037609
ak-47,31.58954326647
ak-47,8.679361324823157
ak-47,0.854254878511677
awp,0.0
ak-47,0.0
awp,0.0
ak-47,58.9279887971725
awp,0.0
ak-47,21.354123460919205
ak-47,0.0
ak-47,14.963697501346918
ak-47,28.34719283825157
awp,0.0
glock-18,0.0
glock-18,0.0
glock-18,146.8719371866524
ak-47,36.60017956783082
ak-47,63.898418785912405
ak-47,24.914411683249938
ak-47,0.0
ak-47,0.0
ak-47,0.0
ak-47,0.0
ak-47,75.69609422975947
awp,0.0
ak-47,78.30335373339676
ak-47,17.291337855555337
awp,1.7797803122748044
ak-47,41.80710537910617
ak-47,11.034148875479703
ak-47,14.05931023014504
ak-47,18.14573576365249
ak-47,32.961502057205884
awp,14.266074765876771
ak-47,35.69447499236358
ak-47,0.0
ak-47,0.0
awp,0.0
awp,0.0
ak-47,0.0
ak-47,0.0
awp,0.0
ak-47,26.259570429030024
ak-47,0.0
ak-47,0.0
ak-47,11.919868493295596
ak-47,0.0
ak-47,0.0
ak-47,50.87719301938001
ak-47,0.0
ak-47,49.18238900660948
ak-47,14.681362233433823
awp,0.0
awp,12.712498055056095
awp,12.712498055056095
ak-47,0.0
ak-47,30.01198160890923
ak-47,0.0
ak-47,50.484380440691446
awp,0.0
ak-47,66.18412298101127
awp,0.0
ak-47,26.903212548306808
ak-47,0.0
ak-47,33.92987368271506
ak-47,0.509327765256323
ak-47,42.02176980827124
ak-47,71.61927577621796
awp,0.0
awp,0.0
ak-47,0.0
ak-47,0.0
ak-47,0.0
ak-47,0.0
ak-47,0.0
awp,0.0
ak-47,0.0
ak-47,41.67631561454449
ak-47,5.140511705058555
glock-18,52.09039484182611
glock-18,164.39619189675975
glock-18,68.45506695202518
glock-18,15.343496124395378
ak-47,0.0
ak-47,0.0
ak-47,63.60958707011443
ak-47,73.06763570264748
ak-47,0.0
mac-10,25.82299193924546
ak-47,0.0
ak-47,30.687785800906276
ak-47,0.0
ak-47,42.11775530621475
ak-47,31.961985195658
ak-47,4.283831386806208
ak-47,46.94547841674791
awp,0.0
ak-47,0.0
ak-47,0.0
awp,0.0
ak-47,0.0
ak-47,4.996703014551195
ak-47,0.0
ak-47,0.0
ak-47,0.0
ak-47,0.0
ak-47,208.20994973864234
ak-47,0.0
ak-47,24.440812752043843
ak-47,53.08533675616672
ak-47,18.570475191230972
ak-47,8.516600492234915
ak-47,0.0
glock-18,0.0
ak-47,29.987007025292822
awp,25.266007833447766
awp,18.18744089283781
ak-47,0.0
ak-47,38.94742111267606
ak-47,74.80740407926294
ak-47,43.56572318810218
ak-47,52.21435732945609
ak-47,6.525701809420117
ak-47,0.0
ak-47,0.0
awp,0.0
ak-47,30.573697463056376
awp,0.0
ak-47,0.0
ak-47,28.96932035974384
ak-47,0.0
ak-47,55.984286607722225
glock-18,7.136661591246218
glock-18,0.0
glock-18,0.0
mac-10,0.0
glock-18,0.0
glock-18,0.0
glock-18,0.0
glock-18,0.0
glock-18,0.0
ak-47,4.850093112338051
mac-10,38.24237479180069
ak-47,5.087199449334083
ak-47,37.125993856616866
mac-10,240.00099015105604
mac-10,239.66420247592225
awp,0.0
awp,0.0
ak-47,72.56031254561131
glock-18,200.35640663449547
ak-47,0.0
ak-47,0.0
ak-47,0.0
ak-47,0.0
ak-47,0.0
ak-47,0.0
awp,0.0
ak-47,26.820502378828568
awp,0.0
ak-47,0.0
ak-47,0.0
awp,0.0
ak-47,39.33665267910478
ak-47,0.0
ak-47,79.08976676219237
ak-47,0.0
ak-47,16.86407179256555
ak-47,13.422087315977533
ak-47,0.0
ak-47,0.0
ak-47,0.0
ak-47,12.803177451347498
awp,0.0
ak-47,0.0
ak-47,0.0
awp,39.08856764495445
ak-47,0.0
ak-47,0.0
ak-47,0.0
ak-47,0.0
ak-47,0.0
ak-47,0.0
awp,0.0
ak-47,0.0
awp,0.0
ak-47,0.0
ak-47,0.0
glock-18,4.056433758838421
glock-18,185.3607985962255
glock-18,0.0
ak-47,0.0
ak-47,0.0
ak-47,0.0
ak-47,0.0
ak-47,0.0
ak-47,0.0
ak-47,0.0
glock-18,0.0
glock-18,0.0
ak-47,15.117195392762806
ak-47,4.098557067332355
ak-47,5.996105045510544
ak-47,0.0
ak-47,0.0
glock-18,0.0
ak-47,0.0
ak-47,0.0
ak-47,0.0
ak-47,0.0
awp,17.971971904998433
ak-47,21.95246617069677
mac-10,0.0
ak-47,28.791174255791375
ak-47,0.0
ak-47,22.456522663944433
ak-47,0.0
ak-47,0.0
ak-47,0.0
ak-47,18.71838844037296
ak-47,0.982654537986265
awp,10.123132100415415
ak-47,11.56506336935968
ak-47,7.3094502509887835
ak-47,0.0
ak-47,2.506354281457432
ak-47,0.0
ak-47,39.79320137201244
ak-47,28.767723977695436
ak-47,0.0
awp,12.251772317701835
awp,7.2786601428824795
awp,6.297779988840671
ak-47,15.260725467165052
mac-10,0.0
ak-47,43.89612094071394
awp,8.445934873271579
awp,14.50861226928575
awp,11.423002909041081
glock-18,203.0368871482605
glock-18,0.0
glock-18,5.00564261413747
glock-18,77.14265252335989
glock-18,118.98696216827362
ak-47,4.128079702384149
ak-47,0.0
mac-10,0.0
ak-47,11.671344174508949
ak-47,11.714929748950697
ak-47,0.0
ak-47,0.0
awp,0.0
ak-47,14.420294330730563
awp,0.0
ak-47,0.0
ak-47,0.0
ak-47,0.0
awp,3.4714171979618067
ak-47,0.0
ak-47,1.6274397238263543
ak-47,0.0
ak-47,0.0
ak-47,0.0
ak-47,6.231310029174282
awp,5.752706359169917
awp,0.7168793591846538
ak-47,23.925342455057923
ak-47,32.10487855244414
awp,10.343788768381728
ak-47,0.0
ak-47,8.46537640369582
ak-47,83.53182018033836
ak-47,0.0
ak-47,0.0
glock-18,0.0
awp,0.0
awp,0.0
awp,0.0
awp,0.0
ak-47,0.0
awp,0.0
awp,12.031412336567142
ak-47,0.0
ak-47,0.0
ak-47,0.0
ak-47,0.0
ak-47,0.0
awp,4.692972548379545
ak-47,0.0
awp,0.0
awp,10.589137254743891
ak-47,0.0
awp,0.0
ak-47,0.0
ak-47,0.0
ak-47,0.0
ak-47,0.0
ak-47,0.0
ak-47,0.0
awp,0.0
ak-47,0.0
ak-47,0.0
ak-47,0.0
ak-47,0.0
ak-47,0.0
ak-47,0.0
ak-47,0.0
ak-47,0.0
ak-47,0.0
awp,0.0
awp,0.0
glock-18,0.0
glock-18,0.0
glock-18,0.0
ak-47,0.0
ak-47,0.0
ak-47,0.0
ak-47,0.0
ak-47,0.0
ak-47,0.0
ak-47,0.0
awp,0.0
awp,0.0
awp,0.0
ak-47,0.0
ak-47,0.0
awp,0.0
ak-47,0.0
ak-47,0.0
awp,0.0
ak-47,0.0
ak-47,0.0
ak-47,0.0
awp,0.0
ak-47,0.0
awp,0.0
ak-47,0.0
awp,0.0
awp,0.0
awp,0.0
ak-47,0.0
ak-47,0.0
ak-47,0.0
ak-47,0.0
ak-47,0.0
awp,0.0
ak-47,66.48682060719347
ak-47,0.7993222226517914
ak-47,0.0
ak-47,0.0
awp,0.0
awp,0.0
ak-47,0.0
ak-47,0.0
ak-47,0.0
ak-47,0.0
awp,0.0
ak-47,30.527097515397696
awp,0.0
ak-47,23.823278714197507
awp,0.0
ak-47,0.0
awp,0.0
awp,0.0
awp,1.2214764039755333
awp,13.6988768527695
ak-47,0.0
ak-47,0.0
ak-47,0.0
ak-47,0.0
ak-47,0.0
awp,0.0
awp,0.0
awp,0.0
awp,0.0
ak-47,0.0
awp,0.0
awp,0.0
awp,0.0
ak-47,0.0
ak-47,0.0
awp,0.0
awp,0.0
awp,0.0
awp,0.0
awp,0.0
ak-47,0.0
awp,0.0
glock-18,0.0
glock-18,0.0
glock-18,0.0
glock-18,0.0
glock-18,0.0
ak-47,0.0
ak-47,0.0
ak-47,73.09107953918266
ak-47,0.0
ak-47,0.0
ak-47,0.0
awp,12.369181678766951
ak-47,25.056852117321064
ak-47,0.0
mac-10,0.0
ak-47,0.0
ak-47,0.0
ak-47,0.0
ak-47,0.0
ak-47,0.0
ak-47,73.09393811374228
ak-47,0.0
ak-47,0.0
ak-47,0.0
awp,0.0
ak-47,21.656680245996707
ak-47,0.0
ak-47,0.0
awp,0.0
ak-47,0.0
ak-47,78.00057617119263
mac-10,213.9940686696275
ak-47,0.0
ak-47,0.0
ak-47,0.0
ak-47,0.0
ak-47,0.0
ak-47,0.0
ak-47,29.698946101275613
ak-47,0.0
awp,0.0
ak-47,77.99021914232058
ak-47,0.0
ak-47,0.0
awp,0.0
awp,0.0
awp,0.0
awp,0.0
glock-18,81.07856011397989
glock-18,0.0
glock-18,0.0
glock-18,0.0
glock-18,0.0
ak-47,0.0
mac-10,0.0
mac-10,0.0
ak-47,0.0
ak-47,0.0
ak-47,12.713739495520624
ak-47,0.0
ak-47,0.0
mac-10,0.0
mac-10,0.0
ak-47,0.0
ak-47,0.0
ak-47,24.244106366995258
ak-47,0.0
ak-47,0.0
ak-47,0.0
ak-47,0.0
ak-47,72.96846404113533
ak-47,0.0
ak-47,32.34441259162796
ak-47,0.0
ak-47,0.0
awp,0.0
glock-18,0.0
glock-18,0.0
ak-47,56.90449312568055
mac-10,32.05544675793158
ak-47,10.31815224334265
ak-47,14.0740916436326
ak-47,0.0
ak-47,4.290826212962255
ak-47,13.974920837068954
awp,0.0
ak-47,0.0
ak-47,0.0
ak-47,0.0
ak-47,0.0
ak-47,5.53267483546259
ak-47,24.938879519232714
awp,0.0
ak-47,0.0
ak-47,0.0
ak-47,0.0
glock-18,0.0
awp,0.0
ak-47,0.0
awp,0.8242282552770198
ak-47,0.0
ak-47,11.739515736250794
ak-47,0.0
awp,0.0
ak-47,0.0
ak-47,0.0
ak-47,0.0
mac-10,239.9959772782152
awp,0.0
ak-47,0.0
ak-47,8.485705553325074
awp,0.0
ak-47,0.0
ak-47,0.0
ak-47,14.862057557773957
ak-47,0.0
ak-47,0.0
ak-47,0.0
ak-47,0.0
awp,0.0
glock-18,19.323761566782075
glock-18,19.392236536578885
glock-18,0.0
glock-18,18.28848798670475
mac-10,72.77828590094498
ak-47,9.815065780940033
ak-47,4.4006502537977275
mac-10,0.0
ak-47,0.0
ak-47,19.517969221970944
ak-47,7.92355798173043
ak-47,0.0
ak-47,0.0
ak-47,73.09138422451355
ak-47,0.0
ak-47,73.0938547662647
ak-47,0.0
ak-47,0.0
ak-47,0.0
ak-47,0.0
ak-47,5.546524161351955
ak-47,0.0
ak-47,0.0
ak-47,0.0
ak-47,0.0
ak-47,0.0
ak-47,6.988572756147638
ak-47,27.131812614656546
ak-47,0.0
ak-47,26.940345960612774
ak-47,0.0
ak-47,0.4791169245017337
ak-47,0.0
ak-47,0.0
glock-18,39.96806963743644
ak-47,0.0
mac-10,0.0
ak-47,0.0
ak-47,0.0
glock-18,195.74369662656875
ak-47,0.0
ak-47,0.0
ak-47,17.359369228959444
ak-47,0.0
ak-47,0.0
ak-47,17.656292713997015
ak-47,0.0
ak-47,29.046704219710435
ak-47,29.08034566345885
awp,0.0
ak-47,0.0
ak-47,0.0
ak-47,0.0
ak-47,0.0
ak-47,0.0
ak-47,0.0
awp,0.0
ak-47,0.0
ak-47,33.052062628865706
ak-47,0.0
mac-10,190.29475208835157
mac-10,240.01151133749156
mac-10,37.977075990408345
ak-47,0.0
ak-47,0.0
mac-10,239.99078453173206
ak-47,0.0
ak-47,0.0
ak-47,27.66370114074919
ak-47,18.082689030620557
ak-47,0.0
ak-47,0.0
ak-47,0.0
ak-47,0.0
ak-47,0.0
ak-47,0.0
glock-18,14.987881970965278
glock-18,62.71249897628531
glock-18,158.6546587831589
ak-47,34.92552900586967
mac-10,220.87281138960373
ak-47,68.8688806472522
ak-47,0.0
mac-10,115.55087025572533
mac-10,62.40079231228501
ak-47,59.034564283761625
ak-47,99.585740841784
ak-47,15.838672551521986
ak-47,23.462644022662495
ak-47,0.0
ak-47,112.88155050327073
ak-47,31.19168826630492
ak-47,0.0
ak-47,0.0
ak-47,82.87952139612406
ak-47,0.0
ak-47,0.0
ak-47,39.09141294641908
ak-47,0.0
ak-47,0.0
ak-47,12.519809381933936
awp,7.156714712804263
ak-47,0.0
awp,10.296317796001151
ak-47,64.99818569636645
glock-18,32.295372893573486
ak-47,48.21685008411665
ak-47,46.906497393824196
ak-47,25.54324836075741
mac-10,0.0
ak-47,25.91388260344175
mac-10,11.758483208403414
ak-47,18.414890633531385
mac-10,15.387604387211935
ak-47,0.0
ak-47,0.0
ak-47,8.385322479892887
ak-47,137.2988541751809
awp,19.138177360134613
ak-47,0.0
awp,0.0
awp,20.292467100223963
ak-47,0.0
ak-47,0.0
ak-47,0.0
ak-47,69.42908995692136
awp,0.0
ak-47,0.0
ak-47,46.42032782155009
ak-47,51.1526356616013
ak-47,0.0
ak-47,11.180449069972548
ak-47,0.0
awp,5.020885160304804
ak-47,0.0
ak-47,17.902210574530564
ak-47,0.0
ak-47,0.0
ak-47,16.016388385648057
ak-47,0.0
ak-47,18.434325682014677
ak-47,16.3549240652376
awp,0.0
ak-47,180.257812
ak-47,61.625839877643855
ak-47,52.82781922278224
awp,0.0
ak-47,28.44310556015728
ak-47,32.409015637471065
awp,0.0
awp,0.0
awp,0.0
ak-47,3.0515688427993886
ak-47,26.670404261080257
ak-47,0.0
ak-47,26.69241209185206
ak-47,21.43992560985812
ak-47,13.334800130907475
awp,0.0
awp,0.0
awp,0.0
ak-47,9.170707083860492
ak-47,18.496466693600187
ak-47,8.654378096112337
awp,23.787685972079124
ak-47,12.790388991073298
ak-47,0.0
awp,8.581410813112026
awp,0.0
ak-47,56.984755138633005
ak-47,32.72995569810628
ak-47,0.0
ak-47,17.67498008816949
awp,0.4331541927397217
ak-47,0.0
ak-47,42.797649164730345
ak-47,0.0
awp,4.766260167815537
ak-47,27.274489278774205
ak-47,34.97757140984017
ak-47,71.40141018882697
ak-47,0.0
awp,11.071246983317868
glock-18,0.0
glock-18,131.34548525036462
mac-10,0.0
mac-10,0.0
ak-47,0.0
mac-10,0.0
ak-47,0.0
ak-47,0.0
ak-47,7.248549233281444
ak-47,3.688513822232065
ak-47,0.0
ak-47,0.0
ak-47,19.51027201333134
ak-47,13.744692117408233
ak-47,17.980408876393913
ak-47,0.0
ak-47,0.0
ak-47,0.0
ak-47,0.0
ak-47,0.0
ak-47,0.0
ak-47,0.0
ak-47,0.0
mac-10,0.0
ak-47,0.0
ak-47,0.0
ak-47,0.0
ak-47,0.0
awp,0.0
ak-47,0.0
ak-47,0.0
ak-47,11.372856703426805
ak-47,67.22626782372227
ak-47,0.0
ak-47,19.828750001379007
ak-47,33.466478182174605
awp,0.0
ak-47,31.75781584378827
ak-47,3.036118834651404
ak-47,0.0
ak-47,73.09622491763827
ak-47,0.0
ak-47,0.0
ak-47,0.0
glock-18,0.0
ak-47,0.0
ak-47,51.418587456554505
mac-10,0.0
mac-10,0.0
ak-47,7.698687676762579
ak-47,31.87462086171575
ak-47,27.703633313652993
mac-10,0.0
ak-47,0.0
ak-47,20.67624226727045
ak-47,46.93157013209987
ak-47,0.0
ak-47,19.440193995382995
ak-47,0.0
ak-47,16.20008336310897
ak-47,23.426197376744266
ak-47,0.0
ak-47,0.0
ak-47,0.0
ak-47,0.0
ak-47,21.794225952685473
ak-47,0.0
ak-47,0.0
ak-47,0.0
ak-47,0.0
ak-47,0.0
ak-47,0.0
ak-47,0.0
ak-47,0.0
ak-47,0.0
ak-47,0.0
ak-47,0.0
glock-18,84.76042499356551
awp,0.0
ak-47,0.0
ak-47,0.0
ak-47,0.0
ak-47,0.0
ak-47,0.0
awp,0.0
awp,5.752638968045882
ak-47,123.16180923169969
ak-47,0.0
ak-47,0.0
ak-47,41.585778456522384
awp,0.35664725657854146
awp,9.55354124747405
ak-47,0.0
ak-47,52.06892007586856
ak-47,45.24146371485454
ak-47,85.86166548768627
ak-47,0.0
ak-47,0.0
awp,6.922549881038705
ak-47,0.0
ak-47,0.0
ak-47,0.0
awp,11.850623428641253
ak-47,9.46306377567334
awp,0.0
ak-47,0.0
ak-47,9.748508338606527
ak-47,0.0
awp,0.0
awp,0.0
awp,0.0
ak-47,0.0
ak-47,2.7879924205967637
ak-47,0.0
ak-47,0.0
ak-47,0.0
glock-18,64.14642419330968
ak-47,0.0
ak-47,0.0
awp,0.0
ak-47,79.87383239561315
ak-47,0.0
ak-47,11.50898999843948
awp,9.311097891459204
ak-47,17.099295951874893
ak-47,23.34162800870325
ak-47,0.0
ak-47,47.387259570444456
ak-47,0.0
ak-47,0.0
ak-47,0.0
ak-47,0.0
glock-18,5.552672451224366
glock-18,0.0
ak-47,8.488434991532243
ak-47,0.0
ak-47,73.09909123473086
ak-47,14.631847384097505
ak-47,31.472052188894022
ak-47,0.0
ak-47,16.184125016654065
ak-47,0.0
ak-47,0.0
ak-47,0.0
awp,0.0
ak-47,0.0
ak-47,0.0
ak-47,25.558022328951587
ak-47,35.51562194077198
awp,13.778561992637728
ak-47,3.537227587650532
ak-47,0.0
ak-47,0.0
ak-47,0.0
ak-47,0.0
ak-47,59.390280315156296
ak-47,0.0
mac-10,0.0
ak-47,0.0
ak-47,36.3457191615077
ak-47,0.0
ak-47,0.0
ak-47,0.0
awp,0.0
ak-47,0.0
awp,22.034263295701855
ak-47,0.0
ak-47,0.0
glock-18,94.02598180240528
glock-18,19.11604955501005
glock-18,55.586736404955936
glock-18,61.661199433882246
glock-18,80.2840388937719
ak-47,40.01896885895712
ak-47,57.15814863235272
ak-47,39.58207068564539
ak-47,0.0
ak-47,0.0
ak-47,0.0
ak-47,0.0
ak-47,11.368487252839271
awp,0.0
ak-47,17.17104176893237
ak-47,15.618173122306622
ak-47,38.60371203278204
awp,0.0
ak-47,73.64831318639398
awp,0.0
ak-47,20.613781276505893
ak-47,0.0
ak-47,36.09207962839415
ak-47,0.0
ak-47,0.0
ak-47,31.732128973371847
ak-47,0.0
ak-47,0.0
ak-47,4.616449731690902
ak-47,0.0
ak-47,0.0
ak-47,0.0
glock-18,10.108666410396577
ak-47,0.0
ak-47,23.60670691409806
ak-47,0.0
awp,0.0
awp,15.1476077082878
awp,0.0
ak-47,9.77836456736529
awp,0.0
ak-47,0.5111812635259629
ak-47,0.0
ak-47,14.967690309795998
ak-47,69.1892925467879
ak-47,0.0
ak-47,0.0
awp,0.0
awp,5.3278868843864355
ak-47,80.19631829442187
ak-47,74.68536127217615
awp,1.2608112748306146
ak-47,1.2474172915147521
ak-47,36.70641082567356
ak-47,73.29818501903686
ak-47,0.0
awp,12.954791649224044
awp,0.7092613620436404
ak-47,39.96451667425538
awp,5.0100012731371635
ak-47,10.511745129844282
ak-47,49.67233132607315
ak-47,27.12654312983512
ak-47,13.13226208703059
ak-47,47.92509317507733
awp,0.0
ak-47,30.678970107588437
awp,0.8575982769852094
ak-47,0.0
ak-47,24.608479771812153
ak-47,18.80901884005612
ak-47,52.24106431881764
ak-47,73.10527260943498
glock-18,0.0
glock-18,0.0
glock-18,0.0
glock-18,64.484828798996
glock-18,0.0
ak-47,0.0
mac-10,0.0
mac-10,0.0
ak-47,33.238518584165604
ak-47,0.0
mac-10,0.0
mac-10,0.0
mac-10,74.6474051942685
ak-47,26.229440471463455
mac-10,235.42622272732544
ak-47,0.0
ak-47,0.0
ak-47,71.09598348837778
ak-47,23.218271957688238
ak-47,47.16930375366451
awp,0.0
ak-47,14.179258861703174
ak-47,39.95827789144328
ak-47,10.291549023339734
ak-47,73.09410154232212
ak-47,0.0
ak-47,13.827490740185725
awp,26.3968325388006
ak-47,15.071046336429498
ak-47,0.0
awp,10.547349526362062
awp,33.87351382566416
ak-47,0.0
ak-47,0.0
ak-47,29.27084776134728
ak-47,0.0
ak-47,0.0
awp,0.0
ak-47,0.0
ak-47,0.0
ak-47,0.0
awp,1.2189812484940037
ak-47,0.0
ak-47,0.0
ak-47,0.0
awp,0.0
glock-18,29.99944033006596
glock-18,56.86379348886544
glock-18,176.6146272608812
glock-18,2.811330558087398
ak-47,42.22936869144654
ak-47,0.0
ak-47,22.387319885926612
awp,0.0
awp,0.0
ak-47,15.441510385336954
ak-47,42.36413996796803
ak-47,0.0
ak-47,22.819824380692
ak-47,21.6141890992461
ak-47,63.704334066057115
ak-47,49.20280622180594
glock-18,11.90990495573697
awp,0.0
ak-47,61.82735697336981
awp,0.0
awp,0.0
ak-47,9.35158071687867
ak-47,0.0
ak-47,39.413537240392486
ak-47,71.14294657698858
ak-47,0.0
awp,0.0
ak-47,47.42527273659715
awp,0.0
ak-47,0.0
awp,0.0
awp,0.0
awp,0.0
ak-47,4.964626574813458
ak-47,16.52686319394125
ak-47,0.0
awp,0.0
ak-47,35.801816875542
awp,0.0
ak-47,0.0
ak-47,0.0
ak-47,12.63080969358754
glock-18,0.0
glock-18,0.0
ak-47,1.4068787191755372
ak-47,0.0
ak-47,0.0
ak-47,0.0
ak-47,10.035961039206411
ak-47,5.922555204998092
ak-47,0.0
ak-47,13.398915907165959
ak-47,54.43464399963674
ak-47,0.0
ak-47,64.29451640021058
ak-47,0.0
ak-47,22.663067820339265
ak-47,2.3173782178764
ak-47,3.8094773055889175
ak-47,0.0
ak-47,0.0
ak-47,0.0
ak-47,0.0
glock-18,0.0
glock-18,239.9682194939584
glock-18,19.54743079745392
mac-10,0.0
ak-47,64.8808611233349
ak-47,0.0
ak-47,24.522455629037744
ak-47,0.0
ak-47,53.85158743900844
ak-47,43.49919519850878
ak-47,5.077477671722053
ak-47,12.365227444188845
ak-47,39.514722105973426
ak-47,0.0
ak-47,39.30360156999592
ak-47,0.0
ak-47,0.0
ak-47,7.837865054480334
ak-47,4.1979375432690755
awp,0.0
ak-47,0.0
ak-47,0.0
awp,0.0
awp,8.896778744814327
awp,0.0
ak-47,40.948830762792774
ak-47,0.0
ak-47,73.09008167186438
ak-47,17.312137553742115
ak-47,4.14941077554151
awp,0.0
awp,0.0
awp,0.0
awp,0.0
glock-18,239.9326341637947
ak-47,0.0
ak-47,0.0
ak-47,0.0
awp,0.0
ak-47,26.72568962123277
ak-47,42.81436206073809
awp,0.0
awp,0.0
ak-47,4.304751400160989
ak-47,31.545420038265856
ak-47,15.920748646340755
ak-47,32.27735377532218
ak-47,0.0
glock-18,165.9468470456801
ak-47,0.0
ak-47,0.0
mac-10,26.80710579268991
ak-47,0.0
mac-10,1.983730009781825
mac-10,32.9329819169831
ak-47,0.0
ak-47,0.0
ak-47,0.0
ak-47,0.0
ak-47,0.0
ak-47,0.0
awp,0.0
awp,0.0
awp,0.0
ak-47,0.0
ak-47,0.0
ak-47,35.54520998104639
awp,0.0
ak-47,0.7197683003925638
ak-47,0.0
ak-47,0.0
awp,0.0
awp,0.0
awp,0.0
awp,0.0
ak-47,16.938338602019975
ak-47,0.0
ak-47,0.0
ak-47,0.0
ak-47,0.0
ak-47,53.14456475586044
ak-47,0.0
ak-47,11.541779572617084
ak-47,0.0
ak-47,0.0
awp,0.0
awp,0.0
ak-47,63.051362504050516
ak-47,73.10053677342253
awp,0.0
ak-47,10.086493845229075
ak-47,0.0
ak-47,11.13290956013611
ak-47,8.877756622436605
ak-47,0.0
awp,2.243507979635464
ak-47,7.487739159564788
awp,0.0
ak-47,40.449556068233775
ak-47,0.9167623013562458
ak-47,34.80348009269332
ak-47,27.496732760457196
ak-47,4.213284427268826
ak-47,77.5782288377704
ak-47,67.32928836376293
ak-47,0.0
awp,0.0
ak-47,16.78282842902605
awp,0.0
awp,0.0
glock-18,0.0
glock-18,0.0
ak-47,41.363577939027095
ak-47,0.0
ak-47,0.0
ak-47,0.0
ak-47,0.0
ak-47,0.0
ak-47,0.0
ak-47,21.617061855887123
ak-47,0.0
ak-47,168.06241670700044
ak-47,0.0
ak-47,84.81903655668519
ak-47,148.97008027295044
ak-47,43.41794370841608
awp,47.662672246965755
awp,0.0
awp,0.0
awp,0.0
awp,5.533037317163603
ak-47,44.316477695237694
awp,1.0909045446440309
awp,0.0
ak-47,13.988455857390765
ak-47,48.8270144460682
ak-47,0.0
awp,0.0
awp,0.0
ak-47,0.0
ak-47,27.183365712723656
awp,0.0
ak-47,0.0
ak-47,0.0
ak-47,15.975837078396518
awp,0.0
ak-47,11.334104025572556
ak-47,0.558156304238338
ak-47,0.0
ak-47,0.0
awp,0.0
ak-47,0.0
awp,0.0
awp,0.0
awp,0.0
awp,0.0
awp,0.0
awp,0.0
awp,0.0
ak-47,0.0
ak-47,0.0
ak-47,0.0
awp,0.0
ak-47,60.563447956396836
awp,0.0
awp,4.908264912688088
awp,0.0
ak-47,0.0
ak-47,0.0
ak-47,8.910919260334985
awp,0.0
glock-18,37.97153644338128
glock-18,0.0
glock-18,0.0
ak-47,40.11371896358955
mac-10,0.0
ak-47,93.84372840175071
mac-10,0.0
ak-47,43.75679640783485
ak-47,0.0
ak-47,0.0
ak-47,0.0
ak-47,0.0
ak-47,0.0
ak-47,0.0
awp,0.0
ak-47,0.0
ak-47,0.0
ak-47,0.0
awp,0.0
ak-47,0.0
ak-47,0.0
ak-47,52.476245556025155
ak-47,15.11775519796461
ak-47,0.0
ak-47,13.886027798237622
ak-47,0.0
ak-47,0.0
ak-47,0.0
ak-47,0.0
ak-47,16.182347011475343
ak-47,0.0
awp,0.0
mac-10,0.0
awp,8.924285653091175
ak-47,25.583465692510153
awp,7.740012506235375
awp,5.219815635868857
ak-47,0.0
ak-47,0.0
ak-47,43.79421422251104
ak-47,0.0
awp,0.0
ak-47,43.77463360475412
ak-47,0.0
ak-47,0.0
awp,0.0
ak-47,0.0
ak-47,0.0
glock-18,0.0
glock-18,0.0
ak-47,0.0
ak-47,0.0
ak-47,0.0
ak-47,67.78676011322167
awp,10.97555972763854
ak-47,63.75536255405348
ak-47,29.1541127977248
ak-47,32.31060524993594
ak-47,9.722969876018388
awp,0.0
ak-47,0.0
ak-47,0.0
ak-47,52.0863212684602
ak-47,0.0
ak-47,44.12666153208055
ak-47,0.0
awp,0.0
awp,0.0
ak-47,0.0
awp,0.0
ak-47,28.344475985585994
ak-47,54.80044018733414
ak-47,5.4147048322010125
ak-47,0.0
ak-47,0.0
ak-47,0.0
ak-47,0.0
awp,1.9407142388399174
ak-47,0.0
awp,0.0
awp,0.0
ak-47,164.08636976497306
ak-47,0.0
ak-47,24.466616436275856
ak-47,0.0
ak-47,0.0
ak-47,0.0
ak-47,37.198211608386565
ak-47,0.0
glock-18,0.0
ak-47,0.0
ak-47,0.0
awp,0.0
ak-47,0.0
ak-47,7.30280386054466
ak-47,0.0
ak-47,0.0
glock-18,0.0
ak-47,0.0
ak-47,0.0
glock-18,0.0
ak-47,0.0
ak-47,0.0
glock-18,0.0
ak-47,9.070325458216425
ak-47,98.06334070665655
ak-47,37.74868436825554
ak-47,10.632883880546613
ak-47,31.015836922245143
ak-47,62.30378025886489
awp,0.0
ak-47,0.5092224599052952
awp,4.807386594313796
awp,10.148862495864302
awp,0.0
awp,0.0
ak-47,0.0
awp,0.0
awp,0.0
ak-47,24.397561077338466
ak-47,0.0
awp,0.0
awp,0.0
ak-47,33.998848827671694
ak-47,70.25212543942594
glock-18,73.80093580029998
glock-18,169.54616230660446
glock-18,14.965692145619627
glock-18,27.71062015888212
glock-18,130.60496787131785
mac-10,0.0
ak-47,0.0
ak-47,0.0
ak-47,0.0
ak-47,0.0
ak-47,20.129136317940965
ak-47,28.473545035123184
ak-47,0.0
ak-47,0.0
ak-47,15.354822095675482
awp,0.0
ak-47,20.771684828751855
mac-10,237.0314564993114
awp,0.0
ak-47,25.612089384648357
ak-47,0.0
ak-47,26.912385459126174
ak-47,0.0
ak-47,37.82742194302262
awp,0.0
awp,0.0
ak-47,0.0
awp,0.0
ak-47,0.0
awp,0.0
ak-47,20.99209480359023
ak-47,15.354860344344914
awp,0.0
ak-47,69.38523676698063
ak-47,61.26831534411134
ak-47,0.0
glock-18,0.0
glock-18,160.85078359221777
glock-18,0.0
mac-10,5.943498061148922
mac-10,117.36170802305939
mac-10,37.05822132237495
ak-47,0.0
ak-47,3.6492381732219124
ak-47,0.0
ak-47,0.0
ak-47,0.0
ak-47,0.0
ak-47,0.0
ak-47,0.0
ak-47,0.0
ak-47,0.0
ak-47,0.0
ak-47,11.34256901410981
ak-47,0.0
ak-47,0.0
ak-47,9.308072294602843
ak-47,0.0
ak-47,0.0
ak-47,0.0
ak-47,0.0
ak-47,0.0
ak-47,21.12778836865293
ak-47,0.0
ak-47,0.0
ak-47,0.0
awp,0.0
ak-47,0.0
ak-47,0.0
ak-47,12.708777013071282
awp,0.0
ak-47,0.0
awp,0.0
mac-10,0.0
glock-18,47.43803571788129
glock-18,60.24117645282105
glock-18,55.521071329629834
ak-47,61.75562622220489
ak-47,12.645404786323015
ak-47,0.0
ak-47,0.0
awp,0.0
ak-47,18.03750433125381
ak-47,19.705711864852432
ak-47,15.6921214557258
ak-47,0.0
ak-47,0.0
ak-47,26.05696133037122
awp,8.98193669395248
ak-47,0.4354027499775352
awp,0.0
ak-47,0.0
ak-47,52.87907218095466
ak-47,13.848116910981975
ak-47,0.0
awp,16.977281756507548
ak-47,73.09289265670641
ak-47,0.0
awp,37.50432963792106
ak-47,0.0
ak-47,0.0
ak-47,0.0
ak-47,63.76287592089244
ak-47,43.9720261398067
ak-47,0.0
awp,0.0
awp,47.23097745513201
awp,0.0
awp,10.026987962958467
awp,4.266384883667436
mac-10,48.546747377165694
ak-47,0.0
ak-47,0.0
ak-47,0.0
ak-47,0.0
awp,0.0
ak-47,7.571698626453909
ak-47,19.150858755624537
awp,0.0
ak-47,7.666804518325545
ak-47,0.0
ak-47,29.954347026763994
mac-10,0.0
awp,0.0
ak-47,0.0
ak-47,0.0
ak-47,0.0
awp,0.0
awp,0.0
ak-47,0.0
awp,0.0
awp,0.0
ak-47,44.305619847831785
ak-47,0.0
ak-47,0.0
ak-47,0.0
ak-47,0.0
ak-47,0.0
ak-47,0.0
awp,0.0
ak-47,0.0
ak-47,16.04285249836138
awp,0.0
awp,0.0
glock-18,0.0
awp,0.0
ak-47,18.595442396587533
ak-47,60.270013517093105
awp,0.0
awp,0.0
awp,0.0
ak-47,9.996804081297382
awp,0.0
ak-47,66.55146369333788
awp,0.0
ak-47,0.0
awp,0.0
awp,0.0
awp,17.48150721753362
ak-47,0.0
ak-47,35.285686195455796
awp,11.382621814291644
ak-47,0.0
awp,23.71774244821467
awp,0.0
ak-47,0.0
ak-47,0.0
ak-47,0.0
ak-47,0.0
ak-47,0.0
ak-47,0.0
ak-47,0.0
ak-47,4.3635547645850625
glock-18,44.61764998482068
glock-18,0.0
glock-18,0.0
glock-18,52.68984090336447
glock-18,37.53663444357507
ak-47,0.0
mac-10,0.0
mac-10,55.13251977533173
mac-10,221.27514001982456
mac-10,56.06802308001046
ak-47,8.528281591121448
awp,3.1724907037885863
ak-47,0.0
ak-47,70.85665340948601
awp,3.0592324722609754
ak-47,16.054714006844
awp,0.0
ak-47,0.0
ak-47,0.0
ak-47,0.0
awp,0.0
ak-47,0.4297590076868663
ak-47,0.0
ak-47,9.646293660631839
ak-47,0.0
ak-47,30.48885754804468
ak-47,5.501936316467958
awp,0.0
ak-47,0.0
awp,11.061158974862805
ak-47,107.6392008736672
ak-47,27.204616533259202
awp,0.0
awp,1.3575833390481042
ak-47,73.09744709410039
ak-47,32.38425286929349
awp,0.0
awp,0.0
glock-18,218.0078094788904
awp,16.219175925999018
ak-47,0.0
awp,0.0
ak-47,0.0
ak-47,0.0
awp,0.0
ak-47,60.05011494466258
glock-18,203.53766142155322
glock-18,130.28778583958618
glock-18,32.96008448576886
awp,0.0
ak-47,29.625371876819436
awp,23.280230539571253
ak-47,16.754026227595592
awp,18.600078355193453
awp,4.188702235534175
awp,9.641955135498247
ak-47,11.944249289505137
ak-47,34.83722322431598
awp,23.933841374774776
ak-47,7.640094963402288
awp,12.46088101538924
awp,21.6044230379959
ak-47,58.54438846366884
glock-18,0.0
glock-18,0.0
glock-18,0.0
glock-18,0.0
glock-18,0.0
ak-47,0.0
ak-47,16.355733953187823
ak-47,4.231808493422168
ak-47,11.600923696007401
awp,0.0
ak-47,0.0
ak-47,0.0
ak-47,0.0
ak-47,0.0
ak-47,0.0
ak-47,0.0
ak-47,0.0
awp,0.0
ak-47,0.0
ak-47,129.20322646822643
ak-47,0.6021714190901125
awp,0.0
glock-18,0.0
ak-47,23.290843241631464
ak-47,0.0
awp,0.0
ak-47,50.17726825570743
ak-47,0.0
awp,0.0
awp,25.6887165162061
ak-47,0.0
ak-47,0.0
awp,0.0
awp,0.0
awp,0.0
ak-47,78.28444131875659
awp,0.0
ak-47,47.27405658266752
ak-47,17.54819022605924
ak-47,0.0
ak-47,0.0
ak-47,0.0
awp,0.0
ak-47,0.0
ak-47,0.0
awp,0.0
awp,0.0
ak-47,0.0
awp,0.0
ak-47,0.0
awp,0.0
ak-47,0.0
glock-18,13.013041418514005
glock-18,217.16508078598682
glock-18,216.7038640876745
glock-18,17.47227023886149
glock-18,11.015051579224176
mac-10,0.0
mac-10,0.0
ak-47,0.0
ak-47,0.0
awp,16.007202481300222
ak-47,0.0
mac-10,37.84430189084572
awp,0.0
glock-18,0.0
ak-47,0.0
ak-47,0.0
glock-18,0.0
ak-47,69.45010190197229
ak-47,0.0
ak-47,0.0
ak-47,0.0
ak-47,65.49655025803362
ak-47,0.0
ak-47,0.0
ak-47,6.785101152985857
awp,0.0
awp,0.0
awp,0.0
awp,0.0
awp,0.0
ak-47,0.0
ak-47,11.258026650461439
ak-47,15.617064358569058
ak-47,20.491407544821534
ak-47,0.0
ak-47,0.0
ak-47,32.81893538083236
ak-47,1.3794317783964527
ak-47,9.182510178577969
ak-47,0.0
ak-47,6.791538853603062
ak-47,0.0
ak-47,0.0
ak-47,0.0
ak-47,0.0
ak-47,0.0
ak-47,0.0
ak-47,0.0
awp,0.0
glock-18,0.0
glock-18,124.42407656911955
glock-18,0.0
glock-18,54.34809196788609
glock-18,87.18225426107637
ak-47,0.0
ak-47,0.0
ak-47,0.0
ak-47,0.0
ak-47,0.0
ak-47,0.0
awp,3.529669854841951
ak-47,66.40473508372277
ak-47,0.0
ak-47,23.259240874428553
ak-47,0.0
ak-47,23.768693024435397
ak-47,30.833692129049695
ak-47,0.0
ak-47,0.0
ak-47,24.29241021974106
ak-47,73.10358978541117
ak-47,0.0
ak-47,5.6474651652727355
ak-47,0.0
ak-47,0.0
ak-47,28.17651678431314
ak-47,0.0
mac-10,0.0
ak-47,68.25259077501534
ak-47,87.90500538306941
glock-18,53.39951723494141
ak-47,0.0
ak-47,0.0
ak-47,0.0
ak-47,0.0
ak-47,0.0
ak-47,0.0
ak-47,0.0
ak-47,0.0
ak-47,0.0
ak-47,0.0
ak-47,0.0
ak-47,49.70442444689084
ak-47,0.0
awp,0.0
ak-47,64.17243166987522
ak-47,0.0
ak-47,0.0
ak-47,72.76096730822343
ak-47,19.170752656397738
ak-47,20.000983673758874
ak-47,0.0
ak-47,0.0
awp,0.0
glock-18,102.57624574156543
glock-18,239.99430894689453
glock-18,20.84568584205341
glock-18,23.079582398294992
mac-10,0.0
ak-47,0.0
mac-10,13.539474982897232
ak-47,0.0
ak-47,4.318870791997488
ak-47,0.0
mac-10,239.99992333350826
ak-47,0.0
mac-10,0.0
ak-47,0.0
ak-47,0.0
ak-47,31.589168758724693
ak-47,0.0
ak-47,0.0
ak-47,17.051628354787848
ak-47,75.07077552477145
ak-47,23.09198527822682
ak-47,21.73731782737063
ak-47,13.102746211881271
ak-47,0.0
awp,0.0
awp,0.0
ak-47,0.0
awp,0.0
ak-47,0.0
glock-18,47.818809821299254
glock-18,11.602486320583877
glock-18,0.0
glock-18,85.59676360364315
mac-10,0.0
ak-47,19.639460254818257
ak-47,87.25447011341288
ak-47,0.0
ak-47,14.910753381578344
ak-47,0.0
ak-47,0.0
ak-47,16.73738589915716
ak-47,0.0
ak-47,59.94041368715522
ak-47,0.0
ak-47,85.70946165042837
ak-47,0.0
ak-47,23.574604193721367
ak-47,26.301825427809398
ak-47,0.0
ak-47,0.0
ak-47,0.0
ak-47,0.0
ak-47,0.0
ak-47,20.00426166695097
ak-47,10.4159256630397
ak-47,8.686716354719083
ak-47,15.80923476980578
ak-47,41.504479933164575
ak-47,0.0
ak-47,57.19781557648579
awp,0.0
awp,6.741864849373428
ak-47,33.43620660346052
ak-47,0.0
ak-47,0.0
ak-47,0.0
mac-10,0.0
ak-47,30.233876582568122
awp,0.0
ak-47,3.816820666694861
glock-18,0.0
glock-18,0.0
ak-47,41.69932371261966
awp,0.0
ak-47,26.15047084159872
ak-47,49.36483407752637
awp,0.0
ak-47,43.13598916493402
ak-47,16.87953011508878
awp,0.0
ak-47,25.379560896555482
awp,12.430630355463878
ak-47,0.0
ak-47,0.0
ak-47,11.866007972775048
awp,0.0
awp,0.0
awp,0.0
ak-47,136.98561027367
glock-18,101.89012801073969
glock-18,64.09094370687099
glock-18,91.2597189377208
glock-18,81.26815740408705
mac-10,0.0
ak-47,0.0
ak-47,0.0
ak-47,0.0
ak-47,0.0
awp,0.0
ak-47,0.0
awp,0.0
ak-47,0.0
ak-47,0.0
ak-47,0.0
ak-47,0.0
ak-47,0.0
ak-47,0.0
ak-47,0.0
ak-47,0.0
ak-47,0.0
ak-47,0.0
ak-47,0.0
ak-47,0.0
awp,0.0
awp,0.0
awp,0.0
ak-47,32.53582491432281
awp,0.0
awp,0.0
awp,0.0
ak-47,0.0
ak-47,0.0
ak-47,0.0
ak-47,0.0
ak-47,0.0
ak-47,0.0
ak-47,0.0
ak-47,0.0
ak-47,0.0
ak-47,0.0
ak-47,0.0
ak-47,40.52251318687513
ak-47,0.0
ak-47,0.0
ak-47,0.0
ak-47,0.0
awp,0.0
ak-47,0.0
awp,0.0
glock-18,0.0
glock-18,0.0
glock-18,176.88648960963064
glock-18,6.758824104631219
glock-18,0.0
ak-47,0.0
ak-47,0.0
ak-47,0.0
ak-47,32.278002362955625
ak-47,0.0
awp,0.0
ak-47,0.0
ak-47,51.19347036755928
ak-47,50.65471244940082
ak-47,22.876436997961022
ak-47,96.1745086234391
ak-47,0.0
awp,0.0
ak-47,22.998791513682715
awp,0.0
ak-47,17.69590256209909
ak-47,8.505674340137237
ak-47,0.0
ak-47,0.0
ak-47,0.0
ak-47,0.0
ak-47,6.1708113206829625
ak-47,53.52232960146219
ak-47,19.33119093162395
ak-47,0.0
ak-47,27.42072672081214
ak-47,51.45388883749905
ak-47,0.0
ak-47,20.407770758452013
ak-47,40.37840586198066
awp,0.0
ak-47,0.0
ak-47,0.0
ak-47,0.0
ak-47,0.0
ak-47,0.0
awp,0.0
awp,0.0
ak-47,28.454179973903745
awp,0.0
ak-47,19.242619774453267
glock-18,0.0
glock-18,0.0
glock-18,105.01883463733971
mac-10,0.0
ak-47,0.0
ak-47,0.0
ak-47,0.0
ak-47,0.0
ak-47,0.0
ak-47,0.0
ak-47,0.0
ak-47,0.0
mac-10,0.0
awp,7.323880146639758
ak-47,0.0
ak-47,0.0
ak-47,0.0
ak-47,0.0
ak-47,14.351415775651718
ak-47,0.0
ak-47,0.0
awp,0.0
ak-47,0.0
awp,6.599857522654258
awp,0.0
ak-47,0.0
awp,0.0
ak-47,0.0
ak-47,0.0
ak-47,0.0
ak-47,0.0
awp,0.0
ak-47,0.0
ak-47,0.0
ak-47,0.0
ak-47,0.0
ak-47,0.0
ak-47,0.0
ak-47,0.0
ak-47,0.0
ak-47,0.0
ak-47,0.0
ak-47,0.0
ak-47,0.0
awp,0.0
ak-47,0.0
ak-47,0.0
awp,0.0
ak-47,0.0
ak-47,0.0
ak-47,20.149563984794906
awp,0.0
ak-47,0.0
glock-18,108.45566424485615
glock-18,0.0
glock-18,0.0
ak-47,0.0
ak-47,63.05584469960933
ak-47,0.0
ak-47,81.76459461384975
ak-47,0.0
ak-47,0.0
ak-47,3.090021716745855
mac-10,0.0
ak-47,14.392097214290418
ak-47,0.0
ak-47,0.0
awp,0.0
ak-47,0.0
awp,0.0
ak-47,0.0
awp,0.0
ak-47,0.0
awp,0.0
ak-47,0.0
ak-47,0.0
awp,0.0
awp,0.0
awp,0.0
ak-47,79.65272822753684
ak-47,0.0
awp,0.0
awp,0.0
awp,0.0
ak-47,0.0
awp,11.993538706450444
glock-18,62.04301290270261
glock-18,52.15433311711142
glock-18,68.2640999943175
glock-18,116.76345016888546
glock-18,62.60776841587332
mac-10,0.0
awp,0.0
ak-47,0.0
ak-47,0.0
ak-47,7.714910395977973
ak-47,0.0
awp,35.83274851082239
ak-47,8.098412385645041
awp,0.0
ak-47,15.88813868808049
ak-47,0.0
ak-47,0.0
awp,13.315663934135467
ak-47,23.492875192378815
ak-47,2.077831276234911
awp,0.0
awp,0.0
awp,0.0
ak-47,0.0
ak-47,0.0
ak-47,45.149658583147726
ak-47,5.750686353312967
ak-47,9.31608073000492
ak-47,0.0
awp,0.0
ak-47,32.024641549943134
ak-47,0.0
ak-47,0.0
ak-47,0.0
awp,0.0
ak-47,0.0
ak-47,0.0
ak-47,0.0
awp,0.0
awp,0.0
awp,8.715224084316134
ak-47,0.0
awp,0.2096313728906053
mac-10,240.00075221687894
mac-10,214.71611435848226
mac-10,107.92917406572028
ak-47,45.659900071600944
ak-47,13.377023799683732
ak-47,41.60508685822527
ak-47,2.2671902677016322
ak-47,0.0
ak-47,49.19152024549048
ak-47,54.906221894521835
ak-47,86.83225665487075
ak-47,10.89391366163639
awp,0.0
ak-47,0.0
awp,24.437415417192977
ak-47,21.95827121440998
ak-47,10.361184601703899
ak-47,45.130373282190384
ak-47,50.22725460683273
ak-47,70.76210798612759
awp,0.0
awp,0.0
glock-18,0.0
glock-18,202.5492571233229
glock-18,32.88444907616622
glock-18,49.87519824913606
glock-18,212.882017095802
ak-47,23.05701577746999
ak-47,0.0
ak-47,0.0
ak-47,48.21866584236013
ak-47,0.0
awp,0.0
ak-47,0.0
awp,0.0
ak-47,0.0
ak-47,0.0
ak-47,0.0
ak-47,0.0
ak-47,0.0
ak-47,0.0
awp,0.0
ak-47,27.725947722157255
ak-47,8.633120511965124
ak-47,26.017037595714775
ak-47,0.0
awp,0.0
ak-47,80.81251870279655
ak-47,5.159681623232678
ak-47,207.99960267275142
awp,0.0
ak-47,29.60833910422618
ak-47,55.869836088804156
awp,0.0
ak-47,0.0
ak-47,0.0
ak-47,56.8419125069135
ak-47,73.85900749593878
ak-47,0.0
ak-47,0.0
awp,0.0
ak-47,0.0
ak-47,6.733510936664468
ak-47,0.0
ak-47,8.528505659102537
glock-18,39.534759661170995
glock-18,189.38421352742708
ak-47,0.0
ak-47,31.92753452809924
ak-47,0.0
ak-47,13.736232454033749
ak-47,51.098569748017105
ak-47,0.0
ak-47,17.755528408428177
ak-47,61.4179320418147
ak-47,0.0
ak-47,70.2556662667014
ak-47,0.0
ak-47,0.0
ak-47,0.0
ak-47,0.0
ak-47,0.0
awp,0.0
ak-47,0.0
ak-47,0.0
awp,10.999966548544228
ak-47,37.677944617736095
ak-47,0.0
ak-47,37.339553356191125
ak-47,0.0
ak-47,0.0
awp,0.0
ak-47,0.0
ak-47,0.0
ak-47,0.0
ak-47,0.0
ak-47,58.16939404859075
ak-47,64.16547222371292
ak-47,0.0
ak-47,0.0
glock-18,144.4173636536815
glock-18,73.08560804642474
glock-18,239.9896176953547
glock-18,21.078328652370523
ak-47,0.0
ak-47,0.0
ak-47,0.0
ak-47,0.0
ak-47,0.0
ak-47,0.0
ak-47,0.0
ak-47,26.43861977221884
ak-47,0.0
awp,0.0
ak-47,22.58200318543924
ak-47,47.96898012872323
ak-47,11.36016074027661
awp,8.77497194751573
ak-47,7.587205374672614
ak-47,38.43182480246626
ak-47,7.652192183287153
awp,0.0
ak-47,44.66642074815456
awp,0.0
ak-47,38.635201884805625
ak-47,44.824657312102914
awp,0.0
ak-47,72.05291590275749
ak-47,0.0
awp,0.0
ak-47,0.0
ak-47,13.806234460578635
ak-47,0.0
ak-47,11.682017782920424
ak-47,2.3099777114387923
ak-47,6.979540112334623
ak-47,0.0
awp,13.207299106164289
awp,2.123681714019547
ak-47,1.4228407420874623
ak-47,20.566872335863028
ak-47,90.32477149074593
ak-47,0.0
ak-47,0.0
ak-47,0.0
ak-47,2.4437519980810247
awp,1.053326482951986
awp,13.801851541571732
awp,38.379163683933044
ak-47,0.0
awp,8.903048459218224
ak-47,0.0
ak-47,0.0
awp,0.0
ak-47,0.0
awp,21.99719131474073
ak-47,0.0
glock-18,0.0
glock-18,12.237720022121932
ak-47,26.563448352335357
ak-47,52.917342939506554
ak-47,4.756073359893433
ak-47,40.90418218355513
ak-47,53.51441839672598
ak-47,24.502729656208203
glock-18,0.0
glock-18,0.0
glock-18,0.0
mac-10,30.58674842205657
ak-47,19.499583835514027
ak-47,17.512789261318854
mac-10,0.0
ak-47,0.0
ak-47,0.0
awp,0.0
awp,0.0
ak-47,0.0
ak-47,0.0
ak-47,29.96735771788285
ak-47,8.476383938614687
ak-47,0.0
ak-47,41.90561563907448
ak-47,0.0
ak-47,0.0
awp,13.104770332209602
ak-47,0.0
ak-47,0.0
ak-47,0.0
ak-47,0.0
awp,0.0
ak-47,0.0
awp,0.0
awp,0.0
awp,0.0
awp,0.0
ak-47,0.0
awp,0.0
ak-47,73.10079386372514
ak-47,20.66424010282846
awp,0.0
ak-47,0.0
ak-47,0.0
ak-47,0.0
ak-47,0.0
ak-47,0.0
ak-47,80.72839066139765
ak-47,0.0
ak-47,0.0
ak-47,0.0
ak-47,0.0
awp,0.0
awp,0.0
glock-18,197.28551210556958
glock-18,110.83741498287011
glock-18,0.0
glock-18,0.0
ak-47,5.868815921966543
ak-47,37.43900807927423
ak-47,140.76403244913652
awp,13.807791201183084
mac-10,43.06579098908581
mac-10,10.560174074668703
ak-47,0.0
awp,6.295468731928386
awp,0.0
ak-47,0.0
ak-47,61.97761663946929
awp,0.0
awp,0.0
ak-47,10.115441832939677
ak-47,73.09167903683051
ak-47,0.0
ak-47,0.0
ak-47,5.427578867892018
ak-47,13.650932121762565
ak-47,11.119449785586514
ak-47,0.0
ak-47,0.0
ak-47,55.00887140409354
ak-47,8.143156309122709
ak-47,18.689504532619505
ak-47,15.580140878187848
ak-47,13.489722895589997
ak-47,0.0
ak-47,21.418108029480567
ak-47,73.09992224901816
awp,0.0
ak-47,34.608625934121335
awp,0.0
awp,0.0
awp,0.0
ak-47,0.0
glock-18,0.0
glock-18,41.66785081902724
glock-18,129.29028117627647
glock-18,0.0
awp,0.0
ak-47,0.0
awp,0.0
ak-47,28.1442568935448
ak-47,0.0
ak-47,7.705299578202265
ak-47,156.7625804472521
ak-47,5.372547906425405
ak-47,8.069438912786191
ak-47,20.110200546380064
ak-47,6.216033821377262
ak-47,0.0
awp,0.0
ak-47,7.9875401404958835
ak-47,0.0
ak-47,23.203382784763303
ak-47,0.0
ak-47,7.07437429922859
ak-47,27.390831153651433
ak-47,0.0
ak-47,0.0
awp,0.0
awp,0.0
ak-47,47.18243041832084
ak-47,64.88854095229733
ak-47,0.0
awp,0.0
ak-47,35.63116651076566
ak-47,40.68958053401607
awp,0.0
ak-47,20.48867112653356
ak-47,2.3227077920618857
ak-47,63.329512172877884
awp,0.0
ak-47,196.33461689467916
awp,27.88538589404782
ak-47,47.82971587141036
awp,9.896007328360716
ak-47,48.929120550962544
ak-47,0.0
ak-47,18.23212681416979
awp,0.0
awp,0.0
ak-47,51.252500891724786
awp,0.0
ak-47,29.49479446138481
ak-47,0.0
ak-47,62.19948883085243
glock-18,0.0
glock-18,0.0
glock-18,0.0
ak-47,21.6103548413067
ak-47,22.343271090584384
mac-10,0.0
ak-47,0.0
mac-10,0.0
mac-10,0.0
awp,0.0
awp,0.0
awp,0.0
ak-47,14.415207141371573
awp,0.0
ak-47,73.09627651747047
ak-47,0.0
ak-47,0.0
ak-47,25.826799440306846
ak-47,0.0
ak-47,0.0
ak-47,43.969957868759316
ak-47,2.031399546418183
ak-47,0.8598010307623503
awp,22.182692241696994
awp,0.0
ak-47,31.302539836658397
awp,0.0
ak-47,41.97076328396557
awp,0.0
ak-47,49.7453199723499
awp,0.0
ak-47,45.76537869094482
ak-47,4.983709636135014
ak-47,43.3810928982307
ak-47,2.323677385061016
awp,0.0
ak-47,5.975347879333303
ak-47,0.0
ak-47,0.0
awp,0.0
glock-18,0.0
glock-18,132.48435159023188
glock-18,230.7627896518211
glock-18,85.36619332552334
glock-18,0.0
ak-47,24.436926094458872
ak-47,15.816974255267567
ak-47,0.0
awp,0.0
ak-47,96.80538585283975
ak-47,18.84935477789542
ak-47,65.24350809344823
ak-47,0.0
ak-47,0.0
ak-47,0.0
ak-47,5.987500341438821
awp,0.0
awp,1.5146691901672786
awp,11.876757283412507
ak-47,10.54166777509465
ak-47,0.0
ak-47,0.0
ak-47,41.45351484395466
ak-47,0.0
ak-47,9.01950253674564
ak-47,91.13500091215361
ak-47,40.71240156749151
ak-47,81.23014662917618
ak-47,18.24171071379066
ak-47,0.0
awp,14.221167944891059
ak-47,0.0
ak-47,17.58597798870839
ak-47,0.0
ak-47,83.02483691496681
ak-47,0.0
ak-47,0.0
ak-47,0.0
ak-47,41.10368387145717
ak-47,0.0
awp,3.3761597930348324
ak-47,0.0
ak-47,0.0
ak-47,0.0
ak-47,0.0
glock-18,0.0
glock-18,11.48224895286742
glock-18,0.0
glock-18,66.64564960928436
glock-18,192.05523141550324
ak-47,0.0
ak-47,9.005339387680234
mac-10,0.0
ak-47,0.0
ak-47,0.0
ak-47,0.0
ak-47,0.0
ak-47,11.649397526795324
ak-47,0.0
ak-47,18.27339705083168
ak-47,7.863029511370283
ak-47,34.053057204481355
ak-47,16.4973567102371
ak-47,2.8173493504187586
ak-47,10.00405766075386
ak-47,15.209327112847102
ak-47,13.229164376098892
awp,0.0
ak-47,0.0
awp,0.0
ak-47,0.0
ak-47,0.0
ak-47,0.0
ak-47,31.223793482291754
ak-47,74.7139863918041
ak-47,13.215689254321813
awp,6.306210703772036
awp,0.0
ak-47,58.18779791828807
awp,0.0
glock-18,0.0
glock-18,10.86169368033683
glock-18,70.2115534141993
glock-18,13.95844657869854
glock-18,45.25605641528466
mac-10,0.0
ak-47,0.0
awp,9.370026458227374
awp,0.0
ak-47,0.0
ak-47,0.0
awp,7.494230170057296
awp,0.8529590039972613
ak-47,0.0
awp,1.5078324027185512
ak-47,14.387368164510562
awp,5.228058629566045
ak-47,0.0
ak-47,0.0
ak-47,0.0
awp,0.0
ak-47,0.0
awp,0.0
awp,5.711702687024334
ak-47,28.269517415448462
awp,0.0
ak-47,14.314492342702797
ak-47,8.179565236610134
ak-47,0.0
ak-47,0.0
ak-47,0.0
ak-47,1.4247107625184838
ak-47,0.0
ak-47,0.0
awp,0.0
ak-47,20.77321622136755
ak-47,0.0
ak-47,0.0
awp,0.0
ak-47,0.0
ak-47,0.0
awp,0.0
glock-18,13.147088025974764
glock-18,0.0
glock-18,0.0
glock-18,97.373652508869
ak-47,0.0
ak-47,0.0
ak-47,0.0
ak-47,0.0
awp,0.0
ak-47,0.0
ak-47,0.0
awp,0.0
awp,0.0
ak-47,0.0
ak-47,0.0
ak-47,0.0
ak-47,0.0
ak-47,2.5485998760348787
ak-47,23.269315290859076
ak-47,0.0
ak-47,0.0
ak-47,0.0
ak-47,0.0
mac-10,0.0
ak-47,0.0
ak-47,37.69165184659336
ak-47,21.66220655426877
ak-47,0.0
ak-47,0.0
ak-47,23.804759314771072
awp,0.0
ak-47,0.0
ak-47,0.0
ak-47,0.0
ak-47,0.0
ak-47,10.940303274154195
glock-18,16.484130626150716
glock-18,5.0127343925091425
glock-18,0.0
glock-18,0.0
glock-18,50.82286775861788
ak-47,0.0
ak-47,15.634172831243358
ak-47,0.0
ak-47,0.0
ak-47,0.0
ak-47,56.26996590718697
ak-47,11.335163902852443
ak-47,42.475488173649566
ak-47,0.0
ak-47,25.81015942700589
awp,0.0
awp,0.0
awp,0.0
ak-47,0.0
awp,0.0
awp,0.0
awp,0.0
awp,0.0
ak-47,7.132131776663132
ak-47,0.0
awp,0.0
ak-47,0.0
ak-47,0.0
ak-47,0.1781524101717403
ak-47,0.0
ak-47,4.333649452612082
awp,0.0
ak-47,37.09585609016862
ak-47,0.0
ak-47,33.93218964151768
ak-47,0.0
ak-47,0.0
ak-47,0.0
ak-47,0.0
glock-18,26.557467354128953
glock-18,46.64651643574088
glock-18,93.57697297315903
glock-18,27.362799538800594
ak-47,13.020213842920592
ak-47,0.0
ak-47,0.0
ak-47,52.51075611626959
ak-47,8.35645487168219
awp,0.0
ak-47,48.47832138814529
ak-47,7.852961135128838
ak-47,10.771703267959483
ak-47,0.0
ak-47,26.412004735358977
ak-47,67.76673811138349
ak-47,63.35472793164666
ak-47,2.92510048371744
glock-18,154.4061982831417
glock-18,0.0
glock-18,0.0
ak-47,0.0
mac-10,182.38523247368596
ak-47,0.0
mac-10,2.984415902861061
ak-47,20.18396258536616
ak-47,73.09368543463908
ak-47,73.09567239570663
ak-47,11.465151853824265
mac-10,0.0
ak-47,32.59664866065605
awp,0.0
awp,0.0
ak-47,2.0767147470524208
ak-47,33.30746717685548
awp,0.0
ak-47,13.427981053743263
awp,0.0
awp,0.0
ak-47,19.112757597592086
ak-47,0.0
awp,0.0
ak-47,0.0
awp,0.0
ak-47,16.40375725110333
ak-47,0.0
awp,0.0
awp,0.0
ak-47,6.994783910395302
ak-47,0.0
awp,0.0
ak-47,81.69999469944091
ak-47,0.0
ak-47,31.714427815122647
awp,0.0
ak-47,5.240813884118476
ak-47,0.0
glock-18,0.0
glock-18,0.0
glock-18,0.0
ak-47,0.0
ak-47,0.0
ak-47,0.0
ak-47,0.0
ak-47,0.0
ak-47,0.0
ak-47,0.0
ak-47,0.0
ak-47,0.0
ak-47,10.73932599396666
ak-47,0.0
ak-47,0.0
ak-47,0.0
ak-47,0.0
ak-47,0.0
awp,0.0
ak-47,27.128572142435086
ak-47,0.0
glock-18,0.0
awp,0.0
ak-47,0.0
ak-47,0.0
glock-18,67.27733551428997
glock-18,0.0
glock-18,0.0
glock-18,0.0
mac-10,0.0
ak-47,0.0
ak-47,0.0
ak-47,39.07725687955168
ak-47,9.179293380675116
ak-47,0.0
ak-47,0.0
ak-47,0.0
ak-47,0.0
ak-47,0.0
awp,0.0
ak-47,0.0
ak-47,53.14958206138412
ak-47,0.0
ak-47,0.0
ak-47,17.07767895594893
ak-47,35.08760697468497
ak-47,0.0
ak-47,0.0
ak-47,0.0
ak-47,28.346105181969975
ak-47,0.0
ak-47,0.0
ak-47,0.0
ak-47,0.0
ak-47,0.0
ak-47,0.0
ak-47,47.90958856887345
ak-47,0.0
ak-47,0.0
ak-47,0.0
awp,0.0
ak-47,0.0
ak-47,0.0
ak-47,0.0
ak-47,61.98727875726171
awp,0.0
ak-47,62.19449646791475
ak-47,27.30197787649622
ak-47,0.0
ak-47,33.45542172106309
awp,0.0
awp,0.0
awp,0.0
ak-47,0.0
ak-47,58.99171553137539
glock-18,0.0
glock-18,0.0
glock-18,0.0
ak-47,0.0
ak-47,0.0
ak-47,0.0
ak-47,0.0
ak-47,36.7658610673998
ak-47,0.0
ak-47,0.0
ak-47,0.0
ak-47,0.0
ak-47,0.0
ak-47,0.0
glock-18,0.0
glock-18,0.0
ak-47,9.709505708154252
ak-47,0.0
awp,8.07785693921779
awp,9.250293386180138
ak-47,0.0
ak-47,0.0
awp,0.0
ak-47,0.0
awp,0.0
ak-47,0.0
ak-47,0.0
ak-47,26.760685552818636
mac-10,0.0
mac-10,0.0
ak-47,0.0
ak-47,0.0
ak-47,0.0
ak-47,13.205825283560358
ak-47,0.0
ak-47,0.0
awp,0.0
awp,0.0
ak-47,49.094583377196194
ak-47,9.76568828014498
awp,0.0
ak-47,12.470812239302779
ak-47,0.0
ak-47,0.0
ak-47,12.36228565626992
ak-47,30.300144648591793
ak-47,130.19310236295308
ak-47,0.0
ak-47,0.0
ak-47,0.0
awp,0.0
awp,0.0
ak-47,0.0
ak-47,0.0
ak-47,0.0
awp,0.0
awp,0.0
ak-47,0.0
awp,0.0
awp,0.0
ak-47,16.774381741587376
ak-47,0.0
ak-47,0.0
ak-47,54.11880055701964
ak-47,0.0
ak-47,0.0
ak-47,21.41787583084441
glock-18,75.65692452381569
awp,0.0
ak-47,0.0
ak-47,21.890935860032663
ak-47,21.743416617650617
awp,0.0
ak-47,0.0
ak-47,0.0
ak-47,0.0
awp,0.0
ak-47,4.435008999345548
awp,0.0
awp,0.0
awp,0.0
ak-47,0.0
mac-10,0.0
ak-47,0.0
ak-47,25.058302723894606
ak-47,9.878868407647962
ak-47,0.0
mac-10,0.0
ak-47,37.96007889356223
glock-18,0.0
awp,0.0
awp,0.0
ak-47,0.0
awp,0.9069397278331124
awp,0.0
ak-47,0.986728337740434
ak-47,0.0
awp,0.0
awp,0.0
ak-47,6.349308679149644
glock-18,0.0
awp,0.0
ak-47,0.0
awp,0.0
awp,0.0
awp,0.0
ak-47,51.335558674517266
awp,0.0
ak-47,49.71800360847668
ak-47,68.1673777039588
ak-47,0.0
awp,0.0
awp,0.0
awp,0.0
ak-47,0.0
awp,0.0
awp,0.0
glock-18,0.0
glock-18,240.00432686668478
glock-18,0.0
glock-18,30.468850160091783
ak-47,0.0
ak-47,27.78221072677961
ak-47,0.0
ak-47,0.0
awp,0.0
ak-47,0.0
ak-47,30.801310943527128
ak-47,6.576830979314353
ak-47,13.76031218418572
awp,0.0
ak-47,0.0
ak-47,0.0
awp,18.246879886725456
awp,12.043248896392907
ak-47,0.0
ak-47,0.0
ak-47,0.0
ak-47,0.0
ak-47,0.0
ak-47,0.0
ak-47,0.0
ak-47,14.279380051947948
ak-47,49.76263350874415
ak-47,37.27858901563261
ak-47,24.02277185256666
ak-47,0.0
awp,0.0
awp,0.0
ak-47,0.0
glock-18,0.0
glock-18,0.0
glock-18,0.0
ak-47,0.0
ak-47,0.0
mac-10,70.27383593198253
ak-47,0.9304421831849629
ak-47,7.857743990802958
ak-47,0.0
ak-47,20.07051333842682
ak-47,10.421905846606226
ak-47,0.32147750182555546
glock-18,0.0
glock-18,0.0
glock-18,0.0
glock-18,0.0
ak-47,0.0
ak-47,119.11706755648763
ak-47,0.0
ak-47,0.0
ak-47,0.0
ak-47,0.0
ak-47,0.0
ak-47,0.0
awp,0.0
ak-47,36.168288763082835
awp,0.0
awp,2.062100032241162
awp,9.907440939354471
ak-47,24.65304477756628
ak-47,0.0
ak-47,0.0
ak-47,14.297622989654505
ak-47,0.0
ak-47,7.623286820861786
ak-47,0.0
ak-47,0.0
ak-47,0.0
ak-47,0.0
ak-47,0.0
ak-47,0.0
ak-47,0.0
ak-47,0.0
ak-47,0.0
ak-47,0.0
ak-47,0.0
ak-47,0.0
ak-47,14.007127551051466
ak-47,0.0
ak-47,57.082613047230105
glock-18,219.97334447095471
glock-18,0.0
glock-18,86.47821592596199
glock-18,196.29617521817428
glock-18,91.44914589655805
ak-47,0.0
ak-47,0.0
ak-47,0.0
awp,14.48530412109007
awp,8.868921659499762
awp,0.0
awp,5.9761249401100205
awp,43.60091710579947
awp,11.678533626907319
awp,10.330482845919352
ak-47,55.971465681489704
ak-47,3.651098968092347
ak-47,35.48460465627742
awp,0.0
ak-47,23.04037572035146
ak-47,0.0
ak-47,0.0
awp,8.869100791820387
awp,12.70754458788656
ak-47,182.83563746462744
awp,0.0
awp,0.0
ak-47,0.0
awp,0.0
ak-47,0.0
awp,0.0
ak-47,0.0
mac-10,0.0
awp,16.189803960011684
mac-10,115.11441752810532
ak-47,70.78958967923768
ak-47,0.0
ak-47,27.083597963895453
glock-18,0.0
glock-18,0.0
glock-18,0.0
mac-10,32.488365682212645
mac-10,0.4034235110860545
ak-47,0.0
mac-10,0.0
ak-47,7.989681851603605
ak-47,31.274619208563117
ak-47,73.02915886594867
ak-47,0.0
ak-47,65.89051246406682
ak-47,0.0
awp,0.0
ak-47,0.0
ak-47,69.50709033565316
ak-47,0.0
ak-47,0.0
awp,36.99002202377468
ak-47,0.0
ak-47,0.0
ak-47,2.994797044850285
awp,0.0
ak-47,0.0
awp,22.1032978520685
awp,24.047639791241405
awp,0.0
awp,18.425488056959196
ak-47,0.0
ak-47,0.0
ak-47,0.0
ak-47,0.0
ak-47,0.0
ak-47,0.0
glock-18,0.0
glock-18,0.0
ak-47,0.0
ak-47,0.0
ak-47,0.0
ak-47,0.0
ak-47,0.0
ak-47,0.0
ak-47,0.0
ak-47,0.0
awp,0.0
ak-47,0.0
ak-47,0.0
ak-47,0.0
ak-47,0.0
ak-47,0.0
ak-47,30.494853467989973
ak-47,0.0
awp,0.0
ak-47,0.0
ak-47,0.0
ak-47,0.0
ak-47,0.0
ak-47,0.0
ak-47,0.0
ak-47,0.0
mac-10,0.0
mac-10,0.0
mac-10,0.0
ak-47,0.0
ak-47,0.0
ak-47,0.0
ak-47,0.0
ak-47,0.0
ak-47,0.0
ak-47,0.0
glock-18,0.0
ak-47,0.0
mac-10,17.326762027297136
ak-47,0.0
mac-10,21.725163966781587
ak-47,0.0
ak-47,0.0
ak-47,13.211998145883763
glock-18,0.0
glock-18,0.0
glock-18,106.24254548246435
glock-18,0.0
glock-18,111.16454319639199
ak-47,37.28767537367355
mac-10,0.0
ak-47,73.09836581223908
ak-47,7.410296458346724
ak-47,0.0
mac-10,89.41442105665875
ak-47,0.0
ak-47,52.732961505757714
ak-47,6.511867281969589
ak-47,28.890999024379703
ak-47,0.0
ak-47,0.0
ak-47,25.19384601365899
ak-47,4.1345856847065106
awp,0.0
awp,23.331899703714225
ak-47,9.235848745767116
ak-47,17.58173698523468
awp,0.0
ak-47,18.898441633499967
ak-47,0.0
ak-47,30.96385110161475
ak-47,3.420860633756657
awp,0.0
ak-47,12.765685027857652
awp,0.0
mac-10,108.0544359464708
ak-47,57.091875093522155
awp,9.63698477014263
ak-47,14.38343252384385
ak-47,3.0279056938129694
ak-47,7.705345531861696
ak-47,20.13736554220708
ak-47,11.327478429823868
awp,0.0
awp,3.15299956390736
awp,0.0
ak-47,0.0
ak-47,77.67742858349322
ak-47,47.43594865758375
ak-47,45.05512602919712
awp,0.0
ak-47,0.0
ak-47,17.755535709732897
awp,11.548476178902911
ak-47,32.50294457814553
ak-47,28.259255091736655
ak-47,0.0
awp,68.00191545112874
glock-18,0.0
glock-18,165.91952502130337
glock-18,82.6374185998077
ak-47,0.0
ak-47,0.0
ak-47,16.767847732784432
ak-47,0.0
ak-47,0.0
awp,0.0
ak-47,0.0
ak-47,0.0
awp,2.591537083108208
awp,0.0
glock-18,0.0
glock-18,0.0
glock-18,0.0
glock-18,0.0
glock-18,0.0
ak-47,0.0
mac-10,0.0
ak-47,0.0
ak-47,0.0
ak-47,0.0
ak-47,0.0
ak-47,0.0
ak-47,0.0
awp,8.645455902197176
awp,0.0
ak-47,0.0
ak-47,0.0
ak-47,0.0
awp,0.0
awp,0.0
ak-47,0.0
awp,1.8431203479935865
ak-47,75.21429499922517
ak-47,0.0
ak-47,61.916638846239266
ak-47,0.0
ak-47,4.6343295078473865
ak-47,0.0
ak-47,91.89899622203274
ak-47,0.0
awp,5.834141009049489
awp,0.0
ak-47,0.0
awp,0.0
ak-47,0.0
ak-47,0.0
ak-47,0.0
awp,0.0
ak-47,0.0
ak-47,0.0
ak-47,0.0
ak-47,0.0
awp,0.0
awp,0.0
ak-47,65.30896428633476
ak-47,68.5543432093634
ak-47,0.0
awp,0.0
glock-18,172.921341534722
glock-18,0.0
glock-18,144.16551473688355
glock-18,0.0
glock-18,0.0
ak-47,0.0
ak-47,0.0
ak-47,0.37745375208229154
ak-47,0.0
ak-47,8.65216029782944
ak-47,72.59308757870794
ak-47,38.277268547686106
awp,0.0
awp,0.0
ak-47,5.156346304308992
ak-47,0.0
ak-47,0.0
ak-47,0.0
ak-47,45.436805636334306
ak-47,0.0
ak-47,25.430901232690044
ak-47,0.0
ak-47,17.43021274555962
awp,0.0
ak-47,52.252905340043874
awp,0.0
ak-47,22.189083799524145
awp,0.0
ak-47,27.666318601504628
ak-47,12.02289158978355
ak-47,0.0
ak-47,0.0
ak-47,22.446173278917456
ak-47,0.0
glock-18,15.527455499629326
glock-18,105.7350965598994
glock-18,78.24504258675015
glock-18,39.86861356576436
ak-47,0.0
ak-47,33.224215223695936
awp,0.0
ak-47,2.693046943490588
awp,10.974268554783048
awp,1.93759832588207
ak-47,0.5035360810309426
ak-47,15.046936551503133
ak-47,18.805524867521488
ak-47,73.09982582067944
ak-47,72.79216957524814
awp,0.0
glock-18,28.59726174159316
ak-47,16.883681094008498
ak-47,52.822398133908955
ak-47,20.697068099728643
ak-47,0.0
ak-47,0.0
awp,29.562832713640415
ak-47,0.0
ak-47,0.0
awp,4.445662607039023
ak-47,200.1805542770818
ak-47,0.0
awp,0.0
ak-47,0.0
ak-47,0.0
ak-47,13.664366326203348
ak-47,68.22602569777659
ak-47,38.963112607759676
ak-47,0.0
ak-47,0.0
ak-47,41.32520862908384
ak-47,82.57028504717942
ak-47,13.515837382396994
ak-47,0.0
ak-47,124.13548929020796
awp,0.0
ak-47,0.0
ak-47,0.0
ak-47,0.0
awp,34.00344525050444
awp,0.0
ak-47,12.590420552137566
ak-47,27.878208042381367
ak-47,0.0
ak-47,56.783724546717266
ak-47,28.980181887015977
ak-47,0.0
ak-47,9.541119617069372
ak-47,0.0
ak-47,15.982284519795035
glock-18,0.0
glock-18,0.0
glock-18,0.0
glock-18,0.0
glock-18,0.0
ak-47,0.0
ak-47,16.363083092169703
ak-47,10.376376508836069
ak-47,1.286010621781951
mac-10,0.0
mac-10,0.0
ak-47,35.57891082980142
ak-47,14.351918262703979
ak-47,27.11451789365743
ak-47,14.116618375772152
ak-47,12.827702336177978
ak-47,0.0
ak-47,40.10245465219794
ak-47,0.0
ak-47,0.0
awp,0.0
awp,33.998438457118304
ak-47,0.0
awp,12.764985557959788
awp,0.0
glock-18,0.0
glock-18,22.32972081357725
glock-18,111.77289428140872
glock-18,0.0
glock-18,18.97549455473243
mac-10,0.0
mac-10,0.0
mac-10,0.0
ak-47,0.0
mac-10,0.0
mac-10,0.0
mac-10,0.0
mac-10,113.60804747702942
ak-47,0.0
ak-47,34.39889575415858
ak-47,9.683751259711341
ak-47,39.68125257627916
ak-47,17.362718922952734
ak-47,4.796703701746022
mac-10,9.890326731590065
mac-10,102.31263289506029
ak-47,37.078173118169474
ak-47,8.83383783541129
ak-47,0.0
awp,0.0
ak-47,74.46281375743737
ak-47,5.192969462163339
ak-47,0.0
ak-47,0.0
ak-47,0.0
ak-47,28.03873983932488
ak-47,0.0
ak-47,0.0
ak-47,53.088682439150816
ak-47,19.668123670690758
awp,0.0
awp,0.0
ak-47,0.0
ak-47,0.0
ak-47,0.0
ak-47,0.0
ak-47,0.0
ak-47,0.0
ak-47,25.92574046651908
ak-47,65.82232084259464
ak-47,57.97259966617582
ak-47,0.0
ak-47,0.0
ak-47,0.0
ak-47,0.0
ak-47,0.0
ak-47,0.0
ak-47,0.0
ak-47,0.0
ak-47,0.0
ak-47,0.0
ak-47,0.0
glock-18,86.77262987032434
glock-18,10.287737373891794
glock-18,0.0
ak-47,0.0
ak-47,0.0
ak-47,0.0
ak-47,0.0
ak-47,0.0
ak-47,0.0
ak-47,8.056916772006089
ak-47,0.0
ak-47,0.0
ak-47,0.0
ak-47,18.56248083561195
ak-47,0.0
ak-47,0.0
ak-47,0.0
awp,0.0
ak-47,0.0
ak-47,0.0
awp,0.0
awp,0.0
awp,0.0
awp,0.0
ak-47,36.790125282097925
ak-47,22.055863595052994
ak-47,0.0
ak-47,0.0
awp,0.0
ak-47,0.0
ak-47,37.65825621858777
ak-47,0.0
ak-47,66.79466270575506
ak-47,0.0
glock-18,0.0
mac-10,2.056818055558634
mac-10,0.0
ak-47,0.0
ak-47,0.0
ak-47,11.087740449760267
ak-47,46.905413982473156
ak-47,0.0
ak-47,61.92460179329815
ak-47,50.15471703805859
ak-47,0.0
ak-47,0.0
ak-47,0.0
ak-47,9.854492
ak-47,0.0
ak-47,11.000949673804802
ak-47,9.23637147152284
ak-47,37.46803158223636
ak-47,0.0
ak-47,0.0
ak-47,47.67737819222214
ak-47,25.22329572994911
ak-47,28.393531428005307
ak-47,0.0
ak-47,0.0
ak-47,0.0
ak-47,1.51763719519851
awp,0.0
ak-47,52.479769661167616
ak-47,22.823522620417034
awp,0.0
ak-47,54.231640218430144
ak-47,0.0
awp,0.0
ak-47,0.0
ak-47,0.0
ak-47,7.429671164019912
ak-47,0.0
ak-47,8.250137349945696
ak-47,0.0
ak-47,0.0
awp,0.0
ak-47,4.039978555089866
ak-47,28.60049456752166
ak-47,13.121742345237731
ak-47,25.297846224329927
awp,0.0
ak-47,46.19233674433828
awp,0.0
ak-47,50.23914555438
ak-47,26.582957078641982
awp,0.0
awp,0.0
ak-47,0.0
ak-47,0.0
ak-47,51.07579003916631
ak-47,14.183992071933769
ak-47,0.0
awp,0.0
awp,0.0
ak-47,35.18373925284946
ak-47,0.0
awp,0.0
ak-47,0.0
ak-47,0.0
awp,0.0
awp,0.0
awp,0.0
ak-47,8.590642688004722
awp,19.79182460853372
ak-47,73.0823848294202
ak-47,0.0
ak-47,24.832884246636272
ak-47,63.48410306355584
awp,0.0
ak-47,0.0
ak-47,24.284041132432634
ak-47,46.119974002086394
ak-47,0.0
ak-47,0.0
ak-47,59.33581984807296
ak-47,0.0
glock-18,0.0
ak-47,59.85703814421042
ak-47,0.0
ak-47,56.12532996200117
ak-47,3.3177662668893664
ak-47,19.68281814370404
awp,0.0
awp,0.0
awp,0.0
awp,0.0
ak-47,0.0
ak-47,0.0
ak-47,0.0
ak-47,32.30134266141996
ak-47,0.0
awp,0.0
ak-47,0.0
awp,0.0
awp,0.0
awp,0.0
ak-47,1.6932454296294437
ak-47,0.0
ak-47,0.0
ak-47,0.0
ak-47,0.0
ak-47,0.0
ak-47,14.564687670977534
ak-47,73.09724700377744
awp,0.0
ak-47,17.68750123752205
awp,0.0
ak-47,14.070983462451585
ak-47,2.067573151621243
ak-47,5.533414795126243
awp,0.0
awp,0.0
awp,0.0
awp,0.0
ak-47,0.0
glock-18,72.80940250720701
glock-18,0.0
glock-18,0.0
ak-47,25.43708249810943
ak-47,0.0
ak-47,17.333923519984737
ak-47,0.0
awp,0.0
ak-47,0.0
glock-18,0.0
glock-18,0.0
glock-18,0.0
glock-18,0.0
glock-18,0.0
mac-10,64.82088581495135
mac-10,115.26045430823116
mac-10,72.63286844879931
glock-18,0.0
ak-47,0.0
ak-47,0.0
mac-10,163.82994847870208
mac-10,64.69870869342509
ak-47,0.0
ak-47,0.0
ak-47,0.0
ak-47,55.81318245127977
ak-47,1.5613276852169757
ak-47,4.028548961760921
ak-47,83.81586499342878
ak-47,0.0
ak-47,73.10115299721654
ak-47,0.0
ak-47,112.0225176761656
ak-47,73.10160786208783
ak-47,11.34944696714166
ak-47,9.993299422886768
ak-47,14.395383805364412
ak-47,0.0
ak-47,63.53243114173498
ak-47,0.0
ak-47,15.72739797693045
ak-47,58.351597596201714
ak-47,31.373500125114923
ak-47,0.0
ak-47,0.0
ak-47,0.0
ak-47,0.0
ak-47,0.0
ak-47,0.0
ak-47,0.0
ak-47,0.0
ak-47,0.0
ak-47,1.0308079288034218
ak-47,36.7151328005565
ak-47,0.0
ak-47,17.759989761487056
ak-47,5.267091514996108
ak-47,106.65222578842412
ak-47,7.766313607484892
ak-47,27.199672258606096
ak-47,0.0
ak-47,0.0
ak-47,0.0
awp,0.0
ak-47,22.19648946122661
ak-47,16.51592097559885
ak-47,0.0
ak-47,0.0
ak-47,0.0
awp,0.0
ak-47,0.0
ak-47,0.0
ak-47,59.14927923136379
awp,0.0
ak-47,0.0
awp,0.0
awp,5.620719186617047
awp,0.0
awp,0.0
awp,0.0
ak-47,11.2640970704491
ak-47,0.0
ak-47,0.0
glock-18,48.0996103565421
ak-47,7.385209038195331
awp,0.0
ak-47,0.0
ak-47,0.0
ak-47,0.0
ak-47,0.0
awp,0.0
ak-47,0.0
ak-47,18.078300389699937
ak-47,3.6299237728470275
ak-47,58.91440650662064
awp,0.0
ak-47,0.0
ak-47,8.926255208258892
ak-47,0.0
ak-47,1.5291758912074176
ak-47,64.56241614435957
awp,0.0
ak-47,64.42692270425947
ak-47,4.749333565810681
awp,0.0
ak-47,0.0
ak-47,28.831079128551483
ak-47,0.0
ak-47,22.27388759690791
ak-47,0.0
awp,0.0
ak-47,0.0
ak-47,50.994893017509
awp,0.0
ak-47,59.69158318226019
ak-47,34.78909437928025
ak-47,60.16042029424719
awp,0.0
ak-47,17.53729568818089
ak-47,2.877347819030574
ak-47,0.8513832953640799
awp,0.0
glock-18,0.0
glock-18,10.242188
glock-18,0.0
ak-47,0.0
ak-47,0.0
ak-47,0.0
ak-47,0.0
ak-47,0.0
awp,0.0
ak-47,0.0
awp,0.0
ak-47,60.07013025442995
awp,0.0
ak-47,0.0
ak-47,0.0
ak-47,23.66590410874218
awp,0.0
ak-47,0.0
ak-47,0.0
ak-47,2.3335879101032386
ak-47,214.8610679032918
ak-47,73.09505087713168
ak-47,0.0
ak-47,15.449002762491467
ak-47,0.0
ak-47,0.0
awp,0.0
awp,10.068687679625583
glock-18,81.59953910238512
glock-18,198.44764489557588
glock-18,90.82195017239603
glock-18,28.058297211783984
ak-47,0.0
ak-47,0.0
ak-47,0.0
ak-47,0.0
ak-47,0.0
ak-47,0.0
ak-47,0.0
ak-47,0.0
ak-47,0.0
ak-47,0.0
awp,0.0
ak-47,0.0
awp,0.0
awp,4.462770192713154
awp,9.956730651798361
ak-47,0.0
ak-47,0.0
ak-47,0.0
awp,20.63513372090639
ak-47,4.222735279093991
awp,0.0
ak-47,44.40851782122575
ak-47,6.9440443669321406
awp,0.0
ak-47,0.0
ak-47,0.0
ak-47,0.0
awp,9.546021775382874
ak-47,0.0
ak-47,17.384532651290026
ak-47,32.398109739947486
ak-47,27.60125283563556
ak-47,214.9514337608378
ak-47,19.21182548018928
ak-47,11.391310850408086
awp,16.84079311728922
glock-18,0.0
glock-18,0.0
glock-18,0.0
glock-18,0.0
ak-47,16.290615652900446
ak-47,13.223535426670889
ak-47,16.50315638504868
ak-47,0.0
ak-47,0.0
ak-47,0.0
ak-47,0.0
ak-47,74.52719484785659
ak-47,0.0
ak-47,0.0
awp,0.0
ak-47,17.41028680556699
ak-47,0.0
ak-47,32.853803368757305
ak-47,40.46774294527631
ak-47,1.8105161144231774
ak-47,71.51587337519685
ak-47,32.35977158200972
ak-47,0.0
ak-47,0.0
ak-47,0.0
awp,17.802287903239964
ak-47,0.0
ak-47,29.452703604346222
mac-10,59.22339816833773
awp,0.0
ak-47,0.0
ak-47,65.98358936150218
ak-47,0.0
ak-47,0.0
ak-47,0.0
ak-47,24.22761934368501
ak-47,0.0
awp,0.0
awp,19.17259188204834
awp,0.0
awp,0.0
glock-18,0.0
ak-47,0.0
ak-47,71.52595459496979
awp,0.0
ak-47,0.0
awp,0.0
awp,10.709965879526647
ak-47,0.0
ak-47,0.0
awp,3.2627922731870322
ak-47,9.064752974045625
ak-47,0.0
awp,0.0
awp,0.0
ak-47,26.299599717723844
ak-47,0.0
ak-47,0.0
awp,0.0
awp,0.0
awp,0.0
ak-47,11.397818724637096
awp,0.0
ak-47,41.88125244832854
awp,0.0
awp,0.0
ak-47,31.746774104082213
ak-47,0.0
ak-47,29.372731035093775
ak-47,17.944752997916968
ak-47,0.0
ak-47,8.744473701287003
awp,0.0
ak-47,0.0
ak-47,0.0
ak-47,0.0
awp,0.0
ak-47,0.0
ak-47,8.477780398624688
ak-47,0.0
ak-47,0.0
ak-47,0.0
ak-47,11.792108369782225
awp,0.0
ak-47,6.201692699565498
awp,0.0
ak-47,52.57430689799617
ak-47,16.14031875629128
ak-47,0.0
ak-47,51.53053805492883
ak-47,8.124797650845712
ak-47,0.0
ak-47,5.864315867614397
awp,6.906577931623302
ak-47,2.7911186902331835
ak-47,39.118541333871896
ak-47,13.636269902989893
glock-18,0.0
glock-18,0.0
glock-18,0.0
glock-18,0.0
glock-18,0.0
ak-47,0.0
ak-47,0.0
ak-47,0.0
ak-47,0.0
ak-47,0.0
ak-47,0.0
ak-47,0.0
awp,0.0
ak-47,0.0
ak-47,16.030749150923796
ak-47,0.0
ak-47,0.0
ak-47,0.0
ak-47,0.0
awp,0.0
ak-47,0.0
ak-47,0.0
ak-47,0.0
awp,5.810044659998063
awp,0.0
awp,0.0
ak-47,0.0
ak-47,0.0
ak-47,0.0
awp,0.0
awp,0.0
ak-47,0.0
ak-47,0.0
ak-47,0.0
ak-47,5.2018814204574095
ak-47,4.047153555567666
awp,0.0
ak-47,0.0
ak-47,0.0
ak-47,0.0
ak-47,0.0
ak-47,0.0
ak-47,23.612849338812566
ak-47,55.01028690439316
awp,0.0
ak-47,0.0
ak-47,24.982143568503965
glock-18,0.0
glock-18,0.0
ak-47,0.0
ak-47,0.0
ak-47,0.0
ak-47,13.298860582507398
awp,0.0
awp,10.20236300920919
ak-47,0.0
ak-47,0.0
ak-47,17.960086226564307
awp,0.0
awp,0.0
awp,0.0
ak-47,0.0
ak-47,0.0
ak-47,0.0
awp,0.0
ak-47,0.0
ak-47,25.993998387604876
ak-47,0.0
ak-47,0.0
ak-47,0.0
ak-47,0.0
awp,0.0
ak-47,0.0
ak-47,0.0
awp,0.0
ak-47,0.0
awp,0.0
awp,0.0
ak-47,0.0
glock-18,166.35207997681397
glock-18,0.0
ak-47,0.0
ak-47,0.0
ak-47,0.0
ak-47,0.0
ak-47,0.0
ak-47,0.0
awp,0.0
ak-47,0.0
ak-47,0.0
ak-47,0.0
ak-47,0.0
ak-47,0.0
ak-47,0.0
ak-47,0.0
ak-47,0.0
ak-47,0.0
ak-47,0.0
awp,15.38872376264416
ak-47,0.0
awp,1.5144363934625977
ak-47,95.70381136890599
awp,24.574687855660038
awp,9.334998827915726
ak-47,0.0
ak-47,0.0
ak-47,0.0
ak-47,0.0
ak-47,0.0
ak-47,0.0
ak-47,0.0
ak-47,0.0
ak-47,15.632627337577839
ak-47,30.088640085249583
mac-10,0.0
ak-47,5.710858447725788
ak-47,0.0
ak-47,35.94552934420303
ak-47,0.0
ak-47,41.918291356678985
ak-47,0.0
ak-47,0.0
ak-47,48.584349528600136
awp,33.766594838267004
ak-47,0.0
glock-18,104.79185400648845
glock-18,186.97340521205106
glock-18,0.0
mac-10,0.0
ak-47,14.353368218295001
ak-47,0.0
ak-47,0.0
awp,6.289184510307199
ak-47,0.0
ak-47,0.0
ak-47,0.0
awp,0.0
ak-47,0.0
ak-47,0.0
ak-47,13.437411547492323
ak-47,37.15942350207866
ak-47,0.0
glock-18,131.26795428469907
glock-18,180.27225287457742
glock-18,0.0
glock-18,0.0
mac-10,0.0
mac-10,123.51455469748166
ak-47,0.0
ak-47,0.0
ak-47,36.985844038724274
awp,6.474582875982746
ak-47,44.39537414567175
ak-47,68.08546938203246
ak-47,39.09465415629848
ak-47,1.5190477485984435
awp,29.27379924549639
ak-47,12.352813378429426
ak-47,15.027157271750438
ak-47,11.738530677882391
ak-47,69.06003563995458
mac-10,0.0
mac-10,0.0
ak-47,34.80182538857278
ak-47,73.08851104602422
ak-47,0.0
ak-47,96.17986324867685
ak-47,0.0
ak-47,189.16473991768393
ak-47,28.282911726042723
awp,0.0
ak-47,2.528384667984087
ak-47,0.0
ak-47,0.0
ak-47,0.0
glock-18,28.59139463242995
glock-18,0.0
glock-18,0.0
mac-10,0.0
ak-47,0.0
ak-47,0.0
ak-47,0.0
ak-47,11.69957848161467
awp,0.0
ak-47,0.0
ak-47,38.38843731047964
ak-47,31.532303192736684
ak-47,54.88923719643803
ak-47,14.919788793955831
awp,0.0
awp,0.0
ak-47,0.0
ak-47,0.0
awp,0.0
ak-47,0.0
ak-47,0.0
ak-47,0.0
ak-47,0.0
ak-47,0.0
ak-47,15.398540425328273
awp,3.176528298512387
ak-47,0.0
awp,123.49921815447102
awp,27.746653750596106
ak-47,0.0
ak-47,0.0
ak-47,24.56666375533837
ak-47,0.0
ak-47,0.0
ak-47,0.0
ak-47,0.0
ak-47,69.09885311926284
ak-47,0.0
ak-47,0.0
ak-47,31.932180496755056
ak-47,0.0
ak-47,4.908867758248229
ak-47,75.10915548277028
ak-47,16.5107978399743
ak-47,0.0
awp,0.0
ak-47,51.053037577163074
ak-47,0.0
awp,0.0
awp,0.0
awp,0.0
awp,0.0
ak-47,0.0
ak-47,0.0
ak-47,0.0
ak-47,0.0
ak-47,0.0
awp,0.0
awp,0.0
ak-47,51.05346615723529
ak-47,73.11002628331808
ak-47,0.0
awp,0.0
ak-47,0.0
ak-47,48.33708132256415
ak-47,0.0
ak-47,19.65271806654647
ak-47,0.0
ak-47,0.0
ak-47,5.43009188134455
ak-47,73.46839096343976
ak-47,0.0
ak-47,0.0
ak-47,0.0
ak-47,0.0
ak-47,38.7239461835612
mac-10,55.774172941782325
ak-47,95.0920927496899
ak-47,0.0
ak-47,0.0
ak-47,0.0
ak-47,0.0
ak-47,0.0
ak-47,27.278219841668697
ak-47,46.769948852030204
ak-47,17.21642264270673
ak-47,0.0
ak-47,8.125099643499581
ak-47,3.4948041363103597
ak-47,23.774126337190182
ak-47,47.05153130664086
ak-47,9.280898823480408
awp,0.0
ak-47,7.116154875349538
ak-47,0.0
glock-18,89.0393100496471
glock-18,125.03217337188329
glock-18,0.0
ak-47,0.0
ak-47,0.0
ak-47,0.0
ak-47,0.0
ak-47,18.4135351689432
ak-47,0.0
ak-47,43.03483293449157
ak-47,0.0
ak-47,0.0
ak-47,0.0
awp,0.0
ak-47,0.0
ak-47,0.0
awp,0.0
ak-47,0.0
ak-47,2.0066454027707534
ak-47,0.0
ak-47,0.0
ak-47,42.76217493696788
ak-47,0.0
ak-47,0.0
ak-47,6.422732180968003
ak-47,0.0
ak-47,38.02075900654826
awp,0.0
ak-47,13.19980542588602
awp,0.0
ak-47,28.26683420575472
mac-10,231.17847481730573
ak-47,0.0
ak-47,0.0
awp,0.0
mac-10,60.76480537731499
mac-10,205.53612471826253
glock-18,191.19632237939686
glock-18,0.0
glock-18,0.0
ak-47,7.272165778995141
ak-47,27.262363783886403
ak-47,14.749621803281737
ak-47,44.84567722339579
ak-47,4.706089072198804
awp,0.0
ak-47,0.0
ak-47,0.0
ak-47,0.0
awp,3.8465781882791616
ak-47,0.0
ak-47,0.0
ak-47,0.0
ak-47,0.0
ak-47,0.0
ak-47,27.80753673993741
ak-47,15.396390100442376
awp,11.566495550936507
ak-47,0.0
ak-47,0.0
ak-47,0.0
ak-47,0.0
ak-47,0.0
ak-47,0.0
awp,9.275662111432746
ak-47,0.0
ak-47,30.72782285889225
ak-47,68.91185570437814
ak-47,14.633257631134974
awp,0.0
ak-47,42.903860305220135
ak-47,0.0
ak-47,17.739416918280767
glock-18,0.0
ak-47,0.0
ak-47,0.0
awp,6.036853776233527
ak-47,8.011561136248291
ak-47,26.295804891031345
awp,13.809930065643671
awp,0.0
awp,0.0
ak-47,19.9458920648696
glock-18,26.959837710109994
glock-18,29.94577680725354
ak-47,33.09034210067711
ak-47,0.0
ak-47,34.748553032947214
ak-47,44.70838559862077
awp,0.0
ak-47,0.0
ak-47,0.0
awp,0.0
ak-47,24.807392450130767
ak-47,126.76499595947404
ak-47,10.673162633474016
ak-47,57.48135573910439
ak-47,73.04872821968684
mac-10,117.17440956612697
ak-47,0.0
ak-47,12.149469911918997
ak-47,57.59967431423088
awp,7.378079006037818
ak-47,9.195777358683115
awp,13.923234010548699
awp,6.568804803381052
ak-47,66.64197534112557
awp,15.558578203356532
ak-47,65.87810350317322
ak-47,51.87972014992911
ak-47,0.0
ak-47,0.0
ak-47,0.7328877859781809
awp,8.015385473760386
ak-47,24.78229919752453
ak-47,0.0
awp,11.70977337955718
ak-47,16.658947551201187
awp,9.999533513484767
ak-47,73.0501708685059
awp,3.6524774820436607
glock-18,236.08397924380606
glock-18,21.419020906424365
glock-18,239.99844845753162
glock-18,56.6718798466706
mac-10,0.0
ak-47,13.43238355088854
mac-10,0.0
ak-47,10.15255967482723
ak-47,8.141153728271197
ak-47,0.0
awp,0.0
ak-47,11.571587257047366
ak-47,22.857220752367535
ak-47,0.0
awp,0.0
ak-47,8.32150061094566
ak-47,0.0
ak-47,0.0
ak-47,0.0
ak-47,0.0
ak-47,0.0
ak-47,0.0
ak-47,31.85333209610888
ak-47,60.68929568037257
ak-47,0.0
ak-47,0.0
ak-47,0.0
ak-47,0.0
awp,0.0
ak-47,0.0
ak-47,0.0
ak-47,73.10069517704457
awp,0.0
ak-47,73.10353657414572
ak-47,31.120459530706547
awp,0.0
ak-47,48.510994480489515
ak-47,0.0
ak-47,0.0
ak-47,0.0
awp,0.0
ak-47,0.0
awp,0.0
awp,0.0
ak-47,0.0
awp,0.0
awp,0.0
awp,0.0
ak-47,0.0
ak-47,0.0
ak-47,0.0
ak-47,0.0
awp,0.0
ak-47,0.0
ak-47,0.0
ak-47,0.0
ak-47,0.0
ak-47,0.0
awp,0.0
ak-47,0.0
ak-47,0.0
ak-47,0.0
ak-47,29.86327932375321
ak-47,0.0
ak-47,0.0
ak-47,0.0
glock-18,0.0
glock-18,0.0
glock-18,0.0
glock-18,0.0
glock-18,0.0
ak-47,0.0
ak-47,19.58844279868474
mac-10,150.1090778091091
mac-10,67.34544069333639
mac-10,0.0
mac-10,0.0
mac-10,0.0
ak-47,44.74383030195162
ak-47,23.18963933779885
ak-47,0.0
ak-47,0.0
ak-47,0.0
ak-47,0.0
ak-47,0.0
ak-47,0.0
ak-47,0.0
glock-18,205.21229539793006
glock-18,0.0
glock-18,0.0
glock-18,0.0
ak-47,17.21655477234493
ak-47,84.16145054229725
ak-47,8.047865557660614
ak-47,12.784592319712427
ak-47,0.0
glock-18,50.02496093411729
glock-18,15.270613949367753
ak-47,14.349582736325472
mac-10,34.55897701177779
ak-47,0.0
ak-47,0.0
ak-47,0.0
ak-47,11.213760429042571
ak-47,49.551622324198036
ak-47,103.92343924664246
ak-47,0.0
ak-47,34.35408454609146
ak-47,0.0
ak-47,55.8648290465665
awp,0.0
awp,0.0
ak-47,0.0
ak-47,45.38758467306708
ak-47,0.0
awp,0.0
awp,0.0
ak-47,0.0
ak-47,57.31288866249758
ak-47,0.0
awp,0.0
awp,0.0
ak-47,72.21044724987752
awp,0.0
awp,0.0
ak-47,42.98728762204689
awp,0.0
awp,0.0
ak-47,0.0
ak-47,0.0
ak-47,44.4665799221796
ak-47,0.0
ak-47,8.35590217932624
glock-18,138.2950896004648
glock-18,67.47439475696937
mac-10,0.0
glock-18,0.0
ak-47,55.93050318017267
ak-47,13.35647665178976
ak-47,32.690640533884086
ak-47,25.00485410031182
ak-47,0.0
ak-47,0.0
ak-47,10.228755613770915
ak-47,0.0
ak-47,4.405586732770222
awp,0.0
ak-47,3.640926757880471
ak-47,0.0
ak-47,69.99348725180057
ak-47,6.289426425805854
ak-47,18.985211348424226
awp,0.0
ak-47,0.0
ak-47,72.94338974700985
ak-47,0.0
ak-47,0.0
ak-47,0.0
ak-47,73.10433811399267
ak-47,0.0
ak-47,42.404967308115495
ak-47,56.2732007644177
ak-47,13.29132040882173
ak-47,3.1680075324383306
ak-47,24.94650599337198
ak-47,13.71816302698583
ak-47,16.507456359474677
awp,0.7610668858175345
ak-47,55.34365515590405
ak-47,38.84215642885184
awp,0.0
ak-47,56.828767908756774
ak-47,44.660156170810374
ak-47,0.0
ak-47,0.0
awp,0.0
ak-47,0.0
awp,5.527171709425083
ak-47,0.0
awp,1.2513727739310938
ak-47,0.0
ak-47,0.0
ak-47,0.0
ak-47,0.7967217989988726
ak-47,49.3197790564768
ak-47,9.198737551108849
ak-47,0.0
ak-47,0.0
ak-47,214.9987624927638
ak-47,0.0
ak-47,33.323965333419864
ak-47,0.0
glock-18,108.5995800240606
glock-18,81.600944249284
glock-18,0.0
ak-47,3.6513217715901183
ak-47,0.0
ak-47,0.0
awp,0.0
ak-47,0.0
ak-47,27.146206068367086
mac-10,27.695765881391257
ak-47,0.0
awp,0.0
ak-47,31.93589575367887
ak-47,0.0
awp,0.0
awp,0.0
ak-47,27.04711165673111
ak-47,34.26964207654769
ak-47,0.0
ak-47,0.0
ak-47,0.0
ak-47,73.09873243155852
glock-18,156.38740775468614
ak-47,70.7051588887294
ak-47,9.605364301015397
ak-47,46.107556243092745
ak-47,0.0
ak-47,0.0
awp,2.4162266050261096
ak-47,13.623720689223227
ak-47,0.0
awp,16.68854069683278
ak-47,8.424559533877366
ak-47,21.7328664395585
ak-47,0.0
ak-47,0.0
ak-47,4.364505424063532
ak-47,7.850429708595829
awp,13.09419748638686
awp,8.547003541080933
ak-47,0.0
ak-47,1.58055925377317
ak-47,39.07320292947545
awp,7.974890403831579
ak-47,0.0
awp,11.722783238440819
ak-47,0.0
ak-47,0.0
ak-47,0.0
glock-18,0.0
glock-18,0.0
glock-18,172.09200292489805
glock-18,233.87722178653132
mac-10,18.365433800476588
mac-10,21.686544164410382
mac-10,139.26562587652867
ak-47,15.743699842491568
ak-47,0.0
ak-47,0.0
ak-47,0.0
ak-47,0.0
ak-47,0.0
ak-47,0.0
ak-47,0.0
ak-47,14.170230494790443
awp,0.0
awp,0.0
awp,0.0
ak-47,0.0
ak-47,26.093754678143295
ak-47,44.70061723418579
ak-47,0.0
ak-47,9.269853637461651
ak-47,22.427256457488532
awp,0.0
ak-47,56.85189763646582
ak-47,0.0
ak-47,0.0
awp,0.0
awp,0.0
awp,0.0
ak-47,0.0
ak-47,0.0
ak-47,0.0
ak-47,0.0
ak-47,0.0
ak-47,0.0
ak-47,0.0
ak-47,0.0
ak-47,0.0
awp,0.6033479048907023
ak-47,0.0
awp,1.0081839039480842
ak-47,4.671301719738942
ak-47,0.0
ak-47,0.0
awp,0.0
ak-47,0.0
awp,0.0
ak-47,0.0
ak-47,0.0
glock-18,0.0
glock-18,0.0
glock-18,0.0
glock-18,0.0
mac-10,0.0
ak-47,0.0
ak-47,0.0
ak-47,0.0
ak-47,23.871176433966404
ak-47,12.489021182216163
ak-47,0.0
glock-18,0.0
mac-10,0.0
mac-10,0.0
ak-47,14.102009256522454
ak-47,0.0
ak-47,0.0
ak-47,0.0
ak-47,0.0
awp,0.0
ak-47,0.0
ak-47,0.0
ak-47,0.0
awp,0.0
ak-47,15.84901344829324
awp,0.0
ak-47,6.383787295208777
awp,0.0
awp,0.0
awp,11.629000315153235
ak-47,0.0
ak-47,14.420428607061753
ak-47,0.0
awp,0.0
ak-47,48.734430233978
awp,0.0
awp,0.0
awp,0.0
awp,0.0
awp,0.0
ak-47,0.0
ak-47,15.227727238514158
awp,8.353295834567636
glock-18,236.7595774131106
glock-18,177.6696274434341
ak-47,24.56545267840432
awp,0.0
ak-47,0.0
glock-18,0.0
ak-47,73.23106732582619
ak-47,86.87631827853632
ak-47,55.56856931186179
ak-47,61.083329669746796
ak-47,17.714154729902358
awp,0.0
awp,0.0
awp,0.0
ak-47,22.317681325139247
awp,0.0
ak-47,73.09806639953334
awp,0.0
ak-47,0.0
ak-47,7.432640218993518
ak-47,26.785918811880993
ak-47,24.890369976722422
glock-18,0.0
ak-47,17.294556442843163
awp,0.0
awp,0.0
ak-47,24.783678356745696
awp,0.0
ak-47,3.80901525459232
ak-47,0.0
awp,0.0
glock-18,112.81859498090974
glock-18,125.11574944673107
glock-18,218.89688069338203
glock-18,176.30498963121352
mac-10,197.81280881387576
mac-10,0.0
mac-10,213.58664741163705
ak-47,22.358448464293513
ak-47,0.0
awp,10.239618977276693
ak-47,41.20831988325399
mac-10,0.0
ak-47,0.0
awp,0.26608416196760004
ak-47,37.9425514038164
awp,0.0
awp,0.0
awp,1.2848714942888257
ak-47,0.3597145135381668
awp,0.0
ak-47,0.0
awp,28.0005372231352
ak-47,8.492358457455856
ak-47,34.9094780984401
ak-47,0.0
ak-47,106.54090253789782
awp,8.299929048063062
ak-47,21.66061248753047
awp,3.5958381038880214
ak-47,53.901287114507625
ak-47,1.41555331370634
ak-47,27.766237696250606
ak-47,37.769920499403355
ak-47,7.156522920559956
ak-47,0.0
ak-47,14.696027331896332
ak-47,22.577971179904228
ak-47,0.0
awp,0.0
ak-47,4.001770047994887
glock-18,171.8600942593709
mac-10,63.21399495710784
ak-47,52.62922978346335
ak-47,0.0
ak-47,46.384567287190706
ak-47,12.702190082975966
ak-47,31.326223446030404
ak-47,33.42174733407725
ak-47,2.007082357514011
ak-47,0.0
awp,4.172343138528397
awp,4.014486592403318
ak-47,7.234993236200639
ak-47,34.51472425776923
ak-47,0.0
awp,0.0
ak-47,0.0
awp,1.7616975733206879
awp,17.580528460569123
ak-47,43.26862688213742
ak-47,14.077995120993224
ak-47,0.0
ak-47,0.0
ak-47,0.0
ak-47,18.363718319942176
ak-47,64.93220002029491
ak-47,0.805407748053742
ak-47,36.81251040437831
awp,0.0
ak-47,41.93786839134723
ak-47,0.0
ak-47,31.348481317677972
ak-47,73.78697016310255
ak-47,0.7469212943289273
ak-47,0.0
ak-47,27.20322852548868
ak-47,63.37076362941815
ak-47,21.130401920068863
awp,0.0
ak-47,3.3164039494986133
ak-47,30.352026111951506
awp,0.0
ak-47,0.0
ak-47,11.549082536060775
ak-47,0.0
ak-47,3.567953051886894
ak-47,53.02844314941356
ak-47,0.0
ak-47,0.0
ak-47,17.223509162617123
awp,6.067335398660931
awp,0.0
awp,0.0
ak-47,6.30072337791154
ak-47,47.678501463159066
ak-47,47.343889232468534
ak-47,12.75046912433519
ak-47,10.446469905210517
ak-47,41.113641116153666
ak-47,5.636988093443608
ak-47,26.04147165276097
ak-47,92.70440573763454
ak-47,12.4951670274138
ak-47,53.05146718597857
ak-47,15.774855972716866
ak-47,0.0
awp,0.0
awp,8.199157908357968
ak-47,0.0
awp,0.0
ak-47,12.259634920207738
ak-47,27.717679786585837
ak-47,0.0
awp,21.37048923375045
ak-47,26.004790931623752
awp,0.0
glock-18,0.0
glock-18,24.757956492489864
glock-18,35.47995113247965
glock-18,92.69418023446696
glock-18,19.62005761269793
ak-47,9.299824264027627
ak-47,32.89606917399897
ak-47,29.557177765823127
ak-47,53.07787686459285
ak-47,0.0
awp,0.0
ak-47,28.8021961259847
ak-47,39.90075578858125
ak-47,0.0
ak-47,0.0
ak-47,47.9675904624919
awp,0.0
ak-47,29.436955789485094
ak-47,10.986750790147424
awp,0.0
awp,0.0
awp,0.0
awp,0.0
ak-47,0.0
ak-47,0.0
ak-47,0.0
glock-18,225.33494768609316
awp,0.0
glock-18,164.7405885647942
awp,0.0
ak-47,0.0
ak-47,0.0
awp,0.0
ak-47,0.0
ak-47,0.0
ak-47,0.0
ak-47,36.45214214384055
ak-47,1.1450306065097124
ak-47,0.0
glock-18,0.0
glock-18,0.0
glock-18,0.0
glock-18,0.0
glock-18,33.69979366363658
mac-10,0.0
ak-47,0.0
mac-10,0.0
ak-47,10.903014183826645
ak-47,0.0
ak-47,0.0
ak-47,0.0
awp,0.0
awp,0.0
ak-47,27.1659508690049
ak-47,0.0
awp,1.6787976392132553
ak-47,19.130187782985953
ak-47,10.742134207640538
ak-47,8.682316480564909
ak-47,23.631539196891282
awp,5.127263762898882
ak-47,24.787468892914173
ak-47,15.79542439420255
ak-47,4.196674152747149
mac-10,26.254134327234272
glock-18,85.64656377407572
glock-18,224.12023566808938
awp,0.0
ak-47,7.547121787631626
ak-47,18.052767359600132
ak-47,0.0
awp,0.0
ak-47,73.104142156732
ak-47,0.0
ak-47,0.0
ak-47,69.81617886882314
ak-47,76.85613202593079
ak-47,0.0
awp,0.0
ak-47,0.0
ak-47,0.0
awp,0.0
ak-47,0.0
ak-47,16.933337967358856
ak-47,29.485385431132844
ak-47,0.0
ak-47,0.0
ak-47,0.0
ak-47,0.0
ak-47,0.0
ak-47,7.382585293593837
awp,0.0
ak-47,0.0
ak-47,0.0
ak-47,73.10094085301967
ak-47,140.8900785325183
ak-47,0.0
awp,17.856256215954257
awp,5.43707343872832
glock-18,80.9397969971777
glock-18,8.007238177148597
glock-18,0.0
glock-18,0.0
ak-47,0.0
ak-47,0.0
ak-47,0.0
awp,0.0
ak-47,48.54460314653213
ak-47,0.0
ak-47,16.023702971533204
awp,0.0
awp,0.0
awp,0.0
awp,0.0
mac-10,54.6979344654273
ak-47,0.0
ak-47,0.0
awp,0.0
awp,0.0
ak-47,28.443041344956907
ak-47,0.0
ak-47,0.0
ak-47,0.0
ak-47,0.0
ak-47,0.0
ak-47,0.0
ak-47,0.0
ak-47,0.0
ak-47,0.0
ak-47,0.0
ak-47,5.337225820588913
ak-47,24.410664075370544
ak-47,0.0
mac-10,0.0
ak-47,0.6064887911148895
awp,0.0
ak-47,0.0
glock-18,0.0
glock-18,0.0
ak-47,22.682942250524402
ak-47,33.55543326039717
ak-47,0.0
ak-47,0.0
ak-47,10.560942242194539
ak-47,0.0
ak-47,0.0
ak-47,2.7234380486231
ak-47,0.0
ak-47,0.0
ak-47,0.0
awp,0.0
awp,0.0
ak-47,0.0
ak-47,42.54950299449013
ak-47,3.2667555740319782
ak-47,24.412102641975437
awp,0.0
awp,0.0
awp,0.0
ak-47,56.3194715958863
ak-47,27.570399944959085
awp,0.0
awp,0.0
ak-47,0.0
ak-47,0.0
awp,0.0
ak-47,49.965586375022205
ak-47,0.0
ak-47,20.045171071681303
ak-47,30.237540639037775
ak-47,15.543861289685038
awp,0.0
ak-47,0.0
awp,0.0
awp,0.0
awp,0.0
ak-47,8.260365765395925
ak-47,19.42173735165925
ak-47,2.9442243513784745
ak-47,5.076640151760709
ak-47,21.334269971979474
ak-47,19.54668962651909
ak-47,0.0
awp,0.0
ak-47,14.632218103917976
ak-47,32.359565044287436
awp,0.0
ak-47,0.0
glock-18,220.89266100329633
glock-18,23.10503926830344
glock-18,37.53357919962044
glock-18,4.617189252855031
glock-18,26.68385883487124
ak-47,19.242580942790497
ak-47,8.95965698435738
ak-47,40.471030602485826
ak-47,68.42076350718581
awp,18.341076347636854
ak-47,0.0
ak-47,0.0
awp,0.0
ak-47,1.7690094774336287
awp,0.0
ak-47,0.0
awp,0.0
ak-47,0.0
ak-47,21.618750225860072
ak-47,0.0
ak-47,0.0
glock-18,25.765019249322695
ak-47,0.0
awp,5.978298847119388
ak-47,0.0
awp,1.837732105876425
ak-47,0.0
awp,0.8245521813718039
awp,4.294182790688351
awp,0.0
ak-47,0.0
ak-47,46.326059761682394
ak-47,0.0
ak-47,0.513549440019167
ak-47,50.61094374965229
ak-47,0.0
awp,0.0
awp,0.0
glock-18,0.0
glock-18,0.0
glock-18,0.0
awp,26.376499513060864
ak-47,0.0
awp,20.128911935400904
ak-47,0.0
ak-47,0.0
ak-47,0.0
awp,8.28141632545237
awp,1.767801474908311
awp,0.0
ak-47,60.63801608018377
awp,0.0
ak-47,0.0
ak-47,6.02781311109958
ak-47,0.0
ak-47,0.0
ak-47,0.0
ak-47,0.0
ak-47,0.0
ak-47,23.855897466202542
awp,13.813677648185113
ak-47,0.0
awp,0.0
ak-47,0.0
ak-47,0.0
ak-47,10.617831229933163
ak-47,0.0
ak-47,0.0
ak-47,0.0
ak-47,0.0
ak-47,0.0
awp,0.0
awp,0.0
ak-47,0.0
ak-47,0.0
awp,0.0
awp,0.0
ak-47,49.077339017902396
awp,0.0
awp,0.0
awp,0.0
ak-47,0.0
awp,0.0
ak-47,0.0
glock-18,172.18691250384123
awp,0.0
ak-47,0.0
ak-47,0.0
ak-47,0.0
ak-47,0.0
ak-47,22.569083980145958
ak-47,19.29140863870819
awp,0.0
awp,0.0
awp,0.0
ak-47,0.0
awp,0.0
ak-47,11.123463728196358
awp,0.0
ak-47,32.07782862984134
glock-18,0.0
glock-18,148.66155135668853
ak-47,0.0
ak-47,0.0
ak-47,0.0
ak-47,0.0
ak-47,0.0
ak-47,43.82511985824847
ak-47,11.410970991399154
ak-47,0.0
ak-47,22.101627709269966
ak-47,14.728243995479197
ak-47,0.0
awp,0.0
awp,0.0
awp,0.0
ak-47,0.0
awp,0.0
ak-47,0.0
ak-47,0.0
awp,7.2155749140206416
ak-47,0.630650475668575
ak-47,71.16145328562143
ak-47,17.078791990063113
ak-47,0.0
awp,16.80314824901435
awp,2.2164741653186484
ak-47,23.71802569321865
ak-47,2.0536217024272023
ak-47,0.0
ak-47,41.60376137276899
ak-47,0.0
ak-47,21.855047287982725
ak-47,71.34707011841734
awp,0.0
ak-47,0.0
awp,0.0
awp,0.0
ak-47,0.0
mac-10,153.6225507351287
glock-18,70.90130030377176
glock-18,56.27751535699525
glock-18,0.0
glock-18,0.0
ak-47,96.8400683486565
ak-47,57.73797257308734
ak-47,23.96197248838626
mac-10,93.26784350374916
ak-47,34.7281614579613
ak-47,73.09830414725663
ak-47,17.344984561459142
awp,0.0
awp,0.0
ak-47,15.168506959064494
ak-47,54.47041449424453
ak-47,12.993155553231441
awp,0.0
ak-47,37.05331132527463
awp,0.0
ak-47,21.278461020254003
awp,2.2845661791046896
ak-47,69.78921944569838
awp,0.0
awp,0.0
ak-47,0.0
ak-47,56.182484109755414
ak-47,57.613676264901166
ak-47,37.19205136884037
ak-47,0.0
ak-47,45.66593999694617
ak-47,0.0
ak-47,41.458915401686276
ak-47,0.0
ak-47,0.0
ak-47,8.323407106195695
ak-47,0.0
ak-47,0.0
ak-47,82.0675292926157
ak-47,0.0
ak-47,0.3750817775419115
ak-47,40.16295695165616
ak-47,0.0
ak-47,0.0
awp,0.0
awp,0.0
ak-47,0.0
awp,0.0
glock-18,0.0
glock-18,57.64792665192414
glock-18,8.733875702857752
ak-47,4.309477656047076
ak-47,41.443318800869086
ak-47,2.6574557197334445
ak-47,0.0
ak-47,34.04482411216314
ak-47,0.0
mac-10,104.48865875787378
ak-47,104.22314103016822
ak-47,70.59210685348205
ak-47,0.0
ak-47,0.0
ak-47,0.0
ak-47,9.999835292002963
ak-47,25.49307020623338
ak-47,0.0
awp,0.0
ak-47,0.0
ak-47,0.0
awp,0.0
ak-47,0.0
awp,5.956896771023064
ak-47,0.0
ak-47,0.0
ak-47,0.0
ak-47,0.0
ak-47,11.893901164130297
ak-47,18.144493465642846
ak-47,20.436627357206103
awp,7.9054979275105115
awp,3.4181448264647885
ak-47,0.0
awp,1.7630692894313598
awp,15.819772245590137
ak-47,25.046573562674578
ak-47,0.0
ak-47,27.633324004980093
ak-47,1.1500329469423909
ak-47,0.0
glock-18,0.0
glock-18,106.93552468116648
glock-18,57.078227930113854
glock-18,176.78543033549528
glock-18,91.22292710534983
ak-47,0.0
ak-47,1.2349193767967204
ak-47,22.894743330467126
ak-47,34.5488797872621
ak-47,37.95994206815727
ak-47,72.25357500887067
ak-47,48.55655762898915
ak-47,0.0
ak-47,0.0
awp,0.0
ak-47,0.0
ak-47,52.18457544468286
awp,0.0
ak-47,0.0
awp,4.730455634168446
awp,0.4192627457812106
ak-47,0.0
ak-47,0.0
ak-47,73.07686357076089
awp,0.0
ak-47,0.0
awp,3.832148807192774
ak-47,0.0
awp,23.501793818089055
glock-18,79.6848638637684
glock-18,42.66803019779232
glock-18,98.69307498731192
glock-18,54.11804463212514
ak-47,0.0
ak-47,0.0
ak-47,0.0
ak-47,34.99604888699825
ak-47,0.0
ak-47,29.773683872963858
ak-47,4.942694871205788
ak-47,48.03465799962174
ak-47,40.18654947493218
ak-47,48.93013079445278
ak-47,20.50012504725581
ak-47,33.897232602692405
ak-47,20.192557011989866
ak-47,68.14512819613144
ak-47,0.0
ak-47,16.700289696616885
ak-47,4.0309151329469834
ak-47,14.159744561360174
ak-47,22.981077950874717
ak-47,17.111198516009832
ak-47,19.117136888378997
ak-47,7.387539498361007
ak-47,166.03780019179084
ak-47,0.0
ak-47,0.0
ak-47,32.05024286232758
mac-10,92.03360179893383
mac-10,63.73382333828547
ak-47,0.0
awp,1.0728187590846834
ak-47,4.457277487501311
awp,9.001532530109804
ak-47,47.69238008425021
ak-47,3.6074490043985374
ak-47,83.69985237446262
awp,22.848003195027786
awp,1.841662612882175
ak-47,133.17006533686887
ak-47,53.540662543388095
ak-47,7.033355079047907
ak-47,11.272380428080885
ak-47,38.17867843072619
glock-18,142.97009632053167
glock-18,79.03259430103977
glock-18,49.35776531202239
ak-47,58.58553484076189
ak-47,33.82981913367537
ak-47,6.879682286436271
ak-47,59.831662953947024
ak-47,59.284981926516124
ak-47,1.8628023024381841
ak-47,12.449930977259593
ak-47,0.4347182535401522
awp,2.8604480250037754
ak-47,17.462110444461086
ak-47,23.65915360406211
ak-47,0.0
ak-47,34.60000470414935
awp,0.0
ak-47,20.710959819059784
ak-47,0.0
glock-18,0.0
glock-18,114.91373866827969
glock-18,0.0
ak-47,0.0
ak-47,0.0
ak-47,0.0
awp,13.386080554710105
ak-47,0.0
ak-47,0.0
ak-47,0.0
awp,0.0
ak-47,0.0
ak-47,0.0
awp,0.0
ak-47,27.781804646249025
awp,0.0
ak-47,0.0
mac-10,0.0
awp,0.0
ak-47,0.0
mac-10,106.60896518992756
mac-10,92.05187495975011
awp,0.0
awp,0.0
ak-47,0.0
ak-47,0.0
awp,0.0
ak-47,29.830740541886385
awp,0.0
ak-47,0.0
awp,0.0
ak-47,0.0
awp,0.0
awp,0.0
ak-47,0.0
ak-47,0.0
ak-47,0.0
ak-47,0.0
ak-47,0.0
ak-47,0.0
ak-47,0.0
ak-47,0.0
ak-47,0.0
glock-18,0.0
glock-18,0.0
ak-47,0.0
ak-47,0.0
ak-47,0.0
ak-47,0.0
ak-47,0.0
ak-47,0.0
ak-47,0.0
glock-18,64.22671675093993
ak-47,0.0
ak-47,0.0
ak-47,14.4249302695455
ak-47,0.0
ak-47,0.5766048688703557
ak-47,73.10186269140523
ak-47,9.812388975038699
ak-47,6.649540249835323
awp,30.53001122312568
ak-47,0.5741821355249569
ak-47,0.0
ak-47,0.0
ak-47,44.26456968464946
ak-47,37.417668992901
ak-47,51.80087575145026
ak-47,30.923346590263368
ak-47,10.559497908984309
ak-47,1.362626064982246
ak-47,39.38400814615305
ak-47,0.0
ak-47,6.59271952557668
awp,0.0
awp,9.420807039339094
ak-47,0.0
awp,0.0
ak-47,4.599180639493083
ak-47,73.09809688608308
awp,13.699065319497858
ak-47,122.86418236546793
ak-47,19.99472081526694
ak-47,15.235084868813859
ak-47,80.96392273949668
ak-47,28.26356704829456
ak-47,11.184996076243658
awp,0.0
awp,0.0
ak-47,10.168822787219227
awp,59.66385635724504
ak-47,58.51029527243209
ak-47,44.500535110327256
awp,1.0759217083324417
ak-47,14.2128836751134
ak-47,9.721368941417357
ak-47,0.0
ak-47,56.9769118374643
glock-18,12.725522277584721
glock-18,47.15542449214279
glock-18,92.35278634513395
glock-18,46.359693607769344
ak-47,0.0
ak-47,0.0
ak-47,0.0
ak-47,36.442312698355025
ak-47,6.562351653192169
awp,1.2448395344593617
ak-47,7.6866623026817695
ak-47,0.0
awp,0.0
awp,30.088716522651293
awp,0.0
ak-47,35.994019579042316
awp,0.0
ak-47,3.9622547735632803
ak-47,71.83725477575373
ak-47,0.0
awp,9.375110142269689
ak-47,33.62770677173194
ak-47,19.95649123983144
ak-47,6.123885725590656
ak-47,67.99075770207375
ak-47,25.30754011265516
ak-47,0.0
ak-47,48.66314879640702
awp,0.0
awp,0.0
ak-47,0.0
ak-47,0.0
ak-47,0.0
ak-47,0.0
mac-10,0.0
ak-47,0.0
ak-47,0.0
ak-47,0.0
ak-47,0.0
ak-47,0.0
ak-47,0.0
mac-10,0.0
mac-10,0.0
ak-47,14.186849727113064
ak-47,7.037372118336219
ak-47,0.0
ak-47,22.96947809220151
ak-47,0.0
ak-47,8.411280993996158
awp,10.644434365017807
ak-47,48.650133313304956
ak-47,23.315688664301234
ak-47,84.97817406145731
glock-18,0.0
ak-47,0.0
ak-47,0.0
glock-18,10.80663031845931
ak-47,0.0
ak-47,8.51320558176202
ak-47,11.919941905367828
ak-47,42.44850213544606
ak-47,4.5281032569354025
ak-47,19.720966099718595
ak-47,0.0
ak-47,37.292187870516
ak-47,0.0
awp,1.6930335840723891
ak-47,79.08357461635498
ak-47,0.0
ak-47,0.0
awp,2.2207297505549835
awp,9.645688500082564
ak-47,0.0
awp,0.0
ak-47,0.0
ak-47,71.49689895602383
ak-47,20.139394276200463
ak-47,0.0
awp,0.0
awp,3.2398052241801514
ak-47,27.630886355260916
awp,0.0
awp,0.0
awp,0.0
awp,0.19327057620082783
ak-47,0.0
ak-47,44.83869219103457
ak-47,0.0
ak-47,0.0
ak-47,0.0
ak-47,0.0
glock-18,0.0
ak-47,0.0
mac-10,0.0
ak-47,0.0
ak-47,31.611447958994365
ak-47,0.0
ak-47,0.0
ak-47,45.31170299668686
ak-47,0.0
awp,0.0
ak-47,0.0
ak-47,0.0
ak-47,0.0
ak-47,0.0
ak-47,0.0
awp,0.0
ak-47,0.0
ak-47,0.0
ak-47,0.0
ak-47,0.0
ak-47,0.0
ak-47,0.0
ak-47,0.0
ak-47,0.0
ak-47,0.0
awp,0.0
ak-47,0.0
awp,0.0
ak-47,0.0
ak-47,0.0
ak-47,0.0
ak-47,0.0
ak-47,0.0
ak-47,0.0
ak-47,0.0
ak-47,0.0
ak-47,0.0
glock-18,0.0
glock-18,0.0
glock-18,0.0
glock-18,0.0
glock-18,0.0
ak-47,0.0
ak-47,0.0
ak-47,1.092349094920209
ak-47,26.727444457532204
ak-47,0.0
awp,13.276804761676958
ak-47,0.0
ak-47,0.0
ak-47,38.3294989249774
ak-47,0.0
awp,0.0
ak-47,0.9140479420582927
awp,0.0
ak-47,0.0
ak-47,0.0
ak-47,10.124430520394961
ak-47,40.274587414706126
ak-47,109.97925217588984
ak-47,26.942509318001285
ak-47,4.776818828172992
ak-47,56.81713471279311
ak-47,31.11686977517933
awp,6.219449606218946
awp,13.613431124668168
ak-47,94.61155939744988
ak-47,18.686592913362162
ak-47,0.0
ak-47,30.076993656343845
ak-47,8.557483451771555
ak-47,0.0
ak-47,0.0
ak-47,0.0
glock-18,41.49632412174828
glock-18,183.34093759843074
glock-18,239.997143641285
ak-47,0.0
ak-47,0.0
ak-47,0.0
ak-47,0.0
ak-47,0.0
ak-47,0.0
ak-47,0.0
ak-47,0.0
ak-47,0.0
ak-47,0.0
ak-47,0.0
ak-47,0.0
ak-47,0.0
ak-47,0.0
awp,30.74621354791806
ak-47,0.0
ak-47,0.0
awp,7.594482140053132
ak-47,0.0
ak-47,0.0
ak-47,0.0
ak-47,7.240595761904196
awp,0.0
awp,26.35085295965146
awp,0.0
ak-47,21.066221435982392
awp,0.0
ak-47,0.0
ak-47,0.0
ak-47,0.0
ak-47,0.0
ak-47,0.0
awp,0.0
ak-47,0.0
awp,0.0
ak-47,0.0
ak-47,0.0
glock-18,27.23908604162849
glock-18,17.284980520377918
glock-18,0.0
glock-18,0.0
glock-18,0.0
ak-47,0.0
awp,0.0
ak-47,0.0
ak-47,0.0
ak-47,0.0
ak-47,0.0
awp,0.0
awp,0.0
ak-47,54.68017144649392
ak-47,10.62224228917793
ak-47,19.001451938766415
ak-47,0.0
ak-47,73.10876882017877
ak-47,47.09369572968837
awp,0.0
awp,0.0
ak-47,0.0
awp,0.0
awp,0.0
ak-47,0.0
awp,0.9004393458889943
awp,0.0
glock-18,123.2314904727709
ak-47,0.0
ak-47,0.0
ak-47,0.0
ak-47,0.0
ak-47,0.0
ak-47,0.0
ak-47,0.0
awp,17.280028813486453
ak-47,0.0
awp,0.0
awp,8.682419125289218
ak-47,6.798189935736129
ak-47,0.0
awp,0.0
awp,0.0
awp,8.065466992834327
ak-47,0.0
ak-47,9.185869422268587
ak-47,49.198677612823964
awp,0.0
awp,0.0
awp,0.0
ak-47,17.47273684264892
ak-47,0.0
ak-47,0.0
awp,0.0
ak-47,0.0
ak-47,0.0
ak-47,0.0
awp,0.0
ak-47,18.70442533272124
awp,0.0
ak-47,14.290036075088965
ak-47,8.854328601324044
ak-47,3.8272719513831257
ak-47,64.54416377841973
ak-47,0.0
awp,0.0
ak-47,3.281175594394485
awp,0.0
awp,0.0
awp,0.0
awp,0.0
ak-47,0.0
ak-47,0.0
ak-47,0.0
ak-47,0.0
ak-47,0.0
awp,0.0
awp,0.0
ak-47,0.0
ak-47,0.0
ak-47,0.0
ak-47,0.0
ak-47,0.0
awp,0.0
ak-47,0.0
awp,0.0
awp,0.0
ak-47,0.0
ak-47,43.2668073797335
ak-47,66.37894103633673
ak-47,0.0
awp,0.0
ak-47,21.86257866737831
ak-47,0.0
awp,0.0
ak-47,0.0
awp,0.0
glock-18,0.0
glock-18,0.0
glock-18,0.0
glock-18,0.0
glock-18,61.46995508878454
ak-47,0.0
ak-47,0.0
ak-47,0.0
ak-47,0.0
ak-47,0.0
ak-47,0.0
awp,0.0
ak-47,0.0
ak-47,0.0
ak-47,0.0
ak-47,0.0
awp,0.0
ak-47,0.0
ak-47,0.0
ak-47,16.21746935945325
awp,0.0
awp,0.0
awp,9.55919315779972
ak-47,0.0
ak-47,27.881594913174247
awp,0.0
ak-47,17.9571497881937
ak-47,2.246745581938685
ak-47,0.0
awp,0.0
ak-47,84.69128364472122
awp,4.568515939626894
ak-47,0.0
ak-47,0.0
ak-47,73.09397232236257
ak-47,0.0
ak-47,0.0
awp,0.0
awp,0.0
awp,0.0
ak-47,9.921924212476378
ak-47,18.236559771080177
glock-18,5.641635837051874
glock-18,4.761684954453518
glock-18,62.10564777199967
glock-18,61.14589450285839
glock-18,141.41157213672327
ak-47,0.0
ak-47,0.0
mac-10,0.0
ak-47,85.3654632185784
ak-47,0.0
ak-47,0.0
ak-47,29.70217564895289
ak-47,0.0
ak-47,0.0
ak-47,0.0
ak-47,0.0
awp,0.0
ak-47,0.0
ak-47,0.0
ak-47,0.0
ak-47,0.0
ak-47,0.0
awp,0.0
ak-47,0.0
awp,0.0
ak-47,0.0
ak-47,0.0
ak-47,0.0
ak-47,0.0
ak-47,0.0
mac-10,0.0
awp,0.0
ak-47,0.0
ak-47,0.0
glock-18,0.0
ak-47,0.0
ak-47,0.0
ak-47,13.153342104464933
awp,0.0
ak-47,0.0
awp,0.0
awp,0.0
ak-47,49.091646545077666
ak-47,0.0
ak-47,0.0
ak-47,0.0
ak-47,0.0
ak-47,0.0
ak-47,11.067055756042842
glock-18,86.21403167747673
glock-18,224.92512317470508
ak-47,69.19305162341057
ak-47,0.0
ak-47,26.782603707035747
ak-47,0.0
ak-47,77.34236770526769
ak-47,44.48132171234735
ak-47,0.8287144128860074
ak-47,0.0
ak-47,13.307483283030079
ak-47,20.36372401765424
ak-47,25.261002814213217
ak-47,9.450890385816406
ak-47,30.849741928536403
ak-47,1.820404925228725
ak-47,72.94211660558216
ak-47,20.783544310357318
ak-47,0.0
awp,6.835575883292497
ak-47,0.0
ak-47,7.924702760615126
ak-47,17.254285004672347
ak-47,20.694840807171726
ak-47,61.2608866155625
ak-47,0.0
ak-47,21.3417984769916
ak-47,0.0
awp,3.960070901501891
mac-10,200.8922800360677
awp,4.539219063887642
ak-47,0.0
ak-47,44.70443686780954
awp,0.0
ak-47,0.0
awp,0.0
ak-47,0.0
ak-47,0.0
awp,0.0
awp,0.0
ak-47,0.0
glock-18,45.38154560539096
glock-18,9.812491186451075
glock-18,116.91377302211072
glock-18,111.00102499417217
ak-47,17.501422000791962
ak-47,44.745964599494435
ak-47,8.350354040433615
ak-47,39.20197910840248
ak-47,2.040019951457338
ak-47,13.628950473738797
ak-47,0.0
ak-47,0.0
ak-47,4.246961041714887
ak-47,0.0
ak-47,0.0
ak-47,4.687257076112639
awp,0.0
ak-47,0.0
glock-18,69.88041108506711
glock-18,91.8161017099023
glock-18,180.19072198385382
glock-18,0.0
mac-10,6.916675630979091
ak-47,0.0
ak-47,91.38457399881194
ak-47,4.328386372523137
ak-47,20.632629205168424
ak-47,43.85416326977174
ak-47,0.0
ak-47,0.0
ak-47,0.0
glock-18,0.0
ak-47,9.160018519580241
ak-47,0.0
ak-47,0.0
ak-47,0.0
ak-47,0.0
ak-47,0.0
ak-47,0.0
ak-47,21.355482790374023
ak-47,0.0
ak-47,0.0
awp,6.560458093940087
ak-47,0.0
ak-47,0.0
ak-47,0.0
awp,8.66212091838298
ak-47,0.0
ak-47,0.0
ak-47,0.0
ak-47,0.0
ak-47,69.16864109751863
ak-47,14.66986315053651
ak-47,7.943867671974654
ak-47,0.0
mac-10,239.99964955780078
ak-47,0.0
ak-47,0.0
ak-47,0.0
ak-47,9.283144672299144
ak-47,4.845778658243481
ak-47,0.0
ak-47,0.0
glock-18,0.0
glock-18,0.0
glock-18,0.0
mac-10,0.0
mac-10,0.0
ak-47,12.522681108863909
mac-10,0.0
ak-47,0.0
ak-47,0.0
ak-47,0.0
ak-47,0.0
awp,0.0
ak-47,0.0
awp,0.0
ak-47,0.0
ak-47,0.0
glock-18,0.0
ak-47,17.614630580051344
ak-47,0.0
awp,0.0
ak-47,0.0
ak-47,15.283837971039866
ak-47,0.0
ak-47,0.0
ak-47,0.5827649134393731
awp,0.0
ak-47,0.0
ak-47,69.37691268300144
ak-47,0.0
ak-47,0.0
ak-47,0.0
ak-47,28.286345587220843
ak-47,0.0
ak-47,28.276159095246438
awp,0.0
ak-47,0.0
ak-47,0.0
ak-47,0.0
ak-47,0.0
ak-47,0.0
ak-47,0.0
ak-47,0.0
ak-47,0.0
awp,0.0
awp,0.0
awp,0.0
awp,0.0
awp,0.0
ak-47,33.22217835671865
ak-47,0.0
ak-47,0.0
ak-47,0.0
ak-47,0.0
ak-47,0.0
ak-47,0.0
ak-47,0.0
ak-47,0.0
ak-47,0.0
awp,0.0
ak-47,13.895423010909024
ak-47,0.0
ak-47,0.0
awp,14.183182150079862
awp,0.0
ak-47,0.0
ak-47,23.796356551977972
ak-47,0.0
ak-47,0.0
ak-47,0.0
awp,0.0
ak-47,0.0
awp,14.17776071192796
glock-18,10.952681722429533
glock-18,74.17772206671513
glock-18,59.012113747658226
mac-10,0.0
ak-47,46.09803092406228
ak-47,0.0
mac-10,0.0
ak-47,29.775382479570062
mac-10,239.99510097766026
ak-47,9.396943318466331
awp,0.0
ak-47,14.992238887744152
awp,0.0
awp,0.0
awp,0.0
awp,0.0
ak-47,0.0
awp,0.0
awp,0.0
awp,0.0
ak-47,0.0
ak-47,0.0
ak-47,2.1678213733128473
ak-47,6.91693617195041
ak-47,0.0
awp,0.0
ak-47,0.0
ak-47,0.0
ak-47,20.917269765043045
awp,0.0
ak-47,0.0
ak-47,16.08627269964015
ak-47,92.72066542702586
ak-47,179.31399360000114
ak-47,4.429689722111471
ak-47,71.21143375566764
ak-47,13.589395823783669
ak-47,35.13489824312414
ak-47,76.60000844634725
ak-47,35.147385099825975
ak-47,7.121703334903877
glock-18,190.84299403672733
glock-18,0.0
glock-18,7.319605346246818
glock-18,0.0
mac-10,0.0
ak-47,21.32145187611456
ak-47,20.554469645415253
ak-47,0.0
ak-47,19.063556579324988
ak-47,0.0
ak-47,71.80603008822622
ak-47,0.0
ak-47,0.0
ak-47,0.0
ak-47,0.0
ak-47,15.621187715365052
awp,0.0
awp,0.0
awp,0.0
awp,0.0
ak-47,0.0
ak-47,0.0
glock-18,100.7150649430143
ak-47,0.0
ak-47,0.0
ak-47,0.0
ak-47,14.16165165569285
ak-47,19.407308459101404
ak-47,0.0
ak-47,58.90746229080802
ak-47,20.147352834317193
ak-47,7.456147280765114
ak-47,4.14922690944289
ak-47,27.671176889044766
ak-47,0.0
ak-47,32.69660967720109
ak-47,0.0
ak-47,10.094947731134422
ak-47,28.71577816048705
ak-47,0.0
ak-47,13.718272990877315
ak-47,0.0
ak-47,0.0
ak-47,0.0
ak-47,0.0
ak-47,0.0
ak-47,0.0
ak-47,0.0
awp,12.853292989723993
ak-47,0.0
awp,0.0
awp,0.0
awp,0.0
awp,0.46252415055216306
awp,0.0
awp,1.849600898351047
awp,0.0
awp,0.0
ak-47,0.0
ak-47,0.0
ak-47,0.0
ak-47,0.0
awp,0.0
ak-47,0.0
ak-47,0.0
ak-47,0.0
awp,0.0
ak-47,0.0
ak-47,0.0
awp,0.0
ak-47,0.0
awp,13.80065244155145
ak-47,0.0
ak-47,0.0
awp,0.0
ak-47,0.0
awp,0.0
ak-47,0.0
ak-47,0.0
ak-47,59.33197143901291
ak-47,20.558951600272422
ak-47,16.719297584220367
awp,0.0
ak-47,98.88463652812676
ak-47,37.27677724528199
ak-47,0.0
ak-47,0.0
ak-47,0.0
ak-47,0.0
ak-47,11.531231736559803
awp,0.0
awp,0.0
awp,0.0
ak-47,2.8352623733238516
awp,0.0
awp,0.0
awp,0.0
ak-47,0.0
awp,32.81938171882965
ak-47,0.0
ak-47,0.0
awp,19.67020218060628
glock-18,32.01164415221631
glock-18,93.29393696795344
glock-18,98.53424313563534
glock-18,233.44093633527484
glock-18,0.0
ak-47,0.0
ak-47,30.724639971891357
ak-47,16.626475792110156
ak-47,0.0
awp,0.0
awp,0.0
awp,0.0
ak-47,3.9162858708808526
ak-47,17.83333597633718
awp,0.0
ak-47,30.62187555716782
awp,0.0
awp,0.0
ak-47,9.956225674160114
ak-47,0.0
ak-47,11.142213684059824
ak-47,0.0
ak-47,0.0
ak-47,31.969644548136287
ak-47,56.3978580319916
ak-47,0.0
ak-47,0.0
ak-47,15.581030122851601
awp,0.0
awp,0.0
awp,0.0
ak-47,64.1284125152462
awp,0.0
ak-47,35.492757709344154
ak-47,53.51146433029525
awp,1.3469485812268411
ak-47,73.10771479889922
awp,0.0
ak-47,33.37671789911041
awp,4.160836555290775
awp,3.9080074321633522
awp,2.967650361476062
awp,14.111011784767383
glock-18,99.37460860940514
glock-18,201.03870055374873
glock-18,205.3346669207446
glock-18,33.846188162406115
glock-18,0.0
ak-47,6.058498125293099
awp,0.0
ak-47,0.0
ak-47,0.0
ak-47,86.76588140784642
awp,0.0
ak-47,0.0
awp,0.0
ak-47,17.425753454584424
ak-47,19.46086806696767
ak-47,57.98995351843921
ak-47,0.0
ak-47,0.0
ak-47,0.0
awp,0.0
ak-47,24.217068838263394
ak-47,0.5592899900489906
ak-47,0.0
ak-47,0.0
ak-47,0.0
ak-47,31.088075328286052
ak-47,0.0
ak-47,0.0
ak-47,13.856685316726978
glock-18,231.48373893540216
glock-18,0.0
glock-18,63.17696654289837
glock-18,95.76528449333738
mac-10,240.21923275449086
awp,0.0
awp,0.0
ak-47,42.05226920628019
ak-47,0.0
glock-18,0.0
ak-47,24.24866815565432
ak-47,24.50272957894879
awp,0.0
awp,0.0
ak-47,18.371877391988278
awp,1.050396403968045
awp,0.0
ak-47,0.0
ak-47,65.87621506593275
ak-47,0.0
ak-47,0.0
ak-47,26.295792398448558
ak-47,0.0
awp,0.0
ak-47,65.16993071179736
ak-47,73.0984730848726
ak-47,47.86321866644893
ak-47,58.71244633768197
glock-18,0.0
ak-47,13.449849776621003
ak-47,8.736492176765683
ak-47,0.0
ak-47,3.109375
ak-47,40.296819047751
glock-18,200.7962350053895
glock-18,211.71056352433794
glock-18,44.76575158827816
glock-18,37.11526301577923
ak-47,15.120848631729933
mac-10,67.29639675750083
ak-47,9.367529389715733
ak-47,9.439732012911488
ak-47,0.0
ak-47,0.0
ak-47,0.0
ak-47,17.4744372450517
ak-47,0.0
ak-47,0.0
ak-47,6.398009831174456
awp,0.0
awp,4.393330062057709
awp,3.777151996037755
ak-47,0.0
mac-10,0.0
ak-47,14.12991203280077
ak-47,0.0
ak-47,0.0
awp,0.0
awp,15.759317532830728
ak-47,13.242667484184597
awp,0.0
ak-47,17.49680776219445
awp,8.973693176751087
ak-47,0.0
ak-47,0.0
ak-47,0.0
ak-47,0.0
ak-47,4.787897657175433
ak-47,89.98059161385686
awp,5.245679689262774
ak-47,13.222079009556744
awp,0.0
ak-47,0.0
ak-47,0.0
ak-47,104.38013750496158
ak-47,11.47395106533948
ak-47,39.43306962396544
ak-47,0.0
ak-47,36.22544837745145
glock-18,22.90342005881709
glock-18,0.0
glock-18,14.6651425581206
glock-18,38.473866128921706
mac-10,91.97998653685124
ak-47,0.0
mac-10,82.2389588073784
mac-10,182.36397568847377
mac-10,6.121130459745569
ak-47,0.0
ak-47,0.0
ak-47,0.0
ak-47,0.0
ak-47,0.0
ak-47,0.0
ak-47,0.0
ak-47,0.0
ak-47,0.0
ak-47,0.0
ak-47,0.0
ak-47,0.0
ak-47,0.0
ak-47,0.0
ak-47,0.0
glock-18,0.0
ak-47,27.486769909070436
ak-47,9.982920500032092
ak-47,0.0
ak-47,0.0
ak-47,0.0
ak-47,0.0
ak-47,0.0
ak-47,0.0
ak-47,0.0
mac-10,0.0
ak-47,0.0
ak-47,39.677435037275174
ak-47,0.0
ak-47,0.0
mac-10,0.0
ak-47,0.0
ak-47,0.0
ak-47,34.145430153837935
ak-47,16.81177292319418
ak-47,0.0
ak-47,0.0
ak-47,0.0
mac-10,66.42622870073495
ak-47,138.94816637749477
ak-47,85.10548074174882
ak-47,0.0
ak-47,0.0
ak-47,0.0
ak-47,0.0
glock-18,44.11097088229469
glock-18,39.84688438413957
glock-18,172.8188263452074
glock-18,239.99109352641992
ak-47,0.0
ak-47,6.242506434514985
ak-47,0.0
ak-47,46.28849248230255
ak-47,66.28889816935289
ak-47,73.10574494112936
mac-10,81.59527535942549
ak-47,0.0
awp,12.606248561523845
ak-47,0.0
ak-47,0.0
awp,0.0
ak-47,0.0
ak-47,0.0
ak-47,0.0
awp,0.0
awp,0.0
ak-47,0.0
mac-10,0.0
ak-47,0.0
ak-47,0.0
ak-47,0.0
awp,0.0
ak-47,0.0
ak-47,0.0
ak-47,0.0
ak-47,36.116926971372706
ak-47,11.1638252137237
ak-47,0.0
awp,0.0
ak-47,0.0
ak-47,28.77302106695326
ak-47,17.837894441044437
ak-47,0.0
ak-47,8.793787592703499
ak-47,24.019953173411498
awp,0.0
awp,0.0
ak-47,44.716777401418014
ak-47,60.23522294704709
awp,4.299183072380612
ak-47,0.0
ak-47,0.0
ak-47,0.0
ak-47,0.0
ak-47,0.0
glock-18,87.10627657977095
glock-18,54.65225663252474
glock-18,0.0
glock-18,55.948397931457166
glock-18,172.55634120270236
mac-10,95.53339341553458
mac-10,128.05004452533083
ak-47,0.0
ak-47,0.0
mac-10,195.84706944464267
mac-10,57.827127785975904
awp,0.0
awp,0.0
ak-47,3.9178485469880022
awp,0.0
ak-47,111.78598376688586
ak-47,56.642039517199315
ak-47,0.0
ak-47,0.0
ak-47,0.0
ak-47,147.54148891084603
ak-47,0.0
ak-47,12.623748457458584
ak-47,28.73784561896274
ak-47,0.0
ak-47,0.0
ak-47,0.0
ak-47,95.55524672032013
ak-47,46.19737813539813
ak-47,38.565053172860864
ak-47,7.3382419206567455
ak-47,11.30220926079521
awp,0.0
awp,0.0
ak-47,72.98548209334142
ak-47,0.476562
ak-47,0.0
ak-47,0.0
ak-47,19.041286308832237
awp,12.152126841151222
awp,0.0
ak-47,0.0
ak-47,55.131746526998285
ak-47,0.0
ak-47,0.0
ak-47,35.66554164083563
glock-18,7.367963297103278
glock-18,35.86034031739922
glock-18,134.98560475442545
glock-18,0.0
glock-18,49.09534741095477
glock-18,49.28904277186957
glock-18,76.49303220175004
ak-47,0.0
ak-47,0.0
ak-47,0.0
ak-47,0.0
ak-47,0.0
ak-47,0.0
ak-47,25.26572283584954
ak-47,0.0
ak-47,0.0
ak-47,73.08789769666856
ak-47,0.0
ak-47,0.0
ak-47,45.764756600704
ak-47,0.0
ak-47,0.0
ak-47,0.0
ak-47,0.0
ak-47,0.0
ak-47,43.683046478504544
ak-47,11.731208771069074
ak-47,2.605487302735709
ak-47,0.0
ak-47,0.0
awp,7.25001777009574
awp,7.11473012598686
awp,9.335438085962329
awp,0.5078720849662837
glock-18,0.0
awp,13.253172834445644
ak-47,0.0
ak-47,0.0
ak-47,68.66714111954312
ak-47,10.01470531147003
ak-47,33.59960922703889
ak-47,7.695443119449848
ak-47,0.0
ak-47,0.0
glock-18,114.15702953641586
glock-18,0.0
glock-18,0.0
glock-18,7.25187795229353
glock-18,0.0
ak-47,0.0
ak-47,0.0
ak-47,0.0
ak-47,0.0
ak-47,19.098355997433078
ak-47,36.03469261596997
ak-47,14.574192528914253
ak-47,56.10218352555362
ak-47,44.66105755091181
ak-47,34.944054058773716
ak-47,0.0
awp,0.0
ak-47,33.57491886409361
awp,9.233354813517403
ak-47,32.456101506917676
ak-47,52.269187836626905
ak-47,50.746194910952376
awp,0.0
ak-47,0.0
awp,0.0
ak-47,0.0
awp,0.0
ak-47,0.0
ak-47,0.0
ak-47,25.731343742238764
awp,0.0
awp,0.0
ak-47,10.929722730529262
awp,0.0
awp,0.0
ak-47,0.0
ak-47,0.0
ak-47,0.0
glock-18,45.23574164839645
awp,0.0
awp,0.0
ak-47,0.0
awp,0.0
awp,0.0
awp,7.738470687736757
ak-47,0.0
awp,0.0
ak-47,0.0
awp,6.753958759945533
awp,0.0
awp,0.0
awp,0.0
awp,0.0
awp,7.21166587328954
awp,8.197745290126853
ak-47,0.0
ak-47,0.0
ak-47,0.0
ak-47,0.0
awp,0.0
ak-47,0.0
ak-47,20.360566528520394
ak-47,12.53223743128816
ak-47,69.38608965675662
ak-47,0.0
awp,0.0
ak-47,0.0
ak-47,0.0
ak-47,51.53318358887493
ak-47,0.0
ak-47,0.0
awp,3.4588754024689874
awp,0.0
ak-47,0.0
ak-47,0.0
ak-47,0.0
ak-47,0.0
ak-47,0.0
ak-47,0.0
awp,0.0
ak-47,0.0
awp,7.90931353640681
awp,7.648260278973383
awp,0.0
ak-47,28.36076772241344
ak-47,0.0
awp,11.608365534847056
ak-47,0.0
ak-47,0.0
ak-47,25.44227162356357
ak-47,0.0
ak-47,0.0
ak-47,0.0
ak-47,0.0
ak-47,0.0
ak-47,7.001543842588433
ak-47,0.0
ak-47,0.0
ak-47,0.0
awp,0.0
ak-47,0.0
awp,0.0
ak-47,0.0
awp,0.0
ak-47,209.98792702500026
awp,0.0
ak-47,0.0
awp,0.0
ak-47,0.0
awp,0.0
ak-47,43.94124530231825
awp,0.0
ak-47,9.96118048149721
awp,0.0
awp,10.545127169989463
awp,20.129243865885897
awp,0.0
awp,8.039401022755863
awp,0.0
ak-47,0.0
awp,12.597313025673252
awp,18.268940874280833
ak-47,0.0
awp,11.01719352272565
ak-47,0.0
awp,0.0
awp,0.0
ak-47,0.0
ak-47,0.0
ak-47,15.361663740969759
ak-47,0.0
ak-47,0.0
ak-47,0.0
awp,0.0
awp,0.0
awp,0.0
ak-47,0.0
ak-47,0.0
ak-47,0.0
awp,8.589356843635326
awp,0.0
awp,0.0
awp,0.0
awp,4.401303836360426
ak-47,0.0
ak-47,0.0
ak-47,6.790320654420084
ak-47,54.09846964821923
awp,0.0
ak-47,10.882675863957402
awp,0.0
awp,14.226814044282227
awp,13.17968793360996
ak-47,0.0
ak-47,0.0
ak-47,0.0
ak-47,0.0
ak-47,0.0
ak-47,0.0
awp,0.0
ak-47,12.223100955436676
ak-47,24.104195575456238
awp,12.113833527074739
ak-47,0.0
awp,0.0
ak-47,0.0
ak-47,0.0
ak-47,0.0
ak-47,0.0
awp,0.0
ak-47,0.0
awp,4.452448663003314
ak-47,52.26829830748233
awp,0.0
awp,0.0
awp,0.0
ak-47,8.26197162619795
awp,7.184311908365338
ak-47,21.78447238912297
awp,0.0
glock-18,178.557089002938
ak-47,14.38805617829747
ak-47,54.267324796324765
awp,0.0
awp,0.0
awp,0.0
awp,0.0
ak-47,0.0
ak-47,0.0
awp,6.344846734013754
ak-47,0.0
ak-47,13.199430654204521
ak-47,0.0
ak-47,0.0
ak-47,0.0
awp,0.0
ak-47,0.0
ak-47,0.0
ak-47,0.0
ak-47,0.0
ak-47,0.0
glock-18,42.67302159762045
glock-18,0.0
glock-18,0.0
mac-10,0.0
ak-47,0.0
ak-47,0.0
ak-47,10.607305724476173
ak-47,0.0
ak-47,0.0
ak-47,0.0
ak-47,0.0
ak-47,0.0
ak-47,0.0
ak-47,0.0
awp,0.0
ak-47,0.0
mac-10,22.856131850661104
awp,17.347827370356207
ak-47,0.0
ak-47,0.0
ak-47,0.0
ak-47,11.127792733385538
ak-47,0.0
ak-47,6.170733038340663
awp,0.0
ak-47,0.0
awp,10.985664660022215
awp,0.0
awp,0.0
ak-47,111.77804994430072
ak-47,0.0
glock-18,0.0
mac-10,0.0
ak-47,0.0
ak-47,0.0
mac-10,0.0
ak-47,0.0
ak-47,0.0
ak-47,17.420999317831022
ak-47,15.069989518797948
ak-47,0.0
ak-47,0.0
ak-47,18.47476372057976
awp,0.0
ak-47,0.0
awp,0.0
ak-47,0.0
ak-47,0.0
ak-47,0.0
ak-47,0.0
ak-47,0.0
ak-47,62.909300300168944
awp,0.0
ak-47,14.8693053772644
ak-47,0.0
ak-47,0.0
ak-47,11.333686179613807
awp,16.390336080747215
ak-47,0.0
awp,0.0
ak-47,0.0
ak-47,0.0
ak-47,0.0
ak-47,161.1635891853581
awp,0.0
ak-47,0.0
ak-47,1.708371621363455
ak-47,38.68268414920693
ak-47,0.0
awp,0.0
ak-47,0.0
awp,0.0
ak-47,0.0
ak-47,0.0
ak-47,0.0
ak-47,0.0
ak-47,58.442458182899536
ak-47,0.0
ak-47,0.0
ak-47,0.0
ak-47,11.164160407548298
glock-18,72.53722229905351
glock-18,159.05727562071232
glock-18,35.19806783215789
ak-47,4.208944376376101
ak-47,29.72408977723222
ak-47,16.95297547894894
awp,23.180565734521256
awp,22.649617738974758
ak-47,16.78508013154721
ak-47,60.68538099727298
ak-47,15.963430962354051
awp,0.0
ak-47,9.379767875717608
ak-47,66.96206487299125
ak-47,36.41907483438761
ak-47,7.981305612325842
ak-47,37.07874393710128
mac-10,0.0
ak-47,0.0
ak-47,0.0
ak-47,22.886274358972894
mac-10,0.0
ak-47,56.553503062149794
ak-47,9.442175276913737
ak-47,6.549951717901132
ak-47,20.41123086756536
awp,16.739741800571625
ak-47,0.0
glock-18,0.0
glock-18,0.0
glock-18,0.0
glock-18,0.0
ak-47,50.56074700696282
awp,0.0
awp,0.0
ak-47,0.0
ak-47,0.0
awp,0.0
awp,0.0
awp,0.0
ak-47,0.0
ak-47,0.0
ak-47,0.0
ak-47,0.0
ak-47,0.0
ak-47,0.0
ak-47,0.0
awp,0.0
ak-47,0.0
ak-47,0.0
ak-47,67.65113422315761
ak-47,72.46617376815668
ak-47,0.0
ak-47,0.0
ak-47,0.0
ak-47,0.0
glock-18,170.11993078007404
glock-18,0.0
glock-18,39.64173630767584
awp,2.0528188667792877
awp,26.702618730938056
awp,17.32971222611166
awp,2.8374119465964047
awp,0.0
awp,12.998882539111776
ak-47,20.88617873205494
ak-47,2.6012692214570947
awp,0.0
awp,0.0
ak-47,36.115625732280755
awp,0.2955608859524548
awp,4.290949221977114
awp,5.1648838700037585
awp,0.0
awp,0.0
awp,0.0
ak-47,0.0
ak-47,0.0
awp,0.0
ak-47,29.004154322171438
awp,4.851607963857035
awp,7.26412629724353
awp,0.0
ak-47,0.0
ak-47,0.0
ak-47,0.0
awp,0.0
ak-47,0.0
ak-47,0.0
ak-47,0.0
awp,0.0
awp,2.9992875182596284
ak-47,0.0
ak-47,0.0
ak-47,9.829599644077168
ak-47,0.0
ak-47,0.0
ak-47,0.0
ak-47,9.638761602887842
awp,11.470412954198467
ak-47,0.0
awp,0.5359398797327924
ak-47,44.30971113763422
ak-47,6.575675018819361
ak-47,3.542742636803441
ak-47,0.0
awp,0.0
ak-47,0.0
awp,0.0
ak-47,0.0
ak-47,0.0
ak-47,0.0
ak-47,0.0
ak-47,0.0
awp,0.0
ak-47,0.0
ak-47,0.0
ak-47,0.0
ak-47,0.0
awp,0.0
awp,6.784597039019562
awp,0.0
awp,0.0
ak-47,0.0
ak-47,0.0
ak-47,0.0
ak-47,0.0
ak-47,0.0
ak-47,0.0
ak-47,0.0
ak-47,0.0
awp,4.029288613448905
ak-47,0.0
ak-47,3.4431932229748594
ak-47,1.9708809894958141
ak-47,0.0
ak-47,0.0
awp,5.254886329868992
awp,0.0
awp,4.37862572975243
glock-18,0.0
glock-18,0.0
ak-47,6.786703227218353
awp,0.0
ak-47,26.288354194154206
ak-47,0.0
awp,0.0
ak-47,3.8615866047385237
ak-47,0.0
ak-47,0.0
ak-47,0.0
ak-47,20.282943608695778
ak-47,14.044939234110057
ak-47,25.49494009243287
awp,17.472854290891917
awp,0.0
ak-47,0.0
ak-47,0.0
ak-47,0.0
ak-47,41.00079887754237
ak-47,0.0
awp,0.0
ak-47,0.0
ak-47,39.57436441592973
ak-47,0.0
awp,0.0
ak-47,44.70499275196368
ak-47,0.0
awp,6.868342889152303
ak-47,0.0
ak-47,0.0
awp,0.0
awp,33.99787816918632
ak-47,0.0
awp,3.020327534882434
glock-18,0.0
glock-18,0.0
glock-18,124.20787295145585
glock-18,0.0
mac-10,0.0
mac-10,0.0
mac-10,0.0
awp,0.0
awp,0.0
awp,0.0
awp,6.406540104102136
awp,5.20311451415986
awp,0.0
awp,6.690949022980597
awp,1.3556882477177414
awp,0.0
ak-47,0.0
ak-47,64.64047990042181
ak-47,0.0
ak-47,0.0
ak-47,0.0
ak-47,0.0
ak-47,0.0
awp,0.0
awp,0.0
ak-47,0.0
awp,5.78871013382325
awp,11.22304763744951
awp,3.0610352791937894
ak-47,0.0
ak-47,77.80976390106736
awp,0.0
glock-18,0.0
ak-47,12.867218934198096
ak-47,5.354595232645415
awp,0.0
ak-47,16.810735560293754
ak-47,0.0
ak-47,2.003902442735175
ak-47,7.18468898889771
ak-47,0.0
ak-47,0.0
ak-47,0.0
ak-47,19.747477036315424
ak-47,6.098088734562658
ak-47,8.407340112809818
ak-47,68.31687026719847
ak-47,10.920734283587574
ak-47,23.2069866693731
ak-47,36.50867135756822
ak-47,0.0
awp,0.0
ak-47,10.68478863989817
ak-47,0.0
ak-47,14.991950877236391
awp,0.0
awp,0.0
awp,10.106190073067545
ak-47,73.09937477446523
ak-47,18.903184413523558
ak-47,19.633089876845798
ak-47,123.91999137235923
awp,0.0
ak-47,26.616232045498194
ak-47,4.827498863525914
awp,0.0
ak-47,0.0
ak-47,0.0
awp,0.0
ak-47,1.6432370163883845
ak-47,0.0
ak-47,8.126005722547148
ak-47,0.0
glock-18,0.0
glock-18,0.0
glock-18,203.20663323576724
glock-18,0.0
awp,0.0
ak-47,0.0
ak-47,0.0
ak-47,73.09967012926143
awp,0.0
ak-47,0.0
awp,7.3598472236989405
awp,26.318940340211118
ak-47,13.050018333919114
ak-47,19.560360775506393
ak-47,21.40582230412149
ak-47,46.2746088951851
mac-10,0.0
mac-10,0.0
ak-47,0.0
ak-47,0.0
awp,0.0
ak-47,0.0
ak-47,0.0
ak-47,0.0
ak-47,0.0
ak-47,0.0
ak-47,0.0
ak-47,17.946838211915992
ak-47,20.31831707068676
ak-47,3.6514565319455743
ak-47,0.0
ak-47,37.432467184981114
ak-47,0.0
ak-47,38.177924970827384
ak-47,0.0
ak-47,0.0
ak-47,59.75916223227301
ak-47,46.446731380797516
ak-47,0.0
awp,2.3242187882353074
ak-47,52.12291594960746
ak-47,54.56272596244734
awp,0.0
ak-47,0.0
glock-18,46.602083112138075
glock-18,0.0
glock-18,63.75371704001241
glock-18,20.624393878209027
glock-18,0.0
awp,6.41413386836056
ak-47,0.0
ak-47,0.0
ak-47,0.0
ak-47,94.55521935800184
awp,0.0
ak-47,22.890630332763884
ak-47,0.0
ak-47,0.0
awp,0.0
ak-47,0.0
ak-47,0.0
ak-47,0.0
ak-47,0.0
ak-47,0.0
ak-47,12.260610044690639
ak-47,31.022697268932696
ak-47,24.85428235862987
ak-47,7.95145515156465
ak-47,0.0
ak-47,0.0
ak-47,0.0
ak-47,0.0
ak-47,0.0
ak-47,0.0
ak-47,0.0
ak-47,0.0
ak-47,0.0
ak-47,0.0
ak-47,0.0
ak-47,52.94305700614812
ak-47,10.595665005196418
ak-47,0.0
ak-47,0.0
ak-47,54.66129346820461
ak-47,0.0
ak-47,0.0
ak-47,0.0
ak-47,0.0
ak-47,4.388073799284716
awp,26.193750946895122
ak-47,0.0
awp,0.0
ak-47,0.0
awp,0.0
glock-18,0.0
glock-18,162.7310649225739
glock-18,0.0
glock-18,179.44913315502487
glock-18,0.0
mac-10,0.0
mac-10,0.0
mac-10,0.0
mac-10,0.0
ak-47,31.87403754801555
awp,0.0
awp,1.2824160897867742
awp,13.27816642762426
awp,0.0
awp,33.232733727970384
ak-47,12.259146497201344
ak-47,2.20618365959047
awp,12.031747148819452
ak-47,12.010133020898978
ak-47,73.10184484662797
awp,0.0
awp,0.0
awp,0.0
ak-47,0.0
ak-47,0.0
awp,0.0
ak-47,0.0
ak-47,0.0
awp,0.0
ak-47,13.830285978146115
awp,13.157254532760396
ak-47,2.173405628810232
ak-47,0.0
ak-47,0.0
awp,8.044371576605595
ak-47,14.156444604864104
awp,6.5449458153284965
glock-18,0.0
glock-18,0.0
glock-18,0.0
mac-10,74.1936673752541
mac-10,84.28899138558846
mac-10,51.89042764487463
ak-47,59.51794897578528
ak-47,0.0
ak-47,0.0
ak-47,20.143893194398743
ak-47,0.0
awp,0.0
awp,0.0
ak-47,0.0
awp,0.0
ak-47,18.586604561391006
awp,0.0
ak-47,19.316792435093074
ak-47,0.0
ak-47,24.735978381867977
awp,0.0
ak-47,22.2690905442492
ak-47,1.3569712238452223
ak-47,17.062088836821417
ak-47,6.5991259547903764
awp,0.0
awp,0.0
awp,0.0
ak-47,34.53548533894782
ak-47,30.96551788013501
ak-47,0.0
ak-47,42.15132484252979
awp,0.0
ak-47,0.0
ak-47,0.0
ak-47,0.0
glock-18,0.0
glock-18,0.0
ak-47,9.587762557061266
ak-47,0.0
ak-47,0.0
ak-47,0.0
ak-47,0.0
ak-47,0.0
awp,0.0
awp,0.0
awp,0.0
ak-47,0.0
awp,0.0
ak-47,0.0
ak-47,0.0
awp,0.0
awp,0.0
ak-47,0.0
ak-47,0.0
awp,0.0
ak-47,0.0
ak-47,0.0
awp,0.0
ak-47,0.0
awp,0.0
awp,0.0
ak-47,0.0
awp,0.0
ak-47,0.0
ak-47,2.8638356748355864
ak-47,2.8282815726686406
ak-47,0.0
ak-47,21.983259175107793
awp,0.0
mac-10,0.0
mac-10,0.0
ak-47,0.0
glock-18,89.37454076427989
ak-47,0.0
ak-47,0.0
ak-47,0.0
ak-47,0.0
glock-18,0.0
ak-47,0.0
ak-47,0.0
ak-47,0.0
glock-18,0.0
ak-47,7.828390090321892
ak-47,0.0
awp,0.0
ak-47,0.0
awp,16.965751239054196
ak-47,0.0
ak-47,0.0
awp,0.0
awp,1.6786384139548933
awp,0.0
ak-47,27.698469744368335
ak-47,51.43532631163313
ak-47,14.137602706732002
awp,0.0
awp,0.0
glock-18,107.86262449568284
glock-18,44.76292796067193
ak-47,0.0
mac-10,74.74444836140398
ak-47,0.0
ak-47,0.0
mac-10,38.64960286925562
ak-47,0.0
ak-47,73.37757084452285
ak-47,0.0
ak-47,0.0
ak-47,0.0
ak-47,35.46202151646435
ak-47,0.0
ak-47,0.0
ak-47,0.0
ak-47,0.0
ak-47,55.5325694668439
awp,0.0
ak-47,136.03599676336532
ak-47,0.0
ak-47,0.0
ak-47,18.87220220273246
ak-47,0.0
ak-47,0.0
ak-47,6.64742558588827
ak-47,0.0
ak-47,33.08374246188269
ak-47,25.21207154568533
ak-47,0.0
ak-47,32.49645578643444
ak-47,29.042969
ak-47,9.9527085206722
ak-47,0.0
ak-47,29.115083145851465
ak-47,0.0
ak-47,35.162910739412744
awp,0.0
awp,0.0
ak-47,46.66052553922513
glock-18,237.71840775831276
glock-18,8.296883276302372
awp,0.0
ak-47,73.1065583332642
ak-47,0.0
ak-47,0.0
ak-47,0.0
glock-18,72.9682170471704
glock-18,59.94756650352319
glock-18,18.852124853894747
ak-47,0.0
ak-47,8.054850774639403
ak-47,0.0
ak-47,0.0
ak-47,18.02745987625112
ak-47,0.0
ak-47,22.721718604687148
ak-47,0.0
ak-47,18.46320534290241
ak-47,0.0
ak-47,0.0
ak-47,31.433119405331137
ak-47,0.0
ak-47,0.0
ak-47,0.0
ak-47,0.0
ak-47,0.0
ak-47,0.0
ak-47,0.0
ak-47,9.362505708807925
ak-47,0.0
ak-47,51.452529507666625
ak-47,0.0
ak-47,70.95221545645836
awp,1.71299772413188
ak-47,0.0
ak-47,0.0
ak-47,0.0
ak-47,0.0
ak-47,0.0
ak-47,0.0
glock-18,0.0
glock-18,0.0
glock-18,0.0
ak-47,39.360365936811206
ak-47,67.00883698339487
ak-47,7.613164226717364
glock-18,0.0
glock-18,0.0
glock-18,0.0
glock-18,0.0
mac-10,62.20698893738749
ak-47,87.30184476465692
mac-10,173.75217113237636
mac-10,62.05504032780062
ak-47,4.992799269244559
mac-10,102.05225427123031
ak-47,2.1454131064811275
ak-47,31.965588649514356
ak-47,29.08125964300006
ak-47,11.165052292273826
ak-47,20.895401931218935
mac-10,99.81528175447679
glock-18,181.54965064555333
ak-47,11.485990532628216
awp,0.0
ak-47,45.66940620692335
awp,0.0
awp,0.0
ak-47,0.0
ak-47,0.0
ak-47,0.0
awp,0.0
ak-47,0.0
awp,0.0
awp,0.0
ak-47,39.10838081660605
ak-47,0.0
ak-47,0.0
awp,0.0
awp,0.0
awp,0.0
ak-47,0.0
ak-47,0.0
ak-47,4.438759538126051
awp,0.0
ak-47,20.448867515370136
ak-47,0.0
awp,0.0
awp,0.0
ak-47,0.0
ak-47,11.439444472518934
awp,0.0
ak-47,0.5031638183782693
awp,0.0
ak-47,0.0
ak-47,14.271675647385628
ak-47,21.04835972862553
ak-47,32.86514102804016
ak-47,0.0
ak-47,52.89178616786678
ak-47,18.249578687143437
ak-47,0.0
ak-47,6.270445762040207
ak-47,0.0
glock-18,200.13883360615068
glock-18,0.0
glock-18,0.0
mac-10,0.0
mac-10,0.0
ak-47,5.102885631920531
ak-47,0.0
ak-47,0.0
ak-47,32.905189466706375
awp,5.548464769012146
ak-47,0.0
ak-47,0.0
ak-47,0.0
ak-47,33.89659033125456
awp,0.0
ak-47,32.61537513677407
ak-47,61.207031
ak-47,66.72690414164383
ak-47,0.0
ak-47,30.584272184868563
ak-47,0.0
ak-47,19.855351626706437
ak-47,18.331251924587068
ak-47,5.7860949015688465
mac-10,0.0
ak-47,0.0
ak-47,0.0
ak-47,0.0
glock-18,218.67974784812142
ak-47,8.07031294524444
ak-47,0.0
ak-47,16.414930980050876
ak-47,13.079157120227052
ak-47,0.0
ak-47,0.0
ak-47,0.0
ak-47,0.0
ak-47,2.578551101151575
ak-47,0.0
ak-47,0.0
ak-47,0.0
ak-47,0.0
ak-47,0.0
ak-47,13.803742308579944
ak-47,26.52369408012862
ak-47,0.0
ak-47,12.254405775162825
mac-10,23.293005436700735
ak-47,11.352657528524366
awp,20.897380360330835
ak-47,0.0
ak-47,0.0
ak-47,0.0
ak-47,142.62184320101423
ak-47,67.74758733500848
ak-47,0.0
ak-47,0.0
ak-47,181.55283111170368
ak-47,10.660378267429726
ak-47,41.92293198909756
ak-47,29.958040820190163
ak-47,0.0
ak-47,16.169898806319136
ak-47,58.926616079017
ak-47,54.6277582060365
ak-47,120.89056721820708
ak-47,28.817888321315372
awp,2.1262709920144234
awp,0.0
awp,1.513010355206137
ak-47,0.7485851465798663
ak-47,19.796524619926195
ak-47,22.465995354437894
ak-47,0.0
ak-47,7.886490770602917
ak-47,0.0
ak-47,9.176333197466622
ak-47,26.264185074078902
ak-47,0.0
ak-47,75.4376917228297
ak-47,43.11361534294252
ak-47,144.22054434882781
ak-47,72.3765528859137
ak-47,0.0
ak-47,37.0148961779241
ak-47,13.217408735255372
ak-47,28.16128055676233
ak-47,7.695881602433343
ak-47,27.914018570914223
ak-47,0.0
ak-47,0.0
ak-47,0.0
ak-47,0.0
ak-47,0.0
ak-47,0.0
ak-47,0.0
ak-47,0.0
ak-47,0.0
ak-47,44.308454553250456
ak-47,0.0
ak-47,0.0
ak-47,0.0
ak-47,0.0
awp,0.0
awp,0.0
awp,29.97340493163973
ak-47,0.0
ak-47,0.0
ak-47,0.0
ak-47,0.0
awp,2.0855169676751615
ak-47,0.0
ak-47,0.0
ak-47,0.0
awp,0.0
ak-47,0.0
ak-47,0.0
ak-47,13.870863290538372
ak-47,3.509171087547599
awp,0.0
awp,0.0
ak-47,18.057072335462497
ak-47,0.0
ak-47,0.0
ak-47,0.0
ak-47,0.0
ak-47,0.0
awp,0.0
ak-47,3.7312111089891444
ak-47,30.5810311539557
awp,0.0
awp,0.0
awp,0.0
awp,0.0
awp,0.0
ak-47,19.790160518294034
ak-47,0.0
ak-47,0.0
ak-47,73.08977063032124
ak-47,72.74024635815599
ak-47,0.0
ak-47,27.13994134141828
ak-47,58.659079748602274
awp,0.0
ak-47,16.502561646676067
ak-47,0.0
awp,0.0
ak-47,0.0
awp,0.0
ak-47,0.0
ak-47,0.0
ak-47,35.645654634554376
awp,0.0
ak-47,0.0
ak-47,0.0
ak-47,0.0
ak-47,0.0
ak-47,0.0
ak-47,0.0
ak-47,0.0
ak-47,0.0
ak-47,0.0
awp,0.0
ak-47,0.0
ak-47,0.0
awp,0.0
ak-47,0.0
glock-18,0.0
mac-10,0.0
mac-10,0.0
glock-18,0.0
ak-47,83.62594881146593
mac-10,0.0
ak-47,24.56218861213245
ak-47,40.11982819404061
ak-47,10.939000521354272
ak-47,22.981398251302313
ak-47,0.0
ak-47,61.84898642926884
ak-47,0.0
ak-47,0.0
ak-47,56.78542141498418
ak-47,8.05738852651329
awp,0.0
ak-47,0.0
awp,0.0
ak-47,0.0
ak-47,0.0
ak-47,0.0
ak-47,0.0
ak-47,0.0
ak-47,0.0
ak-47,0.0
ak-47,0.0
awp,0.0
awp,0.0
ak-47,0.0
awp,0.0
awp,0.0
ak-47,0.0
ak-47,0.0
ak-47,0.0
ak-47,0.0
awp,0.0
ak-47,0.0
ak-47,10.168051773431722
awp,0.0
ak-47,71.82753053337183
ak-47,0.0
ak-47,0.0
glock-18,240.00300248622378
ak-47,0.0
ak-47,0.0
ak-47,9.676413971285488
ak-47,111.46287900437677
ak-47,0.0
ak-47,33.26856154140392
ak-47,24.42809028251259
ak-47,0.0
glock-18,0.0
glock-18,0.0
glock-18,0.0
glock-18,0.0
mac-10,0.0
glock-18,0.0
glock-18,0.0
glock-18,35.29620867609139
glock-18,20.48529012223232
glock-18,0.0
ak-47,136.19087605495895
ak-47,10.630949453420847
ak-47,0.0
ak-47,0.0
ak-47,0.0
ak-47,0.0
awp,13.575386815103576
ak-47,0.0
ak-47,0.0
ak-47,12.394213147036805
ak-47,0.0
ak-47,0.0
ak-47,0.0
awp,0.0
ak-47,0.0
awp,0.0
awp,4.35526352128594
ak-47,8.220368780695
ak-47,0.0
ak-47,0.36269329302456094
awp,11.886058707151165
ak-47,0.0
ak-47,0.0
ak-47,0.0
ak-47,0.0
awp,0.0
awp,0.0
awp,0.0
awp,0.0
ak-47,0.0
mac-10,239.99184585662064
awp,0.0
awp,0.0
ak-47,0.0
glock-18,0.0
glock-18,0.0
glock-18,0.0
glock-18,0.0
glock-18,0.0
ak-47,0.0
mac-10,22.559952796226526
mac-10,107.69839736962359
mac-10,0.0
mac-10,0.0
ak-47,0.0
ak-47,0.0
awp,0.0
awp,0.0
awp,0.0
ak-47,0.0
ak-47,0.0
mac-10,0.0
ak-47,0.0
ak-47,0.0
ak-47,0.0
ak-47,0.0
mac-10,0.0
ak-47,0.0
ak-47,0.0
awp,0.0
ak-47,0.0
ak-47,0.0
ak-47,0.0
ak-47,0.0
awp,0.0
awp,16.786751667749424
mac-10,240.00704437090226
mac-10,0.0
awp,0.0
ak-47,0.0
ak-47,0.0
awp,0.0
awp,52.54421277224989
awp,0.0
ak-47,0.0
ak-47,3.589138620084212
mac-10,0.0
ak-47,0.0
ak-47,36.95903087947254
awp,0.0
awp,16.412662437314978
ak-47,7.012759306911938
ak-47,0.0
glock-18,0.0
glock-18,0.0
glock-18,109.4599287900448
mac-10,0.0
ak-47,0.0
ak-47,0.0
mac-10,0.0
mac-10,0.0
ak-47,0.0
ak-47,0.0
ak-47,6.0845593801512035
ak-47,42.90564287908046
ak-47,47.98460156227041
awp,9.628664582413546
ak-47,16.001844201331576
ak-47,0.0
ak-47,0.0
ak-47,0.0
ak-47,0.0
ak-47,0.0
ak-47,0.0
ak-47,0.0
ak-47,0.0
ak-47,0.0
ak-47,0.0
ak-47,0.0
ak-47,27.199853515230554
ak-47,0.0
ak-47,0.0
ak-47,0.0
ak-47,0.0
ak-47,0.0
ak-47,0.0
ak-47,0.0
ak-47,0.0
ak-47,0.0
ak-47,0.0
awp,0.0
awp,0.0
awp,0.0
glock-18,0.0
awp,0.0
ak-47,0.0
ak-47,0.0
ak-47,0.0
ak-47,23.31708539461579
awp,0.0
awp,0.0
ak-47,0.0
ak-47,0.0
ak-47,0.0
ak-47,0.0
ak-47,0.0
ak-47,0.0
ak-47,0.0
ak-47,0.0
awp,0.0
awp,0.0
awp,0.0
ak-47,0.0
ak-47,0.0
ak-47,67.15521203650518
ak-47,34.65801815823072
glock-18,226.13079829924345
ak-47,0.0
ak-47,0.0
ak-47,0.0
awp,6.281601015611864
awp,0.0
ak-47,0.0
ak-47,0.0
ak-47,0.0
awp,0.0
ak-47,16.63885541253391
awp,0.0
ak-47,29.745945758413868
awp,0.0
ak-47,0.0
awp,0.0
awp,0.0
glock-18,0.0
ak-47,17.29483530204899
ak-47,23.34365645009284
ak-47,0.0
ak-47,0.0
ak-47,0.0
ak-47,0.0
ak-47,95.86543495086795
ak-47,11.965977018767502
awp,20.4304394827904
ak-47,0.0
ak-47,0.0
ak-47,0.0
ak-47,0.0
awp,0.0
ak-47,0.0
ak-47,0.0
awp,0.0
ak-47,0.0
awp,0.0
ak-47,0.0
ak-47,60.52391096771692
ak-47,0.0
ak-47,1.6095456596409434
awp,0.25054879998116136
ak-47,0.0
ak-47,4.168171525643829
ak-47,0.0
ak-47,26.21993323007982
ak-47,24.071200455221774
ak-47,0.0
ak-47,0.0
ak-47,0.0
ak-47,0.0
awp,0.0
ak-47,29.117392627396587
glock-18,0.0
glock-18,0.0
glock-18,22.217022212159442
glock-18,159.43837480898526
glock-18,26.194091767690285
ak-47,0.0
ak-47,0.0
ak-47,0.0
ak-47,0.0
ak-47,0.0
ak-47,0.0
ak-47,0.0
ak-47,0.0
ak-47,0.0
ak-47,23.413102292308466
ak-47,0.0
ak-47,14.492344142246449
ak-47,0.0
ak-47,70.58539228459493
ak-47,0.0
ak-47,0.0
ak-47,0.0
awp,31.817480572899484
awp,0.0
awp,0.0
ak-47,0.0
ak-47,0.0
ak-47,0.0
ak-47,0.0
ak-47,0.0
ak-47,0.0
ak-47,0.0
awp,0.0
ak-47,0.0
awp,8.523013359047726
awp,31.39802559929812
ak-47,69.24983583097644
ak-47,0.0
mac-10,0.0
ak-47,0.0
ak-47,0.0
ak-47,0.0
ak-47,7.299029694918702
glock-18,0.0
glock-18,0.0
glock-18,0.0
glock-18,0.0
ak-47,0.0
ak-47,0.0
ak-47,0.0
ak-47,0.0
awp,0.0
ak-47,0.0
ak-47,0.0
ak-47,0.0
ak-47,0.0
ak-47,54.21748917842378
ak-47,0.0
ak-47,0.0
ak-47,17.327188899816438
ak-47,0.0
ak-47,0.0
ak-47,0.0
ak-47,0.0
ak-47,57.84829595696623
ak-47,0.0
ak-47,0.0
ak-47,0.0
ak-47,14.239142313641121
awp,0.0
ak-47,0.0
ak-47,13.342095129745253
ak-47,0.0
awp,10.51423189137585
ak-47,0.0
awp,0.0
ak-47,34.93499727571618
ak-47,0.0
ak-47,33.282823821106824
awp,0.0
awp,32.123616945149124
awp,0.0
ak-47,0.0
ak-47,0.0
ak-47,0.0
ak-47,0.0
ak-47,211.91363227982134
ak-47,41.33971574072402
ak-47,0.0
ak-47,0.0
glock-18,0.0
glock-18,0.0
glock-18,0.0
ak-47,0.0
mac-10,16.361549993190987
mac-10,112.31381820137574
mac-10,40.72726397856463
ak-47,28.896711767730686
awp,0.0
awp,0.0
awp,0.0
mac-10,27.148965079864464
ak-47,0.0
ak-47,0.0
awp,0.0
awp,0.0
ak-47,0.0
ak-47,0.0
ak-47,0.0
ak-47,0.0
ak-47,0.0
awp,0.0
ak-47,0.0
ak-47,35.74941298568474
ak-47,27.398299508919692
awp,0.0
ak-47,22.477536416399953
ak-47,12.98020410566629
ak-47,14.532883234829487
ak-47,16.666178993112638
ak-47,72.8459632910753
ak-47,70.95094513564267
ak-47,2.3206414236559687
ak-47,0.0
awp,0.0
ak-47,66.85482383493239
ak-47,30.17265694767037
ak-47,0.0
ak-47,0.0
ak-47,0.0
awp,3.5010548895788536
ak-47,0.0
ak-47,0.0
ak-47,20.30032406433917
awp,0.0
ak-47,30.461615249449082
ak-47,3.326849686992786
ak-47,0.0
awp,0.0
ak-47,0.0
ak-47,0.0
ak-47,0.0
ak-47,43.0565309258327
ak-47,0.0
mac-10,60.1223920985526
mac-10,240.00173440942308
ak-47,8.191289743016847
ak-47,55.48600303863241
ak-47,13.452186523850353
awp,14.16724182243915
ak-47,37.933068072160836
awp,32.7530273833938
awp,0.0
ak-47,72.79206239233666
ak-47,4.112700650500228
awp,0.0
ak-47,0.0
awp,0.0
awp,5.809501703499965
awp,0.0
ak-47,19.829991561769358
awp,0.0
ak-47,0.0
ak-47,31.029794464856675
awp,0.0
glock-18,25.393270245009482
ak-47,0.0
ak-47,53.35076147365973
ak-47,5.519708425323389
ak-47,0.0
ak-47,0.0
ak-47,0.0
ak-47,43.27839941348304
ak-47,49.40006926601728
ak-47,25.25229876832921
ak-47,48.87166558718482
ak-47,0.0
ak-47,48.963965080428906
ak-47,0.0
ak-47,41.81163582813999
ak-47,5.077867715309252
ak-47,54.98149990707101
ak-47,0.0
ak-47,326.09939008829804
ak-47,64.80362336884002
ak-47,24.54635357904192
ak-47,0.0
ak-47,5.80481413250769
ak-47,0.0
ak-47,52.01204615596116
ak-47,55.922484617905205
awp,0.0
ak-47,4.488217863455828
ak-47,90.24290775919712
ak-47,8.511711414335428
ak-47,32.347518747458636
ak-47,0.0
ak-47,0.0
ak-47,0.3140586131600278
ak-47,11.705336795959184
ak-47,70.23832827165991
awp,0.8464422324535797
ak-47,15.815538094227492
ak-47,73.0984033307641
awp,31.519806778632148
ak-47,34.74259840663795
ak-47,30.222464038161764
ak-47,6.7909250187087915
ak-47,0.0
ak-47,17.959964094409017
awp,0.0
ak-47,0.0
awp,0.0
ak-47,37.973533784531575
ak-47,204.31377439664493
ak-47,29.485286231397872
ak-47,0.0
ak-47,0.0
ak-47,0.0
ak-47,9.403687433692488
ak-47,0.0
ak-47,0.0
ak-47,49.70788562039816
ak-47,0.0
ak-47,12.934480323924886
awp,0.41935371010639694
ak-47,57.584347102750066
ak-47,27.201967762414927
ak-47,48.227048385263316
ak-47,0.0
ak-47,0.0
awp,3.2914365256440843
awp,15.769836528658914
ak-47,0.0
ak-47,0.0
awp,1.2228496751951974
awp,42.008853767830274
ak-47,0.0
ak-47,68.18997127217891
ak-47,0.0
ak-47,214.97578149084742
ak-47,0.0
ak-47,10.757152467542745
ak-47,0.0
awp,0.0
ak-47,0.0
ak-47,25.769433845219126
awp,0.0
awp,2.218805016923524
ak-47,40.53899781598879
ak-47,0.0
ak-47,73.10137093844297
ak-47,34.054274379519896
ak-47,20.132350786978677
ak-47,34.85963977721888
ak-47,0.0
ak-47,5.844773473208778
ak-47,15.08097112746593
ak-47,0.0
ak-47,27.417101661719332
awp,0.0
ak-47,122.46967707519418
ak-47,28.374349567373716
awp,0.0
ak-47,0.0
ak-47,59.41297067721214
glock-18,45.58957582417416
glock-18,38.31474937320157
glock-18,237.05834552889604
glock-18,236.45320267075437
mac-10,211.94663704131992
mac-10,98.1949843268991
ak-47,0.0
ak-47,39.20768332407087
ak-47,18.874273067722662
ak-47,63.94440015456169
ak-47,0.0
ak-47,0.0
ak-47,0.0
awp,10.334475940019116
ak-47,15.782433433350036
ak-47,42.56481335379618
ak-47,65.27145553256679
ak-47,53.070659448105935
ak-47,25.399825794628217
glock-18,201.5625951237663
ak-47,14.94090988420615
ak-47,0.0
glock-18,0.0
glock-18,0.0
glock-18,0.0
glock-18,0.0
glock-18,0.0
mac-10,0.0
ak-47,0.0
awp,0.0
ak-47,43.320559444821406
ak-47,4.976608373390456
awp,0.0
ak-47,0.0
awp,0.0
ak-47,0.0
ak-47,0.0
ak-47,0.0
ak-47,0.0
ak-47,34.65264937668836
ak-47,11.22231781443994
ak-47,59.175313237930865
ak-47,0.0
ak-47,0.0
ak-47,8.079065167484973
ak-47,0.0
ak-47,33.82549483787849
ak-47,0.0
ak-47,0.0
ak-47,8.769136718797865
ak-47,0.0
ak-47,0.0
ak-47,0.0
ak-47,0.0
ak-47,0.0
awp,0.0
awp,0.0
ak-47,0.0
ak-47,2.084196970880632
awp,0.0
ak-47,37.629602484177106
awp,0.0
ak-47,0.0
ak-47,0.0
ak-47,0.0
glock-18,0.0
glock-18,0.0
ak-47,0.0
ak-47,0.0
ak-47,0.0
ak-47,0.0
ak-47,0.0
ak-47,0.0
ak-47,0.0
glock-18,86.89542856302684
ak-47,20.660740527017804
ak-47,0.0
awp,0.0
awp,27.33715171984918
ak-47,0.0
ak-47,0.0
awp,17.227708649512852
ak-47,10.52664532508548
ak-47,0.0
ak-47,66.34785299959789
awp,0.0
ak-47,0.0
ak-47,139.05204231911586
ak-47,146.58164353921077
mac-10,167.60320152639525
ak-47,0.0
ak-47,0.0
ak-47,24.482585089329312
awp,0.0
ak-47,14.626355659123977
ak-47,28.98680143906825
ak-47,0.0
ak-47,0.0
ak-47,0.0
ak-47,0.0
ak-47,0.0
ak-47,0.0
ak-47,0.0
ak-47,52.18039809461499
ak-47,0.0
awp,0.0
ak-47,0.0
awp,0.0
awp,0.0
ak-47,0.0
ak-47,0.0
ak-47,0.0
glock-18,0.0
glock-18,30.612672615920697
ak-47,32.802930152083974
ak-47,5.9663006777520025
ak-47,18.083730225135216
ak-47,73.09575767718906
ak-47,17.204610053408476
ak-47,36.13041357917653
ak-47,0.0
ak-47,0.0
awp,6.350168052861987
ak-47,0.0
awp,0.8002338134501691
awp,0.0
ak-47,0.0
ak-47,11.318756902261837
ak-47,55.87437287517719
ak-47,34.870411284755
ak-47,76.76292833730335
ak-47,0.0
ak-47,0.0
awp,0.0
ak-47,0.0
awp,6.607344394258257
awp,25.917967674095685
ak-47,14.437576095578683
awp,35.05941347877323
ak-47,31.39681916860767
awp,7.92423929265062
ak-47,0.0
awp,11.748904007063297
ak-47,0.0
ak-47,0.0
ak-47,35.202598111797656
ak-47,0.0
ak-47,0.0
ak-47,0.0
ak-47,0.0
ak-47,0.0
ak-47,0.0
ak-47,0.0
awp,0.0
ak-47,0.0
ak-47,0.0
ak-47,0.0
ak-47,6.172809963181518
mac-10,239.9969962722902
ak-47,1.373563821935115
ak-47,10.621443869229267
ak-47,14.671167074732569
ak-47,0.0
ak-47,0.0
awp,4.031560541818019
ak-47,0.0
ak-47,24.47521511155389
awp,0.0
ak-47,44.02162075736727
ak-47,0.0
ak-47,0.0
ak-47,0.0
ak-47,0.0
ak-47,0.0
ak-47,0.0
ak-47,3.3960569967242895
awp,0.0
awp,0.0
awp,0.0
glock-18,0.0
glock-18,0.0
ak-47,0.0
ak-47,0.0
awp,0.0
ak-47,0.0
awp,0.0
ak-47,0.0
ak-47,2.1022742725886174
ak-47,0.0
ak-47,0.0
ak-47,0.0
ak-47,0.0
ak-47,0.0
ak-47,0.0
ak-47,0.0
ak-47,5.391463977375347
ak-47,0.0
mac-10,0.0
ak-47,18.6250823712262
ak-47,10.419565228444274
awp,0.0
ak-47,0.0
ak-47,0.0
ak-47,0.0
ak-47,0.0
ak-47,0.0
ak-47,18.222817993283584
ak-47,0.0
awp,0.0
ak-47,0.0
awp,0.0
ak-47,32.30725651598792
glock-18,0.0
glock-18,0.0
glock-18,0.0
ak-47,0.0
ak-47,6.014716620701594
ak-47,0.0
ak-47,63.15968454602291
ak-47,0.0
ak-47,0.0
ak-47,102.21975330153828
ak-47,0.0
ak-47,0.0
ak-47,0.0
ak-47,38.76738565901705
ak-47,6.29782158169037
awp,0.0
awp,13.841847929010202
ak-47,17.765686840261765
ak-47,15.573353685938812
ak-47,0.0
awp,0.0
ak-47,21.943553295899914
awp,0.0
ak-47,33.352422288856026
ak-47,0.0
ak-47,10.09589034969799
ak-47,66.39815908869151
ak-47,0.0
ak-47,3.044231882895257
ak-47,3.6942880461557137
awp,0.0
awp,0.0
ak-47,0.0
ak-47,0.0
awp,0.0
ak-47,0.0
ak-47,0.0
ak-47,0.0
ak-47,0.0
awp,0.0
ak-47,0.0
awp,16.24691445068783
ak-47,40.42828730758645
awp,0.0
ak-47,0.0
ak-47,27.544700012795964
ak-47,47.347426653143515
glock-18,0.0
glock-18,0.0
ak-47,12.399793660077574
ak-47,0.0
ak-47,0.0
ak-47,0.0
ak-47,10.831016715922194
ak-47,0.0
ak-47,0.0
ak-47,0.0
mac-10,124.6336795018424
ak-47,0.0
ak-47,5.171734829577113
ak-47,0.0
ak-47,0.0
ak-47,4.077915463965628
ak-47,0.0
awp,0.0
awp,0.0
ak-47,0.0
awp,0.0
mac-10,0.0
ak-47,0.0
mac-10,0.0
ak-47,0.0
glock-18,84.10937842464696
glock-18,0.0
glock-18,18.161437495536994
glock-18,138.99530767849907
glock-18,240.00331000710634
ak-47,0.0
ak-47,0.0
awp,0.0
ak-47,80.99333894854675
ak-47,24.046902827956618
ak-47,23.485790090349717
awp,0.0
ak-47,7.3395470044457785
ak-47,15.914513855988847
ak-47,11.578942491677987
awp,0.0
awp,0.0
ak-47,0.0
glock-18,101.15135535088517
mac-10,59.25308707246558
ak-47,0.0
ak-47,0.0
ak-47,0.0
ak-47,0.0
ak-47,30.72771058597547
awp,0.0
ak-47,0.0
mac-10,0.0
ak-47,12.062602647869198
ak-47,73.08810679831736
awp,0.0
mac-10,0.0
glock-18,240.00440558324587
glock-18,14.354741902415418
glock-18,0.0
ak-47,0.0
ak-47,0.0
ak-47,0.0
ak-47,0.0
ak-47,0.0
ak-47,9.573815337691865
ak-47,0.0
ak-47,0.0
ak-47,0.0
ak-47,0.0
ak-47,0.0
ak-47,0.0
ak-47,0.0
ak-47,69.60561894450376
awp,0.0
ak-47,0.0
ak-47,0.0
ak-47,2.73864101216388
ak-47,0.0
awp,7.087125606017506
awp,11.471051958183436
ak-47,0.0
ak-47,104.73034899794075
ak-47,7.2080966188854605
ak-47,26.456803375310557
ak-47,0.0
ak-47,0.0
glock-18,0.0
glock-18,78.40517914072925
glock-18,168.11186624185498
glock-18,82.29827369408999
glock-18,122.92087285408431
ak-47,0.0
ak-47,0.0
mac-10,0.0
ak-47,0.0
ak-47,8.796882570545149
ak-47,132.09026067849328
ak-47,5.013750623285925
ak-47,9.241220685430903
ak-47,7.8758215097299535
ak-47,19.678551894587393
ak-47,73.10086407235553
awp,0.0
awp,0.0
awp,0.0
awp,0.0
awp,0.0
ak-47,17.95781842484017
ak-47,0.0
ak-47,0.0
awp,0.0
ak-47,0.0
awp,0.0
awp,0.0
ak-47,28.031115001068457
ak-47,74.98420458521477
awp,0.0
ak-47,16.79339353454953
ak-47,0.0
ak-47,0.0
awp,0.0
ak-47,0.0
ak-47,44.68217120164338
ak-47,195.70544035556503
ak-47,15.6125340897346
glock-18,239.99558264130988
glock-18,45.19970675076851
glock-18,0.0
glock-18,202.8053514496239
glock-18,0.0
ak-47,8.066193436962692
mac-10,176.65262167447955
mac-10,173.35316677627296
mac-10,2.793919390215294
ak-47,0.0
ak-47,0.0
ak-47,0.0
glock-18,0.0
glock-18,44.777345533531765
glock-18,0.0
glock-18,0.0
ak-47,6.587565047636038
ak-47,39.09560559215304
ak-47,0.0
ak-47,0.0
awp,0.0
awp,0.0
awp,0.0
awp,0.0
ak-47,3.3602563768214178
ak-47,0.0
ak-47,6.922473991841429
awp,0.0
ak-47,73.0944819070864
ak-47,83.3600294434889
ak-47,40.57966836773017
ak-47,0.0
ak-47,0.0
ak-47,0.0
ak-47,0.0
ak-47,6.4180165409054535
ak-47,0.0
awp,0.0
awp,5.589985932503409
awp,0.0
ak-47,27.80803480088633
ak-47,0.0
awp,8.159440577819597
ak-47,18.931288904894615
ak-47,0.0
ak-47,7.974868796478409
ak-47,0.0
ak-47,0.0
ak-47,42.287621139936505
ak-47,0.0
awp,0.0
ak-47,25.46278510193292
glock-18,0.0
glock-18,0.0
glock-18,0.0
ak-47,0.0
ak-47,0.0
ak-47,0.0
ak-47,0.0
ak-47,0.0
awp,0.0
ak-47,0.0
ak-47,23.57497348545368
awp,0.0
awp,0.0
ak-47,21.79119941205681
awp,0.0
ak-47,0.0
ak-47,0.0
ak-47,8.529053295482917
ak-47,54.11446194243583
mac-10,0.0
awp,0.0
ak-47,25.961063772394535
awp,0.0
awp,0.0
ak-47,0.0
ak-47,0.0
ak-47,0.0
awp,0.0
ak-47,0.0
mac-10,0.0
mac-10,0.0
ak-47,0.0
awp,0.0
ak-47,0.0
ak-47,0.0
ak-47,0.0
awp,0.0
ak-47,0.0
glock-18,0.0
glock-18,0.0
glock-18,0.0
mac-10,18.437839786169878
mac-10,0.0
ak-47,0.0
mac-10,217.1377776132974
ak-47,18.964105920585556
ak-47,166.45150403001912
mac-10,0.0
ak-47,0.0
awp,0.0
ak-47,0.0
ak-47,0.0
ak-47,0.0
ak-47,0.0
ak-47,0.0
ak-47,0.0
ak-47,0.0
ak-47,49.24795016752601
awp,0.0
ak-47,29.001053030921895
ak-47,13.396125758403473
awp,0.0
ak-47,0.0
awp,9.668581286050244
ak-47,15.741636479190115
ak-47,10.943012608964727
ak-47,51.49698254431926
ak-47,0.0
ak-47,0.0
ak-47,84.50784125041113
ak-47,0.0
ak-47,0.0
awp,7.781983302666872
ak-47,0.0
ak-47,59.670020918588634
ak-47,0.0
ak-47,65.07003148512828
ak-47,35.64086197175714
ak-47,0.0
ak-47,7.725180850621234
ak-47,7.41358089189192
ak-47,13.746705926443797
ak-47,73.10382502846872
glock-18,0.0
glock-18,0.0
glock-18,0.0
glock-18,98.86779153260267
ak-47,0.0
ak-47,22.654965434769174
ak-47,0.0
ak-47,0.0
awp,25.12435404161757
ak-47,0.0
ak-47,0.0
ak-47,36.15758837427347
ak-47,47.98474847399228
ak-47,40.82102884626609
ak-47,48.45403844857089
ak-47,0.0
ak-47,0.0
awp,4.297443144257408
ak-47,0.0
ak-47,13.59328105351335
awp,0.0
ak-47,0.0
awp,0.0
ak-47,12.162264340880812
ak-47,0.0
ak-47,0.0
ak-47,0.0
awp,0.0
ak-47,0.0
ak-47,30.220473521557995
awp,8.614269174012616
awp,0.0
awp,8.153603994888948
awp,0.0
ak-47,0.0
ak-47,0.0
awp,0.0
ak-47,0.3098516467101635
ak-47,0.0
ak-47,2.538551856727965
awp,11.272701113856607
ak-47,0.0
awp,8.044588851158274
ak-47,63.04131360981453
awp,35.53400503446649
ak-47,0.0
ak-47,0.0
ak-47,0.0
ak-47,49.43930343731785
ak-47,13.171584484859709
ak-47,14.055526672800454
awp,0.3781857089050299
ak-47,0.0
ak-47,8.197052454653196
awp,0.0
awp,0.0
awp,16.537160633092007
ak-47,0.0
ak-47,0.0
glock-18,194.05254663886106
glock-18,0.0
glock-18,0.0
glock-18,49.74275388542002
ak-47,14.386689274202768
ak-47,0.0
ak-47,11.470472712024776
ak-47,0.0
ak-47,64.9167425224162
ak-47,17.724889551291117
ak-47,0.0
ak-47,0.0
awp,7.322779584272902
ak-47,0.0
ak-47,0.0
ak-47,0.0
ak-47,0.0
ak-47,0.0
ak-47,23.81414199351188
ak-47,0.0
ak-47,28.924187284171097
ak-47,33.1960979120245
awp,0.0
ak-47,0.0
ak-47,0.0
awp,0.0
ak-47,32.87437761049392
ak-47,11.737425744032631
ak-47,0.0
ak-47,3.115297437645401
ak-47,3.6531547030176537
ak-47,37.74251012204276
ak-47,66.90277517076406
ak-47,0.0
awp,9.231423643583096
ak-47,0.0
ak-47,0.0
ak-47,0.0
ak-47,10.373428585438278
ak-47,0.0
ak-47,0.0
mac-10,0.0
ak-47,0.0
awp,0.0
ak-47,0.0
ak-47,0.0
awp,0.42136783867423955
ak-47,0.0
ak-47,0.0
glock-18,10.572455446811066
glock-18,0.0
mac-10,0.0
mac-10,0.0
ak-47,0.0
ak-47,0.0
ak-47,19.833805372388955
ak-47,0.0
ak-47,11.433124861931185
ak-47,29.50018623496233
awp,11.732250329745144
awp,36.85304332119913
ak-47,0.0
ak-47,0.0
awp,20.880134999484078
ak-47,18.442915354662233
ak-47,0.0
ak-47,16.496212398815555
awp,17.27186134600058
ak-47,64.78724948099355
awp,0.0
awp,1.514144054176154
ak-47,128.34297146432667
ak-47,9.990770472126211
ak-47,0.0
ak-47,15.469470097759295
awp,2.620360621017649
ak-47,0.0
ak-47,0.0
ak-47,0.0
ak-47,0.0
awp,1.0875509183412977
ak-47,0.0
awp,0.0
ak-47,0.0
ak-47,54.883988588822234
ak-47,0.0
ak-47,0.0
ak-47,0.0
ak-47,0.0
glock-18,0.0
glock-18,0.0
glock-18,0.0
mac-10,0.0
ak-47,2.5067292247568345
ak-47,0.0
ak-47,0.0
ak-47,0.0
ak-47,0.0
ak-47,0.0
ak-47,0.0
ak-47,0.0
ak-47,15.828088009211472
ak-47,69.61327256194885
ak-47,31.732344384672572
ak-47,6.083128545604145
ak-47,0.0
ak-47,0.0
ak-47,0.0
ak-47,0.0
ak-47,91.24730052509601
ak-47,0.0
ak-47,0.0
ak-47,0.0
ak-47,61.396160510170546
ak-47,29.238784628348853
ak-47,0.0
ak-47,68.98509077818775
ak-47,1.1989828355084988
ak-47,0.0
ak-47,0.0
ak-47,0.0
ak-47,0.0
awp,0.0
ak-47,0.0
ak-47,0.0
ak-47,0.0
ak-47,0.0
ak-47,0.0
awp,0.0
awp,0.0
glock-18,0.0
glock-18,41.46353029078451
ak-47,0.0
ak-47,173.6767655192914
ak-47,9.25373853013905
awp,0.0
ak-47,63.0440204008596
ak-47,50.75405133256483
ak-47,0.0
ak-47,0.0
ak-47,0.0
awp,4.032952961521372
glock-18,0.0
glock-18,97.8890387940122
glock-18,75.14482752052761
glock-18,0.0
glock-18,0.0
ak-47,0.0
awp,8.528516617977889
ak-47,50.581320373267495
ak-47,25.153288743327877
ak-47,33.17628645376551
ak-47,0.0
ak-47,103.62194547906918
ak-47,40.692063071592486
awp,2.125646573508635
awp,8.809667666686469
awp,0.0
awp,0.0
awp,0.0
glock-18,0.0
awp,0.0
awp,0.0
ak-47,38.377123289475286
ak-47,21.5062729311851
awp,0.0
ak-47,24.025499286275696
awp,0.0
ak-47,18.27043756435431
ak-47,0.0
ak-47,0.0
awp,2.025335659174795
ak-47,0.0
ak-47,0.0
ak-47,0.0
awp,21.950158871306286
ak-47,0.0
glock-18,0.0
mac-10,25.217838653665485
ak-47,0.0
ak-47,26.35111889213033
ak-47,11.760713605365492
ak-47,0.0
ak-47,8.683328788861388
ak-47,62.487893603660545
ak-47,0.0
ak-47,29.265787932925384
mac-10,92.92564438768873
ak-47,25.195429442751873
ak-47,43.661247942589746
ak-47,0.0
ak-47,6.131345843335377
ak-47,0.0
ak-47,45.38753113422189
awp,3.861128697556195
ak-47,17.671085844531596
ak-47,41.23745370280063
ak-47,0.0
ak-47,16.921925496231214
ak-47,19.803588788556734
ak-47,4.7905740757852815
ak-47,214.9988389865977
awp,0.0
ak-47,21.005100326110348
ak-47,59.380983396953006
ak-47,8.466804943090162
ak-47,0.0
ak-47,0.0
ak-47,28.9765788508986
ak-47,55.63413943527054
ak-47,0.0
glock-18,81.61790451257534
mac-10,0.0
mac-10,0.0
mac-10,0.0
mac-10,0.0
ak-47,0.0
ak-47,111.65839822808809
ak-47,22.6500208279559
ak-47,6.019012844727946
ak-47,69.61482078097441
ak-47,0.0
ak-47,0.0
ak-47,0.0
ak-47,81.01768054301364
ak-47,0.0
ak-47,17.81000927561412
ak-47,18.841202197057598
awp,0.0
awp,0.0
ak-47,0.0
ak-47,0.0
awp,0.0
ak-47,0.0
ak-47,0.0
ak-47,0.0
ak-47,0.0
ak-47,0.0
awp,0.0
awp,0.0
awp,0.0
awp,0.0
awp,0.0
awp,0.0
awp,0.0
ak-47,0.0
ak-47,0.0
awp,0.0
ak-47,0.0
ak-47,19.410643185303986
ak-47,28.46285357535502
glock-18,0.0
glock-18,0.0
mac-10,89.20926397234372
ak-47,0.0
ak-47,0.0
awp,0.0
ak-47,0.0
awp,0.0
ak-47,0.0
awp,0.0
ak-47,0.0
ak-47,0.0
ak-47,0.0
ak-47,0.0
ak-47,0.0
ak-47,0.0
ak-47,0.0
ak-47,77.51496988737482
ak-47,0.0
ak-47,0.0
ak-47,52.4155946006049
awp,30.172854530562084
awp,0.0
ak-47,0.0
ak-47,64.47646889121401
ak-47,55.59501474109437
ak-47,0.0
ak-47,0.0
ak-47,0.0
ak-47,25.075336049728943
ak-47,39.87518403727857
ak-47,43.583082792699706
glock-18,27.118043395812837
glock-18,204.58475571429972
glock-18,66.57609015146105
ak-47,0.0
awp,2.8373898657040417
ak-47,11.818701336328962
awp,6.106781689684755
ak-47,5.256210764939796
ak-47,0.0
ak-47,0.0
awp,0.0
awp,33.99745078908491
ak-47,0.0
ak-47,35.4775078670011
ak-47,0.0
ak-47,0.0
awp,0.0
ak-47,28.40538698434628
awp,0.0
ak-47,5.92294244585375
awp,0.0
ak-47,41.90089368429949
ak-47,42.05650650110968
ak-47,1.7841986140382466
ak-47,0.0
ak-47,0.0
awp,1.3570889711385912
ak-47,21.716411744634517
ak-47,67.89015045400893
ak-47,44.93313890234231
ak-47,53.153683050564275
ak-47,15.488919871071094
awp,6.333738441239029
ak-47,14.672583764962598
ak-47,0.0
awp,24.673062431843054
ak-47,0.0
ak-47,0.0
awp,0.0
awp,8.065663744579549
awp,0.0
ak-47,0.0
glock-18,0.0
mac-10,0.0
ak-47,0.0
ak-47,0.0
ak-47,0.0
ak-47,0.0
ak-47,0.0
ak-47,0.0
ak-47,3.5369580917744843
ak-47,13.349157556957255
awp,4.719325994233074
awp,9.192020131061724
mac-10,225.5432180948846
awp,32.40037103241296
ak-47,0.0
ak-47,37.61210130405952
ak-47,73.10151553439098
ak-47,15.553698791499082
awp,0.0
ak-47,27.278628998433554
ak-47,0.0
awp,10.603309661669323
ak-47,0.0
ak-47,0.0
ak-47,56.160108622328
ak-47,0.0
ak-47,0.0
ak-47,15.623274542166952
ak-47,0.0
ak-47,10.65500325622869
ak-47,42.00566956454056
glock-18,0.0
glock-18,0.0
glock-18,0.0
glock-18,0.0
glock-18,0.0
ak-47,6.816306967830013
awp,0.0
awp,63.683186791529245
ak-47,0.0
ak-47,0.0
ak-47,0.0
ak-47,0.0
awp,0.0
ak-47,0.0
ak-47,0.0
awp,8.307288316169663
ak-47,0.0
ak-47,18.996431393282474
awp,0.5108682101334943
ak-47,67.72348112807865
ak-47,0.0
ak-47,9.827284096925254
ak-47,0.0
ak-47,0.0
ak-47,0.0
ak-47,0.0
ak-47,0.0
ak-47,28.978341489774497
ak-47,17.603367794791115
ak-47,65.61267665036678
ak-47,0.0
ak-47,0.0
ak-47,0.0
ak-47,17.47762704049943
awp,0.0
ak-47,24.420814718321584
awp,0.0
ak-47,6.414937550541237
ak-47,0.0
ak-47,85.5738419518625
glock-18,0.0
glock-18,52.62116700161927
glock-18,190.84332210062354
ak-47,28.869946295625578
ak-47,36.24698755719818
ak-47,15.801206038542153
ak-47,0.0
awp,0.0
ak-47,0.0
ak-47,63.54150255366444
ak-47,0.0
ak-47,9.345142318871392
ak-47,17.56707190989167
ak-47,10.811247263727761
ak-47,0.0
ak-47,0.0
ak-47,74.52165982587294
ak-47,0.0
awp,0.0
ak-47,0.0
ak-47,0.0
ak-47,25.10930687165938
ak-47,0.0
ak-47,6.247496541110607
ak-47,23.790456993508155
awp,0.0
awp,11.409880591201164
ak-47,0.0
ak-47,0.0
ak-47,0.0
ak-47,49.28298696861407
ak-47,16.542757548614922
ak-47,0.0
ak-47,61.691682323107585
awp,18.03026156302925
ak-47,0.0
awp,0.0
awp,0.0
ak-47,0.0
ak-47,13.839702074669995
ak-47,42.30915260536358
glock-18,0.0
glock-18,0.0
glock-18,0.0
glock-18,0.0
mac-10,0.0
ak-47,10.11148840771407
mac-10,0.0
mac-10,0.0
ak-47,0.0
ak-47,0.0
ak-47,73.09771844505809
ak-47,184.90853198149026
ak-47,0.0
ak-47,0.0
ak-47,0.0
ak-47,0.0
ak-47,0.0
ak-47,0.0
ak-47,0.0
ak-47,0.0
ak-47,0.0
ak-47,0.0
awp,0.0
ak-47,149.64944451715388
ak-47,65.71679746432075
ak-47,0.0
ak-47,0.0
ak-47,0.0
awp,0.0
ak-47,0.0
ak-47,0.0
ak-47,23.76647657915041
awp,22.153922503276682
ak-47,0.0
ak-47,73.0946956310945
ak-47,0.0
ak-47,75.79716476676214
ak-47,52.695012239869165
ak-47,0.0
ak-47,10.503359302652889
ak-47,0.0
ak-47,0.0
ak-47,0.0
ak-47,168.76959782700558
ak-47,9.447172306547605
ak-47,76.58089754504506
ak-47,27.202025573704983
ak-47,0.0
ak-47,0.0
awp,0.0
awp,0.0
ak-47,0.0
awp,0.0
awp,0.0
ak-47,0.0
ak-47,0.0
glock-18,79.76024120275514
glock-18,157.98836101797963
glock-18,0.0
glock-18,63.30377411905862
glock-18,0.0
ak-47,0.0
mac-10,0.0
ak-47,0.0
glock-18,0.0
glock-18,0.0
ak-47,0.0
ak-47,0.0
ak-47,10.593119357473512
ak-47,0.0
ak-47,0.0
awp,0.0
awp,0.0
ak-47,0.0
ak-47,0.0
ak-47,0.0
ak-47,0.0
ak-47,16.75491879850022
ak-47,0.0
ak-47,25.465803839030272
ak-47,0.0
ak-47,7.318912152545622
ak-47,18.776866172832488
awp,0.0
ak-47,0.0
ak-47,0.0
ak-47,0.0
ak-47,0.0
awp,8.937476407475433
ak-47,0.0
ak-47,26.68572154579902
ak-47,9.23079763469788
ak-47,13.0410405747571
ak-47,0.0
ak-47,87.68641415044009
awp,9.084295735324561
ak-47,22.232432654158206
awp,0.0
awp,0.5797196310165803
ak-47,73.09835354915103
awp,13.569971429471765
awp,5.60017555789968
ak-47,0.0
ak-47,1.5728997178653825
awp,32.87533461183086
ak-47,0.0
ak-47,0.0
glock-18,0.0
ak-47,0.0
ak-47,0.0
ak-47,0.0
mac-10,101.69074467719129
ak-47,0.0
ak-47,0.0
ak-47,0.0
awp,4.328442765862106
ak-47,0.0
ak-47,70.22627932420798
ak-47,0.0
glock-18,49.54743011400635
glock-18,212.15355436045064
ak-47,47.4623076629691
ak-47,16.514001166978552
ak-47,0.0
ak-47,0.0
ak-47,0.0
ak-47,0.0
ak-47,40.19965683606397
ak-47,59.822594903842955
awp,0.0
ak-47,112.22550061497276
awp,0.0
ak-47,21.669537489453624
ak-47,5.728864315014277
ak-47,35.35195918400366
ak-47,17.750783983566755
ak-47,9.149315382036026
ak-47,50.320382243586195
ak-47,6.166299962738514
ak-47,45.828901269721094
ak-47,21.86229464918724
ak-47,0.0
ak-47,0.0
ak-47,0.0
mac-10,5.051323503857677
awp,0.0
ak-47,0.0
ak-47,0.0
ak-47,4.9617678931002
ak-47,0.0
glock-18,19.288808000624638
ak-47,0.0
ak-47,0.0
ak-47,0.0
ak-47,0.0
ak-47,0.0
awp,0.0
ak-47,0.0
ak-47,0.0
awp,0.0
ak-47,0.0
awp,0.0
awp,0.0
awp,0.0
ak-47,0.0
ak-47,0.0
ak-47,0.0
glock-18,0.0
ak-47,0.0
ak-47,0.0
ak-47,0.0
ak-47,0.0
ak-47,0.0
ak-47,37.415569628028436
ak-47,0.0
ak-47,0.0
awp,0.0
ak-47,0.0
awp,0.0
ak-47,38.95685478969611
awp,0.0
ak-47,3.252703202722314
ak-47,0.0
awp,0.0
ak-47,29.041343946228196
awp,0.0
glock-18,85.08334816985618
awp,10.469169767703645
awp,9.80564623918123
ak-47,0.0
awp,13.476281264891623
ak-47,0.0
ak-47,0.0
ak-47,0.0
awp,4.582708882650632
awp,0.0
awp,0.0
awp,0.0
awp,0.0
ak-47,26.207424550354048
ak-47,0.0
ak-47,0.0
ak-47,0.3881169483866944
ak-47,0.0
ak-47,25.302990911845995
ak-47,0.0
ak-47,0.0
glock-18,0.0
glock-18,0.0
glock-18,0.0
glock-18,0.0
mac-10,0.0
ak-47,42.92457366328529
ak-47,0.0
glock-18,0.0
awp,0.0
awp,0.0
awp,5.854921986814171
awp,5.084856885200311
awp,5.084856885200311
ak-47,0.0
ak-47,0.0
ak-47,0.0
ak-47,0.0
awp,2.4760203160452865
ak-47,21.075501365625918
ak-47,0.7224449285620324
awp,0.0
ak-47,73.10189025249146
ak-47,0.0
ak-47,29.281074308754537
awp,0.0
ak-47,37.2204144744409
ak-47,0.0
ak-47,8.49964405757494
awp,0.0
ak-47,36.21401478337453
awp,0.0
ak-47,0.0
awp,0.0
ak-47,0.7488293278878706
ak-47,21.067919254887727
ak-47,0.0
awp,0.0
ak-47,0.0
glock-18,0.0
glock-18,26.1506408208212
glock-18,64.16131398261406
glock-18,131.42752596042476
glock-18,0.0
ak-47,0.0
ak-47,0.0
ak-47,9.94158977545483
ak-47,0.0
ak-47,18.470086236665058
ak-47,6.667346531601684
ak-47,0.0
ak-47,0.0
ak-47,6.052665993180195
ak-47,12.940675182695106
ak-47,0.0
awp,0.0
ak-47,0.0
ak-47,0.0
ak-47,10.660693721564277
ak-47,0.0
ak-47,0.0
ak-47,0.0
glock-18,0.0
glock-18,0.0
ak-47,0.0
ak-47,0.0
ak-47,0.0
ak-47,0.0
ak-47,0.0
ak-47,0.0
ak-47,36.000217013234796
ak-47,7.590121018930858
ak-47,32.814904546598086
ak-47,4.928210485743988
ak-47,0.0
ak-47,0.0
ak-47,22.47405492572909
ak-47,35.13804838391667
ak-47,10.44967945830158
ak-47,0.0
ak-47,0.0
ak-47,0.0
awp,0.0
awp,0.0
ak-47,0.0
ak-47,0.0
ak-47,0.0
ak-47,0.0
ak-47,0.0
ak-47,14.706707888045408
ak-47,0.0
ak-47,1.8623429872996005
awp,0.0
awp,0.0
ak-47,44.19771586614154
awp,0.0
awp,0.0
ak-47,0.0
ak-47,11.024908239724084
ak-47,0.0
awp,0.0
glock-18,0.0
glock-18,0.0
glock-18,0.0
glock-18,0.0
glock-18,41.8017680939955
mac-10,108.20760031358704
ak-47,0.0
ak-47,0.0
mac-10,7.416430102142202
ak-47,0.0
mac-10,0.0
ak-47,0.0
ak-47,0.0
ak-47,0.0
ak-47,0.0
ak-47,38.01654022684516
awp,0.0
ak-47,214.9895779478729
ak-47,0.0
awp,0.0
ak-47,0.0
ak-47,0.0
awp,0.0
awp,0.0
ak-47,0.0
ak-47,0.0
awp,0.0
awp,0.0
ak-47,0.0
ak-47,22.45449557766687
ak-47,35.92421930588478
ak-47,0.0
ak-47,0.0
awp,0.0
awp,0.0
ak-47,0.0
ak-47,0.0
ak-47,0.0
awp,0.0
ak-47,0.0
ak-47,88.4854896848383
awp,0.0
awp,0.0
awp,0.0
ak-47,0.0
ak-47,0.0
ak-47,14.338823297013217
ak-47,0.0
glock-18,32.04911349348849
glock-18,235.6680817104094
glock-18,97.83072538869435
ak-47,0.0
ak-47,0.7546065897041981
ak-47,3.4635166399746082
awp,17.10604457209042
awp,4.946892265841656
awp,1.3423536581341
ak-47,14.50950636136826
ak-47,14.250349400559447
ak-47,0.0
ak-47,60.01411373715561
ak-47,1.445819284123711
awp,34.31792563359518
ak-47,28.326727163664494
awp,19.08116589800906
ak-47,0.0
awp,0.0
awp,0.0
ak-47,3.120621933204982
awp,0.0
awp,34.00547930615819
awp,4.297052155893503
awp,25.331059939454764
ak-47,8.913087394245666
ak-47,48.130199597355194
ak-47,0.0
ak-47,0.0
ak-47,51.69255157123061
awp,0.0
ak-47,37.87314804769956
ak-47,192.72377668975486
ak-47,6.213734040461178
ak-47,37.30505035440022
glock-18,11.071720957584914
ak-47,28.196307779607316
ak-47,48.58861759471682
ak-47,0.0
ak-47,19.372151788526875
ak-47,38.57483096314177
ak-47,36.39062835444381
ak-47,0.0
ak-47,0.0
ak-47,20.19904735332402
ak-47,54.10213381979928
ak-47,27.794560576779226
ak-47,34.398438887065616
ak-47,12.473463841690526
ak-47,0.0
ak-47,8.338299652842059
awp,3.992363914613622
ak-47,14.164652654691677
ak-47,54.11237816385992
awp,12.5339480418432
ak-47,0.0
ak-47,0.0
ak-47,22.57578171626812
ak-47,36.32853158374627
ak-47,3.5171461602135614
ak-47,0.0
ak-47,0.0
glock-18,234.88225394713024
glock-18,0.0
glock-18,7.840045998387764
ak-47,32.20025249676575
ak-47,44.56916738909126
ak-47,7.057957705432925
ak-47,21.443122533240956
glock-18,38.04018476706317
ak-47,32.258451889279634
awp,0.0
ak-47,67.51118667600463
awp,0.0
awp,3.8205920782157574
ak-47,26.410303867820698
awp,2.2040113465281888
awp,0.0
ak-47,14.907380377180996
awp,0.0
ak-47,0.0
ak-47,33.146517922560506
ak-47,0.0
ak-47,0.4367316601404116
awp,13.31283522318548
awp,0.0
ak-47,37.196904030665685
ak-47,75.44827782629054
ak-47,28.806667649781378
ak-47,0.0
ak-47,0.0
ak-47,36.76315587198641
ak-47,3.1437717444576028
ak-47,0.0
ak-47,0.0
awp,0.0
ak-47,68.5826342043111
ak-47,33.560385663266565
ak-47,0.0
ak-47,0.0
ak-47,0.0
awp,0.0
awp,14.56637389340065
awp,0.0
ak-47,25.527654275559673
awp,0.0
ak-47,0.0
ak-47,0.0
ak-47,0.0
ak-47,0.0
glock-18,0.0
glock-18,0.0
glock-18,0.0
glock-18,0.0
glock-18,0.0
ak-47,28.123143950840348
ak-47,8.520028790836331
glock-18,218.50047914155667
glock-18,0.0
ak-47,11.574964186465936
ak-47,0.0
ak-47,53.83752909267557
glock-18,67.3909293118564
glock-18,0.0
glock-18,0.0
glock-18,110.19791373728363
glock-18,0.0
mac-10,0.0
mac-10,37.61769916192782
awp,0.0
awp,0.0
ak-47,0.0
awp,0.0
awp,0.0
ak-47,0.0
ak-47,47.6642960536812
ak-47,0.0
ak-47,0.0
awp,2.9247664697107014
awp,33.60174420746905
awp,33.008352724987475
ak-47,55.06869156803732
ak-47,158.14050766965315
ak-47,0.0
ak-47,56.723656388228406
ak-47,72.15766970857956
ak-47,11.252854446813574
awp,0.0
ak-47,0.0
ak-47,10.101883342191693
ak-47,17.85073787422517
awp,0.0
ak-47,0.0
ak-47,0.0
awp,0.0
ak-47,0.0
awp,9.5719644626798
awp,0.0
ak-47,5.528098230220679
ak-47,22.674713287491024
ak-47,21.47147418556006
awp,0.0
glock-18,190.08023016106944
glock-18,163.2416141825509
glock-18,64.96731446871839
glock-18,107.43561428583907
ak-47,15.055669033389682
mac-10,127.59715695178983
mac-10,111.86871454809288
mac-10,60.4067916529243
mac-10,56.25536128198624
ak-47,35.99110394929482
ak-47,100.09770539963641
ak-47,70.58128917154453
ak-47,0.0
ak-47,17.180789274811243
ak-47,10.287828832979288
awp,0.0
ak-47,11.704086681282268
glock-18,32.98395228283988
awp,9.950583424468386
ak-47,84.65635265467911
ak-47,29.532384269089892
awp,16.900816277641326
ak-47,0.0
ak-47,0.0
ak-47,50.7410142740041
ak-47,10.1663228906615
ak-47,17.499010666175444
ak-47,66.73387296281543
awp,0.8825708850783601
ak-47,0.0
ak-47,11.926698748075427
awp,0.0
awp,0.0
ak-47,0.0
ak-47,69.83413799624543
ak-47,3.6896180357863604
ak-47,20.676279378817846
awp,0.0
ak-47,56.11142011506957
ak-47,0.0
ak-47,17.546012971646068
ak-47,8.110993170064564
ak-47,192.52200069985662
awp,0.0
ak-47,0.0
ak-47,22.373930970774023
ak-47,23.988566433921974
ak-47,2.3029504887157257
awp,12.081983632140254
ak-47,8.989804339958685
ak-47,5.896289817943823
awp,5.018601271438088
awp,0.0
ak-47,73.10047999692786
ak-47,4.470511805675945
glock-18,113.79539724646366
glock-18,21.489131342142333
ak-47,0.0
ak-47,0.0
ak-47,0.0
ak-47,5.542081344288353
ak-47,46.71549946885937
ak-47,0.914830073019028
awp,10.442405678318861
ak-47,6.294591635322263
ak-47,2.228754450885965
awp,12.312016177518165
awp,11.172402692257785
awp,5.677684096032113
ak-47,21.600092867910174
awp,1.7262090814756479
awp,10.473890995142398
ak-47,14.355681583456287
ak-47,12.18742073848425
awp,7.838273520192058
awp,93.35910809901179
awp,0.0
ak-47,21.38919001557705
ak-47,44.78926083705595
awp,0.0
ak-47,0.0
ak-47,11.761846139628974
ak-47,0.0
ak-47,0.0
ak-47,0.0
ak-47,0.0
ak-47,17.029307862401836
ak-47,9.237643045027449
ak-47,0.0
ak-47,9.318299520833241
ak-47,0.0
ak-47,9.77821424710591
awp,4.92077250896249
awp,0.0
ak-47,0.0
glock-18,15.787382781136492
glock-18,16.289210505922316
ak-47,23.046763770918034
ak-47,124.03889298383895
ak-47,27.47328816600044
ak-47,38.07899401664041
ak-47,20.011511142588933
ak-47,8.309314542723845
ak-47,48.15007835897659
ak-47,1.193325756993873
glock-18,18.858387881834147
glock-18,85.5535965217115
awp,0.0
ak-47,11.30302155712091
ak-47,0.0
ak-47,0.0
ak-47,0.0
ak-47,12.378917462483098
awp,0.0
awp,0.0
awp,0.0
ak-47,1.778849808338242
awp,0.0
ak-47,15.683118474274337
ak-47,6.883011288017476
ak-47,18.013373873429153
ak-47,16.249159621583512
ak-47,10.669002147322166
ak-47,20.951319422530936
awp,0.0
ak-47,15.655108334559587
awp,0.0
awp,3.886590881439414
ak-47,16.183183390396866
ak-47,0.0
ak-47,34.20156701801442
ak-47,30.332638699519467
awp,0.0
ak-47,32.513300007909024
ak-47,11.860564445910068
ak-47,14.625932774255084
ak-47,0.0
ak-47,88.84012274179581
glock-18,0.0
ak-47,32.66512865663163
awp,6.111410300102996
ak-47,0.0
ak-47,0.0
ak-47,0.0
ak-47,0.0
ak-47,0.0
ak-47,0.0
ak-47,0.0
glock-18,192.11958655962138
glock-18,2.177263997687235
glock-18,240.00010365776367
glock-18,147.6515747512976
glock-18,166.36294103858236
mac-10,18.321141543768416
ak-47,115.94994413314942
mac-10,81.5758643324718
awp,0.0
ak-47,24.8538518750584
awp,0.0
ak-47,12.816273148615474
awp,0.0
ak-47,0.0
ak-47,0.0
awp,0.0
awp,0.0
ak-47,8.173250349307857
awp,1.0160160381824688
awp,11.402020363177089
ak-47,51.73447469029205
ak-47,40.872881713053914
awp,0.0
ak-47,18.19209834428038
ak-47,35.78119350610988
ak-47,0.0
ak-47,0.0
ak-47,0.0
ak-47,0.0
ak-47,0.0
awp,0.693566216507119
ak-47,28.026369190112174
awp,0.0
ak-47,0.0
mac-10,227.75366637649316
mac-10,94.96103864799446
mac-10,115.18805771940036
glock-18,0.0
glock-18,0.0
glock-18,0.0
ak-47,0.0
ak-47,0.0
ak-47,10.810789979256189
ak-47,60.04524232547326
ak-47,0.0
ak-47,0.0
ak-47,0.0
ak-47,20.14706252733805
ak-47,0.0
ak-47,0.0
awp,5.422978093838292
ak-47,0.0
ak-47,0.0
ak-47,0.0
mac-10,0.0
mac-10,0.0
ak-47,0.0
ak-47,0.0
ak-47,0.0
ak-47,0.0
awp,0.0
ak-47,0.0
ak-47,0.0
ak-47,0.0
ak-47,0.0
ak-47,0.0
awp,0.0
ak-47,0.0
ak-47,0.0
ak-47,18.615688731108847
ak-47,0.0
awp,0.0
ak-47,0.0
ak-47,73.94925894457072
ak-47,0.0
ak-47,0.0
ak-47,84.57509041431669
ak-47,14.249537410254762
glock-18,0.0
glock-18,0.0
glock-18,0.0
glock-18,81.59456535642019
glock-18,0.0
mac-10,214.32201604250196
ak-47,0.0
mac-10,1.751747384031442
ak-47,0.0
ak-47,0.0
ak-47,0.0
ak-47,0.0
ak-47,16.490306867667567
glock-18,239.99634003899374
ak-47,0.0
ak-47,0.0
ak-47,0.0
ak-47,0.0
awp,0.0
ak-47,0.0
ak-47,0.0
ak-47,11.3344299548916
awp,0.0
ak-47,0.0
ak-47,0.0
ak-47,0.0
awp,0.0
ak-47,0.0
ak-47,0.0
ak-47,0.0
awp,0.0
awp,0.0
awp,0.0
glock-18,178.9370632942621
glock-18,132.3050194212695
glock-18,86.66763699798332
ak-47,23.248429376337512
ak-47,0.0
ak-47,0.0
ak-47,1.2373627622766898
ak-47,54.528526640511394
ak-47,0.0
awp,8.734965453879541
awp,1.6769465854898302
awp,2.0497951498259526
ak-47,21.085329767825993
awp,0.0
ak-47,0.0
ak-47,62.65328514824413
ak-47,0.0
ak-47,0.0
ak-47,0.0
ak-47,5.189971694945552
ak-47,0.0
ak-47,18.800451472869607
ak-47,0.0
awp,0.0
ak-47,30.21904977467326
ak-47,34.1020094529702
ak-47,32.68856571177403
ak-47,0.0
ak-47,77.89186964967821
ak-47,14.192541092286822
awp,0.0
ak-47,0.0
glock-18,90.8102934402811
glock-18,152.43468031089935
glock-18,8.016721540112828
mac-10,99.43139696813165
mac-10,79.03269607838091
ak-47,0.0
ak-47,0.0
ak-47,40.90423609289759
ak-47,16.43993219526653
ak-47,14.04663167197478
ak-47,0.0
ak-47,0.0
ak-47,0.0
ak-47,28.111777240094234
ak-47,107.03646640846269
glock-18,118.87159227860366
glock-18,31.189295522258995
glock-18,82.83020590065512
ak-47,0.0
ak-47,13.965745621961757
ak-47,0.0
ak-47,0.0
ak-47,0.0
ak-47,17.990466446859735
awp,4.1590098919394265
awp,3.079056114248001
awp,8.334036645269085
awp,14.635823513488026
awp,1.0763118812059078
ak-47,0.0
awp,5.809591656042703
ak-47,19.50620475273109
ak-47,19.50620475273109
ak-47,34.176540840984316
ak-47,0.0
ak-47,0.0
ak-47,0.0
ak-47,8.806320923629857
ak-47,15.605605459476285
ak-47,0.0
ak-47,0.0
ak-47,0.0
ak-47,0.0
ak-47,0.0
ak-47,0.0
ak-47,0.0
ak-47,0.0
awp,9.901542228705386
awp,3.6476950030068305
ak-47,0.0
ak-47,10.893683115812758
ak-47,0.0
ak-47,0.0
ak-47,69.44211550397905
ak-47,0.0
ak-47,2.6188342302608616
ak-47,0.0
awp,0.0
ak-47,8.457877978686144
awp,0.0
awp,0.0
ak-47,16.579778021377248
ak-47,0.0
awp,15.5866560767937
ak-47,5.237717620655489
ak-47,0.0
ak-47,0.0
awp,0.0
ak-47,0.0
awp,0.0
ak-47,0.0
ak-47,6.961706020075898
ak-47,21.601708012620207
ak-47,43.717434866745386
ak-47,84.14197587266914
awp,0.0
awp,0.0
glock-18,38.658174339885335
glock-18,229.25523426160154
ak-47,0.0
ak-47,0.0
ak-47,0.0
ak-47,71.73455050081996
ak-47,0.0
ak-47,10.735603095687033
ak-47,0.0
ak-47,0.0
ak-47,0.0
ak-47,0.0
ak-47,0.0
ak-47,0.0
ak-47,47.95577021922738
ak-47,0.0
ak-47,0.0
ak-47,0.0
awp,0.0
awp,3.328023948583303
ak-47,0.0
ak-47,0.0
ak-47,25.00075194181667
awp,4.296755940509653
ak-47,0.0
ak-47,73.10233553753922
ak-47,52.785683372867545
ak-47,11.867195214776952
awp,0.0
ak-47,8.493740347849116
ak-47,9.62946668287917
awp,0.0
ak-47,11.16875862841547
ak-47,0.0
ak-47,1.7300103885052251
awp,0.0
ak-47,0.0
awp,0.0
awp,0.0
ak-47,0.0
ak-47,0.0
ak-47,0.0
awp,0.0
glock-18,0.0
glock-18,0.0
mac-10,5.453309526605747
mac-10,71.9390039623141
ak-47,0.0
ak-47,0.0
mac-10,232.81506491377374
ak-47,0.0
ak-47,0.0
ak-47,0.0
ak-47,0.0
ak-47,0.0
ak-47,0.0
ak-47,4.387015654800995
awp,0.9451593817108309
awp,17.77861490744833
awp,5.000153081641001
ak-47,16.609237265274405
ak-47,50.963898598356984
ak-47,20.931211353146
ak-47,52.01887039955771
awp,11.292373003699797
ak-47,0.0
awp,0.0
glock-18,0.0
glock-18,0.0
glock-18,0.0
glock-18,0.0
awp,8.961945804158827
awp,15.094510203423296
ak-47,0.0
ak-47,20.83499038518103
awp,0.0
ak-47,9.164075627441592
awp,6.449364181052579
ak-47,27.812527831938326
awp,4.517435839334079
ak-47,26.281626223525915
awp,4.300261768467589
ak-47,0.0
awp,0.0
awp,22.788643453702132
awp,34.000005854419875
ak-47,46.656726093424474
ak-47,15.996339513771392
awp,1.5145982230756778
ak-47,0.0
awp,1.3556211603796247
awp,11.677272617909072
ak-47,0.0
ak-47,0.0
ak-47,0.0
awp,2.4206650203249933
awp,12.4536053075505
ak-47,0.0
ak-47,0.0
awp,0.0
ak-47,16.35771231987664
ak-47,0.0
ak-47,78.68862315520904
glock-18,0.0
awp,0.0
mac-10,232.02816377568735
ak-47,67.59997840294126
ak-47,10.836196523464956
ak-47,0.9881465762674079
ak-47,0.0
ak-47,8.727053026891724
ak-47,0.0
ak-47,0.0
ak-47,37.460162600483834
ak-47,0.0
ak-47,108.24032962368032
awp,0.0
awp,0.0
ak-47,15.936703411464995
awp,0.0
ak-47,0.0
glock-18,211.445801
glock-18,85.28249844431184
glock-18,7.49798844005624
ak-47,0.0
ak-47,0.0
ak-47,0.0
ak-47,0.0
awp,0.0
ak-47,9.019878407188703
awp,0.0
ak-47,0.0
ak-47,38.91118385708845
ak-47,0.0
ak-47,0.0
awp,0.0
ak-47,0.0
ak-47,9.23857049911879
ak-47,0.0
ak-47,0.0
awp,0.0
ak-47,0.0
ak-47,0.0
ak-47,0.0
awp,0.0
ak-47,0.0
ak-47,0.0
ak-47,0.0
ak-47,0.0
ak-47,0.0
ak-47,13.26820458375601
awp,34.00070234900429
ak-47,5.360087639230258
ak-47,0.0
ak-47,0.0
ak-47,0.0
ak-47,0.0
ak-47,0.0
awp,0.0
awp,0.0
awp,0.0
ak-47,0.0
ak-47,0.0
awp,0.0
ak-47,0.0
awp,0.0
awp,0.0
ak-47,26.0559427247863
ak-47,160.2050903271353
ak-47,0.0
ak-47,0.0
glock-18,0.0
glock-18,53.19007863526417
glock-18,84.68869649970613
glock-18,0.0
glock-18,0.0
ak-47,4.159512392047895
ak-47,0.7875532868879412
ak-47,0.0
ak-47,0.0
ak-47,0.0
ak-47,0.0
awp,0.0
awp,0.0
awp,0.0
awp,0.0
ak-47,33.59856796846035
ak-47,0.0
glock-18,0.0
glock-18,0.0
glock-18,0.0
glock-18,0.0
glock-18,0.0
ak-47,0.0
mac-10,0.0
ak-47,0.0
ak-47,0.0
ak-47,0.0
ak-47,0.0
mac-10,0.0
ak-47,0.0
ak-47,0.0
ak-47,0.0
ak-47,0.0
ak-47,0.0
ak-47,0.0
ak-47,0.0
awp,0.0
ak-47,28.32621297566918
ak-47,0.0
awp,0.0
ak-47,0.0
ak-47,0.0
ak-47,0.0
awp,0.0
ak-47,0.0
awp,0.0
ak-47,0.0
ak-47,0.0
ak-47,0.0
ak-47,0.0
ak-47,0.0
ak-47,0.0
ak-47,0.0
ak-47,0.0
ak-47,0.0
ak-47,0.0
ak-47,0.8050884921702707
ak-47,0.0
ak-47,0.0
ak-47,0.0
ak-47,0.0
ak-47,30.794148121142044
ak-47,0.0
ak-47,45.214146022262334
ak-47,0.0
ak-47,0.0
ak-47,83.57659569973424
ak-47,0.0
ak-47,0.0
ak-47,0.0
ak-47,0.0
ak-47,0.0
ak-47,0.0
ak-47,0.0
awp,4.504175580086771
awp,1.2274573741963506
mac-10,0.0
ak-47,0.0
ak-47,14.929402115764049
ak-47,0.0
ak-47,0.0
ak-47,62.45464683823352
awp,0.0
awp,0.0
ak-47,0.0
ak-47,0.0
awp,0.0
awp,0.0
ak-47,14.722222235754526
awp,0.0
awp,0.0
ak-47,0.0
ak-47,0.0
ak-47,0.0
awp,0.0
ak-47,20.48324975775748
awp,0.0
ak-47,31.95362396271487
ak-47,0.0
awp,0.0
awp,0.0
awp,0.0
ak-47,0.0
ak-47,0.0
ak-47,0.0
ak-47,34.84115469233076
ak-47,0.0
awp,0.0
awp,0.0
awp,0.0
ak-47,0.0
ak-47,0.0
ak-47,0.0
ak-47,0.0
mac-10,0.0
ak-47,0.0
glock-18,0.0
glock-18,0.0
glock-18,0.0
glock-18,0.0
glock-18,0.0
glock-18,34.11040303232056
glock-18,100.27006274478693
glock-18,239.9845922908955
ak-47,0.0
ak-47,61.28241988101273
ak-47,76.03117890810717
ak-47,0.0
ak-47,26.060908159345562
ak-47,4.590628200198857
awp,1.4354875597440755
ak-47,0.0
awp,32.180298686354185
ak-47,38.60380688805186
ak-47,0.0
ak-47,0.0
awp,0.7421872000001078
awp,33.7691727860493
awp,0.0
ak-47,50.29111791755539
ak-47,0.0
ak-47,0.0
ak-47,24.09798112872672
ak-47,0.0
ak-47,0.0
ak-47,7.784936481594502
awp,0.0
ak-47,15.905416427169708
ak-47,0.0
ak-47,0.0
awp,0.0
ak-47,0.0
ak-47,0.0
ak-47,10.46798088252152
awp,5.9771546412543985
ak-47,2.8469358246795804
ak-47,0.0
ak-47,26.390130413789848
glock-18,133.77613536764449
glock-18,47.14099788549904
glock-18,93.93894281445093
glock-18,34.16787382940971
glock-18,61.763882027488116
mac-10,7.8718061479720145
ak-47,3.3475007449297154
ak-47,0.0
ak-47,1.2522685336895598
ak-47,23.332774913730365
ak-47,19.49747906571434
ak-47,46.59024184060032
ak-47,43.159774249655776
mac-10,229.6653335580939
ak-47,0.0
ak-47,72.17145483077479
ak-47,0.0
ak-47,26.31975942762633
ak-47,0.0
ak-47,46.20723991947134
ak-47,59.54873536507584
ak-47,16.686565841918462
ak-47,19.83387595520858
ak-47,24.869527703660257
ak-47,73.09723027187776
ak-47,17.73452076889432
ak-47,42.85967423272091
glock-18,0.0
glock-18,0.0
ak-47,0.0
ak-47,0.0
ak-47,0.0
ak-47,38.00806263679253
ak-47,0.7052599054107641
ak-47,0.0
ak-47,0.0
ak-47,30.802461451572114
ak-47,50.064843207490675
ak-47,18.02886301574176
ak-47,0.0
ak-47,0.0
ak-47,0.0
ak-47,11.745076802211385
ak-47,185.2531968155563
ak-47,0.0
awp,0.0
ak-47,0.0
ak-47,0.0
ak-47,0.0
ak-47,0.0
ak-47,73.09456839922174
ak-47,0.0
ak-47,55.13614678912291
ak-47,0.0
ak-47,22.065764624412203
ak-47,0.0
ak-47,0.0
ak-47,0.0
ak-47,0.0
ak-47,0.0
awp,0.0
awp,0.0
ak-47,0.0
ak-47,0.0
ak-47,0.0
ak-47,51.781044945156374
ak-47,0.0
ak-47,27.949663455651482
ak-47,0.0
ak-47,79.91200471661239
awp,0.0
ak-47,0.0
ak-47,53.47631145273432
ak-47,25.709889509079808
ak-47,0.0
ak-47,18.68279056916209
ak-47,25.46547795981218
ak-47,0.0
glock-18,0.0
glock-18,1.6845183064618205
glock-18,121.87600303731111
ak-47,27.37839918443633
ak-47,0.0
ak-47,0.0
ak-47,0.0
ak-47,26.11533271477984
ak-47,6.920103279392657
ak-47,0.0
ak-47,0.0
ak-47,0.0
ak-47,95.83161022281459
ak-47,0.0
ak-47,35.07478195484169
ak-47,0.0
ak-47,0.0
awp,0.45869725833604025
ak-47,21.095600460754962
ak-47,0.0
awp,0.0
ak-47,5.331316327529253
ak-47,8.454477096101568
awp,0.0
glock-18,0.0
glock-18,127.98046938264582
mac-10,0.0
awp,0.0
awp,0.0
awp,0.0
ak-47,0.0
awp,0.0
ak-47,0.0
ak-47,0.0
awp,0.0
ak-47,0.0
awp,0.0
glock-18,58.049922110466696
ak-47,0.0
ak-47,0.0
ak-47,0.0
awp,0.0
ak-47,0.0
ak-47,0.0
ak-47,9.548908828726768
ak-47,0.0
ak-47,7.297101640417653
ak-47,36.543511361885436
awp,0.0
ak-47,0.0
ak-47,0.0
ak-47,0.0
ak-47,189.07648643760504
awp,0.0
awp,12.815788881998992
ak-47,6.8691831795846
ak-47,0.0
ak-47,6.789255786949332
ak-47,38.43147021778618
ak-47,0.0
ak-47,0.0
awp,5.596206116420392
ak-47,50.24192335309732
ak-47,0.0
awp,0.0
ak-47,91.51150705219658
glock-18,96.31664062412678
glock-18,0.0
glock-18,84.95915006705981
glock-18,0.0
glock-18,220.56038635717735
glock-18,105.55680068205208
glock-18,78.13664126375326
glock-18,0.0
ak-47,0.0
ak-47,0.0
ak-47,0.0
mac-10,65.92012533403353
glock-18,0.0
ak-47,0.0
ak-47,0.0
ak-47,0.0
ak-47,0.0
ak-47,0.0
ak-47,0.0
ak-47,37.01468709289545
ak-47,55.98265024903921
ak-47,12.42501228731159
awp,14.65451075541142
awp,2.80429623176101
ak-47,12.569980658570483
ak-47,0.0
awp,8.188114918463773
ak-47,71.55442506302867
ak-47,0.0
ak-47,2.786029951494599
ak-47,35.180100498797174
awp,0.0
awp,0.0
ak-47,0.0
ak-47,0.0
ak-47,0.0
ak-47,35.00396179729997
ak-47,0.0
ak-47,0.0
ak-47,14.71981599085695
ak-47,22.39707360906777
ak-47,0.0
ak-47,0.0
ak-47,0.0
awp,0.0
ak-47,0.0
ak-47,0.0
awp,0.0
glock-18,24.70627190967518
glock-18,0.0
glock-18,0.0
mac-10,234.81077725967558
ak-47,14.425789461952716
ak-47,7.477026495512772
ak-47,42.37950089184389
ak-47,59.26275986681054
ak-47,0.0
ak-47,0.0
ak-47,0.0
ak-47,71.53598235708355
ak-47,28.75857331087043
ak-47,12.6365859520046
ak-47,0.0
ak-47,65.58800288401994
ak-47,24.148479559228175
ak-47,64.80083798493509
ak-47,65.15870303664714
ak-47,0.0
ak-47,18.973030989221755
ak-47,0.0
ak-47,39.285100186894475
ak-47,13.170329054444464
awp,0.0
ak-47,19.992690242115692
ak-47,6.953385599821499
ak-47,29.10791218202845
ak-47,4.68739736793895
ak-47,0.0
ak-47,49.85200539828332
awp,0.0
awp,0.0
ak-47,0.0
ak-47,33.29033080850721
ak-47,0.0
ak-47,32.36773108015673
ak-47,54.288749536684264
awp,0.0
awp,0.0
ak-47,4.381384849921883
ak-47,0.0
ak-47,0.0
awp,0.0
ak-47,0.0
ak-47,0.0
awp,2.210938
awp,21.828527644818948
awp,8.0870507989625
ak-47,0.0
ak-47,0.0
awp,1.6750116604071745
awp,25.64988570559255
ak-47,9.394006666288725
awp,6.40453483137144
awp,13.508218671163455
awp,0.0
ak-47,0.0
awp,0.0
awp,10.466843474984902
awp,0.0
awp,0.0
awp,6.530638290432949
awp,0.0
ak-47,0.0
awp,6.368457769914785
ak-47,11.30903783951
awp,0.0
ak-47,0.0
ak-47,22.927631136496636
ak-47,0.0
ak-47,0.0
awp,0.0
ak-47,9.013231012092389
ak-47,58.14351643639937
ak-47,28.320268318931056
glock-18,0.0
glock-18,88.20763818076443
glock-18,131.30007443908767
glock-18,0.0
glock-18,110.48985741548559
glock-18,95.26792325458534
ak-47,164.59641842103142
ak-47,74.58128882234702
awp,14.496780163215073
awp,10.83690895987818
ak-47,0.0
ak-47,78.60597293537678
ak-47,103.49455360875183
ak-47,12.492600844787606
ak-47,17.991624621867253
ak-47,0.0
ak-47,3.9066957380686818
ak-47,25.894166978958406
ak-47,3.0479965884372313
ak-47,1.8951108082605619
ak-47,29.499247548070514
ak-47,20.841153023748806
ak-47,40.23176643864727
ak-47,10.42698105910028
awp,0.0
ak-47,20.756040269637296
mac-10,10.138325528964337
ak-47,38.03575004281283
ak-47,12.480779704576955
ak-47,0.0
ak-47,34.51402731820325
glock-18,61.40710072835474
glock-18,0.0
glock-18,56.15098612755327
glock-18,85.4347343353923
glock-18,0.0
ak-47,9.012030527333227
awp,7.07995359807732
awp,33.41995561749874
awp,7.009908164561502
awp,7.2912743808390585
awp,0.0
ak-47,0.0
ak-47,11.866388387676682
ak-47,0.19394028710146843
ak-47,24.943757176830438
ak-47,9.128699084512863
ak-47,0.0
ak-47,0.0
ak-47,0.0
awp,4.701095748578728
ak-47,0.0
glock-18,0.0
glock-18,0.0
ak-47,0.0
ak-47,0.0
ak-47,0.0
ak-47,0.0
ak-47,0.0
ak-47,37.21513135540173
ak-47,0.0
ak-47,0.0
ak-47,77.39919213704233
ak-47,2.700007233786606
ak-47,51.338606685050436
mac-10,0.0
ak-47,19.049239752710605
ak-47,26.021284703209197
ak-47,0.0
ak-47,7.226592060750351
ak-47,0.0
ak-47,0.0
awp,0.0
ak-47,0.0
ak-47,6.964562222647236
ak-47,0.0
ak-47,0.0
ak-47,0.0
ak-47,0.0
awp,0.0
awp,0.0
ak-47,0.0
ak-47,0.0
mac-10,0.0
ak-47,0.0
awp,0.0
awp,0.0
awp,0.0
ak-47,0.0
ak-47,0.0
awp,0.0
ak-47,0.0
awp,0.0
ak-47,0.0
ak-47,132.9102726128697
glock-18,0.0
glock-18,0.0
awp,0.0
awp,0.0
ak-47,0.0
ak-47,0.0
ak-47,0.0
ak-47,0.0
ak-47,0.0
ak-47,0.0
ak-47,0.0
ak-47,0.0
ak-47,0.0
ak-47,0.0
ak-47,0.0
ak-47,0.0
ak-47,0.0
awp,15.282312159927764
awp,0.26573985017117774
ak-47,0.0
ak-47,0.0
glock-18,0.0
glock-18,0.0
glock-18,0.0
ak-47,0.0
ak-47,0.0
ak-47,0.0
ak-47,0.0
ak-47,0.0
ak-47,0.0
ak-47,9.316549559956465
ak-47,0.0
ak-47,0.0
ak-47,0.0
ak-47,0.0
ak-47,0.0
ak-47,0.0
ak-47,0.0
ak-47,0.0
ak-47,23.708817720725765
ak-47,0.0
ak-47,88.45913838548476
ak-47,0.0
ak-47,0.0
ak-47,45.70733802030418
ak-47,0.0
ak-47,0.0
ak-47,0.0
ak-47,0.0
awp,4.96664943570492
ak-47,51.488832318432166
ak-47,0.0
awp,1.9414185283817604
awp,3.6189522275910195
ak-47,0.0
ak-47,0.0
ak-47,0.0
ak-47,0.0
awp,12.445368898961975
ak-47,0.0
ak-47,0.0
ak-47,0.0
ak-47,0.0
ak-47,0.0
awp,0.0
awp,0.0
ak-47,28.826021653010738
awp,7.269536001341832
ak-47,0.0
glock-18,19.534915387706032
glock-18,30.101015219618574
glock-18,0.0
glock-18,0.0
ak-47,1.650107530527935
ak-47,66.21293925498385
ak-47,54.20225661708151
awp,0.0
ak-47,20.294658119310313
ak-47,0.0
mac-10,96.64124183956335
ak-47,0.0
awp,18.657852998553317
ak-47,0.0
awp,0.0
ak-47,26.354657493442787
awp,0.0
glock-18,65.84848742458303
ak-47,0.0
ak-47,37.40163323864306
awp,0.0
awp,0.0
awp,9.423912554764291
ak-47,23.456555837917552
ak-47,0.0
awp,0.0
awp,9.415446604682382
awp,0.0
ak-47,41.47083406594326
awp,0.0
ak-47,0.0
ak-47,0.0
ak-47,0.0
awp,0.0
ak-47,0.0
ak-47,0.0
ak-47,0.0
ak-47,0.0
awp,0.0
ak-47,0.0
ak-47,0.0
ak-47,0.0
awp,0.0
glock-18,0.0
glock-18,0.0
glock-18,157.39102319589807
glock-18,28.14936309832334
glock-18,0.0
ak-47,20.808625767949838
ak-47,0.0
mac-10,33.30065608357709
mac-10,31.717981715372115
ak-47,0.0
ak-47,0.0
ak-47,23.865001048171695
ak-47,21.573095128370547
ak-47,0.0
ak-47,9.759589253772107
ak-47,92.1811080940836
ak-47,0.0
ak-47,0.0
ak-47,0.0
ak-47,0.0
ak-47,0.0
ak-47,0.0
ak-47,0.0
glock-18,0.0
awp,0.0
ak-47,5.933160420730675
ak-47,1.356588379446765
ak-47,0.0
ak-47,14.430803484855097
ak-47,19.22573551909003
ak-47,6.366714391855583
ak-47,98.3642952157589
ak-47,0.0
awp,0.0
ak-47,18.82408039036619
ak-47,3.6532706134099895
awp,0.0
ak-47,0.0
ak-47,41.948065755048155
awp,0.0
awp,0.0
ak-47,30.103860743111092
ak-47,9.893210981398354
ak-47,10.027672310160568
ak-47,9.015626046306268
awp,0.0
ak-47,0.44055111075674297
awp,19.45524427339079
awp,34.00076136851456
glock-18,0.0
glock-18,0.0
glock-18,0.0
glock-18,76.74436532639113
glock-18,0.0
ak-47,0.0
mac-10,7.678558835678021
mac-10,239.9828010106088
mac-10,193.85370834612107
mac-10,2.9562648651846133
ak-47,0.0
awp,0.0
awp,10.493499196675293
ak-47,2.712468403473854
awp,35.71220071350622
awp,0.0
awp,33.34776542233415
ak-47,0.0
ak-47,0.0
ak-47,41.214660835092516
awp,0.0
awp,0.0
ak-47,0.0
ak-47,0.0
ak-47,0.0
ak-47,0.0
ak-47,19.174531939263705
ak-47,66.38857135100396
ak-47,0.0
ak-47,0.0
ak-47,0.0
ak-47,0.0
ak-47,24.303668111377117
ak-47,0.0
ak-47,0.0
ak-47,0.0
ak-47,0.0
ak-47,0.0
ak-47,0.0
ak-47,0.0
glock-18,25.006078558971637
glock-18,67.3985770447129
glock-18,104.62939630206311
ak-47,0.0
ak-47,0.0
ak-47,0.0
ak-47,0.0
ak-47,0.0
ak-47,8.581967418515466
ak-47,32.80167686804242
ak-47,0.0
ak-47,41.24934447587269
ak-47,7.176320821575635
awp,0.0
ak-47,0.0
ak-47,29.94643743151836
awp,1.8219217264591803
ak-47,0.0
ak-47,70.81503063026199
ak-47,0.0
ak-47,2.2471036782990232
ak-47,3.6879057779916233
ak-47,14.331435134781897
ak-47,0.0
ak-47,0.0
ak-47,111.18118246452482
awp,0.5978986869395182
awp,9.103128950769399
ak-47,7.128374338032831
ak-47,11.784778401632591
ak-47,0.0
ak-47,0.0
ak-47,20.447370882508
ak-47,77.0631545757188
ak-47,23.97594792870209
ak-47,0.0
ak-47,41.86797499151805
ak-47,14.433690773692847
ak-47,5.851526383212161
glock-18,61.32196238724313
glock-18,17.263880736666483
mac-10,134.76851873871487
mac-10,226.80823107357807
awp,0.0
ak-47,15.018343172725412
ak-47,0.0
awp,0.0
ak-47,0.0
ak-47,32.71957272956395
ak-47,11.736230387331744
ak-47,39.73889809159509
awp,0.0
awp,0.0
awp,0.0
ak-47,5.798475183453405
glock-18,0.0
glock-18,0.0
glock-18,0.0
ak-47,0.0
awp,16.370008876515246
awp,0.0
awp,0.0
ak-47,10.103548674819555
ak-47,5.946776729925717
ak-47,12.243691238652705
ak-47,0.0
awp,0.0
awp,0.0
awp,0.0
awp,0.0
awp,0.0
awp,33.9526504223621
ak-47,0.0
awp,3.195541331659473
ak-47,16.14208457824608
awp,3.52978483293203
awp,0.0
ak-47,0.0
ak-47,28.03282203646513
ak-47,0.0
awp,0.0
ak-47,31.079374233675235
ak-47,0.0
ak-47,0.0
glock-18,0.0
glock-18,0.0
glock-18,84.16668655153421
glock-18,0.0
ak-47,0.0
ak-47,0.0
ak-47,29.21223909661882
ak-47,0.0
awp,3.8515629411764776
ak-47,0.0
awp,5.071284794487192
ak-47,0.0
ak-47,0.0
ak-47,0.0
ak-47,0.0
ak-47,0.0
ak-47,0.0
ak-47,0.0
ak-47,41.77783438529102
ak-47,14.345087823640851
ak-47,0.0
ak-47,61.860472173902174
ak-47,58.23782408882209
awp,0.0
ak-47,3.76402200411488
ak-47,0.0
awp,8.437573240827957
awp,0.0
ak-47,0.0
ak-47,0.0
ak-47,0.0
ak-47,14.552489437888076
ak-47,0.0
ak-47,20.7150747229486
ak-47,69.57333616483739
awp,7.418385442795555
awp,0.0
ak-47,0.0
ak-47,24.33617884003526
ak-47,11.480520790329505
awp,0.0
ak-47,0.0
glock-18,79.46582586543467
ak-47,0.0
mac-10,227.34048214701
ak-47,0.0
ak-47,0.0
ak-47,0.0
ak-47,0.0
ak-47,52.97144397647779
ak-47,11.784519576635272
ak-47,66.01922694312596
ak-47,0.0
ak-47,211.32950099602863
ak-47,14.628173026384532
ak-47,31.940163936110675
ak-47,5.760197506527793
ak-47,0.0
ak-47,0.0
ak-47,0.0
ak-47,73.07965867905693
glock-18,0.0
glock-18,0.0
glock-18,0.0
glock-18,115.65188132183174
ak-47,37.48615817568156
ak-47,42.82256767456758
ak-47,23.026535415159312
ak-47,0.0
ak-47,0.0
ak-47,0.0
ak-47,0.0
ak-47,0.0
ak-47,0.0
ak-47,0.0
ak-47,13.625716724268122
ak-47,0.0
ak-47,0.0
ak-47,0.0
ak-47,6.5151767057261
ak-47,0.0
ak-47,0.0
ak-47,48.618417123400484
ak-47,0.0
ak-47,0.0
ak-47,0.0
ak-47,8.659267299041531
ak-47,0.0
ak-47,0.0
ak-47,0.0
ak-47,6.150553358219486
ak-47,25.501728074105586
ak-47,0.0
ak-47,0.0
ak-47,0.0
ak-47,0.0
ak-47,0.0
ak-47,0.0
ak-47,0.0
awp,2.9491961533489084
ak-47,0.0
ak-47,0.0
ak-47,0.0
ak-47,35.92722851330813
awp,36.15206140435397
awp,0.2903524309868956
glock-18,29.688389672392876
glock-18,63.30818871056492
glock-18,14.146267446743858
glock-18,36.801407143228644
glock-18,25.592636321160583
glock-18,138.35726015843838
glock-18,0.0
glock-18,0.0
ak-47,0.0
ak-47,0.0
ak-47,0.0
ak-47,0.0
awp,0.0
awp,0.0
ak-47,73.09245354327344
ak-47,73.0979684278657
ak-47,0.0
ak-47,47.93166573444037
ak-47,0.0
ak-47,0.0
ak-47,0.0
ak-47,0.0
ak-47,0.0
ak-47,0.0
ak-47,0.0
ak-47,185.33748958997322
awp,0.0
ak-47,0.0
ak-47,0.0
awp,7.345121279950931
awp,0.0
ak-47,0.0
ak-47,0.0
ak-47,0.0
ak-47,0.0
awp,6.48221381264472
ak-47,0.0
ak-47,31.540760613500193
ak-47,0.0
ak-47,0.0
ak-47,0.0
mac-10,88.7629304069261
mac-10,224.38349808874753
ak-47,28.40118302581118
ak-47,18.281643047856395
ak-47,38.972303691408605
ak-47,13.57122148308578
ak-47,31.40958164762869
ak-47,17.714582879804677
ak-47,5.1998448455669335
ak-47,25.04824117164654
ak-47,5.839205349804714
ak-47,0.0
ak-47,0.0
ak-47,21.462154204316118
ak-47,4.828416166786786
awp,0.0
ak-47,0.0
ak-47,0.0
ak-47,0.0
ak-47,0.0
ak-47,10.417230140718214
ak-47,64.47028383090387
ak-47,0.0
ak-47,74.3573552798699
ak-47,23.59098835153678
ak-47,29.086508528909825
awp,0.0
awp,28.79810907667427
ak-47,0.0
awp,31.16545840109826
ak-47,1.8867024398881769
ak-47,11.078006729402182
glock-18,44.69038226534206
ak-47,32.79009327750473
awp,0.0
ak-47,0.0
awp,2.831188567516124
ak-47,0.0
awp,25.081545614336708
ak-47,0.0
ak-47,45.356127223739946
ak-47,0.0
ak-47,43.68397940638357
ak-47,1.1303714950391308
glock-18,0.0
glock-18,0.0
glock-18,0.0
mac-10,0.0
mac-10,0.0
ak-47,2.4443513486454846
awp,6.1630131058573125
ak-47,0.0
ak-47,18.63529432011904
awp,13.868452508391304
awp,0.0
ak-47,0.0
ak-47,0.0
ak-47,0.0
awp,0.0
awp,3.143442860740115
ak-47,12.419350041767926
ak-47,66.36610309269304
ak-47,0.0
ak-47,18.527951351516986
awp,35.03397486057284
ak-47,0.0
awp,34.828229981566174
awp,4.949676913185547
ak-47,21.607045050977263
ak-47,18.306693262146936
ak-47,0.0
ak-47,0.0
ak-47,0.0
ak-47,18.768500936940114
awp,15.857172421211953
awp,5.017724830207412
ak-47,0.9447387468528006
ak-47,1.4026444060537937
ak-47,21.66232167766311
ak-47,1.3394975612344355
ak-47,29.446307982575473
ak-47,0.0
ak-47,0.0
ak-47,0.0
ak-47,0.0
awp,0.0
ak-47,0.0
ak-47,105.05967684768426
awp,13.586578414835024
ak-47,0.0
awp,0.0
awp,12.143653791274849
awp,9.572314344920406
ak-47,0.0
glock-18,229.72528653892377
mac-10,0.0
ak-47,38.123644439669
ak-47,0.0
mac-10,0.0
ak-47,72.7245645777776
ak-47,41.2353015953109
ak-47,0.4738167736171864
ak-47,34.22594560480351
ak-47,21.568415175972596
ak-47,5.361310360021513
ak-47,8.077630211877986
ak-47,31.961070222469477
glock-18,45.10841020503367
awp,2.905670096333202
ak-47,20.82979199067422
awp,0.8805626752253357
ak-47,0.0
ak-47,0.0
ak-47,0.0
awp,3.0941667331385037
mac-10,0.0
ak-47,0.0
ak-47,45.84819613366882
ak-47,12.531966424930525
ak-47,13.276656846336769
mac-10,0.0
ak-47,51.75478207811792
awp,11.335346213688402
awp,2.9473971924328417
awp,0.0
awp,0.2682824767013306
awp,0.0
awp,8.50199765333989
ak-47,0.0
awp,4.365674466210462
awp,9.136660879519606
awp,2.029375424189669
ak-47,0.0
ak-47,15.785867208222202
ak-47,0.0
ak-47,11.858133675475791
awp,3.8719053674909203
ak-47,0.0
ak-47,0.0
ak-47,0.0
ak-47,0.0
awp,11.41362465309246
ak-47,0.0
awp,1.2855534481183581
awp,0.0
ak-47,0.0
awp,0.0
ak-47,0.0
ak-47,65.51657014662278
ak-47,4.39482439011185
ak-47,0.0
ak-47,7.357187251448003
ak-47,0.0
ak-47,0.0
ak-47,0.0
awp,0.0
awp,0.0
awp,0.0
awp,0.0
ak-47,20.962527158294726
ak-47,0.0
ak-47,34.05696739368742
ak-47,0.0
ak-47,1.1268027075744005
awp,15.496384233621242
ak-47,19.14623803705783
ak-47,33.73622358626266
glock-18,0.0
glock-18,0.0
glock-18,0.0
ak-47,0.0
ak-47,0.0
ak-47,0.0
mac-10,57.804841131198735
ak-47,57.42833760146613
ak-47,7.956564281768984
ak-47,0.0
ak-47,0.0
ak-47,0.0
ak-47,49.383321692676205
ak-47,0.0
awp,0.0
awp,0.0
awp,0.0
ak-47,14.335858736159652
ak-47,0.0
ak-47,0.0
ak-47,0.0
ak-47,0.0
ak-47,38.01484515053739
ak-47,0.0
ak-47,0.0
ak-47,0.0
ak-47,30.47063751147109
ak-47,0.0
awp,0.0
ak-47,0.0
ak-47,0.0
ak-47,0.0
ak-47,0.0
awp,0.0
ak-47,0.0
ak-47,0.0
awp,0.0
ak-47,27.952633379506622
ak-47,112.06711445394755
awp,0.0
ak-47,34.10862954633764
mac-10,0.0
glock-18,0.0
glock-18,0.0
glock-18,0.0
glock-18,0.0
ak-47,100.64535675637097
ak-47,37.52466996247894
ak-47,0.0
mac-10,0.0
mac-10,205.22293395943342
ak-47,0.0
ak-47,0.0
ak-47,0.0
awp,0.48230674866209367
ak-47,0.0
ak-47,0.0
awp,0.0
ak-47,0.0
ak-47,0.0
ak-47,0.0
ak-47,3.5923612484826744
ak-47,0.0
awp,0.0
ak-47,0.0
ak-47,0.0
ak-47,0.0
ak-47,0.0
ak-47,0.0
ak-47,20.22589131137612
ak-47,0.0
ak-47,0.0
glock-18,0.0
glock-18,65.8642073841312
glock-18,0.0
glock-18,139.94209181836607
glock-18,0.0
mac-10,118.92197516465359
mac-10,166.64147132145612
mac-10,58.648954242886376
mac-10,21.810168506551708
awp,0.0
ak-47,14.729215257327187
ak-47,2.8175136919449035
awp,0.0
ak-47,0.0
awp,0.0
ak-47,24.07161867568787
ak-47,49.07541651702343
ak-47,11.516622028369952
awp,0.0
ak-47,24.265262795107432
ak-47,0.0
ak-47,0.0
ak-47,5.305704950543047
ak-47,0.0
ak-47,0.0
ak-47,0.0
awp,0.0
ak-47,0.0
awp,0.0
awp,0.0
ak-47,0.0
ak-47,0.0
ak-47,0.0
ak-47,0.0
ak-47,0.0
awp,0.0
ak-47,0.0
awp,0.0
ak-47,0.0
ak-47,3.1053903675642776
awp,5.054599708641626
mac-10,0.6904242025950422
ak-47,0.0
ak-47,0.0
ak-47,0.0
ak-47,71.05670326381374
ak-47,0.0
awp,0.0
ak-47,0.0
awp,0.0
glock-18,33.33593705882353
glock-18,10.862716115334322
ak-47,0.0
ak-47,0.0
ak-47,0.0
awp,5.796309700178296
awp,30.873015180240106
awp,11.464484889613662
ak-47,57.20916811155031
awp,13.416003741705687
ak-47,35.347090910787394
awp,12.909112238232998
ak-47,28.935847199795653
ak-47,0.0
ak-47,7.0347832749549575
awp,0.0
awp,22.268394360670552
ak-47,11.563562803677767
awp,9.63047836334395
ak-47,0.0
ak-47,16.91001111068316
ak-47,0.0
ak-47,0.0
ak-47,0.0
mac-10,0.0
awp,0.0
ak-47,0.0
awp,0.0
ak-47,0.0
ak-47,15.795214936883385
awp,0.0
ak-47,8.293004629279427
awp,0.0
ak-47,26.178195731612217
ak-47,30.434439887460194
ak-47,0.0
glock-18,224.23578277902584
glock-18,14.585916715228564
glock-18,120.63018126770633
awp,0.7641291394764369
awp,0.0
awp,0.0
ak-47,0.0
ak-47,0.0
awp,0.0
glock-18,99.58145610739234
awp,14.519467669520463
awp,0.0
ak-47,214.99982634959167
awp,0.0
awp,0.0
ak-47,3.3168662578495685
ak-47,0.0
ak-47,57.2150825729381
awp,0.0
ak-47,9.350390716686015
ak-47,0.0
ak-47,0.0
ak-47,0.0
awp,0.0
ak-47,0.0
ak-47,8.57010885051742
ak-47,2.5794775286954916
ak-47,3.087237324036168
ak-47,0.0
ak-47,79.23792451623544
ak-47,12.987847892056173
ak-47,63.04760521119885
ak-47,0.0
ak-47,5.669713218107773
awp,8.244857051804356
ak-47,18.631073471059604
ak-47,0.0
ak-47,0.0
ak-47,0.0
ak-47,31.06486559154586
ak-47,0.0
ak-47,73.10470638545185
ak-47,36.8112144465154
ak-47,27.993207808365657
awp,10.138849394866265
awp,1.7623078638070024
glock-18,88.45220661097487
glock-18,159.29059230859323
glock-18,227.7289759976521
glock-18,165.2821924752312
awp,0.34036027557281123
awp,1.9397057070259396
ak-47,23.987504885356458
ak-47,33.53362073696291
ak-47,23.90456858299913
ak-47,49.23591953629953
awp,0.0
ak-47,21.234143353403287
ak-47,14.451846100951462
ak-47,30.88135488973772
awp,11.439156876648909
awp,0.0
mac-10,0.0
awp,36.5020235356115
ak-47,0.0
ak-47,19.728811957035933
ak-47,0.0
mac-10,0.0
ak-47,18.690857244418993
ak-47,0.0
ak-47,51.06936883463481
ak-47,0.0
ak-47,11.67865861249934
ak-47,5.778952887891457
ak-47,33.46162243199289
ak-47,54.131994397195164
ak-47,0.0
ak-47,15.24020126291579
awp,0.0
ak-47,1.004270890975637
awp,1.763651239122123
ak-47,0.4629364695128264
ak-47,10.094598235934008
ak-47,0.0
ak-47,2.9454397755988833
ak-47,12.021648527524667
ak-47,28.48479290261444
ak-47,0.0
ak-47,5.668055146826026
awp,0.0
ak-47,45.84309689873742
ak-47,1.0923263502584746
ak-47,65.19893682436351
ak-47,22.4686553897304
ak-47,0.0
ak-47,36.19459336974477
ak-47,0.0
ak-47,0.0
ak-47,0.0
ak-47,0.0
ak-47,38.272411008123804
ak-47,0.0
ak-47,13.698554326095875
awp,0.0
awp,0.0
awp,0.0
ak-47,109.72828103481558
ak-47,8.151370180487204
awp,4.199434950829695
ak-47,0.0
ak-47,56.66949483928584
ak-47,0.0
ak-47,21.977418382907125
awp,9.488713338989907
awp,8.796550948627365
ak-47,21.87081763142814
awp,0.0
ak-47,0.0
ak-47,9.940644156693267
ak-47,0.0
ak-47,0.0
ak-47,22.90034487746497
ak-47,66.43337409568556
ak-47,42.583594832143106
ak-47,111.40129220239012
awp,0.0
awp,8.031891676457297
ak-47,0.0
awp,0.0
ak-47,0.0
ak-47,0.0
ak-47,0.0
ak-47,0.0
ak-47,73.0984851987412
ak-47,0.0
ak-47,9.66828275433259
awp,0.0
ak-47,57.49109564393293
ak-47,18.425113430446093
awp,0.0
ak-47,16.16538618537958
awp,0.0
awp,6.910161180043487
ak-47,14.77101708212339
glock-18,0.0
ak-47,0.0
ak-47,0.0
awp,0.0
awp,0.0
glock-18,0.0
ak-47,28.670816356614058
ak-47,75.6861427928996
ak-47,22.61117184435174
ak-47,0.0
awp,0.0
ak-47,56.833128582367884
ak-47,5.346874792792983
awp,0.0
ak-47,0.0
ak-47,0.0
ak-47,0.0
ak-47,0.0
ak-47,0.0
awp,0.0
awp,0.0
ak-47,0.0
mac-10,0.0
ak-47,0.0
ak-47,0.0
ak-47,0.0
ak-47,0.0
ak-47,0.0
awp,0.0
ak-47,0.0
awp,1.0494148011177467
glock-18,0.0
glock-18,0.0
ak-47,0.0
ak-47,0.0
ak-47,0.0
ak-47,17.851083721369523
ak-47,14.378539628985449
ak-47,0.6381066621694214
ak-47,9.86842411886741
awp,18.001752334625316
ak-47,192.93688059201673
awp,0.0
ak-47,0.0
ak-47,0.0
ak-47,0.0
ak-47,2.7347915363456865
awp,10.989876425306429
ak-47,0.0
ak-47,0.0
awp,0.0
ak-47,22.330564648071686
awp,0.0
awp,0.0
ak-47,0.0
ak-47,0.0
ak-47,0.0
ak-47,0.0
ak-47,0.0
ak-47,0.0
ak-47,0.0
ak-47,0.0
ak-47,12.580687660332245
ak-47,0.0
ak-47,0.0
ak-47,6.787137328912757
ak-47,0.0
ak-47,0.0
mac-10,0.0
ak-47,39.6493942310677
ak-47,161.61373423784195
ak-47,25.782741490626265
ak-47,40.17590166112243
ak-47,6.317584804087398
ak-47,0.0
ak-47,0.0
ak-47,42.8215989386214
glock-18,84.92291732065357
ak-47,42.1453818019302
ak-47,57.41521062262024
ak-47,29.75558481055227
ak-47,25.5790582514153
ak-47,66.24320526800985
ak-47,35.13199781875926
ak-47,12.58027193276616
ak-47,6.5255282951842295
ak-47,18.3246186690798
ak-47,10.16855724651172
ak-47,26.466113732406576
ak-47,0.0
ak-47,52.93647794318486
ak-47,7.700496180112163
ak-47,21.596760524380986
ak-47,7.604806052086009
ak-47,27.432022979949203
awp,0.0
ak-47,3.732308868154537
ak-47,0.0
ak-47,16.546687176718184
ak-47,1.1347383576759007
ak-47,0.0
ak-47,0.0
ak-47,76.47603816506714
ak-47,45.339703806624726
ak-47,31.43616859674488
ak-47,29.38581277363599
ak-47,58.91392486011761
ak-47,0.0
ak-47,0.0
ak-47,0.0
ak-47,28.75524447334225
mac-10,55.593363545593284
ak-47,54.18980777809923
ak-47,0.0
ak-47,0.0
ak-47,38.7268930651617
ak-47,0.0
ak-47,0.0
awp,0.0
ak-47,0.0
ak-47,0.0
mac-10,32.37230020113646
ak-47,19.234275162921243
ak-47,6.937658359679078
ak-47,0.0
awp,0.0
ak-47,8.047727779812698
awp,0.0
ak-47,0.0
awp,0.0
ak-47,63.87892906213284
awp,0.0
awp,0.0
ak-47,0.0
awp,0.0
awp,0.0
ak-47,0.0
ak-47,67.53528085494463
mac-10,0.0
ak-47,2.418394676743232
awp,0.0
ak-47,12.773447556570975
ak-47,0.0
ak-47,0.0
ak-47,0.0
ak-47,0.0
ak-47,24.56157170597942
ak-47,0.0
ak-47,71.9396793518971
ak-47,16.842222278932464
ak-47,7.371167753801835
mac-10,0.0
mac-10,19.786537849712996
ak-47,0.0
ak-47,0.0
glock-18,38.50312297094386
ak-47,0.0
ak-47,0.0
ak-47,0.0
ak-47,0.0
ak-47,0.0
glock-18,183.66336572983184
glock-18,40.326163458385935
glock-18,190.10158912981154
glock-18,114.76685594387833
glock-18,116.08285480165597
mac-10,26.761727758080962
mac-10,71.70295396089598
mac-10,0.0
mac-10,0.0
ak-47,0.0
ak-47,0.0
ak-47,0.0
ak-47,0.0
awp,0.0
ak-47,7.8591774396144025
ak-47,0.0
ak-47,70.55778623656974
ak-47,0.0
ak-47,0.0
ak-47,0.0
ak-47,0.0
ak-47,44.295898
ak-47,38.236635354109346
ak-47,0.0
ak-47,48.958764034290944
ak-47,0.0
awp,0.0
ak-47,0.0
ak-47,0.0
ak-47,0.0
ak-47,0.0
ak-47,0.0
awp,0.0
ak-47,41.67787522445915
glock-18,88.87577885090779
ak-47,0.0
ak-47,0.0
ak-47,0.0
ak-47,85.32997918236842
ak-47,0.0
ak-47,0.0
ak-47,0.0
glock-18,0.0
glock-18,217.99688890260416
glock-18,0.0
ak-47,0.0
ak-47,0.0
ak-47,0.0
ak-47,0.0
awp,0.0
ak-47,0.0
awp,0.0
awp,0.0
ak-47,0.0
ak-47,0.0
ak-47,0.0
ak-47,0.0
ak-47,0.0
ak-47,29.62284103288059
awp,0.0
ak-47,0.0
awp,0.0
ak-47,37.37301991978712
awp,0.0
ak-47,0.0
ak-47,21.124562765353133
ak-47,1.5061109207057095
ak-47,0.0
awp,0.0
awp,0.0
ak-47,43.88061070497763
ak-47,0.0
ak-47,0.0
ak-47,0.0
ak-47,0.0
ak-47,0.0
ak-47,0.0
ak-47,0.0
ak-47,0.0
awp,29.4913798726504
ak-47,9.408404594129443
glock-18,0.0
ak-47,0.0
ak-47,0.0
ak-47,0.0
ak-47,0.0
ak-47,37.75248847400957
ak-47,15.24833546112365
awp,0.0
ak-47,0.0
ak-47,0.0
awp,0.0
ak-47,11.160092180643893
ak-47,13.918956609237776
ak-47,13.602282584863946
ak-47,29.399618260286747
awp,0.9735895527315399
ak-47,49.87963565928842
ak-47,41.63825480054323
awp,0.0
awp,0.0
ak-47,0.0
awp,0.0
awp,11.707513708610595
awp,0.0
ak-47,0.0
ak-47,0.0
ak-47,0.0
awp,0.0
ak-47,0.0
ak-47,95.32117781187377
awp,0.0
awp,0.0
awp,0.0
ak-47,0.0
ak-47,0.0
ak-47,0.0
ak-47,0.0
ak-47,0.0
ak-47,0.0
ak-47,0.0
ak-47,0.0
ak-47,0.0
ak-47,28.34247137287892
ak-47,0.0
glock-18,0.0
glock-18,0.0
glock-18,0.0
glock-18,0.0
glock-18,0.0
glock-18,0.0
glock-18,0.0
awp,0.4182417718114727
awp,0.0
ak-47,0.0
ak-47,0.0
ak-47,0.0
awp,13.096136417375163
ak-47,0.0
ak-47,32.525652212366836
awp,40.811513390340735
ak-47,0.0
ak-47,24.41816090599884
ak-47,29.29432072198466
awp,0.0
ak-47,0.0
awp,0.0
ak-47,0.0
ak-47,0.0
ak-47,0.0
awp,3.062021646314735
awp,26.78941087304469
ak-47,0.0
ak-47,0.0
ak-47,19.140257793205947
ak-47,0.0
awp,0.0
awp,0.0
ak-47,0.0
ak-47,0.0
ak-47,0.0
ak-47,0.0
ak-47,0.0
awp,0.0
awp,0.0
awp,0.9436729557749337
awp,12.875664507388967
awp,14.195647377998265
ak-47,0.0
ak-47,0.0
awp,16.20820433393129
awp,19.11535321451385
awp,0.0
ak-47,12.058929683245896
ak-47,0.0
ak-47,0.0
awp,8.379855990288199
glock-18,0.0
ak-47,0.0
ak-47,46.901622648169116
ak-47,21.2472610377307
ak-47,0.0
ak-47,0.0
ak-47,0.0
ak-47,0.0
ak-47,57.52761734864829
ak-47,43.123471684105446
ak-47,0.0
ak-47,1.1397685140523053
ak-47,45.31939602697724
ak-47,15.057612342371051
ak-47,16.90348435095927
ak-47,58.70292537229831
ak-47,0.0
awp,16.516396002698922
awp,16.516396002698922
ak-47,0.0
ak-47,0.0
awp,0.0
awp,10.53685866968899
ak-47,61.844522986255306
ak-47,15.720493020407725
ak-47,0.0
awp,0.0
ak-47,46.351078747128
awp,0.304688
ak-47,0.0
ak-47,29.839255355453645
ak-47,32.591388071359724
ak-47,214.997227737632
ak-47,0.0
awp,0.0
ak-47,80.82429004615551
awp,4.296284997220739
awp,9.625012682621515
awp,1.08605040420277
awp,0.0
awp,4.255644569613515
awp,1.8280426257483713
ak-47,0.0
awp,9.139153621906408
awp,0.0
ak-47,0.0
ak-47,12.677572099995567
ak-47,24.930941494001864
ak-47,0.0
awp,6.488896221081749
awp,0.0
ak-47,42.31834777356247
ak-47,69.79006667717611
awp,0.0
ak-47,71.96603270488967
ak-47,0.0
ak-47,0.0
ak-47,20.89554614877221
awp,11.719533927612863
awp,10.614723890956844
ak-47,0.0
ak-47,0.0
awp,0.0
ak-47,0.0
ak-47,0.0
ak-47,0.0
awp,3.1743079308479194
ak-47,0.0
ak-47,0.0
ak-47,0.0
ak-47,14.359461744977386
ak-47,0.0
ak-47,15.29453481189621
ak-47,0.0
ak-47,0.0
awp,2.945934321917751
ak-47,0.0
ak-47,0.0
ak-47,21.53335418555291
ak-47,0.0
ak-47,0.0
ak-47,31.806560725417768
ak-47,0.0
ak-47,0.0
awp,0.0
awp,0.0
ak-47,0.0
ak-47,3.8240411890596837
ak-47,14.258923330015138
ak-47,0.0
glock-18,50.42665914270865
ak-47,3.311264693012022
ak-47,27.88788562898717
ak-47,24.93280176474044
ak-47,31.311115725139274
ak-47,48.19529858676246
mac-10,0.0
ak-47,4.4262409960901365
ak-47,0.0
awp,0.0
ak-47,16.91040845344961
ak-47,43.734418025479016
ak-47,0.0
ak-47,0.0
ak-47,0.0
ak-47,0.0
ak-47,0.0
ak-47,0.0
ak-47,0.0
ak-47,0.0
awp,0.0
ak-47,0.0
ak-47,0.0
ak-47,41.30693277541314
awp,0.0
ak-47,0.0
awp,0.0
ak-47,45.822259778741476
ak-47,12.94489085413956
awp,0.0
ak-47,96.48921401685188
awp,0.3042868391320926
awp,15.62510986383251
awp,0.0
awp,0.0
awp,0.0
awp,0.0
ak-47,0.0
ak-47,7.844586890799604
awp,6.369891406780809
awp,5.6604101264665445
ak-47,0.0
ak-47,0.0
ak-47,0.0
ak-47,90.76846528216552
ak-47,20.257818025838052
ak-47,0.0
ak-47,17.458547356127
glock-18,0.0
glock-18,0.0
glock-18,0.0
glock-18,0.0
ak-47,0.0
mac-10,0.0
ak-47,0.0
mac-10,0.0
mac-10,240.00401467458406
ak-47,0.0
ak-47,0.0
awp,6.040049151855968
ak-47,0.0
ak-47,0.0
ak-47,28.49528186151504
ak-47,0.0
ak-47,0.0
ak-47,0.0
ak-47,0.0
ak-47,0.0
ak-47,0.0
glock-18,0.0
ak-47,0.0
ak-47,0.0
awp,0.0
awp,10.958517752329692
ak-47,0.0
ak-47,4.225255400934363
awp,22.293744897234493
ak-47,60.39971026420574
ak-47,3.199749940180951
ak-47,10.753156807158353
ak-47,25.937175341473406
ak-47,67.72957231960557
awp,2.1973143234603465
awp,0.0
glock-18,151.5266460866618
glock-18,7.063084346608428
glock-18,115.93487661404428
ak-47,86.11318205197847
ak-47,11.295946104574908
ak-47,4.206361557770326
ak-47,72.24714064618617
ak-47,37.37664098545006
ak-47,45.990411817089324
mac-10,0.0
ak-47,48.345868957793904
mac-10,0.0
ak-47,22.93055406052067
awp,7.941533575713194
awp,5.255699041799197
mac-10,92.9806477604881
awp,4.683018691239658
awp,0.0
ak-47,67.17645098116456
ak-47,26.183848075763958
ak-47,0.0
mac-10,124.34836938503277
awp,0.0
awp,16.5187837379054
ak-47,10.05973122403402
ak-47,17.948507619890016
awp,7.69146874181063
ak-47,17.199876501383432
ak-47,8.951387998059127
awp,6.468491021083975
awp,14.592070594349146
ak-47,51.48794688654615
awp,5.524852245974004
ak-47,0.0
ak-47,0.0
ak-47,0.0
ak-47,0.0
ak-47,0.0
ak-47,0.0
ak-47,0.0
ak-47,0.0
ak-47,42.860574443148565
ak-47,0.0
ak-47,0.0
ak-47,31.54484414344411
ak-47,11.025937105865424
glock-18,62.470604626905704
glock-18,0.0
ak-47,0.0
ak-47,1.8929840094308772
ak-47,19.29017321526183
ak-47,0.0
ak-47,0.0
glock-18,13.139553154255513
glock-18,61.60345920343702
ak-47,0.0
ak-47,17.321136462441633
ak-47,19.958479756226122
ak-47,10.177324395707792
ak-47,43.10190580802872
ak-47,18.74441538646698
ak-47,5.598441502492993
ak-47,14.418733090143704
awp,0.0
ak-47,8.402977761309678
ak-47,22.912673404856143
ak-47,0.0
ak-47,10.7702195933901
ak-47,0.0
ak-47,0.0
awp,16.18814811408967
awp,24.131183406084002
awp,0.0
awp,4.692072823735795
awp,0.0
ak-47,0.0
ak-47,44.66892804040694
ak-47,4.78163326586314
ak-47,0.0
ak-47,15.718822068794088
ak-47,0.0
ak-47,19.24877670846802
ak-47,0.0
ak-47,0.0
ak-47,49.01350128882698
ak-47,7.923409759352347
ak-47,14.090668730907698
ak-47,26.436729259741664
ak-47,26.522343305173113
awp,1.0074132749730866
ak-47,27.894663652745574
awp,2.7281651928239246
ak-47,12.839405418733065
awp,11.267057930887237
ak-47,0.0
awp,0.0
ak-47,0.0
ak-47,10.136231729292795
ak-47,22.826831469661663
ak-47,6.606289008188864
ak-47,113.86407787892017
ak-47,17.234704459870844
awp,0.0
awp,0.0
ak-47,0.0
awp,0.0
awp,0.0
glock-18,239.7926579335325
glock-18,48.98647074862865
glock-18,28.14753586732494
glock-18,0.0
ak-47,0.0
mac-10,37.422895076741526
ak-47,0.0
ak-47,0.0
ak-47,55.025655415508226
ak-47,8.960610712437182
ak-47,9.718128105102751
ak-47,0.0
ak-47,0.0
ak-47,0.0
ak-47,0.0
ak-47,37.06458363518745
ak-47,30.3395699038916
ak-47,63.6254911572398
ak-47,0.0
ak-47,0.0
awp,12.205572929520432
ak-47,6.6213466898588695
ak-47,0.0
ak-47,0.0
awp,0.0
ak-47,0.0
ak-47,0.0
awp,0.0
ak-47,0.0
ak-47,0.0
awp,0.0
ak-47,0.0
awp,5.558413104232628
awp,0.0
ak-47,0.0
ak-47,2.592573914415749
ak-47,108.33122719306861
ak-47,0.0
ak-47,0.0
ak-47,0.0
ak-47,0.0
ak-47,73.13700882181567
awp,0.0
awp,0.0
ak-47,0.0
ak-47,0.0
awp,0.0
awp,6.564359855500001
ak-47,36.3690741027297
awp,0.0
awp,0.0
awp,0.0
awp,0.4134719940261976
ak-47,0.0
ak-47,0.0
ak-47,0.0
ak-47,0.0
ak-47,0.0
glock-18,0.0
glock-18,0.0
mac-10,0.0
glock-18,240.00225343208857
glock-18,65.74658565576334
glock-18,0.0
ak-47,14.86987084491106
awp,20.355652581711645
ak-47,31.266258344347328
awp,5.796670001429183
awp,30.497862825908868
ak-47,37.135073304348495
ak-47,1.7227399767068736
awp,9.087083626497613
ak-47,12.420893729716955
ak-47,0.0
awp,12.976774244773043
awp,8.438895310091718
awp,0.0
ak-47,0.0
awp,4.178665088035771
ak-47,0.0
awp,0.0
awp,0.0
ak-47,0.0
awp,10.828828529225541
ak-47,0.0
ak-47,22.888773775390963
ak-47,40.40038378951176
ak-47,7.68368111490749
ak-47,9.537692637921868
awp,11.502327426676263
ak-47,61.5019253064678
ak-47,54.55398682823712
ak-47,42.325206666619316
ak-47,2.8824319162313268
ak-47,87.66628993712375
glock-18,31.84184197466981
awp,0.5515982141414165
ak-47,93.75190608440961
ak-47,29.22238597530742
ak-47,94.76752680749858
ak-47,0.0
ak-47,0.0
ak-47,0.0
ak-47,0.0
ak-47,156.74216466176378
awp,1.346387391071381
awp,0.0
ak-47,42.20338910297778
ak-47,33.965562321682896
ak-47,23.368340670726386
awp,32.31476142145546
ak-47,12.90323528879362
ak-47,0.0
ak-47,0.0
ak-47,0.0
awp,4.521136342571965
awp,18.45223013418175
ak-47,0.0
glock-18,76.35848603677185
ak-47,0.0
ak-47,0.0
awp,0.0
awp,0.0
awp,0.0
ak-47,13.810010232155658
awp,0.0
ak-47,11.855445279877934
ak-47,47.91954927923467
ak-47,0.0
ak-47,7.5002611834079485
ak-47,0.0
ak-47,0.0
ak-47,0.0
ak-47,43.127813542538426
awp,0.0
ak-47,0.0
ak-47,99.22660203099363
ak-47,0.0
ak-47,5.244533053869048
ak-47,0.0
ak-47,0.0
ak-47,23.09002116428627
awp,0.0
ak-47,4.41694626098858
ak-47,28.197877503751112
awp,0.0
ak-47,6.79057678825503
ak-47,2.418801357457036
ak-47,0.0
glock-18,122.75773747233177
glock-18,66.28296536320323
mac-10,232.88890670725812
ak-47,0.0
ak-47,59.20922790898291
ak-47,54.60896471468729
awp,8.60690082824172
ak-47,0.0
ak-47,41.585451276076846
ak-47,34.33724375113421
awp,0.7603155922411429
ak-47,0.0
ak-47,0.0
ak-47,0.0
ak-47,0.0
awp,16.841293014214347
ak-47,0.0
ak-47,0.0
glock-18,96.17905677320911
awp,0.0
ak-47,0.0
ak-47,30.829728115208866
ak-47,39.951523970658805
ak-47,20.143121935989093
ak-47,0.0
ak-47,0.0
awp,1.9976221350235386
ak-47,12.493311559809474
ak-47,0.0
awp,0.0
ak-47,0.0
ak-47,0.0
mac-10,96.34316447603761
mac-10,0.0
ak-47,0.0
ak-47,0.0
ak-47,0.0
ak-47,0.0
awp,14.127679048391956
ak-47,0.0
mac-10,0.0
awp,25.979367529454386
awp,0.0
awp,16.056025528671285
awp,9.983123620230142
awp,36.1929258837836
awp,13.916823578519095
ak-47,0.0
awp,0.0
awp,20.718048866341757
ak-47,0.0
ak-47,0.0
awp,0.0
awp,3.6601107740784293
awp,10.949048450914308
glock-18,63.1107781566206
glock-18,74.39104258478024
glock-18,0.0
glock-18,68.34711135620367
glock-18,21.532799342931913
mac-10,48.16141206895398
mac-10,112.51996519405994
mac-10,127.35213093370471
mac-10,25.180699492927616
awp,0.0
ak-47,14.43219301352667
awp,0.0
ak-47,0.0
ak-47,34.760926540079524
ak-47,0.0
ak-47,0.0
ak-47,72.77683294855899
ak-47,0.0
awp,0.0
awp,12.5001196305213
ak-47,21.961781415904333
mac-10,0.0
ak-47,0.0
awp,0.0
mac-10,0.0
ak-47,0.0
awp,0.0
ak-47,0.0
ak-47,0.0
ak-47,16.450479987060803
ak-47,0.0
ak-47,4.5992446097402775
glock-18,0.0
glock-18,154.77449817187414
glock-18,0.0
awp,0.0
glock-18,0.0
glock-18,0.0
glock-18,0.0
awp,0.0
awp,0.0
awp,0.0
ak-47,0.0
ak-47,0.0
awp,0.0
ak-47,0.0
ak-47,0.0
awp,0.0
awp,0.0
awp,7.3354770139685535
ak-47,0.0
ak-47,0.0
awp,2.3755263421700885
awp,28.3899128143337
ak-47,0.0
ak-47,0.0
ak-47,0.0
ak-47,0.0
ak-47,0.0
awp,36.45271523439593
ak-47,0.0
awp,16.421727765158238
ak-47,0.0
ak-47,0.0
ak-47,0.0
awp,11.924980119054455
ak-47,0.0
awp,32.924052197289505
awp,0.0
ak-47,0.0
ak-47,0.0
awp,0.0
ak-47,0.0
ak-47,53.27245681250156
ak-47,0.0
awp,0.0
awp,17.578670803519415
ak-47,36.13172260873822
ak-47,0.0
ak-47,8.714439814316465
ak-47,0.0
awp,8.365199938640318
ak-47,0.0
ak-47,0.0
ak-47,15.932014987518057
awp,0.0
ak-47,0.0
ak-47,7.925705427865522
ak-47,7.166579608240601
ak-47,0.0
ak-47,0.0
ak-47,0.0
ak-47,10.593934364177455
awp,7.5113609852400245
ak-47,18.37133284003466
awp,23.687915462380413
awp,21.97275223492369
awp,21.97275223492369
awp,8.9072955085898
awp,2.7769454048018303
ak-47,1.9064304143621398
ak-47,15.648747578680219
awp,0.0
ak-47,67.72313487720928
ak-47,58.4871160309447
ak-47,51.121413573777964
awp,0.0
ak-47,6.219947277961848
ak-47,0.0
awp,0.0
awp,0.0
ak-47,50.369535315412875
ak-47,5.97626413127775
ak-47,42.88137451620657
awp,0.0
ak-47,0.0
awp,0.0
ak-47,0.0
awp,0.0
awp,0.0
awp,0.0
ak-47,0.0
ak-47,29.139456243318097
ak-47,0.0
awp,0.0
awp,0.0
ak-47,0.0
glock-18,9.066946972511971
ak-47,0.0
awp,0.0
ak-47,0.0
awp,0.0
ak-47,0.0
ak-47,11.461829485568611
awp,0.0
ak-47,0.0
awp,0.0
awp,0.0
ak-47,22.411814587413176
awp,0.0
ak-47,0.0
ak-47,0.0
awp,0.0
awp,0.0
ak-47,0.0
awp,0.0
ak-47,23.91952895476767
ak-47,70.81241296582803
ak-47,0.0
awp,0.0
ak-47,0.0
ak-47,3.9533179868901263
awp,0.0
ak-47,0.0
ak-47,0.0
ak-47,8.789720706228726
ak-47,0.0
ak-47,42.45213628613366
awp,0.0
ak-47,0.0
awp,0.0
awp,0.0
ak-47,50.5580257302172
awp,0.0
awp,0.0
ak-47,0.0
awp,0.0
ak-47,0.0
awp,0.0
ak-47,5.344212292503358
awp,0.0
awp,0.0
ak-47,46.80667599677623
awp,0.0
awp,0.0
ak-47,0.0
ak-47,38.59162717442935
glock-18,116.10259094283242
glock-18,0.0
glock-18,200.4964120660404
ak-47,0.0
ak-47,0.0
ak-47,106.11489351740386
ak-47,82.35315226733697
ak-47,35.54140185727722
awp,0.0
ak-47,0.0
ak-47,0.0
ak-47,0.0
ak-47,0.0
awp,0.0
awp,0.0
awp,0.0
ak-47,204.47711961551306
ak-47,15.426967270973513
ak-47,11.21629234840649
ak-47,24.516596686527354
ak-47,55.17407855730316
ak-47,108.74411011039251
awp,13.879653287839181
ak-47,24.4462054243079
awp,0.0
ak-47,0.0
awp,0.0
ak-47,7.797768243860611
ak-47,0.0
ak-47,25.822863529483033
ak-47,34.27266055239721
ak-47,85.16632929656289
ak-47,8.414990457650203
ak-47,8.168412408727475
ak-47,0.0
ak-47,17.903339189867932
ak-47,61.303384645914306
ak-47,0.0
ak-47,56.068539938141086
ak-47,133.0244884872699
awp,0.0
awp,0.0
ak-47,0.0
ak-47,31.373989450405887
ak-47,0.0
glock-18,43.257151453083004
glock-18,74.94824276409216
glock-18,2.061803964940411
glock-18,0.0
glock-18,0.0
ak-47,0.0
ak-47,66.73515696909095
ak-47,34.57502623963835
ak-47,0.0
glock-18,7.618806290552937
ak-47,0.0
ak-47,0.0
ak-47,11.724603127903137
ak-47,0.0
ak-47,26.24096291612838
ak-47,19.361064797116015
awp,5.547602564167787
awp,16.12159344658077
ak-47,0.0
glock-18,0.0
awp,34.97215706569843
ak-47,10.840862596443191
ak-47,4.23940591702387
ak-47,0.0
ak-47,36.42804350571544
ak-47,13.010098439970582
ak-47,0.0
ak-47,0.0
ak-47,35.923455573412774
awp,0.0
ak-47,0.0
ak-47,0.0
ak-47,8.85424071728841
glock-18,0.0
ak-47,8.582709339449227
ak-47,10.06205862221032
ak-47,58.62762994090163
awp,5.86364539508794
ak-47,0.0
ak-47,48.39484294211553
awp,0.0
ak-47,0.0
ak-47,38.80222064740525
ak-47,0.0
ak-47,0.0
ak-47,0.0
ak-47,7.281301583977689
ak-47,20.264128727506666
awp,6.752080772386836
ak-47,0.0
ak-47,165.60862609762916
awp,3.4455870780608637
awp,6.068900683553489
awp,5.455711546222546
awp,2.4226430354767494
awp,14.151612484178049
ak-47,0.0
ak-47,0.0
ak-47,0.0
ak-47,0.0
ak-47,0.0
ak-47,0.0
ak-47,0.0
awp,0.0
ak-47,0.0
ak-47,0.0
ak-47,0.0
ak-47,9.543680558645548
awp,5.185853746969827
glock-18,0.0
glock-18,0.0
glock-18,0.0
glock-18,0.0
glock-18,0.0
ak-47,53.61670834858427
ak-47,0.0
ak-47,69.5177806878403
ak-47,3.3362136828004587
ak-47,20.796062737143007
ak-47,0.0
ak-47,11.227411059397442
awp,0.8256153008514316
ak-47,0.0
ak-47,39.18769176157976
ak-47,0.0
ak-47,9.297482447171868
ak-47,31.58297721621323
ak-47,16.524917033848794
awp,0.0
ak-47,0.0
awp,0.0
ak-47,0.0
ak-47,0.0
ak-47,0.0
ak-47,0.0
ak-47,0.0
ak-47,0.0
ak-47,15.889981341806823
awp,0.0
awp,0.0
ak-47,0.0
ak-47,25.158983032516815
awp,0.0
ak-47,4.614338501311753
ak-47,11.515831225086966
ak-47,0.0
awp,0.0
awp,0.0
awp,0.0
ak-47,0.0
ak-47,7.706349836640431
ak-47,0.0
ak-47,59.80447365983977
awp,0.0
ak-47,1.6435422955750179
ak-47,13.45943200286862
awp,0.0
ak-47,0.4039339013749651
awp,0.0
awp,0.0
ak-47,0.0
awp,1.6273510597532421
ak-47,27.149327450737044
awp,1.6628888725179445
awp,0.0
ak-47,0.4595450365578982
ak-47,6.703197843427046
awp,0.0
glock-18,0.0
glock-18,0.0
glock-18,0.0
ak-47,73.10086225909008
ak-47,2.130396725955286
ak-47,24.074054832741492
ak-47,155.12293418655884
ak-47,125.39820849544537
ak-47,0.0
ak-47,45.41887266379258
ak-47,33.22219230144526
ak-47,20.76991330530681
ak-47,0.0
ak-47,0.0
ak-47,87.26365642687284
ak-47,17.299776639521795
ak-47,30.477849982402056
awp,0.0
ak-47,0.0
ak-47,0.0
ak-47,57.503133441490334
ak-47,66.80602548557793
mac-10,38.986828936832055
ak-47,0.0
awp,0.0
awp,15.906388616506765
ak-47,26.49063994469911
ak-47,25.007079075858698
ak-47,0.0
ak-47,0.0
ak-47,0.0
awp,0.0
awp,26.738484903187185
awp,0.0
ak-47,0.0
ak-47,0.0
ak-47,10.537087740443514
awp,0.0
ak-47,62.616552336602346
ak-47,7.676269743043752
ak-47,73.10657312003805
ak-47,2.3557251786208
ak-47,33.43323936056189
ak-47,0.0
ak-47,62.79679960467607
ak-47,0.0
awp,0.0
awp,0.0
awp,0.0
awp,0.0
awp,8.83778196518838
ak-47,0.0
ak-47,14.510975995426497
ak-47,33.997057266838375
glock-18,67.7801591057615
ak-47,62.38861260700821
ak-47,10.673285144572125
ak-47,0.0
ak-47,80.4471333615124
ak-47,26.444522006279957
ak-47,82.27070309076363
awp,0.0
ak-47,0.0
awp,0.0
ak-47,0.0
ak-47,59.152277609196666
awp,0.0
ak-47,17.81854025193874
awp,8.084070136731002
ak-47,6.229742705737372
ak-47,0.0
ak-47,0.0
ak-47,10.340775629758147
ak-47,0.0
awp,3.653453275990265
ak-47,15.111938373429929
ak-47,0.0
ak-47,0.0
ak-47,0.0
glock-18,81.53125
glock-18,172.7866903744319
ak-47,0.0
ak-47,36.09829854997497
ak-47,35.38648014751494
ak-47,0.0
ak-47,0.0
ak-47,0.0
ak-47,0.0
ak-47,5.993898113068322
ak-47,0.0
ak-47,16.756018624847908
ak-47,0.0
ak-47,0.0
ak-47,0.0
ak-47,0.0
ak-47,21.324310591668866
ak-47,59.427958723992745
ak-47,0.0
awp,0.0
ak-47,46.425448469831714
ak-47,108.1340429922041
ak-47,0.0
ak-47,0.0
ak-47,0.0
ak-47,0.0
ak-47,0.0
ak-47,0.0
ak-47,15.055123323349099
awp,0.0
ak-47,18.13234729826566
ak-47,0.0
ak-47,0.0
awp,11.603248935844995
awp,1.2849845740198595
ak-47,19.9620306085234
ak-47,0.0
ak-47,0.0
awp,0.0
ak-47,0.0
ak-47,0.0
ak-47,25.298378259380343
ak-47,137.76058885113807
ak-47,0.0
ak-47,0.0
awp,0.0
awp,0.0
awp,0.0
awp,0.0
ak-47,0.0
awp,0.0
ak-47,0.0
awp,7.036522373467237
awp,0.0
glock-18,0.0
ak-47,0.0
ak-47,0.0
ak-47,0.0
ak-47,0.0
ak-47,0.0
glock-18,0.0
ak-47,0.0
ak-47,0.0
ak-47,0.0
awp,0.0
ak-47,0.0
ak-47,0.0
ak-47,4.204584504498512
ak-47,28.961026433907154
ak-47,0.38402647690100744
ak-47,0.0
awp,0.0
ak-47,0.0
ak-47,13.562435373943721
ak-47,0.0
ak-47,0.0
ak-47,0.0
ak-47,0.0
awp,0.0
ak-47,0.0
awp,0.0
awp,0.0
ak-47,0.0
awp,0.0
ak-47,0.0
ak-47,0.0
ak-47,0.0
awp,0.0
glock-18,0.0
glock-18,89.46931588171331
glock-18,17.708718057388683
mac-10,176.9430539620291
mac-10,42.16663744446533
glock-18,79.67192726485746
mac-10,192.76816318711496
mac-10,82.43245146132428
ak-47,11.77565105807543
mac-10,80.81427788309207
ak-47,18.600441646766697
ak-47,38.663633599245166
awp,5.4186862377079
awp,33.99692375471905
awp,0.0
awp,9.155737437391977
awp,2.8122203373110723
ak-47,0.0
ak-47,0.0
ak-47,0.0
ak-47,0.0
ak-47,100.42859903756344
ak-47,5.525132687068882
awp,0.0
ak-47,0.0
awp,0.0
awp,0.0
awp,7.432777080220017
awp,0.0
awp,0.0
ak-47,62.79473378772841
awp,0.0
awp,10.55273654484755
awp,0.0
glock-18,15.606503467699131
glock-18,202.94438331249734
glock-18,153.64954111379723
glock-18,56.68731619615151
glock-18,91.98802246746902
ak-47,5.039620128836002
ak-47,0.995254246560144
ak-47,2.4085824734166774
ak-47,91.59979642487272
ak-47,0.0
ak-47,27.639987750762575
ak-47,15.284702713307183
ak-47,9.129830881126386
ak-47,19.78177510983362
ak-47,0.6944011407939938
ak-47,7.2326242904432
ak-47,8.61317407104518
ak-47,0.0
ak-47,42.86618467109985
awp,0.0
ak-47,39.46970876705642
ak-47,23.93213193231911
awp,0.421875
awp,3.651690507725018
ak-47,0.0
awp,0.0
awp,9.455688504014978
ak-47,11.117456681463121
ak-47,8.708380951692744
ak-47,6.604177746205504
ak-47,37.46710375370999
ak-47,54.66668651055201
ak-47,19.526681105027652
ak-47,15.455615573082813
ak-47,36.549597498157816
ak-47,0.0
ak-47,59.06102015341845
ak-47,140.76570326425562
ak-47,9.506429024859335
ak-47,2.4084150017677604
ak-47,5.02855764055022
awp,3.3228804657405298
ak-47,71.30120235900544
ak-47,98.3001140233664
ak-47,42.16168770526448
ak-47,8.853596824867562
awp,44.002446886863574
glock-18,126.24767662821546
glock-18,0.0
glock-18,0.0
glock-18,0.0
glock-18,0.0
ak-47,72.16671370771653
mac-10,0.0
mac-10,73.58331958861116
mac-10,38.22178865163781
ak-47,70.33892696210035
ak-47,29.005868219512497
ak-47,73.09882765014723
ak-47,46.80870338972598
ak-47,22.570921284083752
ak-47,60.15703420083011
awp,4.297586701855007
ak-47,1.972033472237477
ak-47,0.0
awp,20.905652063939694
mac-10,124.903795986964
ak-47,48.574167075012724
awp,0.0
ak-47,35.59325957190666
awp,0.0
awp,34.66278446302905
awp,0.0
ak-47,73.09606822312462
ak-47,9.995513396253742
ak-47,15.430370373623182
ak-47,0.0
ak-47,0.0
ak-47,0.0
ak-47,0.0
ak-47,0.0
ak-47,0.0
ak-47,0.0
ak-47,4.423576130157251
ak-47,72.56021147186519
ak-47,134.47614448431807
ak-47,0.0
ak-47,31.27663739654506
ak-47,4.7904720563281655
ak-47,63.03618461217304
ak-47,21.80468939940874
ak-47,56.61033721618539
ak-47,58.527593113139275
ak-47,0.0
ak-47,14.197801680920184
ak-47,23.643982389404478
ak-47,0.0
ak-47,35.44596375707633
ak-47,0.0
ak-47,45.888054500584666
ak-47,24.692131515926384
ak-47,46.901233145799914
ak-47,32.6888920406258
ak-47,22.209700941659907
ak-47,0.0
glock-18,0.0
ak-47,48.569493631186276
awp,35.18733546640873
ak-47,34.134528625818696
ak-47,0.0
ak-47,0.0
ak-47,0.0
ak-47,0.0
ak-47,51.49207689678594
ak-47,0.0
ak-47,0.0
ak-47,0.0
ak-47,0.0
awp,0.0
glock-18,66.07083939303773
glock-18,0.0
glock-18,239.99683061938669
mac-10,0.0
ak-47,73.12629924590976
ak-47,4.531444814346634
ak-47,5.2272906570349615
ak-47,58.60725918001702
ak-47,0.0
mac-10,0.0
ak-47,73.09838848372766
ak-47,21.576517826863164
ak-47,0.0
ak-47,0.0
awp,0.0
ak-47,3.4425120614122764
ak-47,0.0
ak-47,38.914648849025596
ak-47,39.557726799229265
ak-47,10.679016830944036
awp,0.0
ak-47,8.053900427536957
awp,0.0
glock-18,216.72831551253827
glock-18,234.6139572788769
glock-18,223.71755607027066
ak-47,0.0
ak-47,43.58620658637138
ak-47,13.633202250839858
ak-47,70.02153896954448
awp,0.0
ak-47,0.0
ak-47,20.128908196414628
awp,0.0
ak-47,63.72354190198612
ak-47,64.019545431576
ak-47,0.0
ak-47,0.0
mac-10,25.65972463018027
mac-10,68.31437658177695
ak-47,127.52006262458211
ak-47,83.56864271452218
ak-47,0.0
ak-47,75.5954173650086
ak-47,13.34422177476716
ak-47,12.30776680452632
ak-47,0.0
ak-47,0.0
awp,0.0
awp,0.0
awp,0.0
awp,0.0
ak-47,0.0
ak-47,0.0
ak-47,0.0
awp,0.0
ak-47,0.0
awp,0.0
awp,0.0
ak-47,60.40228106919725
awp,0.0
awp,0.46175708907822954
ak-47,18.375934635237087
ak-47,3.5394942349450154
ak-47,73.10382563291725
glock-18,0.0
glock-18,0.0
glock-18,14.132025012160712
glock-18,0.0
glock-18,0.0
mac-10,0.0
mac-10,0.0
mac-10,0.0
ak-47,0.0
ak-47,0.0
ak-47,0.0
ak-47,0.0
ak-47,0.0
ak-47,0.0
ak-47,0.0
ak-47,0.0
ak-47,0.0
ak-47,0.0
ak-47,0.0
ak-47,0.0
awp,0.0
ak-47,0.0
ak-47,0.0
glock-18,0.0
glock-18,0.0
glock-18,0.0
glock-18,0.0
ak-47,0.0
ak-47,0.0
ak-47,0.0
ak-47,0.0
ak-47,0.0
ak-47,0.0
mac-10,0.0
mac-10,0.0
ak-47,0.0
ak-47,0.0
ak-47,0.0
ak-47,7.931385441551873
ak-47,7.84276678218886
ak-47,0.0
glock-18,100.32211679319364
glock-18,18.790899985696825
ak-47,0.0
ak-47,0.0
ak-47,0.0
mac-10,0.0
ak-47,0.0
ak-47,0.0
ak-47,0.0
ak-47,52.68869922974433
awp,0.0
ak-47,0.0
awp,0.0
ak-47,0.0
awp,0.0
awp,0.0
awp,0.0
awp,0.0
ak-47,0.0
ak-47,18.987925667854533
ak-47,0.8227272814778903
ak-47,10.554699535892484
ak-47,0.0
ak-47,0.0
glock-18,0.0
glock-18,0.0
ak-47,0.0
mac-10,96.61695752950692
mac-10,74.82089556016291
ak-47,0.0
mac-10,75.57913108844902
ak-47,0.0
ak-47,0.0
ak-47,0.0
ak-47,214.9933681011386
ak-47,73.09900142349623
ak-47,7.948293900606595
awp,0.4340865262882505
awp,1.2853697071971162
ak-47,0.0
ak-47,19.357332704169806
ak-47,47.13599667018612
ak-47,0.0
ak-47,18.812071398947324
ak-47,51.53935212142931
ak-47,8.06234318246234
ak-47,77.68408192521946
awp,0.0
ak-47,14.587500737392544
glock-18,0.0
glock-18,0.0
ak-47,0.0
ak-47,0.0
ak-47,0.0
ak-47,0.0
ak-47,0.0
ak-47,0.0
ak-47,0.0
ak-47,0.0
ak-47,0.0
ak-47,0.0
ak-47,89.19018724279063
ak-47,0.0
ak-47,0.0
ak-47,0.0
ak-47,0.0
ak-47,0.0
ak-47,0.0
ak-47,0.0
ak-47,10.583688110588719
ak-47,62.795034951954506
ak-47,0.0
ak-47,57.77384524838364
ak-47,45.239839372020874
ak-47,0.0
ak-47,0.0
ak-47,0.0
ak-47,0.0
ak-47,0.0
ak-47,0.0
ak-47,0.0
ak-47,0.0
ak-47,0.0
ak-47,0.0
ak-47,0.0
ak-47,5.557369432757373
awp,1.9573742673441377
awp,0.0
ak-47,0.0
ak-47,0.0
awp,8.04400152081021
ak-47,0.0
ak-47,0.0
ak-47,0.0
ak-47,0.0
ak-47,21.609190244600654
ak-47,23.60161980231376
ak-47,8.3941853490857
ak-47,0.0
ak-47,0.0
awp,13.826529469020779
ak-47,0.0
ak-47,0.0
ak-47,0.0
ak-47,0.0
ak-47,0.0
awp,34.00429872837469
ak-47,0.0
awp,0.0
awp,11.962596960936407
awp,0.0
glock-18,100.46380980665221
glock-18,0.0
ak-47,0.0
awp,0.0
awp,0.0
awp,0.0
awp,0.0
awp,0.0
awp,0.0
ak-47,157.09828666820323
awp,0.0
awp,0.0
ak-47,5.370945961603133
ak-47,17.17511059177914
ak-47,0.0
ak-47,27.999906082292277
awp,9.650389835420432
ak-47,0.0
ak-47,0.0
awp,11.844007665403
ak-47,0.0
ak-47,71.40864005734771
ak-47,0.0
ak-47,0.0
ak-47,0.0
ak-47,18.906663218624804
awp,3.0120400362027064
ak-47,0.0
ak-47,0.0
awp,9.631516665678879
awp,24.04195917271105
ak-47,0.0
ak-47,0.0
ak-47,29.59230213591239
awp,0.0
awp,0.0
ak-47,0.0
ak-47,11.90482479987106
glock-18,195.68947451197386
glock-18,139.25931472717093
glock-18,0.0
ak-47,0.0
ak-47,0.0
mac-10,0.0
ak-47,0.0
mac-10,0.0
awp,15.242195442847759
awp,1.0618748634307151
ak-47,3.3831370675704227
ak-47,0.0
ak-47,0.0
ak-47,0.0
ak-47,0.0
ak-47,0.0
ak-47,0.0
ak-47,0.0
awp,0.0
awp,0.0
ak-47,0.0
awp,0.0
ak-47,0.0
ak-47,0.0
awp,0.0
ak-47,0.0
awp,7.337284927373954
ak-47,0.0
awp,19.252582683382222
ak-47,0.0
ak-47,0.0
awp,6.473692254521372
ak-47,0.0
awp,30.041576820976374
awp,14.855761501618455
ak-47,0.0
ak-47,0.0
ak-47,0.0
ak-47,0.0
awp,9.61374392552792
awp,0.9147304824203685
ak-47,0.0
awp,0.0
ak-47,0.0
awp,0.0
ak-47,0.0
glock-18,0.0
glock-18,0.0
ak-47,0.0
glock-18,116.06296382681955
ak-47,0.0
ak-47,45.80132775887164
ak-47,56.32401916891091
awp,0.0
ak-47,18.194228084814508
ak-47,0.0
ak-47,0.0
ak-47,59.950075599036445
ak-47,0.0
ak-47,35.60869334028341
ak-47,4.130681955793982
ak-47,0.0
ak-47,22.64806589519222
ak-47,0.0
ak-47,0.0
ak-47,0.0
ak-47,69.82032255300923
ak-47,0.0
ak-47,0.0
mac-10,92.92709537594968
ak-47,0.0
ak-47,0.0
ak-47,0.0
ak-47,0.0
ak-47,0.0
glock-18,0.0
glock-18,0.0
glock-18,0.0
glock-18,0.0
ak-47,0.0
ak-47,0.0
ak-47,0.0
ak-47,12.73285304202652
ak-47,10.596743597082314
ak-47,0.0
awp,0.0
awp,0.0
ak-47,0.0
ak-47,14.541928125272316
glock-18,0.0
ak-47,0.0
ak-47,0.0
awp,0.0
awp,0.0
ak-47,0.0
ak-47,28.519364311112565
awp,0.0
ak-47,0.0
ak-47,0.0
ak-47,0.0
glock-18,0.0
awp,0.0
glock-18,0.0
awp,0.0
ak-47,0.0
ak-47,0.0
ak-47,0.0
ak-47,8.473951930954353
ak-47,14.45305100237815
awp,0.0
ak-47,0.0
ak-47,0.0
ak-47,0.0
ak-47,18.62250989958016
ak-47,0.0
ak-47,0.0
awp,0.0
ak-47,0.0
ak-47,0.0
ak-47,0.0
ak-47,23.756538044080497
awp,0.0
awp,0.0
ak-47,0.0
glock-18,1.5471906243656597
glock-18,240.00107808358732
mac-10,16.407862567982612
mac-10,196.04913684245062
ak-47,47.62880944963714
ak-47,43.802736786819395
awp,10.681618529884364
ak-47,37.14851124411713
awp,5.147561264490205
ak-47,0.0
awp,7.330939624717285
ak-47,23.656251786575233
ak-47,10.838193604895052
ak-47,0.0
ak-47,32.71683354324926
awp,0.0
ak-47,0.0
ak-47,3.5949808451984833
ak-47,36.75412906488331
ak-47,0.0
ak-47,108.08648421886485
ak-47,12.335205906759157
ak-47,73.09309586185225
ak-47,5.682080387437069
ak-47,46.199060247719984
ak-47,0.0
ak-47,0.0
awp,0.0
ak-47,62.64127168891679
ak-47,0.0
ak-47,124.5308977334533
ak-47,22.839991326165098
awp,0.652566348997556
ak-47,66.88972183403202
ak-47,5.103805259313878
ak-47,39.27887880734766
glock-18,0.0
glock-18,0.0
glock-18,55.3475966036449
glock-18,0.0
glock-18,20.51150747148705
ak-47,2.2023707431722297
mac-10,174.3255082094987
mac-10,60.01688618840292
mac-10,139.45626468889975
awp,7.736214450392453
awp,9.716629745208417
ak-47,5.638516136856044
ak-47,26.15127666302156
ak-47,0.0
awp,9.838249033984045
ak-47,64.2625843305406
ak-47,15.529979115885636
awp,0.0
ak-47,55.82829799559504
ak-47,58.687723243210584
ak-47,14.711165816794024
ak-47,0.0
ak-47,23.899461833372
ak-47,47.69252205698761
awp,1.4904690471354984
ak-47,8.289086204475435
ak-47,0.0
awp,7.803664836136672
ak-47,0.0
awp,1.479314190963502
awp,0.0
ak-47,47.00265949922408
ak-47,21.319417975623445
ak-47,7.008693649661469
awp,2.9596718289298565
glock-18,0.0
glock-18,216.27140428752944
glock-18,52.062614889579116
glock-18,0.0
glock-18,0.0
ak-47,0.0
ak-47,49.53347645386369
ak-47,0.0
awp,5.212005233094552
ak-47,0.0
ak-47,0.0
ak-47,91.53715643479411
ak-47,31.04074998659776
ak-47,0.0
ak-47,0.0
ak-47,31.74315586085977
ak-47,0.0
ak-47,0.0
ak-47,0.0
ak-47,0.0
ak-47,18.466269890814985
ak-47,0.0
awp,16.149050288808596
ak-47,0.0
ak-47,0.0
ak-47,0.0
awp,9.413504414163144
ak-47,25.034453797778873
ak-47,0.0
ak-47,0.0
awp,20.75582680780474
ak-47,0.0
awp,0.0
ak-47,12.721689435363686
ak-47,0.0
ak-47,59.093349251681865
ak-47,0.0
glock-18,52.41204535960549
glock-18,14.734010467388877
glock-18,0.0
ak-47,0.0
awp,0.0
awp,0.0
ak-47,22.118654192361028
glock-18,148.0039342408885
glock-18,139.3821210863232
glock-18,191.99570631033777
glock-18,22.05028543784921
glock-18,4.202754784346096
ak-47,0.0
ak-47,1.1524499273118116
ak-47,0.0
ak-47,25.25088107056552
ak-47,0.0
ak-47,87.1582346157156
ak-47,27.278784431827695
ak-47,0.0
ak-47,0.0
ak-47,0.0
awp,0.0
ak-47,5.180459265656376
awp,0.0
ak-47,0.0
ak-47,0.0
awp,0.0
awp,0.0
ak-47,0.0
ak-47,0.0
ak-47,0.0
ak-47,0.27742675694496377
ak-47,10.914502701305132
awp,9.715386345372169
ak-47,214.99825484448908
ak-47,0.5440216814098497
ak-47,11.614697396207488
ak-47,15.777370538755436
ak-47,7.03984276141655
awp,0.0
ak-47,20.670395128428993
ak-47,68.1308447503944
ak-47,103.6864075640302
ak-47,60.21083234449752
awp,3.142392339792725
awp,0.0
ak-47,16.090634284203
ak-47,0.0
awp,0.0
ak-47,0.0
ak-47,0.0
ak-47,0.0
ak-47,6.850257322949628
ak-47,16.97713922800859
ak-47,32.71407999133841
ak-47,25.143302837031733
ak-47,0.0
awp,0.4619961064164935
ak-47,15.640626459415524
ak-47,7.521664673004573
awp,0.0
awp,28.29928363899816
glock-18,3.6966008515214352
glock-18,85.34086782253345
glock-18,52.841213533152796
glock-18,74.70235207977055
mac-10,78.67515819862153
glock-18,0.0
glock-18,0.0
ak-47,51.02739047276434
ak-47,0.0
awp,0.0
awp,8.315377791327343
ak-47,54.005236274613694
ak-47,13.180905546965468
ak-47,19.066828784622263
ak-47,39.23475779612689
ak-47,42.23106833931429
awp,0.0
ak-47,0.0
ak-47,31.059663554144947
ak-47,15.600090230827544
ak-47,48.52536443244915
ak-47,14.835655468326568
ak-47,0.0
ak-47,11.988912440397796
ak-47,37.21162397664844
awp,9.120815703952635
ak-47,50.90749446834839
ak-47,24.916136327199407
ak-47,8.518782632171101
awp,9.830797692829611
awp,7.060119184712394
awp,42.574069468359255
ak-47,0.0
awp,0.7116244812708454
awp,0.0
awp,0.0
awp,0.0
ak-47,73.59621829318768
ak-47,31.88125348079708
ak-47,0.0
awp,0.0
ak-47,36.427993493743585
ak-47,8.644901853104233
awp,0.0
ak-47,0.0
ak-47,13.909629154047385
glock-18,0.0
glock-18,59.48932101409888
glock-18,70.95230076881701
glock-18,0.0
glock-18,19.72674371825178
glock-18,0.0
glock-18,0.0
glock-18,0.0
glock-18,5.930243226923244
mac-10,0.0
ak-47,8.443342884337932
mac-10,0.0
ak-47,0.0
ak-47,0.0
ak-47,39.967383039600925
ak-47,0.0
ak-47,0.0
awp,0.0
awp,0.0
ak-47,33.096271826822125
ak-47,0.0
ak-47,0.0
awp,0.0
awp,0.0
ak-47,34.85581921677442
ak-47,39.07323935761484
ak-47,0.0
ak-47,0.0
ak-47,0.0
ak-47,0.0
ak-47,0.0
mac-10,0.0
ak-47,10.910016608486945
awp,0.0
awp,0.0
ak-47,0.0
ak-47,63.5386860731503
ak-47,0.0
awp,0.0
ak-47,0.0
awp,0.0
ak-47,0.0
ak-47,0.0
ak-47,2.479727478411287
ak-47,25.27737809464906
ak-47,0.0
ak-47,39.0070087369625
awp,0.0
awp,0.0
glock-18,0.0
glock-18,0.0
glock-18,0.0
ak-47,0.0
ak-47,5.551324614942725
ak-47,19.957945490313776
ak-47,60.55708583255348
ak-47,21.782296404989193
glock-18,0.0
glock-18,112.76843503263542
glock-18,0.0
ak-47,0.0
ak-47,0.0
ak-47,0.0
ak-47,0.0
ak-47,0.0
ak-47,0.0
mac-10,0.0
ak-47,0.0
ak-47,0.0
ak-47,42.446223445268075
ak-47,0.0
ak-47,0.0
ak-47,0.0
ak-47,0.0
ak-47,0.0
awp,1.7711518914144546
ak-47,0.0
ak-47,0.0
ak-47,0.0
ak-47,0.0
ak-47,0.0
ak-47,0.0
awp,0.3050883773089365
awp,17.31334130390402
awp,0.0
awp,0.0
ak-47,0.0
awp,6.077954923713073
awp,0.0
ak-47,0.0
ak-47,0.0
ak-47,0.0
ak-47,38.04628077998175
ak-47,20.23276137884861
glock-18,0.0
glock-18,0.0
glock-18,0.0
glock-18,0.0
ak-47,8.715323078088902
ak-47,0.0
ak-47,0.0
awp,0.0
ak-47,0.0
ak-47,0.0
ak-47,0.0
ak-47,0.0
ak-47,2.924224413065625
ak-47,0.0
ak-47,0.0
ak-47,28.428360248034515
ak-47,26.073935892042538
awp,0.0
ak-47,0.0
ak-47,0.0
ak-47,0.0
ak-47,0.0
ak-47,0.0
ak-47,0.0
ak-47,0.0
ak-47,0.0
ak-47,0.0
ak-47,0.0
ak-47,0.0
awp,0.0
awp,0.0
awp,0.0
ak-47,0.0
awp,0.0
ak-47,0.0
ak-47,0.0
ak-47,0.0
glock-18,62.68685387846234
glock-18,58.79779679718556
glock-18,0.0
glock-18,0.0
ak-47,21.795054807513104
ak-47,0.0
ak-47,31.07218358275752
ak-47,23.865355136290137
ak-47,111.04368443147584
glock-18,0.0
ak-47,21.1039982640842
awp,11.397441128262825
ak-47,0.0
ak-47,47.72086971839143
ak-47,50.353089510078334
ak-47,0.0
ak-47,0.0
awp,0.0
awp,13.415118440929993
ak-47,17.923227364162432
awp,0.0
ak-47,13.829881597468576
awp,0.0
ak-47,0.0
ak-47,73.10012359779857
ak-47,7.170640186181985
ak-47,1.953125
ak-47,4.242755774552667
awp,0.0
ak-47,40.72978373626756
awp,0.0
ak-47,41.81495326841636
ak-47,0.0
awp,0.0
ak-47,0.0
glock-18,0.0
ak-47,23.506840433105022
glock-18,0.0
glock-18,94.07406668471702
ak-47,0.0
ak-47,0.0
ak-47,0.0
ak-47,0.0
ak-47,0.0
ak-47,0.0
ak-47,0.0
awp,0.0
ak-47,0.0
awp,0.0
ak-47,0.0
ak-47,0.0
ak-47,0.0
ak-47,0.0
ak-47,0.0
ak-47,0.0
ak-47,0.0
ak-47,0.0
ak-47,0.0
ak-47,0.0
ak-47,0.0
ak-47,0.0
ak-47,0.0
ak-47,0.0
ak-47,0.0
ak-47,0.0
ak-47,0.0
ak-47,0.0
ak-47,0.0
ak-47,0.0
ak-47,0.0
ak-47,0.0
ak-47,0.0
glock-18,62.58798555505556
glock-18,0.0
glock-18,0.0
glock-18,0.0
ak-47,0.0
ak-47,0.0
ak-47,0.0
ak-47,0.0
ak-47,0.0
ak-47,0.0
ak-47,17.23935359867069
ak-47,0.0
ak-47,0.0
ak-47,17.610914205329063
ak-47,2.338943428624344
ak-47,33.02512130825268
ak-47,0.0
ak-47,0.0
ak-47,0.0
awp,0.0
ak-47,42.74322921288145
ak-47,10.198058131541368
ak-47,63.38672196443997
ak-47,0.0
awp,0.0
ak-47,0.0
ak-47,0.0
ak-47,5.202557861264496
ak-47,0.0
ak-47,0.0
ak-47,18.008524175280996
ak-47,0.0
awp,6.937553887670783
ak-47,0.0
glock-18,0.0
glock-18,0.0
glock-18,0.0
ak-47,0.0
mac-10,0.0
ak-47,0.0
ak-47,0.0
awp,0.0
ak-47,0.0
awp,13.686980724087872
awp,0.0
ak-47,0.0
ak-47,0.0
ak-47,67.47754197618062
ak-47,44.62250719572503
ak-47,26.465007502371616
ak-47,19.49325216811818
ak-47,57.1947708735026
ak-47,0.0
ak-47,0.0
ak-47,0.0
ak-47,0.0
ak-47,0.0
ak-47,87.1013911914403
ak-47,15.411315537402023
ak-47,0.0
ak-47,0.0
ak-47,15.843313233994618
ak-47,55.33889006435427
ak-47,16.39277159263393
ak-47,12.112273428245665
ak-47,3.9728156689990035
ak-47,4.823996779103921
ak-47,52.74671994889529
ak-47,0.0
ak-47,0.0
ak-47,0.0
mac-10,0.0
ak-47,0.0
ak-47,21.983246631553993
ak-47,0.0
ak-47,0.0
ak-47,20.2423534858775
mac-10,224.32023771695685
ak-47,0.0
ak-47,0.0
ak-47,16.041849337893932
ak-47,0.0
ak-47,0.0
glock-18,44.37059465936724
glock-18,83.6685655770344
ak-47,0.0
awp,0.0
ak-47,0.0
ak-47,0.0
ak-47,0.0
ak-47,0.0
awp,0.0
awp,0.0
ak-47,68.5156813773357
ak-47,0.0
ak-47,14.20852197281969
ak-47,0.0
ak-47,70.7153847147181
awp,0.7651563304064078
awp,25.07443995511166
awp,0.3796908178873964
awp,25.290288848238646
ak-47,43.3751713669503
ak-47,0.0
ak-47,0.0
awp,20.767156897384535
awp,22.334037439907455
awp,27.784301095355286
ak-47,23.16759264635288
ak-47,0.0
ak-47,27.810151761822965
glock-18,64.83688865970548
glock-18,86.8945076302283
awp,0.0
ak-47,0.0
ak-47,0.0
ak-47,18.24926151135878
ak-47,1.6093067169790847
ak-47,0.0
awp,0.0
ak-47,0.0
ak-47,0.0
ak-47,0.0
ak-47,19.715707347837814
ak-47,0.0
ak-47,0.0
ak-47,0.0
ak-47,0.0
ak-47,0.0
ak-47,0.0
ak-47,0.0
ak-47,0.0
ak-47,0.0
glock-18,0.0
awp,10.74511856157688
ak-47,0.0
awp,0.0
ak-47,0.0
ak-47,0.0
ak-47,0.0
ak-47,0.0
glock-18,0.0
glock-18,80.93753459199158
glock-18,216.0174584416655
glock-18,0.0
glock-18,74.62169073744995
mac-10,0.0
mac-10,0.0
mac-10,0.0
ak-47,0.0
ak-47,0.0
ak-47,11.198667610479383
awp,0.0
ak-47,0.0
ak-47,0.0
awp,0.0
ak-47,0.0
glock-18,102.06497763032655
glock-18,236.95210340032824
ak-47,0.0
ak-47,59.41678373335935
ak-47,0.0
ak-47,0.0
ak-47,11.300716521418497
ak-47,35.428964087873695
ak-47,0.0
ak-47,0.0
ak-47,0.0
ak-47,0.0
ak-47,5.0516998228899155
ak-47,17.2744722377211
ak-47,0.0
ak-47,0.0
ak-47,0.0
ak-47,0.0
ak-47,0.0
ak-47,0.0
ak-47,24.442955653722485
ak-47,8.020551264405771
awp,0.0
awp,0.0
ak-47,45.378855557827194
awp,0.0
awp,0.0
ak-47,0.0
ak-47,0.0
ak-47,0.0
awp,0.0
glock-18,0.0
glock-18,0.0
glock-18,0.0
glock-18,141.71507670534066
ak-47,0.0
ak-47,0.0
ak-47,0.0
ak-47,0.0
ak-47,0.0
mac-10,239.99736835308477
ak-47,0.0
mac-10,60.53009684887494
ak-47,0.0
mac-10,192.71236109680882
ak-47,0.0
ak-47,2.0555229861329694
ak-47,68.8370171181297
ak-47,0.0
ak-47,0.0
ak-47,0.0
awp,0.0
awp,8.091977098780495
mac-10,0.0
ak-47,69.22833455272729
ak-47,33.528887248870355
ak-47,0.0
ak-47,27.764130672629317
ak-47,40.66319393874275
ak-47,49.79797665183986
ak-47,40.02041730691875
awp,2.2543902480770717
awp,0.0
ak-47,0.0
glock-18,68.89982342383006
ak-47,57.61296451839326
ak-47,0.0
ak-47,0.0
awp,14.61117224589355
ak-47,53.743936726875006
awp,0.0
awp,1.0581251845835633
ak-47,22.72115249839825
ak-47,75.79449952308435
awp,0.0
awp,0.0
awp,0.0
ak-47,0.0
ak-47,0.0
ak-47,0.0
ak-47,0.0
ak-47,0.0
ak-47,0.0
ak-47,0.0
awp,0.0
ak-47,0.0
ak-47,0.0
glock-18,0.0
glock-18,0.0
glock-18,0.0
glock-18,0.0
glock-18,0.0
mac-10,0.0
mac-10,0.0
ak-47,0.0
ak-47,0.0
ak-47,0.0
mac-10,0.0
ak-47,0.0
mac-10,0.0
ak-47,0.0
awp,0.4619961064164935
ak-47,0.0
ak-47,0.0
ak-47,0.0
awp,0.0
ak-47,0.0
ak-47,0.0
ak-47,0.0
ak-47,0.0
awp,13.117138814894389
awp,12.625244395375837
ak-47,0.0
ak-47,0.0
ak-47,0.0
ak-47,0.0
ak-47,0.0
ak-47,0.0
ak-47,0.0
awp,34.00342233942003
awp,7.351526253563677
ak-47,0.0
awp,11.00229290661183
ak-47,0.0
ak-47,0.0
awp,0.0
ak-47,0.0
ak-47,9.029658207254801
ak-47,0.0
awp,0.0
ak-47,0.0
ak-47,14.836694404072762
ak-47,0.0
awp,10.665942825985333
awp,0.0
awp,0.0
ak-47,0.0
awp,0.0
ak-47,0.0
awp,0.0
glock-18,0.0
glock-18,0.0
glock-18,0.0
glock-18,81.59631476570192
mac-10,48.32489230632562
ak-47,0.0
mac-10,0.0
ak-47,30.08234564981464
awp,0.0
ak-47,0.0
ak-47,0.0
ak-47,0.0
ak-47,8.662753530008805
ak-47,47.92254747653369
ak-47,52.45014252742752
ak-47,28.286220041157797
ak-47,53.015603301266104
ak-47,30.098506101710228
ak-47,0.0
ak-47,35.24848198131808
ak-47,33.85228056635135
ak-47,0.0
ak-47,0.0
ak-47,39.710247023593354
ak-47,90.46485712556002
ak-47,0.0
ak-47,0.0
ak-47,0.0
ak-47,73.090384769155
ak-47,0.0
ak-47,14.46300299949592
ak-47,3.2094095748807128
ak-47,154.2183012037796
ak-47,16.681343530291137
ak-47,1.9770290020141332
ak-47,0.0
ak-47,0.0
ak-47,79.92136695419994
ak-47,89.27736007403011
ak-47,0.0
ak-47,0.0
ak-47,0.0
ak-47,0.0
ak-47,0.0
glock-18,61.87164013920776
ak-47,0.0
ak-47,167.8247341265508
ak-47,6.85346413889538
ak-47,99.1837600820587
awp,13.845277746463196
awp,13.845277746463196
ak-47,13.933544638019717
ak-47,0.0
ak-47,0.0
awp,19.199622086938327
ak-47,20.86940415669477
ak-47,0.0
ak-47,0.0
ak-47,1.804171320661372
ak-47,0.0
glock-18,0.0
awp,7.605259970940244
ak-47,0.0
ak-47,10.767795488385168
ak-47,63.37848659908064
ak-47,0.0
ak-47,57.22893202343522
awp,0.0
ak-47,40.72277967891367
ak-47,0.0
awp,3.292264262720415
awp,0.0
ak-47,23.844164683484404
ak-47,100.789295974436
ak-47,38.82697161892336
awp,0.0
ak-47,0.0
ak-47,167.02965201889958
ak-47,24.460029707204853
ak-47,0.0
ak-47,17.303729216694535
awp,0.0
ak-47,0.0
ak-47,0.0
ak-47,15.184863454275774
awp,0.0
ak-47,20.150449179957576
ak-47,21.470766151145792
ak-47,49.86043171995009
ak-47,47.58344630599458
ak-47,0.0
glock-18,0.0
glock-18,0.0
glock-18,0.0
glock-18,0.0
glock-18,56.49930089912479
mac-10,37.62247753494163
ak-47,0.0
mac-10,0.0
ak-47,1.6009335655329362
ak-47,0.0
ak-47,76.30131330095945
mac-10,0.0
ak-47,0.0
ak-47,0.0
ak-47,24.862331693356296
ak-47,0.0
ak-47,25.204003374805122
ak-47,0.0
ak-47,5.525797353998877
ak-47,54.14689526842662
ak-47,65.17127118186139
ak-47,14.366930479620551
ak-47,48.95402518722286
ak-47,14.334813360830479
awp,0.0
awp,0.0
awp,0.6527649149425849
mac-10,198.5077520688247
mac-10,0.0
awp,0.37629983058725924
awp,10.705214863670136
ak-47,0.0
ak-47,0.0
awp,11.381043327853076
ak-47,0.0
ak-47,36.39698172705869
ak-47,0.0
ak-47,0.0
ak-47,6.598191631992814
ak-47,11.87554716815057
ak-47,45.67598360317146
ak-47,0.0
ak-47,71.63247669838266
ak-47,0.0
ak-47,13.162680817104432
ak-47,7.083754642487344
ak-47,0.0
glock-18,123.8914854534375
glock-18,1.7667742404724491
glock-18,100.76713669913902
glock-18,0.9872852575056512
glock-18,59.48922011312406
ak-47,0.0
mac-10,1.781524101717403
mac-10,151.5315278565585
mac-10,40.98430515785843
ak-47,6.740853411101669
ak-47,0.0
ak-47,24.339799229115922
ak-47,44.23975746270897
ak-47,19.615332307076244
awp,0.0
awp,0.0
ak-47,0.0
ak-47,70.10317647249788
ak-47,0.0
awp,0.0
mac-10,0.0
mac-10,0.0
awp,0.0
ak-47,0.0
ak-47,6.613104623656578
ak-47,10.56364135785123
ak-47,1.8912060057672195
awp,3.5625342651860907
awp,0.0
ak-47,45.996112813807095
awp,5.211312799078942
ak-47,0.0
ak-47,0.0
ak-47,0.0
ak-47,92.79065664234297
ak-47,10.903163386826963
ak-47,0.0
ak-47,65.9656958211979
awp,0.0
awp,0.0
mac-10,169.10944914622016
ak-47,11.34001014943148
ak-47,0.0
ak-47,0.0
ak-47,4.090433755548792
ak-47,0.0
ak-47,83.55460760694521
ak-47,4.086415585796922
ak-47,0.0
ak-47,2.848138107684036
ak-47,0.4055167697962687
ak-47,41.749804657886486
glock-18,96.78434484478458
glock-18,19.02095947420466
glock-18,0.0
glock-18,0.0
glock-18,0.0
mac-10,142.25343820227047
ak-47,0.0
ak-47,0.0
mac-10,90.07178349787077
ak-47,20.725862187729224
ak-47,0.0
ak-47,17.480857360065865
awp,0.0
ak-47,24.869712043711846
ak-47,0.0
ak-47,73.10817396474872
ak-47,15.093864679820872
ak-47,112.4446054593904
ak-47,0.0
ak-47,0.0
ak-47,0.0
ak-47,74.69242423736716
ak-47,7.568840962500468
ak-47,0.0
ak-47,0.0
ak-47,0.0
ak-47,0.0
ak-47,0.0
ak-47,0.0
ak-47,0.0
ak-47,0.0
ak-47,0.0
ak-47,0.0
ak-47,0.0
ak-47,0.0
ak-47,0.0
ak-47,44.573966624035
glock-18,0.0
ak-47,62.01966009853089
ak-47,0.0
ak-47,0.0
ak-47,13.116776052324596
ak-47,0.0
ak-47,0.0
ak-47,0.0
ak-47,0.0
ak-47,0.0
ak-47,19.660868167817643
ak-47,8.797728974979169
ak-47,0.0
ak-47,0.0
ak-47,0.0
ak-47,56.640146911051254
ak-47,74.45490959864095
ak-47,0.0
ak-47,0.0
awp,0.0
ak-47,0.0
ak-47,0.0
ak-47,0.0
ak-47,0.0
ak-47,0.0
ak-47,0.0
ak-47,0.0
ak-47,0.0
awp,0.0
ak-47,0.0
ak-47,18.8691891775589
ak-47,7.651864177481524
ak-47,0.0
ak-47,30.119877676544437
ak-47,6.474929861921054
awp,0.0
awp,0.0
awp,0.0
glock-18,0.0
awp,0.0
ak-47,0.0
ak-47,0.0
awp,0.0
ak-47,0.0
ak-47,0.0
awp,0.0
ak-47,0.0
ak-47,0.0
ak-47,0.0
ak-47,0.0
awp,0.0
awp,0.0
awp,0.0
awp,0.0
awp,0.0
awp,0.0
awp,0.0
ak-47,0.0
ak-47,0.0
ak-47,0.0
ak-47,0.0
ak-47,4.142371312405976
ak-47,0.0
ak-47,0.0
ak-47,0.0
awp,2.274779957593481
awp,0.08734689730608639
awp,0.0
awp,0.0
glock-18,6.898306439794117
glock-18,29.558031208536285
glock-18,25.808057532722316
glock-18,99.97550993510451
mac-10,0.0
ak-47,0.0
mac-10,0.0
awp,0.0
ak-47,22.016025950837925
ak-47,0.0
awp,0.0
awp,0.0
ak-47,0.0
ak-47,0.0
ak-47,0.0
ak-47,0.0
ak-47,0.0
awp,0.0
ak-47,23.186798522808296
ak-47,8.102554883410047
ak-47,105.87836891408108
ak-47,13.212914329921464
mac-10,59.76876621868516
mac-10,239.9976297089006
ak-47,7.565002293082005
awp,0.0
awp,0.0
awp,0.0
ak-47,72.19270307276993
ak-47,11.58700513063928
ak-47,0.0
ak-47,81.73281495077326
ak-47,0.0
awp,0.0
awp,0.0
ak-47,0.0
ak-47,0.0
awp,0.0
awp,0.0
ak-47,0.0
ak-47,30.095262335620284
glock-18,0.0
glock-18,0.0
glock-18,0.0
ak-47,0.0
ak-47,0.0
ak-47,0.0
ak-47,0.0
ak-47,0.0
ak-47,0.0
ak-47,0.0
ak-47,0.0
ak-47,0.0
ak-47,0.0
ak-47,0.0
ak-47,0.0
ak-47,0.0
ak-47,0.0
ak-47,13.798952881008942
ak-47,0.0
ak-47,0.0
ak-47,0.0
ak-47,0.0
ak-47,40.8559678358583
ak-47,2.918721898787378
awp,0.0
ak-47,0.0
ak-47,0.0
ak-47,0.0
awp,0.0
glock-18,0.0
ak-47,0.0
ak-47,6.455612659127559
ak-47,0.0
ak-47,0.0
ak-47,0.0
ak-47,0.0
ak-47,43.532509127675745
ak-47,0.0
ak-47,0.0
ak-47,58.68659926849717
ak-47,0.0
ak-47,0.0
ak-47,0.0
ak-47,0.0
ak-47,0.0
ak-47,0.0
ak-47,0.0
ak-47,0.0
ak-47,0.0
ak-47,0.0
ak-47,0.0
ak-47,0.0
ak-47,0.0
awp,0.0
ak-47,0.0
ak-47,3.039072040473539
awp,0.0
ak-47,0.0
ak-47,0.0
ak-47,0.0
awp,0.0
awp,0.0
awp,0.0
mac-10,0.0
ak-47,0.0
ak-47,0.0
ak-47,0.0
ak-47,0.0
glock-18,0.0
ak-47,0.0
ak-47,0.0
ak-47,60.20553244349466
mac-10,0.0
mac-10,0.0
awp,0.0
ak-47,0.0
ak-47,0.0
glock-18,64.31520281006661
glock-18,0.0
ak-47,0.0
ak-47,19.08611859336416
ak-47,0.0
ak-47,0.0
ak-47,0.0
ak-47,5.032609626114965
ak-47,13.392700083601401
ak-47,29.710061865350752
ak-47,0.0
awp,16.343555806685703
ak-47,29.138530420701127
ak-47,0.0
ak-47,0.0
ak-47,0.0
awp,0.0
ak-47,0.0
ak-47,45.29653552679728
awp,11.122923398315974
ak-47,0.0
ak-47,6.349540216532612
ak-47,0.0
ak-47,52.024690009503765
mac-10,77.07835704758047
awp,0.0
ak-47,0.0
ak-47,0.0
awp,8.713117753554407
ak-47,0.0
ak-47,0.0
ak-47,0.0
awp,15.754123159142434
ak-47,0.0
ak-47,19.612776864854858
ak-47,31.073978302338116
ak-47,0.0
awp,0.0
ak-47,0.0
awp,3.6474103600994776
ak-47,11.157830352702446
glock-18,68.7495952894267
glock-18,0.0
glock-18,0.0
glock-18,0.0
glock-18,53.11355676369117
glock-18,8.090438279517864
ak-47,0.0
ak-47,0.0
ak-47,10.563601219776759
ak-47,51.7597226557711
ak-47,10.042826412680096
mac-10,9.06285307738926
ak-47,0.0
ak-47,0.0
mac-10,84.54097381747407
ak-47,0.0
mac-10,94.35422031221277
ak-47,0.0
awp,0.0
ak-47,0.0
awp,0.0
ak-47,13.405202829149024
ak-47,15.361740018770563
awp,8.314442349902006
ak-47,34.57435194750357
ak-47,24.895142213689883
ak-47,0.0
awp,0.0
awp,2.9221911685558832
awp,53.316297059059195
awp,0.0
ak-47,17.440987440576407
ak-47,52.37402367388789
ak-47,0.0
ak-47,0.5165711017130169
ak-47,14.58355163079176
ak-47,73.09840929463684
awp,0.0
ak-47,38.12522636152064
ak-47,26.97395152814969
ak-47,0.0
ak-47,0.0
ak-47,54.30201658170573
awp,15.18498591884329
awp,26.64953153329972
ak-47,73.1094455438589
ak-47,0.0
ak-47,0.0
ak-47,0.0
ak-47,0.0
awp,0.0
ak-47,0.0
glock-18,147.37430583252018
glock-18,16.90104557728512
glock-18,25.28053849415965
ak-47,0.0
ak-47,0.5563904317114018
ak-47,0.0
ak-47,0.0
ak-47,73.10004623539706
awp,0.0
awp,7.260688344121995
ak-47,2.297725182789491
awp,0.0
awp,0.0
awp,0.0
ak-47,5.138351052912695
ak-47,7.9866566473302205
awp,0.0
ak-47,72.77632307344088
ak-47,0.0
ak-47,0.0
ak-47,21.200770180585423
awp,0.0
ak-47,12.2662540747917
ak-47,29.59461719472553
awp,0.0
awp,0.0
glock-18,0.0
glock-18,0.0
glock-18,0.0
ak-47,0.0
ak-47,0.0
ak-47,0.0
ak-47,26.99200706792083
ak-47,42.868308743537455
ak-47,9.599264920943739
ak-47,165.04142436507533
awp,2.5186147412019966
awp,9.171752384348643
ak-47,19.912903430764914
awp,7.447269497507526
awp,0.6099881842798268
ak-47,0.0
awp,12.32959037552039
ak-47,0.0
ak-47,5.372842045009792
ak-47,0.0
awp,0.0
awp,0.0
awp,11.080871576836545
ak-47,0.0
ak-47,68.7718971693559
ak-47,45.884334415760506
awp,3.6418318815020827
ak-47,28.70326172524595
ak-47,0.0
awp,0.0
awp,0.5087131436281158
ak-47,1.8687559604838724
awp,11.890635266092808
ak-47,35.27727778790478
ak-47,25.068073703012924
ak-47,0.0
ak-47,13.579878782847658
ak-47,66.69822106773603
ak-47,13.468769908192952
ak-47,37.483815310001944
ak-47,28.861340720326993
ak-47,6.011438985368229
ak-47,0.0
ak-47,0.0
glock-18,16.802137891401795
glock-18,16.802137891401795
ak-47,0.0
ak-47,0.0
ak-47,0.0
ak-47,0.0
ak-47,0.0
awp,2.57017696370425
ak-47,0.0
awp,11.537235272177906
awp,30.54855980173142
ak-47,0.0
ak-47,0.0
ak-47,0.0
awp,0.0
awp,0.0
awp,0.0
ak-47,0.0
awp,0.0
glock-18,19.31577431322224
awp,0.0
ak-47,0.0
ak-47,0.0
awp,0.0
ak-47,0.0
ak-47,19.950072288574194
ak-47,15.240744152413818
ak-47,33.07546182268934
awp,0.0
ak-47,0.0
ak-47,169.8891675149417
ak-47,0.0
ak-47,24.881501943096925
ak-47,0.0
ak-47,0.0
ak-47,0.0
awp,10.664689735236792
awp,1.8939308401691968
ak-47,0.0
ak-47,30.926801764771298
awp,0.0
ak-47,48.05141492778855
awp,44.4485263186795
awp,0.0
ak-47,50.98259681342099
awp,9.586847056136286
awp,30.169290966575087
awp,8.351808794628203
awp,58.511617575293066
ak-47,0.0
awp,0.0
ak-47,0.0
ak-47,0.0
ak-47,0.0
ak-47,0.0
awp,0.0
awp,0.0
ak-47,0.0
awp,0.0
ak-47,0.0
awp,0.0
ak-47,0.0
awp,0.0
ak-47,0.0
ak-47,0.0
awp,0.0
awp,0.0
awp,0.5472236522538111
ak-47,0.0
ak-47,15.28642176565402
awp,0.7134764519316668
ak-47,3.0294423727148203
ak-47,42.057637820536186
ak-47,0.0
ak-47,49.582985481481806
ak-47,6.728572035775867
ak-47,20.00205846286099
ak-47,18.40971942631036
ak-47,0.0
ak-47,66.49624997620137
ak-47,0.0
ak-47,14.042123304626832
ak-47,0.0
awp,0.0
awp,6.628319906080575
awp,0.0
ak-47,10.541644619933315
ak-47,36.648438
ak-47,39.31436038884748
awp,0.0
ak-47,0.0
ak-47,0.6482487315598852
glock-18,0.0
mac-10,0.0
ak-47,0.0
mac-10,0.0
mac-10,0.0
ak-47,4.5894632090144265
ak-47,0.0
ak-47,0.0
ak-47,0.0
ak-47,0.0
ak-47,0.0
ak-47,0.0
ak-47,0.0
ak-47,0.0
ak-47,0.0
ak-47,60.07816389062257
ak-47,0.0
ak-47,0.0
ak-47,6.961933479462512
ak-47,0.0
ak-47,13.308669678555404
ak-47,0.0
ak-47,0.0
ak-47,0.0
ak-47,0.0
awp,0.0
awp,0.0
awp,0.0
ak-47,0.0
awp,0.0
ak-47,0.0
ak-47,25.172317191258813
glock-18,0.0
glock-18,0.0
ak-47,0.0
ak-47,0.0
ak-47,0.0
ak-47,0.0
ak-47,0.0
ak-47,0.0
ak-47,0.0
ak-47,14.727908141297798
ak-47,0.0
awp,0.0
awp,0.0
ak-47,0.0
mac-10,0.0
ak-47,0.0
ak-47,0.0
ak-47,0.0
ak-47,0.0
ak-47,0.0
ak-47,0.0
ak-47,0.0
ak-47,0.0
ak-47,0.0
ak-47,0.0
ak-47,0.0
ak-47,0.0
ak-47,20.435146761128607
ak-47,0.0
ak-47,0.0
ak-47,0.0
ak-47,0.0
ak-47,17.62299668938881
awp,0.0
ak-47,0.0
ak-47,0.0
awp,0.0
ak-47,0.0
ak-47,0.0
ak-47,0.0
ak-47,0.0
ak-47,0.0
ak-47,0.0
awp,33.99214360951545
ak-47,0.0
ak-47,68.32329661369423
ak-47,0.0
awp,0.0
awp,0.0
ak-47,9.026337749211581
awp,0.0
ak-47,0.0
ak-47,0.0
ak-47,0.0
ak-47,0.0
ak-47,0.0
ak-47,0.0
ak-47,0.0
ak-47,0.0
ak-47,0.0
awp,0.0
ak-47,0.0
ak-47,0.0
awp,0.0
ak-47,0.0
awp,0.0
ak-47,62.203420738958314
awp,0.0
ak-47,0.0
ak-47,72.96592190137783
ak-47,0.0
ak-47,39.81143471915401
ak-47,0.0
ak-47,12.7422958233823
glock-18,0.0
glock-18,23.935026117330747
glock-18,0.0
glock-18,0.0
mac-10,226.18623143517507
mac-10,123.44054782629672
ak-47,1.8164901002152476
mac-10,239.98846407822398
mac-10,16.169567386929963
ak-47,10.694171334618687
ak-47,0.0
awp,11.074149144622535
ak-47,74.3578721974836
ak-47,0.0
awp,16.95389896689514
ak-47,73.1019690482109
ak-47,0.0
awp,0.0
awp,15.647000136807375
awp,6.958728046657952
ak-47,0.0
ak-47,18.493115639334682
ak-47,0.0
ak-47,21.702270227025465
ak-47,0.0
awp,0.0
ak-47,0.0
ak-47,0.0
awp,6.755103966385714
awp,12.933767072268155
awp,15.38533010768573
awp,0.0
awp,0.0
awp,1.0812978344730004
ak-47,49.56167060446479
ak-47,5.663284240497911
awp,12.929664960365562
awp,7.567088395425284
mac-10,0.0
glock-18,110.47036820946585
glock-18,0.0
glock-18,231.7055035121508
glock-18,229.06314757392903
ak-47,0.0
ak-47,91.6584034100512
ak-47,0.0
awp,11.486701156245035
ak-47,0.0
awp,2.973567603564614
ak-47,0.0
mac-10,42.75426936092307
mac-10,71.8563759410166
ak-47,0.0
ak-47,0.0
ak-47,0.0
ak-47,79.95680839514377
ak-47,0.0
mac-10,0.0
mac-10,0.0
ak-47,0.0
ak-47,0.0
ak-47,39.85556141383916
ak-47,11.433036439953518
ak-47,31.92372577845708
ak-47,0.0
ak-47,0.0
ak-47,0.0
awp,0.0
ak-47,0.0
ak-47,0.0
ak-47,0.0
awp,0.0
awp,0.0
ak-47,0.0
ak-47,0.0
ak-47,0.0
ak-47,0.0
ak-47,0.0
awp,0.0
glock-18,0.0
awp,0.8098759013490894
awp,0.0
awp,39.24049769877366
ak-47,31.877719747417974
ak-47,54.17900031178298
ak-47,17.262168509161068
glock-18,0.0
glock-18,72.42778875553932
glock-18,0.0
glock-18,93.7320946442906
mac-10,0.0
mac-10,0.0
ak-47,0.0
mac-10,56.60246663328092
awp,0.0
mac-10,30.266903628498834
mac-10,11.514565814543811
awp,0.0
awp,0.0
awp,0.0
ak-47,0.0
awp,0.0
ak-47,0.0
ak-47,0.0
mac-10,0.0
awp,0.0
mac-10,0.0
glock-18,53.17428348273575
glock-18,0.0
glock-18,81.56843565876508
glock-18,91.89160533990216
ak-47,0.0
mac-10,39.59984048548158
ak-47,56.44217672452351
ak-47,7.933924322014988
ak-47,10.255305189142886
ak-47,17.33129498751712
ak-47,0.0
ak-47,43.33360996772552
ak-47,0.0
ak-47,0.0
ak-47,0.0
ak-47,0.0
ak-47,0.0
ak-47,0.0
ak-47,35.335260620479204
ak-47,0.0
ak-47,0.0
ak-47,54.759314454540515
ak-47,51.95591050614416
glock-18,0.0
awp,0.0
ak-47,0.0
awp,5.985848899109382
awp,9.645992225563164
awp,13.814481207318066
awp,20.353751244683842
ak-47,0.0
ak-47,9.535495025257418
ak-47,0.0
ak-47,0.0
ak-47,0.0
ak-47,80.48646194634614
ak-47,52.093501611585395
ak-47,0.0
mac-10,0.0
ak-47,0.0
ak-47,0.0
ak-47,0.0
awp,0.0
ak-47,0.0
awp,0.0
ak-47,0.0
ak-47,0.0
awp,0.0
awp,0.0
awp,0.0
mac-10,0.0
ak-47,0.0
ak-47,0.0
awp,0.0
ak-47,0.0
awp,31.45836209085287
ak-47,0.0
ak-47,15.935711753812129
awp,0.0
ak-47,0.0
ak-47,0.0
ak-47,0.0
glock-18,0.0
glock-18,0.0
ak-47,0.0
ak-47,0.0
mac-10,0.0
mac-10,0.0
ak-47,0.0
ak-47,0.0
ak-47,0.0
ak-47,0.0
ak-47,42.082424549262086
glock-18,0.0
ak-47,24.788860972077135
ak-47,62.623339992189365
ak-47,0.0
ak-47,9.158240962880372
awp,14.987706002071466
ak-47,0.0
awp,0.0
ak-47,0.0
ak-47,0.0
ak-47,0.0
ak-47,0.0
ak-47,0.0
ak-47,0.0
awp,0.0
awp,0.0
awp,0.0
awp,0.0
ak-47,0.0
ak-47,26.991854039239062
ak-47,15.46500112400982
glock-18,0.0
glock-18,0.0
ak-47,83.61711998093602
ak-47,0.0
ak-47,0.0
ak-47,40.910141421044294
mac-10,151.57960671015
ak-47,28.27772768120699
ak-47,7.965099271288087
ak-47,0.0
ak-47,0.0
ak-47,0.0
awp,0.0
awp,24.65500972581098
ak-47,0.0
awp,0.0
awp,1.515645132598327
awp,0.0
awp,6.573078300252325
awp,0.0
ak-47,0.0
awp,0.0
ak-47,0.0
awp,12.1151048994875
awp,0.0
ak-47,0.0
ak-47,0.0
awp,0.0
ak-47,0.0
ak-47,0.0
ak-47,0.0
ak-47,0.0
ak-47,0.0
ak-47,0.0
ak-47,14.784035950026636
mac-10,0.0
ak-47,27.958039646058626
ak-47,0.0
ak-47,0.0
ak-47,0.0
ak-47,0.0
ak-47,15.098481953261691
glock-18,121.21741577742381
glock-18,113.81380125014205
glock-18,187.02836380854734
glock-18,130.45352793276797
ak-47,126.01769385107383
ak-47,0.0
ak-47,24.45628473994466
mac-10,33.565166701030535
mac-10,72.97457317503218
ak-47,46.726656047724454
glock-18,49.546211422620004
glock-18,62.057334910345645
glock-18,0.0
ak-47,0.0
ak-47,55.74111854672316
ak-47,0.0
ak-47,0.0
ak-47,21.895601863387107
awp,0.0
awp,0.0
ak-47,0.0
ak-47,0.0
ak-47,0.0
ak-47,0.0
ak-47,18.270516346784646
mac-10,65.84964528636311
ak-47,12.352840269573067
ak-47,0.0
ak-47,0.0
ak-47,70.99942403542656
ak-47,0.0
ak-47,0.0
ak-47,2.332812383623681
ak-47,6.5061006527047365
ak-47,0.0
ak-47,21.007098603131276
ak-47,0.0
ak-47,0.0
awp,0.0
ak-47,0.0
ak-47,0.0
awp,0.0
awp,0.0
awp,0.0
ak-47,69.529068600297
ak-47,0.0
ak-47,0.0
ak-47,0.0
ak-47,0.0
ak-47,4.982515343596043
awp,0.0
awp,0.0
glock-18,0.0
glock-18,0.0
glock-18,0.0
glock-18,0.0
mac-10,56.94905475516548
mac-10,36.76980952721905
ak-47,0.0
ak-47,0.0
ak-47,0.0
ak-47,0.0
ak-47,0.0
ak-47,0.0
ak-47,0.0
ak-47,20.064988537420998
ak-47,0.0
ak-47,0.0
ak-47,92.61161086344238
ak-47,57.341716944946256
ak-47,0.0
ak-47,0.0
ak-47,0.0
ak-47,0.0
ak-47,0.0
ak-47,0.0
ak-47,0.0
ak-47,0.0
ak-47,26.110107648663668
awp,41.375578262575374
ak-47,0.0
ak-47,24.03163605021514
ak-47,0.0
ak-47,18.907097754030602
mac-10,0.0
ak-47,0.0
ak-47,0.0
ak-47,17.366872269849168
awp,0.5059499281885511
awp,0.0
ak-47,0.0
ak-47,0.0
ak-47,0.0
ak-47,0.0
ak-47,0.0
ak-47,20.41467888659944
awp,4.1757424690669085
ak-47,0.0
ak-47,0.0
ak-47,0.0
awp,4.028175997543801
ak-47,0.0
ak-47,0.0
glock-18,0.0
glock-18,239.99949759110012
glock-18,0.0
mac-10,0.0
ak-47,47.990055595768595
ak-47,34.18635737131606
awp,0.0
awp,0.0
awp,0.0
awp,0.0
ak-47,7.85879337752215
ak-47,0.0
awp,0.0
ak-47,0.0
awp,0.0
awp,30.331135540944143
ak-47,0.265625
awp,0.0
ak-47,3.522423981170495
awp,0.0
ak-47,0.0
ak-47,0.0
ak-47,0.0
ak-47,0.0
ak-47,0.0
ak-47,0.0
ak-47,0.0
awp,16.593481870921064
ak-47,0.0
glock-18,0.0
glock-18,0.0
mac-10,0.0
ak-47,0.0
ak-47,0.0
ak-47,0.0
ak-47,0.0
awp,0.0
ak-47,0.0
ak-47,0.0
ak-47,0.0
ak-47,23.193190213198896
ak-47,0.0
ak-47,0.0
ak-47,0.0
ak-47,0.0
ak-47,0.0
ak-47,0.0
ak-47,0.0
ak-47,0.0
awp,0.0
ak-47,0.0
ak-47,3.3736662850496937
ak-47,16.70489493281993
ak-47,54.91613134766811
awp,0.0
ak-47,0.0
ak-47,0.0
ak-47,0.0
awp,0.0
ak-47,0.0
ak-47,0.0
ak-47,0.0
awp,0.0
ak-47,0.0
awp,0.0
awp,0.0
awp,0.0
ak-47,1.8233286775984738
ak-47,43.482289352445946
ak-47,0.0
ak-47,0.0
ak-47,0.0
ak-47,0.0
glock-18,0.0
glock-18,105.83624233616689
ak-47,0.0
ak-47,31.42187550963451
ak-47,1.0433491384982305
mac-10,0.0
mac-10,0.0
mac-10,0.0
ak-47,41.56620820434918
mac-10,0.0
ak-47,0.0
ak-47,11.657391448802986
ak-47,1.8922311069887843
ak-47,0.0
ak-47,0.0
awp,0.0
awp,0.6080208897266607
ak-47,0.0
ak-47,0.0
ak-47,0.0
ak-47,18.227105066506557
ak-47,0.0
ak-47,0.0
ak-47,0.0
awp,5.203336144364498
ak-47,0.0
ak-47,13.395209629064862
ak-47,0.0
awp,8.26598799149781
awp,0.0
awp,0.0
ak-47,23.82116199950867
ak-47,0.0
ak-47,0.0
ak-47,37.98287218949389
awp,0.0
awp,0.0
awp,0.0
ak-47,20.309269130551893
ak-47,28.991665683258766
awp,0.0
awp,0.0
ak-47,58.3623953368359
ak-47,38.71249587144544
awp,23.681637989530792
ak-47,0.0
awp,0.0
ak-47,0.0
ak-47,0.0
ak-47,0.0
ak-47,0.0
ak-47,0.0
ak-47,0.0
awp,56.633387051056346
ak-47,0.0
ak-47,0.0
ak-47,0.0
awp,0.0
ak-47,0.0
ak-47,0.0
ak-47,6.278529630362192
ak-47,0.0
ak-47,0.0
ak-47,17.25151749037777
awp,0.0
ak-47,0.0
awp,0.0
awp,0.0
ak-47,29.826476846752183
ak-47,0.0
ak-47,70.14024767692004
awp,0.0
ak-47,0.0
ak-47,27.99302490070612
ak-47,0.0
ak-47,34.542249520260285
ak-47,54.53723975287258
ak-47,0.0
ak-47,23.180882486296895
ak-47,0.0
ak-47,30.682711467674185
ak-47,0.0
ak-47,0.0
ak-47,0.0
ak-47,0.0
ak-47,0.0
ak-47,0.0
ak-47,0.0
ak-47,46.07838926659977
ak-47,84.31084404317394
ak-47,37.49179972731329
ak-47,62.41334031141199
ak-47,35.001514829216234
awp,2.8343879237577907
glock-18,132.65092634463525
glock-18,44.42068168479404
